<?xml version="1.0" encoding="utf-8"?>
<COLLADA xmlns="http://www.collada.org/2005/11/COLLADASchema" version="1.4.1">
  <asset>
    <contributor>
      <author>Blender User</author>
      <authoring_tool>Blender 2.70.0 commit date:2014-03-19, commit time:05:02, hash:19e627c</authoring_tool>
    </contributor>
    <created>2014-07-10T19:49:49</created>
    <modified>2014-07-10T19:49:49</modified>
    <unit name="meter" meter="1"/>
    <up_axis>Z_UP</up_axis>
  </asset>
  <library_lights>
    <light id="EnvironmentAmbientLight-light" name="EnvironmentAmbientLight">
      <technique_common>
        <ambient>
          <color>0 0 0</color>
        </ambient>
      </technique_common>
      <extra>
        <technique profile="blender">
          <adapt_thresh>0.000999987</adapt_thresh>
          <area_shape>0</area_shape>
          <area_size>0.1</area_size>
          <area_sizey>0.1</area_sizey>
          <area_sizez>0.1</area_sizez>
          <atm_distance_factor>1</atm_distance_factor>
          <atm_extinction_factor>1</atm_extinction_factor>
          <atm_turbidity>2</atm_turbidity>
          <att1>0</att1>
          <att2>1</att2>
          <backscattered_light>1</backscattered_light>
          <bias>1</bias>
          <blue>0</blue>
          <buffers>1</buffers>
          <bufflag>0</bufflag>
          <bufsize>512</bufsize>
          <buftype>2</buftype>
          <clipend>40</clipend>
          <clipsta>0.5</clipsta>
          <compressthresh>0.04999995</compressthresh>
          <dist sid="blender_dist">2500</dist>
          <energy sid="blender_energy">1</energy>
          <falloff_type>2</falloff_type>
          <filtertype>0</filtertype>
          <flag>0</flag>
          <gamma sid="blender_gamma">1</gamma>
          <green>0</green>
          <halo_intensity sid="blnder_halo_intensity">1</halo_intensity>
          <horizon_brightness>1</horizon_brightness>
          <mode>1</mode>
          <ray_samp>1</ray_samp>
          <ray_samp_method>1</ray_samp_method>
          <ray_samp_type>0</ray_samp_type>
          <ray_sampy>1</ray_sampy>
          <ray_sampz>1</ray_sampz>
          <red>0</red>
          <samp>3</samp>
          <shadhalostep>0</shadhalostep>
          <shadow_b sid="blender_shadow_b">0</shadow_b>
          <shadow_g sid="blender_shadow_g">0</shadow_g>
          <shadow_r sid="blender_shadow_r">0</shadow_r>
          <sky_colorspace>2</sky_colorspace>
          <sky_exposure>1</sky_exposure>
          <skyblendfac>1</skyblendfac>
          <skyblendtype>1</skyblendtype>
          <soft>3</soft>
          <spotblend>0.15</spotblend>
          <spotsize>45</spotsize>
          <spread>1</spread>
          <sun_brightness>1</sun_brightness>
          <sun_effect_type>0</sun_effect_type>
          <sun_intensity>1</sun_intensity>
          <sun_size>1</sun_size>
          <type>3</type>
        </technique>
      </extra>
    </light>
  </library_lights>
  <library_images/>
  <library_effects>
    <effect id="ind_apt_trim-effect">
      <profile_COMMON>
        <technique sid="common">
          <blinn>
            <emission>
              <color sid="emission">0 0 0 1</color>
            </emission>
            <ambient>
              <color sid="ambient">0 0 0 1</color>
            </ambient>
            <diffuse>
              <color sid="diffuse">0.4704 0.4704 0.4704 1</color>
            </diffuse>
            <specular>
              <color sid="specular">9 9 9 1</color>
            </specular>
            <shininess>
              <float sid="shininess">50</float>
            </shininess>
            <index_of_refraction>
              <float sid="index_of_refraction">1</float>
            </index_of_refraction>
          </blinn>
        </technique>
      </profile_COMMON>
    </effect>
    <effect id="ind_apt_roof-effect">
      <profile_COMMON>
        <technique sid="common">
          <blinn>
            <emission>
              <color sid="emission">0 0 0 1</color>
            </emission>
            <ambient>
              <color sid="ambient">0 0 0 1</color>
            </ambient>
            <diffuse>
              <color sid="diffuse">0.4704 0.4704 0.4704 1</color>
            </diffuse>
            <specular>
              <color sid="specular">9 9 9 1</color>
            </specular>
            <shininess>
              <float sid="shininess">50</float>
            </shininess>
            <index_of_refraction>
              <float sid="index_of_refraction">1</float>
            </index_of_refraction>
          </blinn>
        </technique>
      </profile_COMMON>
    </effect>
    <effect id="ind_apt_concrete-effect">
      <profile_COMMON>
        <technique sid="common">
          <blinn>
            <emission>
              <color sid="emission">0 0 0 1</color>
            </emission>
            <ambient>
              <color sid="ambient">0 0 0 1</color>
            </ambient>
            <diffuse>
              <color sid="diffuse">0.4704 0.4704 0.4704 1</color>
            </diffuse>
            <specular>
              <color sid="specular">9 9 9 1</color>
            </specular>
            <shininess>
              <float sid="shininess">50</float>
            </shininess>
            <index_of_refraction>
              <float sid="index_of_refraction">1</float>
            </index_of_refraction>
          </blinn>
        </technique>
      </profile_COMMON>
    </effect>
    <effect id="ind_apt_siding-effect">
      <profile_COMMON>
        <technique sid="common">
          <blinn>
            <emission>
              <color sid="emission">0 0 0 1</color>
            </emission>
            <ambient>
              <color sid="ambient">0 0 0 1</color>
            </ambient>
            <diffuse>
              <color sid="diffuse">0.4704 0.4704 0.4704 1</color>
            </diffuse>
            <specular>
              <color sid="specular">9 9 9 1</color>
            </specular>
            <shininess>
              <float sid="shininess">50</float>
            </shininess>
            <index_of_refraction>
              <float sid="index_of_refraction">1</float>
            </index_of_refraction>
          </blinn>
        </technique>
      </profile_COMMON>
    </effect>
  </library_effects>
  <library_materials>
    <material id="ind_apt_trim-material" name="ind_apt_trim">
      <instance_effect url="#ind_apt_trim-effect"/>
    </material>
    <material id="ind_apt_roof-material" name="ind_apt_roof">
      <instance_effect url="#ind_apt_roof-effect"/>
    </material>
    <material id="ind_apt_concrete-material" name="ind_apt_concrete">
      <instance_effect url="#ind_apt_concrete-effect"/>
    </material>
    <material id="ind_apt_siding-material" name="ind_apt_siding">
      <instance_effect url="#ind_apt_siding-effect"/>
    </material>
  </library_materials>
  <library_geometries>
    <geometry id="ind_apt_carport_01a1200-mesh" name="ind_apt_carport_01a1200">
      <mesh>
        <source id="ind_apt_carport_01a1200-mesh-positions">
          <float_array id="ind_apt_carport_01a1200-mesh-positions-array" count="1251">-535.9062 -510.301 259.2282 -539.0037 -507.646 260.1802 -535.9062 -510.301 278.0512 -539.0038 -507.6461 279.0032 -258.5 -492 265.4355 -258.5 -491.9999 239.1891 -269.5001 -492 265.4356 -269.5001 -491.9999 239.1891 -258.7523 -364.3501 262.81 -258.7523 -364.3501 241.81 -258.7523 -322.3501 241.8101 -258.7523 -322.3501 262.8101 0 -504.001 -2.47955e-5 -528 -566.1021 -15.76887 0 -566.1019 -15.76896 -528.0001 -708.7838 -104.9999 -528 -532.7446 -3.335709 -539 -504 -6.685616 -528 -504.001 6.86646e-5 -539 -530.215 -9.403023 -539.0001 -504 -104.9999 -539.0001 -694.926 -104.9999 -539 -561.8128 -21.07568 -517.11 -504.001 6.10352e-5 -517.11 -566.1021 -15.76887 -517.11 -708.7838 -104.9999 -517.11 -532.7446 -3.335705 -258.5 0 265.4355 -269.5 0 265.4355 -527.9999 -504.0009 261.2263 -538.9999 -504.001 -104.9999 -538.9999 -504.0009 261.2263 -516.9999 -364.35 262.8102 -516.9999 -364.35 241.8102 -269.4065 -364.35 241.8101 -269.4064 -364.35 262.8101 -516.9999 -322.35 241.8102 -269.4064 -322.35 241.8101 -516.9999 -322.35 262.8102 -269.4064 -322.35 262.8101 -516.9998 -492 265.4356 -516.9998 -491.9999 239.1891 -516.9999 0 265.4355 -527.9998 -492 265.4356 -527.9998 -491.9999 239.1891 -527.9999 0 265.4355 -535.9062 510.301 259.2282 -535.9062 510.301 278.0512 -539.0011 0 410.2192 -539.0037 507.646 260.1802 -539.0038 507.6461 279.0032 -539.0023 0 429.0422 -258.5 492 265.4355 -258.5 491.9999 239.1891 -258.5 0 239.189 -269.5001 492 265.4356 -269.5001 491.9999 239.1891 -269.5 0 239.189 0 504.001 -2.47955e-5 -528.0001 0 8.97168e-5 -517.11 504.001 6.10352e-5 -258.7523 364.3501 262.81 -258.7523 364.3501 241.81 -258.7523 322.3501 241.8101 -258.7523 322.3501 262.8101 -517.11 532.7446 -3.335705 0 532.7445 -3.3358 -517.11 566.1021 -15.76887 -517.11 708.7838 -104.9999 0 566.1019 -15.76896 -539.0001 694.926 -104.9999 -539 561.8128 -21.07568 -539.0001 504 -104.9999 -539 530.215 -9.403023 -539 504 -6.685616 -528 532.7446 -3.335709 -528 504.001 6.86646e-5 -528.0001 708.7838 -104.9999 -528 566.1021 -15.76887 -528.0001 0 410.2192 -527.9999 504.0009 261.2263 -538.9999 504.001 -104.9999 -538.9999 504.0009 261.2263 -539.0001 0 -104.9999 -516.9999 364.35 262.8102 -516.9999 364.35 241.8102 -269.4065 364.35 241.8101 -269.4064 364.35 262.8101 -516.9999 322.35 241.8102 -269.4064 322.35 241.8101 -516.9999 322.35 262.8102 -269.4064 322.35 262.8101 -516.9998 492 265.4356 -516.9998 491.9999 239.1891 -516.9998 0 239.1891 -527.9998 492 265.4356 -527.9998 491.9999 239.1891 -527.9999 0 239.1891 -5.96046e-7 -4.715e-7 407.5223 535.9062 -510.301 259.2282 0 -510.301 259.2281 0 -510.301 278.0511 535.9062 -510.301 278.0512 539.0011 0 410.2192 539.0037 -507.646 260.1802 539.0038 -507.6461 279.0032 539.0023 0 429.0422 0 -507.6461 279.0031 -4.76837e-7 -4.71508e-7 426.3453 258.5 -492 265.4355 258.5 -491.9999 239.1891 258.5 0 239.189 258.5 0 265.4355 269.5001 -492 265.4356 269.5001 -491.9999 239.1891 269.5 0 265.4355 269.5 0 239.189 0 0 -1.83589e-6 528.0001 0 8.97168e-5 517.11 -504.001 6.10352e-5 258.7523 -364.3501 262.81 258.7523 -364.3501 241.81 0 -364.3501 241.8099 0 -364.3501 262.8099 258.7523 -322.3501 241.8101 0 -322.3501 241.8099 258.7523 -322.3501 262.8101 0 -322.3501 262.8099 517.11 -532.7446 -3.335705 0 -532.7445 -3.3358 517.11 -566.1021 -15.76887 517.11 -708.7838 -104.9999 0 -708.7838 -105 539.0001 -694.926 -104.9999 539 -561.8128 -21.07568 539.0001 -504 -104.9999 539 -530.215 -9.403023 539 -504 -6.685616 528 -532.7446 -3.335709 528 -504.001 6.86646e-5 528.0001 -708.7838 -104.9999 528 -566.1021 -15.76887 0 -507.6461 260.1801 528.0001 0 410.2192 527.9999 -504.0009 261.2263 538.9999 -504.001 -104.9999 538.9999 -504.0009 261.2263 539.0001 0 -104.9999 516.9999 -364.35 262.8102 516.9999 -364.35 241.8102 269.4065 -364.35 241.8101 269.4064 -364.35 262.8101 516.9999 -322.35 241.8102 269.4064 -322.35 241.8101 516.9999 -322.35 262.8102 269.4064 -322.35 262.8101 516.9998 -492 265.4356 516.9998 -491.9999 239.1891 516.9998 0 239.1891 516.9999 0 265.4355 527.9998 -492 265.4356 527.9998 -491.9999 239.1891 527.9999 0 265.4355 527.9999 0 239.1891 535.9062 510.301 259.2282 535.9062 510.301 278.0512 0 510.301 278.0511 0 510.301 259.2281 539.0038 507.6461 279.0032 539.0037 507.646 260.1802 0 507.6461 279.0031 258.5 492 265.4355 258.5 491.9999 239.1891 269.5001 491.9999 239.1891 269.5001 492 265.4356 517.11 504.001 6.10352e-5 258.7523 364.3501 262.81 0 364.3501 262.8099 0 364.3501 241.8099 258.7523 364.3501 241.81 0 322.3501 241.8099 258.7523 322.3501 241.8101 0 322.3501 262.8099 258.7523 322.3501 262.8101 517.11 532.7446 -3.335705 517.11 566.1021 -15.76887 0 708.7838 -105 517.11 708.7838 -104.9999 539.0001 694.926 -104.9999 539.0001 504 -104.9999 539 561.8128 -21.07568 539 530.215 -9.403023 539 504 -6.685616 528 532.7446 -3.335709 528 504.001 6.86646e-5 528.0001 708.7838 -104.9999 528 566.1021 -15.76887 0 507.6461 260.1801 527.9999 504.0009 261.2263 538.9999 504.001 -104.9999 538.9999 504.0009 261.2263 516.9999 364.35 262.8102 269.4064 364.35 262.8101 269.4065 364.35 241.8101 516.9999 364.35 241.8102 269.4064 322.35 241.8101 516.9999 322.35 241.8102 269.4064 322.35 262.8101 516.9999 322.35 262.8102 516.9998 492 265.4356 516.9998 491.9999 239.1891 527.9998 491.9999 239.1891 527.9998 492 265.4356 -517.0001 -5.249946 1.36172e-4 -517.0001 5.250056 1.28542e-4 -516.9999 5.250056 239.1902 -516.9999 -5.249946 239.1902 -528.0001 5.250055 1.38095e-4 -527.9999 -5.249945 239.1902 -528.0001 -5.249945 1.38095e-4 -527.9999 5.250055 239.1902 5.500077 -492.0001 265.4355 5.500072 -492 239.189 5.500134 492 239.1889 5.500107 491.9999 265.4354 -5.499984 -492.0001 265.4355 -5.499989 -492 239.189 -5.499928 492 239.1889 -5.499954 491.9999 265.4354 5.499954 -5.249978 -9.61643e-7 5.499954 5.250024 -9.61643e-7 5.500118 5.250023 236.1979 5.500118 -5.249979 236.1979 -5.500046 5.250022 9.61659e-7 -5.499943 5.250021 236.1979 -5.499943 -5.249979 236.1979 -5.500046 -5.249978 9.61659e-7 5.500103 2.99944e-5 236.1968 5.500092 -9.21867e-5 261.5985 -5.499959 2.99944e-5 236.1968 -5.499969 -9.21867e-5 261.5985 528 -5.250012 -1.38095e-4 528 5.24999 -1.45724e-4 528.0001 5.24999 239.1899 528.0001 -5.250012 239.1899 517 5.249987 -1.36172e-4 517.0001 5.249987 239.1899 517.0001 -5.250013 239.1899 517 -5.250013 -1.36172e-4 6.352485 6.601678 79.73001 7.621716 5.250024 159.46 7.621716 -5.249978 159.46 6.352485 -3.898324 79.73003 -4.647535 6.601676 79.73001 -3.378325 5.250021 159.46 -3.378325 -5.249979 159.46 -4.647535 -3.898324 79.73003 -258.5 -5.249927 265.4326 -258.5 5.250075 265.4326 -269.5 5.250072 265.4326 -269.5 -5.249928 265.4326 6.352531 6.601713 346.0073 7.621762 5.250059 423.0406 7.621762 -5.249943 423.0406 6.352531 -3.898289 346.0073 -4.647489 6.601711 346.0073 -3.378279 5.250056 423.0406 -3.378279 -5.249944 423.0406 -4.647489 -3.898289 346.0073 269.5 -5.24996 265.4324 269.5 5.250042 265.4324 258.5 5.250039 265.4324 258.5 -5.249961 265.4324 5.5 -5.249943 262.4404 5.5 5.250059 262.4404 -5.5 5.250057 262.4404 -5.5 -5.249943 262.4404 -258.5 5.250075 345.4442 -258.4999 5.250073 414.4328 -258.4999 -5.249929 414.4328 -258.5 -5.249927 345.4442 -269.5 5.250072 345.4442 -269.5 5.25007 414.4328 -269.5 -5.24993 414.4328 -269.5 -5.249928 345.4442 269.5 5.250042 345.444 269.5 5.25004 414.4326 269.5 -5.249962 414.4326 269.5 -5.24996 345.444 258.5 5.250039 345.4441 258.5 5.250037 414.4326 258.5 -5.249963 414.4326 258.5 -5.249961 345.444 -258.7522 -21.00003 262.81 -258.7522 -21.00003 241.8101 -258.7522 20.99997 241.8101 -258.7522 20.99997 262.8101 8.73897e-5 -21.00004 259.8178 6.84591e-5 -21.00004 238.8178 8.75326e-5 20.99996 238.8178 9.12044e-5 20.99996 259.8178 258.7562 20.99997 262.81 258.7561 20.99996 241.81 0.003886938 20.99993 238.8178 0.003890633 20.99994 259.8178 258.7561 -21.00004 241.81 0.003886938 -21.00007 238.8178 258.7562 -21.00003 262.8101 0.003890633 -21.00006 259.8178 9.999976 -504.001 -1.70072e-5 10.00008 -504.0009 261.2263 9.999964 -403.2008 -1.70072e-5 10.00006 -403.2007 291.0248 -9.999987 -403.2007 291.0248 -9.999967 -504.0009 261.2263 -10.00007 -504.001 -1.35103e-5 -10.00009 -403.2008 -2.87691e-5 10.00006 403.2007 291.0248 10.00008 504.0009 261.2263 9.999976 504.001 -1.70072e-5 9.999964 403.2008 -1.70072e-5 -9.999987 403.2007 291.0248 -10.00009 403.2008 -2.87691e-5 -10.00007 504.001 -1.35103e-5 -9.999967 504.0009 261.2263 -516.9999 -21.00002 262.8101 -516.9999 -21.00002 241.8101 -269.4064 -21.00002 241.81 -269.4063 -21.00002 262.8101 -516.9999 20.99998 241.8102 -269.4064 20.99998 241.81 -516.9999 20.99998 262.8102 -269.4063 20.99998 262.81 269.4033 -21.00006 262.8099 269.4033 -21.00006 241.81 516.9969 -21.00007 241.8099 516.997 -21.00007 262.8099 269.4033 20.99994 241.81 516.997 20.99993 241.8099 269.4033 20.99994 262.81 516.997 20.99993 262.8099 528.0001 5.250025 345.444 528.0001 5.250025 425.4556 528.0001 -5.249977 425.4556 528.0001 -5.249977 345.444 517.0001 5.250021 345.444 517.0001 5.250021 425.4556 517.0001 -5.249979 425.4556 517.0001 -5.249979 345.444 528 -5.249976 265.4324 528 5.250026 265.4324 517 5.250022 265.4324 517 -5.249978 265.4324 -516.9999 5.250091 345.4442 -516.9999 5.250091 425.4558 -516.9999 -5.249911 425.4558 -516.9999 -5.249911 345.4442 -527.9999 5.250088 345.4442 -527.9999 5.250088 425.4558 -527.9999 -5.249912 425.4558 -527.9999 -5.249912 345.4442 -517 -5.249909 265.4326 -517 5.250093 265.4326 -528 5.250089 265.4326 -528 -5.249911 265.4326 -539.0011 0 410.2192 539.0011 0 410.2192 -401.9296 -510.301 256.1168 -267.953 -510.301 254.068 -133.9766 -510.301 256.7984 -133.9766 -510.301 275.6213 -267.9531 -510.301 272.8909 -401.9297 -510.301 274.9398 -404.2528 -507.6461 275.8918 -269.5019 -507.6461 273.843 -134.7509 -507.6461 276.5733 -134.7509 -507.646 257.7503 -269.5018 -507.6461 255.02 -404.2528 -507.646 257.0688 -133.9765 510.3011 255.1943 -267.9531 510.301 254.068 -401.9296 510.301 256.1168 -401.9297 510.301 274.9398 -267.9531 510.301 272.891 -133.9766 510.3011 274.0173 -134.7509 507.6461 274.9693 -269.5019 507.6461 273.843 -404.2528 507.6461 275.8918 -404.2528 507.6461 257.0688 -269.5019 507.6461 255.02 -134.7509 507.6461 256.1463 133.9766 -510.301 258.4488 267.9533 -510.3008 256.4629 401.9297 -510.3009 256.3821 401.9297 -510.3009 275.205 267.9531 -510.3008 275.2859 133.9766 -510.301 277.2718 134.751 -507.6461 278.2238 269.5019 -507.6459 276.2379 404.2528 -507.646 276.157 404.2529 -507.646 257.334 269.5021 -507.6458 257.4149 134.7509 -507.6461 259.4008 133.9766 510.301 276.1989 267.9531 510.3012 274.213 401.9297 510.3011 275.205 401.9296 510.301 256.382 267.9531 510.3011 255.39 133.9766 510.301 257.3759 404.2528 507.6461 276.157 269.5019 507.6462 275.165 134.751 507.6461 277.1509 134.7509 507.6461 258.3279 269.5018 507.6462 256.342 404.2528 507.6461 257.334 -264.3246 -7.13761e-7 424.9598 289.2619 1.100056 424.9999</float_array>
          <technique_common>
            <accessor source="#ind_apt_carport_01a1200-mesh-positions-array" count="417" stride="3">
              <param name="X" type="float"/>
              <param name="Y" type="float"/>
              <param name="Z" type="float"/>
            </accessor>
          </technique_common>
        </source>
        <source id="ind_apt_carport_01a1200-mesh-normals">
          <float_array id="ind_apt_carport_01a1200-mesh-normals-array" count="1653">0 -1 0 0 -1 0 -1 6.96647e-6 -6.48515e-6 -1 2.12149e-5 -6.16091e-5 -0.6507945 -0.7592539 0 -0.6507722 -0.7592731 -6.68237e-6 1 0 0 1 0 0 0 -1 -4.65093e-6 0 -1 -4.65091e-6 0 2.4811e-7 1 1.10972e-5 0 1 -1 1.86083e-7 0 -1 1.86083e-7 0 0 -1 0 0 -1 0 -7.66618e-7 2.17983e-6 -1 -4.12795e-7 0 -1 0 1 0 0 1 0 3.53824e-7 -2.17983e-6 1 7.07648e-7 0 1 0 -1.55069e-7 -1 0 -1.55069e-7 -1 0 -1 0 0 -1 0 -4.31399e-7 0 -1 -4.31399e-7 0 -1 0 1 0 0 1 0 3.6977e-7 0 1 3.6977e-7 0 1 1 0 2.32547e-6 1 1.24055e-7 0 0 -1 -4.65091e-6 0 -1 -4.65091e-6 0 2.4811e-7 1 0 2.4811e-7 1 -1 -1.24055e-7 0 -1 -1.24055e-7 0 0 0 -1 0 0 -1 0 1 0 0 1 0 -1 -2.12149e-5 -6.16091e-5 -1 -6.96647e-6 -6.48515e-6 -0.6507722 0.7592731 -6.68237e-6 -0.6507945 0.7592539 0 1 0 0 1 0 0 0 1 -4.65091e-6 0 1 -4.65093e-6 1.10972e-5 0 1 0 -2.4811e-7 1 -1 -1.86083e-7 0 -1 -1.86083e-7 0 0 1 0 0 1 0 -4.12795e-7 0 -1 -7.66618e-7 -2.17983e-6 -1 0 -1 0 0 -1 0 7.07648e-7 0 1 3.53824e-7 2.17983e-6 1 0 1.55069e-7 -1 0 1.55069e-7 -1 0 1 0 0 1 0 -4.31399e-7 0 -1 -4.31399e-7 0 -1 0 -1 0 0 -1 0 3.6977e-7 0 1 3.6977e-7 0 1 1 -1.24055e-7 0 1 0 2.32547e-6 0 1 -4.65091e-6 0 1 -4.65091e-6 0 -2.4811e-7 1 0 -2.4811e-7 1 -1 1.24055e-7 0 -1 1.24055e-7 0 0 0 -1 0 0 -1 -6.8335e-7 -1 0 -6.83349e-7 -1 0 1 2.12149e-5 -6.16091e-5 1 6.96647e-6 -6.48515e-6 0.6507722 -0.7592731 -6.68237e-6 0.6507945 -0.7592539 0 -1 0 0 -1 0 0 0 -1 -4.65091e-6 0 -1 -4.65093e-6 -1.10972e-5 0 1 0 2.4811e-7 1 1 1.86083e-7 0 1 1.86083e-7 0 0 -1 0 0 -1 0 4.12795e-7 0 -1 7.66618e-7 2.17983e-6 -1 0 1 0 0 1 0 -7.07648e-7 0 1 -3.53824e-7 -2.17983e-6 1 0 -1.55069e-7 -1 0 -1.55069e-7 -1 0 -1 0 0 -1 0 4.31399e-7 0 -1 4.31399e-7 0 -1 0 1 0 0 1 0 -3.6977e-7 0 1 -3.6977e-7 0 1 -1 1.24055e-7 0 -1 0 2.32547e-6 0 -1 -4.65091e-6 0 -1 -4.65091e-6 0 2.4811e-7 1 0 2.4811e-7 1 1 -1.24055e-7 0 1 -1.24055e-7 0 0 0 -1 0 0 -1 7.19362e-7 1 -4.86387e-6 4.79576e-7 1 -3.24259e-6 1 -6.96647e-6 -6.48515e-6 1 -2.12149e-5 -6.16091e-5 0.6507945 0.7592539 0 0.6507722 0.7592731 -6.68237e-6 -1 0 0 -1 0 0 0 1 -4.65093e-6 0 1 -4.65091e-6 0 -2.4811e-7 1 -1.10972e-5 0 1 1 -1.86083e-7 0 1 -1.86083e-7 0 0 1 0 0 1 0 7.66618e-7 -2.17983e-6 -1 4.12795e-7 0 -1 0 -1 0 0 -1 0 -3.53824e-7 2.17983e-6 1 -7.07648e-7 0 1 0 1.55069e-7 -1 0 1.55069e-7 -1 0 1 0 0 1 0 4.31399e-7 0 -1 4.31399e-7 0 -1 0 -1 0 0 -1 0 -3.6977e-7 0 1 -3.6977e-7 0 1 -1 0 2.32547e-6 -1 -1.24055e-7 0 0 1 -4.65091e-6 0 1 -4.65091e-6 0 -2.4811e-7 1 0 -2.4811e-7 1 1 1.24055e-7 0 1 1.24055e-7 0 0 0 -1 0 0 -1 1 0 -7.65523e-7 1 0 -7.65523e-7 0 1 0 0 1 0 0 -1 0 0 -1 0 -1 0 7.65523e-7 -1 0 7.65523e-7 1 0 4.31753e-7 1 0 -1.81677e-7 0 -1 -3.48819e-6 0 -1 -3.48819e-6 0.7057405 0 -0.7084567 -0.70571 0 -0.7084567 -0.5776544 0.5789361 -0.5754265 0.5776544 0.5789361 -0.5754265 0.7088534 0 0.7053133 -0.7088534 0 0.7053133 -0.5769219 -0.5752739 0.5797907 0.5769219 -0.5752739 0.5797907 -1 0 -3.94209e-7 -1 0 1.99844e-7 0.7137974 0.7002472 0.01004058 0.7100437 -0.7040925 -0.001739501 0.7102878 -0.7038179 -0.009521722 0.7026582 0.7114475 -0.009247064 -0.7038179 0.7102878 0.009247064 -0.704062 0.7101047 0.001922607 -0.7001861 -0.7138584 -0.01019316 -0.7114475 -0.7026582 0.00955224 0 1 4.65092e-6 0 1 4.65092e-6 1 0 1.03556e-6 1 0 4.31753e-7 0.5776544 -0.5789361 -0.5754265 -0.5776544 -0.5789361 -0.5754265 0.5769219 0.5752739 0.5797907 -0.5769219 0.5752739 0.5797907 -1 0 -9.9922e-7 -1 0 -3.94209e-7 1 0 -2.55174e-7 1 0 -2.55174e-7 -2.60093e-7 1 0 -2.60093e-7 1 0 0 -1 0 0 -1 0 -1 0 2.55174e-7 -1 0 2.55174e-7 0.700644 0.7132176 0.01934874 0.700644 -0.7132176 0.01934874 0.9999429 0 -0.01069205 0.9999428 0 -0.01069205 0.7083957 0.7055269 -0.01953184 -0.7133091 0.7008271 -0.004242062 -0.713065 0.7007966 -0.01971495 -0.713065 -0.7007966 -0.01971495 -0.7055574 -0.7083346 0.01953184 0.7008576 -0.7132481 0.004577755 -0.9999429 0 0.01069182 -0.9999428 0 0.01069182 1 0 -1.32707e-6 1 0 -1.32707e-6 -2.60093e-7 1 0 -2.60091e-7 1 0 0 -1 0 0 -1 0 -1 0 0 -1 0 0 0.9998642 0 -0.01647412 0.9998642 0 -0.01647412 0.7025361 0.711539 -0.008758783 -0.7039704 0.7101352 0.009765923 -0.7071444 0.7066561 0.02404856 0.714713 0.6993927 4.88296e-4 0.7066561 -0.7071139 -0.02404856 -0.6993927 -0.714713 -0.00100708 -0.711539 -0.7025361 0.009094476 0.7101352 -0.7039704 -0.01004058 -0.9998643 0 0.01647388 -0.9998643 0 0.01647388 1 0 0 1 0 0 -2.60093e-7 1 0 -2.60093e-7 1 0 0 -1 0 0 -1 0 -1 0 0 -1 0 0 0.999948 0 -0.01020121 0.999948 0 -0.01020121 0.7083346 0.7056185 -0.01861625 -0.7130039 0.7011017 -0.004058957 -0.705649 -0.7083041 0.01864677 0.7011322 -0.7129734 0.004364132 -0.999948 0 0.01020097 -0.999948 0 0.01020097 1 0 0 1 0 0 -2.60093e-7 1 0 -2.60093e-7 1 0 0 -1 0 0 -1 0 -1 0 0 -1 0 0 1 0 0 1 0 0 -2.60093e-7 1 0 -2.60093e-7 1 0 0 -1 0 0 -1 0 -1 0 0 -1 0 0 0 -1 0 0 -1 0 -0.01156353 0 -0.9999332 -0.01156353 0 -0.9999332 0 1 0 0 1 0 0.01156324 -2.17968e-6 0.9999332 0.01156359 0 0.9999332 0 1 -4.5413e-7 0 1 -4.54131e-7 0.01156318 0 -0.9999331 0.01156318 0 -0.9999331 0 -1 5.44954e-7 0 -1 4.54131e-7 -0.01156324 2.17968e-6 0.9999332 -0.01156359 0 0.9999332 0 -1 0 0 -1 0 -8.01169e-7 2.54313e-6 -1 -3.6977e-7 0 -1 0 1 0 0 1 0 0 -2.17983e-6 1 7.3954e-7 2.17983e-6 1 0 -1 0 0 -1 0 -4.31398e-7 0 -1 -4.31399e-7 0 -1 0 1 0 0 1 0 0 -2.17983e-6 1 3.6977e-7 0 1 1 0 0 1 0 0 -3.46791e-7 1 0 -3.46791e-7 1 0 1.73395e-7 -1 0 1.73395e-7 -1 0 -1 0 0 -1 0 0 1 0 -7.62829e-7 1 0 -7.62829e-7 -3.46791e-7 1 0 -3.46791e-7 1 0 1.73395e-7 -1 0 1.73395e-7 -1 0 -1 0 7.62829e-7 -1 0 7.62829e-7 1 0 0 1 0 0 -2.60093e-7 1 0 -2.60093e-7 1 0 0 -1 0 0 -1 0 -1 0 0 -1 0 0 1 0 -1.52566e-6 1 0 -1.52566e-6 -3.46791e-7 1 0 -2.60093e-7 1 0 1.73395e-7 -1 0 0 -1 0 -1 0 1.52566e-6 -1 0 1.52566e-6 0 -1 0 0 -1 0 0 -1 0 0 -1 0 0 -1 0 0 -1 0 4.55566e-7 1 0 4.55566e-7 1 0 -4.55566e-7 1 0 -4.55566e-7 1 0 0 1 0 0 1 0 0 -1 0 0 -1 0 1.82226e-6 -1 0 1.82226e-6 -1 0 -1.13892e-6 -1 0 -1.13892e-6 -1 0 0 1 0 0 1 0 -1.13892e-6 1 0 -5.27662e-7 1 -4.86387e-6 0 1 0 5.24451e-7 1 -3.24259e-6 -0.005828976 -0.3082064 0.9512619 -0.001281738 4.57778e-4 0.9999695 -0.01840263 -0.3104648 0.9503769 0.001373291 -0.3096103 0.9508347 -0.004608273 -0.8220466 0.5693839 -0.01089507 -0.8189642 0.5737175 0.006683528 -0.5694754 -0.821955 -0.001342773 0.3103122 -0.9506211 0.01840263 0.3104343 -0.9504075 0.01556444 -0.5738396 -0.8188116 -1.52593e-4 0.8198493 0.5725272 0.00527966 0.3095187 0.9508652 -0.01647996 0.3118686 0.9499496 -0.01193273 0.821131 0.5705741 0.007690608 -0.3081759 -0.9512925 0.001068115 -6.1037e-4 -0.9999695 0.01647996 -0.3118991 -0.9499496 -0.00527966 -0.3102207 -0.9506211 2.44148e-4 0.5725578 -0.8198187 0.01718187 0.5706961 -0.8209479 0.005828976 0.3082064 -0.9512619 -0.007690608 0.3081759 0.9512925 0.01046782 -0.3089999 0.9509873 0.005645871 -0.8204596 0.5716727 0.00439465 -0.3112277 0.9503159 0.005462765 -0.8176825 0.5755791 -0.01046782 0.3089999 -0.9509873 -0.00439465 0.3120213 -0.9500412 -0.008117914 -0.5717033 -0.8203986 -0.007782161 -0.5756096 -0.8176519 0.01361125 0.309946 0.9506211 5.79852e-4 0.3104038 0.9505906 0.004089474 0.8207343 0.571276 0.008148431 0.8187201 0.5741142 -0.01361125 -0.309946 -0.9506516 -0.005890071 0.571276 -0.8207038 -5.49333e-4 -0.3110141 -0.9503769 -0.01159703 0.5741752 -0.8186285 0.01879936 -0.3032929 0.9526963 -0.6937468 -0.4388867 0.5710013 -0.2502823 -0.821833 0.5117954 0.01010161 -0.8145085 0.5800043 -0.003570616 -0.8156988 0.5784173 -0.2999664 -0.6006348 -0.7410809 -0.7350383 -0.2022767 -0.6471145 -0.01879936 0.3032929 -0.9526963 -0.01425212 -0.5801264 -0.8143864 0.005035519 -0.5784783 -0.8156682 -0.2502823 0.8218024 0.5117954 -0.6937468 0.4388867 0.5710013 0.01879936 0.3032929 0.9526963 0.01010161 0.814539 0.5800043 -0.004730343 0.8139897 0.5808283 -0.01879936 -0.3032929 -0.9526963 -0.7350383 0.2022767 -0.6471145 -0.2999664 0.6006348 -0.7410809 -0.01419109 0.5800958 -0.8143864 0.00665301 0.5809503 -0.8138676 0.2509842 -0.8222907 0.5106967 0.6942656 -0.4388867 0.5703909 -0.01123076 -0.3064669 0.9518113 -0.00314337 -0.8184149 0.574572 0.01123076 0.3064364 -0.9518113 0.73455 -0.202063 -0.6477249 0.2991424 -0.5998413 -0.7420576 0.00451672 -0.5746025 -0.8183844 -0.01449626 0.305063 0.9522081 0.6942656 0.4388867 0.5703909 0.2509842 0.8222907 0.5106967 -0.006469905 0.8164312 0.5773492 0.2991424 0.5998413 -0.7420576 0.73455 0.202063 -0.6477249 0.01449626 -0.305063 -0.9522081 0.009155511 0.5773797 -0.8164007 -0.006012141 0.002288877 0.9999695 0.004730343 0 0.9999695 -0.6425672 0 0.7661977 0.6428419 1.22074e-4 0.7659536 0.7791376 -3.35704e-4 -0.6267892 -0.7798089 0 -0.6259651 0 0 0.9999695 0.7070834 0 0.7070834 0 -0.05771046 0.9983215 0 -0.05771046 0.9983215 0 -0.2339549 0.9722282 0 -0.2339549 0.9722282 0 -0.441969 0.897 0 -0.5302286 0.8478347 0 -0.5302286 0.8478347 0 -0.441969 0.897 -0.6951811 -0.383343 0.6080203 -0.8571429 -0.2233039 0.4641255 -1 0 0 -0.8508866 -0.1159093 0.5123447 -0.8547624 -0.05813771 0.5157018 -0.2598651 -0.2267525 0.9386273 0.1407818 -0.6002991 0.7872555 -0.2018189 -0.5201575 0.8298593 -0.2649922 -0.4285714 0.8637349 0 0.05771046 0.9983215 0 0.05771046 0.9983215 0 0.2339549 0.9722282 0 0.2339549 0.9722282 0 0.441969 0.897 0 0.441969 0.897 0 0.5302286 0.8478347 0 0.5302286 0.8478347 -0.6951811 0.383343 0.6080203 -1 0 0 -0.8571429 0.2233039 0.4641255 -0.8508866 0.1159093 0.5123447 -0.8547624 0.05813771 0.5157018 -0.2598651 0.2267525 0.9386273 0.1407818 0.6002991 0.7872555 -0.2018189 0.5201575 0.8298593 -0.2649922 0.4285714 0.8637349 0 -0.05771046 0.9983215 -0.7070834 0 0.7070834 0 -0.2339549 0.9722282 0 -0.441969 0.897 0 -0.5302286 0.8478347 0.6951811 -0.383343 0.6080203 1 0 0 0.8571429 -0.2233039 0.4641255 0.8508866 -0.1159093 0.5123447 0.8547624 -0.05813771 0.5157018 0.2598651 -0.2267525 0.9386273 -0.1407818 -0.6002991 0.7872555 0.2018189 -0.5201575 0.8298593 0.2649922 -0.4285714 0.8637349 0 0.05771046 0.9983215 0 0.2339549 0.9722282 0 0.441969 0.897 0 0.5302286 0.8478347 0.6951811 0.383343 0.6080203 0.8571429 0.2233039 0.4641255 1 0 0 0.8508866 0.1159093 0.5123447 0.8547624 0.05813771 0.5157018 0.2598651 0.2267525 0.9386273 -0.1407818 0.6002991 0.7872555 0.2018189 0.5201575 0.8298593 0.2649922 0.4285714 0.8637349 1 1.21101e-7 0 1 5.01447e-7 -4.67298e-7 -1 -2.42203e-6 0 -1 -3.63304e-7 -2.0139e-6 -5.57579e-6 -1 5.84124e-7 0 -1 4.16649e-7 1 -5.01447e-7 -4.67298e-7 1 -1.21101e-7 0 -1 3.63304e-7 -2.0139e-6 -1 2.42203e-6 0 0 1 4.16649e-7 -5.57579e-6 1 5.84124e-7 -1 5.01447e-7 -4.67298e-7 -1 1.21101e-7 0 1 -3.63304e-7 -2.0139e-6 1 -2.42203e-6 0 0 -1 4.16649e-7 5.57579e-6 -1 5.84124e-7 -1 -1.21101e-7 0 -1 -5.01447e-7 -4.67298e-7 1 2.42203e-6 0 1 3.63304e-7 -2.0139e-6 5.57579e-6 1 5.84124e-7 0 1 4.16649e-7 1 3.17398e-7 -4.01584e-7 1 0 -3.30972e-7 -1 -1.98682e-7 3.53911e-7 -1 -3.15239e-7 3.94282e-7 0 -1 5.84121e-7 0 -1 5.84121e-7 0 1 -3.14587e-7 0 1 -3.14587e-7 1 0 -3.30972e-7 1 -3.17398e-7 -4.01584e-7 -1 3.15239e-7 3.94282e-7 -1 1.98682e-7 3.53911e-7 0 1 5.84121e-7 0 1 5.84121e-7 0 -1 -3.14587e-7 0 -1 -3.14587e-7</float_array>
          <technique_common>
            <accessor source="#ind_apt_carport_01a1200-mesh-normals-array" count="551" stride="3">
              <param name="X" type="float"/>
              <param name="Y" type="float"/>
              <param name="Z" type="float"/>
            </accessor>
          </technique_common>
        </source>
        <source id="ind_apt_carport_01a1200-mesh-map-0">
          <float_array id="ind_apt_carport_01a1200-mesh-map-0-array" count="3648">0 0.4971267 0.04995298 0.4971267 0.04995298 0.74569 0.04995298 0.74569 0 0.74569 0 0.4971267 -0.001163661 1.265108 7.77085e-4 0.006130337 0.05125743 0.006643652 0.05125743 0.006643652 0.04931676 1.265621 -0.001163661 1.265108 3.78213e-4 1 0 0.9942533 0.04995298 0.9942533 0.04995298 0.9942533 0.05018121 1 3.78213e-4 1 0.4020829 0.03111147 0.402083 1.018622 0.4534746 1.018622 0.4534746 1.018622 0.4534743 0.03111147 0.4020829 0.03111147 0.3067948 0.9843426 0.3067948 0.8847634 0.3466308 0.8847634 0.3466308 0.8847634 0.3466308 0.9843426 0.3067948 0.9843426 0.4586355 -0.01140594 0.4798123 -0.01141321 0.4798124 0.9977206 0.4798124 0.9977206 0.4588083 0.9977206 0.4586355 -0.01140594 0.4534744 1.018622 0.4020832 1.018622 0.4020829 0.03111147 0.4020829 0.03111147 0.4534743 0.03111147 0.4534744 1.018622 0.3558529 1.029964 0.3091813 1.029964 0.3091813 0.5022418 0.3091813 0.5022418 0.3558518 0.5022418 0.3558529 1.029964 0.8032122 1.072091 0.8488102 1.07209 0.8488102 0.4998985 0.8488102 0.4998985 0.8032122 0.4998985 0.8032122 1.072091 0.3091794 1.029964 0.3558519 1.029965 0.3558518 0.5022416 0.3558518 0.5022416 0.3091813 0.5022418 0.3091794 1.029964 0.8488103 1.072091 0.8032122 1.072091 0.8032122 0.4998985 0.8032122 0.4998985 0.8488102 0.4998985 0.8488103 1.072091 0.4588083 0.9977206 0.4798124 0.9977206 0.4796396 -0.01141321 0.4796396 -0.01141321 0.4588083 -0.01140606 0.4588083 0.9977206 0.3558508 1.029965 0.3091813 1.029965 0.3091813 0.5022418 0.3091813 0.5022418 0.3558519 0.5022418 0.3558508 1.029965 0.9021713 1.099473 0.9477675 1.099473 0.9477675 0.5272872 0.9477675 0.5272872 0.9021708 0.5272873 0.9021713 1.099473 0.3091808 1.029964 0.3558519 1.029965 0.3558518 0.5022416 0.3558518 0.5022416 0.3091813 0.5022418 0.3091808 1.029964 0.947767 1.099473 0.9021708 1.099473 0.9021708 0.5272872 0.9021708 0.5272872 0.9477675 0.5272872 0.947767 1.099473 0.4020829 0.03111147 0.402083 1.018622 0.4534746 1.018622 0.4534746 1.018622 0.4534743 0.03111147 0.4020829 0.03111147 0.3067948 0.9843426 0.3067948 0.8847634 0.3466308 0.8847634 0.3466308 0.8847634 0.3466308 0.9843426 0.3067948 0.9843426 0.4586355 -0.01140594 0.4798123 -0.01141321 0.4798124 0.9977206 0.4798124 0.9977206 0.4588083 0.9977206 0.4586355 -0.01140594 0.4534744 1.018622 0.4020832 1.018622 0.4020829 0.03111147 0.4020829 0.03111147 0.4534743 0.03111147 0.4534744 1.018622 0.4588083 0.9977206 0.4798124 0.9977206 0.4796396 -0.01141321 0.4796396 -0.01141321 0.4588083 -0.01140606 0.4588083 0.9977206 0.04995298 0.4971267 0 0.4971267 0 0.74569 0 0.74569 0.04995298 0.74569 0.04995298 0.4971267 -0.001163661 1.265108 0.04931676 1.265621 0.05125743 0.006643652 0.05125743 0.006643652 7.77085e-4 0.006130337 -0.001163661 1.265108 3.78213e-4 1 0.05018121 1 0.04995298 0.9942533 0.04995298 0.9942533 0 0.9942533 3.78213e-4 1 0.4020829 0.03111147 0.4534743 0.03111147 0.4534746 1.018622 0.4534746 1.018622 0.402083 1.018622 0.4020829 0.03111147 0.3067948 0.9843426 0.3466308 0.9843426 0.3466308 0.8847634 0.3466308 0.8847634 0.3067948 0.8847634 0.3067948 0.9843426 0.4586355 -0.01140594 0.4588083 0.9977206 0.4798124 0.9977206 0.4798124 0.9977206 0.4798123 -0.01141321 0.4586355 -0.01140594 0.4534744 1.018622 0.4534743 0.03111147 0.4020829 0.03111147 0.4020829 0.03111147 0.4020832 1.018622 0.4534744 1.018622 0.3558529 1.029964 0.3558518 0.5022418 0.3091813 0.5022418 0.3091813 0.5022418 0.3091813 1.029964 0.3558529 1.029964 0.8032122 1.072091 0.8032122 0.4998985 0.8488102 0.4998985 0.8488102 0.4998985 0.8488102 1.07209 0.8032122 1.072091 0.3091794 1.029964 0.3091813 0.5022418 0.3558518 0.5022416 0.3558518 0.5022416 0.3558519 1.029965 0.3091794 1.029964 0.8488103 1.072091 0.8488102 0.4998985 0.8032122 0.4998985 0.8032122 0.4998985 0.8032122 1.072091 0.8488103 1.072091 0.4588083 0.9977206 0.4588083 -0.01140606 0.4796396 -0.01141321 0.4796396 -0.01141321 0.4798124 0.9977206 0.4588083 0.9977206 0.3558508 1.029965 0.3558519 0.5022418 0.3091813 0.5022418 0.3091813 0.5022418 0.3091813 1.029965 0.3558508 1.029965 0.9021713 1.099473 0.9021708 0.5272873 0.9477675 0.5272872 0.9477675 0.5272872 0.9477675 1.099473 0.9021713 1.099473 0.3091808 1.029964 0.3091813 0.5022418 0.3558518 0.5022416 0.3558518 0.5022416 0.3558519 1.029965 0.3091808 1.029964 0.947767 1.099473 0.9477675 0.5272872 0.9021708 0.5272872 0.9021708 0.5272872 0.9021708 1.099473 0.947767 1.099473 0.4020829 0.03111147 0.4534743 0.03111147 0.4534746 1.018622 0.4534746 1.018622 0.402083 1.018622 0.4020829 0.03111147 0.3067948 0.9843426 0.3466308 0.9843426 0.3466308 0.8847634 0.3466308 0.8847634 0.3067948 0.8847634 0.3067948 0.9843426 0.4586355 -0.01140594 0.4588083 0.9977206 0.4798124 0.9977206 0.4798124 0.9977206 0.4798123 -0.01141321 0.4586355 -0.01140594 0.4534744 1.018622 0.4534743 0.03111147 0.4020829 0.03111147 0.4020829 0.03111147 0.4020832 1.018622 0.4534744 1.018622 0.4588083 0.9977206 0.4588083 -0.01140606 0.4796396 -0.01141321 0.4796396 -0.01141321 0.4798124 0.9977206 0.4588083 0.9977206 0.04995298 0.4971267 0 0.4971267 0 0.74569 0 0.74569 0.04995298 0.74569 0.04995298 0.4971267 -0.001163661 1.265108 0.04931676 1.265621 0.05125743 0.006643652 0.05125743 0.006643652 7.77085e-4 0.006130337 -0.001163661 1.265108 3.78213e-4 1 0.05018121 1 0.04995298 0.9942533 0.04995298 0.9942533 0 0.9942533 3.78213e-4 1 0.4020829 0.03111147 0.4534743 0.03111147 0.4534746 1.018622 0.4534746 1.018622 0.402083 1.018622 0.4020829 0.03111147 0.3067948 0.9843426 0.3466308 0.9843426 0.3466308 0.8847634 0.3466308 0.8847634 0.3067948 0.8847634 0.3067948 0.9843426 0.4586355 -0.01140594 0.4588083 0.9977206 0.4798124 0.9977206 0.4798124 0.9977206 0.4798123 -0.01141321 0.4586355 -0.01140594 0.4534744 1.018622 0.4534743 0.03111147 0.4020829 0.03111147 0.4020829 0.03111147 0.4020832 1.018622 0.4534744 1.018622 0.3558529 1.029964 0.3558518 0.5022418 0.3091813 0.5022418 0.3091813 0.5022418 0.3091813 1.029964 0.3558529 1.029964 0.8032122 1.072091 0.8032122 0.4998985 0.8488102 0.4998985 0.8488102 0.4998985 0.8488102 1.07209 0.8032122 1.072091 0.3091794 1.029964 0.3091813 0.5022418 0.3558518 0.5022416 0.3558518 0.5022416 0.3558519 1.029965 0.3091794 1.029964 0.8488103 1.072091 0.8488102 0.4998985 0.8032122 0.4998985 0.8032122 0.4998985 0.8032122 1.072091 0.8488103 1.072091 0.4588083 0.9977206 0.4588083 -0.01140606 0.4796396 -0.01141321 0.4796396 -0.01141321 0.4798124 0.9977206 0.4588083 0.9977206 0.3558508 1.029965 0.3558519 0.5022418 0.3091813 0.5022418 0.3091813 0.5022418 0.3091813 1.029965 0.3558508 1.029965 0.9021713 1.099473 0.9021708 0.5272873 0.9477675 0.5272872 0.9477675 0.5272872 0.9477675 1.099473 0.9021713 1.099473 0.3091808 1.029964 0.3091813 0.5022418 0.3558518 0.5022416 0.3558518 0.5022416 0.3558519 1.029965 0.3091808 1.029964 0.947767 1.099473 0.9477675 0.5272872 0.9021708 0.5272872 0.9021708 0.5272872 0.9021708 1.099473 0.947767 1.099473 0.4020829 0.03111147 0.4534743 0.03111147 0.4534746 1.018622 0.4534746 1.018622 0.402083 1.018622 0.4020829 0.03111147 0.3067948 0.9843426 0.3466308 0.9843426 0.3466308 0.8847634 0.3466308 0.8847634 0.3067948 0.8847634 0.3067948 0.9843426 0.4586355 -0.01140594 0.4588083 0.9977206 0.4798124 0.9977206 0.4798124 0.9977206 0.4798123 -0.01141321 0.4586355 -0.01140594 0.4534744 1.018622 0.4534743 0.03111147 0.4020829 0.03111147 0.4020829 0.03111147 0.4020832 1.018622 0.4534744 1.018622 0.4588083 0.9977206 0.4588083 -0.01140606 0.4796396 -0.01141321 0.4796396 -0.01141321 0.4798124 0.9977206 0.4588083 0.9977206 0 0.4971267 0.04995298 0.4971267 0.04995298 0.74569 0.04995298 0.74569 0 0.74569 0 0.4971267 -0.001163661 1.265108 7.77085e-4 0.006130337 0.05125743 0.006643652 0.05125743 0.006643652 0.04931676 1.265621 -0.001163661 1.265108 3.78213e-4 1 0 0.9942533 0.04995298 0.9942533 0.04995298 0.9942533 0.05018121 1 3.78213e-4 1 0.4020829 0.03111147 0.402083 1.018622 0.4534746 1.018622 0.4534746 1.018622 0.4534743 0.03111147 0.4020829 0.03111147 0.3067948 0.9843426 0.3067948 0.8847634 0.3466308 0.8847634 0.3466308 0.8847634 0.3466308 0.9843426 0.3067948 0.9843426 0.4586355 -0.01140594 0.4798123 -0.01141321 0.4798124 0.9977206 0.4798124 0.9977206 0.4588083 0.9977206 0.4586355 -0.01140594 0.4534744 1.018622 0.4020832 1.018622 0.4020829 0.03111147 0.4020829 0.03111147 0.4534743 0.03111147 0.4534744 1.018622 0.3558529 1.029964 0.3091813 1.029964 0.3091813 0.5022418 0.3091813 0.5022418 0.3558518 0.5022418 0.3558529 1.029964 0.8032122 1.072091 0.8488102 1.07209 0.8488102 0.4998985 0.8488102 0.4998985 0.8032122 0.4998985 0.8032122 1.072091 0.3091794 1.029964 0.3558519 1.029965 0.3558518 0.5022416 0.3558518 0.5022416 0.3091813 0.5022418 0.3091794 1.029964 0.8488103 1.072091 0.8032122 1.072091 0.8032122 0.4998985 0.8032122 0.4998985 0.8488102 0.4998985 0.8488103 1.072091 0.4588083 0.9977206 0.4798124 0.9977206 0.4796396 -0.01141321 0.4796396 -0.01141321 0.4588083 -0.01140606 0.4588083 0.9977206 0.3558508 1.029965 0.3091813 1.029965 0.3091813 0.5022418 0.3091813 0.5022418 0.3558519 0.5022418 0.3558508 1.029965 0.9021713 1.099473 0.9477675 1.099473 0.9477675 0.5272872 0.9477675 0.5272872 0.9021708 0.5272873 0.9021713 1.099473 0.3091808 1.029964 0.3558519 1.029965 0.3558518 0.5022416 0.3558518 0.5022416 0.3091813 0.5022418 0.3091808 1.029964 0.947767 1.099473 0.9021708 1.099473 0.9021708 0.5272872 0.9021708 0.5272872 0.9477675 0.5272872 0.947767 1.099473 0.4020829 0.03111147 0.402083 1.018622 0.4534746 1.018622 0.4534746 1.018622 0.4534743 0.03111147 0.4020829 0.03111147 0.3067948 0.9843426 0.3067948 0.8847634 0.3466308 0.8847634 0.3466308 0.8847634 0.3466308 0.9843426 0.3067948 0.9843426 0.4586355 -0.01140594 0.4798123 -0.01141321 0.4798124 0.9977206 0.4798124 0.9977206 0.4588083 0.9977206 0.4586355 -0.01140594 0.4534744 1.018622 0.4020832 1.018622 0.4020829 0.03111147 0.4020829 0.03111147 0.4534743 0.03111147 0.4534744 1.018622 0.4588083 0.9977206 0.4798124 0.9977206 0.4796396 -0.01141321 0.4796396 -0.01141321 0.4588083 -0.01140606 0.4588083 0.9977206 0.3993077 0.2194928 0.3544928 0.2194928 0.3544928 1.04334 0.3544928 1.04334 0.3993077 1.04334 0.3993077 0.2194928 0.40021 0.9493323 0.4002099 0.2880166 0.3521849 0.2880166 0.3521849 0.2880166 0.352185 0.9493323 0.40021 0.9493323 0.4002099 0.2880166 0.40021 0.9493323 0.3537865 0.9493323 0.3537865 0.9493323 0.3537864 0.2880166 0.4002099 0.2880166 0.3993077 1.04334 0.3544929 1.04334 0.3544929 0.2194928 0.3544929 0.2194928 0.3993077 0.2194928 0.3993077 1.04334 0.4020829 0.03111147 0.402083 1.018622 0.4534746 1.018622 0.4534746 1.018622 0.4534743 0.03111147 0.4020829 0.03111147 0.3067948 0.9843426 0.3067948 0.8847634 0.3466308 0.8847634 0.3466308 0.8847634 0.3466308 0.9843426 0.3067948 0.9843426 0.4588083 -0.01140606 0.4796396 -0.01141321 0.4794668 -1.020547 0.4794668 -1.020547 0.4588082 -1.020533 0.4588083 -0.01140606 0.4586355 -0.01140594 0.4798123 -0.01141321 0.4798124 0.9977206 0.4798124 0.9977206 0.4588083 0.9977206 0.4586355 -0.01140594 0.4534744 1.018622 0.4020832 1.018622 0.4020829 0.03111147 0.4020829 0.03111147 0.4534743 0.03111147 0.4534744 1.018622 0.3544928 0.7687243 0.3993077 0.7687243 0.3993077 0.4941086 0.3993077 0.4941086 0.3544928 0.4941086 0.3544928 0.7687243 0.4549612 0.5084552 0.4069362 0.5084552 0.4069362 0.7288937 0.4069362 0.7288937 0.4549612 0.7288937 0.4549612 0.5084552 0.4531354 0.7288938 0.4067119 0.7288938 0.4067119 0.5084552 0.4067119 0.5084552 0.4531355 0.5084552 0.4531354 0.7288938 0.3993077 0.7687243 0.3544929 0.7687243 0.3544929 0.4941086 0.3544929 0.4941086 0.3993077 0.4941086 0.3993077 0.7687243 0.3067948 0.9843426 0.3466308 0.9843426 0.3466308 0.8847634 0.3466308 0.8847634 0.3067948 0.8847634 0.3067948 0.9843426 0.4020831 2.006132 0.4534748 2.006132 0.4534746 1.018622 0.4534746 1.018622 0.402083 1.018622 0.4020831 2.006132 0.4588083 0.9977206 0.4798124 0.9977206 0.4796396 -0.01141321 0.4796396 -0.01141321 0.4588083 -0.01140606 0.4588083 0.9977206 0.4584627 -1.020533 0.4798123 -1.020547 0.4798123 -0.01141321 0.4798123 -0.01141321 0.4586355 -0.01140594 0.4584627 -1.020533 0.4534745 2.006132 0.4020835 2.006132 0.4020832 1.018622 0.4020832 1.018622 0.4534744 1.018622 0.4534745 2.006132 0.3993077 0.2194928 0.3544928 0.2194928 0.3544928 1.04334 0.3544928 1.04334 0.3993077 1.04334 0.3993077 0.2194928 0.40021 0.9493323 0.4002099 0.2880166 0.3521849 0.2880166 0.3521849 0.2880166 0.352185 0.9493323 0.40021 0.9493323 0.4002099 0.2880166 0.40021 0.9493323 0.3537865 0.9493323 0.3537865 0.9493323 0.3537864 0.2880166 0.4002099 0.2880166 0.3993077 1.04334 0.3544929 1.04334 0.3544929 0.2194928 0.3544929 0.2194928 0.3993077 0.2194928 0.3993077 1.04334 0.3544928 1.04334 0.3993077 1.04334 0.3993077 0.7687243 0.3993077 0.7687243 0.3544928 0.7687243 0.3544928 1.04334 0.3993077 0.2194928 0.3544928 0.2194928 0.3544928 0.4941086 0.3544928 0.4941086 0.3993077 0.4941086 0.3993077 0.2194928 0.4549613 0.2880166 0.4069363 0.2880166 0.4069362 0.5084552 0.4069362 0.5084552 0.4549612 0.5084552 0.4549613 0.2880166 0.4069361 0.9493323 0.4549611 0.9493323 0.4549612 0.7288937 0.4549612 0.7288937 0.4069362 0.7288937 0.4069361 0.9493323 0.4531353 0.9493323 0.4067118 0.9493323 0.4067119 0.7288938 0.4067119 0.7288938 0.4531354 0.7288938 0.4531353 0.9493323 0.406712 0.2880166 0.4531355 0.2880166 0.4531355 0.5084552 0.4531355 0.5084552 0.4067119 0.5084552 0.406712 0.2880166 0.3993077 1.04334 0.3544929 1.04334 0.3544929 0.7687243 0.3544929 0.7687243 0.3993077 0.7687243 0.3993077 1.04334 0.3544929 0.2194928 0.3993077 0.2194928 0.3993077 0.4941086 0.3993077 0.4941086 0.3544929 0.4941086 0.3544929 0.2194928 0.3544928 0.7687243 0.3993077 0.7687243 0.3993077 0.4941086 0.3993077 0.4941086 0.3544928 0.4941085 0.3544928 0.7687243 0.40021 0.7288937 0.4002099 0.5084552 0.3521849 0.5084552 0.3521849 0.5084552 0.352185 0.7288937 0.40021 0.7288937 0.40021 0.7288938 0.3537865 0.7288938 0.3537864 0.5084552 0.3537864 0.5084552 0.4002099 0.5084552 0.40021 0.7288938 0.3993077 0.7687243 0.3544929 0.7687243 0.3544929 0.4941085 0.3544929 0.4941085 0.3993077 0.4941086 0.3993077 0.7687243 0.3544928 0.7687243 0.3993077 0.7687243 0.3993077 0.4941086 0.3993077 0.4941086 0.3544928 0.4941086 0.3544928 0.7687243 0.4549612 0.5084552 0.4069362 0.5084552 0.4069362 0.7288937 0.4069362 0.7288937 0.4549612 0.7288937 0.4549612 0.5084552 0.4531354 0.7288938 0.4067119 0.7288938 0.4067119 0.5084552 0.4067119 0.5084552 0.4531355 0.5084552 0.4531354 0.7288938 0.3993077 0.7687243 0.3544929 0.7687243 0.3544929 0.4941086 0.3544929 0.4941086 0.3993077 0.4941086 0.3993077 0.7687243 0.3544928 0.7687243 0.3993077 0.7687243 0.3993077 0.4941086 0.3993077 0.4941086 0.3544928 0.4941085 0.3544928 0.7687243 0.4002099 0.5084552 0.3521849 0.5084552 0.352185 0.7288937 0.352185 0.7288937 0.40021 0.7288937 0.4002099 0.5084552 0.40021 0.7288938 0.3537865 0.7288938 0.3537864 0.5084552 0.3537864 0.5084552 0.4002099 0.5084552 0.40021 0.7288938 0.3993077 0.7687243 0.3544929 0.7687243 0.3544929 0.4941085 0.3544929 0.4941085 0.3993077 0.4941086 0.3993077 0.7687243 0.3993077 0.2194928 0.3544928 0.2194928 0.3544928 0.4941086 0.3544928 0.4941086 0.3993077 0.4941086 0.3993077 0.2194928 0.4549613 0.2880166 0.4069363 0.2880166 0.4069362 0.5084552 0.4069362 0.5084552 0.4549612 0.5084552 0.4549613 0.2880166 0.406712 0.2880166 0.4531355 0.2880166 0.4531355 0.5084552 0.4531355 0.5084552 0.4067119 0.5084552 0.406712 0.2880166 0.3544929 0.2194928 0.3993077 0.2194928 0.3993077 0.4941086 0.3993077 0.4941086 0.3544929 0.4941086 0.3544929 0.2194928 0.3993077 0.2194928 0.3544928 0.2194928 0.3544928 0.4941085 0.3544928 0.4941085 0.3993077 0.4941086 0.3993077 0.2194928 0.4002099 0.2880166 0.3521849 0.2880166 0.3521849 0.5084552 0.3521849 0.5084552 0.4002099 0.5084552 0.4002099 0.2880166 0.3537864 0.2880166 0.4002099 0.2880166 0.4002099 0.5084552 0.4002099 0.5084552 0.3537864 0.5084552 0.3537864 0.2880166 0.3544929 0.2194928 0.3993077 0.2194928 0.3993077 0.4941086 0.3993077 0.4941086 0.3544929 0.4941085 0.3544929 0.2194928 0.3993077 0.2194928 0.3544928 0.2194928 0.3544928 0.4941085 0.3544928 0.4941085 0.3993077 0.4941086 0.3993077 0.2194928 0.4002099 0.2880166 0.3521849 0.2880166 0.3521849 0.5084552 0.3521849 0.5084552 0.4002099 0.5084552 0.4002099 0.2880166 0.3537864 0.2880166 0.4002099 0.2880166 0.4002099 0.5084552 0.4002099 0.5084552 0.3537864 0.5084552 0.3537864 0.2880166 0.3544929 0.2194928 0.3993077 0.2194928 0.3993077 0.4941086 0.3993077 0.4941086 0.3544929 0.4941085 0.3544929 0.2194928 0.3558508 1.029965 0.3091813 1.029965 0.3091813 0.5022418 0.3091813 0.5022418 0.3558519 0.5022418 0.3558508 1.029965 0.9021713 1.099473 0.9477675 1.099473 0.9477675 0.5272872 0.9477675 0.5272872 0.9021708 0.5272873 0.9021713 1.099473 0.3091808 1.029964 0.3558519 1.029965 0.3558518 0.5022416 0.3558518 0.5022416 0.3091813 0.5022418 0.3091808 1.029964 0.947767 1.099473 0.9021708 1.099473 0.9021708 0.5272872 0.9021708 0.5272872 0.9477675 0.5272872 0.947767 1.099473 0.3558508 1.029965 0.3091813 1.029965 0.3091813 0.5022418 0.3091813 0.5022418 0.3558519 0.5022418 0.3558508 1.029965 0.9021713 1.099473 0.9477675 1.099473 0.9477675 0.5272872 0.9477675 0.5272872 0.9021708 0.5272873 0.9021713 1.099473 0.3091808 1.029964 0.3558519 1.029965 0.3558518 0.5022416 0.3558518 0.5022416 0.3091813 0.5022418 0.3091808 1.029964 0.947767 1.099473 0.9021708 1.099473 0.9021708 0.5272872 0.9021708 0.5272872 0.9477675 0.5272872 0.947767 1.099473 0.3558508 1.029965 0.3091813 1.029965 0.3091813 0.5022418 0.3091813 0.5022418 0.3558519 0.5022418 0.3558508 1.029965 0.9021713 1.099473 0.9477675 1.099473 0.9477675 0.5272872 0.9477675 0.5272872 0.9021708 0.5272873 0.9021713 1.099473 0.3091808 1.029964 0.3558519 1.029965 0.3558518 0.5022416 0.3558518 0.5022416 0.3091813 0.5022418 0.3091808 1.029964 0.947767 1.099473 0.9021708 1.099473 0.9021708 0.5272872 0.9021708 0.5272872 0.9477675 0.5272872 0.947767 1.099473 0.3558508 1.029965 0.3091813 1.029965 0.3091813 0.5022418 0.3091813 0.5022418 0.3558519 0.5022418 0.3558508 1.029965 0.9021713 1.099473 0.9477675 1.099473 0.9477675 0.5272872 0.9477675 0.5272872 0.9021708 0.5272873 0.9021713 1.099473 0.3091808 1.029964 0.3558519 1.029965 0.3558518 0.5022416 0.3558518 0.5022416 0.3091813 0.5022418 0.3091808 1.029964 0.947767 1.099473 0.9021708 1.099473 0.9021708 0.5272872 0.9021708 0.5272872 0.9477675 0.5272872 0.947767 1.099473 0.3544928 0.7687243 0.3993077 0.7687243 0.3993077 0.4941086 0.3993077 0.4941086 0.3544928 0.4941085 0.3544928 0.7687243 0.4002099 0.5084552 0.3521849 0.5084552 0.352185 0.7288937 0.352185 0.7288937 0.40021 0.7288937 0.4002099 0.5084552 0.40021 0.7288938 0.3537865 0.7288938 0.3537864 0.5084552 0.3537864 0.5084552 0.4002099 0.5084552 0.40021 0.7288938 0.3993077 0.7687243 0.3544929 0.7687243 0.3544929 0.4941085 0.3544929 0.4941085 0.3993077 0.4941086 0.3993077 0.7687243 0.3993077 0.2194928 0.3544928 0.2194928 0.3544928 0.4941085 0.3544928 0.4941085 0.3993077 0.4941086 0.3993077 0.2194928 0.4002099 0.2880166 0.3521849 0.2880166 0.3521849 0.5084552 0.3521849 0.5084552 0.4002099 0.5084552 0.4002099 0.2880166 0.3537864 0.2880166 0.4002099 0.2880166 0.4002099 0.5084552 0.4002099 0.5084552 0.3537864 0.5084552 0.3537864 0.2880166 0.3544929 0.2194928 0.3993077 0.2194928 0.3993077 0.4941086 0.3993077 0.4941086 0.3544929 0.4941085 0.3544929 0.2194928 0.3544928 0.7687243 0.3993077 0.7687243 0.3993077 0.4941086 0.3993077 0.4941086 0.3544928 0.4941085 0.3544928 0.7687243 0.4002099 0.5084552 0.3521849 0.5084552 0.352185 0.7288937 0.352185 0.7288937 0.40021 0.7288937 0.4002099 0.5084552 0.40021 0.7288938 0.3537865 0.7288938 0.3537864 0.5084552 0.3537864 0.5084552 0.4002099 0.5084552 0.40021 0.7288938 0.3993077 0.7687243 0.3544929 0.7687243 0.3544929 0.4941085 0.3544929 0.4941085 0.3993077 0.4941086 0.3993077 0.7687243 0.3993077 0.2194928 0.3544928 0.2194928 0.3544928 0.4941085 0.3544928 0.4941085 0.3993077 0.4941086 0.3993077 0.2194928 0.4002099 0.2880166 0.3521849 0.2880166 0.3521849 0.5084552 0.3521849 0.5084552 0.4002099 0.5084552 0.4002099 0.2880166 0.3537864 0.2880166 0.4002099 0.2880166 0.4002099 0.5084552 0.4002099 0.5084552 0.3537864 0.5084552 0.3537864 0.2880166 0.3544929 0.2194928 0.3993077 0.2194928 0.3993077 0.4941086 0.3993077 0.4941086 0.3544929 0.4941085 0.3544929 0.2194928 0 0 0.04995298 0 0.04995298 0.2485634 0.04995298 0.2485634 0 0.2485634 0 0 0 0.2485634 0.04995298 0.2485634 0.04995298 0.4971267 0.04995298 0.4971267 0 0.4971267 0 0.2485634 0.04995298 0.9942533 0 0.9942533 0 0.74569 0 0.74569 0.04995298 0.74569 0.04995298 0.9942533 0.04995298 0 0 0 0 0.2485634 0 0.2485634 0.04995298 0.2485634 0.04995298 0 0.04995298 0.2485634 0 0.2485634 0 0.4971267 0 0.4971267 0.04995298 0.4971267 0.04995298 0.2485634 0 0.9942533 0.04995298 0.9942533 0.04995298 0.74569 0.04995298 0.74569 0 0.74569 0 0.9942533 0.04995298 0 0 0 0 0.2485634 0 0.2485634 0.04995298 0.2485634 0.04995298 0 0.04995298 0.2485634 0 0.2485634 0 0.4971267 0 0.4971267 0.04995298 0.4971267 0.04995298 0.2485634 0 0.9942533 0.04995298 0.9942533 0.04995298 0.74569 0.04995298 0.74569 0 0.74569 0 0.9942533 0 0 0.04995298 0 0.04995298 0.2485634 0.04995298 0.2485634 0 0.2485634 0 0 0 0.2485634 0.04995298 0.2485634 0.04995298 0.4971267 0.04995298 0.4971267 0 0.4971267 0 0.2485634 0.04995298 0.9942533 0 0.9942533 0 0.74569 0 0.74569 0.04995298 0.74569 0.04995298 0.9942533 1 0.00520271 0.9999998 1 0.7499999 0.00520271 0.7499999 0.00520271 0.4999999 0.00520271 0.5028734 0 0.5028734 0 0.7514367 0 0.7499999 0.00520271 0.5028734 0 0.5 0.00520271 0.75 0.00520271 0.75 0.00520271 0.7514367 0 0.5028734 0 0.5028734 0 0.5 0.00520271 0.75 0.00520271 0.75 0.00520271 0.7514367 0 0.5028734 0 1 0.00520271 0.9999998 1 0.75 0.00520271 0.75 0.00520271 0.5 0.00520271 0.5028734 0 0.5028734 0 0.7514367 0 0.75 0.00520271 1 0.00520271 0.75 0.00520271 0.9999998 1 1 0.00520271 0.75 0.00520271 0.9999998 1 1 0.00520271 0.75 0.00520271 0.9999998 1 0.5028734 0 0.5 0.00520271 0.75 0.00520271 0.75 0.00520271 0.7514367 0 0.5028734 0 0.75 0.00520271 0.5 0.00520271 0.5028734 0 0.5028734 0 0.7514367 0 0.75 0.00520271 0.7499999 0.00520271 0.4999999 0.00520271 0.5028734 0 0.5028734 0 0.7514367 0 0.7499999 0.00520271 1 0.00520271 0.75 0.00520271 0.9999998 1 0.5028734 0 0.5 0.00520271 0.75 0.00520271 0.75 0.00520271 0.7514367 0 0.5028734 0 1 0.00520271 0.9999998 1 0.75 0.00520271 1 0.00520271 0.9999998 1 0.7499999 0.00520271 0.2499999 0.00520271 0 0.00520271 0.005746722 0 0.005746722 0 0.25431 0 0.2499999 0.00520271 0.4999999 0.00520271 0.2499999 0.00520271 0.25431 0 0.25431 0 0.5028734 0 0.4999999 0.00520271 0.7514367 0 1 0 1 0.00520271 1 0.00520271 0.7499999 0.00520271 0.7514367 0 0.005746781 0 0 0.00520277 0.25 0.00520271 0.25 0.00520271 0.2543101 0 0.005746781 0 0.5028734 0 0.2543101 0 0.25 0.00520271 0.25 0.00520271 0.5 0.00520271 0.5028734 0 1 0.00520271 1 0 0.7514367 0 0.7514367 0 0.75 0.00520271 1 0.00520271 0.005746722 0 0 0.00520271 0.25 0.00520271 0.25 0.00520271 0.25431 0 0.005746722 0 0.25431 0 0.25 0.00520271 0.5 0.00520271 0.5 0.00520271 0.5028734 0 0.25431 0 1 0.00520271 1 0 0.7514367 0 0.7514367 0 0.75 0.00520271 1 0.00520271 0.25 0.00520271 0 0.00520277 0.005746781 0 0.005746781 0 0.2543101 0 0.25 0.00520271 0.5 0.00520271 0.25 0.00520271 0.2543101 0 0.2543101 0 0.5028734 0 0.5 0.00520271 0.7514367 0 1 0 1 0.00520271 1 0.00520271 0.75 0.00520271 0.7514367 0 0.005746722 0 0 0.00520271 0.25 0.00520271 0.25 0.00520271 0.25431 0 0.005746722 0 0.25431 0 0.25 0.00520271 0.5 0.00520271 0.5 0.00520271 0.5028734 0 0.25431 0 1 0.00520271 1 0 0.7514367 0 0.7514367 0 0.75 0.00520271 1 0.00520271 0.25 0.00520271 0 0.00520277 0.005746781 0 0.005746781 0 0.2543101 0 0.25 0.00520271 0.5 0.00520271 0.25 0.00520271 0.2543101 0 0.2543101 0 0.5028734 0 0.5 0.00520271 0.7514367 0 1 0 1 0.00520271 1 0.00520271 0.75 0.00520271 0.7514367 0 0.2499999 0.00520271 0 0.00520271 0.005746722 0 0.005746722 0 0.25431 0 0.2499999 0.00520271 0.4999999 0.00520271 0.2499999 0.00520271 0.25431 0 0.25431 0 0.5028734 0 0.4999999 0.00520271 0.7514367 0 1 0 1 0.00520271 1 0.00520271 0.7499999 0.00520271 0.7514367 0 0.005746781 0 0 0.00520277 0.25 0.00520271 0.25 0.00520271 0.2543101 0 0.005746781 0 0.2543101 0 0.25 0.00520271 0.5 0.00520271 0.5 0.00520271 0.5028734 0 0.2543101 0 1 0.00520271 1 0 0.7514367 0 0.7514367 0 0.75 0.00520271 1 0.00520271 0.9999998 1 0.4633397 1 0.4999999 0.00520271 0.9999998 1 0.4999999 0.00520271 0.7499999 0.00520271 0.5 0.00520271 0.5096052 1 0.9999998 1 0.75 0.00520271 0.5 0.00520271 0.9999998 1 0.5 0.00520271 0.25 0.00520271 2.74181e-6 1 0.25 0.00520271 0 0.00520271 2.74181e-6 1 2.74181e-6 1 0 0.00520271 0.2499999 0.00520271 2.74181e-6 1 0.2499999 0.00520271 0.4999999 0.00520271 0.9999998 1 0.5096052 1 0.4999999 0.00520271 0.9999998 1 0.4999999 0.00520271 0.7499999 0.00520271 0.5 0.00520271 0.4633397 1 0.9999998 1 0.75 0.00520271 0.5 0.00520271 0.9999998 1 0.5 0.00520271 0.25 0.00520271 2.74181e-6 1 0.25 0.00520271 0 0.00520271 2.74181e-6 1 2.74181e-6 1 0 0.00520271 0.2499999 0.00520271 2.74181e-6 1 0.2499999 0.00520271 0.4999999 0.00520271 0.25 0.00520271 0 0.00520277 2.68221e-6 1 2.68221e-6 1 0.5 0.00520271 0.25 0.00520271 0.75 0.00520271 0.5 0.00520271 0.9999998 1 0.5 0.00520271 2.68221e-6 1 0.9999998 1 0.9999998 1 2.68221e-6 1 0.5 0.00520271 0.9999998 1 0.5 0.00520271 0.75 0.00520271 2.68221e-6 1 0.25 0.00520271 0.5 0.00520271 2.68221e-6 1 0 0.00520277 0.25 0.00520271 0.75 0.00520271 0.5 0.00520271 0.9999998 1 0.9999998 1 2.68221e-6 1 0.5 0.00520271 0.9999998 1 0.5 0.00520271 0.75 0.00520271 0.5 0.00520271 2.68221e-6 1 0.9999998 1 0.25 0.00520271 0 0.00520277 2.68221e-6 1 0.5 0.00520271 0.25 0.00520271 2.68221e-6 1 2.68221e-6 1 0 0.00520277 0.25 0.00520271 2.68221e-6 1 0.25 0.00520271 0.5 0.00520271 0.4633397 1 2.74181e-6 1 0.4999999 0.00520271 0.5 0.00520271 2.74181e-6 1 0.4633397 1 0.5 0.00520271 2.74181e-6 1 0.5096052 1 0.5096052 1 2.74181e-6 1 0.4999999 0.00520271 0.9725629 0.9956471 0.02355259 0.9956471 0.04312562 0.09632092 0.04312562 0.09632092 0.9725629 0.09632092 0.9725629 0.9956471 0.04312562 0.05569839 0.9725629 0.05569839 0.9725629 0.09632092 0.9725629 0.09632092 0.04312562 0.09632092 0.04312562 0.05569839 0.04312562 0.5948316 0.04312562 0.3868187 0.9725629 0.3868187 0.9725629 0.3868187 0.9725629 0.5948316 0.04312562 0.5948316 0.4199907 0.04294043 0.1297644 0.2227496 0.005629062 0.04294037 0.9725629 0.007066845 0.9725629 0.05569839 0.04312562 0.05569839 0.04312562 0.05569839 0.04312562 0.007066845 0.9725629 0.007066845 0.1297644 0.2227496 0.06087177 0.2527183 0.005629062 0.04294037 0.06087177 0.2527183 0.005628943 0.2586814 0.005629062 0.04294037 0.02355259 0.05569839 0.02355259 0.09632092 0.003781616 0.09632092 0.003781616 0.09632092 0.003781616 0.0593813 0.02355259 0.05569839 0.02355259 0.3868187 0.02355259 0.5948316 0.003781616 0.6010808 0.003781616 0.6010808 0.003781616 0.4070204 0.02355259 0.3868187 0.02355259 0.007066845 0.02355259 0.05569839 0.003781616 0.0593813 0.003781616 0.0593813 0.003781616 0.01331609 0.02355259 0.007066845 0.02355259 0.09632092 0.02355259 0.05569839 0.04312562 0.05569839 0.04312562 0.05569839 0.04312562 0.09632092 0.02355259 0.09632092 0.02355259 0.5948316 0.02355259 0.3868187 0.04312562 0.3868187 0.04312562 0.3868187 0.04312562 0.5948316 0.02355259 0.5948316 0.02355259 0.05569839 0.02355259 0.007066845 0.04312562 0.007066845 0.04312562 0.007066845 0.04312562 0.05569839 0.02355259 0.05569839 0.02355259 0.9956471 0.02355259 0.09632092 0.04312562 0.09632092 0.9725629 0.9956471 0.9725629 0.09632092 0.04312562 0.09632092 0.04312562 0.09632092 0.02355259 0.9956471 0.9725629 0.9956471 0.04312562 0.05569839 0.04312562 0.09632092 0.9725629 0.09632092 0.9725629 0.09632092 0.9725629 0.05569839 0.04312562 0.05569839 0.04312562 0.5948316 0.9725629 0.5948316 0.9725629 0.3868187 0.9725629 0.3868187 0.04312562 0.3868187 0.04312562 0.5948316 0.4199907 0.04294043 0.005629062 0.04294037 0.1297644 0.2227496 0.9725629 0.007066845 0.04312562 0.007066845 0.04312562 0.05569839 0.04312562 0.05569839 0.9725629 0.05569839 0.9725629 0.007066845 0.1297644 0.2227496 0.005629062 0.04294037 0.06087177 0.2527183 0.06087177 0.2527183 0.005629062 0.04294037 0.005628943 0.2586814 0.02355259 0.05569839 0.003781616 0.0593813 0.003781616 0.09632092 0.003781616 0.09632092 0.02355259 0.09632092 0.02355259 0.05569839 0.02355259 0.3868187 0.003781616 0.4070204 0.003781616 0.6010808 0.003781616 0.6010808 0.02355259 0.5948316 0.02355259 0.3868187 0.02355259 0.007066845 0.003781616 0.01331609 0.003781616 0.0593813 0.003781616 0.0593813 0.02355259 0.05569839 0.02355259 0.007066845 0.02355259 0.09632092 0.04312562 0.09632092 0.04312562 0.05569839 0.04312562 0.05569839 0.02355259 0.05569839 0.02355259 0.09632092 0.02355259 0.5948316 0.04312562 0.5948316 0.04312562 0.3868187 0.04312562 0.3868187 0.02355259 0.3868187 0.02355259 0.5948316 0.02355259 0.05569839 0.04312562 0.05569839 0.04312562 0.007066845 0.04312562 0.007066845 0.02355259 0.007066845 0.02355259 0.05569839 0.02355259 0.9956471 0.04312562 0.09632092 0.02355259 0.09632092 0.9725629 0.9956471 0.9725629 0.09632092 0.04312562 0.09632092 0.04312562 0.09632092 0.02355259 0.9956471 0.9725629 0.9956471 0.04312562 0.05569839 0.04312562 0.09632092 0.9725629 0.09632092 0.9725629 0.09632092 0.9725629 0.05569839 0.04312562 0.05569839 0.04312562 0.5948316 0.9725629 0.5948316 0.9725629 0.3868187 0.9725629 0.3868187 0.04312562 0.3868187 0.04312562 0.5948316 0.4199907 0.04294043 0.005629062 0.04294037 0.1297644 0.2227496 0.9725629 0.007066845 0.04312562 0.007066845 0.04312562 0.05569839 0.04312562 0.05569839 0.9725629 0.05569839 0.9725629 0.007066845 0.1297644 0.2227496 0.005629062 0.04294037 0.06087177 0.2527183 0.06087177 0.2527183 0.005629062 0.04294037 0.005628943 0.2586814 0.02355259 0.05569839 0.003781616 0.0593813 0.003781616 0.09632092 0.003781616 0.09632092 0.02355259 0.09632092 0.02355259 0.05569839 0.02355259 0.3868187 0.003781616 0.4070204 0.003781616 0.6010808 0.003781616 0.6010808 0.02355259 0.5948316 0.02355259 0.3868187 0.02355259 0.007066845 0.003781616 0.01331609 0.003781616 0.0593813 0.003781616 0.0593813 0.02355259 0.05569839 0.02355259 0.007066845 0.02355259 0.09632092 0.04312562 0.09632092 0.04312562 0.05569839 0.04312562 0.05569839 0.02355259 0.05569839 0.02355259 0.09632092 0.02355259 0.5948316 0.04312562 0.5948316 0.04312562 0.3868187 0.04312562 0.3868187 0.02355259 0.3868187 0.02355259 0.5948316 0.02355259 0.05569839 0.04312562 0.05569839 0.04312562 0.007066845 0.04312562 0.007066845 0.02355259 0.007066845 0.02355259 0.05569839 0.02355259 0.9956471 0.04312562 0.09632092 0.02355259 0.09632092 0.9725629 0.9956471 0.02355259 0.9956471 0.04312562 0.09632092 0.04312562 0.09632092 0.9725629 0.09632092 0.9725629 0.9956471 0.04312562 0.05569839 0.9725629 0.05569839 0.9725629 0.09632092 0.9725629 0.09632092 0.04312562 0.09632092 0.04312562 0.05569839 0.04312562 0.5948316 0.04312562 0.3868187 0.9725629 0.3868187 0.9725629 0.3868187 0.9725629 0.5948316 0.04312562 0.5948316 0.4199907 0.04294043 0.1297644 0.2227496 0.005629062 0.04294037 0.9725629 0.007066845 0.9725629 0.05569839 0.04312562 0.05569839 0.04312562 0.05569839 0.04312562 0.007066845 0.9725629 0.007066845 0.1297644 0.2227496 0.06087177 0.2527183 0.005629062 0.04294037 0.06087177 0.2527183 0.005628943 0.2586814 0.005629062 0.04294037 0.02355259 0.05569839 0.02355259 0.09632092 0.003781616 0.09632092 0.003781616 0.09632092 0.003781616 0.0593813 0.02355259 0.05569839 0.02355259 0.3868187 0.02355259 0.5948316 0.003781616 0.6010808 0.003781616 0.6010808 0.003781616 0.4070204 0.02355259 0.3868187 0.02355259 0.007066845 0.02355259 0.05569839 0.003781616 0.0593813 0.003781616 0.0593813 0.003781616 0.01331609 0.02355259 0.007066845 0.02355259 0.09632092 0.02355259 0.05569839 0.04312562 0.05569839 0.04312562 0.05569839 0.04312562 0.09632092 0.02355259 0.09632092 0.02355259 0.5948316 0.02355259 0.3868187 0.04312562 0.3868187 0.04312562 0.3868187 0.04312562 0.5948316 0.02355259 0.5948316 0.02355259 0.05569839 0.02355259 0.007066845 0.04312562 0.007066845 0.04312562 0.007066845 0.04312562 0.05569839 0.02355259 0.05569839 0.02355259 0.9956471 0.02355259 0.09632092 0.04312562 0.09632092 1.454516 3.90192e-4 0.453952 3.90461e-4 0.453952 1.00039 0.453952 1.00039 1.454516 0.637187 1.454516 3.90192e-4 1.452633 -0.2433817 1.452633 0.637187 0.453952 1.00039 0.453952 1.00039 0.4539519 -0.2433815 1.452633 -0.2433817 1.452633 -0.2433817 1.501018 3.90192e-4 1.501018 0.637187 1.501018 0.637187 1.452633 0.637187 1.452633 -0.2433817 1.454516 3.90192e-4 1.454516 0.637187 0.453952 1.00039 0.453952 1.00039 0.453952 3.90461e-4 1.454516 3.90192e-4 1.452633 -0.2433817 0.4539519 -0.2433815 0.453952 1.00039 0.453952 1.00039 1.452633 0.637187 1.452633 -0.2433817 1.452633 -0.2433817 1.452633 0.637187 1.501018 0.637187 1.501018 0.637187 1.501018 3.90192e-4 1.452633 -0.2433817 1.454516 3.90192e-4 1.454516 0.637187 0.453952 1.00039 0.453952 1.00039 0.453952 3.90461e-4 1.454516 3.90192e-4 1.452633 -0.2433817 0.4539519 -0.2433815 0.453952 1.00039 0.453952 1.00039 1.452633 0.637187 1.452633 -0.2433817 1.452633 -0.2433817 1.452633 0.637187 1.501018 0.637187 1.501018 0.637187 1.501018 3.90192e-4 1.452633 -0.2433817 1.454516 3.90192e-4 0.453952 3.90461e-4 0.453952 1.00039 0.453952 1.00039 1.454516 0.637187 1.454516 3.90192e-4 1.452633 -0.2433817 1.452633 0.637187 0.453952 1.00039 0.453952 1.00039 0.4539519 -0.2433815 1.452633 -0.2433817 1.452633 -0.2433817 1.501018 3.90192e-4 1.501018 0.637187 1.501018 0.637187 1.452633 0.637187 1.452633 -0.2433817 1.254404 0.7098277 1.454516 0.637187 1.454516 3.90192e-4 1.454516 3.90192e-4 1.254404 3.90246e-4 1.254404 0.7098277 1.254404 0.7098277 1.254404 3.90246e-4 1.454516 3.90192e-4 1.454516 3.90192e-4 1.454516 0.637187 1.254404 0.7098277 1.201597 3.90192e-4 1.250562 3.90192e-4 1.250562 0.637187 1.250562 0.637187 1.201597 0.637187 1.201597 3.90192e-4 1.001485 0.7098277 1.050449 0.7098277 1.050449 3.90246e-4 1.050449 3.90246e-4 1.001485 3.90246e-4 1.001485 0.7098277 1.254404 0.7098277 1.254404 3.90246e-4 1.454516 3.90192e-4 1.454516 3.90192e-4 1.454516 0.637187 1.254404 0.7098277 1.254404 0.7098277 1.454516 0.637187 1.454516 3.90192e-4 1.454516 3.90192e-4 1.254404 3.90246e-4 1.254404 0.7098277 1.201597 3.90192e-4 1.201597 0.637187 1.250562 0.637187 1.250562 0.637187 1.250562 3.90192e-4 1.201597 3.90192e-4 1.001485 0.7098277 1.001485 3.90246e-4 1.050449 3.90246e-4 1.050449 3.90246e-4 1.050449 0.7098277 1.001485 0.7098277</float_array>
          <technique_common>
            <accessor source="#ind_apt_carport_01a1200-mesh-map-0-array" count="1824" stride="2">
              <param name="S" type="float"/>
              <param name="T" type="float"/>
            </accessor>
          </technique_common>
        </source>
        <vertices id="ind_apt_carport_01a1200-mesh-vertices">
          <input semantic="POSITION" source="#ind_apt_carport_01a1200-mesh-positions"/>
        </vertices>
        <polylist material="ind_apt_trim-material" count="364">
          <input semantic="VERTEX" source="#ind_apt_carport_01a1200-mesh-vertices" offset="0"/>
          <input semantic="NORMAL" source="#ind_apt_carport_01a1200-mesh-normals" offset="1"/>
          <input semantic="TEXCOORD" source="#ind_apt_carport_01a1200-mesh-map-0" offset="2" set="0"/>
          <vcount>3 3 3 3 3 3 3 3 3 3 3 3 3 3 3 3 3 3 3 3 3 3 3 3 3 3 3 3 3 3 3 3 3 3 3 3 3 3 3 3 3 3 3 3 3 3 3 3 3 3 3 3 3 3 3 3 3 3 3 3 3 3 3 3 3 3 3 3 3 3 3 3 3 3 3 3 3 3 3 3 3 3 3 3 3 3 3 3 3 3 3 3 3 3 3 3 3 3 3 3 3 3 3 3 3 3 3 3 3 3 3 3 3 3 3 3 3 3 3 3 3 3 3 3 3 3 3 3 3 3 3 3 3 3 3 3 3 3 3 3 3 3 3 3 3 3 3 3 3 3 3 3 3 3 3 3 3 3 3 3 3 3 3 3 3 3 3 3 3 3 3 3 3 3 3 3 3 3 3 3 3 3 3 3 3 3 3 3 3 3 3 3 3 3 3 3 3 3 3 3 3 3 3 3 3 3 3 3 3 3 3 3 3 3 3 3 3 3 3 3 3 3 3 3 3 3 3 3 3 3 3 3 3 3 3 3 3 3 3 3 3 3 3 3 3 3 3 3 3 3 3 3 3 3 3 3 3 3 3 3 3 3 3 3 3 3 3 3 3 3 3 3 3 3 3 3 3 3 3 3 3 3 3 3 3 3 3 3 3 3 3 3 3 3 3 3 3 3 3 3 3 3 3 3 3 3 3 3 3 3 3 3 3 3 3 3 3 3 3 3 3 3 3 3 3 3 3 3 3 3 3 3 3 3 3 3 3 3 3 3 3 3 3 3 3 3 3 3 3 3 3 3 3 3 3 3 3 3 3 3 3 3 3 3 </vcount>
          <p>368 0 0 371 0 1 372 0 2 372 1 3 367 1 4 368 1 5 365 2 6 1 2 7 3 2 8 3 3 9 51 3 10 365 3 11 1 4 12 0 4 13 2 4 14 2 5 15 3 5 16 1 5 17 5 6 18 54 6 19 27 6 20 27 7 21 4 7 22 5 7 23 5 8 24 4 8 25 6 8 26 6 9 27 7 9 28 5 9 29 27 10 30 28 10 31 6 10 32 6 11 33 4 11 34 27 11 35 28 12 36 57 12 37 7 12 38 7 13 39 6 13 40 28 13 41 8 14 42 9 14 43 122 14 44 122 15 45 123 15 46 8 15 47 9 16 48 10 16 49 125 16 50 125 17 51 122 17 52 9 17 53 10 18 54 11 18 55 127 18 56 127 19 57 125 19 58 10 19 59 11 20 60 8 20 61 123 20 62 123 21 63 127 21 64 11 21 65 5 22 66 7 22 67 57 22 68 57 23 69 54 23 70 5 23 71 32 24 72 33 24 73 34 24 74 34 25 75 35 25 76 32 25 77 33 26 78 36 26 79 37 26 80 37 27 81 34 27 82 33 27 83 36 28 84 38 28 85 39 28 86 39 29 87 37 29 88 36 29 89 38 30 90 32 30 91 35 30 92 35 31 93 39 31 94 38 31 95 41 32 96 94 32 97 42 32 98 42 33 99 40 33 100 41 33 101 41 34 102 40 34 103 43 34 104 43 35 105 44 35 106 41 35 107 42 36 108 45 36 109 43 36 110 43 37 111 40 37 112 42 37 113 45 38 114 97 38 115 44 38 116 44 39 117 43 39 118 45 39 119 41 40 120 44 40 121 97 40 122 97 41 123 94 41 124 41 41 125 383 42 126 380 42 127 381 42 128 381 43 129 382 43 130 383 43 131 365 44 132 51 44 133 50 44 134 50 45 135 49 45 136 365 45 137 49 46 138 50 46 139 47 46 140 47 47 141 46 47 142 49 47 143 53 48 144 52 48 145 27 48 146 27 49 147 54 49 148 53 49 149 53 50 150 56 50 151 55 50 152 55 51 153 52 51 154 53 51 155 27 52 156 52 52 157 55 52 158 55 53 159 28 53 160 27 53 161 28 54 162 55 54 163 56 54 164 56 55 165 57 55 166 28 55 167 61 56 168 177 56 169 178 56 170 178 57 171 62 57 172 61 57 173 62 58 174 178 58 175 180 58 176 180 59 177 63 59 178 62 59 179 63 60 180 180 60 181 182 60 182 182 61 183 64 61 184 63 61 185 64 62 186 182 62 187 177 62 188 177 63 189 61 63 190 64 63 191 53 64 192 54 64 193 57 64 194 57 65 195 56 65 196 53 65 197 84 66 198 87 66 199 86 66 200 86 67 201 85 67 202 84 67 203 85 68 204 86 68 205 89 68 206 89 69 207 88 69 208 85 69 209 88 70 210 89 70 211 91 70 212 91 71 213 90 71 214 88 71 215 90 72 216 91 72 217 87 72 218 87 73 219 84 73 220 90 73 221 93 74 222 92 74 223 42 74 224 42 75 225 94 75 226 93 75 227 93 76 228 96 76 229 95 76 230 95 77 231 92 77 232 93 77 233 42 78 234 92 78 235 95 78 236 95 79 237 45 79 238 42 79 239 45 80 240 95 80 241 96 80 242 96 81 243 97 81 244 45 81 245 93 82 246 94 82 247 97 82 248 97 83 249 96 83 250 93 83 251 395 84 252 392 84 253 393 84 254 393 85 255 394 85 256 395 85 257 366 86 258 106 86 259 105 86 260 105 87 261 104 87 262 366 87 263 104 88 264 105 88 265 102 88 266 102 89 267 99 89 268 104 89 269 110 90 270 109 90 271 112 90 272 112 91 273 111 91 274 110 91 275 110 92 276 114 92 277 113 92 278 113 93 279 109 93 280 110 93 281 112 94 282 109 94 283 113 94 284 113 95 285 115 95 286 112 95 287 115 96 288 113 96 289 114 96 290 114 97 291 116 97 292 115 97 293 120 98 294 123 98 295 122 98 296 122 99 297 121 99 298 120 99 299 121 100 300 122 100 301 125 100 302 125 101 303 124 101 304 121 101 305 124 102 306 125 102 307 127 102 308 127 103 309 126 103 310 124 103 311 126 104 312 127 104 313 123 104 314 123 105 315 120 105 316 126 105 317 110 106 318 111 106 319 116 106 320 116 107 321 114 107 322 110 107 323 148 108 324 151 108 325 150 108 326 150 109 327 149 109 328 148 109 329 149 110 330 150 110 331 153 110 332 153 111 333 152 111 334 149 111 335 152 112 336 153 112 337 155 112 338 155 113 339 154 113 340 152 113 341 154 114 342 155 114 343 151 114 344 151 115 345 148 115 346 154 115 347 157 116 348 156 116 349 159 116 350 159 117 351 158 117 352 157 117 353 157 118 354 161 118 355 160 118 356 160 119 357 156 119 358 157 119 359 159 120 360 156 120 361 160 120 362 160 121 363 162 121 364 159 121 365 162 122 366 160 122 367 161 122 368 161 123 369 163 123 370 162 123 371 157 124 372 158 124 373 163 124 374 163 125 375 161 125 376 157 125 377 407 126 378 404 126 379 405 126 380 405 127 381 406 127 382 407 127 383 366 128 384 169 128 385 168 128 386 168 129 387 106 129 388 366 129 389 169 130 390 164 130 391 165 130 392 165 131 393 168 131 394 169 131 395 172 132 396 111 132 397 112 132 398 112 133 399 171 133 400 172 133 401 172 134 402 171 134 403 174 134 404 174 135 405 173 135 406 172 135 407 112 136 408 115 136 409 174 136 410 174 137 411 171 137 412 112 137 413 115 138 414 116 138 415 173 138 416 173 139 417 174 139 418 115 139 419 176 140 420 179 140 421 178 140 422 178 141 423 177 141 424 176 141 425 179 142 426 181 142 427 180 142 428 180 143 429 178 143 430 179 143 431 181 144 432 183 144 433 182 144 434 182 145 435 180 145 436 181 145 437 183 146 438 176 146 439 177 146 440 177 147 441 182 147 442 183 147 443 172 148 444 173 148 445 116 148 446 116 149 447 111 149 448 172 149 449 201 150 450 204 150 451 203 150 452 203 151 453 202 151 454 201 151 455 204 152 456 206 152 457 205 152 458 205 153 459 203 153 460 204 153 461 206 154 462 208 154 463 207 154 464 207 155 465 205 155 466 206 155 467 208 156 468 201 156 469 202 156 470 202 157 471 207 157 472 208 157 473 210 158 474 158 158 475 159 158 476 159 159 477 209 159 478 210 159 479 210 160 480 209 160 481 212 160 482 212 161 483 211 161 484 210 161 485 159 162 486 162 162 487 212 162 488 212 163 489 209 163 490 159 163 491 162 164 492 163 164 493 211 164 494 211 165 495 212 165 496 162 165 497 210 166 498 211 166 499 163 166 500 163 167 501 158 167 502 210 167 503 213 168 504 214 168 505 215 168 506 215 169 507 216 169 508 213 169 509 215 170 510 214 170 511 217 170 512 217 171 513 220 171 514 215 171 515 213 172 516 216 172 517 218 172 518 218 173 519 219 173 520 213 173 521 218 174 522 220 174 523 217 174 524 217 175 525 219 175 526 218 175 527 222 176 528 237 176 529 238 176 530 238 177 531 221 177 532 222 177 533 222 178 534 221 178 535 225 178 536 225 179 537 226 179 538 222 179 539 237 180 540 239 181 541 227 182 542 227 182 543 223 183 544 237 180 545 238 184 546 240 185 547 225 186 548 225 186 549 221 187 550 238 184 551 240 188 552 239 188 553 226 188 554 226 189 555 225 189 556 240 189 557 250 190 558 251 191 559 252 192 560 252 192 561 249 193 562 250 190 563 249 193 564 253 194 565 254 195 566 254 195 567 250 190 568 249 193 569 251 191 570 255 196 571 256 197 572 256 197 573 252 192 574 251 191 575 255 196 576 254 195 577 253 194 578 253 194 579 256 197 580 255 196 581 223 198 582 227 198 583 228 198 584 228 199 585 224 199 586 223 199 587 223 200 588 224 200 589 238 200 590 238 201 591 237 201 592 223 201 593 222 202 594 226 203 595 239 181 596 239 181 597 237 180 598 222 202 599 224 204 600 228 205 601 240 185 602 240 185 603 238 184 604 224 204 605 228 206 606 227 206 607 239 206 608 239 207 609 240 207 610 228 207 611 241 208 612 242 208 613 243 208 614 243 209 615 244 209 616 241 209 617 243 210 618 242 210 619 245 210 620 245 211 621 246 211 622 243 211 623 241 212 624 244 212 625 247 212 626 247 213 627 248 213 628 241 213 629 247 214 630 246 214 631 245 214 632 245 215 633 248 215 634 247 215 635 231 216 636 232 217 637 251 191 638 251 191 639 250 190 640 231 216 641 229 218 642 230 218 643 249 218 644 249 219 645 252 219 646 229 219 647 230 220 648 233 221 649 253 194 650 253 194 651 249 193 652 230 220 653 234 222 654 231 216 655 250 190 656 250 190 657 254 195 658 234 222 659 232 217 660 235 223 661 255 196 662 255 196 663 251 191 664 232 217 665 236 224 666 229 225 667 252 192 668 252 192 669 256 197 670 236 224 671 235 223 672 234 222 673 254 195 674 254 195 675 255 196 676 235 223 677 233 226 678 236 226 679 256 226 680 256 227 681 253 227 682 233 227 683 278 228 684 279 228 685 280 228 686 280 229 687 277 229 688 278 229 689 278 230 690 277 230 691 281 230 692 281 231 693 282 231 694 278 231 695 279 232 696 283 232 697 284 232 698 284 233 699 280 233 700 279 233 701 283 234 702 282 234 703 281 234 704 281 235 705 284 235 706 283 235 707 262 236 708 263 236 709 264 236 710 264 237 711 261 237 712 262 237 713 261 238 714 265 239 715 266 240 716 266 240 717 262 241 718 261 238 719 263 242 720 267 243 721 268 244 722 268 244 723 264 245 724 263 242 725 267 246 726 266 246 727 265 246 728 265 247 729 268 247 730 267 247 731 286 248 732 287 248 733 288 248 734 288 249 735 285 249 736 286 249 737 285 250 738 289 250 739 290 250 740 290 251 741 286 251 742 285 251 743 287 252 744 291 252 745 292 252 746 292 253 747 288 253 748 287 253 749 291 254 750 290 254 751 289 254 752 289 255 753 292 255 754 291 255 755 273 256 756 274 256 757 261 256 758 261 257 759 264 257 760 273 257 761 274 258 762 275 259 763 265 239 764 265 239 765 261 238 766 274 258 767 276 260 768 273 261 769 264 245 770 264 245 771 268 244 772 276 260 773 275 262 774 276 262 775 268 262 776 268 263 777 265 263 778 275 263 779 257 264 780 258 264 781 277 264 782 277 265 783 280 265 784 257 265 785 258 266 786 259 266 787 281 266 788 281 267 789 277 267 790 258 267 791 260 268 792 257 268 793 280 268 794 280 269 795 284 269 796 260 269 797 259 270 798 260 270 799 284 270 800 284 271 801 281 271 802 259 271 803 269 272 804 270 272 805 285 272 806 285 273 807 288 273 808 269 273 809 270 274 810 271 274 811 289 274 812 289 275 813 285 275 814 270 275 815 272 276 816 269 276 817 288 276 818 288 277 819 292 277 820 272 277 821 271 278 822 272 278 823 292 278 824 292 279 825 289 279 826 271 279 827 293 280 828 294 280 829 298 280 830 298 281 831 297 281 832 293 281 833 294 282 834 295 282 835 299 282 836 299 283 837 298 283 838 294 283 839 295 284 840 296 284 841 300 284 842 300 285 843 299 285 844 295 285 845 296 286 846 293 286 847 297 286 848 297 287 849 300 287 850 296 287 851 301 288 852 302 288 853 303 288 854 303 289 855 304 289 856 301 289 857 302 290 858 305 290 859 306 290 860 306 291 861 303 291 862 302 291 863 305 292 864 307 292 865 308 292 866 308 293 867 306 293 868 305 293 869 307 294 870 301 294 871 304 294 872 304 295 873 308 295 874 307 295 875 325 296 876 326 296 877 327 296 878 327 297 879 328 297 880 325 297 881 326 298 882 329 298 883 330 298 884 330 299 885 327 299 886 326 299 887 329 300 888 331 300 889 332 300 890 332 301 891 330 301 892 329 301 893 331 302 894 325 302 895 328 302 896 328 303 897 332 303 898 331 303 899 333 304 900 334 304 901 335 304 902 335 305 903 336 305 904 333 305 905 334 306 906 337 306 907 338 306 908 338 307 909 335 307 910 334 307 911 337 308 912 339 308 913 340 308 914 340 309 915 338 309 916 337 309 917 339 310 918 333 310 919 336 310 920 336 311 921 340 311 922 339 311 923 342 312 924 343 312 925 344 312 926 344 313 927 341 313 928 342 313 929 341 314 930 345 314 931 346 314 932 346 315 933 342 315 934 341 315 935 343 316 936 347 316 937 348 316 938 348 317 939 344 317 940 343 317 941 347 318 942 346 318 943 345 318 944 345 319 945 348 319 946 347 319 947 349 320 948 350 320 949 341 320 950 341 321 951 344 321 952 349 321 953 350 322 954 351 322 955 345 322 956 345 323 957 341 323 958 350 323 959 352 324 960 349 324 961 344 324 962 344 325 963 348 325 964 352 325 965 351 326 966 352 326 967 348 326 968 348 327 969 345 327 970 351 327 971 354 328 972 355 328 973 356 328 974 356 329 975 353 329 976 354 329 977 353 330 978 357 330 979 358 330 980 358 331 981 354 331 982 353 331 983 355 332 984 359 332 985 360 332 986 360 333 987 356 333 988 355 333 989 359 334 990 358 334 991 357 334 992 357 335 993 360 335 994 359 335 995 361 336 996 362 336 997 353 336 998 353 337 999 356 337 1000 361 337 1001 362 338 1002 363 338 1003 357 338 1004 357 339 1005 353 339 1006 362 339 1007 364 340 1008 361 340 1009 356 340 1010 356 341 1011 360 341 1012 364 341 1013 363 342 1014 364 342 1015 360 342 1016 360 343 1017 357 343 1018 363 343 1019 100 344 1020 101 344 1021 370 344 1022 370 345 1023 369 345 1024 100 345 1025 369 346 1026 370 346 1027 371 346 1028 371 347 1029 368 347 1030 369 347 1031 2 348 1032 0 348 1033 367 348 1034 367 349 1035 372 349 1036 2 349 1037 166 350 1038 167 350 1039 379 350 1040 379 351 1041 384 351 1042 166 351 1043 384 352 1044 379 352 1045 380 352 1046 380 353 1047 383 353 1048 384 353 1049 46 354 1050 47 354 1051 382 354 1052 382 355 1053 381 355 1054 46 355 1055 101 356 1056 100 356 1057 391 356 1058 391 357 1059 396 357 1060 101 357 1061 396 358 1062 391 358 1063 392 358 1064 392 359 1065 395 359 1066 396 359 1067 99 360 1068 102 360 1069 394 360 1070 394 361 1071 393 361 1072 99 361 1073 167 362 1074 166 362 1075 403 362 1076 403 363 1077 408 363 1078 167 363 1079 408 364 1080 403 364 1081 404 364 1082 404 365 1083 407 365 1084 408 365 1085 165 366 1086 164 366 1087 406 366 1088 406 367 1089 405 367 1090 165 367 1091</p>
        </polylist>
        <polylist material="ind_apt_roof-material" count="108">
          <input semantic="VERTEX" source="#ind_apt_carport_01a1200-mesh-vertices" offset="0"/>
          <input semantic="NORMAL" source="#ind_apt_carport_01a1200-mesh-normals" offset="1"/>
          <input semantic="TEXCOORD" source="#ind_apt_carport_01a1200-mesh-map-0" offset="2" set="0"/>
          <vcount>3 3 3 3 3 3 3 3 3 3 3 3 3 3 3 3 3 3 3 3 3 3 3 3 3 3 3 3 3 3 3 3 3 3 3 3 3 3 3 3 3 3 3 3 3 3 3 3 3 3 3 3 3 3 3 3 3 3 3 3 3 3 3 3 3 3 3 3 3 3 3 3 3 3 3 3 3 3 3 3 3 3 3 3 3 3 3 3 3 3 3 3 3 3 3 3 3 3 3 3 3 3 3 3 3 3 3 3 </vcount>
          <p>107 368 1092 108 369 1093 375 370 1094 375 370 1095 374 371 1096 371 372 1097 371 372 1098 370 373 1099 375 370 1100 368 374 1101 377 375 1102 376 376 1103 376 376 1104 369 377 1105 368 374 1106 383 378 1107 386 379 1108 385 380 1109 385 380 1110 384 381 1111 383 378 1112 197 382 1113 98 383 1114 390 384 1115 390 384 1116 389 385 1117 380 386 1118 380 386 1119 379 387 1120 390 384 1121 142 388 1122 376 376 1123 98 383 1124 170 389 1125 385 380 1126 108 369 1127 107 368 1128 397 390 1129 108 369 1130 395 391 1131 398 392 1132 397 390 1133 397 390 1134 396 393 1135 395 391 1136 402 394 1137 401 395 1138 392 396 1139 392 396 1140 391 397 1141 402 394 1142 411 398 1143 410 399 1144 404 400 1145 404 400 1146 403 401 1147 411 398 1148 197 382 1149 412 402 1150 98 383 1151 407 403 1152 413 404 1153 412 402 1154 412 402 1155 408 405 1156 407 403 1157 142 388 1158 98 383 1159 402 394 1160 170 389 1161 108 369 1162 411 398 1163 373 406 1164 3 407 1165 2 408 1166 2 408 1167 372 409 1168 373 406 1169 374 371 1170 373 406 1171 372 409 1172 372 409 1173 371 372 1174 374 371 1175 370 373 1176 101 410 1177 107 368 1178 107 368 1179 375 370 1180 370 373 1181 0 411 1182 1 412 1183 378 413 1184 378 413 1185 367 414 1186 0 411 1187 368 374 1188 367 414 1189 378 413 1190 378 413 1191 377 375 1192 368 374 1193 142 388 1194 100 415 1195 369 377 1196 369 377 1197 376 376 1198 142 388 1199 47 416 1200 50 417 1201 387 418 1202 387 418 1203 382 419 1204 47 416 1205 382 419 1206 387 418 1207 386 379 1208 386 379 1209 383 378 1210 382 419 1211 170 389 1212 166 420 1213 384 381 1214 384 381 1215 385 380 1216 170 389 1217 388 421 1218 49 422 1219 46 423 1220 46 423 1221 381 424 1222 388 421 1223 389 385 1224 388 421 1225 381 424 1226 381 424 1227 380 386 1228 389 385 1229 379 387 1230 167 425 1231 197 382 1232 197 382 1233 390 384 1234 379 387 1235 102 426 1236 105 427 1237 399 428 1238 399 428 1239 394 429 1240 102 426 1241 394 429 1242 399 428 1243 398 392 1244 398 392 1245 395 391 1246 394 429 1247 107 368 1248 101 410 1249 396 393 1250 396 393 1251 397 390 1252 107 368 1253 400 430 1254 104 431 1255 99 432 1256 99 432 1257 393 433 1258 400 430 1259 401 395 1260 400 430 1261 393 433 1262 393 433 1263 392 396 1264 401 395 1265 391 397 1266 100 415 1267 142 388 1268 142 388 1269 402 394 1270 391 397 1271 409 434 1272 168 435 1273 165 436 1274 165 436 1275 405 437 1276 409 434 1277 410 399 1278 409 434 1279 405 437 1280 405 437 1281 404 400 1282 410 399 1283 403 401 1284 166 420 1285 170 389 1286 170 389 1287 411 398 1288 403 401 1289 164 438 1290 169 439 1291 414 440 1292 414 440 1293 406 441 1294 164 438 1295 406 441 1296 414 440 1297 413 404 1298 413 404 1299 407 403 1300 406 441 1301 197 382 1302 167 425 1303 408 405 1304 408 405 1305 412 402 1306 197 382 1307 108 369 1308 416 442 1309 410 399 1310 108 369 1311 410 399 1312 411 398 1313 386 379 1314 415 443 1315 108 369 1316 385 380 1317 386 379 1318 108 369 1319 386 379 1320 387 418 1321 51 444 1322 387 418 1323 50 417 1324 51 444 1325 51 444 1326 3 407 1327 373 406 1328 51 444 1329 373 406 1330 374 371 1331 108 369 1332 415 443 1333 374 371 1334 108 369 1335 374 371 1336 375 370 1337 398 392 1338 416 442 1339 108 369 1340 397 390 1341 398 392 1342 108 369 1343 398 392 1344 399 428 1345 106 445 1346 399 428 1347 105 427 1348 106 445 1349 106 445 1350 168 435 1351 409 434 1352 106 445 1353 409 434 1354 410 399 1355 414 440 1356 169 439 1357 366 446 1358 366 446 1359 413 404 1360 414 440 1361 412 402 1362 413 404 1363 98 383 1364 413 404 1365 366 446 1366 98 383 1367 98 383 1368 365 447 1369 389 385 1370 98 383 1371 389 385 1372 390 384 1373 365 447 1374 388 421 1375 389 385 1376 365 447 1377 49 422 1378 388 421 1379 376 376 1380 377 375 1381 98 383 1382 98 383 1383 366 446 1384 401 395 1385 98 383 1386 401 395 1387 402 394 1388 377 375 1389 365 447 1390 98 383 1391 378 413 1392 1 412 1393 365 447 1394 377 375 1395 378 413 1396 365 447 1397 366 446 1398 104 431 1399 400 430 1400 366 446 1401 400 430 1402 401 395 1403 416 442 1404 106 445 1405 410 399 1406 398 392 1407 106 445 1408 416 442 1409 386 379 1410 51 444 1411 415 443 1412 415 443 1413 51 444 1414 374 371 1415</p>
        </polylist>
        <polylist material="ind_apt_concrete-material" count="96">
          <input semantic="VERTEX" source="#ind_apt_carport_01a1200-mesh-vertices" offset="0"/>
          <input semantic="NORMAL" source="#ind_apt_carport_01a1200-mesh-normals" offset="1"/>
          <input semantic="TEXCOORD" source="#ind_apt_carport_01a1200-mesh-map-0" offset="2" set="0"/>
          <vcount>3 3 3 3 3 3 3 3 3 3 3 3 3 3 3 3 3 3 3 3 3 3 3 3 3 3 3 3 3 3 3 3 3 3 3 3 3 3 3 3 3 3 3 3 3 3 3 3 3 3 3 3 3 3 3 3 3 3 3 3 3 3 3 3 3 3 3 3 3 3 3 3 3 3 3 3 3 3 3 3 3 3 3 3 3 3 3 3 3 3 3 3 3 3 3 3 </vcount>
          <p>117 448 1416 59 449 1417 23 450 1418 23 450 1419 12 451 1420 117 448 1421 26 452 1422 129 453 1423 12 451 1424 12 451 1425 23 450 1426 26 452 1427 24 454 1428 25 455 1429 132 456 1430 132 456 1431 14 457 1432 24 454 1433 21 458 1434 22 459 1435 20 460 1436 14 457 1437 129 453 1438 26 452 1439 26 452 1440 24 454 1441 14 457 1442 22 459 1443 19 461 1444 20 460 1445 19 461 1446 17 462 1447 20 460 1448 16 463 1449 18 464 1450 17 462 1451 17 462 1452 19 461 1453 16 463 1454 15 465 1455 13 466 1456 22 459 1457 22 459 1458 21 458 1459 15 465 1460 13 466 1461 16 463 1462 19 461 1463 19 461 1464 22 459 1465 13 466 1466 18 464 1467 16 463 1468 26 452 1469 26 452 1470 23 450 1471 18 464 1472 13 466 1473 15 465 1474 25 455 1475 25 455 1476 24 454 1477 13 466 1478 16 463 1479 13 466 1480 24 454 1481 24 454 1482 26 452 1483 16 463 1484 59 449 1485 18 464 1486 23 450 1487 117 448 1488 58 467 1489 60 468 1490 60 468 1491 59 449 1492 117 448 1493 65 469 1494 60 468 1495 58 467 1496 58 467 1497 66 470 1498 65 469 1499 67 471 1500 69 472 1501 186 473 1502 186 473 1503 68 474 1504 67 471 1505 70 475 1506 72 476 1507 71 477 1508 69 472 1509 67 471 1510 65 469 1511 65 469 1512 66 470 1513 69 472 1514 71 477 1515 72 476 1516 73 478 1517 73 478 1518 72 476 1519 74 479 1520 75 480 1521 73 478 1522 74 479 1523 74 479 1524 76 481 1525 75 480 1526 77 482 1527 70 475 1528 71 477 1529 71 477 1530 78 483 1531 77 482 1532 78 483 1533 71 477 1534 73 478 1535 73 478 1536 75 480 1537 78 483 1538 76 481 1539 60 468 1540 65 469 1541 65 469 1542 75 480 1543 76 481 1544 78 483 1545 67 471 1546 68 474 1547 68 474 1548 77 482 1549 78 483 1550 75 480 1551 65 469 1552 67 471 1553 67 471 1554 78 483 1555 75 480 1556 59 449 1557 60 468 1558 76 481 1559 117 448 1560 12 451 1561 119 484 1562 119 484 1563 118 485 1564 117 448 1565 128 486 1566 119 484 1567 12 451 1568 12 451 1569 129 453 1570 128 486 1571 130 487 1572 14 457 1573 132 456 1574 132 456 1575 131 488 1576 130 487 1577 133 489 1578 135 490 1579 134 491 1580 14 457 1581 130 487 1582 128 486 1583 128 486 1584 129 453 1585 14 457 1586 134 491 1587 135 490 1588 136 492 1589 136 492 1590 135 490 1591 137 493 1592 138 494 1593 136 492 1594 137 493 1595 137 493 1596 139 495 1597 138 494 1598 140 496 1599 133 489 1600 134 491 1601 134 491 1602 141 497 1603 140 496 1604 141 497 1605 134 491 1606 136 492 1607 136 492 1608 138 494 1609 141 497 1610 139 495 1611 119 484 1612 128 486 1613 128 486 1614 138 494 1615 139 495 1616 141 497 1617 130 487 1618 131 488 1619 131 488 1620 140 496 1621 141 497 1622 138 494 1623 128 486 1624 130 487 1625 130 487 1626 141 497 1627 138 494 1628 118 485 1629 119 484 1630 139 495 1631 117 448 1632 118 485 1633 175 498 1634 175 498 1635 58 467 1636 117 448 1637 184 499 1638 66 470 1639 58 467 1640 58 467 1641 175 498 1642 184 499 1643 185 500 1644 187 501 1645 186 473 1646 186 473 1647 69 472 1648 185 500 1649 188 502 1650 190 503 1651 189 504 1652 69 472 1653 66 470 1654 184 499 1655 184 499 1656 185 500 1657 69 472 1658 190 503 1659 191 505 1660 189 504 1661 191 505 1662 192 506 1663 189 504 1664 193 507 1665 194 508 1666 192 506 1667 192 506 1668 191 505 1669 193 507 1670 195 509 1671 196 510 1672 190 503 1673 190 503 1674 188 502 1675 195 509 1676 196 510 1677 193 507 1678 191 505 1679 191 505 1680 190 503 1681 196 510 1682 194 508 1683 193 507 1684 184 499 1685 184 499 1686 175 498 1687 194 508 1688 196 510 1689 195 509 1690 187 501 1691 187 501 1692 185 500 1693 196 510 1694 193 507 1695 196 510 1696 185 500 1697 185 500 1698 184 499 1699 193 507 1700 118 485 1701 194 508 1702 175 498 1703</p>
        </polylist>
        <polylist material="ind_apt_siding-material" count="40">
          <input semantic="VERTEX" source="#ind_apt_carport_01a1200-mesh-vertices" offset="0"/>
          <input semantic="NORMAL" source="#ind_apt_carport_01a1200-mesh-normals" offset="1"/>
          <input semantic="TEXCOORD" source="#ind_apt_carport_01a1200-mesh-map-0" offset="2" set="0"/>
          <vcount>3 3 3 3 3 3 3 3 3 3 3 3 3 3 3 3 3 3 3 3 3 3 3 3 3 3 3 3 3 3 3 3 3 3 3 3 3 3 3 3 </vcount>
          <p>18 511 1704 59 511 1705 79 511 1706 79 512 1707 29 512 1708 18 512 1709 30 513 1710 31 513 1711 48 513 1712 48 514 1713 83 514 1714 30 514 1715 30 515 1716 18 515 1717 29 515 1718 29 516 1719 31 516 1720 30 516 1721 76 517 1722 80 517 1723 79 517 1724 79 518 1725 59 518 1726 76 518 1727 81 519 1728 83 519 1729 48 519 1730 48 520 1731 82 520 1732 81 520 1733 81 521 1734 82 521 1735 80 521 1736 80 522 1737 76 522 1738 81 522 1739 139 523 1740 144 523 1741 143 523 1742 143 524 1743 118 524 1744 139 524 1745 145 525 1746 147 525 1747 103 525 1748 103 526 1749 146 526 1750 145 526 1751 145 527 1752 146 527 1753 144 527 1754 144 528 1755 139 528 1756 145 528 1757 194 529 1758 118 529 1759 143 529 1760 143 530 1761 198 530 1762 194 530 1763 199 531 1764 200 531 1765 103 531 1766 103 532 1767 147 532 1768 199 532 1769 199 533 1770 194 533 1771 198 533 1772 198 534 1773 200 534 1774 199 534 1775 312 535 1776 310 535 1777 309 535 1778 309 536 1779 311 536 1780 312 536 1781 313 537 1782 316 537 1783 315 537 1784 315 538 1785 314 538 1786 313 538 1787 315 539 1788 309 539 1789 310 539 1790 310 540 1791 314 540 1792 315 540 1793 313 541 1794 312 541 1795 311 541 1796 311 542 1797 316 542 1798 313 542 1799 317 543 1800 320 543 1801 319 543 1802 319 544 1803 318 544 1804 317 544 1805 321 545 1806 324 545 1807 323 545 1808 323 546 1809 322 546 1810 321 546 1811 323 547 1812 324 547 1813 318 547 1814 318 548 1815 319 548 1816 323 548 1817 321 549 1818 322 549 1819 320 549 1820 320 550 1821 317 550 1822 321 550 1823</p>
        </polylist>
      </mesh>
    </geometry>
    <geometry id="Colmesh-1-mesh" name="Colmesh-1">
      <mesh>
        <source id="Colmesh-1-mesh-positions">
          <float_array id="Colmesh-1-mesh-positions-array" count="228">-538.9999 -510.301 259.2282 -539 -510.301 278.0512 -539.0001 -504.0009 7.05719e-5 -528 -504.001 6.86646e-5 -539.0001 -532.7446 -3.335705 -539.0001 -504 -104.9999 -539.0002 -708.7838 -104.9999 -539.0001 -566.1021 -15.76887 -527.9999 -504.0009 261.2263 -538.9999 -504.001 -104.9999 -538.9999 -504.0009 261.2263 -538.9998 510.301 259.2282 -538.9999 510.301 278.0512 -539.0011 0 410.2192 -539.0023 0 429.0422 -528 504.001 6.86646e-5 -539.0002 708.7838 -104.9999 -539.0001 566.1021 -15.76887 -539.0001 504 -104.9999 -539.0001 532.7446 -3.335705 -539.0001 504.0009 7.05719e-5 -528.0001 0 410.2192 -527.9999 504.0009 261.2263 -538.9999 504.001 -104.9999 -538.9999 504.0009 261.2263 539 -510.301 259.2282 539.0001 -510.301 278.0512 539.0011 0 410.2192 539.0023 0 429.0422 528 -504.001 6.86646e-5 539.0002 -708.7838 -104.9999 539.0001 -566.1021 -15.76887 539.0001 -504 -104.9999 539.0001 -532.7446 -3.335705 539.0001 -504.0009 7.05719e-5 528.0001 0 410.2192 527.9999 -504.0009 261.2263 538.9999 -504.001 -104.9999 538.9999 -504.0009 261.2263 539.0001 510.301 259.2282 539.0001 510.301 278.0512 528 504.001 6.86646e-5 539.0002 708.7838 -104.9999 539.0001 504 -104.9999 539.0001 566.1021 -15.76887 539.0001 532.7446 -3.335705 539.0001 504.0009 7.05719e-5 527.9999 504.0009 261.2263 538.9999 504.001 -104.9999 538.9999 504.0009 261.2263 -539.0011 0 410.2192 539.0011 0 410.2192 10.51544 -403.2007 291.0248 10.51545 -504.0009 261.2263 10.51524 -504.001 -3.05176e-5 10.51523 -403.2008 -1.52588e-5 -10.51515 -403.2007 291.0248 -10.51536 -403.2008 -1.52588e-5 -10.51535 -504.001 -1.52588e-5 -10.51514 -504.0009 261.2263 10.51544 403.2007 291.0248 10.51523 403.2008 -3.05176e-5 10.51524 504.001 -1.52588e-5 10.51545 504.0009 261.2263 -10.51515 403.2007 291.0248 -10.51514 504.0009 261.2263 -10.51535 504.001 0 -10.51536 403.2008 -3.05176e-5 10.48006 10.00346 236.1979 10.48006 -10.00345 236.1979 10.47971 -10.00342 0 10.4797 10.0035 0 -10.47992 10.0035 0 -10.47968 10.00346 236.1979 -10.47968 -10.00345 236.1979 -10.47992 -10.00342 0</float_array>
          <technique_common>
            <accessor source="#Colmesh-1-mesh-positions-array" count="76" stride="3">
              <param name="X" type="float"/>
              <param name="Y" type="float"/>
              <param name="Z" type="float"/>
            </accessor>
          </technique_common>
        </source>
        <source id="Colmesh-1-mesh-normals">
          <float_array id="Colmesh-1-mesh-normals-array" count="300">-1 -4.73252e-7 -6.48517e-6 -1 1.38038e-5 -6.16091e-5 -1 -1.35646e-5 -6.16091e-5 -1 1.55229e-6 -3.24258e-6 0 -1 0 0 -1 0 1 1.39235e-5 -6.16091e-5 1 -1.19348e-6 -3.24258e-6 0 1 0 0 1 0 1 2.0333e-6 0 1 -1.39235e-5 -6.16091e-5 1 4.76672e-7 -1.4818e-6 1 0 -1.52218e-6 0 1 1.69579e-7 0 1 1.6958e-7 0 -1 -1.25166e-7 0 -1 -1.25166e-7 -1 0 1.01344e-6 -1 0 1.01344e-6 -1 5.96094e-7 4.14863e-7 -1 0 0 -1 0 0 0.68099 -0.1713004 0.7119053 -0.2616657 -0.5663015 0.7815485 0.2616657 -0.5663015 0.7815485 -0.68099 -0.1713004 0.7119053 0.3351848 -0.499527 0.7987915 0.6850795 -0.3219703 0.6534318 -0.6850795 -0.3219703 0.6534318 -0.3351848 -0.499527 0.7987915 -0.6796167 -0.08453625 0.7286599 -1 -5.96094e-7 4.14863e-7 -1 0 0 -1 0 0 -0.68099 0.1713004 0.7119053 0.2616657 0.5663015 0.7815485 -0.2616657 0.5663015 0.7815485 0.68099 0.1713004 0.7119053 0.6850795 0.3219703 0.6534318 -0.6850795 0.3219703 0.6534318 -0.6796167 0.08453625 0.7286599 1 5.96094e-7 4.14863e-7 1 0 0 1 0 0 0.6796167 -0.08453625 0.7286599 1 -5.96094e-7 4.14863e-7 1 0 0 1 0 0 -0.3351848 0.499527 0.7987915 0.3351848 0.499527 0.7987915 0.6796167 0.08453625 0.7286599 -5.57579e-6 -1 5.84124e-7 0 -1 4.16649e-7 1 0 -4.67297e-7 1 0 -4.67297e-7 -1 0 0 -1 0 0 0 1 4.16649e-7 -5.57579e-6 1 5.84124e-7 0 -1 4.16649e-7 5.57579e-6 -1 5.84124e-7 -1 0 -4.67297e-7 -1 0 -4.67297e-7 1 0 0 1 0 0 5.57579e-6 1 5.84124e-7 0 1 4.16649e-7 1 0 1.22895e-6 -1 0 1.22895e-6 -1 0 -8.19303e-6 1 0 -8.19303e-6 1 3.32042e-7 -8.03167e-7 1 0 -7.20929e-7 -1 0 7.2093e-7 -1 -3.41503e-7 8.03167e-7 0 -1 5.84121e-7 0 -1 5.84121e-7 0 1 -3.14587e-7 0 1 -3.14587e-7 1 0 -7.20929e-7 1 -3.32042e-7 -8.03167e-7 -1 3.41503e-7 8.03167e-7 -1 0 7.2093e-7 0 1 5.84121e-7 0 1 5.84121e-7 0 -1 -3.14587e-7 0 -1 -3.14587e-7 -0.7768487 0 -0.6296579 0.7768487 0 -0.6296579 0.5637074 -0.4942778 -0.6617329 -0.5637074 -0.4942778 -0.6617329 0.6484878 0 0.7611927 -0.6484878 0 0.7611927 -0.5939818 -0.6444899 0.4813989 0.5939818 -0.6444899 0.4813989 -0.5637074 0.4942778 -0.6617329 0.5637074 0.4942778 -0.6617329 0.5939818 0.6444899 0.4813989 -0.5939818 0.6444899 0.4813989</float_array>
          <technique_common>
            <accessor source="#Colmesh-1-mesh-normals-array" count="100" stride="3">
              <param name="X" type="float"/>
              <param name="Y" type="float"/>
              <param name="Z" type="float"/>
            </accessor>
          </technique_common>
        </source>
        <source id="Colmesh-1-mesh-map-0">
          <float_array id="Colmesh-1-mesh-map-0-array" count="564">-0.001163661 1.265108 3.38583e-4 -4.5848e-4 0.0508188 5.48642e-5 0.0508188 5.48642e-5 0.04931676 1.265621 -0.001163661 1.265108 -0.001163661 1.265108 0.04931676 1.265621 0.0508188 5.48642e-5 0.0508188 5.48642e-5 3.38582e-4 -4.58481e-4 -0.001163661 1.265108 0.04995298 0.9942533 0.04995298 0.9942533 0 0.9942533 0 0.9942533 0 0.9942533 0.04995298 0.9942533 -0.001163661 1.265108 0.04931676 1.265621 0.0508188 5.48642e-5 0.0508188 5.48642e-5 3.38582e-4 -4.58481e-4 -0.001163661 1.265108 0 0.9942533 0.04995298 0.9942533 0.04995298 0.9942533 0.04995298 0.9942533 0 0.9942533 0 0.9942533 -0.001163661 1.265108 3.38583e-4 -4.5848e-4 0.0508188 5.48642e-5 0.0508188 5.48642e-5 0.04931676 1.265621 -0.001163661 1.265108 0.3993077 1.04334 0.3993077 0.2194928 0.3544928 0.2194928 0.3544928 0.2194928 0.3544928 1.04334 0.3993077 1.04334 0.4549613 0.2880166 0.4069363 0.2880166 0.4069361 0.9493323 0.4069361 0.9493323 0.4549611 0.9493323 0.4549613 0.2880166 0.4531353 0.9493323 0.4067118 0.9493323 0.406712 0.2880166 0.406712 0.2880166 0.4531355 0.2880166 0.4531353 0.9493323 0.3993077 1.04334 0.3544929 1.04334 0.3544929 0.2194928 0.3544929 0.2194928 0.3993077 0.2194928 0.3993077 1.04334 0.4199907 0.04294043 0.1297644 0.2227496 0.005629062 0.04294037 0.1297644 0.2227496 0.06087177 0.2527183 0.005629062 0.04294037 0.06087177 0.2527183 0.005628943 0.2586814 0.005629062 0.04294037 0.003781616 0.0593813 0.02355259 0.09632092 0.02355259 0.09632092 0.02355259 0.09632092 0.003781616 0.0593813 0.003781616 0.0593813 0.003781616 0.4070204 0.003781616 0.6010808 0.003781616 0.6010808 0.003781616 0.6010808 0.003781616 0.4070204 0.003781616 0.4070204 0.02355259 0.09632092 0.003781616 0.09632092 0.003781616 0.0593813 0.4199907 0.04294043 0.005629062 0.04294037 0.1297644 0.2227496 0.1297644 0.2227496 0.005629062 0.04294037 0.06087177 0.2527183 0.06087177 0.2527183 0.005629062 0.04294037 0.005628943 0.2586814 0.003781616 0.0593813 0.02355259 0.09632092 0.02355259 0.09632092 0.02355259 0.09632092 0.003781616 0.0593813 0.003781616 0.0593813 0.003781616 0.0593813 0.003781616 0.0593813 0.003781616 0.01331609 0.003781616 0.01331609 0.003781616 0.01331609 0.003781616 0.0593813 0.02355259 0.09632092 0.003781616 0.0593813 0.003781616 0.09632092 0.02355259 0.09632092 0.02355259 0.09632092 0.02355259 0.09632092 0.02355259 0.09632092 0.02355259 0.09632092 0.02355259 0.09632092 0.4199907 0.04294043 0.005629062 0.04294037 0.1297644 0.2227496 0.1297644 0.2227496 0.005629062 0.04294037 0.06087177 0.2527183 0.06087177 0.2527183 0.005629062 0.04294037 0.005628943 0.2586814 0.003781616 0.01331609 0.003781616 0.0593813 0.003781616 0.0593813 0.003781616 0.0593813 0.003781616 0.01331609 0.003781616 0.01331609 0.02355259 0.09632092 0.003781616 0.0593813 0.003781616 0.09632092 0.4199907 0.04294043 0.1297644 0.2227496 0.005629062 0.04294037 0.1297644 0.2227496 0.06087177 0.2527183 0.005629062 0.04294037 0.06087177 0.2527183 0.005628943 0.2586814 0.005629062 0.04294037 0.003781616 0.4070204 0.003781616 0.6010808 0.003781616 0.6010808 0.003781616 0.6010808 0.003781616 0.4070204 0.003781616 0.4070204 0.02355259 0.09632092 0.003781616 0.09632092 0.003781616 0.0593813 1.452633 -0.2433817 1.501018 3.90192e-4 1.501018 0.637187 1.501018 0.637187 1.452633 0.637187 1.452633 -0.2433817 1.454516 0.637187 1.454516 0.637187 1.454516 3.90192e-4 1.454516 3.90192e-4 1.454516 3.90192e-4 1.454516 0.637187 1.452633 -0.2433817 1.452633 0.637187 1.452633 0.637187 1.452633 0.637187 1.452633 -0.2433817 1.452633 -0.2433817 1.452633 -0.2433817 1.452633 0.637187 1.501018 0.637187 1.501018 0.637187 1.501018 3.90192e-4 1.452633 -0.2433817 1.452633 -0.2433817 1.452633 0.637187 1.501018 0.637187 1.501018 0.637187 1.501018 3.90192e-4 1.452633 -0.2433817 1.454516 3.90192e-4 1.454516 0.637187 1.454516 0.637187 1.454516 0.637187 1.454516 3.90192e-4 1.454516 3.90192e-4 1.452633 0.637187 1.452633 0.637187 1.452633 -0.2433817 1.452633 -0.2433817 1.452633 -0.2433817 1.452633 0.637187 1.452633 -0.2433817 1.501018 3.90192e-4 1.501018 0.637187 1.501018 0.637187 1.452633 0.637187 1.452633 -0.2433817 1.454516 0.637187 0.453952 1.00039 1.454516 0.637187 1.454516 0.637187 0.453952 1.00039 1.454516 0.637187 1.452633 0.637187 0.453952 1.00039 1.452633 0.637187 1.452633 0.637187 0.453952 1.00039 1.452633 0.637187 1.254404 0.7098277 1.454516 0.637187 1.454516 3.90192e-4 1.454516 3.90192e-4 1.254404 3.90246e-4 1.254404 0.7098277 1.254404 0.7098277 1.254404 3.90246e-4 1.454516 3.90192e-4 1.454516 3.90192e-4 1.454516 0.637187 1.254404 0.7098277 1.201597 3.90192e-4 1.250562 3.90192e-4 1.250562 0.637187 1.250562 0.637187 1.201597 0.637187 1.201597 3.90192e-4 1.001485 0.7098277 1.050449 0.7098277 1.050449 3.90246e-4 1.050449 3.90246e-4 1.001485 3.90246e-4 1.001485 0.7098277 1.254404 0.7098277 1.254404 3.90246e-4 1.454516 3.90192e-4 1.454516 3.90192e-4 1.454516 0.637187 1.254404 0.7098277 1.254404 0.7098277 1.454516 0.637187 1.454516 3.90192e-4 1.454516 3.90192e-4 1.254404 3.90246e-4 1.254404 0.7098277 1.201597 3.90192e-4 1.201597 0.637187 1.250562 0.637187 1.250562 0.637187 1.250562 3.90192e-4 1.201597 3.90192e-4 1.001485 0.7098277 1.001485 3.90246e-4 1.050449 3.90246e-4 1.050449 3.90246e-4 1.050449 0.7098277 1.001485 0.7098277 2.68221e-6 1 2.68221e-6 1 0.005746781 0 0.005746781 0 0.005746781 0 2.68221e-6 1 2.74181e-6 1 2.74181e-6 1 0.005746722 0 0.005746722 0 0.005746722 0 2.74181e-6 1 2.68221e-6 1 2.68221e-6 1 0.005746781 0 0.005746781 0 0.005746781 0 2.68221e-6 1 0.005746722 0 0.005746722 0 2.74181e-6 1 2.74181e-6 1 2.74181e-6 1 0.005746722 0</float_array>
          <technique_common>
            <accessor source="#Colmesh-1-mesh-map-0-array" count="282" stride="2">
              <param name="S" type="float"/>
              <param name="T" type="float"/>
            </accessor>
          </technique_common>
        </source>
        <vertices id="Colmesh-1-mesh-vertices">
          <input semantic="POSITION" source="#Colmesh-1-mesh-positions"/>
        </vertices>
        <polylist material="ind_apt_trim-material" count="20">
          <input semantic="VERTEX" source="#Colmesh-1-mesh-vertices" offset="0"/>
          <input semantic="NORMAL" source="#Colmesh-1-mesh-normals" offset="1"/>
          <input semantic="TEXCOORD" source="#Colmesh-1-mesh-map-0" offset="2" set="0"/>
          <vcount>3 3 3 3 3 3 3 3 3 3 3 3 3 3 3 3 3 3 3 3 </vcount>
          <p>50 0 0 0 0 1 1 0 2 1 1 3 14 1 4 50 1 5 50 2 6 14 2 7 12 2 8 12 3 9 11 3 10 50 3 11 26 4 12 1 4 13 0 4 14 0 5 15 25 5 16 26 5 17 51 6 18 28 6 19 26 6 20 26 7 21 25 7 22 51 7 23 11 8 24 12 8 25 40 8 26 40 9 27 39 9 28 11 9 29 51 10 30 39 10 31 40 10 32 40 11 33 28 11 34 51 11 35 69 12 36 70 12 37 71 12 38 71 13 39 68 13 40 69 13 41 71 14 42 72 14 43 73 14 44 73 15 45 68 15 46 71 15 47 69 16 48 74 16 49 75 16 50 75 17 51 70 17 52 69 17 53 74 18 54 73 18 55 72 18 56 72 19 57 75 19 58 74 19 59</p>
        </polylist>
        <polylist material="ind_apt_roof-material" count="8">
          <input semantic="VERTEX" source="#Colmesh-1-mesh-vertices" offset="0"/>
          <input semantic="NORMAL" source="#Colmesh-1-mesh-normals" offset="1"/>
          <input semantic="TEXCOORD" source="#Colmesh-1-mesh-map-0" offset="2" set="0"/>
          <vcount>3 3 3 3 3 3 3 3 </vcount>
          <p>50 88 258 51 89 259 25 90 260 25 90 261 0 91 262 50 88 263 28 92 264 14 93 265 1 94 266 1 94 267 26 95 268 28 92 269 51 89 270 50 88 271 11 96 272 11 96 273 39 97 274 51 89 275 40 98 276 12 99 277 14 93 278 14 93 279 28 92 280 40 98 281</p>
        </polylist>
        <polylist material="ind_apt_concrete-material" count="30">
          <input semantic="VERTEX" source="#Colmesh-1-mesh-vertices" offset="0"/>
          <input semantic="NORMAL" source="#Colmesh-1-mesh-normals" offset="1"/>
          <input semantic="TEXCOORD" source="#Colmesh-1-mesh-map-0" offset="2" set="0"/>
          <vcount>3 3 3 3 3 3 3 3 3 3 3 3 3 3 3 3 3 3 3 3 3 3 3 3 3 3 3 3 3 3 </vcount>
          <p>6 20 60 7 20 61 5 20 62 7 21 63 4 21 64 5 21 65 4 22 66 2 22 67 5 22 68 33 23 69 29 24 70 3 25 71 3 25 72 4 26 73 33 23 74 30 27 75 31 28 76 7 29 77 7 29 78 6 30 79 30 27 80 3 25 81 2 31 82 4 26 83 16 32 84 18 32 85 17 32 86 17 33 87 18 33 88 19 33 89 19 34 90 18 34 91 20 34 92 19 35 93 15 36 94 41 37 95 41 37 96 45 38 97 19 35 98 19 35 99 45 38 100 44 39 101 44 39 102 17 40 103 19 35 104 15 36 105 19 35 106 20 41 107 29 24 108 41 37 109 15 36 110 15 36 111 3 25 112 29 24 113 30 42 114 32 42 115 31 42 116 31 43 117 32 43 118 33 43 119 33 44 120 32 44 121 34 44 122 31 28 123 33 23 124 4 26 125 4 26 126 7 29 127 31 28 128 29 24 129 33 23 130 34 45 131 42 46 132 44 46 133 43 46 134 44 47 135 45 47 136 43 47 137 45 48 138 46 48 139 43 48 140 16 49 141 17 40 142 44 39 143 44 39 144 42 50 145 16 49 146 41 37 147 46 51 148 45 38 149</p>
        </polylist>
        <polylist material="ind_apt_siding-material" count="36">
          <input semantic="VERTEX" source="#Colmesh-1-mesh-vertices" offset="0"/>
          <input semantic="NORMAL" source="#Colmesh-1-mesh-normals" offset="1"/>
          <input semantic="TEXCOORD" source="#Colmesh-1-mesh-map-0" offset="2" set="0"/>
          <vcount>3 3 3 3 3 3 3 3 3 3 3 3 3 3 3 3 3 3 3 3 3 3 3 3 3 3 3 3 3 3 3 3 3 3 3 3 </vcount>
          <p>9 52 150 3 52 151 8 52 152 8 53 153 10 53 154 9 53 155 22 54 156 8 54 157 3 54 158 3 55 159 15 55 160 22 55 161 9 56 162 10 56 163 24 56 164 24 57 165 23 57 166 9 57 167 23 58 168 24 58 169 22 58 170 22 59 171 15 59 172 23 59 173 37 60 174 38 60 175 36 60 176 36 61 177 29 61 178 37 61 179 29 62 180 36 62 181 47 62 182 47 63 183 41 63 184 29 63 185 49 64 186 38 64 187 37 64 188 37 65 189 48 65 190 49 65 191 48 66 192 41 66 193 47 66 194 47 67 195 49 67 196 48 67 197 22 68 198 21 68 199 8 68 200 36 69 201 35 69 202 47 69 203 10 70 204 13 70 205 24 70 206 49 71 207 27 71 208 38 71 209 52 72 210 53 72 211 54 72 212 54 73 213 55 73 214 52 73 215 56 74 216 57 74 217 58 74 218 58 75 219 59 75 220 56 75 221 58 76 222 54 76 223 53 76 224 53 77 225 59 77 226 58 77 227 56 78 228 52 78 229 55 78 230 55 79 231 57 79 232 56 79 233 60 80 234 61 80 235 62 80 236 62 81 237 63 81 238 60 81 239 64 82 240 65 82 241 66 82 242 66 83 243 67 83 244 64 83 245 66 84 246 65 84 247 63 84 248 63 85 249 62 85 250 66 85 251 64 86 252 67 86 253 61 86 254 61 87 255 60 87 256 64 87 257</p>
        </polylist>
      </mesh>
    </geometry>
    <geometry id="ind_apt_carport_01a300-mesh" name="ind_apt_carport_01a300">
      <mesh>
        <source id="ind_apt_carport_01a300-mesh-positions">
          <float_array id="ind_apt_carport_01a300-mesh-positions-array" count="261">-538.9999 -510.301 259.2282 -539 -510.301 278.0512 0 -504.001 -2.47955e-5 0 -566.1019 -15.76896 -539.0001 -504.0009 7.05719e-5 -528 -504.001 6.86646e-5 -539.0001 -532.7446 -3.335705 -539.0001 -504 -104.9999 -539.0002 -708.7838 -104.9999 -539.0001 -566.1021 -15.76887 -527.9999 -504.0009 261.2263 -538.9999 -504.001 -104.9999 -538.9999 -504.0009 261.2263 -538.9998 510.301 259.2282 -538.9999 510.301 278.0512 -539.0011 0 410.2192 -539.0023 0 429.0422 0 504.001 -2.47955e-5 -528.0001 0 8.97168e-5 -528 504.001 6.86646e-5 -539.0002 708.7838 -104.9999 -539.0001 566.1021 -15.76887 -539.0001 504 -104.9999 -539.0001 532.7446 -3.335705 -539.0001 504.0009 7.05719e-5 0 532.7445 -3.3358 0 566.1019 -15.76896 -528.0001 0 410.2192 -527.9999 504.0009 261.2263 -538.9999 504.001 -104.9999 -538.9999 504.0009 261.2263 -539.0001 0 -104.9999 0 0 429.042 0 0 410.2191 539 -510.301 259.2282 0 -510.301 259.2281 0 -510.301 278.0511 539.0001 -510.301 278.0512 539.0011 0 410.2192 539.0023 0 429.0422 0 0 -1.83589e-6 528.0001 0 8.97168e-5 528 -504.001 6.86646e-5 539.0002 -708.7838 -104.9999 539.0001 -566.1021 -15.76887 539.0001 -504 -104.9999 539.0001 -532.7446 -3.335705 539.0001 -504.0009 7.05719e-5 0 -532.7445 -3.3358 0 -708.7838 -105 528.0001 0 410.2192 527.9999 -504.0009 261.2263 538.9999 -504.001 -104.9999 538.9999 -504.0009 261.2263 539.0001 0 -104.9999 539.0001 510.301 259.2282 539.0001 510.301 278.0512 0 510.301 278.0511 0 510.301 259.2281 528 504.001 6.86646e-5 539.0002 708.7838 -104.9999 539.0001 504 -104.9999 539.0001 566.1021 -15.76887 539.0001 532.7446 -3.335705 539.0001 504.0009 7.05719e-5 0 708.7838 -105 527.9999 504.0009 261.2263 538.9999 504.001 -104.9999 538.9999 504.0009 261.2263 -539.0011 0 410.2192 539.0011 0 410.2192 10.00011 -403.2007 291.0248 10.00013 -504.0009 261.2263 9.999976 -504.001 -1.87557e-5 9.999964 -403.2008 -1.87557e-5 -9.999937 -403.2007 291.0248 -10.00009 -403.2008 -2.70206e-5 -10.00007 -504.001 -1.17619e-5 -9.999921 -504.0009 261.2263 10.00011 403.2007 291.0248 9.999964 403.2008 -1.87557e-5 9.999976 504.001 -1.87557e-5 10.00013 504.0009 261.2263 -9.999937 403.2007 291.0248 -9.999921 504.0009 261.2263 -10.00007 504.001 -1.17618e-5 -10.00009 403.2008 -2.70206e-5</float_array>
          <technique_common>
            <accessor source="#ind_apt_carport_01a300-mesh-positions-array" count="87" stride="3">
              <param name="X" type="float"/>
              <param name="Y" type="float"/>
              <param name="Z" type="float"/>
            </accessor>
          </technique_common>
        </source>
        <source id="ind_apt_carport_01a300-mesh-normals">
          <float_array id="ind_apt_carport_01a300-mesh-normals-array" count="345">0 -1 0 0 -1 0 -1 -4.73252e-7 -6.48517e-6 -1 1.38038e-5 -6.16091e-5 0 1 0 0 1 0 -1 -1.35646e-5 -6.16091e-5 -1 1.55229e-6 -3.24258e-6 0 -1 0 0 -1 0 1 1.39235e-5 -6.16091e-5 1 -1.19348e-6 -3.24258e-6 0 1 0 0 1 0 1 2.0333e-6 0 1 -1.39235e-5 -6.16091e-5 2.7146e-7 -0.2837268 0.9589052 1.62876e-7 -0.2837266 0.9589052 -1.62876e-7 -0.2837268 -0.9589052 -1.62876e-7 -0.2837267 -0.9589052 -1.62876e-7 0.2837267 -0.9589051 -1.62876e-7 0.2837268 -0.9589052 1.62876e-7 0.2837267 0.9589051 2.7146e-7 0.2837266 0.9589053 -2.7146e-7 -0.2837268 0.9589052 -1.62876e-7 -0.2837266 0.9589052 1.62876e-7 -0.2837268 -0.9589052 1.62876e-7 -0.2837268 -0.9589052 1.62876e-7 0.2837268 -0.9589052 1.62876e-7 0.2837268 -0.9589052 -2.7146e-7 0.2837268 0.9589052 -1.62876e-7 0.2837266 0.9589052 0 -0.05771046 0.9983215 0 0 1 0.7070834 0 0.7070834 0.2616657 -0.5663015 0.7815485 -1 5.96094e-7 4.14863e-7 -1 0 0 -1 0 0 0 -0.2339549 0.9722282 -0.68099 -0.1713004 0.7119053 0 -0.5302286 0.8478347 0 -0.441969 0.897 -0.6850795 -0.3219703 0.6534318 -0.3351848 -0.499527 0.7987915 -0.6796167 -0.08453625 0.7286599 0 0.05771046 0.9983215 0.2616657 0.5663015 0.7815485 -1 -5.96094e-7 4.14863e-7 -1 0 0 -1 0 0 0 0.2339549 0.9722282 -0.68099 0.1713004 0.7119053 0 0.5302286 0.8478347 -0.3351848 0.499527 0.7987915 -0.6850795 0.3219703 0.6534318 0 0.441969 0.897 -0.6796167 0.08453625 0.7286599 -0.2616657 -0.5663015 0.7815485 -0.7070834 0 0.7070834 1 5.96094e-7 4.14863e-7 1 0 0 1 0 0 0.68099 -0.1713004 0.7119053 0.3351848 -0.499527 0.7987915 0.6850795 -0.3219703 0.6534318 0.6796167 -0.08453625 0.7286599 -0.2616657 0.5663015 0.7815485 1 -5.96094e-7 4.14863e-7 1 0 0 1 0 0 0.68099 0.1713004 0.7119053 0.6850795 0.3219703 0.6534318 0.3351848 0.499527 0.7987915 0.6796167 0.08453625 0.7286599 1 1.21101e-7 0 1 5.01447e-7 -4.67298e-7 -1 -2.42203e-6 0 -1 -3.63304e-7 -2.0139e-6 -5.57579e-6 -1 5.84124e-7 0 -1 4.16649e-7 1 -5.01447e-7 -4.67298e-7 1 -1.21101e-7 0 -1 3.63304e-7 -2.0139e-6 -1 2.42203e-6 0 0 1 4.16649e-7 -5.57579e-6 1 5.84124e-7 -1 5.01447e-7 -4.67298e-7 -1 1.21101e-7 0 1 -3.63304e-7 -2.0139e-6 1 -2.42203e-6 0 0 -1 4.16649e-7 5.57579e-6 -1 5.84124e-7 -1 -1.21101e-7 0 -1 -5.01447e-7 -4.67298e-7 1 2.42203e-6 0 1 3.63304e-7 -2.0139e-6 5.57579e-6 1 5.84124e-7 0 1 4.16649e-7 1 3.73518e-7 -5.91423e-7 1 0 -5.01374e-7 -1 -1.98682e-7 5.27589e-7 -1 -3.19737e-7 5.69519e-7 0 -1 5.84121e-7 0 -1 5.84121e-7 0 1 -3.14587e-7 0 1 -3.14587e-7 1 0 -5.01374e-7 1 -3.73518e-7 -5.91423e-7 -1 3.19737e-7 5.69519e-7 -1 1.98682e-7 5.27589e-7 0 1 5.84121e-7 0 1 5.84121e-7 0 -1 -3.14587e-7 0 -1 -3.14587e-7</float_array>
          <technique_common>
            <accessor source="#ind_apt_carport_01a300-mesh-normals-array" count="115" stride="3">
              <param name="X" type="float"/>
              <param name="Y" type="float"/>
              <param name="Z" type="float"/>
            </accessor>
          </technique_common>
        </source>
        <source id="ind_apt_carport_01a300-mesh-map-0">
          <float_array id="ind_apt_carport_01a300-mesh-map-0-array" count="720">0 0.9942533 0 0 0.04995298 0 0.04995298 0 0.04995298 0.9942533 0 0.9942533 -0.001163661 1.265108 3.38583e-4 -4.5848e-4 0.0508188 5.48642e-5 0.0508188 5.48642e-5 0.04931676 1.265621 -0.001163661 1.265108 0 0.9942533 0.04995298 0.9942533 0.04995298 0 0.04995298 0 0 0 0 0.9942533 -0.001163661 1.265108 0.04931676 1.265621 0.0508188 5.48642e-5 0.0508188 5.48642e-5 3.38582e-4 -4.58481e-4 -0.001163661 1.265108 0 0.9942533 0.04995298 0.9942533 0.04995298 0 0.04995298 0 0 0 0 0.9942533 -0.001163661 1.265108 0.04931676 1.265621 0.0508188 5.48642e-5 0.0508188 5.48642e-5 3.38582e-4 -4.58481e-4 -0.001163661 1.265108 0 0.9942533 0 0 0.04995298 0 0.04995298 0 0.04995298 0.9942533 0 0.9942533 -0.001163661 1.265108 3.38583e-4 -4.5848e-4 0.0508188 5.48642e-5 0.0508188 5.48642e-5 0.04931676 1.265621 -0.001163661 1.265108 0.9999998 1 2.74181e-6 1 0.005746722 0 0.005746722 0 1 0 0.9999998 1 0.9999998 1 2.68221e-6 1 0.005746781 0 0.005746781 0 1 0 0.9999998 1 1 0 0.005746781 0 2.68221e-6 1 2.68221e-6 1 0.9999998 1 1 0 1 0 0.005746722 0 2.74181e-6 1 2.74181e-6 1 0.9999998 1 1 0 0.005746722 0 2.74181e-6 1 0.9999998 1 0.9999998 1 1 0 0.005746722 0 0.005746781 0 2.68221e-6 1 0.9999998 1 0.9999998 1 1 0 0.005746781 0 2.68221e-6 1 0.005746781 0 1 0 1 0 0.9999998 1 2.68221e-6 1 0.9999998 1 2.74181e-6 1 0.005746722 0 0.005746722 0 1 0 0.9999998 1 0.9725629 0.09632092 0.9725629 0.9956471 0.02355259 0.9956471 0.02355259 0.9956471 0.02355259 0.09632092 0.9725629 0.09632092 0.4199907 0.04294043 0.1297644 0.2227496 0.005629062 0.04294037 0.1297644 0.2227496 0.06087177 0.2527183 0.005629062 0.04294037 0.06087177 0.2527183 0.005628943 0.2586814 0.005629062 0.04294037 0.9725629 0.05569839 0.9725629 0.09632092 0.02355259 0.09632092 0.02355259 0.09632092 0.003781616 0.0593813 0.9725629 0.05569839 0.9725629 0.3868187 0.9725629 0.5948316 0.003781616 0.6010808 0.003781616 0.6010808 0.003781616 0.4070204 0.9725629 0.3868187 0.9725629 0.007066845 0.9725629 0.05569839 0.003781616 0.0593813 0.003781616 0.0593813 0.003781616 0.01331609 0.9725629 0.007066845 0.02355259 0.09632092 0.003781616 0.09632092 0.003781616 0.0593813 0.9725629 0.09632092 0.02355259 0.09632092 0.02355259 0.9956471 0.02355259 0.9956471 0.9725629 0.9956471 0.9725629 0.09632092 0.4199907 0.04294043 0.005629062 0.04294037 0.1297644 0.2227496 0.1297644 0.2227496 0.005629062 0.04294037 0.06087177 0.2527183 0.06087177 0.2527183 0.005629062 0.04294037 0.005628943 0.2586814 0.9725629 0.05569839 0.003781616 0.0593813 0.02355259 0.09632092 0.02355259 0.09632092 0.9725629 0.09632092 0.9725629 0.05569839 0.9725629 0.3868187 0.003781616 0.4070204 0.003781616 0.6010808 0.003781616 0.6010808 0.9725629 0.5948316 0.9725629 0.3868187 0.9725629 0.007066845 0.003781616 0.01331609 0.003781616 0.0593813 0.003781616 0.0593813 0.9725629 0.05569839 0.9725629 0.007066845 0.02355259 0.09632092 0.003781616 0.0593813 0.003781616 0.09632092 0.9725629 0.09632092 0.02355259 0.09632092 0.02355259 0.9956471 0.02355259 0.9956471 0.9725629 0.9956471 0.9725629 0.09632092 0.4199907 0.04294043 0.005629062 0.04294037 0.1297644 0.2227496 0.1297644 0.2227496 0.005629062 0.04294037 0.06087177 0.2527183 0.06087177 0.2527183 0.005629062 0.04294037 0.005628943 0.2586814 0.9725629 0.05569839 0.003781616 0.0593813 0.02355259 0.09632092 0.02355259 0.09632092 0.9725629 0.09632092 0.9725629 0.05569839 0.9725629 0.3868187 0.003781616 0.4070204 0.003781616 0.6010808 0.003781616 0.6010808 0.9725629 0.5948316 0.9725629 0.3868187 0.9725629 0.007066845 0.003781616 0.01331609 0.003781616 0.0593813 0.003781616 0.0593813 0.9725629 0.05569839 0.9725629 0.007066845 0.02355259 0.09632092 0.003781616 0.0593813 0.003781616 0.09632092 0.9725629 0.09632092 0.9725629 0.9956471 0.02355259 0.9956471 0.02355259 0.9956471 0.02355259 0.09632092 0.9725629 0.09632092 0.4199907 0.04294043 0.1297644 0.2227496 0.005629062 0.04294037 0.1297644 0.2227496 0.06087177 0.2527183 0.005629062 0.04294037 0.06087177 0.2527183 0.005628943 0.2586814 0.005629062 0.04294037 0.9725629 0.05569839 0.9725629 0.09632092 0.02355259 0.09632092 0.02355259 0.09632092 0.003781616 0.0593813 0.9725629 0.05569839 0.9725629 0.3868187 0.9725629 0.5948316 0.003781616 0.6010808 0.003781616 0.6010808 0.003781616 0.4070204 0.9725629 0.3868187 0.9725629 0.007066845 0.9725629 0.05569839 0.003781616 0.0593813 0.003781616 0.0593813 0.003781616 0.01331609 0.9725629 0.007066845 0.02355259 0.09632092 0.003781616 0.09632092 0.003781616 0.0593813 1.454516 3.90192e-4 0.453952 3.90461e-4 0.453952 1.00039 0.453952 1.00039 1.454516 0.637187 1.454516 3.90192e-4 1.452633 -0.2433817 1.452633 0.637187 0.453952 1.00039 0.453952 1.00039 0.4539519 -0.2433815 1.452633 -0.2433817 1.452633 -0.2433817 1.501018 3.90192e-4 1.501018 0.637187 1.501018 0.637187 1.452633 0.637187 1.452633 -0.2433817 1.454516 3.90192e-4 1.454516 0.637187 0.453952 1.00039 0.453952 1.00039 0.453952 3.90461e-4 1.454516 3.90192e-4 1.452633 -0.2433817 0.4539519 -0.2433815 0.453952 1.00039 0.453952 1.00039 1.452633 0.637187 1.452633 -0.2433817 1.452633 -0.2433817 1.452633 0.637187 1.501018 0.637187 1.501018 0.637187 1.501018 3.90192e-4 1.452633 -0.2433817 1.454516 3.90192e-4 1.454516 0.637187 0.453952 1.00039 0.453952 1.00039 0.453952 3.90461e-4 1.454516 3.90192e-4 1.452633 -0.2433817 0.4539519 -0.2433815 0.453952 1.00039 0.453952 1.00039 1.452633 0.637187 1.452633 -0.2433817 1.452633 -0.2433817 1.452633 0.637187 1.501018 0.637187 1.501018 0.637187 1.501018 3.90192e-4 1.452633 -0.2433817 1.454516 3.90192e-4 0.453952 3.90461e-4 0.453952 1.00039 0.453952 1.00039 1.454516 0.637187 1.454516 3.90192e-4 1.452633 -0.2433817 1.452633 0.637187 0.453952 1.00039 0.453952 1.00039 0.4539519 -0.2433815 1.452633 -0.2433817 1.452633 -0.2433817 1.501018 3.90192e-4 1.501018 0.637187 1.501018 0.637187 1.452633 0.637187 1.452633 -0.2433817 1.254404 0.7098277 1.454516 0.637187 1.454516 3.90192e-4 1.454516 3.90192e-4 1.254404 3.90246e-4 1.254404 0.7098277 1.254404 0.7098277 1.254404 3.90246e-4 1.454516 3.90192e-4 1.454516 3.90192e-4 1.454516 0.637187 1.254404 0.7098277 1.201597 3.90192e-4 1.250562 3.90192e-4 1.250562 0.637187 1.250562 0.637187 1.201597 0.637187 1.201597 3.90192e-4 1.001485 0.7098277 1.050449 0.7098277 1.050449 3.90246e-4 1.050449 3.90246e-4 1.001485 3.90246e-4 1.001485 0.7098277 1.254404 0.7098277 1.254404 3.90246e-4 1.454516 3.90192e-4 1.454516 3.90192e-4 1.454516 0.637187 1.254404 0.7098277 1.254404 0.7098277 1.454516 0.637187 1.454516 3.90192e-4 1.454516 3.90192e-4 1.254404 3.90246e-4 1.254404 0.7098277 1.201597 3.90192e-4 1.201597 0.637187 1.250562 0.637187 1.250562 0.637187 1.250562 3.90192e-4 1.201597 3.90192e-4 1.001485 0.7098277 1.001485 3.90246e-4 1.050449 3.90246e-4 1.050449 3.90246e-4 1.050449 0.7098277 1.001485 0.7098277</float_array>
          <technique_common>
            <accessor source="#ind_apt_carport_01a300-mesh-map-0-array" count="360" stride="2">
              <param name="S" type="float"/>
              <param name="T" type="float"/>
            </accessor>
          </technique_common>
        </source>
        <vertices id="ind_apt_carport_01a300-mesh-vertices">
          <input semantic="POSITION" source="#ind_apt_carport_01a300-mesh-positions"/>
        </vertices>
        <polylist material="ind_apt_trim-material" count="16">
          <input semantic="VERTEX" source="#ind_apt_carport_01a300-mesh-vertices" offset="0"/>
          <input semantic="NORMAL" source="#ind_apt_carport_01a300-mesh-normals" offset="1"/>
          <input semantic="TEXCOORD" source="#ind_apt_carport_01a300-mesh-map-0" offset="2" set="0"/>
          <vcount>3 3 3 3 3 3 3 3 3 3 3 3 3 3 3 3 </vcount>
          <p>0 0 0 35 0 1 36 0 2 36 1 3 1 1 4 0 1 5 69 2 6 0 2 7 1 2 8 1 3 9 16 3 10 69 3 11 13 4 12 14 4 13 57 4 14 57 5 15 58 5 16 13 5 17 69 6 18 16 6 19 14 6 20 14 7 21 13 7 22 69 7 23 34 8 24 37 8 25 36 8 26 36 9 27 35 9 28 34 9 29 70 10 30 39 10 31 37 10 32 37 11 33 34 11 34 70 11 35 55 12 36 58 12 37 57 12 38 57 13 39 56 13 40 55 13 41 70 14 42 55 14 43 56 14 44 56 15 45 39 15 46 70 15 47</p>
        </polylist>
        <polylist material="ind_apt_roof-material" count="16">
          <input semantic="VERTEX" source="#ind_apt_carport_01a300-mesh-vertices" offset="0"/>
          <input semantic="NORMAL" source="#ind_apt_carport_01a300-mesh-normals" offset="1"/>
          <input semantic="TEXCOORD" source="#ind_apt_carport_01a300-mesh-map-0" offset="2" set="0"/>
          <vcount>3 3 3 3 3 3 3 3 3 3 3 3 3 3 3 3 </vcount>
          <p>32 16 48 16 16 49 1 16 50 1 17 51 36 17 52 32 17 53 33 18 54 69 18 55 13 18 56 13 19 57 58 19 58 33 19 59 35 20 60 0 20 61 69 20 62 69 21 63 33 21 64 35 21 65 57 22 66 14 22 67 16 22 68 16 23 69 32 23 70 57 23 71 37 24 72 39 24 73 32 24 74 32 25 75 36 25 76 37 25 77 55 26 78 70 26 79 33 26 80 33 27 81 58 27 82 55 27 83 70 28 84 34 28 85 35 28 86 35 29 87 33 29 88 70 29 89 32 30 90 39 30 91 56 30 92 56 31 93 57 31 94 32 31 95</p>
        </polylist>
        <polylist material="ind_apt_concrete-material" count="48">
          <input semantic="VERTEX" source="#ind_apt_carport_01a300-mesh-vertices" offset="0"/>
          <input semantic="NORMAL" source="#ind_apt_carport_01a300-mesh-normals" offset="1"/>
          <input semantic="TEXCOORD" source="#ind_apt_carport_01a300-mesh-map-0" offset="2" set="0"/>
          <vcount>3 3 3 3 3 3 3 3 3 3 3 3 3 3 3 3 3 3 3 3 3 3 3 3 3 3 3 3 3 3 3 3 3 3 3 3 3 3 3 3 3 3 3 3 3 3 3 3 </vcount>
          <p>2 32 96 40 33 97 18 34 98 18 34 99 5 35 100 2 32 101 8 36 102 9 36 103 7 36 104 9 37 105 6 37 106 7 37 107 6 38 108 4 38 109 7 38 110 48 39 111 2 32 112 5 35 113 5 35 114 6 40 115 48 39 116 49 41 117 3 42 118 9 43 119 9 43 120 8 44 121 49 41 122 3 42 123 48 39 124 6 40 125 6 40 126 9 43 127 3 42 128 5 35 129 4 45 130 6 40 131 17 46 132 19 47 133 18 34 134 18 34 135 40 33 136 17 46 137 20 48 138 22 48 139 21 48 140 21 49 141 22 49 142 23 49 143 23 50 144 22 50 145 24 50 146 25 51 147 23 52 148 19 47 149 19 47 150 17 46 151 25 51 152 65 53 153 20 54 154 21 55 155 21 55 156 26 56 157 65 53 158 26 56 159 21 55 160 23 52 161 23 52 162 25 51 163 26 56 164 19 47 165 23 52 166 24 57 167 2 32 168 42 58 169 41 59 170 41 59 171 40 33 172 2 32 173 43 60 174 45 60 175 44 60 176 44 61 177 45 61 178 46 61 179 46 62 180 45 62 181 47 62 182 48 39 183 46 63 184 42 58 185 42 58 186 2 32 187 48 39 188 49 41 189 43 64 190 44 65 191 44 65 192 3 42 193 49 41 194 3 42 195 44 65 196 46 63 197 46 63 198 48 39 199 3 42 200 42 58 201 46 63 202 47 66 203 17 46 204 40 33 205 41 59 206 41 59 207 59 67 208 17 46 209 60 68 210 62 68 211 61 68 212 62 69 213 63 69 214 61 69 215 63 70 216 64 70 217 61 70 218 25 51 219 17 46 220 59 67 221 59 67 222 63 71 223 25 51 224 65 53 225 26 56 226 62 72 227 62 72 228 60 73 229 65 53 230 26 56 231 25 51 232 63 71 233 63 71 234 62 72 235 26 56 236 59 67 237 64 74 238 63 71 239</p>
        </polylist>
        <polylist material="ind_apt_siding-material" count="40">
          <input semantic="VERTEX" source="#ind_apt_carport_01a300-mesh-vertices" offset="0"/>
          <input semantic="NORMAL" source="#ind_apt_carport_01a300-mesh-normals" offset="1"/>
          <input semantic="TEXCOORD" source="#ind_apt_carport_01a300-mesh-map-0" offset="2" set="0"/>
          <vcount>3 3 3 3 3 3 3 3 3 3 3 3 3 3 3 3 3 3 3 3 3 3 3 3 3 3 3 3 3 3 3 3 3 3 3 3 3 3 3 3 </vcount>
          <p>5 75 240 18 75 241 27 75 242 27 76 243 10 76 244 5 76 245 11 77 246 12 77 247 15 77 248 15 78 249 31 78 250 11 78 251 11 79 252 5 79 253 10 79 254 10 80 255 12 80 256 11 80 257 19 81 258 28 81 259 27 81 260 27 82 261 18 82 262 19 82 263 29 83 264 31 83 265 15 83 266 15 84 267 30 84 268 29 84 269 29 85 270 30 85 271 28 85 272 28 86 273 19 86 274 29 86 275 42 87 276 51 87 277 50 87 278 50 88 279 41 88 280 42 88 281 52 89 282 54 89 283 38 89 284 38 90 285 53 90 286 52 90 287 52 91 288 53 91 289 51 91 290 51 92 291 42 92 292 52 92 293 59 93 294 41 93 295 50 93 296 50 94 297 66 94 298 59 94 299 67 95 300 68 95 301 38 95 302 38 96 303 54 96 304 67 96 305 67 97 306 59 97 307 66 97 308 66 98 309 68 98 310 67 98 311 71 99 312 72 99 313 73 99 314 73 100 315 74 100 316 71 100 317 75 101 318 76 101 319 77 101 320 77 102 321 78 102 322 75 102 323 77 103 324 73 103 325 72 103 326 72 104 327 78 104 328 77 104 329 75 105 330 71 105 331 74 105 332 74 106 333 76 106 334 75 106 335 79 107 336 80 107 337 81 107 338 81 108 339 82 108 340 79 108 341 83 109 342 84 109 343 85 109 344 85 110 345 86 110 346 83 110 347 85 111 348 84 111 349 82 111 350 82 112 351 81 112 352 85 112 353 83 113 354 86 113 355 80 113 356 80 114 357 79 114 358 83 114 359</p>
        </polylist>
      </mesh>
    </geometry>
  </library_geometries>
  <library_controllers/>
  <library_visual_scenes>
    <visual_scene id="Scene" name="Scene">
      <node id="EnvironmentAmbientLight" name="EnvironmentAmbientLight" type="NODE">
        <matrix sid="transform">0.01 0 0 0 0 0.01 0 0 0 0 0.01 0 0 0 0 1</matrix>
        <instance_light url="#EnvironmentAmbientLight-light"/>
      </node>
      <node id="base00" name="base00" type="NODE">
        <matrix sid="transform">0.01 0 0 0 0 0.01 0 0 0 0 0.01 0 0 0 0 1</matrix>
        <node id="start01" name="start01" type="NODE">
          <matrix sid="transform">1 0 0 0 0 1 0 0 0 0 1 0 0 0 0 1</matrix>
          <node id="ind_apt_carport_01a900" name="ind_apt_carport_01a900" type="NODE">
            <matrix sid="transform">1 0 0 0 0 1 0 0 0 0 1 0 0 0 0 1</matrix>
            <instance_geometry url="#ind_apt_carport_01a1200-mesh">
              <bind_material>
                <technique_common>
                  <instance_material symbol="ind_apt_trim-material" target="#ind_apt_trim-material"/>
                  <instance_material symbol="ind_apt_roof-material" target="#ind_apt_roof-material"/>
                  <instance_material symbol="ind_apt_concrete-material" target="#ind_apt_concrete-material"/>
                  <instance_material symbol="ind_apt_siding-material" target="#ind_apt_siding-material"/>
                </technique_common>
              </bind_material>
            </instance_geometry>
          </node>
          <node id="Colmesh-1" name="Colmesh-1" type="NODE">
            <matrix sid="transform">1 0 0 0 0 1 0 0 0 0 1 0 0 0 0 1</matrix>
            <instance_geometry url="#Colmesh-1-mesh">
              <bind_material>
                <technique_common>
                  <instance_material symbol="ind_apt_trim-material" target="#ind_apt_trim-material"/>
                  <instance_material symbol="ind_apt_roof-material" target="#ind_apt_roof-material"/>
                  <instance_material symbol="ind_apt_concrete-material" target="#ind_apt_concrete-material"/>
                  <instance_material symbol="ind_apt_siding-material" target="#ind_apt_siding-material"/>
                </technique_common>
              </bind_material>
            </instance_geometry>
          </node>
          <node id="ind_apt_carport_01a300" name="ind_apt_carport_01a300" type="NODE">
            <matrix sid="transform">1 0 0 0 0 1 0 0 0 0 1 0 0 0 0 1</matrix>
            <instance_geometry url="#ind_apt_carport_01a300-mesh">
              <bind_material>
                <technique_common>
                  <instance_material symbol="ind_apt_trim-material" target="#ind_apt_trim-material"/>
                  <instance_material symbol="ind_apt_roof-material" target="#ind_apt_roof-material"/>
                  <instance_material symbol="ind_apt_concrete-material" target="#ind_apt_concrete-material"/>
                  <instance_material symbol="ind_apt_siding-material" target="#ind_apt_siding-material"/>
                </technique_common>
              </bind_material>
            </instance_geometry>
          </node>
        </node>
      </node>
      <node id="bounds" name="bounds" type="NODE">
        <matrix sid="transform">0.01 0 0 0 0 0.01 0 0 0 0 0.01 0 0 0 0 1</matrix>
      </node>
    </visual_scene>
  </library_visual_scenes>
  <scene>
    <instance_visual_scene url="#Scene"/>
  </scene>
</COLLADA>