<?xml version="1.0" encoding="utf-8"?>
<COLLADA xmlns="http://www.collada.org/2005/11/COLLADASchema" version="1.4.1">
  <asset>
    <contributor>
      <author>Blender User</author>
      <authoring_tool>Blender 2.74.0 commit date:2015-03-31, commit time:13:39, hash:000dfc0</authoring_tool>
    </contributor>
    <created>2015-06-22T12:27:03</created>
    <modified>2015-06-22T12:27:03</modified>
    <unit name="meter" meter="1"/>
    <up_axis>Z_UP</up_axis>
  </asset>
  <library_images/>
  <library_effects>
    <effect id="ind_concrete_02-effect">
      <profile_COMMON>
        <technique sid="common">
          <lambert>
            <emission>
              <color sid="emission">0 0 0 1</color>
            </emission>
            <ambient>
              <color sid="ambient">0 0 0 1</color>
            </ambient>
            <diffuse>
              <color sid="diffuse">0.64 0.64 0.64 1</color>
            </diffuse>
            <index_of_refraction>
              <float sid="index_of_refraction">1</float>
            </index_of_refraction>
          </lambert>
        </technique>
      </profile_COMMON>
    </effect>
    <effect id="ind_bld__2__bricks-effect">
      <profile_COMMON>
        <technique sid="common">
          <lambert>
            <emission>
              <color sid="emission">0 0 0 1</color>
            </emission>
            <ambient>
              <color sid="ambient">0 0 0 1</color>
            </ambient>
            <diffuse>
              <color sid="diffuse">0.64 0.64 0.64 1</color>
            </diffuse>
            <index_of_refraction>
              <float sid="index_of_refraction">1</float>
            </index_of_refraction>
          </lambert>
        </technique>
      </profile_COMMON>
    </effect>
    <effect id="jri_port_edge-effect">
      <profile_COMMON>
        <technique sid="common">
          <lambert>
            <emission>
              <color sid="emission">0 0 0 1</color>
            </emission>
            <ambient>
              <color sid="ambient">0 0 0 1</color>
            </ambient>
            <diffuse>
              <color sid="diffuse">0.64 0.64 0.64 1</color>
            </diffuse>
            <index_of_refraction>
              <float sid="index_of_refraction">1</float>
            </index_of_refraction>
          </lambert>
        </technique>
      </profile_COMMON>
    </effect>
    <effect id="ind_bld__2__concrete-effect">
      <profile_COMMON>
        <technique sid="common">
          <lambert>
            <emission>
              <color sid="emission">0 0 0 1</color>
            </emission>
            <ambient>
              <color sid="ambient">0 0 0 1</color>
            </ambient>
            <diffuse>
              <color sid="diffuse">0.64 0.64 0.64 1</color>
            </diffuse>
            <index_of_refraction>
              <float sid="index_of_refraction">1</float>
            </index_of_refraction>
          </lambert>
        </technique>
      </profile_COMMON>
    </effect>
    <effect id="eca_bld_commercial_doors-effect">
      <profile_COMMON>
        <technique sid="common">
          <phong>
            <emission>
              <color sid="emission">0 0 0 1</color>
            </emission>
            <ambient>
              <color sid="ambient">0 0 0 1</color>
            </ambient>
            <diffuse>
              <color sid="diffuse">0.64 0.64 0.64 1</color>
            </diffuse>
            <specular>
              <color sid="specular">0.5 0.5 0.5 1</color>
            </specular>
            <shininess>
              <float sid="shininess">50</float>
            </shininess>
            <index_of_refraction>
              <float sid="index_of_refraction">1</float>
            </index_of_refraction>
          </phong>
        </technique>
      </profile_COMMON>
    </effect>
    <effect id="ind_metalplates-effect">
      <profile_COMMON>
        <technique sid="common">
          <lambert>
            <emission>
              <color sid="emission">0 0 0 1</color>
            </emission>
            <ambient>
              <color sid="ambient">0 0 0 1</color>
            </ambient>
            <diffuse>
              <color sid="diffuse">0.64 0.64 0.64 1</color>
            </diffuse>
            <index_of_refraction>
              <float sid="index_of_refraction">1</float>
            </index_of_refraction>
          </lambert>
        </technique>
      </profile_COMMON>
    </effect>
    <effect id="ColorEffectR27G177B88-material-effect">
      <profile_COMMON>
        <technique sid="common">
          <phong>
            <emission>
              <color sid="emission">0 0 0 1</color>
            </emission>
            <ambient>
              <color sid="ambient">0 0 0 1</color>
            </ambient>
            <diffuse>
              <color sid="diffuse">0.08561849 0.5550975 0.2773633 1</color>
            </diffuse>
            <specular>
              <color sid="specular">0.25 0.25 0.25 1</color>
            </specular>
            <shininess>
              <float sid="shininess">50</float>
            </shininess>
            <index_of_refraction>
              <float sid="index_of_refraction">1</float>
            </index_of_refraction>
          </phong>
        </technique>
      </profile_COMMON>
    </effect>
  </library_effects>
  <library_materials>
    <material id="ind_concrete_02-material" name="ind_concrete_02">
      <instance_effect url="#ind_concrete_02-effect"/>
    </material>
    <material id="ind_bld__2__bricks-material" name="ind_bld__2__bricks">
      <instance_effect url="#ind_bld__2__bricks-effect"/>
    </material>
    <material id="jri_port_edge-material" name="jri_port_edge">
      <instance_effect url="#jri_port_edge-effect"/>
    </material>
    <material id="ind_bld__2__concrete-material" name="ind_bld__2__concrete">
      <instance_effect url="#ind_bld__2__concrete-effect"/>
    </material>
    <material id="eca_bld_commercial_doors-material" name="eca_bld_commercial_doors">
      <instance_effect url="#eca_bld_commercial_doors-effect"/>
    </material>
    <material id="ind_metalplates-material" name="ind_metalplates">
      <instance_effect url="#ind_metalplates-effect"/>
    </material>
    <material id="ColorEffectR27G177B88-material-material" name="ColorEffectR27G177B88-material">
      <instance_effect url="#ColorEffectR27G177B88-material-effect"/>
    </material>
  </library_materials>
  <library_geometries>
    <geometry id="ind_bld_a300-mesh" name="ind_bld_a300">
      <mesh>
        <source id="ind_bld_a300-mesh-positions">
          <float_array id="ind_bld_a300-mesh-positions-array" count="3783">-1.209774 -1.968461 -3.990325 1.209774 -1.968461 -3.990325 -1.181018 -3.968461 -3.990325 -1.209774 -3.939705 -3.990325 -1.209774 -3.939705 2.599611 -1.181018 -3.968461 2.599611 -1.181018 -3.939705 2.628366 -1.209774 -1.968461 2.599611 -1.181018 -1.968461 2.628366 1.209774 -3.939705 -3.990325 1.181018 -3.968461 -3.990325 1.209774 -3.939705 2.599611 1.181018 -3.939705 2.628366 1.181018 -3.968461 2.599611 1.181018 -1.968461 2.628366 1.209774 -1.968461 2.599611 6.09112e-5 2.955754 4 -0.5765783 2.898961 4 -1.131057 2.730761 4 -1.642068 2.45762 4 -2.089973 2.090034 4 -2.45756 1.642129 4 -2.7307 1.131118 4 -2.8989 0.5766391 4 -2.955694 0 4 -2.8989 -0.576639 4 -2.7307 -1.131118 4 -2.45756 -1.642129 4 -2.089973 -2.090034 4 -1.642068 -2.457621 4 -1.131057 -2.730762 4 -0.5765776 -2.898961 4 6.18743e-5 -2.955755 4 0.5767012 -2.898961 4 1.131181 -2.730761 4 1.642192 -2.457619 4 2.090096 -2.090033 4 2.457682 -1.642128 4 2.730823 -1.131116 4 2.899022 -0.5766368 4 2.955816 2.65112e-6 4 2.899021 0.576642 4 2.730821 1.131121 4 2.457679 1.642132 4 2.090092 2.090037 4 1.642187 2.457622 4 1.131175 2.730763 4 0.5766956 2.898961 4 6.05583e-5 7.15256e-7 4.3164 6.0921e-5 3.029098 4 6.09229e-5 3.043455 4.014288 -0.5936878 2.984976 4.014288 -0.5908868 2.970895 4 -1.164619 2.811786 4.014288 -1.159125 2.798522 4 -1.690792 2.530541 4.014288 -1.682816 2.518603 4 -2.151987 2.152048 4.014288 -2.141835 2.141896 4 -2.53048 1.690853 4.014288 -2.518543 1.682877 4 -2.811725 1.16468 4.014288 -2.798461 1.159186 4 -2.984915 0.5937486 4.014288 -2.970834 0.5909477 4 -3.043395 0 4.014288 -3.029038 0 4 -2.984916 -0.5937486 4.014288 -2.970834 -0.5909476 4 -2.811725 -1.16468 4.014288 -2.798461 -1.159186 4 -2.53048 -1.690853 4.014288 -2.518543 -1.682877 4 -2.151987 -2.152048 4.014288 -2.141835 -2.141896 4 -1.690792 -2.530541 4.014288 -1.682816 -2.518604 4 -1.164619 -2.811787 4.014288 -1.159124 -2.798522 4 -0.5936871 -2.984977 4.014288 -0.5908862 -2.970896 4 6.19146e-5 -3.043456 4.014288 6.1908e-5 -3.029099 4 0.5938109 -2.984976 4.014288 0.5910099 -2.970895 4 1.164742 -2.811786 4.014288 1.159248 -2.798521 4 1.690916 -2.53054 4.014288 1.682939 -2.518602 4 2.15211 -2.152047 4.014288 2.141958 -2.141895 4 2.530603 -1.690852 4.014288 2.518665 -1.682875 4 2.811848 -1.164678 4.014288 2.798584 -1.159184 4 2.985038 -0.5937463 4.014288 2.970957 -0.5909454 4 3.043516 2.70776e-6 4.014288 3.029159 2.69849e-6 4 2.985037 0.5937516 4.014288 2.970955 0.5909506 4 2.811846 1.164683 4.014288 2.798582 1.159189 4 2.5306 1.690856 4.014288 2.518662 1.68288 4 2.152106 2.15205 4.014288 2.141954 2.141898 4 1.690911 2.530543 4.014288 1.682934 2.518605 4 1.164737 2.811788 4.014288 1.159243 2.798523 4 0.5938051 2.984977 4.014288 0.5910042 2.970896 4 6.09229e-5 3.043455 4.302112 6.09212e-5 3.029098 4.3164 -0.5908869 2.970895 4.3164 -0.5936878 2.984976 4.302112 -1.159125 2.798522 4.3164 -1.164619 2.811786 4.302112 -1.682816 2.518603 4.3164 -1.690792 2.530541 4.302112 -2.141835 2.141896 4.3164 -2.151987 2.152048 4.302112 -2.518543 1.682877 4.3164 -2.53048 1.690853 4.302112 -2.798461 1.159186 4.3164 -2.811725 1.16468 4.302112 -2.970834 0.5909477 4.3164 -2.984915 0.5937486 4.302112 -3.029038 0 4.3164 -3.043395 0 4.302112 -2.970834 -0.5909476 4.3164 -2.984916 -0.5937486 4.302112 -2.798461 -1.159186 4.3164 -2.811725 -1.16468 4.302112 -2.518542 -1.682877 4.3164 -2.53048 -1.690853 4.302112 -2.141835 -2.141896 4.3164 -2.151987 -2.152048 4.302112 -1.682816 -2.518603 4.3164 -1.690792 -2.530541 4.302112 -1.159124 -2.798522 4.3164 -1.164619 -2.811787 4.302112 -0.5908861 -2.970895 4.3164 -0.5936871 -2.984977 4.302112 6.19082e-5 -3.029099 4.3164 6.19146e-5 -3.043456 4.302112 0.5910099 -2.970895 4.3164 0.5938109 -2.984976 4.302112 1.159248 -2.798521 4.3164 1.164742 -2.811786 4.302112 1.682939 -2.518602 4.3164 1.690916 -2.53054 4.302112 2.141958 -2.141895 4.3164 2.15211 -2.152047 4.302112 2.518665 -1.682875 4.3164 2.530603 -1.690852 4.302112 2.798584 -1.159184 4.3164 2.811848 -1.164678 4.302112 2.970957 -0.5909454 4.3164 2.985038 -0.5937463 4.302112 3.029159 2.69875e-6 4.3164 3.043516 2.70776e-6 4.302112 2.970956 0.5909507 4.3164 2.985037 0.5937516 4.302112 2.798582 1.159189 4.3164 2.811846 1.164683 4.302112 2.518662 1.68288 4.3164 2.5306 1.690856 4.302112 2.141954 2.141898 4.3164 2.152106 2.15205 4.302112 1.682934 2.518605 4.3164 1.690911 2.530543 4.302112 1.159243 2.798523 4.3164 1.164737 2.811788 4.302112 0.5910041 2.970896 4.3164 0.5938051 2.984977 4.302112 6.09112e-5 2.955754 -4 -0.5765783 2.898961 -4 -1.131057 2.730761 -4 -1.642068 2.45762 -4 -2.089973 2.090034 -4 -2.45756 1.642129 -4 -2.7307 1.131118 -4 -2.8989 0.5766391 -4 -2.955694 0 -4 -2.8989 -0.576639 -4 -2.7307 -1.131118 -4 -2.45756 -1.642129 -4 -2.089973 -2.090034 -4 -1.642068 -2.457621 -4 -1.131057 -2.730762 -4 -0.5765776 -2.898961 -4 6.18743e-5 -2.955755 -4 0.5767012 -2.898961 -4 1.131181 -2.730761 -4 1.642192 -2.457619 -4 2.090096 -2.090033 -4 2.457682 -1.642128 -4 2.730823 -1.131116 -4 2.899022 -0.5766368 -4 2.955816 2.65112e-6 -4 2.899021 0.576642 -4 2.730821 1.131121 -4 2.457679 1.642132 -4 2.090092 2.090037 -4 1.642187 2.457622 -4 1.131175 2.730763 -4 0.5766956 2.898961 -4 6.09112e-5 2.955754 4 -0.5765783 2.898961 4 -1.131057 2.730761 4 -1.642068 2.45762 4 -2.089973 2.090034 4 -2.45756 1.642129 4 -2.7307 1.131118 4 -2.8989 0.5766391 4 -2.955694 0 4 -2.8989 -0.576639 4 -2.7307 -1.131118 4 -2.45756 -1.642129 4 -2.089973 -2.090034 4 -1.642068 -2.457621 4 -1.131057 -2.730762 4 -0.5765776 -2.898961 4 6.18743e-5 -2.955755 4 0.5767012 -2.898961 4 1.131181 -2.730761 4 1.642192 -2.457619 4 2.090096 -2.090033 4 2.457682 -1.642128 4 2.730823 -1.131116 4 2.899022 -0.5766368 4 2.955816 2.65112e-6 4 2.899021 0.576642 4 2.730821 1.131121 4 2.457679 1.642132 4 2.090092 2.090037 4 1.642187 2.457622 4 1.131175 2.730763 4 0.5766956 2.898961 4 6.08768e-5 2.654313 4.3164 -0.5177699 2.603311 4.3164 -1.015701 2.452265 4.3164 -1.474596 2.20698 4.3164 -1.876821 1.876882 4.3164 -2.20692 1.474657 4.3164 -2.452204 1.015761 4.3164 -2.60325 0.5178307 4.3164 -2.654252 0 4.3164 -2.60325 -0.5178305 4.3164 -2.452204 -1.015761 4.3164 -2.206919 -1.474657 4.3164 -1.876821 -1.876882 4.3164 -1.474596 -2.20698 4.3164 -1.0157 -2.452265 4.3164 -0.5177692 -2.603311 4.3164 6.17417e-5 -2.654313 4.3164 0.5178927 -2.603311 4.3164 1.015824 -2.452265 4.3164 1.474719 -2.206979 4.3164 1.876945 -1.876881 4.3164 2.207042 -1.474656 4.3164 2.452327 -1.01576 4.3164 2.603372 -0.5178285 4.3164 2.654374 2.45886e-6 4.3164 2.603371 0.5178334 4.3164 2.452325 1.015764 4.3164 2.20704 1.47466 4.3164 1.876941 1.876885 4.3164 1.474715 2.206982 4.3164 1.015819 2.452266 4.3164 0.5178876 2.603312 4.3164 6.08768e-5 2.654313 4.652687 -0.5177699 2.603311 4.652687 -1.015701 2.452265 4.652687 -1.474596 2.20698 4.652686 -1.876821 1.876882 4.652686 -2.20692 1.474657 4.652687 -2.452204 1.015761 4.652687 -2.60325 0.5178307 4.652687 -2.654252 0 4.652687 -2.60325 -0.5178305 4.652687 -2.452204 -1.015761 4.652687 -2.206919 -1.474657 4.652686 -1.876821 -1.876882 4.652686 -1.474596 -2.20698 4.652686 -1.0157 -2.452265 4.652686 -0.5177692 -2.603311 4.652686 6.17417e-5 -2.654313 4.652687 0.5178927 -2.603311 4.652687 1.015824 -2.452265 4.652686 1.474719 -2.206979 4.652686 1.876945 -1.876881 4.652687 2.207042 -1.474656 4.652687 2.452327 -1.01576 4.652687 2.603372 -0.5178285 4.652687 2.654374 2.45886e-6 4.652687 2.603371 0.5178334 4.652687 2.452325 1.015764 4.652687 2.20704 1.47466 4.652687 1.876941 1.876885 4.652687 1.474715 2.206982 4.652687 1.015819 2.452266 4.652687 0.5178876 2.603312 4.652686 6.08791e-5 2.705972 4.675609 -0.5278481 2.653978 4.675609 -1.03547 2.499992 4.675609 -1.503297 2.249933 4.675609 -1.91335 1.913411 4.675609 -2.249873 1.503358 4.675609 -2.499931 1.035531 4.675609 -2.653917 0.527909 4.675609 -2.705912 0 4.675609 -2.653917 -0.5279088 4.675609 -2.499932 -1.03553 4.675609 -2.249873 -1.503357 4.675609 -1.91335 -1.913411 4.675609 -1.503297 -2.249933 4.675609 -1.035469 -2.499993 4.675609 -0.5278475 -2.653978 4.675609 6.17608e-5 -2.705972 4.675609 0.527971 -2.653978 4.675609 1.035593 -2.499992 4.675609 1.50342 -2.249933 4.675609 1.913473 -1.91341 4.675609 2.249995 -1.503356 4.675609 2.500054 -1.035529 4.675609 2.654039 -0.5279068 4.675609 2.706033 2.49265e-6 4.675609 2.654038 0.5279117 4.675609 2.500052 1.035533 4.675609 2.249993 1.50336 4.675609 1.91347 1.913414 4.675609 1.503415 2.249935 4.675609 1.035588 2.499994 4.675609 0.5279658 2.653978 4.675609 1.503387 2.249936 4.675601 1.474518 2.206704 5.20351 1.876678 1.876647 5.20351 1.913452 1.913414 4.675601 1.035553 2.499995 4.675601 1.015655 2.451958 5.20351 1.388947 2.07867 5.711132 1.767792 1.767764 5.711132 2.206726 1.474472 5.20351 2.249969 1.503359 4.675601 0.5279541 2.653981 4.675601 0.5177918 2.602985 5.20351 0.9567261 2.309695 5.711132 1.25003 1.870754 6.178959 1.590973 1.590945 6.178959 2.078705 1.388923 5.711132 2.451996 1.015634 5.20351 2.50003 1.035532 4.675601 0.4877625 2.451959 5.711132 0.8610535 2.07867 6.178959 1.06308 1.590946 6.589013 1.353027 1.352988 6.589013 1.870789 1.249997 6.178959 2.309723 0.9567071 5.711132 2.603027 0.517766 5.20351 2.654022 0.5279098 4.675601 0.4389649 2.206705 6.178959 0.7322693 1.767764 6.589013 0.8352661 1.249998 6.925536 1.06308 1.063036 6.925536 1.590973 1.063036 6.589013 2.078705 0.8610132 6.178959 2.451996 0.4877254 5.711132 2.654022 3.03306e-7 5.20351 2.705994 2.62984e-7 4.675601 0.5753479 1.388924 6.925536 0.5753479 0.8610141 7.175595 0.7322693 0.7322323 7.175595 1.25003 0.8352221 6.925536 1.767792 0.7322318 6.589013 2.206726 0.4389409 6.178959 2.50003 7.06527e-7 5.711132 2.603027 -0.5177654 5.20351 2.654022 -0.5279092 4.675601 0.8610535 0.5753114 7.175595 1.388947 0.5753112 6.925536 1.876678 0.3732888 6.589013 2.249969 3.03306e-7 6.178959 2.451996 -0.487724 5.711132 2.451996 -1.015634 5.20351 2.50003 -1.035531 4.675601 0.4765022 0.3183723 7.315886 0.9567261 0.3962815 7.175595 1.474518 0.2932914 6.925536 1.913452 4.64594e-7 6.589013 2.206726 -0.4389402 6.178959 2.309723 -0.9567058 5.711132 2.206726 -1.474471 5.20351 2.249969 -1.503358 4.675601 0.4877625 0.2020229 7.32958 1.015655 0.2020229 7.175595 1.503387 6.05722e-7 6.925536 1.876678 -0.3732878 6.589013 2.078705 -0.8610126 6.178959 2.078705 -1.388922 5.711132 1.876678 -1.876646 5.20351 1.913452 -1.913413 4.675601 0.5177918 0.1029906 7.32958 1.035553 6.46044e-7 7.175595 1.474518 -0.2932902 6.925536 1.767792 -0.7322309 6.589013 1.870789 -1.249997 6.178959 1.767792 -1.767762 5.711132 1.474487 -2.206702 5.20351 1.503387 -2.249935 4.675601 0.5279541 5.14997e-7 7.32958 1.015655 -0.2020215 7.175595 1.388947 -0.57531 6.925536 1.590973 -1.063035 6.589013 1.590973 -1.590944 6.178959 1.388947 -2.078669 5.711132 1.015655 -2.451956 5.20351 1.035553 -2.499994 4.675601 0.5177918 -0.1029896 7.32958 0.9567261 -0.3962802 7.175595 1.25003 -0.8352211 6.925536 1.353027 -1.352987 6.589013 1.25003 -1.870752 6.178959 0.9567261 -2.309693 5.711132 0.5177918 -2.602983 5.20351 0.5279541 -2.653979 4.675601 0.4877625 -0.2020218 7.32958 0.8610535 -0.5753099 7.175595 1.06308 -1.063035 6.925536 1.06308 -1.590944 6.589013 0.8610535 -2.078668 6.178959 0.4877625 -2.451957 5.711132 0.4389649 -0.2932904 7.32958 0.7322693 -0.7322309 7.175595 0.8352661 -1.249997 6.925536 0.7322693 -1.767762 6.589013 0.4389649 -2.206702 6.178959 0.5753479 -0.8610126 7.175595 0.5753479 -1.388922 6.925536 0.4000244 2.424216 5.165073 0.4000244 2.472427 4.675601 0.4000244 2.281443 5.635735 0.4000244 2.04959 6.069499 0.4000244 1.732499 6.449697 0.4000244 1.864496 6.295038 0.4000244 1.337109 6.761718 0.4000244 0.8852046 6.99357 0.4000244 0.8953828 6.988749 0.4000244 0.3708685 7.125723 0.4000244 0.5550323 7.082331 0.4000244 0.07377189 7.147309 0.4000244 -2.472424 4.675601 0.4000244 -2.424214 5.165073 0.4000244 -0.1536169 7.145016 0.4000244 -2.281441 5.635735 0.4000244 -0.3159362 7.136344 0.4000244 -1.732497 6.449697 0.4000244 -2.049588 6.069499 0.4000244 -0.5550309 7.082331 0.4000244 -0.885203 6.99357 0.4000244 -1.337107 6.761718 0.4056064 2.614034 5.20351 0.4000244 2.609061 5.202394 0.4000244 2.660947 4.675601 0.4056054 2.666031 4.675601 0.4056064 2.46005 5.711132 0.4000244 2.455402 5.708944 0.4056064 2.20999 6.178959 0.4000244 2.20587 6.175783 0.4056065 1.866855 6.589013 0.4000244 1.8646 6.58497 0.4000244 2.006662 6.418518 0.4056064 2.038977 6.387339 0.4056065 1.440415 6.925536 0.4000244 1.439062 6.920782 0.4056064 0.9517343 7.175595 0.4000244 0.9527004 7.170313 0.4000244 0.9636548 7.165124 0.4056065 0.9791701 7.1626 0.4000244 0.3991467 7.312542 0.4000244 0.5973529 7.265841 0.4056064 0.6069719 7.268278 0.4056065 0.4055738 7.315731 0.4056065 0.08067542 7.340846 0.4000244 0.0793969 7.335775 0.4056072 4.39584e-7 7.34163 0.4000244 4.39584e-7 7.336547 0.4056074 -2.666028 4.675601 0.4000244 -2.660944 4.675601 0.4000244 -2.609058 5.202394 0.4056074 -2.614032 5.20351 0.4056072 -0.1679925 7.338338 0.4000244 -0.1653301 7.333307 0.4000244 -2.455399 5.708944 0.4056072 -2.460048 5.711132 0.4000244 -0.3400262 7.323974 0.4056072 -0.3339424 7.32958 0.4000244 -1.864598 6.58497 0.4056072 -1.866853 6.589013 0.4000244 -2.205867 6.175783 0.4056072 -2.209988 6.178959 0.4056072 -0.6069716 7.268277 0.4000244 -0.5973516 7.265841 0.4000244 -0.9526989 7.170313 0.4056072 -0.9517322 7.175595 0.4000244 -1.43906 6.920782 0.4056072 -1.440413 6.925536 0.4115801 1.345262 6.753682 0.4115801 1.300058 6.773206 0.4115801 1.338116 6.772156 0.4115801 1.31909 6.780568 0.4000244 2.472427 4.675601 0.4000244 2.424216 5.165073 0.4000244 2.281443 5.635735 0.4000244 2.04959 6.069499 0.4000244 1.864496 6.295038 0.4000244 1.732499 6.449697 0.4000244 1.337109 6.761718 0.4000244 0.8953828 6.988749 0.4000244 0.8852046 6.99357 0.4000244 0.5550323 7.082331 0.4000244 0.3708685 7.125723 0.4000244 -0.5973516 7.265841 0.4000244 -0.3400262 7.323974 0.4056072 -0.6069716 7.268277 0.4056072 -0.3339424 7.32958 0.4000244 0.0793969 7.335775 0.4000244 4.39584e-7 7.336547 0.4000244 0.3991467 7.312542 0.4000244 -2.424214 5.165073 0.4000244 -2.472424 4.675601 0.4000244 -2.281441 5.635735 0.4000244 -2.049588 6.069499 0.4000244 -1.337107 6.761718 0.4000244 -1.732497 6.449697 0.4000244 -0.5550309 7.082331 0.4000244 -0.885203 6.99357 0.4000244 -0.1536169 7.145016 0.4000244 0.07377189 7.147309 0.4056072 4.39584e-7 7.34163 0.4056065 0.08067542 7.340846 0.4000244 -1.43906 6.920782 0.4000244 -0.9526989 7.170313 0.4056072 -0.1679925 7.338338 0.4000244 -0.1653301 7.333307 0.4056065 0.4055738 7.315731 0.4056064 0.6069719 7.268278 0.4000244 2.660947 4.675601 0.4000244 2.609061 5.202394 0.4056064 2.614034 5.20351 0.4056054 2.666031 4.675601 0.4000244 2.455402 5.708944 0.4056064 2.46005 5.711132 0.4000244 2.20587 6.175783 0.4056064 2.20999 6.178959 0.4000244 2.006662 6.418518 0.4000244 1.8646 6.58497 0.4056065 1.866855 6.589013 0.4056064 2.038977 6.387339 0.4000244 1.439062 6.920782 0.4056065 1.440415 6.925536 0.4000244 0.9636548 7.165124 0.4000244 0.9527004 7.170313 0.4056064 0.9517343 7.175595 0.4056065 0.9791701 7.1626 0.4000244 0.5973529 7.265841 0.4000244 -2.609058 5.202394 0.4000244 -2.660944 4.675601 0.4056074 -2.666028 4.675601 0.4056074 -2.614032 5.20351 0.4000244 -2.455399 5.708944 0.4056072 -2.460048 5.711132 0.4000244 -2.205867 6.175783 0.4056072 -2.209988 6.178959 0.4000244 -1.864598 6.58497 0.4056072 -1.866853 6.589013 0.4056072 -1.440413 6.925536 0.4056072 -0.9517322 7.175595 0.4000244 -0.3159362 7.136344 -1.503387 2.249936 4.675601 -1.474518 2.206704 5.20351 -1.876678 1.876647 5.20351 -1.913452 1.913414 4.675601 -1.035553 2.499995 4.675601 -1.015655 2.451958 5.20351 -1.388947 2.07867 5.711132 -1.767792 1.767764 5.711132 -2.206726 1.474472 5.20351 -2.249969 1.503359 4.675601 -0.5279541 2.653981 4.675601 -0.5177918 2.602985 5.20351 -0.9567261 2.309695 5.711132 -1.25003 1.870754 6.178959 -1.590973 1.590945 6.178959 -2.078705 1.388923 5.711132 -2.451996 1.015634 5.20351 -2.50003 1.035532 4.675601 -0.4877625 2.451959 5.711132 -0.8610535 2.07867 6.178959 -1.06308 1.590946 6.589013 -1.353027 1.352988 6.589013 -1.870789 1.249997 6.178959 -2.309723 0.9567071 5.711132 -2.603027 0.517766 5.20351 -2.654022 0.5279098 4.675601 -0.4389649 2.206705 6.178959 -0.7322693 1.767764 6.589013 -0.8352661 1.249998 6.925536 -1.06308 1.063036 6.925536 -1.590973 1.063036 6.589013 -2.078705 0.8610132 6.178959 -2.451996 0.4877254 5.711132 -2.654022 3.03306e-7 5.20351 -2.705994 2.62984e-7 4.675601 -0.5753479 1.388924 6.925536 -0.5753479 0.8610141 7.175595 -0.7322693 0.7322323 7.175595 -1.25003 0.8352221 6.925536 -1.767792 0.7322318 6.589013 -2.206726 0.4389409 6.178959 -2.50003 7.06527e-7 5.711132 -2.603027 -0.5177654 5.20351 -2.654022 -0.5279092 4.675601 -0.8610535 0.5753114 7.175595 -1.388947 0.5753112 6.925536 -1.876678 0.3732888 6.589013 -2.249969 3.03306e-7 6.178959 -2.451996 -0.487724 5.711132 -2.451996 -1.015634 5.20351 -2.50003 -1.035531 4.675601 -0.4765022 0.3183723 7.315886 -0.9567261 0.3962815 7.175595 -1.474518 0.2932914 6.925536 -1.913452 4.64594e-7 6.589013 -2.206726 -0.4389402 6.178959 -2.309723 -0.9567058 5.711132 -2.206726 -1.474471 5.20351 -2.249969 -1.503358 4.675601 -0.4877625 0.2020229 7.32958 -1.015655 0.2020229 7.175595 -1.503387 6.05722e-7 6.925536 -1.876678 -0.3732878 6.589013 -2.078705 -0.8610126 6.178959 -2.078705 -1.388922 5.711132 -1.876678 -1.876646 5.20351 -1.913452 -1.913413 4.675601 -0.5177918 0.1029906 7.32958 -1.035553 6.46044e-7 7.175595 -1.474518 -0.2932902 6.925536 -1.767792 -0.7322309 6.589013 -1.870789 -1.249997 6.178959 -1.767792 -1.767762 5.711132 -1.474487 -2.206702 5.20351 -1.503387 -2.249935 4.675601 -0.5279541 5.14997e-7 7.32958 -1.015655 -0.2020215 7.175595 -1.388947 -0.57531 6.925536 -1.590973 -1.063035 6.589013 -1.590973 -1.590944 6.178959 -1.388947 -2.078669 5.711132 -1.015655 -2.451956 5.20351 -1.035553 -2.499994 4.675601 -0.5177918 -0.1029896 7.32958 -0.9567261 -0.3962802 7.175595 -1.25003 -0.8352211 6.925536 -1.353027 -1.352987 6.589013 -1.25003 -1.870752 6.178959 -0.9567261 -2.309693 5.711132 -0.5177918 -2.602983 5.20351 -0.5279541 -2.653979 4.675601 -0.4877625 -0.2020218 7.32958 -0.8610535 -0.5753099 7.175595 -1.06308 -1.063035 6.925536 -1.06308 -1.590944 6.589013 -0.8610535 -2.078668 6.178959 -0.4877625 -2.451957 5.711132 -0.4389649 -0.2932904 7.32958 -0.7322693 -0.7322309 7.175595 -0.8352661 -1.249997 6.925536 -0.7322693 -1.767762 6.589013 -0.4389649 -2.206702 6.178959 -0.5753479 -0.8610126 7.175595 -0.5753479 -1.388922 6.925536 -0.4000244 2.424216 5.165073 -0.4000244 2.472427 4.675601 -0.4000244 2.281443 5.635735 -0.4000244 2.04959 6.069499 -0.4000244 1.732499 6.449697 -0.4000244 1.864496 6.295038 -0.4000244 1.337109 6.761718 -0.4000244 0.8852046 6.99357 -0.4000244 0.8953828 6.988749 -0.4000244 0.3708685 7.125723 -0.4000244 0.5550323 7.082331 -0.4000244 0.07377189 7.147309 -0.4000244 -2.472424 4.675601 -0.4000244 -2.424214 5.165073 -0.4000244 -0.1536169 7.145016 -0.4000244 -2.281441 5.635735 -0.4000244 -0.3159362 7.136344 -0.4000244 -1.732497 6.449697 -0.4000244 -2.049588 6.069499 -0.4000244 -0.5550309 7.082331 -0.4000244 -0.885203 6.99357 -0.4000244 -1.337107 6.761718 0 2.424216 5.165073 0 2.472427 4.675601 0 2.281443 5.635735 0 2.04959 6.069499 0 1.732499 6.449697 0 1.864496 6.295038 0 1.337109 6.761718 0 0.8852046 6.99357 0 0.8953828 6.988749 0 0.3708685 7.125723 0 0.5550323 7.082331 0 0.07377189 7.147309 0 -2.472424 4.675601 0 -2.424214 5.165073 0 -0.1536169 7.145016 0 -2.281441 5.635735 0 -0.3159362 7.136344 0 -1.732497 6.449697 0 -2.049588 6.069499 0 -0.5550309 7.082331 0 -0.885203 6.99357 0 -1.337107 6.761718 -0.4056064 2.614034 5.20351 -0.4000244 2.609061 5.202394 -0.4000244 2.660947 4.675601 -0.4056054 2.666031 4.675601 -0.4056064 2.46005 5.711132 -0.4000244 2.455402 5.708944 -0.4056064 2.20999 6.178959 -0.4000244 2.20587 6.175783 -0.4056065 1.866855 6.589013 -0.4000244 1.8646 6.58497 -0.4000244 2.006662 6.418518 -0.4056064 2.038977 6.387339 -0.4056065 1.440415 6.925536 -0.4000244 1.439062 6.920782 -0.4056064 0.9517343 7.175595 -0.4000244 0.9527004 7.170313 -0.4000244 0.9636548 7.165124 -0.4056065 0.9791701 7.1626 -0.4000244 0.3991467 7.312542 -0.4000244 0.5973529 7.265841 -0.4056064 0.6069719 7.268278 -0.4056065 0.4055738 7.315731 -0.4056065 0.08067542 7.340846 -0.4000244 0.0793969 7.335775 -0.4056072 4.39584e-7 7.34163 -0.4000244 4.39584e-7 7.336547 -0.4056074 -2.666028 4.675601 -0.4000244 -2.660944 4.675601 -0.4000244 -2.609058 5.202394 -0.4056074 -2.614032 5.20351 -0.4056072 -0.1679925 7.338338 -0.4000244 -0.1653301 7.333307 -0.4000244 -2.455399 5.708944 -0.4056072 -2.460048 5.711132 -0.4000244 -0.3400262 7.323974 -0.4056072 -0.3339424 7.32958 -0.4000244 -1.864598 6.58497 -0.4056072 -1.866853 6.589013 -0.4000244 -2.205867 6.175783 -0.4056072 -2.209988 6.178959 -0.4056072 -0.6069716 7.268277 -0.4000244 -0.5973516 7.265841 -0.4000244 -0.9526989 7.170313 -0.4056072 -0.9517322 7.175595 -0.4000244 -1.43906 6.920782 -0.4056072 -1.440413 6.925536 -0.4115801 1.345262 6.753682 0 1.345262 6.753682 -0.4115801 1.300058 6.773206 0 1.300058 6.773206 -0.4115801 1.338116 6.772156 -0.4115801 1.31909 6.780568 0 1.31909 6.780568 0 1.338115 6.772156 -0.4000244 2.472427 4.675601 -0.4000244 2.424216 5.165073 -0.4000244 2.281443 5.635735 -0.4000244 2.04959 6.069499 -0.4000244 1.864496 6.295038 -0.4000244 1.732499 6.449697 -0.4000244 1.337109 6.761718 -0.4000244 0.8953828 6.988749 -0.4000244 0.8852046 6.99357 -0.4000244 0.5550323 7.082331 -0.4000244 0.3708685 7.125723 -0.4000244 -0.5973516 7.265841 -0.4000244 -0.3400262 7.323974 -0.4056072 -0.6069716 7.268277 -0.4056072 -0.3339424 7.32958 -0.4000244 0.0793969 7.335775 -0.4000244 4.39584e-7 7.336547 -0.4000244 0.3991467 7.312542 -0.4000244 -2.424214 5.165073 -0.4000244 -2.472424 4.675601 -0.4000244 -2.281441 5.635735 -0.4000244 -2.049588 6.069499 -0.4000244 -1.337107 6.761718 -0.4000244 -1.732497 6.449697 -0.4000244 -0.5550309 7.082331 -0.4000244 -0.885203 6.99357 -0.4000244 -0.1536169 7.145016 -0.4000244 0.07377189 7.147309 -0.4056072 4.39584e-7 7.34163 -0.4056065 0.08067542 7.340846 -0.4000244 -1.43906 6.920782 -0.4000244 -0.9526989 7.170313 -0.4056072 -0.1679925 7.338338 -0.4000244 -0.1653301 7.333307 -0.4056065 0.4055738 7.315731 -0.4056064 0.6069719 7.268278 -0.4000244 2.660947 4.675601 -0.4000244 2.609061 5.202394 -0.4056064 2.614034 5.20351 -0.4056054 2.666031 4.675601 -0.4000244 2.455402 5.708944 -0.4056064 2.46005 5.711132 -0.4000244 2.20587 6.175783 -0.4056064 2.20999 6.178959 -0.4000244 2.006662 6.418518 -0.4000244 1.8646 6.58497 -0.4056065 1.866855 6.589013 -0.4056064 2.038977 6.387339 -0.4000244 1.439062 6.920782 -0.4056065 1.440415 6.925536 -0.4000244 0.9636548 7.165124 -0.4000244 0.9527004 7.170313 -0.4056064 0.9517343 7.175595 -0.4056065 0.9791701 7.1626 -0.4000244 0.5973529 7.265841 -0.4000244 -2.609058 5.202394 -0.4000244 -2.660944 4.675601 -0.4056074 -2.666028 4.675601 -0.4056074 -2.614032 5.20351 -0.4000244 -2.455399 5.708944 -0.4056072 -2.460048 5.711132 -0.4000244 -2.205867 6.175783 -0.4056072 -2.209988 6.178959 -0.4000244 -1.864598 6.58497 -0.4056072 -1.866853 6.589013 -0.4056072 -1.440413 6.925536 -0.4056072 -0.9517322 7.175595 -0.4000244 -0.3159362 7.136344 -0.8817787 -3.98355 0.11822 0.8817787 -3.98355 0.11822 -0.8817787 -3.98355 2.081776 0.8817787 -3.98355 2.081776 0 -3.98355 -1.90735e-6 0 -3.98355 2.199998 -0.1182213 -3.98355 0.11822 -0.1182213 -3.98355 2.081776 -1 -3.98355 2.199998 -1 -3.98355 -1.90362e-6 1 -3.98355 -1.91107e-6 1 -3.98355 2.199998 0.1182212 -3.98355 2.081776 0.1182212 -3.98355 0.11822 -0.1386013 -3.97515 0.1386008 -0.1386013 -3.97515 2.061395 -0.8613987 -3.97515 2.061395 -0.8613987 -3.97515 0.1386008 0.8613987 -3.97515 0.1386008 0.8613987 -3.97515 2.061395 0.1386013 -3.97515 2.061395 0.1386013 -3.97515 0.1386008 0 -3.842446 -1.90735e-6 0 -3.842446 2.199998 -1 -3.842446 2.199998 -1 -3.842446 -1.90362e-6 1 -3.842446 -1.91107e-6 1 -3.842446 2.199998 -0.1386013 -3.97515 1.260231 -0.1386013 -3.97515 0.9397652 -0.8613987 -3.97515 0.9397653 -0.8613987 -3.97515 1.260231 0.8613987 -3.97515 1.260231 0.8613987 -3.97515 0.9397652 0.1386013 -3.97515 1.260231 0.1386013 -3.97515 0.9397652 0.1182212 -3.98355 1.260231 0 -3.98355 1.260231 -0.1182213 -3.98355 1.260231 0.1182212 -3.98355 0.9397652 0 -3.98355 0.9397652 -0.1182213 -3.98355 0.9397652 -0.8817787 -3.98355 0.939769 -1 -3.98355 0.9397771 -1 -3.98355 1.26028 -0.8817787 -3.98355 1.26024 1 -3.98355 1.260275 0.8817787 -3.98355 1.260239 1 -3.98355 0.9397764 0.8817787 -3.98355 0.9397688 -0.1386013 -3.98355 1.24138 -0.1386013 -3.98355 0.9586163 -0.8613987 -3.98355 0.9586163 -0.8613987 -3.98355 1.24138 0.8613987 -3.98355 1.24138 0.8613987 -3.98355 0.9586163 0.1386013 -3.98355 1.24138 0.1386013 -3.98355 0.9586163 0.1182212 -3.98355 1.24138 0.1182212 -3.98355 0.9586163 0 -3.98355 1.24138 0 -3.98355 0.9586163 -0.1182213 -3.98355 1.24138 -0.1182213 -3.98355 0.9586163 -1 -3.98355 1.241427 -1 -3.98355 0.9586303 -0.8817787 -3.98355 0.9586203 -0.8817787 -3.98355 1.241389 1 -3.98355 0.9586293 1 -3.98355 1.241422 0.8817787 -3.98355 1.241388 0.8817787 -3.98355 0.9586201 -0.5573724 2.982542 2.691838 -0.5573724 2.982542 1.308158 -0.5639191 2.995171 1.300033 0.5639191 2.995171 1.300033 0.5639191 2.995171 2.699963 -0.5639191 2.995171 2.699963 -0.6045933 2.995171 1.252555 0.6045933 2.995171 1.252555 0.6045933 2.995171 2.747442 -0.6045933 2.995171 2.747442 0.5573709 2.982542 2.691838 0.5573709 2.982542 1.308158 0.6111904 2.982542 2.755725 -0.6111904 2.982542 2.755725 0.6111904 2.982542 1.244271 -0.6111904 2.982542 1.244271 0.6111904 2.801015 2.755725 -0.6111904 2.801015 2.755725 0.6111904 2.801015 1.244271 -0.6111904 2.801015 1.244271 -1.181018 -3.939705 2.628366 -1.181018 -3.939705 2.628366 -1.181018 -3.939705 2.628366 -1.209774 -3.939705 2.599611 -1.209774 -3.939705 2.599611 -1.209774 -3.939705 2.599611 -1.181018 -3.968461 2.599611 -1.181018 -3.968461 2.599611 -1.181018 -3.968461 2.599611 1.181018 -3.968461 2.599611 1.181018 -3.968461 2.599611 1.181018 -3.968461 2.599611 1.209774 -3.939705 2.599611 1.209774 -3.939705 2.599611 1.209774 -3.939705 2.599611 1.181018 -3.939705 2.628366 1.181018 -3.939705 2.628366 1.181018 -3.939705 2.628366 -1.181018 -3.968461 -3.990325 -1.209774 -3.939705 -3.990325 -1.181018 -1.968461 2.628366 -1.209774 -1.968461 2.599611 1.181018 -1.968461 2.628366 1.209774 -1.968461 2.599611 1.181018 -3.968461 -3.990325 1.209774 -3.939705 -3.990325 -0.5908868 2.970895 4 -0.5908868 2.970895 4 -0.5936878 2.984976 4.014288 -0.5936878 2.984976 4.014288 6.09229e-5 3.043455 4.014288 6.09229e-5 3.043455 4.014288 6.09229e-5 3.043455 4.014288 6.0921e-5 3.029098 4 6.0921e-5 3.029098 4 6.0921e-5 3.029098 4 -1.159125 2.798522 4 -1.159125 2.798522 4 -1.164619 2.811786 4.014288 -1.164619 2.811786 4.014288 -1.682816 2.518603 4 -1.682816 2.518603 4 -1.690792 2.530541 4.014288 -1.690792 2.530541 4.014288 -2.141835 2.141896 4 -2.141835 2.141896 4 -2.151987 2.152048 4.014288 -2.151987 2.152048 4.014288 -2.518543 1.682877 4 -2.518543 1.682877 4 -2.53048 1.690853 4.014288 -2.53048 1.690853 4.014288 -2.798461 1.159186 4 -2.798461 1.159186 4 -2.811725 1.16468 4.014288 -2.811725 1.16468 4.014288 -2.970834 0.5909477 4 -2.970834 0.5909477 4 -2.984915 0.5937486 4.014288 -2.984915 0.5937486 4.014288 -3.029038 0 4 -3.029038 0 4 -3.043395 0 4.014288 -3.043395 0 4.014288 -2.970834 -0.5909476 4 -2.970834 -0.5909476 4 -2.984916 -0.5937486 4.014288 -2.984916 -0.5937486 4.014288 -2.798461 -1.159186 4 -2.798461 -1.159186 4 -2.811725 -1.16468 4.014288 -2.811725 -1.16468 4.014288 -2.518543 -1.682877 4 -2.518543 -1.682877 4 -2.53048 -1.690853 4.014288 -2.53048 -1.690853 4.014288 -2.141835 -2.141896 4 -2.141835 -2.141896 4 -2.151987 -2.152048 4.014288 -2.151987 -2.152048 4.014288 -1.682816 -2.518604 4 -1.682816 -2.518604 4 -1.690792 -2.530541 4.014288 -1.690792 -2.530541 4.014288 -1.159124 -2.798522 4 -1.159124 -2.798522 4 -1.164619 -2.811787 4.014288 -1.164619 -2.811787 4.014288 -0.5908862 -2.970896 4 -0.5908862 -2.970896 4 -0.5936871 -2.984977 4.014288 -0.5936871 -2.984977 4.014288 6.1908e-5 -3.029099 4 6.1908e-5 -3.029099 4 6.19146e-5 -3.043456 4.014288 6.19146e-5 -3.043456 4.014288 0.5910099 -2.970895 4 0.5910099 -2.970895 4 0.5938109 -2.984976 4.014288 0.5938109 -2.984976 4.014288 1.159248 -2.798521 4 1.159248 -2.798521 4 1.164742 -2.811786 4.014288 1.164742 -2.811786 4.014288 1.682939 -2.518602 4 1.682939 -2.518602 4 1.690916 -2.53054 4.014288 1.690916 -2.53054 4.014288 2.141958 -2.141895 4 2.141958 -2.141895 4 2.15211 -2.152047 4.014288 2.15211 -2.152047 4.014288 2.518665 -1.682875 4 2.518665 -1.682875 4 2.530603 -1.690852 4.014288 2.530603 -1.690852 4.014288 2.798584 -1.159184 4 2.798584 -1.159184 4 2.811848 -1.164678 4.014288 2.811848 -1.164678 4.014288 2.970957 -0.5909454 4 2.970957 -0.5909454 4 2.985038 -0.5937463 4.014288 2.985038 -0.5937463 4.014288 3.029159 2.69849e-6 4 3.029159 2.69849e-6 4 3.043516 2.70776e-6 4.014288 3.043516 2.70776e-6 4.014288 2.970955 0.5909506 4 2.970955 0.5909506 4 2.985037 0.5937516 4.014288 2.985037 0.5937516 4.014288 2.798582 1.159189 4 2.798582 1.159189 4 2.811846 1.164683 4.014288 2.811846 1.164683 4.014288 2.518662 1.68288 4 2.518662 1.68288 4 2.5306 1.690856 4.014288 2.5306 1.690856 4.014288 2.141954 2.141898 4 2.141954 2.141898 4 2.152106 2.15205 4.014288 2.152106 2.15205 4.014288 1.682934 2.518605 4 1.682934 2.518605 4 1.690911 2.530543 4.014288 1.690911 2.530543 4.014288 1.159243 2.798523 4 1.159243 2.798523 4 1.164737 2.811788 4.014288 1.164737 2.811788 4.014288 0.5910042 2.970896 4 0.5910042 2.970896 4 0.5938051 2.984977 4.014288 0.5938051 2.984977 4.014288 -0.5936878 2.984976 4.302112 -0.5936878 2.984976 4.302112 -0.5908869 2.970895 4.3164 -0.5908869 2.970895 4.3164 6.09212e-5 3.029098 4.3164 6.09212e-5 3.029098 4.3164 6.09229e-5 3.043455 4.302112 6.09229e-5 3.043455 4.302112 6.09229e-5 3.043455 4.302112 -1.164619 2.811786 4.302112 -1.164619 2.811786 4.302112 -1.159125 2.798522 4.3164 -1.159125 2.798522 4.3164 -1.690792 2.530541 4.302112 -1.690792 2.530541 4.302112 -1.682816 2.518603 4.3164 -1.682816 2.518603 4.3164 -2.151987 2.152048 4.302112 -2.151987 2.152048 4.302112 -2.141835 2.141896 4.3164 -2.141835 2.141896 4.3164 -2.53048 1.690853 4.302112 -2.53048 1.690853 4.302112 -2.518543 1.682877 4.3164 -2.518543 1.682877 4.3164 -2.811725 1.16468 4.302112 -2.811725 1.16468 4.302112 -2.798461 1.159186 4.3164 -2.798461 1.159186 4.3164 -2.984915 0.5937486 4.302112 -2.984915 0.5937486 4.302112 -2.970834 0.5909477 4.3164 -2.970834 0.5909477 4.3164 -3.043395 0 4.302112 -3.043395 0 4.302112 -3.029038 0 4.3164 -3.029038 0 4.3164 -2.984916 -0.5937486 4.302112 -2.984916 -0.5937486 4.302112 -2.970834 -0.5909476 4.3164 -2.970834 -0.5909476 4.3164 -2.811725 -1.16468 4.302112 -2.811725 -1.16468 4.302112 -2.798461 -1.159186 4.3164 -2.798461 -1.159186 4.3164 -2.53048 -1.690853 4.302112 -2.53048 -1.690853 4.302112 -2.518542 -1.682877 4.3164 -2.518542 -1.682877 4.3164 -2.151987 -2.152048 4.302112 -2.151987 -2.152048 4.302112 -2.141835 -2.141896 4.3164 -2.141835 -2.141896 4.3164 -1.690792 -2.530541 4.302112 -1.690792 -2.530541 4.302112 -1.682816 -2.518603 4.3164 -1.682816 -2.518603 4.3164 -1.164619 -2.811787 4.302112 -1.164619 -2.811787 4.302112 -1.159124 -2.798522 4.3164 -1.159124 -2.798522 4.3164 -0.5936871 -2.984977 4.302112 -0.5936871 -2.984977 4.302112 -0.5908861 -2.970895 4.3164 -0.5908861 -2.970895 4.3164 6.19146e-5 -3.043456 4.302112 6.19146e-5 -3.043456 4.302112 6.19082e-5 -3.029099 4.3164 6.19082e-5 -3.029099 4.3164 0.5938109 -2.984976 4.302112 0.5938109 -2.984976 4.302112 0.5910099 -2.970895 4.3164 0.5910099 -2.970895 4.3164 1.164742 -2.811786 4.302112 1.164742 -2.811786 4.302112 1.159248 -2.798521 4.3164 1.159248 -2.798521 4.3164 1.690916 -2.53054 4.302112 1.690916 -2.53054 4.302112 1.682939 -2.518602 4.3164 1.682939 -2.518602 4.3164 2.15211 -2.152047 4.302112 2.15211 -2.152047 4.302112 2.141958 -2.141895 4.3164 2.141958 -2.141895 4.3164 2.530603 -1.690852 4.302112 2.530603 -1.690852 4.302112 2.518665 -1.682875 4.3164 2.518665 -1.682875 4.3164 2.811848 -1.164678 4.302112 2.811848 -1.164678 4.302112 2.798584 -1.159184 4.3164 2.798584 -1.159184 4.3164 2.985038 -0.5937463 4.302112 2.985038 -0.5937463 4.302112 2.970957 -0.5909454 4.3164 2.970957 -0.5909454 4.3164 3.043516 2.70776e-6 4.302112 3.043516 2.70776e-6 4.302112 3.029159 2.69875e-6 4.3164 3.029159 2.69875e-6 4.3164 2.985037 0.5937516 4.302112 2.985037 0.5937516 4.302112 2.970956 0.5909507 4.3164 2.970956 0.5909507 4.3164 2.811846 1.164683 4.302112 2.811846 1.164683 4.302112 2.798582 1.159189 4.3164 2.798582 1.159189 4.3164 2.5306 1.690856 4.302112 2.5306 1.690856 4.302112 2.518662 1.68288 4.3164 2.518662 1.68288 4.3164 2.152106 2.15205 4.302112 2.152106 2.15205 4.302112 2.141954 2.141898 4.3164 2.141954 2.141898 4.3164 1.690911 2.530543 4.302112 1.690911 2.530543 4.302112 1.682934 2.518605 4.3164 1.682934 2.518605 4.3164 1.164737 2.811788 4.302112 1.164737 2.811788 4.302112 1.159243 2.798523 4.3164 1.159243 2.798523 4.3164 0.5938051 2.984977 4.302112 0.5938051 2.984977 4.302112 0.5910041 2.970896 4.3164 0.5910041 2.970896 4.3164 6.09112e-5 2.955754 4 -0.5177699 2.603311 4.652687 6.08768e-5 2.654313 4.652687 -1.015701 2.452265 4.652687 -1.474596 2.20698 4.652686 -1.876821 1.876882 4.652686 -2.20692 1.474657 4.652687 -2.452204 1.015761 4.652687 -2.60325 0.5178307 4.652687 -2.654252 0 4.652687 -2.60325 -0.5178305 4.652687 -2.452204 -1.015761 4.652687 -2.206919 -1.474657 4.652686 -1.876821 -1.876882 4.652686 -1.474596 -2.20698 4.652686 -1.0157 -2.452265 4.652686 -0.5177692 -2.603311 4.652686 6.17417e-5 -2.654313 4.652687 0.5178927 -2.603311 4.652687 1.015824 -2.452265 4.652686 1.474719 -2.206979 4.652686 1.876945 -1.876881 4.652687 2.207042 -1.474656 4.652687 2.452327 -1.01576 4.652687 2.603372 -0.5178285 4.652687 2.654374 2.45886e-6 4.652687 2.603371 0.5178334 4.652687 2.452325 1.015764 4.652687 2.20704 1.47466 4.652687 1.876941 1.876885 4.652687 1.474715 2.206982 4.652687 1.015819 2.452266 4.652687 0.5178876 2.603312 4.652686</float_array>
          <technique_common>
            <accessor source="#ind_bld_a300-mesh-positions-array" count="1261" stride="3">
              <param name="X" type="float"/>
              <param name="Y" type="float"/>
              <param name="Z" type="float"/>
            </accessor>
          </technique_common>
        </source>
        <source id="ind_bld_a300-mesh-normals">
          <float_array id="ind_bld_a300-mesh-normals-array" count="3951">1 0 0 0 0 1 0 -1 0 -0.5773487 -0.5773487 0.5773534 0.5773487 -0.5773487 0.5773534 -0.7071068 -0.7071068 0 -0.7071038 0 0.7071096 0.7071038 0 0.7071096 0.7071068 -0.7071068 0 0 -0.7071039 0.7071098 -1 0 0 0.8314463 -0.5555589 0 0.8314463 -0.5555589 0 0.7070834 -0.7070834 0 -0.9238563 -0.3826716 0 -0.9238563 -0.3826716 0 -0.9807733 -0.1950743 0 0.3826716 0.9238563 0 0.3826716 0.9238563 0 0.5555589 0.8314463 0 0.5555589 -0.8314463 0 0.5555589 -0.8314463 0 0.3826716 -0.9238563 0 -0.9999695 0 0 -0.9999695 0 0 -0.9807733 0.1950743 0 0.7070834 0.7070834 0 0.7070834 0.7070834 0 0.8314463 0.5555589 0 -0.9238563 0.3826716 0 -0.9238563 0.3826716 0 -0.8314463 0.5555589 0 0.1950743 -0.9807733 0 0.1950743 -0.9807733 0 0 -1 0 0.9238563 0.3826716 0 0.9238563 0.3826716 0 0.9807733 0.1950743 0 -0.7070834 0.7070834 0 -0.7070834 0.7070834 0 -0.5555589 0.8314463 0 -0.1950743 -0.9807733 0 -0.1950743 -0.9807733 0 -0.3826716 -0.9238563 0 0.9999695 0 0 0.9999695 0 0 0.9807733 -0.1950743 0 0.09799492 0.9951781 0 0.09799492 0.9951781 0 0.1950743 0.9807733 0 -0.5555589 -0.8314463 0 -0.5555589 -0.8314463 0 -0.7070834 -0.7070834 0 0 0 -1 0 0 -0.9999695 0 0 -1 0.9238563 -0.3826716 0 0.9238563 -0.3826716 0 -0.8314463 -0.5555589 0 -0.8314463 -0.5555589 0 0.1950743 0.9807733 0 0.7070834 -0.7070834 0 -0.9807733 -0.1950743 0 0.5555589 0.8314463 0 0.3826716 -0.9238563 0 -0.9807733 0.1950743 0 0.8314463 0.5555589 0 -0.8314463 0.5555589 0 0 -1 0 0.9807733 0.1950743 0 -0.5555589 0.8314463 0 -0.3826716 0.9238563 0 -0.3826716 -0.9238563 0 0.9807733 -0.1950743 0 -0.7070834 -0.7070834 0 0 0 -1 0 0 -1 0 0 -0.9999695 0 0 -1 0 0 -1 0 0 -1 0 0 -1 0 0 -1 0 0 -1 0 0 -1 0 0 -1 0 0 -0.9999695 0 0 -0.9999695 0 0 -0.9999695 0 0 -0.9999695 0 0 -1 0 0 -0.9999695 0 0 -1 0 0 -1 0 0 -1 0 0 -1 0 0 -1 0 0 -1 0 0 -1 0 0 -1 0 0 -1 0 0 -1 0 0 -1 0 0 -1 0 0 -1 0 0 -0.9999695 0 0 -1 0 0 -1 0 0 -1 0 0 -1 0 0 -0.9999695 0 0 -1 0 0 -1 0 0 -0.9999695 0 0 -1 0 0 -0.9999695 0 0 -0.9999695 0 0 -1 0 0 -0.9999695 0 0 -1 0 0 -1 0 0 -1 0 0 -1 -0.3826716 0.9238563 0 -0.1950743 0.9807733 0 0 0 -1 0 0 -1 0 0 -1 0 0 -0.9999695 0 0 -1 0 0 -1 0 0 -0.9999695 0 0 -1 0 0 -1 0 0 -1 0 0 -1 0 0 -1 0 0 -1 0 0 -0.9999695 -0.0693075 0.7036653 -0.7071139 -0.0693075 0.7036653 -0.7071139 -0.0693075 0.7036653 -0.7071139 -0.2052369 0.6766564 -0.7070834 -0.2052369 0.6766564 -0.7070834 -0.2052369 0.6766564 -0.7070834 -0.3332926 0.6235847 -0.7070834 -0.3332926 0.6235847 -0.7070834 -0.3332926 0.6235847 -0.7070834 -0.448561 0.5465865 -0.7071139 -0.448561 0.5465865 -0.7071139 -0.448561 0.5465865 -0.7071139 -0.5465865 0.448561 -0.7070834 -0.5465865 0.448561 -0.7070834 -0.5465865 0.448561 -0.7070834 -0.6236152 0.3332926 -0.7070834 -0.6236152 0.3332926 -0.7070834 -0.6236152 0.3332926 -0.7070834 -0.6766564 0.2052369 -0.7070834 -0.6766564 0.2052369 -0.7070834 -0.6766564 0.2052369 -0.7070834 -0.7036958 0.0693075 -0.7070834 -0.7036958 0.0693075 -0.7070834 -0.7036958 0.0693075 -0.7070834 -0.7036958 -0.0693075 -0.7070834 -0.7036958 -0.0693075 -0.7070834 -0.7036958 -0.0693075 -0.7070834 -0.6766564 -0.2052369 -0.7070834 -0.6766564 -0.2052369 -0.7070834 -0.6766564 -0.2052369 -0.7070834 -0.6236152 -0.3333231 -0.7070834 -0.6236152 -0.3333231 -0.7070834 -0.6236152 -0.3333231 -0.7070834 -0.5465865 -0.448561 -0.7070834 -0.5465865 -0.448561 -0.7070834 -0.5465865 -0.448561 -0.7070834 -0.448561 -0.5465865 -0.7071139 -0.448561 -0.5465865 -0.7071139 -0.448561 -0.5465865 -0.7071139 -0.3333231 -0.6235847 -0.7070834 -0.3333231 -0.6235847 -0.7070834 -0.3333231 -0.6235847 -0.7070834 -0.2052369 -0.6766259 -0.7070834 -0.2052369 -0.6766259 -0.7070834 -0.2052369 -0.6766259 -0.7070834 -0.0693075 -0.7036958 -0.7070834 -0.0693075 -0.7036958 -0.7070834 -0.0693075 -0.7036958 -0.7070834 0.0693075 -0.7036958 -0.7070834 0.0693075 -0.7036958 -0.7070834 0.0693075 -0.7036958 -0.7070834 0.2052369 -0.6766564 -0.7070834 0.2052369 -0.6766564 -0.7070834 0.2052369 -0.6766564 -0.7070834 0.3333231 -0.6235847 -0.7070834 0.3333231 -0.6235847 -0.7070834 0.3333231 -0.6235847 -0.7070834 0.448561 -0.5465865 -0.7070834 0.448561 -0.5465865 -0.7070834 0.448561 -0.5465865 -0.7070834 0.5465865 -0.448561 -0.7070834 0.5465865 -0.448561 -0.7070834 0.5465865 -0.448561 -0.7070834 0.6236152 -0.3333231 -0.7070834 0.6236152 -0.3333231 -0.7070834 0.6236152 -0.3333231 -0.7070834 0.6766564 -0.2052369 -0.7070834 0.6766564 -0.2052369 -0.7070834 0.6766564 -0.2052369 -0.7070834 0.7036958 -0.0693075 -0.7070834 0.7036958 -0.0693075 -0.7070834 0.7036958 -0.0693075 -0.7070834 0.7036653 0.0693075 -0.7071139 0.7036653 0.0693075 -0.7071139 0.7036653 0.0693075 -0.7071139 0.6766259 0.2052369 -0.7070834 0.6766259 0.2052369 -0.7070834 0.6766259 0.2052369 -0.7070834 0.6236152 0.3333231 -0.7070834 0.6236152 0.3333231 -0.7070834 0.6236152 0.3333231 -0.7070834 0.5465865 0.448561 -0.7070834 0.5465865 0.448561 -0.7070834 0.5465865 0.448561 -0.7070834 0.448561 0.5465865 -0.7070834 0.448561 0.5465865 -0.7070834 0.448561 0.5465865 -0.7070834 0.3333231 0.6235847 -0.7070834 0.3333231 0.6235847 -0.7070834 0.3333231 0.6235847 -0.7070834 0.2052369 0.6766564 -0.7070834 0.2052369 0.6766564 -0.7070834 0.2052369 0.6766564 -0.7070834 0.0693075 0.7036958 -0.7070834 0.0693075 0.7036958 -0.7070834 0.0693075 0.7036958 -0.7070834 -0.0693075 0.7036958 0.7070834 -0.0693075 0.7036958 0.7070834 -0.0693075 0.7036958 0.7070834 -0.2052369 0.6766259 0.7070834 -0.2052369 0.6766259 0.7070834 -0.2052369 0.6766259 0.7070834 -0.3332926 0.6235847 0.7071139 -0.3332926 0.6235847 0.7071139 -0.3332926 0.6235847 0.7071139 -0.448561 0.546556 0.7071139 -0.448561 0.546556 0.7071139 -0.448561 0.546556 0.7071139 -0.546556 0.448561 0.7071139 -0.546556 0.448561 0.7071139 -0.546556 0.448561 0.7071139 -0.6235847 0.3333231 0.7071139 -0.6235847 0.3333231 0.7071139 -0.6235847 0.3333231 0.7071139 -0.6766564 0.2052369 0.7070834 -0.6766564 0.2052369 0.7070834 -0.6766564 0.2052369 0.7070834 -0.7036958 0.0693075 0.7070834 -0.7036958 0.0693075 0.7070834 -0.7036958 0.0693075 0.7070834 -0.7036958 -0.0693075 0.7070834 -0.7036958 -0.0693075 0.7070834 -0.7036958 -0.0693075 0.7070834 -0.6766564 -0.2052369 0.7070834 -0.6766564 -0.2052369 0.7070834 -0.6766564 -0.2052369 0.7070834 -0.6235542 -0.3333231 0.7071139 -0.6235542 -0.3333231 0.7071139 -0.6235542 -0.3333231 0.7071139 -0.546556 -0.448561 0.7071139 -0.546556 -0.448561 0.7071139 -0.546556 -0.448561 0.7071139 -0.448561 -0.546556 0.7071139 -0.448561 -0.546556 0.7071139 -0.448561 -0.546556 0.7071139 -0.3333231 -0.6235847 0.7071139 -0.3333231 -0.6235847 0.7071139 -0.3333231 -0.6235847 0.7071139 -0.2052369 -0.6766259 0.7071139 -0.2052369 -0.6766259 0.7071139 -0.2052369 -0.6766259 0.7071139 -0.06927698 -0.7036653 0.7071139 -0.06927698 -0.7036653 0.7071139 -0.06927698 -0.7036653 0.7071139 0.0693075 -0.7036958 0.7070834 0.0693075 -0.7036958 0.7070834 0.0693075 -0.7036958 0.7070834 0.2052369 -0.6766259 0.7070834 0.2052369 -0.6766259 0.7070834 0.2052369 -0.6766259 0.7070834 0.3332926 -0.6235847 0.7071139 0.3332926 -0.6235847 0.7071139 0.3332926 -0.6235847 0.7071139 0.448561 -0.5465865 0.7071139 0.448561 -0.5465865 0.7071139 0.448561 -0.5465865 0.7071139 0.5465865 -0.448561 0.7070834 0.5465865 -0.448561 0.7071139 0.5465865 -0.448561 0.7070834 0.6235847 -0.3333231 0.7070834 0.6235847 -0.3333231 0.7070834 0.6235847 -0.3333231 0.7070834 0.6766564 -0.2052369 0.7070834 0.6766564 -0.2052369 0.7070834 0.6766564 -0.2052369 0.7070834 0.7036958 -0.0693075 0.7070834 0.7036958 -0.0693075 0.7070834 0.7036958 -0.0693075 0.7070834 0.7036958 0.0693075 0.7070834 0.7036958 0.0693075 0.7070834 0.7036958 0.0693075 0.7070834 0.6766564 0.2052369 0.7070834 0.6766564 0.2052369 0.7070834 0.6766564 0.2052369 0.7070834 0.6235847 0.3333231 0.7071139 0.6235847 0.3333231 0.7071139 0.6235847 0.3333231 0.7071139 0.5465865 0.448561 0.7071139 0.5465865 0.448561 0.7071139 0.5465865 0.448561 0.7071139 0.448561 0.5465865 0.7070834 0.448561 0.5465865 0.7070834 0.448561 0.5465865 0.7070834 0.3333231 0.6235847 0.7070834 0.3333231 0.6235847 0.7070834 0.3333231 0.6235847 0.7070834 0.2052369 0.6766564 0.7070834 0.2052369 0.6766564 0.7070834 0.2052369 0.6766564 0.7070834 0.06927698 0.7036958 0.7070834 0.06927698 0.7036958 0.7070834 0.06927698 0.7036958 0.7070834 -0.1950743 0.9807733 0 -0.09799492 0.9951781 0 0 0 1 0 0 0.9999695 0 0 1 0 0 1 0 0 1 0 0 1 0 0 0.9999695 0 0 0.9999695 0 0 1 0 0 0.9999695 0 0 1 0 0 0.9999695 0 0 1 0 0 0.9999695 0 0 1 0 0 0.9999695 0 0 1 0 0 0.9999695 0 0 0.9999695 0 0 0.9999695 0 0 0.9999695 0 0 0.9999695 0 0 0.9999695 0 0 1 0 0 1 0 0 1 0 0 1 0 0 1 0 0 1 0 0 1 0 0 1 0 0 1 0 0 1 0.3826716 0.9238563 0 0.5555589 0.8314463 0 0.5555589 0.8314463 0 -1 0 0 -1 0 0 -0.9807733 0.1950743 0 0.7070834 0.7070834 0 0.7070834 0.7070834 0 0.8314463 0.5555589 0 0.9238563 0.3826716 0 0.9238563 0.3826716 0 0.9807733 0.1950743 0 -0.3826716 0.9238563 0 -0.3826716 0.9238563 0 -0.1950743 0.9807733 0 0.9238563 -0.3826716 0 0.9238563 -0.3826716 0 0.8314463 -0.5555589 0 0.8314463 0.5555589 0 0.9807733 0.1950743 0 1 0 0 -0.1950743 0.9807733 0 0 1 0 0.3826716 0.9238563 0 0.3826716 0.9238563 0 0.5555589 0.8314463 0 0.5555589 -0.8314463 0 0.5555589 -0.8314463 0 0.3826716 -0.9238563 0 -1 0 0 -1 0 0 -0.9807733 0.1950743 0 0.7070834 0.7070834 0 0.7070834 0.7070834 0 0.8314463 0.5555589 0 0.1950743 -0.9807733 0 0.1950743 -0.9807733 0 0 -1 0 -0.9238563 0.3826716 0 -0.9238563 0.3826716 0 -0.8314463 0.5555589 0 0.9238563 0.3826716 0 0.9238563 0.3826716 0 0.9807733 0.1950743 0 -0.7070834 0.7070834 0 -0.7070834 0.7070834 0 -0.5555589 0.8314463 0 -0.1950743 -0.9807733 0 -0.1950743 -0.9807733 0 -0.3826716 -0.9238563 0 1 0 0 1 0 0 0.9807733 -0.1950743 0 -0.3826716 0.9238563 0 -0.3826716 0.9238563 0 -0.1950743 0.9807733 0 -0.5555589 -0.8314463 0 -0.5555589 -0.8314463 0 -0.7070834 -0.7070834 0 0.9238563 -0.3826716 0 0.9238563 -0.3826716 0 0.8314463 -0.5555589 0 -0.9238563 -0.3826716 0 -0.8314463 -0.5555589 0 -0.8314463 -0.5555589 0 0.1950743 0.9807733 0 0.1950743 0.9807733 0 0.7070834 -0.7070834 0 0.7070834 -0.7070834 0 -0.9807733 -0.1950743 0 -0.9807733 -0.1950743 0 0.5555589 0.8314463 0 0.3826716 -0.9238563 0 -0.9807733 0.1950743 0 0.8314463 0.5555589 0 -0.8314463 0.5555589 0 0 -1 0 0.9807733 0.1950743 0 -0.5555589 0.8314463 0 -0.3826716 -0.9238563 0 0.9807733 -0.1950743 0 -0.1950743 0.9807733 0 0 1 0 -0.7070834 -0.7070834 0 0 0.9999695 0 0.8314463 -0.5555589 0 -0.9238563 -0.3826716 0 0.1551866 0.3747063 -0.9140294 0.07910394 0.3977782 -0.9140294 0.07910394 0.3977782 -0.9140294 0.2867825 -0.2867825 -0.9140294 0.2867825 -0.2867825 -0.9140294 0.2253181 -0.3372295 -0.9140294 -0.3977782 -0.07910394 -0.9140294 -0.3977782 -0.07910394 -0.9140294 -0.405591 0 -0.9140294 0.2253181 0.3372295 -0.9140294 0.2253181 0.3372295 -0.9140294 0.2867825 0.2867825 -0.9140294 0.07910394 -0.3977782 -0.9140294 0.1551866 -0.3747063 -0.9140294 0.1551866 -0.3747063 -0.9140294 -0.3977782 0.07910394 -0.9140294 -0.3977782 0.07910394 -0.9140294 -0.3747063 0.1551866 -0.9140294 0.3372295 0.2253181 -0.9140294 0.3372295 0.2253181 -0.9140294 0.3747063 0.1551866 -0.9140294 -0.3372295 0.2253181 -0.9140294 -0.3372295 0.2253181 -0.9140294 -0.2867825 0.2867825 -0.9140294 0 -0.4055604 -0.9140294 0 -0.4055604 -0.9140294 -0.07910394 -0.3977782 -0.9140294 0.3977782 0.07910394 -0.9140294 0.3977782 0.07910394 -0.9140294 0.4055604 0 -0.9140294 -0.1551866 0.3747063 -0.9140294 -0.2253181 0.3372295 -0.9140294 -0.2253181 0.3372295 -0.9140294 -0.1551866 -0.3747063 -0.9140294 -0.1551866 -0.3747063 -0.9140294 -0.2253181 -0.3372295 -0.9140294 0.3747063 -0.1551866 -0.9140294 0.3977782 -0.07910394 -0.9140294 0.3977782 -0.07910394 -0.9140294 -0.07910394 0.3977782 -0.9140294 -0.07910394 0.3977782 -0.9140294 0 0.4055604 -0.9140294 -0.2867825 -0.2867825 -0.9140294 -0.2867825 -0.2867825 -0.9140294 -0.3372295 -0.2253181 -0.9140294 0 0.4055604 -0.9140294 0.3372295 -0.2253181 -0.9140294 0.3372295 -0.2253181 -0.9140294 -0.3747063 -0.1551866 -0.9140294 -0.3747063 -0.1551866 -0.9140294 0.1551866 0.3747063 -0.9140294 0.2253181 -0.3372295 -0.9140294 -0.405591 0 -0.9140294 0.2867825 0.2867825 -0.9140294 0.07910394 -0.3977782 -0.9140294 -0.3747063 0.1551866 -0.9140294 0.3747063 0.1551866 -0.9140294 -0.2867825 0.2867825 -0.9140294 -0.07910394 -0.3977782 -0.9140294 0.4055604 0 -0.9140294 -0.1551866 0.3747063 -0.9140294 -0.2253181 -0.3372295 -0.9140294 0.3747063 -0.1551866 -0.9140294 -0.3372295 -0.2253181 -0.9140294 0.1950743 -0.9807733 0 0 -0.9999695 0 0 -0.9999695 0 -0.9238563 0.3826716 0 -0.8314463 0.5555589 0 -0.8314463 0.5555589 0 -0.7070834 0.7070834 0 -0.5555589 0.8314463 0 -0.5555589 0.8314463 0 -0.5555589 -0.8314463 0 -0.7070834 -0.7070834 0 -0.7070834 -0.7070834 0 0.1950743 0.9807733 0 0.3826716 0.9238563 0 -0.7070834 0.7070834 0 -0.1950743 -0.9807733 0 -0.1950743 -0.9807733 0 -0.9238563 -0.3826716 0 -0.9807733 -0.1950743 0 -0.9807733 -0.1950743 0 0 1 0 0.5555589 -0.8314463 0 0.5555589 -0.8314463 0 0.3826716 -0.9238563 0 -0.3826716 -0.9238563 0 1 0 0 0.9807733 -0.1950743 0 -0.8314463 -0.5555589 0 -0.8314463 -0.5555589 0 0.7070834 -0.7070834 0 0.7070834 -0.7070834 0 0.3826716 -0.9238563 0 -0.9807733 0.1950743 0 -0.3826716 -0.9238563 0 0.9807733 -0.1950743 0 0.8314463 -0.5555589 0 0.5449995 0.8156682 0.1939146 0.6936552 0.6936552 0.1939146 0.7036958 0.7036958 0.09799492 0.3754082 0.9063387 0.1939146 0.5528733 0.8274484 0.09799492 0.5137486 0.7689139 0.3805353 0.6538896 0.6538896 0.3805353 0.8156682 0.5449995 0.1939146 0.1941282 0.976043 0.09799492 0.1913815 0.9621571 0.1939146 0.3538621 0.8543657 0.3805353 0.4629658 0.6928923 0.5527513 0.5892514 0.5892514 0.5527513 0.7689139 0.5137486 0.3805048 0.8274484 0.5528733 0.09802544 0.9063082 0.3754082 0.1939146 -1 0 0 -1 0 0 -1 0 0 0.1803949 0.9069796 0.3805353 0.3188879 0.7698904 0.5527513 0.3945128 0.5904416 0.7040315 0.5021516 0.502121 0.7040315 0.6928923 0.4629658 0.5527513 0.8543657 0.3538926 0.3805353 0.9621571 0.1913815 0.1939146 0.976043 0.1941282 0.09799492 -1 0 0 -1 0 0 0.1625721 0.8173162 0.5527513 0.2717368 0.6560869 0.7040315 0.3109836 0.4654073 0.8286386 0.395825 0.3957945 0.8286386 0.5904416 0.3945128 0.7040315 0.7698904 0.3188879 0.5527513 0.9069796 0.1803949 0.3805353 0.980987 0 0.1939146 0.9951781 0 0.0979644 -1 0 0 -1 0 0 -0.9999695 0 0 -1 0 0 -0.9999695 0 0 0.2142094 0.5171362 0.8286386 0.2154912 0.3224891 0.9216895 0.2742698 0.2742698 0.9216895 0.4654378 0.3109836 0.8286386 0.6560564 0.2717368 0.7040315 0.8173162 0.1625721 0.5527513 0.9247413 0 0.3805353 0.9621571 -0.1913815 0.1939146 -1 0 0 -1 0 0 -1 0 0 -1 0 0 -1 0 0 -1 0 0 -1 0 0 -1 0 0 -1 0 0 0.3225196 0.2154607 0.9216895 0.5171362 0.2142094 0.8286386 0.6964935 0.1385235 0.7040315 0.8333079 0 0.5527513 0.9069796 -0.1803949 0.3805353 0.976043 -0.1941282 0.09799492 0.9063082 -0.3754082 0.1939146 -1 0 0 -1 0 0 0.1602221 -0.1139561 0.9804682 0.1828974 -0.07602161 0.980163 0.08609271 -0.03231906 0.9957579 0.3583483 0.1484115 0.9216895 0.5489975 0.1091952 0.8286386 0.7101352 0 0.7040315 0.8173162 -0.1625721 0.5527513 0.8543657 -0.3538926 0.3805353 0.8156682 -0.5449995 0.1939146 0.8274484 -0.5528733 0.09802544 0 -0.03170871 0.9994812 0 -0.03170871 0.9994812 0 0.03118991 0.9995117 0.1666616 0.1309854 0.9772637 0.1605579 0.08938866 0.9829401 0.3804132 0.07565534 0.9216895 0.55974 0 0.8286386 0.6964935 -0.1385235 0.7040315 0.7698904 -0.3188879 0.5527513 0.7689139 -0.5137486 0.3805048 0.6936552 -0.6936552 0.1939146 0.7036958 -0.7036958 0.09802544 -0.6663411 -0.07321387 0.7419965 -0.6791284 -0.02905356 0.7334209 -0.6771447 -0.02417063 0.7354351 0.1970885 0.03918576 0.9795832 0.3878597 0 0.9216895 0.5489975 -0.1091952 0.8286386 0.6560564 -0.2717368 0.7040315 0.6928923 -0.4629658 0.5527513 0.6538896 -0.6538896 0.3805048 0.5449995 -0.8156682 0.1939146 0.5528733 -0.8274484 0.09802544 0 0.03118991 0.9995117 0 0.1513718 0.988464 0.2009643 0 0.9795832 0.3804132 -0.07565534 0.9216895 0.5171362 -0.2142094 0.8286386 0.5904416 -0.3945128 0.7040315 0.5892514 -0.5892514 0.5527513 0.5137486 -0.7689139 0.3805048 0.3754082 -0.9063082 0.1939146 0.3808405 -0.9194006 0.09799492 0.1956542 -0.03885 0.9798883 0.3583483 -0.1484115 0.9216895 0.4654378 -0.3109531 0.8286386 0.5021516 -0.502121 0.7040315 0.4629658 -0.6928923 0.5527513 0.3538926 -0.8543657 0.3805048 0.1913815 -0.9621571 0.1939146 0.1941282 -0.976043 0.09799492 0.09607225 -0.003356993 0.9953612 0.3178197 -0.2199469 0.9222694 0.395825 -0.3957945 0.8286386 0.3945128 -0.5904416 0.7040315 0.3188879 -0.7698904 0.5527513 0.1803949 -0.9069796 0.3805353 -1 0 0 -1 0 0 -1 0 0 0.2742698 -0.2735374 0.9219031 0.3109836 -0.4654073 0.8286386 0.2717368 -0.6560869 0.7040315 0.1609546 -0.8162786 0.554735 -0.9999695 0 0 -1 0 0 -0.638966 0.181524 0.7474899 -0.6246529 0.09247106 0.7753838 -0.6310617 0.1454207 0.7619556 0.2203436 -0.3174535 0.9222999 0.2138127 -0.5169225 0.8288827 -1 0 0 -1 0 0 0.08847314 0.02929776 0.9956359 -1 0 0 -1 0 0 -1 0 0 -1 0 0 -0.9999695 0 0 -1 0 0 -0.9999695 0 0 0.09070098 -0.9209266 0.3789483 0.2189702 0.7426374 0.6328318 -0.6344493 -0.4094363 0.6555987 -0.6488845 -0.2561724 0.716422 -0.6432996 -0.2933134 0.7071444 0.09753715 -0.9904172 0.09753715 0.1655324 0.5456709 0.8214668 0.1780755 0.1742607 0.9684439 0.1844844 -0.3659474 0.9121372 0.192938 -0.2133244 0.9577319 0.2054201 -0.6877651 0.6962187 0.213599 0.4213996 0.881344 0 -0.1373333 0.9905087 0 -0.1373333 0.9905087 0 -0.240028 0.9707633 -1 0 0 0.1764275 0.2311472 0.9567553 0.1653493 -0.5450911 0.821894 0.08178961 0.8305307 0.5508896 0.09070098 0.9209266 0.3789483 0.08154541 -0.8279977 0.5547044 0.1936399 0.3623157 0.9116795 0 -0.829249 0.5588549 0 -0.829249 0.5588549 0 -0.9238563 0.3826716 0 0.9951781 0.09799492 0 0.9951781 0.09799492 0 0.9807733 0.1950743 -0.6494033 0.03070157 0.7598193 -0.6732383 -0.003662168 0.7394025 -0.6732383 -0.003601133 0.7394025 0 0.3452254 0.9384747 0 0.3452254 0.9384747 0 0.2444838 0.9696341 0 -0.9238563 0.3826716 0 -0.9807733 0.1950743 0 0.2444838 0.9696341 0 0.1513718 0.988464 -0.6439101 -0.5386822 0.5432905 -0.6651815 -0.6194342 0.4168828 -0.664388 -0.6176336 0.4207587 0 -0.9807733 0.1950743 0 -0.9951781 0.09799492 0 0.6933805 0.720542 0 0.6933805 0.720542 0 0.5408185 0.8411207 0 0.7668386 0.6418043 0 0.7668386 0.6418043 0 0.9807733 0.1950743 0 0.9238563 0.3826716 -1 0 0 -1 0 0 0 -0.69747 0.7166051 0 -0.69747 0.7166051 -1 0 0 0 0.5408185 0.8411207 0 0.4426404 0.8966643 0 -0.240028 0.9707633 0 -0.3600574 0.9329203 0 0.4426404 0.8966643 0 -0.5405133 0.8413038 0 -0.5405133 0.8413038 0 0.8314463 0.5555589 0 0.8314463 0.5555589 -0.644612 0.03527939 0.7636647 0 0.9238563 0.3826716 -0.6213874 -0.178869 0.7627797 -0.6462905 -0.1912289 0.738731 -0.6741844 0.7244789 0.1432844 -0.6742149 0.7241737 0.1447492 -0.6715598 0.7373272 0.07260352 -0.6767479 0.6807459 0.280282 -0.676809 0.6795557 0.2829676 -0.680868 0.6101871 0.4050111 -0.68099 0.6077456 0.4084597 -0.6175115 0.5987427 0.5100253 -0.6245003 0.5475631 0.5568712 -0.6265755 0.534959 0.5667287 -0.6783044 0.5674917 0.4666891 -0.6450392 0.421308 0.6374401 -0.6477554 0.404767 0.6453749 -0.6214484 0.3385723 0.706473 -0.6328623 0.2830287 0.7206641 -0.6420789 0.2505264 0.7245094 -0.6501053 0.3441267 0.6774194 -0.6510514 0.1919004 0.7343364 -0.6741539 -0.7245399 0.1432844 -0.6714988 -0.7374188 0.07260352 -0.6714988 -0.7374188 0.07260352 -0.6767174 -0.6807764 0.280282 -0.6741539 -0.7242348 0.1447492 -1 0 0 -1 0 0 -1 0 0 -1 0 0 -0.6767479 -0.6795862 0.2829676 0 -0.3600574 0.9329203 -0.6346019 -0.4249397 0.6454665 -0.6422926 -0.5275735 0.5559557 0.09753715 0.9904172 0.09753715 -2.70131e-7 0.9326483 0.3607867 0 0.4043682 0.9145963 0 -0.3607764 0.9326524 -0.7036958 0.7036958 0.09799492 -0.6936552 0.6936552 0.1939146 -0.5449995 0.8156682 0.1939146 -0.5528733 0.8274484 0.09799492 -0.3754082 0.9063387 0.1939146 -0.6538896 0.6538896 0.3805353 -0.8274484 0.5528733 0.09802544 -0.8156682 0.5449995 0.1939146 -0.1941282 0.976043 0.09799492 -0.38081 0.9194312 0.09799492 -0.5137486 0.7689139 0.3805353 -0.5892514 0.5892514 0.5527513 -0.4629658 0.6928923 0.5527513 -0.7689139 0.5137486 0.3805048 -0.9194006 0.3808405 0.09799492 -0.9063082 0.3754082 0.1939146 1 0 0 1 0 0 1 0 0 -0.3538621 0.8543657 0.3805353 -0.1803949 0.9069796 0.3805353 -0.3188879 0.7698904 0.5527513 -0.5021516 0.502121 0.7040315 -0.3945128 0.5904416 0.7040315 -0.6928923 0.4629658 0.5527513 -0.8543657 0.3538926 0.3805353 -0.976043 0.1941282 0.09799492 -0.9621571 0.1913815 0.1939146 1 0 0 1 0 0 -0.1625721 0.8173162 0.5527513 -0.2717368 0.6560869 0.7040315 -0.395825 0.3957945 0.8286386 -0.3109836 0.4654073 0.8286386 -0.5904416 0.3945128 0.7040315 -0.7698904 0.3188879 0.5527513 -0.9069796 0.1803949 0.3805353 -0.9951781 0 0.0979644 -0.980987 0 0.1939146 1 0 0 1 0 0 1 0 0 1 0 0 0.9999695 0 0 -0.2742698 0.2742698 0.9216895 -0.4654378 0.3109836 0.8286386 -0.6560564 0.2717368 0.7040315 -0.8173162 0.1625721 0.5527513 -0.9247413 0 0.3805353 -0.976043 -0.1941282 0.09799492 -0.9621571 -0.1913815 0.1939146 1 0 0 0.9999695 0 0 1 0 0 1 0 0 1 0 0 1 0 0 1 0 0 1 0 0 -0.3225196 0.2154607 0.9216895 -0.5171362 0.2142094 0.8286386 -0.6964935 0.1385235 0.7040315 -0.8333079 0 0.5527513 -0.9069796 -0.1803949 0.3805353 -0.9194006 -0.3808405 0.09799492 -0.9063082 -0.3754082 0.1939146 -0.08609271 -0.03231906 0.9957579 -0.1828974 -0.07602161 0.980163 -0.1602221 -0.1139561 0.9804682 -0.3583483 0.1484115 0.9216895 -0.5489975 0.1091952 0.8286386 -0.7101352 0 0.7040315 -0.8173162 -0.1625721 0.5527513 -0.8543657 -0.3538926 0.3805353 -0.8274484 -0.5528733 0.09802544 -0.8156682 -0.5449995 0.1939146 0 0.03118991 0.9995117 0 -0.03170871 0.9994812 -0.1605579 0.08938866 0.9829401 -0.1666616 0.1309854 0.9772637 -0.3804132 0.07565534 0.9216895 -0.55974 0 0.8286386 -0.6964935 -0.1385235 0.7040315 -0.7698904 -0.3188879 0.5527513 -0.7689139 -0.5137486 0.3805048 -0.7036958 -0.7036958 0.09802544 -0.6936552 -0.6936552 0.1939146 0.6771142 -0.02417063 0.7354351 0.6790979 -0.02905356 0.7334209 0.6663411 -0.07321387 0.7419965 -0.1970885 0.03918576 0.9795832 -0.3878597 0 0.9216895 -0.5489975 -0.1091952 0.8286386 -0.6560564 -0.2717368 0.7040315 -0.6928923 -0.4629658 0.5527513 -0.6538896 -0.6538896 0.3805048 -0.5528733 -0.8274484 0.09802544 -0.5449995 -0.8156682 0.1939146 0 0.1513718 0.988464 -0.2009643 0 0.9795832 -0.3804132 -0.07565534 0.9216895 -0.5171362 -0.2142094 0.8286386 -0.5904416 -0.3945128 0.7040315 -0.5892514 -0.5892514 0.5527513 -0.5137486 -0.7689139 0.3805048 -0.3808405 -0.9194006 0.09799492 -0.3754082 -0.9063082 0.1939146 -0.1956542 -0.03885 0.9798883 -0.3583483 -0.1484115 0.9216895 -0.4654378 -0.3109531 0.8286386 -0.5021516 -0.502121 0.7040315 -0.4629658 -0.6928923 0.5527513 -0.3538926 -0.8543657 0.3805048 -0.1941282 -0.976043 0.09799492 -0.1913815 -0.9621571 0.1939146 -0.09607225 -0.003356993 0.9953612 -0.3178197 -0.2199469 0.9222694 -0.395825 -0.3957945 0.8286386 -0.3945128 -0.5904416 0.7040315 -0.3188879 -0.7698904 0.5527513 -0.1803949 -0.9069796 0.3805353 1 0 0 0.9999695 0 0 1 0 0 -0.2742698 -0.2735374 0.9219031 -0.3109836 -0.4654073 0.8286386 -0.2717368 -0.6560869 0.7040315 -0.1609546 -0.8162786 0.554735 1 0 0 1 0 0 0.6389966 0.181524 0.7474594 0.6510819 0.1919004 0.7343059 0.6310923 0.1454207 0.7619251 -0.2203436 -0.3174535 0.9222999 -0.2138127 -0.5169225 0.8288827 0.9999695 0 0 1 0 0 -0.08847314 0.02929776 0.9956359 1 0 0 1 0 0 1 0 0 1 0 0 0.9999695 0 0 1 0 0 0.9999695 0 0 -0.09070098 -0.9209266 0.3789483 -0.08154541 -0.8279977 0.5547044 -0.2189702 0.7426374 0.6328318 0.6432996 -0.2933439 0.7071444 0.6488845 -0.2561724 0.7164525 0.6344188 -0.4094668 0.6555987 -0.09753715 -0.9904172 0.09753715 -0.0961638 -0.9764397 0.1930295 -0.1655324 0.5456709 0.8214668 -0.2084414 0.6871853 0.6959136 -0.1780755 0.1742607 0.9684439 -0.1844844 -0.3659474 0.9121372 -0.192938 -0.2133244 0.9577319 -0.2054201 -0.6877651 0.6962187 -0.2154912 0.3224891 0.9216895 -0.213599 0.4213996 0.881344 0 -0.1373333 0.9905087 -0.2142094 0.5171362 0.8286386 1 0 0 -0.1764275 0.2311472 0.9567553 -0.1653493 -0.5450911 0.821894 -0.08178961 0.8305307 0.5508896 -0.09070098 0.9209266 0.3789483 -0.0961638 0.9764397 0.1930295 -0.1913815 0.9621571 0.1939146 -0.1936399 0.3623157 0.9116795 0 -0.829249 0.5588549 0 0.9951781 0.09799492 0.6494033 0.03070157 0.7597888 0.6446425 0.03527939 0.7636647 0.6732383 -0.003601133 0.7394025 0 0.3452254 0.9384747 0 -0.9238563 0.3826716 0 0.2444838 0.9696341 0.6439101 -0.5386822 0.54326 0.6422926 -0.5275735 0.5559557 0.6644185 -0.6176336 0.4207587 0 -0.9807733 0.1950743 0 0.6933805 0.720542 0 0.7668386 0.6418043 0 0.9807733 0.1950743 1 0 0 1 0 0 0 -0.69747 0.7166051 0.9999695 0 0 1 0 0 0 0.5408185 0.8411207 0 -0.240028 0.9707633 0 0.4426404 0.8966643 0 -0.5405133 0.8413038 0 0.8314463 0.5555589 0.6246834 0.09247106 0.7753533 0 0.9238563 0.3826716 0.6213874 -0.178869 0.7627797 0.6321604 -0.1376995 0.7624744 0.6715598 0.7373272 0.07260352 0.6742149 0.7241737 0.1447492 0.6741844 0.7244789 0.1432844 0.676809 0.6795557 0.2829676 0.6767479 0.6807459 0.280282 0.68099 0.6077456 0.4084597 0.680868 0.6102176 0.4050111 0.6175115 0.5987427 0.5100253 0.6783044 0.5674917 0.4666891 0.626545 0.534959 0.5667287 0.6477554 0.404767 0.6453749 0.6450392 0.421308 0.6374706 0.6214484 0.3385723 0.7065035 0.6500748 0.3441267 0.6774499 0.6420789 0.2505264 0.7245094 0.6328318 0.2830287 0.7206641 0.6741539 -0.7245399 0.1432844 0.6741539 -0.7242348 0.1447492 0.6714988 -0.7374188 0.07260352 0.6767174 -0.6807764 0.280282 0.6767479 -0.6795862 0.2829676 1 0 0 1 0 0 1 0 0 1 0 0 0.6651815 -0.6194342 0.4168828 0 -0.3600574 0.9329203 0.6346019 -0.4249702 0.645497 0.64626 -0.1912289 0.738731 -0.09753715 0.9904172 0.09753715 2.70131e-7 0.9326483 0.3607867 0 0.4043682 0.9145963 0 -0.3607764 0.9326524 -3.12247e-7 -1 -3.12245e-7 -3.12247e-7 -1 -3.12245e-7 -3.12247e-7 -1 -3.12245e-7 -3.12247e-7 -1 -3.12245e-7 -3.04968e-7 -0.9245519 -0.3810563 -3.04968e-7 -0.9245521 0.3810558 -3.04968e-7 -0.9245519 -0.3810563 -3.04968e-7 -0.9245521 0.3810558 0 0 -1 0 0 1 0 0 -1 0 0 1 -1 0 0 1 0 0 0.3810676 -0.9245472 0 -0.3810675 -0.9245473 0 0.3810675 -0.9245472 0 -0.3810673 -0.9245473 0 0 -1 0 0 -1 0 0 -1 0 0 -1 0 -3.29855e-7 -1 0 -3.01296e-7 -0.9134196 0.4070194 -3.29855e-7 -1 0 -3.29855e-7 -1 0 -2.34168e-7 -0.9134196 0.4070194 -3.29855e-7 -1 0 0 -1 0 0 -1 0 0.3810676 -0.9245473 0 -0.3810673 -0.9245473 0 0 -1 0 0 -1 0 0.3810676 -0.9245473 0 0 -0.9134205 -0.4070172 0.3810675 -0.9245472 0 0 -1 0 1.71417e-4 -0.9134195 0.4070193 0 -1 0 0 -1 0 -0.3810675 -0.9245473 0 0 -1 0 7.61848e-5 -0.9134205 -0.4070172 -1.64274e-4 -0.9134195 0.4070193 0 -1 0 0 -1 0 0 -1 0 0 -1 0 0 -1 0 -8.09468e-5 -0.9134195 -0.4070193 0 -1 0 0 -0.9134196 0.4070194 0 -1 0 0 -0.9134195 0.4070194 0 -1 0 0 -1 0 0 -1 0 0 -1 0 0 -1 0 -3.01296e-7 -0.9134196 -0.4070194 -3.29855e-7 -1 0 -3.01297e-7 -0.9134204 -0.4070172 -3.29855e-7 -1 0 -0.3810673 -0.9245473 0 0.3810676 -0.9245472 0 -0.3810673 -0.9245473 0 0 -0.9134206 -0.4070172 -0.3810675 -0.9245472 0 -0.3810675 -0.9245472 0 0.3810675 -0.9245472 0 0.3810675 -0.9245472 0 0.8877877 0.460253 0 0 0.5410994 0.8409586 0 0.5411219 -0.8409442 0 1 0 0 1 0 0 1 0 0 1 0 0 1 0 -0.8877432 0.4603389 0 0 0.5484916 0.8361561 0.8863407 0.4630337 0 0 0.5485027 -0.8361489 -0.8863407 0.4630337 0 -1 0 0 0 0 -1 1 0 0 0 0 1 1 0 0 0 0 1 0 -1 0 -0.7071068 -0.7071068 0 -0.7071038 0 0.7071096 0.7071038 0 0.7071096 0.7071068 -0.7071068 0 0 -0.7071039 0.7071098 -1 0 0 0 0 -1 -0.0693075 0.7036653 -0.7071139 -0.2052369 0.6766564 -0.7070834 -0.3332926 0.6235847 -0.7070834 -0.448561 0.5465865 -0.7071139 -0.5465865 0.448561 -0.7070834 -0.6236152 0.3332926 -0.7070834 -0.6766564 0.2052369 -0.7070834 -0.7036958 0.0693075 -0.7070834 -0.7036958 -0.0693075 -0.7070834 -0.6766564 -0.2052369 -0.7070834 -0.6236152 -0.3333231 -0.7070834 -0.5465865 -0.448561 -0.7070834 -0.448561 -0.5465865 -0.7071139 -0.3333231 -0.6235847 -0.7070834 -0.2052369 -0.6766259 -0.7070834 -0.0693075 -0.7036958 -0.7070834 0.0693075 -0.7036958 -0.7070834 0.2052369 -0.6766564 -0.7070834 0.3333231 -0.6235847 -0.7070834 0.448561 -0.5465865 -0.7070834 0.5465865 -0.448561 -0.7070834 0.6236152 -0.3333231 -0.7070834 0.6766564 -0.2052369 -0.7070834 0.7036958 -0.0693075 -0.7070834 0.7036653 0.0693075 -0.7071139 0.6766259 0.2052369 -0.7070834 0.6236152 0.3333231 -0.7070834 0.5465865 0.448561 -0.7070834 0.448561 0.5465865 -0.7070834 0.3333231 0.6235847 -0.7070834 0.2052369 0.6766564 -0.7070834 0.0693075 0.7036958 -0.7070834 -0.0693075 0.7036958 0.7070834 -0.2052369 0.6766259 0.7070834 -0.3332926 0.6235847 0.7071139 -0.448561 0.546556 0.7071139 -0.546556 0.448561 0.7071139 -0.6235847 0.3333231 0.7071139 -0.6766564 0.2052369 0.7070834 -0.7036958 0.0693075 0.7070834 -0.7036958 -0.0693075 0.7070834 -0.6766564 -0.2052369 0.7070834 -0.6235542 -0.3333231 0.7071139 -0.546556 -0.448561 0.7071139 -0.448561 -0.546556 0.7071139 -0.3333231 -0.6235847 0.7071139 -0.2052369 -0.6766259 0.7071139 -0.06927698 -0.7036653 0.7071139 0.0693075 -0.7036958 0.7070834 0.2052369 -0.6766259 0.7070834 0.3332926 -0.6235847 0.7071139 0.448561 -0.5465865 0.7071139 0.5465865 -0.448561 0.7070834 0.6235847 -0.3333231 0.7070834 0.6766564 -0.2052369 0.7070834 0.7036958 -0.0693075 0.7070834 0.7036958 0.0693075 0.7070834 0.6766564 0.2052369 0.7070834 0.6235847 0.3333231 0.7071139 0.5465865 0.448561 0.7071139 0.448561 0.5465865 0.7070834 0.3333231 0.6235847 0.7070834 0.2052369 0.6766564 0.7070834 0.06927698 0.7036958 0.7070834 -0.09799492 0.9951781 0 0.1950743 -0.9807733 0 -0.9238563 0.3826716 0 -0.5555589 -0.8314463 0 0.1950743 0.9807733 0 -0.9238563 -0.3826716 0 0.38081 0.9194312 0.09799492 0.9194006 0.3808405 0.09799492 -1 0 0 0.9194006 -0.3808405 0.09799492 0.1776482 -0.1698965 0.9692984 -0.6321604 -0.1376995 0.7624744 -0.9999695 0 0 0.2084414 0.6871853 0.6959136 0.0961638 -0.9764397 0.1930295 0.0961638 0.9764397 0.1930295 0 -0.9951781 0.09799492 -0.6715598 0.7373272 0.07260352 0 0.9326503 0.3607815 0 0.4043682 0.9145963 0 -0.3607745 0.9326531 0.9999695 0 0 1 0 0 1 0 0 -0.1776482 -0.1698965 0.9692984 1 0 0 0.6732383 -0.003662168 0.7394025 0 -0.9951781 0.09799492 0.6715598 0.7373272 0.07260352 0.6245003 0.5475631 0.5568712 0.6714988 -0.7374188 0.07260352 0 0.9326503 0.3607815 0 0.4043682 0.9145963 0 -0.3607745 0.9326531 -2.38419e-7 -1 2.38417e-7 -2.38419e-7 -1 2.38417e-7 -2.38419e-7 -1 2.38417e-7 -2.38419e-7 -1 2.38417e-7 -2.88689e-7 -0.9245521 -0.3810558 -2.88689e-7 -0.9245519 0.3810563 -2.88689e-7 -0.9245521 -0.3810558 -2.88689e-7 -0.9245519 0.3810563 0 0 -1 0 0 1 0 0 -1 0 0 1 -1 0 0 -1 0 0 -1 0 0 -1 0 0 -1 0 0 1 0 0 1 0 0 1 0 0 1 0 0 1 0 0 0.3810676 -0.9245473 0 -0.3810675 -0.9245472 0 0.3810675 -0.9245473 0 -0.3810674 -0.9245473 0 0 -1 0 0 -1 0 0 -1 0 0 -1 0 -3.29855e-7 -1 0 -3.01439e-7 -0.9134196 0.4070194 -3.29855e-7 -1 0 -3.29855e-7 -1 0 -2.34128e-7 -0.9134196 0.4070194 -3.29855e-7 -1 0 0 -1 0 0 -1 0 0.3810676 -0.9245472 0 -0.3810674 -0.9245473 0 0 -1 0 0 -1 0 0.3810675 -0.9245473 0 0 -1 0 0 -1 0 0 -1 0 -0.3810675 -0.9245473 0 0 -1 0 0 -1 0 0 -1 0 0 -1 0 0 -1 0 0 -1 0 0 -1 0 0 -1 0 0 -1 0 0 -1 0 0 -1 0 0 -1 0 0 -1 0 -3.68749e-7 -0.9134204 -0.4070172 -3.29855e-7 -1 0 -3.01438e-7 -0.9134204 -0.4070172 -3.29855e-7 -1 0 0.8877877 0.4602531 0 0 0.5410994 0.8409586 0 0.5411219 -0.8409442 0 1 0 0 1 0 0 1 0 0 1 0 0 1 0 -0.8877432 0.460339 0 0 0.5484916 0.8361561 0.8863407 0.4630337 0 0 0.5485026 -0.8361488 -0.8863407 0.4630337 0 -1 0 0 0 0 -1 1 0 0 0 0 1</float_array>
          <technique_common>
            <accessor source="#ind_bld_a300-mesh-normals-array" count="1317" stride="3">
              <param name="X" type="float"/>
              <param name="Y" type="float"/>
              <param name="Z" type="float"/>
            </accessor>
          </technique_common>
        </source>
        <source id="ind_bld_a300-mesh-map-0">
          <float_array id="ind_bld_a300-mesh-map-0-array" count="8208">1.281658 1.264739 1.281659 -1.148556 2.003547 -1.148555 1.266717 2.001518 0.4017184 2.001504 0.4017298 1.279618 0.4017301 1.264725 0.4017677 -1.148569 1.266767 -1.148555 0.3888326 1.272171 0.4017301 1.264725 0.4017298 1.279618 1.279626 1.272185 1.266729 1.279631 1.266729 1.264738 0.4017301 1.264725 0.3868376 1.264725 0.3868389 -1.148569 0.4017184 2.001504 0.386826 2.001504 0.3868352 1.279617 1.266729 1.279631 1.281621 1.279631 1.281612 2.001519 1.266767 -1.148555 1.281659 -1.148556 1.281658 1.264739 0.4017298 1.279618 0.4017301 1.264725 1.266729 1.264738 -0.3350499 1.264725 -0.3350486 -1.148569 0.3868389 -1.148569 0.6562376 0.3210052 0.6562324 0.3360794 0.6249854 0.3360686 0.3125209 0.3208863 0.3125157 0.3359606 0.2812687 0.3359498 0.9374603 0.3211024 0.9374551 0.3361766 0.9062081 0.3361659 0.5937436 0.3209835 0.5937384 0.3360578 0.5624914 0.336047 0.250027 0.3208647 0.2500218 0.3359391 0.2187748 0.3359283 0.8749663 0.3210808 0.8749611 0.3361551 0.8437141 0.3361443 0.1875331 0.3208432 0.1875278 0.3359175 0.1562809 0.3359067 0.5312497 0.320962 0.5312445 0.3360362 0.4999975 0.3360254 0.8124724 0.3210592 0.8124672 0.3361334 0.7812203 0.3361226 0.1250392 0.3208217 0.125034 0.3358959 0.09378701 0.3358851 0.4687557 0.3209403 0.4687505 0.3360146 0.4375035 0.3360038 0.7499785 0.3210376 0.7499732 0.3361119 0.7187263 0.3361011 0.9999539 0.321124 0.9999486 0.3361983 0.968702 0.3361874 0.4062618 0.3209187 0.4062566 0.335993 0.3750096 0.3359822 5.03335e-4 0.3158977 0.03084987 0.3159081 0.03122502 0.319731 0.6874846 0.321016 0.6874793 0.3360902 0.6562324 0.3360794 0.3437679 0.3208972 0.3437626 0.3359714 0.3125157 0.3359606 0.9687072 0.3211132 0.968702 0.3361874 0.9374551 0.3361766 0.6249906 0.3209943 0.6249854 0.3360686 0.5937384 0.3360578 0.2812739 0.3208755 0.2812687 0.3359498 0.2500218 0.3359391 0.9062132 0.3210916 0.9062081 0.3361659 0.8749611 0.3361551 0.5624967 0.3209728 0.5624914 0.336047 0.5312445 0.3360362 0.2187801 0.320854 0.2187748 0.3359283 0.1875278 0.3359175 0.8437194 0.32107 0.8437141 0.3361443 0.8124672 0.3361334 0.1562862 0.3208324 0.1562809 0.3359067 0.125034 0.3358959 0.5000028 0.3209512 0.4999975 0.3360254 0.4687505 0.3360146 0.7812255 0.3210484 0.7812203 0.3361226 0.7499732 0.3361119 0.09379231 0.3208109 0.09378701 0.3358851 0.06254011 0.3358743 0.4375088 0.3209295 0.4375035 0.3360038 0.4062566 0.335993 0.7187315 0.3210268 0.7187263 0.3361011 0.6874793 0.3360902 0.3750149 0.320908 0.3750096 0.3359822 0.3437626 0.3359714 0.6566895 0.3161243 0.687036 0.3161347 0.6874112 0.3199576 0.3433193 0.316016 0.3436945 0.3198388 0.312595 0.3198281 0.9379122 0.3162215 0.9682587 0.3162319 0.9686338 0.3200548 0.6245421 0.3161132 0.6249173 0.3199361 0.5938177 0.3199253 0.2808254 0.3159944 0.2812006 0.3198173 0.2501011 0.3198065 0.8754183 0.3162 0.9057648 0.3162105 0.90614 0.3200334 0.5620481 0.3160915 0.5624233 0.3199144 0.5313237 0.3199037 0.2183315 0.3159728 0.2187067 0.3197957 0.1876072 0.319785 0.8432708 0.3161888 0.8436461 0.3200117 0.8125465 0.320001 0.1558377 0.3159511 0.1562128 0.319774 0.1251133 0.3197634 0.4995542 0.31607 0.4999294 0.3198929 0.4688298 0.3198821 0.7504304 0.3161568 0.7807769 0.3161672 0.7811521 0.31999 0.09334373 0.3159296 0.09371888 0.3197525 0.06261932 0.3197418 0.4370602 0.3160484 0.4374354 0.3198713 0.4063358 0.3198605 0.718283 0.3161457 0.7186582 0.3199686 0.6875587 0.3199577 0.9691591 0.3162324 0.9995053 0.3162428 0.9998805 0.3200656 0.3745663 0.3160268 0.3749415 0.3198496 0.3438419 0.3198389 0.06254529 0.3208001 0.06254011 0.3358743 0.03129315 0.3358635 0.6254425 0.3161135 0.6557891 0.316124 0.6561643 0.319947 0.2817258 0.3159947 0.3120723 0.3160052 0.3124476 0.3198281 0.9066652 0.3162108 0.9370118 0.3162212 0.9373869 0.3200441 0.5932951 0.3161023 0.5936703 0.3199252 0.5625708 0.3199145 0.2495784 0.3159837 0.2499536 0.3198065 0.2188541 0.3197957 0.8441712 0.3161891 0.8745177 0.3161996 0.874893 0.3200225 0.5004546 0.3160703 0.5308012 0.3160808 0.5311763 0.3199036 0.1567381 0.3159516 0.1870846 0.3159621 0.1874597 0.3197849 0.7816773 0.3161676 0.8120239 0.316178 0.8123991 0.3200009 0.1245906 0.3159404 0.1249659 0.3197633 0.09386628 0.3197526 0.4683072 0.3160592 0.4686824 0.3198821 0.4375829 0.3198713 0.7191834 0.316146 0.74953 0.3161563 0.7499051 0.3199792 0.03175026 0.3159084 0.06209677 0.3159189 0.06247198 0.3197417 0.4058133 0.3160375 0.4061884 0.3198604 0.3750889 0.3198497 5.14224e-5 0.3207785 1.25478e-4 0.3197202 0.03122502 0.319731 0.03129839 0.3207893 0.03137242 0.319731 0.06247198 0.3197417 0.09379231 0.3208109 0.06254529 0.3208001 0.06261932 0.3197418 0.1250392 0.3208217 0.09379231 0.3208109 0.09386628 0.3197526 0.1250392 0.3208217 0.1251133 0.3197634 0.1562128 0.319774 0.1875331 0.3208432 0.1562862 0.3208324 0.1563602 0.3197742 0.1875331 0.3208432 0.1876072 0.319785 0.2187067 0.3197957 0.2187801 0.320854 0.2188541 0.3197957 0.2499536 0.3198065 0.250027 0.3208647 0.2501011 0.3198065 0.2812006 0.3198173 0.2812739 0.3208755 0.281348 0.3198173 0.3124476 0.3198281 0.3125209 0.3208863 0.312595 0.3198281 0.3436945 0.3198388 0.3750149 0.320908 0.3437679 0.3208972 0.3438419 0.3198389 0.3750149 0.320908 0.3750889 0.3198497 0.4061884 0.3198604 0.4375088 0.3209295 0.4062618 0.3209187 0.4063358 0.3198605 0.4687557 0.3209403 0.4375088 0.3209295 0.4375829 0.3198713 0.5000028 0.3209512 0.4687557 0.3209403 0.4688298 0.3198821 0.5312497 0.320962 0.5000028 0.3209512 0.5000768 0.3198929 0.5312497 0.320962 0.5313237 0.3199037 0.5624233 0.3199144 0.5624967 0.3209728 0.5625708 0.3199145 0.5936703 0.3199252 0.6249906 0.3209943 0.5937436 0.3209835 0.5938177 0.3199253 0.6249906 0.3209943 0.6250647 0.3199361 0.6561643 0.319947 0.6874846 0.321016 0.6562376 0.3210052 0.6563116 0.319947 0.7187315 0.3210268 0.6874846 0.321016 0.6875587 0.3199577 0.7499785 0.3210376 0.7187315 0.3210268 0.7188056 0.3199685 0.7499785 0.3210376 0.7500526 0.3199794 0.7811521 0.31999 0.8124724 0.3210592 0.7812255 0.3210484 0.7812995 0.3199902 0.8124724 0.3210592 0.8125465 0.320001 0.8436461 0.3200117 0.8749663 0.3210808 0.8437194 0.32107 0.8437933 0.3200117 0.8749663 0.3210808 0.8750404 0.3200225 0.90614 0.3200334 0.9374603 0.3211024 0.9062132 0.3210916 0.9062874 0.3200334 0.9687072 0.3211132 0.9374603 0.3211024 0.9375343 0.3200442 0.9687072 0.3211132 0.9687812 0.320055 0.9998805 0.3200656 1.19604e-4 0.336911 4.61899e-5 0.3358528 0.03129315 0.3358635 0.06246602 0.3369325 0.03136652 0.3369218 0.03129315 0.3358635 0.06261348 0.3369326 0.06254011 0.3358743 0.09378701 0.3358851 0.09386044 0.3369434 0.09378701 0.3358851 0.125034 0.3358959 0.1562069 0.336965 0.1251074 0.3369542 0.125034 0.3358959 0.1563543 0.336965 0.1562809 0.3359067 0.1875278 0.3359175 0.1876012 0.3369758 0.1875278 0.3359175 0.2187748 0.3359283 0.2188482 0.3369866 0.2187748 0.3359283 0.2500218 0.3359391 0.2500951 0.3369973 0.2500218 0.3359391 0.2812687 0.3359498 0.281342 0.3370081 0.2812687 0.3359498 0.3125157 0.3359606 0.3436886 0.3370297 0.3125891 0.3370189 0.3125157 0.3359606 0.343836 0.3370297 0.3437626 0.3359714 0.3750096 0.3359822 0.4061825 0.3370513 0.375083 0.3370405 0.3750096 0.3359822 0.4374295 0.3370621 0.4063299 0.3370513 0.4062566 0.335993 0.4375769 0.3370621 0.4375035 0.3360038 0.4687505 0.3360146 0.4688238 0.3370729 0.4687505 0.3360146 0.4999975 0.3360254 0.5000709 0.3370837 0.4999975 0.3360254 0.5312445 0.3360362 0.5624174 0.3371052 0.5313178 0.3370945 0.5312445 0.3360362 0.5936644 0.337116 0.5625648 0.3371053 0.5624914 0.336047 0.6249113 0.337127 0.5938118 0.3371161 0.5937384 0.3360578 0.6561583 0.3371376 0.6250587 0.3371269 0.6249854 0.3360686 0.6563057 0.3371377 0.6562324 0.3360794 0.6874793 0.3360902 0.6875527 0.3371486 0.6874793 0.3360902 0.7187263 0.3361011 0.7187997 0.3371593 0.7187263 0.3361011 0.7499732 0.3361119 0.7500466 0.3371701 0.7499732 0.3361119 0.7812203 0.3361226 0.7812936 0.337181 0.7812203 0.3361226 0.8124672 0.3361334 0.8125406 0.3371918 0.8124672 0.3361334 0.8437141 0.3361443 0.8437875 0.3372026 0.8437141 0.3361443 0.8749611 0.3361551 0.8750344 0.3372133 0.8749611 0.3361551 0.9062081 0.3361659 0.9062814 0.3372241 0.9062081 0.3361659 0.9374551 0.3361766 0.9375283 0.3372349 0.9374551 0.3361766 0.968702 0.3361874 0.9687754 0.3372457 0.968702 0.3361874 0.9999486 0.3361983 0.03129839 0.3207893 0.03129315 0.3358635 4.61899e-5 0.3358528 0.2039775 0.309738 0.1734755 0.3158053 0.1579257 0.1579257 0.3097381 0.1118741 0.3158053 0.142376 0.1579257 0.1579257 0.142376 0.3158053 0.111874 0.309738 0.1579257 0.1579257 0.03529262 0.0572834 0.05728334 0.03529262 0.1579257 0.1579257 0.2805588 0.0572834 0.2978368 0.0831418 0.1579257 0.1579257 0.006113409 0.111874 0.01801466 0.08314174 0.1579257 0.1579257 0.2327097 0.01801466 0.2585681 0.03529268 0.1579257 0.1579257 4.61899e-5 0.1734755 4.61899e-5 0.142376 0.1579257 0.1579257 0.2805587 0.2585682 0.2585679 0.2805589 0.1579257 0.1579257 0.1734755 4.61899e-5 0.2039775 0.00611335 0.1579257 0.1579257 0.01801466 0.2327097 0.006113409 0.2039775 0.1579257 0.1579257 0.309738 0.2039776 0.2978367 0.2327098 0.1579257 0.1579257 0.0572834 0.2805588 0.03529268 0.2585681 0.1579257 0.1579257 0.1118739 0.00611335 0.142376 4.61899e-5 0.1579257 0.1579257 0.3158053 0.142376 0.3158053 0.1734756 0.1579257 0.1579257 0.111874 0.309738 0.0831418 0.2978368 0.1579257 0.1579257 0.05728334 0.03529262 0.08314168 0.01801466 0.1579257 0.1579257 0.2978368 0.0831418 0.3097381 0.1118741 0.1579257 0.1579257 0.2327095 0.2978368 0.2039775 0.309738 0.1579257 0.1579257 0.01801466 0.08314174 0.03529262 0.0572834 0.1579257 0.1579257 0.1734755 0.3158053 0.142376 0.3158053 0.1579257 0.1579257 0.2585681 0.03529268 0.2805588 0.0572834 0.1579257 0.1579257 4.61899e-5 0.142376 0.006113409 0.111874 0.1579257 0.1579257 0.2585679 0.2805589 0.2327095 0.2978368 0.1579257 0.1579257 0.2039775 0.00611335 0.2327097 0.01801466 0.1579257 0.1579257 0.006113409 0.2039775 4.61899e-5 0.1734755 0.1579257 0.1579257 0.2978367 0.2327098 0.2805587 0.2585682 0.1579257 0.1579257 0.142376 4.61899e-5 0.1734755 4.61899e-5 0.1579257 0.1579257 0.03529268 0.2585681 0.01801466 0.2327097 0.1579257 0.1579257 0.3158053 0.1734756 0.309738 0.2039776 0.1579257 0.1579257 0.0831418 0.2978368 0.0572834 0.2805588 0.1579257 0.1579257 0.08314168 0.01801466 0.1118739 0.00611335 0.1579257 0.1579257 3.034574 1.891325 2.822379 1.891324 2.822392 -1.038376 -1.633681 -1.038374 -1.633675 1.891323 -1.845869 1.891322 2.610196 -1.038376 2.610187 1.891323 2.397993 1.891323 2.185808 -1.038377 2.1858 1.891322 1.973608 1.891321 -2.906841 -1.03837 -2.906836 1.891324 -3.119028 1.891324 1.337031 -1.038379 1.337029 1.891319 1.124835 1.891319 2.398003 -1.038377 2.397993 1.891323 2.1858 1.891322 1.973613 -1.038378 1.973608 1.891321 1.761414 1.891321 -3.119035 -1.03837 -3.119028 1.891324 -3.331221 1.891325 3.282384 -0.003241717 3.282384 0.1252026 3.083642 0.1252024 1.096223 -0.003242254 1.096223 0.1252017 0.8974816 0.1252017 -1.089933 -0.003241539 -1.089933 0.1252024 -1.288674 0.1252026 2.8849 -0.003241896 2.8849 0.1252022 2.686158 0.1252022 0.69874 -0.003242075 0.69874 0.1252019 0.4999985 0.1252019 -1.487415 -0.003241181 -1.487415 0.1252026 -1.686156 0.1252028 2.487416 -0.003242075 2.487416 0.1252022 2.288674 0.1252021 -1.884897 -0.003241181 -1.884897 0.1252026 -2.083639 0.1252028 0.301257 -0.003242075 0.301257 0.1252019 0.1025156 0.1252019 2.089932 -0.003242254 2.089932 0.1252019 1.89119 0.1252019 -2.28238 -0.003240644 -2.28238 0.1252031 -2.48112 0.1252033 -0.09622591 -0.003241896 -0.09622591 0.1252019 -0.2949674 0.1252021 1.692448 -0.003242254 1.692448 0.1252019 1.493707 0.1252019 -0.6924507 -0.003241539 -0.4937089 -0.003241717 -0.493709 0.1252022 3.282384 -0.003241717 3.481125 -0.003241896 3.481125 0.1252024 1.294965 -0.003242254 1.294965 0.1252019 1.096223 0.1252017 -0.891192 -0.003241539 -0.891192 0.1252022 -1.089933 0.1252024 3.083642 -0.003241896 3.083642 0.1252024 2.8849 0.1252022 0.69874 -0.003242075 0.8974816 -0.003242254 0.8974816 0.1252017 -1.288674 -0.003241181 -1.288674 0.1252026 -1.487415 0.1252026 2.686158 -0.003242075 2.686158 0.1252022 2.487416 0.1252022 -1.686157 -0.003241002 -1.686156 0.1252028 -1.884897 0.1252026 0.4999985 -0.003242075 0.4999985 0.1252019 0.301257 0.1252019 2.288674 -0.003242254 2.288674 0.1252021 2.089932 0.1252019 -2.28238 -0.003240644 -2.083639 -0.003241002 -2.083639 0.1252028 0.1025156 -0.003242075 0.1025156 0.1252019 -0.09622591 0.1252019 1.89119 -0.003242075 1.89119 0.1252019 1.692448 0.1252019 -2.481122 -0.003240466 -2.48112 0.1252033 -2.679862 0.1252035 -0.2949674 -0.003241896 -0.2949674 0.1252021 -0.493709 0.1252022 3.679867 -0.003241539 3.679867 0.1252028 3.481125 0.1252024 1.493707 -0.003242254 1.493707 0.1252019 1.294965 0.1252019 -0.6924507 -0.003241539 -0.6924507 0.1252022 -0.891192 0.1252022 3.282384 0.1252026 3.481125 0.1252024 3.483061 0.1467021 1.294965 0.1252019 1.296899 0.1467014 1.094289 0.1467016 -0.891192 0.1252022 -0.8892577 0.146702 -1.091867 0.146702 3.083642 0.1252024 3.085576 0.1467021 2.882966 0.1467018 0.69874 0.1252019 0.8974816 0.1252017 0.899416 0.1467014 -1.288674 0.1252026 -1.28674 0.1467024 -1.489349 0.1467021 2.686158 0.1252022 2.688091 0.146702 2.485482 0.146702 -1.686156 0.1252028 -1.684223 0.1467024 -1.886832 0.1467025 0.4999985 0.1252019 0.5019328 0.1467016 0.2993231 0.1467014 2.288674 0.1252021 2.290608 0.1467016 2.087998 0.1467016 -2.28238 0.1252031 -2.083639 0.1252028 -2.081705 0.1467025 0.1025156 0.1252019 0.1044497 0.1467016 -0.09815996 0.1467016 1.692448 0.1252019 1.89119 0.1252019 1.893124 0.1467016 -2.48112 0.1252033 -2.479187 0.1467028 -2.681796 0.146703 -0.2949674 0.1252021 -0.2930333 0.1467016 -0.4956429 0.1467018 3.679867 0.1252028 3.6818 0.1467025 3.479192 0.146702 1.493707 0.1252019 1.49564 0.1467014 1.293031 0.1467014 -0.891192 0.1252022 -0.6924507 0.1252022 -0.6905163 0.146702 3.083642 0.1252024 3.282384 0.1252026 3.284318 0.1467024 0.8974816 0.1252017 1.096223 0.1252017 1.098157 0.1467014 -1.089933 0.1252024 -1.087999 0.146702 -1.290607 0.1467025 2.686158 0.1252022 2.8849 0.1252022 2.886834 0.146702 0.69874 0.1252019 0.7006742 0.1467016 0.4980645 0.1467012 -1.686156 0.1252028 -1.487415 0.1252026 -1.485481 0.1467024 2.288674 0.1252021 2.487416 0.1252022 2.48935 0.146702 -1.884897 0.1252026 -1.882964 0.1467021 -2.085573 0.1467027 0.1025156 0.1252019 0.301257 0.1252019 0.3031911 0.1467016 2.089932 0.1252019 2.091866 0.1467016 1.889256 0.1467012 -2.48112 0.1252033 -2.28238 0.1252031 -2.280446 0.1467027 -0.09622591 0.1252019 -0.09429204 0.1467016 -0.2969014 0.1467018 1.493707 0.1252019 1.692448 0.1252019 1.694382 0.1467016 -0.6924507 0.1252022 -0.493709 0.1252022 -0.4917749 0.1467018 0.2760645 1.89132 0.06387042 1.89132 0.06386703 -1.038377 -2.058061 1.891322 -2.270255 1.891324 -2.270262 -1.038372 -2.48245 1.891324 -2.694643 1.891324 -2.694648 -1.038371 -0.5727096 1.891321 -0.784904 1.891321 -0.7849071 -1.038376 3.246768 1.891326 3.034574 1.891325 3.034586 -1.038375 -2.270255 1.891324 -2.48245 1.891324 -2.482454 -1.038371 0.06387042 1.89132 -0.1483236 1.89132 -0.148326 -1.038377 -1.209289 1.891322 -1.421483 1.891322 -1.421488 -1.038374 3.458971 -1.038374 3.458961 1.891327 3.246768 1.891326 0.7004482 -1.038378 0.7004504 1.891319 0.4882572 1.891319 -0.148326 -1.038377 -0.1483236 1.89132 -0.3605164 1.89132 1.76142 -1.038378 1.761414 1.891321 1.549221 1.891319 -0.9971011 -1.038375 -0.9970955 1.891321 -1.209289 1.891322 0.9126414 -1.038378 0.9126431 1.891319 0.7004504 1.891319 -1.421488 -1.038374 -1.421483 1.891322 -1.633675 1.891323 2.822392 -1.038376 2.822379 1.891324 2.610187 1.891323 0.488254 -1.038378 0.4882572 1.891319 0.2760645 1.89132 -1.845875 -1.038373 -1.845869 1.891322 -2.058061 1.891322 -2.694648 -1.038371 -2.694643 1.891324 -2.906836 1.891324 -0.3605205 -1.038377 -0.3605164 1.89132 -0.5727096 1.891321 1.549225 -1.038378 1.549221 1.891319 1.337029 1.891319 -0.7849071 -1.038376 -0.784904 1.891321 -0.9970955 1.891321 1.124837 -1.038378 1.124835 1.891319 0.9126431 1.891319 0.7111142 1.16165 0.8424123 1.079216 0.947018 1.216107 0.5680594 1.217601 0.7111105 1.16166 0.7873141 1.313785 0.7111142 1.16165 0.6442002 1.031529 0.7510622 0.9630548 0.947018 1.216107 0.8424123 1.079216 0.9571504 0.9720989 0.433758 1.413006 0.4180467 1.245925 0.5680568 1.217601 0.5680594 1.217601 0.5271153 1.078209 0.6441987 1.031529 0.5841828 0.9170942 0.669542 0.8615559 0.7510624 0.9630545 0.7510625 0.9630547 0.8436136 0.8745885 0.9571511 0.9720975 1.088079 1.088472 0.9571515 0.9720979 1.050442 0.8428587 0.2461077 2.039009 0.1678306 2.031195 0.1680997 1.825959 0.4039158 1.101949 0.5271077 1.078206 0.5680592 1.2176 0.490204 0.955106 0.5841828 0.9170941 0.6441999 1.031528 0.5293067 0.8139249 0.5953288 0.7705014 0.6695424 0.8615554 0.7510625 0.9630547 0.6695425 0.8615557 0.7429592 0.7901725 0.9571515 0.9720979 0.8436138 0.8745887 0.9178358 0.7687039 1.050443 0.8428589 1.117178 0.6950742 1.291651 0.7530166 0.2464216 1.833549 0.1680997 1.825959 0.1683688 1.620724 0.3910347 0.974514 0.490204 0.9551055 0.5271077 1.078206 0.4563356 0.8437474 0.5293048 0.8139311 0.5841828 0.9170941 0.4782233 0.7187858 0.5264812 0.6868356 0.5953288 0.7705014 0.5953294 0.770502 0.6518263 0.7149246 0.7429592 0.7901725 0.7429596 0.7901729 0.801293 0.7052899 0.9178358 0.7687037 1.050442 0.8428587 0.9178358 0.7687037 0.9698314 0.6489344 1.11718 0.6950665 1.151699 0.5340943 1.341284 0.5512442 0.2467781 1.628103 0.1683688 1.620724 0.1686379 1.415488 0.2476484 1.292071 0.1689954 1.293599 0.1686837 1.208653 0.4563354 0.843747 0.4247324 0.7407867 0.4782217 0.7187911 0.4782233 0.7187857 0.4298521 0.6292052 0.4614379 0.6082345 0.5264832 0.6868318 0.5676303 0.6460636 0.6518263 0.714924 0.7429592 0.7901725 0.6518266 0.7149242 0.696452 0.649159 0.8012936 0.7052901 0.8417201 0.6099868 0.9698314 0.6489344 1.117173 0.6950641 0.969832 0.6489346 0.9960196 0.5200971 1.341285 0.5512359 1.1517 0.5340866 1.147096 0.3695238 0.2476484 1.292071 0.247044 1.422926 0.1686379 1.415488 0.2470279 0.9908291 0.24711 1.216926 0.1686837 1.208653 0.2472107 0.7856778 0.168532 0.7914194 0.168533 0.7867218 0.2470406 0.6437072 0.1684819 0.6441069 0.1684549 0.5651804 0.4614384 0.6082351 0.4883093 0.5815345 0.5676303 0.6460636 0.5676306 0.6460638 0.6000148 0.5979858 0.6964519 0.6491587 0.6964522 0.6491588 0.727215 0.5756757 0.8417193 0.609986 0.9698314 0.6489344 0.8417204 0.6099863 0.861976 0.5081217 1.151691 0.5340856 0.9960198 0.5200971 0.9938439 0.3885273 1.329051 0.3438122 1.147095 0.3695157 1.108098 0.2120881 0.2470578 1.00604 0.1686073 0.9985752 0.168532 0.7914194 0.2469872 0.6412537 0.2470423 0.7947428 0.168533 0.7867218 0.4221364 0.4149126 0.4294242 0.4320781 0.4139678 0.4367324 0.4883103 0.5815352 0.5094112 0.5501173 0.600014 0.5979847 0.6964522 0.6491588 0.6000151 0.5979853 0.6222849 0.5444296 0.8417204 0.6099863 0.727215 0.5756757 0.7426421 0.4974056 0.8619765 0.5081218 0.86079 0.4042288 0.9938439 0.3885272 0.9938445 0.3885271 0.9643555 0.2613104 1.108097 0.2120873 1.108098 0.2120873 1.039825 0.06795072 1.18955 -0.02298402 0.001498818 0.3461164 0.1683751 0.3460534 0.1684108 0.4409171 0.4121291 0.5197641 0.4225275 0.5043058 0.5094097 0.5501133 0.6000151 0.5979853 0.5094155 0.5501121 0.5239041 0.5151761 0.6222849 0.5444297 0.6334747 0.4874939 0.7426421 0.4974056 0.7426432 0.4974057 0.7419739 0.4176106 0.860789 0.404229 0.86079 0.4042288 0.8384945 0.3030783 0.9643554 0.2613105 0.9643555 0.2613104 0.9107264 0.1436538 1.039825 0.06795096 1.039825 0.06795072 0.9464551 -0.05827248 1.073976 -0.1741006 0.2502497 0.275012 0.2502448 0.3443369 0.2470723 0.3453351 0.4225285 0.5043062 0.429664 0.4871303 0.5239027 0.5151752 0.5239071 0.5151731 0.5312034 0.4780719 0.6334742 0.4874938 0.7426421 0.4974056 0.6334747 0.4874938 0.6331078 0.4294568 0.86079 0.4042288 0.7419739 0.4176106 0.7253206 0.3396579 0.9643555 0.2613104 0.838495 0.3030777 0.796695 0.208885 1.039825 0.06795072 0.9107264 0.1436531 0.8358291 0.03973352 0.946455 -0.05827271 0.8323798 -0.1632142 0.9346368 -0.2991304 0.001534521 0.4409801 0.1684108 0.4409171 0.1684549 0.5651804 0.5239027 0.5151752 0.4296641 0.48713 0.4332644 0.4688967 0.6334747 0.4874938 0.5312035 0.4780718 0.5310142 0.4402495 0.6331078 0.4294568 0.6212116 0.3726532 0.7253203 0.3396579 0.7253206 0.3396579 0.6935918 0.2667233 0.7966948 0.2088844 0.7966953 0.208884 0.7375625 0.125195 0.8358291 0.03973358 0.946455 -0.05827271 0.8358291 0.03973352 0.7431505 -0.04719436 0.8323685 -0.1632139 0.701826 -0.2440943 0.7765327 -0.3953286 0.4332643 0.4688968 0.4331811 0.4503073 0.5310125 0.4402496 0.5310142 0.4402495 0.5233503 0.4031907 0.6212105 0.3726535 0.7253206 0.3396579 0.6212116 0.3726532 0.5983367 0.3193395 0.7966948 0.2088844 0.6935918 0.2667233 0.6482866 0.2016201 0.8358291 0.03973352 0.7375625 0.125195 0.6637509 0.05490738 0.8323685 -0.1632139 0.7431505 -0.04719436 0.6363334 -0.1143584 0.701826 -0.2440943 0.559403 -0.2991237 0.6048499 -0.4606888 0.4124833 0.4523447 0.4331799 0.4503074 0.4332596 0.4688918 0.5310142 0.4402495 0.4331811 0.4503073 0.4294242 0.4320784 0.6212116 0.3726532 0.5233471 0.4031848 0.508517 0.3683339 0.6935918 0.2667233 0.598337 0.3193393 0.5654706 0.2715825 0.7375625 0.125195 0.6482866 0.2016185 0.5913534 0.1467242 0.7431505 -0.04719436 0.6637505 0.05490684 0.5782222 3.3626e-4 0.701826 -0.2440943 0.6363254 -0.1143566 0.5194171 -0.1600499 0.246051 -1.218441 0.2461342 -0.9976168 0.1678659 -1.005523 0.523345 0.4031887 0.4294251 0.4320778 0.4221374 0.4149121 0.5983367 0.3193395 0.5085179 0.3683326 0.4871226 0.337033 0.6482859 0.2016191 0.5654694 0.2715784 0.5239592 0.2311788 0.6637504 0.05490702 0.5913527 0.1467179 0.5250695 0.1039493 0.6363254 -0.1143566 0.5782206 3.3474e-4 0.4842013 -0.03686082 0.2461729 -1.013038 0.2462562 -0.7922143 0.1679433 -0.8003446 0.2470406 0.6437072 0.2470116 0.5587627 0.2500236 0.5610663 0.4871228 0.3370319 0.4600124 0.3104826 0.5239593 0.2311788 0.5239586 0.2311732 0.4754499 0.1996035 0.5250685 0.1039486 0.2463377 -0.8076489 0.2464207 -0.5868251 0.1680207 -0.5951653 0.4097284 0.4811886 0.4296632 0.4871296 0.4225275 0.5043058 0.2466183 -0.1708319 0.1681778 -0.1785218 0.1680986 -0.3886383 0.2468251 0.1787832 0.1683112 0.1759876 0.1682575 0.03336095 0.2466289 -0.1861022 0.2467149 0.04193639 0.1682575 0.03336095 0.4986855 -0.1639223 0.5194155 -0.1600505 0.4842013 -0.03686082 0.3849929 0.9158197 0.4563354 0.843747 0.490204 0.9551055 0.2497134 -0.1857005 0.249646 0.04330062 0.2467149 0.04193639 0.5631278 -0.4683575 0.6048387 -0.460683 0.559403 -0.2991237 0.3906108 0.7475751 0.4247322 0.7407864 0.4563354 0.843747 0.4225275 0.5043058 0.4121291 0.5197641 0.4064688 0.5151996 0.429893 0.2907636 0.4600117 0.310482 0.4228258 0.3561438 0.4585354 0.07735723 0.4842013 -0.0368607 0.5782162 3.37809e-4 0.3963289 0.64871 0.4298518 0.6292048 0.4782162 0.7187844 0.1683751 0.3460534 0.001498818 0.3461164 0.001473307 0.2783059 0.1683496 0.278243 0.001473307 0.2783059 0.001434803 0.1760503 0.3963291 0.6487098 0.4247322 0.7407864 0.3906109 0.7475751 0.2464825 -0.6029019 0.2465664 -0.380627 0.1680986 -0.3886383 0.4614379 0.6082345 0.4298518 0.6292048 0.4018129 0.577468 0.5250685 0.1039486 0.4754492 0.1996026 0.4431607 0.1865921 0.559403 -0.2991237 0.5194155 -0.1600506 0.4986854 -0.1639223 0.3849929 0.9158195 0.3910347 0.9745138 0.3833665 0.9745368 0.475449 0.1996029 0.5239517 0.231179 0.4600121 0.3104815 0.3910332 0.974514 0.4039158 1.101949 0.3828336 1.101998 0.4139677 0.4367323 0.4294242 0.4320781 0.4331811 0.4503073 0.3828336 1.101999 0.4039158 1.101949 0.4180467 1.245925 0.4585354 0.07735723 0.4766632 -0.03828269 0.4842013 -0.0368607 0.4018129 0.5774682 0.4298518 0.6292048 0.3965936 0.6429122 0.1680207 -0.5951653 0.001144349 -0.5951023 0.001066982 -0.800282 0.1678306 2.031195 9.08092e-4 2.030976 0.001177191 1.82574 0.4228258 0.3561438 0.4871222 0.3370324 0.5085167 0.3683332 0.2470059 0.4440268 0.2476494 0.4109102 0.2507988 0.4109507 0.168533 0.7867218 0.001673221 0.7867845 0.001616597 0.6441699 0.1679433 -0.8003446 0.001066982 -0.800282 9.89616e-4 -1.00546 0.1684819 0.6441069 0.001616597 0.6441699 0.001584112 0.5652434 0.2465664 -0.380627 0.2464825 -0.6029019 0.2496649 -0.6029863 0.1678659 -1.005523 9.89616e-4 -1.00546 9.12189e-4 -1.210639 0.1686837 1.208653 0.001840412 1.208716 0.001758515 0.9986383 0.1689954 1.293599 0.001875102 1.29352 0.001840412 1.208716 0.1680997 1.825959 0.001177191 1.82574 0.001446247 1.620505 0.2468739 0.1756063 0.2469156 0.2856585 0.1683496 0.278243 0.1680986 -0.3886383 0.001222252 -0.3885753 0.001144349 -0.5951023 0.1683496 0.278243 0.2470448 0.272354 0.2470723 0.3453351 0.1686073 0.9985752 0.001758515 0.9986383 0.001677751 0.7914823 0.1683112 0.1759876 0.001434803 0.1760503 0.001381218 0.03342366 0.168532 0.7914194 0.001677751 0.7914823 0.001673221 0.7867845 0.1681778 -0.1785218 0.001301407 -0.1784589 0.001222252 -0.3885753 0.1686379 1.415488 0.001715362 1.415269 0.001875102 1.29352 0.2470404 0.5712705 0.2469933 0.4375321 0.2501612 0.4379097 0.1683688 1.620724 0.001446247 1.620505 0.001715362 1.415269 0.2468739 0.1756063 0.2498626 0.1719147 0.2498133 0.2886485 0.2463973 1.818124 0.2495412 1.817868 0.2492515 2.03922 0.2467111 1.612664 0.2498618 1.612358 0.2495701 1.83371 0.2470677 1.407219 0.2502321 1.406864 0.2499427 1.628216 0.2476484 1.292071 0.2470157 1.200975 0.249953 1.200282 0.247044 1.422926 0.2476484 1.292071 0.2507334 1.310666 0.2470279 0.9908291 0.2500366 0.9900428 0.2501173 1.216618 0.2472107 0.7856778 0.2472118 0.7806221 0.2501664 0.7793154 0.2470578 1.00604 0.2469768 0.7830889 0.2500626 0.7893252 0.2470423 0.7947428 0.2469872 0.6412537 0.2500732 0.644864 0.2461342 -0.9976168 0.246051 -1.218441 0.249194 -1.218649 0.2469674 0.3419298 0.2501062 0.3408294 0.250799 0.4109205 0.2462562 -0.7922143 0.2461729 -1.013038 0.2493235 -1.013196 0.1684549 0.5651804 0.1684108 0.4409171 0.2469933 0.4375321 0.1684108 0.4409171 0.1683751 0.3460534 0.2476494 0.4109102 0.2464207 -0.5868251 0.2463377 -0.8076489 0.2495024 -0.8077595 0.4332588 0.4689006 0.4296641 0.48713 0.4097285 0.4811888 0.4053917 0.5264459 0.4121284 0.5197647 0.4883093 0.5815345 0.1681778 -0.1785218 0.1682575 0.03336095 0.001381218 0.03342366 0.2466183 -0.1708319 0.246533 -0.3969697 0.2495431 -0.3966643 0.2467675 0.02528125 0.2498528 0.02624183 0.2499086 0.1751706 0.4431607 0.1865922 0.475449 0.1996029 0.429893 0.2907637 0.4180452 1.245925 0.4337487 1.412999 0.3913411 1.412998 0.475449 0.1996029 0.4600121 0.3104815 0.429893 0.2907637 3.85001e-5 0.1482754 3.85001e-5 0.1001529 0.9999616 0.1001541 0.9999615 0.04961377 0.9999616 0.1001541 3.85001e-5 0.1001529 3.85001e-5 0.04961377 3.85363e-5 3.85001e-5 0.9999616 3.85001e-5 0.947018 1.216107 0.8424123 1.079216 0.7111142 1.16165 0.7873141 1.313785 0.7111105 1.16166 0.5680594 1.217601 0.7111142 1.16165 0.8424123 1.079216 0.7510622 0.9630548 0.947018 1.216107 1.088079 1.088472 0.9571504 0.9720989 0.433758 1.413006 0.6144145 1.379788 0.5680568 1.217601 0.5680594 1.217601 0.711104 1.161648 0.6441987 1.031529 0.7510624 0.9630545 0.669542 0.8615559 0.5841828 0.9170942 0.9571511 0.9720975 0.8436136 0.8745885 0.7510625 0.9630547 1.088079 1.088472 1.204933 0.93317 1.050442 0.8428587 0.1680997 1.825959 0.1678306 2.031195 0.2461077 2.039009 0.5680592 1.2176 0.5271077 1.078206 0.4039158 1.101949 0.6441999 1.031528 0.5841828 0.9170941 0.490204 0.955106 0.6695424 0.8615554 0.5953288 0.7705014 0.5293067 0.8139249 0.7510625 0.9630547 0.8436136 0.8745885 0.7429592 0.7901725 0.9571515 0.9720979 1.050442 0.8428587 0.9178358 0.7687039 1.291651 0.7530166 1.117178 0.6950742 1.050443 0.8428589 0.1683688 1.620724 0.1680997 1.825959 0.2464216 1.833549 0.5271077 1.078206 0.490204 0.9551055 0.3910347 0.974514 0.5841828 0.9170941 0.5293048 0.8139311 0.4563356 0.8437474 0.5953288 0.7705014 0.5264812 0.6868356 0.4782233 0.7187858 0.7429592 0.7901725 0.6518263 0.7149246 0.5953294 0.770502 0.9178358 0.7687037 0.801293 0.7052899 0.7429596 0.7901729 1.050442 0.8428587 1.11717 0.6950717 0.9698314 0.6489344 1.341284 0.5512442 1.151699 0.5340943 1.11718 0.6950665 0.1686379 1.415488 0.1683688 1.620724 0.2467781 1.628103 0.1686837 1.208653 0.1689954 1.293599 0.2476484 1.292071 0.4563354 0.843747 0.5292991 0.8139232 0.4782217 0.7187911 0.4782233 0.7187857 0.5264744 0.6868308 0.4614379 0.6082345 0.6518263 0.714924 0.5676303 0.6460636 0.5264832 0.6868318 0.7429592 0.7901725 0.801293 0.7052899 0.696452 0.649159 0.9698314 0.6489344 0.8417201 0.6099868 0.8012936 0.7052901 1.117173 0.6950641 1.15169 0.5340939 0.9960196 0.5200971 1.341285 0.5512359 1.329054 0.3438208 1.147096 0.3695238 0.2476484 1.292071 0.1689954 1.293599 0.1686379 1.415488 0.2470279 0.9908291 0.1686073 0.9985752 0.1686837 1.208653 0.168533 0.7867218 0.168532 0.7914194 0.2472107 0.7856778 0.1684549 0.5651804 0.1684819 0.6441069 0.2470406 0.6437072 0.5676303 0.6460636 0.4883093 0.5815345 0.4614384 0.6082351 0.6964519 0.6491587 0.6000148 0.5979858 0.5676306 0.6460638 0.8417193 0.609986 0.727215 0.5756757 0.6964522 0.6491588 0.9698314 0.6489344 0.9960196 0.5200971 0.861976 0.5081217 1.151691 0.5340856 1.147088 0.3695252 0.9938439 0.3885273 1.329051 0.3438122 1.276324 0.1509435 1.108098 0.2120881 0.168532 0.7914194 0.1686073 0.9985752 0.2470578 1.00604 0.2469872 0.6412537 0.1684819 0.6441069 0.168533 0.7867218 0.4139678 0.4367324 0.4294242 0.4320781 0.4221364 0.4149126 0.600014 0.5979847 0.5094112 0.5501173 0.4883103 0.5815352 0.6964522 0.6491588 0.727215 0.5756757 0.6222849 0.5444296 0.8417204 0.6099863 0.861976 0.5081217 0.7426421 0.4974056 0.9938439 0.3885272 0.86079 0.4042288 0.8619765 0.5081218 1.108097 0.2120873 0.9643555 0.2613104 0.9938445 0.3885271 1.18955 -0.02298402 1.039825 0.06795072 1.108098 0.2120873 0.1684108 0.4409171 0.1683751 0.3460534 0.001498818 0.3461164 0.5094097 0.5501133 0.4225275 0.5043058 0.4121291 0.5197641 0.6000151 0.5979853 0.6222777 0.5444323 0.5239041 0.5151761 0.7426421 0.4974056 0.6334747 0.4874939 0.6222849 0.5444297 0.860789 0.404229 0.7419739 0.4176106 0.7426432 0.4974057 0.9643554 0.2613105 0.8384945 0.3030783 0.86079 0.4042288 1.039825 0.06795096 0.9107264 0.1436538 0.9643555 0.2613104 1.073976 -0.1741006 0.9464551 -0.05827248 1.039825 0.06795072 0.2470723 0.3453351 0.2502448 0.3443369 0.2502497 0.275012 0.5239027 0.5151752 0.429664 0.4871303 0.4225285 0.5043062 0.6334742 0.4874938 0.5312034 0.4780719 0.5239071 0.5151731 0.7426421 0.4974056 0.7419739 0.4176106 0.6331078 0.4294568 0.86079 0.4042288 0.8384944 0.3030779 0.7253206 0.3396579 0.9643555 0.2613104 0.9107262 0.1436533 0.796695 0.208885 1.039825 0.06795072 0.946455 -0.05827271 0.8358291 0.03973352 0.9346368 -0.2991304 0.8323798 -0.1632142 0.946455 -0.05827271 0.1684549 0.5651804 0.1684108 0.4409171 0.001534521 0.4409801 0.5239027 0.5151752 0.5312018 0.4780716 0.4332644 0.4688967 0.6334747 0.4874938 0.6331031 0.4294615 0.5310142 0.4402495 0.7253203 0.3396579 0.6212116 0.3726532 0.6331078 0.4294568 0.7966948 0.2088844 0.6935918 0.2667233 0.7253206 0.3396579 0.8358291 0.03973358 0.7375625 0.125195 0.7966953 0.208884 0.946455 -0.05827271 0.8323709 -0.1632049 0.7431505 -0.04719436 0.7765327 -0.3953286 0.701826 -0.2440943 0.8323685 -0.1632139 0.5310125 0.4402496 0.4331811 0.4503073 0.4332643 0.4688968 0.6212105 0.3726535 0.5233503 0.4031907 0.5310142 0.4402495 0.7253206 0.3396579 0.6935916 0.2667234 0.5983367 0.3193395 0.7966948 0.2088844 0.7375624 0.125195 0.6482866 0.2016201 0.8358291 0.03973352 0.7431501 -0.047194 0.6637509 0.05490738 0.8323685 -0.1632139 0.7018259 -0.2440941 0.6363334 -0.1143584 0.6048499 -0.4606888 0.559403 -0.2991237 0.701826 -0.2440943 0.4124833 0.4523447 0.4332596 0.4688918 0.4331799 0.4503074 0.5310142 0.4402495 0.523345 0.4031887 0.4294242 0.4320784 0.6212116 0.3726532 0.5983367 0.3193395 0.508517 0.3683339 0.6935918 0.2667233 0.6482859 0.2016191 0.5654706 0.2715825 0.7375625 0.125195 0.6637504 0.05490702 0.5913534 0.1467242 0.7431505 -0.04719436 0.636328 -0.1143507 0.5782222 3.3626e-4 0.701826 -0.2440943 0.559403 -0.2991236 0.5194171 -0.1600499 0.246051 -1.218441 0.1677885 -1.210702 0.1678659 -1.005523 0.523345 0.4031887 0.5085167 0.3683332 0.4221374 0.4149121 0.5983367 0.3193395 0.5654683 0.2715853 0.4871226 0.337033 0.6482859 0.2016191 0.5913534 0.1467242 0.5239592 0.2311788 0.6637504 0.05490702 0.5782222 3.3626e-4 0.5250695 0.1039493 0.6363254 -0.1143566 0.5194155 -0.1600505 0.4842013 -0.03686082 0.2461729 -1.013038 0.1678659 -1.005523 0.1679433 -0.8003446 0.2470406 0.6437072 0.2500531 0.6473788 0.2500236 0.5610663 0.5239593 0.2311788 0.4600124 0.3104826 0.4871228 0.3370319 0.5250685 0.1039486 0.4754499 0.1996035 0.5239586 0.2311732 0.2463377 -0.8076489 0.1679433 -0.8003446 0.1680207 -0.5951653 0.4097284 0.4811886 0.4225275 0.5043058 0.4296632 0.4871296 0.1680986 -0.3886383 0.1681778 -0.1785218 0.2466183 -0.1708319 0.1682575 0.03336095 0.1683112 0.1759876 0.2468251 0.1787832 0.1682575 0.03336095 0.2467149 0.04193639 0.2466289 -0.1861022 0.4986855 -0.1639223 0.4766632 -0.03828269 0.4842013 -0.03686082 0.4563354 0.843747 0.3849929 0.9158197 0.490204 0.9551055 0.2467149 0.04193639 0.249646 0.04330062 0.2497134 -0.1857005 0.5631278 -0.4683575 0.5269734 -0.3051429 0.559403 -0.2991237 0.3906108 0.7475751 0.3860886 0.8576411 0.4563354 0.843747 0.4064688 0.5151996 0.4121291 0.5197641 0.4225275 0.5043058 0.429893 0.2907636 0.4228258 0.3561438 0.4600117 0.310482 0.4585354 0.07735723 0.5250686 0.1039482 0.5782162 3.37809e-4 0.4298518 0.6292048 0.3963289 0.64871 0.4782162 0.7187844 0.001473307 0.2783059 0.001498818 0.3461164 0.1683751 0.3460534 0.001434803 0.1760503 0.001473307 0.2783059 0.1683496 0.278243 0.3963291 0.6487098 0.3906109 0.7475751 0.4247322 0.7407864 0.2464825 -0.6029019 0.1680207 -0.5951653 0.1680986 -0.3886383 0.4018129 0.577468 0.4298518 0.6292048 0.4614379 0.6082345 0.4431607 0.1865921 0.4754492 0.1996026 0.5250685 0.1039486 0.4986854 -0.1639223 0.5194155 -0.1600506 0.559403 -0.2991237 0.3849929 0.9158195 0.3833665 0.9745368 0.3910347 0.9745138 0.475449 0.1996029 0.4600121 0.3104815 0.5239517 0.231179 0.3828336 1.101998 0.4039158 1.101949 0.3910332 0.974514 0.4139677 0.4367323 0.4124835 0.4523447 0.4331811 0.4503073 0.3828336 1.101999 0.3850686 1.245967 0.4180467 1.245925 0.4585354 0.07735723 0.4842013 -0.0368607 0.4766632 -0.03828269 0.4018129 0.5774682 0.3965936 0.6429122 0.4298518 0.6292048 0.001066982 -0.800282 0.001144349 -0.5951023 0.1680207 -0.5951653 0.001177191 1.82574 9.08092e-4 2.030976 0.1678306 2.031195 0.4228258 0.3561438 0.4221374 0.4149121 0.5085167 0.3683332 0.2470059 0.4440268 0.2501448 0.4446008 0.2507988 0.4109507 0.001616597 0.6441699 0.001673221 0.7867845 0.168533 0.7867218 9.89616e-4 -1.00546 0.001066982 -0.800282 0.1679433 -0.8003446 0.001584112 0.5652434 0.001616597 0.6441699 0.1684819 0.6441069 0.2465664 -0.380627 0.2495097 -0.3799356 0.2496649 -0.6029863 9.12189e-4 -1.210639 9.89616e-4 -1.00546 0.1678659 -1.005523 0.001758515 0.9986383 0.001840412 1.208716 0.1686837 1.208653 0.001840412 1.208716 0.001875102 1.29352 0.1689954 1.293599 0.001446247 1.620505 0.001177191 1.82574 0.1680997 1.825959 0.1683496 0.278243 0.2469156 0.2856585 0.2468739 0.1756063 0.001144349 -0.5951023 0.001222252 -0.3885753 0.1680986 -0.3886383 0.1683496 0.278243 0.1683751 0.3460534 0.2470723 0.3453351 0.001677751 0.7914823 0.001758515 0.9986383 0.1686073 0.9985752 0.001381218 0.03342366 0.001434803 0.1760503 0.1683112 0.1759876 0.001673221 0.7867845 0.001677751 0.7914823 0.168532 0.7914194 0.001222252 -0.3885753 0.001301407 -0.1784589 0.1681778 -0.1785218 0.001875102 1.29352 0.001715362 1.415269 0.1686379 1.415488 0.2470404 0.5712705 0.2498214 0.5738477 0.2501612 0.4379097 0.001715362 1.415269 0.001446247 1.620505 0.1683688 1.620724 0.2468739 0.1756063 0.2469156 0.2856585 0.2498133 0.2886485 0.2492515 2.03922 0.2495412 1.817868 0.2463973 1.818124 0.2495701 1.83371 0.2498618 1.612358 0.2467111 1.612664 0.2499427 1.628216 0.2502321 1.406864 0.2470677 1.407219 0.2476484 1.292071 0.2507334 1.310666 0.249953 1.200282 0.247044 1.422926 0.2502233 1.423007 0.2507334 1.310666 0.2501173 1.216618 0.2500366 0.9900428 0.2470279 0.9908291 0.2472107 0.7856778 0.2501639 0.7919784 0.2501664 0.7793154 0.2470578 1.00604 0.2501403 1.005635 0.2500626 0.7893252 0.2470423 0.7947428 0.250127 0.7937805 0.2500732 0.644864 0.2461342 -0.9976168 0.2492792 -0.9973583 0.249194 -1.218649 0.250799 0.4109205 0.2501062 0.3408294 0.2469674 0.3419298 0.2462562 -0.7922143 0.2494061 -0.7919051 0.2493235 -1.013196 0.1684549 0.5651804 0.2470404 0.5712705 0.2469933 0.4375321 0.1684108 0.4409171 0.2470059 0.4440268 0.2476494 0.4109102 0.2464207 -0.5868251 0.2495856 -0.586468 0.2495024 -0.8077595 0.4097285 0.4811888 0.4296641 0.48713 0.4332588 0.4689006 0.4053917 0.5264459 0.4614379 0.6082345 0.4883093 0.5815345 0.001381218 0.03342366 0.1682575 0.03336095 0.1681778 -0.1785218 0.2466183 -0.1708319 0.2496286 -0.1700478 0.2495431 -0.3966643 0.2499086 0.1751706 0.2498528 0.02624183 0.2467675 0.02528125 0.4431607 0.1865922 0.429893 0.2907637 0.475449 0.1996029 0.3913411 1.412998 0.4337487 1.412999 0.4180452 1.245925 0.475449 0.1996029 0.429893 0.2907637 0.4600121 0.3104815 0.9999616 0.1001541 3.85001e-5 0.1001529 3.85001e-5 0.1482754 3.85001e-5 0.1001529 0.9999616 0.1001541 0.9999615 0.04961377 0.9999616 3.85001e-5 3.85363e-5 3.85001e-5 3.85001e-5 0.04961377 0.6875232 0.687338 0.7244537 0.6504073 0.9629769 0.6504074 0.9999074 9.26682e-5 0.9629769 0.03702336 0.7244537 0.03702342 0.9999077 9.27746e-5 0.9629773 0.03702342 0.724454 0.03702342 0.6875232 0.687338 0.7244536 0.6504073 0.9629769 0.6504073 0.7244537 0.6504073 0.7308201 0.6440406 0.9566106 0.6440408 0.9629769 0.03702336 0.9566106 0.04338997 0.73082 0.04339003 0.9629773 0.03702342 0.9566109 0.04339003 0.7308204 0.04339003 0.7244536 0.6504073 0.7308201 0.6440407 0.9566105 0.6440407 0.9999074 0.687338 0.9999074 0.687338 0.6875232 0.687338 0.9999077 9.27746e-5 0.6875236 9.27746e-5 0.6875236 9.27746e-5 0.6875232 9.27426e-5 0.6875232 9.27426e-5 0.9999074 9.26682e-5 0.6875232 0.687338 0.9999074 0.687338 0.9999074 0.687338 0.6875232 0.687338 0.6875232 9.27426e-5 0.6875231 0.2995543 0.6875233 0.3878768 0.6875236 9.27746e-5 0.6875234 0.2995367 0.9629771 0.3937696 0.9629769 0.6504073 0.9566105 0.6440407 0.7244538 0.3937685 0.7308202 0.3937696 0.7308201 0.6440407 0.7244537 0.3937724 0.7308201 0.3937695 0.7308201 0.6440406 0.962977 0.2936611 0.9566106 0.2936611 0.9566106 0.04338997 0.9999075 0.3937696 0.9999074 0.687338 0.9629769 0.6504073 0.6875233 0.3937661 0.7244538 0.3937685 0.7244536 0.6504073 0.6875232 0.3937848 0.7244537 0.3937724 0.7244537 0.6504073 0.9999074 0.2936611 0.962977 0.2936611 0.9629769 0.03702336 0.7308202 0.3937696 0.9566106 0.3937696 0.9566105 0.6440407 0.7308203 0.2936612 0.9566107 0.2936611 0.9566107 0.2995499 0.7308204 0.04339003 0.9566109 0.04339003 0.9566107 0.2936611 0.9566106 0.2936611 0.7308201 0.2936611 0.73082 0.04339003 0.9566105 0.3937696 0.7308201 0.3937695 0.7308201 0.3878808 0.9566106 0.6440408 0.7308201 0.6440406 0.7308201 0.3937695 0.9629769 0.6504074 0.962977 0.3937696 0.9999074 0.3937695 0.9999076 0.2936612 0.9629772 0.2936612 0.9629773 0.03702342 0.9629772 0.2936612 0.9566107 0.2936611 0.9566109 0.04339003 0.9566106 0.6440408 0.9566105 0.3937696 0.962977 0.3937696 0.962977 0.2995499 0.962977 0.2936611 0.9999074 0.2936611 0.9999075 0.3937696 0.9629771 0.3937696 0.9629771 0.3878809 0.9629771 0.3878809 0.9629771 0.3937696 0.9566106 0.3937696 0.962977 0.2995499 0.9566106 0.2995498 0.9566106 0.2936611 0.73082 0.04339003 0.7308201 0.2936611 0.7244537 0.2936623 0.6875232 0.2936649 0.6875232 9.27426e-5 0.7244537 0.03702342 0.7244537 0.3878836 0.7308201 0.3878808 0.7308201 0.3937695 0.6875232 0.2936649 0.7244537 0.2936623 0.7244537 0.2995511 0.6875234 0.2936474 0.6875236 9.27746e-5 0.724454 0.03702342 0.7308204 0.04339003 0.7308203 0.2936612 0.7244538 0.2936585 0.6875234 0.2995367 0.6875234 0.2936474 0.7244538 0.2936585 0.7244537 0.3878797 0.7308202 0.3878809 0.7308202 0.3937696 0.7308203 0.2936612 0.7308203 0.2995499 0.7244538 0.2995473 0.7308203 0.2995499 0.7308202 0.3878809 0.7244537 0.3878797 0.6875233 0.3937661 0.6875233 0.3878768 0.7244537 0.3878797 0.6875233 0.3878768 0.6875234 0.2995367 0.7244538 0.2995473 0.6875232 0.3878954 0.7244537 0.3878836 0.7244537 0.3937724 0.6875231 0.2995543 0.7244537 0.2995511 0.7244537 0.3878836 0.7308201 0.2936611 0.7308201 0.2995498 0.7244537 0.2995511 0.7308201 0.3878808 0.7244537 0.3878836 0.7244537 0.2995511 0.9566105 0.3937696 0.9566105 0.3878809 0.962977 0.3878809 0.9566106 0.2995498 0.962977 0.2995499 0.962977 0.3878809 0.9629772 0.2995499 0.9566107 0.2995499 0.9566107 0.2936611 0.9629771 0.3878809 0.9566107 0.3878808 0.9566107 0.2995499 0.9999076 0.2995499 0.9629772 0.2995499 0.9629772 0.2936612 0.9999075 0.3878809 0.9629771 0.3878809 0.9629772 0.2995499 0.962977 0.3937696 0.962977 0.3878809 0.9999074 0.3878808 0.962977 0.2995499 0.9999074 0.2995498 0.9999074 0.3878808 0.9566106 0.2995498 0.7308201 0.2995498 0.7308201 0.2936611 0.9566105 0.3878809 0.7308201 0.3878808 0.7308201 0.2995498 0.7308202 0.3878809 0.9566107 0.3878808 0.9566106 0.3937696 0.9566107 0.2995499 0.9566107 0.3878808 0.7308202 0.3878809 0.962977 0.3937696 0.9566105 0.3937696 0.962977 0.3878809 0.9629772 0.2936612 0.9629772 0.2995499 0.9566107 0.2936611 0.962977 0.2936611 0.962977 0.2995499 0.9566106 0.2936611 0.9566107 0.3878808 0.9629771 0.3878809 0.9566106 0.3937696 0.7244538 0.2936585 0.7308203 0.2936612 0.7244538 0.2995473 0.7244538 0.3937685 0.7244537 0.3878797 0.7308202 0.3937696 0.7244537 0.2936623 0.7308201 0.2936611 0.7244537 0.2995511 0.7244537 0.3937724 0.7244537 0.3878836 0.7308201 0.3937695 0.02303999 0.6451939 0.02304625 0.3173232 0.02517467 0.3188033 0.02287423 0.067644 0.02499479 0.0691365 0.02496057 0.6435377 0.02286547 0.6450125 0.02287429 0.06764328 0.0249949 0.06913578 0.3333525 0.6666474 0.3333526 0.01931172 0.6666474 0.01931172 0.02304625 0.3173232 0.02303999 0.6451939 0.01752012 0.6505459 0.01751214 0.6505329 0.01751649 0.06211876 0.02287423 0.067644 0.02304029 0.6451935 0.01752018 0.6505458 0.01752126 0.3119513 0.02286547 0.6450125 0.01751232 0.6505336 0.01751667 0.06211769 0.02304333 0.3173055 0.02517205 0.3187857 0.02516973 0.6437128 0.01751232 0.6505336 0.01539152 0.6520261 0.01539158 0.06062203 0.01539152 0.6520261 0.01539152 0.3104702 0.01752126 0.3119513 0.01539152 0.6520261 0.01539152 0.06062281 0.01751649 0.06211876 0.01752012 0.6505459 0.01539152 0.6520261 0.01539152 0.3104859 0.01539152 0.6520261 0.01539152 0.6520261 0.01539152 0.3104859 0.01539152 0.6520261 0.01539152 0.6520261 0.01539152 0.06062281 0.01539152 0.6520261 0.01539152 0.6520261 0.01539152 0.3104702 0.01539152 0.6520261 0.01539152 0.6520261 0.01539158 0.06062203 2.003545 1.264739 1.281658 1.264739 2.003547 -1.148555 1.266729 1.279631 1.266717 2.001518 0.4017298 1.279618 1.266729 1.264738 0.4017301 1.264725 1.266767 -1.148555 0.4017677 -1.148569 0.4017301 1.264725 0.3868389 -1.148569 0.4017298 1.279618 0.4017184 2.001504 0.3868352 1.279617 1.266717 2.001518 1.266729 1.279631 1.281612 2.001519 1.266729 1.264738 1.266767 -1.148555 1.281658 1.264739 1.266729 1.279631 0.4017298 1.279618 1.266729 1.264738 0.3868376 1.264725 -0.3350499 1.264725 0.3868389 -1.148569 0.6249906 0.3209943 0.6562376 0.3210052 0.6249854 0.3360686 0.2812739 0.3208755 0.3125209 0.3208863 0.2812687 0.3359498 0.9062132 0.3210916 0.9374603 0.3211024 0.9062081 0.3361659 0.5624967 0.3209728 0.5937436 0.3209835 0.5624914 0.336047 0.2187801 0.320854 0.250027 0.3208647 0.2187748 0.3359283 0.8437194 0.32107 0.8749663 0.3210808 0.8437141 0.3361443 0.1562862 0.3208324 0.1875331 0.3208432 0.1562809 0.3359067 0.5000028 0.3209512 0.5312497 0.320962 0.4999975 0.3360254 0.7812255 0.3210484 0.8124724 0.3210592 0.7812203 0.3361226 0.09379231 0.3208109 0.1250392 0.3208217 0.09378701 0.3358851 0.4375088 0.3209295 0.4687557 0.3209403 0.4375035 0.3360038 0.7187315 0.3210268 0.7499785 0.3210376 0.7187263 0.3361011 0.9687072 0.3211132 0.9999539 0.321124 0.968702 0.3361874 0.3750149 0.320908 0.4062618 0.3209187 0.3750096 0.3359822 1.25478e-4 0.3197202 5.03335e-4 0.3158977 0.03122502 0.319731 0.6562376 0.3210052 0.6874846 0.321016 0.6562324 0.3360794 0.3125209 0.3208863 0.3437679 0.3208972 0.3125157 0.3359606 0.9374603 0.3211024 0.9687072 0.3211132 0.9374551 0.3361766 0.5937436 0.3209835 0.6249906 0.3209943 0.5937384 0.3360578 0.250027 0.3208647 0.2812739 0.3208755 0.2500218 0.3359391 0.8749663 0.3210808 0.9062132 0.3210916 0.8749611 0.3361551 0.5312497 0.320962 0.5624967 0.3209728 0.5312445 0.3360362 0.1875331 0.3208432 0.2187801 0.320854 0.1875278 0.3359175 0.8124724 0.3210592 0.8437194 0.32107 0.8124672 0.3361334 0.1250392 0.3208217 0.1562862 0.3208324 0.125034 0.3358959 0.4687557 0.3209403 0.5000028 0.3209512 0.4687505 0.3360146 0.7499785 0.3210376 0.7812255 0.3210484 0.7499732 0.3361119 0.06254529 0.3208001 0.09379231 0.3208109 0.06254011 0.3358743 0.4062618 0.3209187 0.4375088 0.3209295 0.4062566 0.335993 0.6874846 0.321016 0.7187315 0.3210268 0.6874793 0.3360902 0.3437679 0.3208972 0.3750149 0.320908 0.3437626 0.3359714 0.6563116 0.319947 0.6566895 0.3161243 0.6874112 0.3199576 0.3129727 0.3160055 0.3433193 0.316016 0.312595 0.3198281 0.9375343 0.3200442 0.9379122 0.3162215 0.9686338 0.3200548 0.5941956 0.3161028 0.6245421 0.3161132 0.5938177 0.3199253 0.2504789 0.3159839 0.2808254 0.3159944 0.2501011 0.3198065 0.8750404 0.3200225 0.8754183 0.3162 0.90614 0.3200334 0.5317016 0.3160811 0.5620481 0.3160915 0.5313237 0.3199037 0.187985 0.3159624 0.2183315 0.3159728 0.1876072 0.319785 0.8129243 0.3161783 0.8432708 0.3161888 0.8125465 0.320001 0.1254911 0.3159408 0.1558377 0.3159511 0.1251133 0.3197634 0.4692076 0.3160595 0.4995542 0.31607 0.4688298 0.3198821 0.7500526 0.3199794 0.7504304 0.3161568 0.7811521 0.31999 0.06299722 0.3159192 0.09334373 0.3159296 0.06261932 0.3197418 0.4067137 0.3160379 0.4370602 0.3160484 0.4063358 0.3198605 0.6879365 0.3161351 0.718283 0.3161457 0.6875587 0.3199577 0.9687812 0.320055 0.9691591 0.3162324 0.9998805 0.3200656 0.3442198 0.3160163 0.3745663 0.3160268 0.3438419 0.3198389 0.03129839 0.3207893 0.06254529 0.3208001 0.03129315 0.3358635 0.6250647 0.3199361 0.6254425 0.3161135 0.6561643 0.319947 0.281348 0.3198173 0.2817258 0.3159947 0.3124476 0.3198281 0.9062874 0.3200334 0.9066652 0.3162108 0.9373869 0.3200441 0.5629485 0.3160919 0.5932951 0.3161023 0.5625708 0.3199145 0.2192319 0.3159731 0.2495784 0.3159837 0.2188541 0.3197957 0.8437933 0.3200117 0.8441712 0.3161891 0.874893 0.3200225 0.5000768 0.3198929 0.5004546 0.3160703 0.5311763 0.3199036 0.1563602 0.3197742 0.1567381 0.3159516 0.1874597 0.3197849 0.7812995 0.3199902 0.7816773 0.3161676 0.8123991 0.3200009 0.09424418 0.31593 0.1245906 0.3159404 0.09386628 0.3197526 0.4379606 0.3160487 0.4683072 0.3160592 0.4375829 0.3198713 0.7188056 0.3199685 0.7191834 0.316146 0.7499051 0.3199792 0.03137242 0.319731 0.03175026 0.3159084 0.06247198 0.3197417 0.3754667 0.3160271 0.4058133 0.3160375 0.3750889 0.3198497 0.03129839 0.3207893 5.14224e-5 0.3207785 0.03122502 0.319731 0.06254529 0.3208001 0.03129839 0.3207893 0.06247198 0.3197417 0.09371888 0.3197525 0.09379231 0.3208109 0.06261932 0.3197418 0.1249659 0.3197633 0.1250392 0.3208217 0.09386628 0.3197526 0.1562862 0.3208324 0.1250392 0.3208217 0.1562128 0.319774 0.1874597 0.3197849 0.1875331 0.3208432 0.1563602 0.3197742 0.2187801 0.320854 0.1875331 0.3208432 0.2187067 0.3197957 0.250027 0.3208647 0.2187801 0.320854 0.2499536 0.3198065 0.2812739 0.3208755 0.250027 0.3208647 0.2812006 0.3198173 0.3125209 0.3208863 0.2812739 0.3208755 0.3124476 0.3198281 0.3437679 0.3208972 0.3125209 0.3208863 0.3436945 0.3198388 0.3749415 0.3198496 0.3750149 0.320908 0.3438419 0.3198389 0.4062618 0.3209187 0.3750149 0.320908 0.4061884 0.3198604 0.4374354 0.3198713 0.4375088 0.3209295 0.4063358 0.3198605 0.4686824 0.3198821 0.4687557 0.3209403 0.4375829 0.3198713 0.4999294 0.3198929 0.5000028 0.3209512 0.4688298 0.3198821 0.5311763 0.3199036 0.5312497 0.320962 0.5000768 0.3198929 0.5624967 0.3209728 0.5312497 0.320962 0.5624233 0.3199144 0.5937436 0.3209835 0.5624967 0.3209728 0.5936703 0.3199252 0.6249173 0.3199361 0.6249906 0.3209943 0.5938177 0.3199253 0.6562376 0.3210052 0.6249906 0.3209943 0.6561643 0.319947 0.6874112 0.3199576 0.6874846 0.321016 0.6563116 0.319947 0.7186582 0.3199686 0.7187315 0.3210268 0.6875587 0.3199577 0.7499051 0.3199792 0.7499785 0.3210376 0.7188056 0.3199685 0.7812255 0.3210484 0.7499785 0.3210376 0.7811521 0.31999 0.8123991 0.3200009 0.8124724 0.3210592 0.7812995 0.3199902 0.8437194 0.32107 0.8124724 0.3210592 0.8436461 0.3200117 0.874893 0.3200225 0.8749663 0.3210808 0.8437933 0.3200117 0.9062132 0.3210916 0.8749663 0.3210808 0.90614 0.3200334 0.9373869 0.3200441 0.9374603 0.3211024 0.9062874 0.3200334 0.9686338 0.3200548 0.9687072 0.3211132 0.9375343 0.3200442 0.9999539 0.321124 0.9687072 0.3211132 0.9998805 0.3200656 0.03121912 0.3369218 1.19604e-4 0.336911 0.03129315 0.3358635 0.06254011 0.3358743 0.06246602 0.3369325 0.03129315 0.3358635 0.09371304 0.3369433 0.06261348 0.3369326 0.09378701 0.3358851 0.12496 0.3369543 0.09386044 0.3369434 0.125034 0.3358959 0.1562809 0.3359067 0.1562069 0.336965 0.125034 0.3358959 0.1874538 0.3369757 0.1563543 0.336965 0.1875278 0.3359175 0.2187007 0.3369864 0.1876012 0.3369758 0.2187748 0.3359283 0.2499477 0.3369972 0.2188482 0.3369866 0.2500218 0.3359391 0.2811946 0.3370081 0.2500951 0.3369973 0.2812687 0.3359498 0.3124416 0.3370189 0.281342 0.3370081 0.3125157 0.3359606 0.3437626 0.3359714 0.3436886 0.3370297 0.3125157 0.3359606 0.3749355 0.3370406 0.343836 0.3370297 0.3750096 0.3359822 0.4062566 0.335993 0.4061825 0.3370513 0.3750096 0.3359822 0.4375035 0.3360038 0.4374295 0.3370621 0.4062566 0.335993 0.4686764 0.337073 0.4375769 0.3370621 0.4687505 0.3360146 0.4999234 0.3370836 0.4688238 0.3370729 0.4999975 0.3360254 0.5311704 0.3370944 0.5000709 0.3370837 0.5312445 0.3360362 0.5624914 0.336047 0.5624174 0.3371052 0.5312445 0.3360362 0.5937384 0.3360578 0.5936644 0.337116 0.5624914 0.336047 0.6249854 0.3360686 0.6249113 0.337127 0.5937384 0.3360578 0.6562324 0.3360794 0.6561583 0.3371376 0.6249854 0.3360686 0.6874053 0.3371486 0.6563057 0.3371377 0.6874793 0.3360902 0.7186523 0.3371593 0.6875527 0.3371486 0.7187263 0.3361011 0.7498992 0.3371701 0.7187997 0.3371593 0.7499732 0.3361119 0.7811462 0.3371808 0.7500466 0.3371701 0.7812203 0.3361226 0.8123931 0.3371917 0.7812936 0.337181 0.8124672 0.3361334 0.8436401 0.3372026 0.8125406 0.3371918 0.8437141 0.3361443 0.874887 0.3372132 0.8437875 0.3372026 0.8749611 0.3361551 0.906134 0.337224 0.8750344 0.3372133 0.9062081 0.3361659 0.937381 0.3372349 0.9062814 0.3372241 0.9374551 0.3361766 0.9686279 0.3372458 0.9375283 0.3372349 0.968702 0.3361874 0.9998745 0.3372565 0.9687754 0.3372457 0.9999486 0.3361983 5.14224e-5 0.3207785 0.03129839 0.3207893 4.61899e-5 0.3358528 3.034586 -1.038375 3.034574 1.891325 2.822392 -1.038376 -1.845875 -1.038373 -1.633681 -1.038374 -1.845869 1.891322 2.398003 -1.038377 2.610196 -1.038376 2.397993 1.891323 1.973613 -1.038378 2.185808 -1.038377 1.973608 1.891321 -3.119035 -1.03837 -2.906841 -1.03837 -3.119028 1.891324 1.124837 -1.038378 1.337031 -1.038379 1.124835 1.891319 2.185808 -1.038377 2.398003 -1.038377 2.1858 1.891322 1.76142 -1.038378 1.973613 -1.038378 1.761414 1.891321 -3.331228 -1.038369 -3.119035 -1.03837 -3.331221 1.891325 3.083642 -0.003241896 3.282384 -0.003241717 3.083642 0.1252024 0.8974816 -0.003242254 1.096223 -0.003242254 0.8974816 0.1252017 -1.288674 -0.003241181 -1.089933 -0.003241539 -1.288674 0.1252026 2.686158 -0.003242075 2.8849 -0.003241896 2.686158 0.1252022 0.4999985 -0.003242075 0.69874 -0.003242075 0.4999985 0.1252019 -1.686157 -0.003241002 -1.487415 -0.003241181 -1.686156 0.1252028 2.288674 -0.003242254 2.487416 -0.003242075 2.288674 0.1252021 -2.083639 -0.003241002 -1.884897 -0.003241181 -2.083639 0.1252028 0.1025156 -0.003242075 0.301257 -0.003242075 0.1025156 0.1252019 1.89119 -0.003242075 2.089932 -0.003242254 1.89119 0.1252019 -2.481122 -0.003240466 -2.28238 -0.003240644 -2.48112 0.1252033 -0.2949674 -0.003241896 -0.09622591 -0.003241896 -0.2949674 0.1252021 1.493707 -0.003242254 1.692448 -0.003242254 1.493707 0.1252019 -0.6924507 0.1252022 -0.6924507 -0.003241539 -0.493709 0.1252022 3.282384 0.1252026 3.282384 -0.003241717 3.481125 0.1252024 1.096223 -0.003242254 1.294965 -0.003242254 1.096223 0.1252017 -1.089933 -0.003241539 -0.891192 -0.003241539 -1.089933 0.1252024 2.8849 -0.003241896 3.083642 -0.003241896 2.8849 0.1252022 0.69874 0.1252019 0.69874 -0.003242075 0.8974816 0.1252017 -1.487415 -0.003241181 -1.288674 -0.003241181 -1.487415 0.1252026 2.487416 -0.003242075 2.686158 -0.003242075 2.487416 0.1252022 -1.884897 -0.003241181 -1.686157 -0.003241002 -1.884897 0.1252026 0.301257 -0.003242075 0.4999985 -0.003242075 0.301257 0.1252019 2.089932 -0.003242254 2.288674 -0.003242254 2.089932 0.1252019 -2.28238 0.1252031 -2.28238 -0.003240644 -2.083639 0.1252028 -0.09622591 -0.003241896 0.1025156 -0.003242075 -0.09622591 0.1252019 1.692448 -0.003242254 1.89119 -0.003242075 1.692448 0.1252019 -2.679862 -0.003240048 -2.481122 -0.003240466 -2.679862 0.1252035 -0.4937089 -0.003241717 -0.2949674 -0.003241896 -0.493709 0.1252022 3.481125 -0.003241896 3.679867 -0.003241539 3.481125 0.1252024 1.294965 -0.003242254 1.493707 -0.003242254 1.294965 0.1252019 -0.891192 -0.003241539 -0.6924507 -0.003241539 -0.891192 0.1252022 3.28045 0.1467024 3.282384 0.1252026 3.483061 0.1467021 1.096223 0.1252017 1.294965 0.1252019 1.094289 0.1467016 -1.089933 0.1252024 -0.891192 0.1252022 -1.091867 0.146702 2.8849 0.1252022 3.083642 0.1252024 2.882966 0.1467018 0.6968063 0.1467016 0.69874 0.1252019 0.899416 0.1467014 -1.487415 0.1252026 -1.288674 0.1252026 -1.489349 0.1467021 2.487416 0.1252022 2.686158 0.1252022 2.485482 0.146702 -1.884897 0.1252026 -1.686156 0.1252028 -1.886832 0.1467025 0.301257 0.1252019 0.4999985 0.1252019 0.2993231 0.1467014 2.089932 0.1252019 2.288674 0.1252021 2.087998 0.1467016 -2.284314 0.1467027 -2.28238 0.1252031 -2.081705 0.1467025 -0.09622591 0.1252019 0.1025156 0.1252019 -0.09815996 0.1467016 1.690514 0.1467016 1.692448 0.1252019 1.893124 0.1467016 -2.679862 0.1252035 -2.48112 0.1252033 -2.681796 0.146703 -0.493709 0.1252022 -0.2949674 0.1252021 -0.4956429 0.1467018 3.481125 0.1252024 3.679867 0.1252028 3.479192 0.146702 1.294965 0.1252019 1.493707 0.1252019 1.293031 0.1467014 -0.893126 0.146702 -0.891192 0.1252022 -0.6905163 0.146702 3.081707 0.1467024 3.083642 0.1252024 3.284318 0.1467024 0.8955478 0.1467014 0.8974816 0.1252017 1.098157 0.1467014 -1.288674 0.1252026 -1.089933 0.1252024 -1.290607 0.1467025 2.684224 0.1467016 2.686158 0.1252022 2.886834 0.146702 0.4999985 0.1252019 0.69874 0.1252019 0.4980645 0.1467012 -1.68809 0.1467025 -1.686156 0.1252028 -1.485481 0.1467024 2.28674 0.1467016 2.288674 0.1252021 2.48935 0.146702 -2.083639 0.1252028 -1.884897 0.1252026 -2.085573 0.1467027 0.1005815 0.1467016 0.1025156 0.1252019 0.3031911 0.1467016 1.89119 0.1252019 2.089932 0.1252019 1.889256 0.1467012 -2.483055 0.146703 -2.48112 0.1252033 -2.280446 0.1467027 -0.2949674 0.1252021 -0.09622591 0.1252019 -0.2969014 0.1467018 1.491773 0.1467016 1.493707 0.1252019 1.694382 0.1467016 -0.6943843 0.146702 -0.6924507 0.1252022 -0.4917749 0.1467018 0.2760595 -1.038378 0.2760645 1.89132 0.06386703 -1.038377 -2.058069 -1.038373 -2.058061 1.891322 -2.270262 -1.038372 -2.482454 -1.038371 -2.48245 1.891324 -2.694648 -1.038371 -0.5727143 -1.038376 -0.5727096 1.891321 -0.7849071 -1.038376 3.246777 -1.038374 3.246768 1.891326 3.034586 -1.038375 -2.270262 -1.038372 -2.270255 1.891324 -2.482454 -1.038371 0.06386703 -1.038377 0.06387042 1.89132 -0.148326 -1.038377 -1.209295 -1.038375 -1.209289 1.891322 -1.421488 -1.038374 3.246777 -1.038374 3.458971 -1.038374 3.246768 1.891326 0.488254 -1.038378 0.7004482 -1.038378 0.4882572 1.891319 -0.3605205 -1.038377 -0.148326 -1.038377 -0.3605164 1.89132 1.549225 -1.038378 1.76142 -1.038378 1.549221 1.891319 -1.209295 -1.038375 -0.9971011 -1.038375 -1.209289 1.891322 0.7004482 -1.038378 0.9126414 -1.038378 0.7004504 1.891319 -1.633681 -1.038374 -1.421488 -1.038374 -1.633675 1.891323 2.610196 -1.038376 2.822392 -1.038376 2.610187 1.891323 0.2760595 -1.038378 0.488254 -1.038378 0.2760645 1.89132 -2.058069 -1.038373 -1.845875 -1.038373 -2.058061 1.891322 -2.906841 -1.03837 -2.694648 -1.038371 -2.906836 1.891324 -0.5727143 -1.038376 -0.3605205 -1.038377 -0.5727096 1.891321 1.337031 -1.038379 1.549225 -1.038378 1.337029 1.891319 -0.9971011 -1.038375 -0.7849071 -1.038376 -0.9970955 1.891321 0.9126414 -1.038378 1.124837 -1.038378 0.9126431 1.891319 0.7873141 1.313785 0.7111142 1.16165 0.947018 1.216107 0.6144194 1.379781 0.5680594 1.217601 0.7873141 1.313785 0.8424123 1.079216 0.7111142 1.16165 0.7510622 0.9630548 1.088079 1.088472 0.947018 1.216107 0.9571504 0.9720989 0.6144145 1.379788 0.433758 1.413006 0.5680568 1.217601 0.711104 1.161648 0.5680594 1.217601 0.6441987 1.031529 0.6442002 1.031529 0.5841828 0.9170942 0.7510624 0.9630545 0.8424123 1.079216 0.7510625 0.9630547 0.9571511 0.9720975 1.204933 0.93317 1.088079 1.088472 1.050442 0.8428587 0.2463973 1.818124 0.2461077 2.039009 0.1680997 1.825959 0.4180467 1.245925 0.4039158 1.101949 0.5680592 1.2176 0.5271114 1.078201 0.490204 0.955106 0.6441999 1.031528 0.5841828 0.9170941 0.5293067 0.8139249 0.6695424 0.8615554 0.8436136 0.8745885 0.7510625 0.9630547 0.7429592 0.7901725 1.050442 0.8428587 0.9571515 0.9720979 0.9178358 0.7687039 1.204933 0.93317 1.050443 0.8428589 1.291651 0.7530166 0.2467111 1.612664 0.2464216 1.833549 0.1683688 1.620724 0.4039158 1.101949 0.3910347 0.974514 0.5271077 1.078206 0.490204 0.9551055 0.4563356 0.8437474 0.5841828 0.9170941 0.5293067 0.813925 0.4782233 0.7187858 0.5953288 0.7705014 0.6695425 0.8615557 0.5953294 0.770502 0.7429592 0.7901725 0.8436136 0.8745885 0.7429596 0.7901729 0.9178358 0.7687037 1.11717 0.6950717 1.050442 0.8428587 0.9698314 0.6489344 1.291655 0.7530087 1.11718 0.6950665 1.341284 0.5512442 0.2470677 1.407219 0.2467781 1.628103 0.1686379 1.415488 0.2470157 1.200975 0.2476484 1.292071 0.1686837 1.208653 0.5292991 0.8139232 0.4563354 0.843747 0.4782217 0.7187911 0.5264744 0.6868308 0.4782233 0.7187857 0.4614379 0.6082345 0.5953288 0.7705014 0.5264832 0.6868318 0.6518263 0.714924 0.801293 0.7052899 0.7429592 0.7901725 0.696452 0.649159 0.9178358 0.7687037 0.8012936 0.7052901 0.9698314 0.6489344 1.15169 0.5340939 1.117173 0.6950641 0.9960196 0.5200971 1.329054 0.3438208 1.341285 0.5512359 1.147096 0.3695238 0.1689954 1.293599 0.2476484 1.292071 0.1686379 1.415488 0.1686073 0.9985752 0.2470279 0.9908291 0.1686837 1.208653 0.2472118 0.7806221 0.2472107 0.7856778 0.168533 0.7867218 0.2470116 0.5587627 0.2470406 0.6437072 0.1684549 0.5651804 0.5264816 0.6868285 0.4614384 0.6082351 0.5676303 0.6460636 0.6518266 0.7149242 0.5676306 0.6460638 0.6964519 0.6491587 0.801293 0.7052899 0.6964522 0.6491588 0.8417193 0.609986 0.9960196 0.5200971 0.9698314 0.6489344 0.861976 0.5081217 1.147088 0.3695252 1.151691 0.5340856 0.9938439 0.3885273 1.276324 0.1509435 1.329051 0.3438122 1.108098 0.2120881 0.2469768 0.7830889 0.2470578 1.00604 0.168532 0.7914194 0.1684819 0.6441069 0.2469872 0.6412537 0.168533 0.7867218 0.416784 0.407065 0.4221364 0.4149126 0.4139678 0.4367324 0.5676303 0.6460636 0.4883103 0.5815352 0.600014 0.5979847 0.727215 0.5756757 0.6964522 0.6491588 0.6222849 0.5444296 0.861976 0.5081217 0.8417204 0.6099863 0.7426421 0.4974056 0.9960196 0.5200971 0.8619765 0.5081218 0.9938439 0.3885272 1.147086 0.3695166 0.9938445 0.3885271 1.108097 0.2120873 1.276324 0.1509435 1.108098 0.2120873 1.18955 -0.02298402 0.001534521 0.4409801 0.001498818 0.3461164 0.1684108 0.4409171 0.4883093 0.5815345 0.4121291 0.5197641 0.5094097 0.5501133 0.6222777 0.5444323 0.6000151 0.5979853 0.5239041 0.5151761 0.727215 0.5756757 0.6222849 0.5444297 0.7426421 0.4974056 0.861976 0.5081217 0.7426432 0.4974057 0.860789 0.404229 0.9938439 0.3885272 0.86079 0.4042288 0.9643554 0.2613105 1.108097 0.2120873 0.9643555 0.2613104 1.039825 0.06795096 1.18955 -0.02298402 1.039825 0.06795072 1.073976 -0.1741006 0.2470448 0.272354 0.2502497 0.275012 0.2470723 0.3453351 0.5094098 0.5501132 0.4225285 0.5043062 0.5239027 0.5151752 0.6222811 0.5444242 0.5239071 0.5151731 0.6334742 0.4874938 0.7419739 0.4176106 0.7426421 0.4974056 0.6331078 0.4294568 0.8384944 0.3030779 0.86079 0.4042288 0.7253206 0.3396579 0.9107262 0.1436533 0.9643555 0.2613104 0.796695 0.208885 0.946455 -0.05827271 1.039825 0.06795072 0.8358291 0.03973352 1.073976 -0.1741006 0.946455 -0.05827271 0.9346368 -0.2991304 0.001584112 0.5652434 0.001534521 0.4409801 0.1684549 0.5651804 0.5312018 0.4780716 0.5239027 0.5151752 0.4332644 0.4688967 0.6331031 0.4294615 0.6334747 0.4874938 0.5310142 0.4402495 0.7419739 0.4176106 0.6331078 0.4294568 0.7253203 0.3396579 0.8384944 0.3030779 0.7253206 0.3396579 0.7966948 0.2088844 0.9107262 0.1436533 0.7966953 0.208884 0.8358291 0.03973358 0.8323709 -0.1632049 0.946455 -0.05827271 0.7431505 -0.04719436 0.934637 -0.2991304 0.8323685 -0.1632139 0.7765327 -0.3953286 0.5312035 0.4780718 0.4332643 0.4688968 0.5310125 0.4402496 0.6331012 0.4294528 0.5310142 0.4402495 0.6212105 0.3726535 0.6935916 0.2667234 0.7253206 0.3396579 0.5983367 0.3193395 0.7375624 0.125195 0.7966948 0.2088844 0.6482866 0.2016201 0.7431501 -0.047194 0.8358291 0.03973352 0.6637509 0.05490738 0.7018259 -0.2440941 0.8323685 -0.1632139 0.6363334 -0.1143584 0.7765328 -0.3953287 0.701826 -0.2440943 0.6048499 -0.4606888 0.523345 0.4031887 0.5310142 0.4402495 0.4294242 0.4320784 0.5983367 0.3193395 0.6212116 0.3726532 0.508517 0.3683339 0.6482859 0.2016191 0.6935918 0.2667233 0.5654706 0.2715825 0.6637504 0.05490702 0.7375625 0.125195 0.5913534 0.1467242 0.636328 -0.1143507 0.7431505 -0.04719436 0.5782222 3.3626e-4 0.559403 -0.2991236 0.701826 -0.2440943 0.5194171 -0.1600499 0.1677885 -1.210702 0.246051 -1.218441 0.1678659 -1.005523 0.5085167 0.3683332 0.523345 0.4031887 0.4221374 0.4149121 0.5654683 0.2715853 0.5983367 0.3193395 0.4871226 0.337033 0.5913534 0.1467242 0.6482859 0.2016191 0.5239592 0.2311788 0.5782222 3.3626e-4 0.6637504 0.05490702 0.5250695 0.1039493 0.5194155 -0.1600505 0.6363254 -0.1143566 0.4842013 -0.03686082 0.1678659 -1.005523 0.2461729 -1.013038 0.1679433 -0.8003446 0.2500531 0.6473788 0.2470406 0.6437072 0.2500236 0.5610663 0.5654616 0.271582 0.4871228 0.3370319 0.5239593 0.2311788 0.5913456 0.1467244 0.5239586 0.2311732 0.5250685 0.1039486 0.1679433 -0.8003446 0.2463377 -0.8076489 0.1680207 -0.5951653 0.246533 -0.3969697 0.2466183 -0.1708319 0.1680986 -0.3886383 0.2467675 0.02528125 0.2468251 0.1787832 0.1682575 0.03336095 0.1681778 -0.1785218 0.2466289 -0.1861022 0.1682575 0.03336095 0.4766632 -0.03828269 0.4986855 -0.1639223 0.4842013 -0.03686082 0.4563354 0.843747 0.3849929 0.9158197 0.3860886 0.857641 0.3849929 0.9158197 0.490204 0.9551055 0.3910347 0.974514 0.2466289 -0.1861022 0.2497134 -0.1857005 0.2467149 0.04193639 0.5269734 -0.3051429 0.5631278 -0.4683575 0.559403 -0.2991237 0.3860886 0.8576411 0.3906108 0.7475751 0.4563354 0.843747 0.4082326 0.4967942 0.4225275 0.5043058 0.4064688 0.5151996 0.5250686 0.1039482 0.4585354 0.07735723 0.5782162 3.37809e-4 0.4298518 0.6292048 0.3963289 0.64871 0.3965937 0.6429122 0.3963289 0.64871 0.4782162 0.7187844 0.4247322 0.7407864 0.1683496 0.278243 0.1683751 0.3460534 0.001473307 0.2783059 0.1683112 0.1759876 0.1683496 0.278243 0.001434803 0.1760503 0.1680207 -0.5951653 0.2464825 -0.6029019 0.1680986 -0.3886383 0.4044991 0.5396871 0.4614379 0.6082345 0.4018129 0.577468 0.4585354 0.07735717 0.5250685 0.1039486 0.4431607 0.1865921 0.5269734 -0.3051429 0.559403 -0.2991237 0.4986854 -0.1639223 0.3833662 0.974537 0.3910332 0.974514 0.3828336 1.101998 0.4124835 0.4523447 0.4139677 0.4367323 0.4331811 0.4503073 0.3850686 1.245967 0.3828336 1.101999 0.4180467 1.245925 0.1679433 -0.8003446 0.1680207 -0.5951653 0.001066982 -0.800282 0.1680997 1.825959 0.1678306 2.031195 0.001177191 1.82574 0.4221374 0.4149121 0.416784 0.407065 0.4228258 0.3561438 0.4228258 0.3561438 0.5085167 0.3683332 0.4221374 0.4149121 0.4228258 0.3561438 0.4600117 0.310482 0.4871222 0.3370324 0.2501448 0.4446008 0.2470059 0.4440268 0.2507988 0.4109507 0.1684819 0.6441069 0.168533 0.7867218 0.001616597 0.6441699 0.1678659 -1.005523 0.1679433 -0.8003446 9.89616e-4 -1.00546 0.1684549 0.5651804 0.1684819 0.6441069 0.001584112 0.5652434 0.2495097 -0.3799356 0.2465664 -0.380627 0.2496649 -0.6029863 0.1677885 -1.210702 0.1678659 -1.005523 9.12189e-4 -1.210639 0.1686073 0.9985752 0.1686837 1.208653 0.001758515 0.9986383 0.1686837 1.208653 0.1689954 1.293599 0.001840412 1.208716 0.1683688 1.620724 0.1680997 1.825959 0.001446247 1.620505 0.1683112 0.1759876 0.2468739 0.1756063 0.1683496 0.278243 0.1680207 -0.5951653 0.1680986 -0.3886383 0.001144349 -0.5951023 0.1683751 0.3460534 0.1683496 0.278243 0.2470723 0.3453351 0.168532 0.7914194 0.1686073 0.9985752 0.001677751 0.7914823 0.1682575 0.03336095 0.1683112 0.1759876 0.001381218 0.03342366 0.168533 0.7867218 0.168532 0.7914194 0.001673221 0.7867845 0.1680986 -0.3886383 0.1681778 -0.1785218 0.001222252 -0.3885753 0.1689954 1.293599 0.1686379 1.415488 0.001875102 1.29352 0.2498214 0.5738477 0.2470404 0.5712705 0.2501612 0.4379097 0.1686379 1.415488 0.1683688 1.620724 0.001715362 1.415269 0.2469156 0.2856585 0.2468739 0.1756063 0.2498133 0.2886485 0.2461077 2.039009 0.2463973 1.818124 0.2492515 2.03922 0.2464216 1.833549 0.2467111 1.612664 0.2495701 1.83371 0.2467781 1.628103 0.2470677 1.407219 0.2499427 1.628216 0.2507334 1.310666 0.2476484 1.292071 0.249953 1.200282 0.2502233 1.423007 0.247044 1.422926 0.2507334 1.310666 0.24711 1.216926 0.2470279 0.9908291 0.2501173 1.216618 0.2501639 0.7919784 0.2472107 0.7856778 0.2501664 0.7793154 0.2501403 1.005635 0.2470578 1.00604 0.2500626 0.7893252 0.250127 0.7937805 0.2470423 0.7947428 0.2500732 0.644864 0.2492792 -0.9973583 0.2461342 -0.9976168 0.249194 -1.218649 0.2476494 0.4109102 0.2469674 0.3419298 0.250799 0.4109205 0.2494061 -0.7919051 0.2462562 -0.7922143 0.2493235 -1.013196 0.2470404 0.5712705 0.1684549 0.5651804 0.2469933 0.4375321 0.2476494 0.4109102 0.2470059 0.4440268 0.1684108 0.4409171 0.1683751 0.3460534 0.2469674 0.3419298 0.2476494 0.4109102 0.2495856 -0.586468 0.2464207 -0.5868251 0.2495024 -0.8077595 0.4111076 0.466768 0.4332588 0.4689006 0.4097285 0.4811888 0.4614379 0.6082345 0.4053917 0.5264459 0.4883093 0.5815345 0.001301407 -0.1784589 0.1681778 -0.1785218 0.001381218 0.03342366 0.2496286 -0.1700478 0.2466183 -0.1708319 0.2495431 -0.3966643 0.2468251 0.1787832 0.2467675 0.02528125 0.2499086 0.1751706 0.3850685 1.245967 0.4180452 1.245925 0.3913411 1.412998 0.9999616 0.1482754 3.85001e-5 0.1482754 0.9999616 0.1001541 3.85001e-5 0.04961377 0.9999615 0.04961377 3.85001e-5 0.1001529 0.9999615 0.04961377 3.85001e-5 0.04961377 0.9999616 3.85001e-5 0.7873141 1.313785 0.947018 1.216107 0.7111142 1.16165 0.6144194 1.379781 0.7873141 1.313785 0.5680594 1.217601 0.6442002 1.031529 0.7111142 1.16165 0.7510622 0.9630548 0.8424123 1.079216 0.947018 1.216107 0.9571504 0.9720989 0.4180467 1.245925 0.433758 1.413006 0.5680568 1.217601 0.5271153 1.078209 0.5680594 1.217601 0.6441987 1.031529 0.6442002 1.031529 0.7510624 0.9630545 0.5841828 0.9170942 0.8424123 1.079216 0.9571511 0.9720975 0.7510625 0.9630547 0.9571515 0.9720979 1.088079 1.088472 1.050442 0.8428587 0.2463973 1.818124 0.1680997 1.825959 0.2461077 2.039009 0.4180467 1.245925 0.5680592 1.2176 0.4039158 1.101949 0.5271114 1.078201 0.6441999 1.031528 0.490204 0.955106 0.5841828 0.9170941 0.6695424 0.8615554 0.5293067 0.8139249 0.6695425 0.8615557 0.7510625 0.9630547 0.7429592 0.7901725 0.8436138 0.8745887 0.9571515 0.9720979 0.9178358 0.7687039 1.204933 0.93317 1.291651 0.7530166 1.050443 0.8428589 0.2467111 1.612664 0.1683688 1.620724 0.2464216 1.833549 0.4039158 1.101949 0.5271077 1.078206 0.3910347 0.974514 0.490204 0.9551055 0.5841828 0.9170941 0.4563356 0.8437474 0.5293067 0.813925 0.5953288 0.7705014 0.4782233 0.7187858 0.6695425 0.8615557 0.7429592 0.7901725 0.5953294 0.770502 0.8436136 0.8745885 0.9178358 0.7687037 0.7429596 0.7901729 0.9178358 0.7687037 1.050442 0.8428587 0.9698314 0.6489344 1.291655 0.7530087 1.341284 0.5512442 1.11718 0.6950665 0.2470677 1.407219 0.1686379 1.415488 0.2467781 1.628103 0.2470157 1.200975 0.1686837 1.208653 0.2476484 1.292071 0.4247324 0.7407867 0.4563354 0.843747 0.4782217 0.7187911 0.4298521 0.6292052 0.4782233 0.7187857 0.4614379 0.6082345 0.5953288 0.7705014 0.6518263 0.714924 0.5264832 0.6868318 0.6518266 0.7149242 0.7429592 0.7901725 0.696452 0.649159 0.9178358 0.7687037 0.9698314 0.6489344 0.8012936 0.7052901 0.969832 0.6489346 1.117173 0.6950641 0.9960196 0.5200971 1.1517 0.5340866 1.341285 0.5512359 1.147096 0.3695238 0.247044 1.422926 0.2476484 1.292071 0.1686379 1.415488 0.24711 1.216926 0.2470279 0.9908291 0.1686837 1.208653 0.2472118 0.7806221 0.168533 0.7867218 0.2472107 0.7856778 0.2470116 0.5587627 0.1684549 0.5651804 0.2470406 0.6437072 0.5264816 0.6868285 0.5676303 0.6460636 0.4614384 0.6082351 0.6518266 0.7149242 0.6964519 0.6491587 0.5676306 0.6460638 0.801293 0.7052899 0.8417193 0.609986 0.6964522 0.6491588 0.8417204 0.6099863 0.9698314 0.6489344 0.861976 0.5081217 0.9960198 0.5200971 1.151691 0.5340856 0.9938439 0.3885273 1.147095 0.3695157 1.329051 0.3438122 1.108098 0.2120881 0.2469768 0.7830889 0.168532 0.7914194 0.2470578 1.00604 0.2470423 0.7947428 0.2469872 0.6412537 0.168533 0.7867218 0.416784 0.407065 0.4139678 0.4367324 0.4221364 0.4149126 0.5676303 0.6460636 0.600014 0.5979847 0.4883103 0.5815352 0.6000151 0.5979853 0.6964522 0.6491588 0.6222849 0.5444296 0.727215 0.5756757 0.8417204 0.6099863 0.7426421 0.4974056 0.9960196 0.5200971 0.9938439 0.3885272 0.8619765 0.5081218 1.147086 0.3695166 1.108097 0.2120873 0.9938445 0.3885271 1.276324 0.1509435 1.18955 -0.02298402 1.108098 0.2120873 0.001534521 0.4409801 0.1684108 0.4409171 0.001498818 0.3461164 0.4883093 0.5815345 0.5094097 0.5501133 0.4121291 0.5197641 0.5094155 0.5501121 0.6000151 0.5979853 0.5239041 0.5151761 0.727215 0.5756757 0.7426421 0.4974056 0.6222849 0.5444297 0.861976 0.5081217 0.860789 0.404229 0.7426432 0.4974057 0.9938439 0.3885272 0.9643554 0.2613105 0.86079 0.4042288 1.108097 0.2120873 1.039825 0.06795096 0.9643555 0.2613104 1.18955 -0.02298402 1.073976 -0.1741006 1.039825 0.06795072 0.2470448 0.272354 0.2470723 0.3453351 0.2502497 0.275012 0.5094098 0.5501132 0.5239027 0.5151752 0.4225285 0.5043062 0.6222811 0.5444242 0.6334742 0.4874938 0.5239071 0.5151731 0.6334747 0.4874938 0.7426421 0.4974056 0.6331078 0.4294568 0.7419739 0.4176106 0.86079 0.4042288 0.7253206 0.3396579 0.838495 0.3030777 0.9643555 0.2613104 0.796695 0.208885 0.9107264 0.1436531 1.039825 0.06795072 0.8358291 0.03973352 1.073976 -0.1741006 0.9346368 -0.2991304 0.946455 -0.05827271 0.001584112 0.5652434 0.1684549 0.5651804 0.001534521 0.4409801 0.4296641 0.48713 0.5239027 0.5151752 0.4332644 0.4688967 0.5312035 0.4780718 0.6334747 0.4874938 0.5310142 0.4402495 0.7419739 0.4176106 0.7253203 0.3396579 0.6331078 0.4294568 0.8384944 0.3030779 0.7966948 0.2088844 0.7253206 0.3396579 0.9107262 0.1436533 0.8358291 0.03973358 0.7966953 0.208884 0.8358291 0.03973352 0.946455 -0.05827271 0.7431505 -0.04719436 0.934637 -0.2991304 0.7765327 -0.3953286 0.8323685 -0.1632139 0.5312035 0.4780718 0.5310125 0.4402496 0.4332643 0.4688968 0.6331012 0.4294528 0.6212105 0.3726535 0.5310142 0.4402495 0.6212116 0.3726532 0.7253206 0.3396579 0.5983367 0.3193395 0.6935918 0.2667233 0.7966948 0.2088844 0.6482866 0.2016201 0.7375625 0.125195 0.8358291 0.03973352 0.6637509 0.05490738 0.7431505 -0.04719436 0.8323685 -0.1632139 0.6363334 -0.1143584 0.7765328 -0.3953287 0.6048499 -0.4606888 0.701826 -0.2440943 0.4331811 0.4503073 0.5310142 0.4402495 0.4294242 0.4320784 0.5233471 0.4031848 0.6212116 0.3726532 0.508517 0.3683339 0.598337 0.3193393 0.6935918 0.2667233 0.5654706 0.2715825 0.6482866 0.2016185 0.7375625 0.125195 0.5913534 0.1467242 0.6637505 0.05490684 0.7431505 -0.04719436 0.5782222 3.3626e-4 0.6363254 -0.1143566 0.701826 -0.2440943 0.5194171 -0.1600499 0.2461342 -0.9976168 0.246051 -1.218441 0.1678659 -1.005523 0.4294251 0.4320778 0.523345 0.4031887 0.4221374 0.4149121 0.5085179 0.3683326 0.5983367 0.3193395 0.4871226 0.337033 0.5654694 0.2715784 0.6482859 0.2016191 0.5239592 0.2311788 0.5913527 0.1467179 0.6637504 0.05490702 0.5250695 0.1039493 0.5782206 3.3474e-4 0.6363254 -0.1143566 0.4842013 -0.03686082 0.2462562 -0.7922143 0.2461729 -1.013038 0.1679433 -0.8003446 0.2470116 0.5587627 0.2470406 0.6437072 0.2500236 0.5610663 0.5654616 0.271582 0.5239593 0.2311788 0.4871228 0.3370319 0.5913456 0.1467244 0.5250685 0.1039486 0.5239586 0.2311732 0.2464207 -0.5868251 0.2463377 -0.8076489 0.1680207 -0.5951653 0.246533 -0.3969697 0.1680986 -0.3886383 0.2466183 -0.1708319 0.2467675 0.02528125 0.1682575 0.03336095 0.2468251 0.1787832 0.1681778 -0.1785218 0.1682575 0.03336095 0.2466289 -0.1861022 0.5194155 -0.1600505 0.4986855 -0.1639223 0.4842013 -0.03686082 0.3849929 0.9158197 0.4563354 0.843747 0.3860886 0.857641 0.3849929 0.9158197 0.3910347 0.974514 0.490204 0.9551055 0.2466289 -0.1861022 0.2467149 0.04193639 0.2497134 -0.1857005 0.6048387 -0.460683 0.5631278 -0.4683575 0.559403 -0.2991237 0.4247322 0.7407864 0.3906108 0.7475751 0.4563354 0.843747 0.4082326 0.4967942 0.4064688 0.5151996 0.4225275 0.5043058 0.4842013 -0.0368607 0.4585354 0.07735723 0.5782162 3.37809e-4 0.3963289 0.64871 0.4298518 0.6292048 0.3965937 0.6429122 0.3963289 0.64871 0.4247322 0.7407864 0.4782162 0.7187844 0.1683496 0.278243 0.001473307 0.2783059 0.1683751 0.3460534 0.1683112 0.1759876 0.001434803 0.1760503 0.1683496 0.278243 0.2465664 -0.380627 0.2464825 -0.6029019 0.1680986 -0.3886383 0.4044991 0.5396871 0.4018129 0.577468 0.4614379 0.6082345 0.4585354 0.07735717 0.4431607 0.1865921 0.5250685 0.1039486 0.5269734 -0.3051429 0.4986854 -0.1639223 0.559403 -0.2991237 0.3833662 0.974537 0.3828336 1.101998 0.3910332 0.974514 0.4294242 0.4320781 0.4139677 0.4367323 0.4331811 0.4503073 0.4039158 1.101949 0.3828336 1.101999 0.4180467 1.245925 0.1679433 -0.8003446 0.001066982 -0.800282 0.1680207 -0.5951653 0.1680997 1.825959 0.001177191 1.82574 0.1678306 2.031195 0.4871222 0.3370324 0.4600117 0.310482 0.4228258 0.3561438 0.4228258 0.3561438 0.5085167 0.3683332 0.4871222 0.3370324 0.4228258 0.3561438 0.416784 0.407065 0.4221374 0.4149121 0.2476494 0.4109102 0.2470059 0.4440268 0.2507988 0.4109507 0.1684819 0.6441069 0.001616597 0.6441699 0.168533 0.7867218 0.1678659 -1.005523 9.89616e-4 -1.00546 0.1679433 -0.8003446 0.1684549 0.5651804 0.001584112 0.5652434 0.1684819 0.6441069 0.2464825 -0.6029019 0.2465664 -0.380627 0.2496649 -0.6029863 0.1677885 -1.210702 9.12189e-4 -1.210639 0.1678659 -1.005523 0.1686073 0.9985752 0.001758515 0.9986383 0.1686837 1.208653 0.1686837 1.208653 0.001840412 1.208716 0.1689954 1.293599 0.1683688 1.620724 0.001446247 1.620505 0.1680997 1.825959 0.1683112 0.1759876 0.1683496 0.278243 0.2468739 0.1756063 0.1680207 -0.5951653 0.001144349 -0.5951023 0.1680986 -0.3886383 0.2470448 0.272354 0.1683496 0.278243 0.2470723 0.3453351 0.168532 0.7914194 0.001677751 0.7914823 0.1686073 0.9985752 0.1682575 0.03336095 0.001381218 0.03342366 0.1683112 0.1759876 0.168533 0.7867218 0.001673221 0.7867845 0.168532 0.7914194 0.1680986 -0.3886383 0.001222252 -0.3885753 0.1681778 -0.1785218 0.1689954 1.293599 0.001875102 1.29352 0.1686379 1.415488 0.2469933 0.4375321 0.2470404 0.5712705 0.2501612 0.4379097 0.1686379 1.415488 0.001715362 1.415269 0.1683688 1.620724 0.2498626 0.1719147 0.2468739 0.1756063 0.2498133 0.2886485 0.2461077 2.039009 0.2492515 2.03922 0.2463973 1.818124 0.2464216 1.833549 0.2495701 1.83371 0.2467111 1.612664 0.2467781 1.628103 0.2499427 1.628216 0.2470677 1.407219 0.2470157 1.200975 0.2476484 1.292071 0.249953 1.200282 0.2476484 1.292071 0.247044 1.422926 0.2507334 1.310666 0.24711 1.216926 0.2501173 1.216618 0.2470279 0.9908291 0.2472118 0.7806221 0.2472107 0.7856778 0.2501664 0.7793154 0.2469768 0.7830889 0.2470578 1.00604 0.2500626 0.7893252 0.2469872 0.6412537 0.2470423 0.7947428 0.2500732 0.644864 0.246051 -1.218441 0.2461342 -0.9976168 0.249194 -1.218649 0.2476494 0.4109102 0.250799 0.4109205 0.2469674 0.3419298 0.2461729 -1.013038 0.2462562 -0.7922143 0.2493235 -1.013196 0.1684108 0.4409171 0.1684549 0.5651804 0.2469933 0.4375321 0.2476494 0.4109102 0.1683751 0.3460534 0.1684108 0.4409171 0.1683751 0.3460534 0.2476494 0.4109102 0.2469674 0.3419298 0.2463377 -0.8076489 0.2464207 -0.5868251 0.2495024 -0.8077595 0.4111076 0.466768 0.4097285 0.4811888 0.4332588 0.4689006 0.4121284 0.5197647 0.4053917 0.5264459 0.4883093 0.5815345 0.001301407 -0.1784589 0.001381218 0.03342366 0.1681778 -0.1785218 0.246533 -0.3969697 0.2466183 -0.1708319 0.2495431 -0.3966643 0.2468251 0.1787832 0.2499086 0.1751706 0.2467675 0.02528125 0.3850685 1.245967 0.3913411 1.412998 0.4180452 1.245925 0.9999616 0.1482754 0.9999616 0.1001541 3.85001e-5 0.1482754 3.85001e-5 0.04961377 3.85001e-5 0.1001529 0.9999615 0.04961377 0.9999615 0.04961377 0.9999616 3.85001e-5 3.85001e-5 0.04961377 0.9999074 0.687338 0.6875232 0.687338 0.9629769 0.6504074 0.6875232 9.27426e-5 0.9999074 9.26682e-5 0.7244537 0.03702342 0.6875236 9.27746e-5 0.9999077 9.27746e-5 0.724454 0.03702342 0.9999074 0.687338 0.6875232 0.687338 0.9629769 0.6504073 0.9629769 0.6504074 0.7244537 0.6504073 0.9566106 0.6440408 0.7244537 0.03702342 0.9629769 0.03702336 0.73082 0.04339003 0.724454 0.03702342 0.9629773 0.03702342 0.7308204 0.04339003 0.9629769 0.6504073 0.7244536 0.6504073 0.9566105 0.6440407 0.6875232 0.687338 0.9999074 0.687338 0.6875232 0.687338 0.9999077 9.27746e-5 0.9999077 9.27746e-5 0.6875236 9.27746e-5 0.9999074 9.26682e-5 0.6875232 9.27426e-5 0.9999074 9.26682e-5 0.6875232 0.687338 0.6875232 0.687338 0.9999074 0.687338 0.6875232 0.687338 0.6875232 0.3878954 0.6875232 0.3937848 0.6875232 0.3937848 0.6875232 0.687338 0.6875232 0.687338 0.6875232 0.2936649 0.6875232 9.27426e-5 0.6875232 9.27426e-5 0.6875232 9.27426e-5 0.6875232 0.2936649 0.6875231 0.2995543 0.6875231 0.2995543 0.6875232 0.3878954 0.6875232 0.687338 0.6875232 0.687338 0.6875233 0.3878768 0.6875233 0.3937661 0.6875233 0.3937661 0.6875232 0.687338 0.6875232 0.687338 0.6875234 0.2936474 0.6875236 9.27746e-5 0.6875236 9.27746e-5 0.6875236 9.27746e-5 0.6875234 0.2936474 0.6875234 0.2995367 0.6875236 9.27746e-5 0.6875233 0.3878768 0.6875232 0.687338 0.9566106 0.3937696 0.9629771 0.3937696 0.9566105 0.6440407 0.7244536 0.6504073 0.7244538 0.3937685 0.7308201 0.6440407 0.7244537 0.6504073 0.7244537 0.3937724 0.7308201 0.6440406 0.9629769 0.03702336 0.962977 0.2936611 0.9566106 0.04338997 0.9629771 0.3937696 0.9999075 0.3937696 0.9629769 0.6504073 0.6875232 0.687338 0.6875233 0.3937661 0.7244536 0.6504073 0.6875232 0.687338 0.6875232 0.3937848 0.7244537 0.6504073 0.9999074 9.26682e-5 0.9999074 0.2936611 0.9629769 0.03702336 0.7308201 0.6440407 0.7308202 0.3937696 0.9566105 0.6440407 0.7308203 0.2995499 0.7308203 0.2936612 0.9566107 0.2995499 0.7308203 0.2936612 0.7308204 0.04339003 0.9566107 0.2936611 0.9566106 0.04338997 0.9566106 0.2936611 0.73082 0.04339003 0.9566105 0.3878809 0.9566105 0.3937696 0.7308201 0.3878808 0.9566105 0.3937696 0.9566106 0.6440408 0.7308201 0.3937695 0.9999074 0.687338 0.9629769 0.6504074 0.9999074 0.3937695 0.9999077 9.27746e-5 0.9999076 0.2936612 0.9629773 0.03702342 0.9629773 0.03702342 0.9629772 0.2936612 0.9566109 0.04339003 0.9629769 0.6504074 0.9566106 0.6440408 0.962977 0.3937696 0.9999074 0.2995498 0.962977 0.2995499 0.9999074 0.2936611 0.9999075 0.3878809 0.9999075 0.3937696 0.9629771 0.3878809 0.7244537 0.03702342 0.73082 0.04339003 0.7244537 0.2936623 0.7244537 0.2936623 0.6875232 0.2936649 0.7244537 0.03702342 0.6875231 0.2995543 0.6875232 0.2936649 0.7244537 0.2995511 0.7244538 0.2936585 0.6875234 0.2936474 0.724454 0.03702342 0.724454 0.03702342 0.7308204 0.04339003 0.7244538 0.2936585 0.7244538 0.2995473 0.6875234 0.2995367 0.7244538 0.2936585 0.7244538 0.2995473 0.7308203 0.2995499 0.7244537 0.3878797 0.7244538 0.3937685 0.6875233 0.3937661 0.7244537 0.3878797 0.7244537 0.3878797 0.6875233 0.3878768 0.7244538 0.2995473 0.6875232 0.3937848 0.6875232 0.3878954 0.7244537 0.3937724 0.6875232 0.3878954 0.6875231 0.2995543 0.7244537 0.3878836 0.7308201 0.2995498 0.7308201 0.3878808 0.7244537 0.2995511 0.9566105 0.3878809 0.9566106 0.2995498 0.962977 0.3878809 0.9629772 0.2995499 0.9629771 0.3878809 0.9566107 0.2995499 0.9999076 0.2936612 0.9999076 0.2995499 0.9629772 0.2936612 0.9999076 0.2995499 0.9999075 0.3878809 0.9629772 0.2995499 0.9999074 0.3937695 0.962977 0.3937696 0.9999074 0.3878808 0.962977 0.3878809 0.962977 0.2995499 0.9999074 0.3878808 0.9566106 0.2936611 0.9566106 0.2995498 0.7308201 0.2936611 0.9566106 0.2995498 0.9566105 0.3878809 0.7308201 0.2995498 0.7308202 0.3937696 0.7308202 0.3878809 0.9566106 0.3937696 0.7308203 0.2995499 0.9566107 0.2995499 0.7308202 0.3878809 0.02517223 0.6437112 0.02303999 0.6451939 0.02517467 0.3188033 0.02286541 0.6450121 0.02287423 0.067644 0.02496057 0.6435377 0.02496069 0.643538 0.02286547 0.6450125 0.0249949 0.06913578 0.6666474 0.6666474 0.3333525 0.6666474 0.6666474 0.01931172 0.01752448 0.3119691 0.02304625 0.3173232 0.01752012 0.6505459 0.02286541 0.6450121 0.01751214 0.6505329 0.02287423 0.067644 0.02304333 0.3173055 0.02304029 0.6451935 0.01752126 0.3119513 0.02287429 0.06764328 0.02286547 0.6450125 0.01751667 0.06211769 0.02304029 0.6451935 0.02304333 0.3173055 0.02516973 0.6437128 0.01751667 0.06211769 0.01751232 0.6505336 0.01539158 0.06062203 0.01752018 0.6505458 0.01539152 0.6520261 0.01752126 0.3119513 0.01751214 0.6505329 0.01539152 0.6520261 0.01751649 0.06211876 0.01752448 0.3119691 0.01752012 0.6505459 0.01539152 0.3104859 0.01539152 0.3104859 0.01539152 0.6520261 0.01539152 0.3104859 0.01539152 0.06062281 0.01539152 0.6520261 0.01539152 0.06062281 0.01539152 0.3104702 0.01539152 0.6520261 0.01539152 0.3104702 0.01539158 0.06062203 0.01539152 0.6520261 0.01539158 0.06062203</float_array>
          <technique_common>
            <accessor source="#ind_bld_a300-mesh-map-0-array" count="4104" stride="2">
              <param name="S" type="float"/>
              <param name="T" type="float"/>
            </accessor>
          </technique_common>
        </source>
        <vertices id="ind_bld_a300-mesh-vertices">
          <input semantic="POSITION" source="#ind_bld_a300-mesh-positions"/>
        </vertices>
        <polylist material="ind_concrete_02-material" count="856">
          <input semantic="VERTEX" source="#ind_bld_a300-mesh-vertices" offset="0"/>
          <input semantic="NORMAL" source="#ind_bld_a300-mesh-normals" offset="1"/>
          <input semantic="TEXCOORD" source="#ind_bld_a300-mesh-map-0" offset="2" set="0"/>
          <vcount>3 3 3 3 3 3 3 3 3 3 3 3 3 3 3 3 3 3 3 3 3 3 3 3 3 3 3 3 3 3 3 3 3 3 3 3 3 3 3 3 3 3 3 3 3 3 3 3 3 3 3 3 3 3 3 3 3 3 3 3 3 3 3 3 3 3 3 3 3 3 3 3 3 3 3 3 3 3 3 3 3 3 3 3 3 3 3 3 3 3 3 3 3 3 3 3 3 3 3 3 3 3 3 3 3 3 3 3 3 3 3 3 3 3 3 3 3 3 3 3 3 3 3 3 3 3 3 3 3 3 3 3 3 3 3 3 3 3 3 3 3 3 3 3 3 3 3 3 3 3 3 3 3 3 3 3 3 3 3 3 3 3 3 3 3 3 3 3 3 3 3 3 3 3 3 3 3 3 3 3 3 3 3 3 3 3 3 3 3 3 3 3 3 3 3 3 3 3 3 3 3 3 3 3 3 3 3 3 3 3 3 3 3 3 3 3 3 3 3 3 3 3 3 3 3 3 3 3 3 3 3 3 3 3 3 3 3 3 3 3 3 3 3 3 3 3 3 3 3 3 3 3 3 3 3 3 3 3 3 3 3 3 3 3 3 3 3 3 3 3 3 3 3 3 3 3 3 3 3 3 3 3 3 3 3 3 3 3 3 3 3 3 3 3 3 3 3 3 3 3 3 3 3 3 3 3 3 3 3 3 3 3 3 3 3 3 3 3 3 3 3 3 3 3 3 3 3 3 3 3 3 3 3 3 3 3 3 3 3 3 3 3 3 3 3 3 3 3 3 3 3 3 3 3 3 3 3 3 3 3 3 3 3 3 3 3 3 3 3 3 3 3 3 3 3 3 3 3 3 3 3 3 3 3 3 3 3 3 3 3 3 3 3 3 3 3 3 3 3 3 3 3 3 3 3 3 3 3 3 3 3 3 3 3 3 3 3 3 3 3 3 3 3 3 3 3 3 3 3 3 3 3 3 3 3 3 3 3 3 3 3 3 3 3 3 3 3 3 3 3 3 3 3 3 3 3 3 3 3 3 3 3 3 3 3 3 3 3 3 3 3 3 3 3 3 3 3 3 3 3 3 3 3 3 3 3 3 3 3 3 3 3 3 3 3 3 3 3 3 3 3 3 3 3 3 3 3 3 3 3 3 3 3 3 3 3 3 3 3 3 3 3 3 3 3 3 3 3 3 3 3 3 3 3 3 3 3 3 3 3 3 3 3 3 3 3 3 3 3 3 3 3 3 3 3 3 3 3 3 3 3 3 3 3 3 3 3 3 3 3 3 3 3 3 3 3 3 3 3 3 3 3 3 3 3 3 3 3 3 3 3 3 3 3 3 3 3 3 3 3 3 3 3 3 3 3 3 3 3 3 3 3 3 3 3 3 3 3 3 3 3 3 3 3 3 3 3 3 3 3 3 3 3 3 3 3 3 3 3 3 3 3 3 3 3 3 3 3 3 3 3 3 3 3 3 3 3 3 3 3 3 3 3 3 3 3 3 3 3 3 3 3 3 3 3 3 3 3 3 3 3 3 3 3 3 3 3 3 3 3 3 3 3 3 3 3 3 3 3 3 3 3 3 3 3 3 3 3 3 3 3 3 3 3 3 3 3 3 3 3 3 3 3 3 3 3 3 3 3 3 3 3 3 3 3 3 3 3 3 3 3 3 3 3 3 3 3 3 3 3 3 3 3 3 3 3 3 3 3 3 3 3 3 3 3 3 3 3 3 3 3 3 3 3 3 3 3 3 3 3 3 3 3 3 3 3 3 3 3 3 3 3 3 3 3 3 3 3 3 3 3 3 3 3 3 3 3 3 3 3 3 3 3 3 3 3 3 3 3 3 3 3 3 3 3 3 3 3 3 3 3 3 3 3 3 3 3 3 3 3 3 3 3 3 3 3 3 3 3 3 3 3 3 3 3 3 </vcount>
          <p>1057 11 33 1184 12 34 1180 13 35 1013 14 36 1140 15 37 1136 16 38 1093 17 39 1220 18 40 1216 19 41 1049 20 42 1176 21 43 1172 22 44 1005 23 45 1132 24 46 1128 25 47 1085 26 48 1212 27 49 1208 28 50 997 29 51 1124 30 52 1120 31 53 1041 32 54 1168 33 55 1164 34 56 1077 35 57 1204 36 58 1200 37 59 989 38 60 1116 39 61 1112 40 62 1033 41 63 1160 42 64 1156 43 65 1069 44 66 1196 45 67 1192 46 68 973 47 69 1105 48 70 1224 49 71 1025 50 72 1152 51 73 1148 52 74 16 53 75 17 54 76 969 55 77 1061 56 78 1188 57 79 1184 12 80 1017 58 81 1144 59 82 1140 15 83 1097 60 84 1224 49 85 1220 18 86 1053 61 87 1180 13 88 1176 21 89 1009 62 90 1136 16 91 1132 24 92 1089 63 93 1216 19 94 1212 27 95 1045 64 96 1172 22 97 1168 33 98 1001 65 99 1128 25 100 1124 30 101 1081 66 102 1208 28 103 1204 36 104 993 67 105 1120 31 106 1116 39 107 1037 68 108 1164 34 109 1160 42 110 1073 69 111 1200 37 112 1196 45 113 985 70 114 1112 40 115 1108 71 116 1029 72 117 1156 43 118 1152 51 119 1065 73 120 1192 46 121 1188 57 122 1021 74 123 1148 52 124 1144 59 125 37 75 126 38 76 127 1059 77 128 27 78 129 1015 79 130 1011 80 131 46 81 132 47 82 133 1095 83 134 36 84 135 1051 85 136 1047 86 137 25 87 138 1007 88 139 1003 89 140 44 90 141 45 91 142 1087 92 143 34 93 144 1043 94 145 1039 95 146 23 96 147 999 97 148 995 98 149 43 99 150 1079 100 151 1075 101 152 21 102 153 991 103 154 987 104 155 32 105 156 1035 106 157 1031 107 158 40 108 159 41 109 160 1071 110 161 19 111 162 983 112 163 979 113 164 30 114 165 1027 115 166 1023 116 167 39 117 168 1063 118 169 1059 77 170 47 82 171 1228 119 172 977 120 173 28 121 174 1019 122 175 1015 79 176 981 123 177 1108 71 178 1099 124 179 36 84 180 37 75 181 1055 125 182 25 87 183 26 126 184 1011 80 185 45 91 186 46 81 187 1091 127 188 35 128 189 1047 86 190 1043 94 191 24 129 192 1003 89 193 999 97 194 43 99 195 44 90 196 1083 130 197 32 105 198 33 131 199 1039 95 200 21 102 201 22 132 202 995 98 203 41 109 204 42 133 205 1075 101 206 20 134 207 987 104 208 983 112 209 31 135 210 1031 107 211 1027 115 212 39 117 213 40 108 214 1067 136 215 17 54 216 18 137 217 979 113 218 29 138 219 1023 116 220 1019 122 221 50 139 222 49 140 223 52 141 224 972 142 225 970 143 226 54 144 227 55 145 228 982 146 229 980 147 230 57 148 231 986 149 232 984 150 233 990 151 234 988 152 235 60 153 236 61 154 237 994 155 238 992 156 239 998 157 240 996 158 241 64 159 242 1002 160 243 1000 161 244 66 162 245 1006 163 246 1004 164 247 68 165 248 1010 166 249 1008 167 250 70 168 251 1014 169 252 1012 170 253 72 171 254 73 172 255 1018 173 256 1016 174 257 1022 175 258 1020 176 259 76 177 260 77 178 261 1026 179 262 1024 180 263 79 181 264 1030 182 265 1028 183 266 81 184 267 1034 185 268 1032 186 269 83 187 270 1038 188 271 1036 189 272 1042 190 273 1040 191 274 86 192 275 1046 193 276 1044 194 277 88 195 278 89 196 279 1050 197 280 1048 198 281 1054 199 282 1052 200 283 92 201 284 93 202 285 1058 203 286 1056 204 287 95 205 288 1062 206 289 1060 207 290 97 208 291 1066 209 292 1064 210 293 1070 211 294 1068 212 295 100 213 296 101 214 297 1074 215 298 1072 216 299 1078 217 300 1076 218 301 104 219 302 105 220 303 1082 221 304 1080 222 305 1086 223 306 1084 224 307 108 225 308 109 226 309 1090 227 310 1088 228 311 111 229 312 1094 230 313 1092 231 314 1098 232 315 1096 233 316 978 234 317 114 235 318 113 236 319 116 237 320 117 238 321 1101 239 322 1100 240 323 1110 241 324 1109 242 325 120 243 326 1114 244 327 1113 245 328 122 246 329 123 247 330 1118 248 331 1117 249 332 1122 250 333 1121 251 334 126 252 335 1126 253 336 1125 254 337 128 255 338 1130 256 339 1129 257 340 130 258 341 1134 259 342 1133 260 343 132 261 344 1138 262 345 1137 263 346 134 264 347 135 265 348 1142 266 349 1141 267 350 1146 268 351 1145 269 352 138 270 353 139 271 354 1150 272 355 1149 273 356 141 274 357 1154 275 358 1153 276 359 1158 277 360 1157 278 361 144 279 362 1162 280 363 1161 281 364 146 282 365 1166 283 366 1165 284 367 148 285 368 149 286 369 1170 287 370 1169 288 371 151 289 372 1174 290 373 1173 291 374 153 292 375 1178 293 376 1177 294 377 155 295 378 1182 296 379 1181 297 380 1186 298 381 1185 299 382 158 300 383 1190 301 384 1189 302 385 160 303 386 1194 304 387 1193 305 388 162 306 389 1198 307 390 1197 308 391 164 309 392 1202 310 393 1201 311 394 166 312 395 1206 313 396 1205 314 397 168 315 398 1210 316 399 1209 317 400 170 318 401 1214 319 402 1213 320 403 172 321 404 1218 322 405 1217 323 406 174 324 407 1222 325 408 1221 326 409 176 327 410 1226 328 411 1225 329 412 1106 330 413 971 331 414 1099 124 415 1107 332 416 1104 333 417 1102 334 418 48 335 419 1199 336 420 1203 337 421 48 335 422 1111 338 423 1115 339 424 48 335 425 1155 340 426 1159 341 427 48 335 428 1191 342 429 1195 343 430 48 335 431 1147 344 432 1151 345 433 48 335 434 1183 346 435 1187 347 436 48 335 437 1139 348 438 1143 349 439 48 335 440 1219 350 441 1223 351 442 48 335 443 1175 352 444 1179 353 445 48 335 446 1131 354 447 1135 355 448 48 335 449 1211 356 450 1215 357 451 48 335 452 1123 358 453 1127 359 454 48 335 455 1167 360 456 1171 361 457 48 335 458 1203 337 459 1207 362 460 48 335 461 1115 339 462 1119 363 463 48 335 464 1159 341 465 1163 364 466 48 335 467 1195 343 468 1199 336 469 48 335 470 1227 365 471 1104 333 472 48 335 473 1151 345 474 1155 340 475 48 335 476 1102 334 477 1111 338 478 48 335 479 1187 347 480 1191 342 481 48 335 482 1143 349 483 1147 344 484 48 335 485 1223 351 486 1227 365 487 48 335 488 1179 353 489 1183 346 490 48 335 491 1135 355 492 1139 348 493 48 335 494 1215 357 495 1219 350 496 48 335 497 1171 361 498 1175 352 499 48 335 500 1127 359 501 1131 354 502 48 335 503 1207 362 504 1211 356 505 48 335 506 1119 363 507 1123 358 508 48 335 509 1163 364 510 1167 360 511 48 335 512 271 389 540 303 390 541 302 391 542 260 392 543 292 393 544 291 394 545 249 395 546 281 396 547 280 397 548 269 398 549 301 399 550 300 400 551 258 401 552 290 402 553 289 403 554 247 404 555 279 405 556 278 406 557 267 407 558 299 408 559 298 409 560 245 410 561 277 411 562 276 412 563 256 413 564 288 414 565 287 415 566 265 416 567 297 417 568 296 418 569 243 419 570 275 420 571 274 421 572 254 422 573 286 423 574 285 424 575 263 425 576 295 426 577 294 427 578 251 428 579 252 429 580 284 430 581 271 389 582 272 431 583 304 432 584 261 433 585 293 434 586 292 393 587 250 435 588 282 436 589 281 396 590 270 437 591 302 391 592 301 399 593 258 401 594 259 438 595 291 394 596 248 439 597 280 397 598 279 405 599 268 440 600 300 400 601 299 408 602 246 441 603 278 406 604 277 411 605 257 442 606 289 403 607 288 414 608 266 443 609 298 409 610 297 417 611 243 419 612 244 444 613 276 412 614 255 445 615 287 415 616 286 423 617 264 446 618 296 418 619 295 426 620 242 447 621 274 421 622 273 448 623 253 449 624 285 424 625 284 430 626 241 450 627 273 448 628 304 432 629 262 451 630 294 427 631 293 434 632 251 428 633 283 452 634 282 436 635 1259 453 636 1260 454 637 336 455 638 1249 456 639 325 457 640 324 458 641 1238 459 642 314 460 643 313 461 644 1258 462 645 334 463 646 333 464 647 1246 465 648 1247 466 649 323 467 650 1236 468 651 312 469 652 311 470 653 1256 471 654 332 472 655 331 473 656 1234 474 657 310 475 658 309 476 659 1245 477 660 321 478 661 320 479 662 1254 480 663 330 481 664 329 482 665 1231 483 666 1232 484 667 308 485 668 1243 486 669 319 487 670 318 488 671 1251 489 672 1252 490 673 328 491 674 1229 492 675 306 493 676 305 494 677 1241 495 678 317 496 679 316 497 680 1230 498 681 305 494 682 336 455 683 1250 499 684 326 500 685 325 457 686 1238 459 687 1239 501 688 315 502 689 1258 462 690 1259 453 691 335 503 692 1247 466 693 1248 504 694 324 458 695 1237 505 696 313 461 697 312 469 698 1256 471 699 1257 506 700 333 464 701 1246 465 702 322 507 703 321 478 704 1234 474 705 1235 508 706 311 470 707 1254 480 708 1255 509 709 331 473 710 1233 510 711 309 476 712 308 485 713 1243 486 714 1244 511 715 320 479 716 1253 512 717 329 482 718 328 491 719 1229 492 720 1231 483 721 307 513 722 1242 514 723 318 488 724 317 496 725 1250 499 726 1251 489 727 327 515 728 1239 501 729 1240 516 730 316 497 731 338 553 801 339 554 802 340 555 803 342 556 804 338 553 805 337 557 806 338 553 807 343 558 808 344 559 809 340 555 810 339 554 811 345 560 812 347 561 813 348 562 814 342 556 815 342 556 816 349 563 817 343 558 818 350 564 819 351 565 820 344 559 821 344 559 822 352 566 823 345 560 824 346 567 825 345 560 826 353 568 827 355 572 831 349 563 832 342 556 833 356 573 834 350 564 835 343 558 836 357 574 837 358 575 838 351 565 839 344 559 840 351 565 841 359 576 842 345 560 843 352 566 844 360 577 845 353 568 846 361 578 847 362 579 848 363 582 852 356 573 853 349 563 854 364 583 855 357 574 856 350 564 857 365 584 858 366 585 859 358 575 860 358 575 861 367 586 862 359 576 863 359 576 864 368 587 865 360 577 866 353 568 867 360 577 868 369 588 869 361 578 870 370 589 871 371 590 872 364 583 879 372 596 880 365 584 881 365 584 882 373 597 883 374 598 884 366 585 885 375 599 886 367 586 887 359 576 888 367 586 889 376 600 890 368 587 891 377 601 892 369 588 893 361 578 894 369 588 895 378 602 896 371 590 897 370 589 898 379 603 899 374 598 912 381 613 913 375 599 914 375 599 915 382 614 916 376 600 917 376 600 918 383 615 919 377 601 920 369 588 921 377 601 922 384 616 923 370 589 924 378 602 925 385 617 926 380 618 927 379 603 928 386 619 929 434 622 936 428 623 937 493 624 938 381 613 939 389 625 940 382 614 941 376 600 942 382 614 943 390 626 944 377 601 945 383 615 946 391 627 947 384 616 948 392 628 949 385 617 950 385 617 951 393 629 952 386 619 953 386 619 954 394 630 955 395 631 956 388 635 960 396 636 961 389 625 962 382 614 963 389 625 964 397 637 965 390 626 966 398 638 967 391 627 968 391 627 969 399 639 970 392 628 971 392 628 972 400 640 973 393 629 974 393 629 975 401 641 976 394 630 977 394 630 978 402 642 979 403 643 980 396 636 984 404 647 985 397 637 986 397 637 987 405 648 988 398 638 989 391 627 990 398 638 991 406 649 992 392 628 993 399 639 994 407 650 995 393 629 996 400 640 997 408 651 998 394 630 999 401 641 1000 409 652 1001 402 642 1002 410 653 1003 411 654 1004 397 637 1008 404 647 1009 412 657 1010 398 638 1011 405 648 1012 413 658 1013 406 649 1014 414 659 1015 407 650 1016 407 650 1017 415 660 1018 408 651 1019 408 651 1020 416 661 1021 409 652 1022 402 642 1023 409 652 1024 417 662 1025 410 653 1026 418 663 1027 419 664 1028 412 657 1029 420 665 1030 413 658 1031 413 658 1032 421 666 1033 414 659 1034 407 650 1035 414 659 1036 422 667 1037 408 651 1038 415 660 1039 423 668 1040 409 652 1041 416 661 1042 424 669 1043 410 653 1044 417 662 1045 425 670 1046 418 663 1047 426 671 1048 427 672 1049 541 673 1050 420 665 1051 412 657 1052 413 658 1053 420 665 1054 428 623 1055 414 659 1056 421 666 1057 429 674 1058 415 660 1059 422 667 1060 430 675 1061 416 661 1062 423 668 1063 431 676 1064 417 662 1065 424 669 1066 432 677 1067 418 663 1068 425 670 1069 433 678 1070 421 666 1074 428 623 1075 434 622 1076 422 667 1077 429 674 1078 435 682 1079 423 668 1080 430 675 1081 436 683 1082 424 669 1083 431 676 1084 437 684 1085 425 670 1086 432 677 1087 438 685 1088 435 682 1095 439 691 1096 436 683 1097 436 683 1098 440 692 1099 437 684 1100 485 695 1104 404 647 1105 396 636 1106 573 703 1116 433 678 1117 438 685 1118 560 704 1119 364 583 1120 356 573 1121 570 708 1125 427 672 1126 426 671 1127 562 709 1128 372 596 1129 364 583 1130 396 636 1131 388 635 1132 484 710 1133 579 711 1134 439 691 1135 503 712 1136 500 713 1137 438 685 1138 432 677 1139 566 714 1140 373 597 1141 365 584 1142 566 714 1149 372 596 1150 562 709 1151 374 598 1155 373 597 1156 548 719 1157 437 684 1158 440 692 1159 578 720 1160 426 671 1161 433 678 1162 573 703 1163 560 704 1164 363 582 1165 556 721 1166 440 692 1167 436 683 1168 439 691 1169 363 582 1170 355 572 1171 554 722 1172 493 624 1173 428 623 1174 420 665 1175 554 722 1176 355 572 1177 348 562 1178 500 713 1179 575 723 1180 438 685 1181 548 719 1182 373 597 1183 565 724 1184 503 712 1191 435 682 1192 429 674 1193 412 657 1299 404 647 1300 485 695 1301 484 710 1302 388 635 1303 381 613 1304 578 720 1314 440 692 1315 579 711 1316 348 562 1317 347 561 1318 552 802 1319 440 692 1320 439 691 1321 579 711 1322 776 803 1323 782 803 1324 511 803 1325 512 804 1326 511 804 1327 782 804 1328 781 805 1329 778 805 1330 510 805 1331 584 806 1332 583 807 1333 582 808 1334 581 809 1335 582 808 1336 586 810 1337 582 808 1338 583 807 1339 588 811 1340 584 806 1341 590 812 1342 589 813 1343 591 814 1344 585 815 1345 586 810 1346 586 810 1347 582 808 1348 587 816 1349 588 811 1350 595 817 1351 594 818 1352 589 813 1353 596 819 1354 588 811 1355 590 812 1356 598 820 1357 597 821 1358 586 810 1362 593 825 1363 599 826 1364 587 816 1365 594 818 1366 600 827 1367 595 817 1368 602 828 1369 601 829 1370 588 811 1371 596 819 1372 603 830 1373 589 813 1374 597 821 1375 604 831 1376 606 832 1377 605 833 1378 597 821 1379 593 825 1383 600 827 1384 607 836 1385 594 818 1386 601 829 1387 608 837 1388 602 828 1389 610 838 1390 609 839 1391 603 830 1392 611 840 1393 602 828 1394 604 831 1395 612 841 1396 603 830 1397 597 821 1398 605 833 1399 613 842 1400 615 843 1401 614 844 1402 605 833 1403 608 837 1410 601 829 1411 609 839 1412 609 839 1413 610 838 1414 618 850 1415 611 840 1416 619 851 1417 610 838 1418 603 830 1419 612 841 1420 620 852 1421 613 842 1422 621 853 1423 612 841 1424 605 833 1425 614 844 1426 622 854 1427 615 843 1428 624 855 1429 623 856 1430 619 851 1443 625 865 1444 618 850 1445 620 852 1446 626 866 1447 619 851 1448 621 853 1449 627 867 1450 620 852 1451 613 842 1452 622 854 1453 628 868 1454 614 844 1455 623 856 1456 629 869 1457 624 855 1458 631 870 1459 630 871 1460 759 872 1467 672 873 1468 678 874 1469 626 866 1470 633 875 1471 625 865 1472 620 852 1473 627 867 1474 634 876 1475 621 853 1476 628 868 1477 635 877 1478 629 869 1479 636 878 1480 628 868 1481 630 871 1482 637 879 1483 629 869 1484 639 880 1485 638 881 1486 630 871 1487 633 875 1491 640 884 1492 632 885 1493 626 866 1494 634 876 1495 641 886 1496 635 877 1497 642 887 1498 634 876 1499 636 878 1500 643 888 1501 635 877 1502 637 879 1503 644 889 1504 636 878 1505 638 881 1506 645 890 1507 637 879 1508 647 891 1509 646 892 1510 638 881 1511 641 886 1515 648 896 1516 640 884 1517 642 887 1518 649 897 1519 641 886 1520 635 877 1521 643 888 1522 650 898 1523 636 878 1524 644 889 1525 651 899 1526 637 879 1527 645 890 1528 652 900 1529 638 881 1530 646 892 1531 653 901 1532 655 902 1533 654 903 1534 646 892 1535 641 886 1539 649 897 1540 656 905 1541 642 887 1542 650 898 1543 657 906 1544 651 899 1545 658 907 1546 650 898 1547 652 900 1548 659 908 1549 651 899 1550 653 901 1551 660 909 1552 652 900 1553 646 892 1554 654 903 1555 661 910 1556 663 911 1557 662 912 1558 654 903 1559 657 906 1560 664 913 1561 656 905 1562 658 907 1563 665 914 1564 657 906 1565 651 899 1566 659 908 1567 666 915 1568 652 900 1569 660 909 1570 667 916 1571 653 901 1572 661 910 1573 668 917 1574 654 903 1575 662 912 1576 669 918 1577 671 919 1578 670 920 1579 662 912 1580 811 921 1581 656 905 1582 664 913 1583 657 906 1584 665 914 1585 672 873 1586 658 907 1587 666 915 1588 673 922 1589 659 908 1590 667 916 1591 674 923 1592 660 909 1593 668 917 1594 675 924 1595 661 910 1596 669 918 1597 676 925 1598 662 912 1599 670 920 1600 677 926 1601 665 914 1605 673 922 1606 678 874 1607 666 915 1608 674 923 1609 679 930 1610 667 916 1611 675 924 1612 680 931 1613 668 917 1614 676 925 1615 681 932 1616 669 918 1617 677 926 1618 682 933 1619 680 931 1626 683 939 1627 679 930 1628 681 932 1629 684 940 1630 680 931 1631 751 943 1635 640 884 1636 648 896 1637 843 951 1647 845 952 1648 682 933 1649 608 837 1650 830 953 1651 600 827 1652 840 957 1656 841 958 1657 670 920 1658 832 959 1659 829 960 1660 608 837 1661 750 961 1662 632 885 1663 640 884 1664 849 962 1665 769 963 1666 683 939 1667 766 964 1668 681 932 1669 676 925 1670 617 965 1671 836 966 1672 609 839 1673 836 966 1680 832 959 1681 616 968 1682 818 970 1686 617 965 1687 618 850 1688 848 971 1689 684 940 1690 681 932 1691 843 951 1692 677 926 1693 670 920 1694 830 953 1695 826 972 1696 607 836 1697 684 940 1698 683 939 1699 680 931 1700 824 973 1701 599 826 1702 607 836 1703 759 872 1704 811 921 1705 664 913 1706 824 973 1707 821 974 1708 592 975 1709 766 964 1710 682 933 1711 845 952 1712 818 970 1713 835 976 1714 617 965 1715 769 963 1722 678 874 1723 673 922 1724 751 943 1830 648 896 1831 656 905 1832 750 961 1833 618 850 1834 625 865 1835 848 971 1845 849 962 1846 684 940 1847 822 1035 1848 591 814 1849 592 975 1850 684 940 1851 849 962 1852 683 939 1853 779 1036 1854 782 1036 1855 776 1036 1856 782 1037 1857 779 1037 1858 780 1037 1859 777 1038 1860 778 1038 1861 781 1038 1862 1053 61 2157 1057 11 2158 1180 13 2159 1009 62 2160 1013 14 2161 1136 16 2162 1089 63 2163 1093 17 2164 1216 19 2165 1045 64 2166 1049 20 2167 1172 22 2168 1001 65 2169 1005 23 2170 1128 25 2171 1081 66 2172 1085 26 2173 1208 28 2174 993 67 2175 997 29 2176 1120 31 2177 1037 68 2178 1041 32 2179 1164 34 2180 1073 69 2181 1077 35 2182 1200 37 2183 985 70 2184 989 38 2185 1112 40 2186 1029 72 2187 1033 41 2188 1156 43 2189 1065 73 2190 1069 44 2191 1192 46 2192 1097 60 2193 973 47 2194 1224 49 2195 1021 74 2196 1025 50 2197 1148 52 2198 976 1137 2199 16 53 2200 969 55 2201 1057 11 2202 1061 56 2203 1184 12 2204 1013 14 2205 1017 58 2206 1140 15 2207 1093 17 2208 1097 60 2209 1220 18 2210 1049 20 2211 1053 61 2212 1176 21 2213 1005 23 2214 1009 62 2215 1132 24 2216 1085 26 2217 1089 63 2218 1212 27 2219 1041 32 2220 1045 64 2221 1168 33 2222 997 29 2223 1001 65 2224 1124 30 2225 1077 35 2226 1081 66 2227 1204 36 2228 989 38 2229 993 67 2230 1116 39 2231 1033 41 2232 1037 68 2233 1160 42 2234 1069 44 2235 1073 69 2236 1196 45 2237 981 123 2238 985 70 2239 1108 71 2240 1025 50 2241 1029 72 2242 1152 51 2243 1061 56 2244 1065 73 2245 1188 57 2246 1017 58 2247 1021 74 2248 1144 59 2249 1055 125 2250 37 75 2251 1059 77 2252 26 126 2253 27 78 2254 1011 80 2255 1091 127 2256 46 81 2257 1095 83 2258 35 128 2259 36 84 2260 1047 86 2261 24 129 2262 25 87 2263 1003 89 2264 1083 130 2265 44 90 2266 1087 92 2267 33 131 2268 34 93 2269 1039 95 2270 22 132 2271 23 96 2272 995 98 2273 42 133 2274 43 99 2275 1075 101 2276 20 134 2277 21 102 2278 987 104 2279 31 135 2280 32 105 2281 1031 107 2282 1067 136 2283 40 108 2284 1071 110 2285 18 137 2286 19 111 2287 979 113 2288 29 138 2289 30 114 2290 1023 116 2291 38 76 2292 39 117 2293 1059 77 2294 1095 83 2295 47 82 2296 977 120 2297 27 78 2298 28 121 2299 1015 79 2300 971 331 2301 981 123 2302 1099 124 2303 1051 85 2304 36 84 2305 1055 125 2306 1007 88 2307 25 87 2308 1011 80 2309 1087 92 2310 45 91 2311 1091 127 2312 34 93 2313 35 128 2314 1043 94 2315 23 96 2316 24 129 2317 999 97 2318 1079 100 2319 43 99 2320 1083 130 2321 1035 106 2322 32 105 2323 1039 95 2324 991 103 2325 21 102 2326 995 98 2327 1071 110 2328 41 109 2329 1075 101 2330 19 111 2331 20 134 2332 983 112 2333 30 114 2334 31 135 2335 1027 115 2336 1063 118 2337 39 117 2338 1067 136 2339 969 55 2340 17 54 2341 979 113 2342 28 121 2343 29 138 2344 1019 122 2345 51 1138 2346 50 139 2347 52 141 2348 53 1139 2349 972 142 2350 54 144 2351 56 1140 2352 55 145 2353 980 147 2354 58 1141 2355 57 148 2356 984 150 2357 59 1142 2358 990 151 2359 60 153 2360 62 1143 2361 61 154 2362 992 156 2363 63 1144 2364 998 157 2365 64 159 2366 65 1145 2367 1002 160 2368 66 162 2369 67 1146 2370 1006 163 2371 68 165 2372 69 1147 2373 1010 166 2374 70 168 2375 71 1148 2376 1014 169 2377 72 171 2378 74 1149 2379 73 172 2380 1016 174 2381 75 1150 2382 1022 175 2383 76 177 2384 78 1151 2385 77 178 2386 1024 180 2387 80 1152 2388 79 181 2389 1028 183 2390 82 1153 2391 81 184 2392 1032 186 2393 84 1154 2394 83 187 2395 1036 189 2396 85 1155 2397 1042 190 2398 86 192 2399 87 1156 2400 1046 193 2401 88 195 2402 90 1157 2403 89 196 2404 1048 198 2405 91 1158 2406 1054 199 2407 92 201 2408 94 1159 2409 93 202 2410 1056 204 2411 96 1160 2412 95 205 2413 1060 207 2414 98 1161 2415 97 208 2416 1064 210 2417 99 1162 2418 1070 211 2419 100 213 2420 102 1163 2421 101 214 2422 1072 216 2423 103 1164 2424 1078 217 2425 104 219 2426 106 1165 2427 105 220 2428 1080 222 2429 107 1166 2430 1086 223 2431 108 225 2432 110 1167 2433 109 226 2434 1088 228 2435 112 1168 2436 111 229 2437 1092 231 2438 975 1169 2439 1098 232 2440 978 234 2441 115 1170 2442 114 235 2443 116 237 2444 118 1171 2445 117 238 2446 1100 240 2447 119 1172 2448 1110 241 2449 120 243 2450 121 1173 2451 1114 244 2452 122 246 2453 124 1174 2454 123 247 2455 1117 249 2456 125 1175 2457 1122 250 2458 126 252 2459 127 1176 2460 1126 253 2461 128 255 2462 129 1177 2463 1130 256 2464 130 258 2465 131 1178 2466 1134 259 2467 132 261 2468 133 1179 2469 1138 262 2470 134 264 2471 136 1180 2472 135 265 2473 1141 267 2474 137 1181 2475 1146 268 2476 138 270 2477 140 1182 2478 139 271 2479 1149 273 2480 142 1183 2481 141 274 2482 1153 276 2483 143 1184 2484 1158 277 2485 144 279 2486 145 1185 2487 1162 280 2488 146 282 2489 147 1186 2490 1166 283 2491 148 285 2492 150 1187 2493 149 286 2494 1169 288 2495 152 1188 2496 151 289 2497 1173 291 2498 154 1189 2499 153 292 2500 1177 294 2501 156 1190 2502 155 295 2503 1181 297 2504 157 1191 2505 1186 298 2506 158 300 2507 159 1192 2508 1190 301 2509 160 303 2510 161 1193 2511 1194 304 2512 162 306 2513 163 1194 2514 1198 307 2515 164 309 2516 165 1195 2517 1202 310 2518 166 312 2519 167 1196 2520 1206 313 2521 168 315 2522 169 1197 2523 1210 316 2524 170 318 2525 171 1198 2526 1214 319 2527 172 321 2528 173 1199 2529 1218 322 2530 174 324 2531 175 1200 2532 1222 325 2533 176 327 2534 1103 1201 2535 1226 328 2536 1106 330 2537 974 1202 2538 971 331 2539 1107 332 2540 270 437 2568 271 389 2569 302 391 2570 259 438 2571 260 392 2572 291 394 2573 248 439 2574 249 395 2575 280 397 2576 268 440 2577 269 398 2578 300 400 2579 257 442 2580 258 401 2581 289 403 2582 246 441 2583 247 404 2584 278 406 2585 266 443 2586 267 407 2587 298 409 2588 244 444 2589 245 410 2590 276 412 2591 255 445 2592 256 413 2593 287 415 2594 264 446 2595 265 416 2596 296 418 2597 242 447 2598 243 419 2599 274 421 2600 253 449 2601 254 422 2602 285 424 2603 262 451 2604 263 425 2605 294 427 2606 283 452 2607 251 428 2608 284 430 2609 303 390 2610 271 389 2611 304 432 2612 260 392 2613 261 433 2614 292 393 2615 249 395 2616 250 435 2617 281 396 2618 269 398 2619 270 437 2620 301 399 2621 290 402 2622 258 401 2623 291 394 2624 247 404 2625 248 439 2626 279 405 2627 267 407 2628 268 440 2629 299 408 2630 245 410 2631 246 441 2632 277 411 2633 256 413 2634 257 442 2635 288 414 2636 265 416 2637 266 443 2638 297 417 2639 275 420 2640 243 419 2641 276 412 2642 254 422 2643 255 445 2644 286 423 2645 263 425 2646 264 446 2647 295 426 2648 241 450 2649 242 447 2650 273 448 2651 252 429 2652 253 449 2653 284 430 2654 272 431 2655 241 450 2656 304 432 2657 261 433 2658 262 451 2659 293 434 2660 250 435 2661 251 428 2662 282 436 2663 335 503 2664 1259 453 2665 336 455 2666 1248 504 2667 1249 456 2668 324 458 2669 1237 505 2670 1238 459 2671 313 461 2672 1257 506 2673 1258 462 2674 333 464 2675 322 507 2676 1246 465 2677 323 467 2678 1235 508 2679 1236 468 2680 311 470 2681 1255 509 2682 1256 471 2683 331 473 2684 1233 510 2685 1234 474 2686 309 476 2687 1244 511 2688 1245 477 2689 320 479 2690 1253 512 2691 1254 480 2692 329 482 2693 307 513 2694 1231 483 2695 308 485 2696 1242 514 2697 1243 486 2698 318 488 2699 327 515 2700 1251 489 2701 328 491 2702 1230 498 2703 1229 492 2704 305 494 2705 1240 516 2706 1241 495 2707 316 497 2708 1260 454 2709 1230 498 2710 336 455 2711 1249 456 2712 1250 499 2713 325 457 2714 314 460 2715 1238 459 2716 315 502 2717 334 463 2718 1258 462 2719 335 503 2720 323 467 2721 1247 466 2722 324 458 2723 1236 468 2724 1237 505 2725 312 469 2726 332 472 2727 1256 471 2728 333 464 2729 1245 477 2730 1246 465 2731 321 478 2732 310 475 2733 1234 474 2734 311 470 2735 330 481 2736 1254 480 2737 331 473 2738 1232 484 2739 1233 510 2740 308 485 2741 319 487 2742 1243 486 2743 320 479 2744 1252 490 2745 1253 512 2746 328 491 2747 306 493 2748 1229 492 2749 307 513 2750 1241 495 2751 1242 514 2752 317 496 2753 326 500 2754 1250 499 2755 327 515 2756 315 502 2757 1239 501 2758 316 497 2759 337 557 2829 338 553 2830 340 555 2831 341 1208 2832 342 556 2833 337 557 2834 339 554 2835 338 553 2836 344 559 2837 346 567 2838 340 555 2839 345 560 2840 341 1208 2841 347 561 2842 342 556 2843 338 553 2844 342 556 2845 343 558 2846 343 558 2847 350 564 2848 344 559 2849 339 554 2850 344 559 2851 345 560 2852 354 1209 2853 346 567 2854 353 568 2855 348 562 2859 355 572 2860 342 556 2861 349 563 2862 356 573 2863 343 558 2864 350 564 2865 357 574 2866 351 565 2867 352 566 2868 344 559 2869 359 576 2870 353 568 2871 345 560 2872 360 577 2873 354 1209 2874 353 568 2875 362 579 2876 355 572 2880 363 582 2881 349 563 2882 356 573 2883 364 583 2884 350 564 2885 357 574 2886 365 584 2887 358 575 2888 351 565 2889 358 575 2890 359 576 2891 352 566 2892 359 576 2893 360 577 2894 361 578 2895 353 568 2896 369 588 2897 362 579 2898 361 578 2899 371 590 2900 357 574 2907 364 583 2908 365 584 2909 366 585 2910 365 584 2911 374 598 2912 358 575 2913 366 585 2914 367 586 2915 368 587 2916 359 576 2917 376 600 2918 360 577 2919 368 587 2920 369 588 2921 370 589 2922 361 578 2923 378 602 2924 380 618 2925 371 590 2926 379 603 2927 366 585 2940 374 598 2941 375 599 2942 367 586 2943 375 599 2944 376 600 2945 368 587 2946 376 600 2947 377 601 2948 378 602 2949 369 588 2950 384 616 2951 379 603 2952 370 589 2953 385 617 2954 387 1211 2955 380 618 2956 386 619 2957 498 1212 2964 434 622 2965 493 624 2966 375 599 2967 381 613 2968 382 614 2969 383 615 2970 376 600 2971 390 626 2972 384 616 2973 377 601 2974 391 627 2975 378 602 2976 384 616 2977 385 617 2978 379 603 2979 385 617 2980 386 619 2981 387 1211 2982 386 619 2983 395 631 2984 381 613 2988 388 635 2989 389 625 2990 390 626 2991 382 614 2992 397 637 2993 383 615 2994 390 626 2995 391 627 2996 384 616 2997 391 627 2998 392 628 2999 385 617 3000 392 628 3001 393 629 3002 386 619 3003 393 629 3004 394 630 3005 395 631 3006 394 630 3007 403 643 3008 389 625 3012 396 636 3013 397 637 3014 390 626 3015 397 637 3016 398 638 3017 399 639 3018 391 627 3019 406 649 3020 400 640 3021 392 628 3022 407 650 3023 401 641 3024 393 629 3025 408 651 3026 402 642 3027 394 630 3028 409 652 3029 403 643 3030 402 642 3031 411 654 3032 405 648 3036 397 637 3037 412 657 3038 406 649 3039 398 638 3040 413 658 3041 399 639 3042 406 649 3043 407 650 3044 400 640 3045 407 650 3046 408 651 3047 401 641 3048 408 651 3049 409 652 3050 410 653 3051 402 642 3052 417 662 3053 411 654 3054 410 653 3055 419 664 3056 405 648 3057 412 657 3058 413 658 3059 406 649 3060 413 658 3061 414 659 3062 415 660 3063 407 650 3064 422 667 3065 416 661 3066 408 651 3067 423 668 3068 417 662 3069 409 652 3070 424 669 3071 418 663 3072 410 653 3073 425 670 3074 419 664 3075 418 663 3076 427 672 3077 421 666 3078 413 658 3079 428 623 3080 422 667 3081 414 659 3082 429 674 3083 423 668 3084 415 660 3085 430 675 3086 424 669 3087 416 661 3088 431 676 3089 425 670 3090 417 662 3091 432 677 3092 426 671 3093 418 663 3094 433 678 3095 429 674 3099 421 666 3100 434 622 3101 430 675 3102 422 667 3103 435 682 3104 431 676 3105 423 668 3106 436 683 3107 432 677 3108 424 669 3109 437 684 3110 433 678 3111 425 670 3112 438 685 3113 430 675 3120 435 682 3121 436 683 3122 431 676 3123 436 683 3124 437 684 3125 575 723 3138 573 703 3139 438 685 3140 364 583 3141 560 704 3142 559 1215 3143 560 704 3144 356 573 3145 363 582 3146 571 1216 3150 570 708 3151 426 671 3152 559 1215 3153 562 709 3154 364 583 3155 485 695 3156 396 636 3157 484 710 3158 437 684 3159 500 713 3160 432 677 3161 373 597 3162 566 714 3163 565 724 3164 566 714 3165 365 584 3166 372 596 3167 484 710 3177 374 598 3178 548 719 3179 500 713 3180 437 684 3181 578 720 3182 571 1216 3183 426 671 3184 573 703 3185 556 721 3186 363 582 3187 554 722 3188 541 673 3189 493 624 3190 420 665 3191 551 1217 3192 554 722 3193 348 562 3194 434 622 3201 498 1212 3202 503 712 3203 503 712 3204 429 674 3205 434 622 3206 503 712 3207 439 691 3208 435 682 3209 541 673 3318 412 657 3319 485 695 3320 374 598 3321 484 710 3322 381 613 3323 551 1217 3333 348 562 3334 552 802 3335 509 1220 3336 776 1220 3337 511 1220 3338 781 1221 3339 512 1221 3340 782 1221 3341 512 1222 3342 781 1222 3343 510 1222 3344 581 809 3345 584 806 3346 582 808 3347 585 815 3348 581 809 3349 586 810 3350 587 816 3351 582 808 3352 588 811 3353 583 807 3354 584 806 3355 589 813 3356 592 975 3357 591 814 3358 586 810 3359 593 825 3360 586 810 3361 587 816 3362 587 816 3363 588 811 3364 594 818 3365 583 807 3366 589 813 3367 588 811 3368 589 813 3369 590 812 3370 597 821 3371 592 975 3375 586 810 3376 599 826 3377 593 825 3378 587 816 3379 600 827 3380 594 818 3381 595 817 3382 601 829 3383 595 817 3384 588 811 3385 603 830 3386 596 819 3387 589 813 3388 604 831 3389 598 820 3390 606 832 3391 597 821 3392 599 826 3396 593 825 3397 607 836 3398 600 827 3399 594 818 3400 608 837 3401 601 829 3402 602 828 3403 609 839 3404 595 817 3405 603 830 3406 602 828 3407 596 819 3408 604 831 3409 603 830 3410 604 831 3411 597 821 3412 613 842 3413 606 832 3414 615 843 3415 605 833 3416 616 968 3423 608 837 3424 609 839 3425 617 965 3426 609 839 3427 618 850 3428 602 828 3429 611 840 3430 610 838 3431 611 840 3432 603 830 3433 620 852 3434 604 831 3435 613 842 3436 612 841 3437 613 842 3438 605 833 3439 622 854 3440 614 844 3441 615 843 3442 623 856 3443 610 838 3456 619 851 3457 618 850 3458 611 840 3459 620 852 3460 619 851 3461 612 841 3462 621 853 3463 620 852 3464 621 853 3465 613 842 3466 628 868 3467 622 854 3468 614 844 3469 629 869 3470 623 856 3471 624 855 3472 630 871 3473 764 1226 3480 759 872 3481 678 874 3482 619 851 3483 626 866 3484 625 865 3485 626 866 3486 620 852 3487 634 876 3488 627 867 3489 621 853 3490 635 877 3491 622 854 3492 629 869 3493 628 868 3494 623 856 3495 630 871 3496 629 869 3497 631 870 3498 639 880 3499 630 871 3500 625 865 3504 633 875 3505 632 885 3506 633 875 3507 626 866 3508 641 886 3509 627 867 3510 635 877 3511 634 876 3512 628 868 3513 636 878 3514 635 877 3515 629 869 3516 637 879 3517 636 878 3518 630 871 3519 638 881 3520 637 879 3521 639 880 3522 647 891 3523 638 881 3524 633 875 3528 641 886 3529 640 884 3530 634 876 3531 642 887 3532 641 886 3533 642 887 3534 635 877 3535 650 898 3536 643 888 3537 636 878 3538 651 899 3539 644 889 3540 637 879 3541 652 900 3542 645 890 3543 638 881 3544 653 901 3545 647 891 3546 655 902 3547 646 892 3548 648 896 3552 641 886 3553 656 905 3554 649 897 3555 642 887 3556 657 906 3557 643 888 3558 651 899 3559 650 898 3560 644 889 3561 652 900 3562 651 899 3563 645 890 3564 653 901 3565 652 900 3566 653 901 3567 646 892 3568 661 910 3569 655 902 3570 663 911 3571 654 903 3572 649 897 3573 657 906 3574 656 905 3575 650 898 3576 658 907 3577 657 906 3578 658 907 3579 651 899 3580 666 915 3581 659 908 3582 652 900 3583 667 916 3584 660 909 3585 653 901 3586 668 917 3587 661 910 3588 654 903 3589 669 918 3590 663 911 3591 671 919 3592 662 912 3593 664 913 3594 657 906 3595 672 873 3596 665 914 3597 658 907 3598 673 922 3599 666 915 3600 659 908 3601 674 923 3602 667 916 3603 660 909 3604 675 924 3605 668 917 3606 661 910 3607 676 925 3608 669 918 3609 662 912 3610 677 926 3611 672 873 3615 665 914 3616 678 874 3617 673 922 3618 666 915 3619 679 930 3620 674 923 3621 667 916 3622 680 931 3623 675 924 3624 668 917 3625 681 932 3626 676 925 3627 669 918 3628 682 933 3629 674 923 3636 680 931 3637 679 930 3638 675 924 3639 681 932 3640 680 931 3641 677 926 3654 843 951 3655 682 933 3656 830 953 3657 608 837 3658 829 960 3659 830 953 3660 607 836 3661 600 827 3662 671 919 3666 840 957 3667 670 920 3668 616 968 3669 832 959 3670 608 837 3671 751 943 3672 750 961 3673 640 884 3674 682 933 3675 766 964 3676 676 925 3677 836 966 3678 617 965 3679 835 976 3680 836 966 3681 616 968 3682 609 839 3683 750 961 3693 818 970 3694 618 850 3695 766 964 3696 848 971 3697 681 932 3698 841 958 3699 843 951 3700 670 920 3701 826 972 3702 824 973 3703 607 836 3704 672 873 3705 759 872 3706 664 913 3707 599 826 3708 824 973 3709 592 975 3710 679 930 3717 683 939 3718 769 963 3719 769 963 3720 673 922 3721 679 930 3722 769 963 3723 764 1226 3724 678 874 3725 811 921 3834 751 943 3835 656 905 3836 632 885 3837 750 961 3838 625 865 3839 821 974 3849 822 1035 3850 592 975 3851 775 1233 3852 779 1233 3853 776 1233 3854 781 1234 3855 782 1234 3856 780 1234 3857 780 1235 3858 777 1235 3859 781 1235 3860</p>
        </polylist>
        <polylist material="ind_bld__2__bricks-material" count="84">
          <input semantic="VERTEX" source="#ind_bld_a300-mesh-vertices" offset="0"/>
          <input semantic="NORMAL" source="#ind_bld_a300-mesh-normals" offset="1"/>
          <input semantic="TEXCOORD" source="#ind_bld_a300-mesh-map-0" offset="2" set="0"/>
          <vcount>3 3 3 3 3 3 3 3 3 3 3 3 3 3 3 3 3 3 3 3 3 3 3 3 3 3 3 3 3 3 3 3 3 3 3 3 3 3 3 3 3 3 3 3 3 3 3 3 3 3 3 3 3 3 3 3 3 3 3 3 3 3 3 3 3 3 3 3 3 3 3 3 3 3 3 3 3 3 3 3 3 3 3 3 </vcount>
          <p>955 0 0 968 0 1 1 0 2 965 1 3 8 1 4 943 1 5 949 2 6 961 2 7 10 2 8 4 3 9 5 3 10 6 3 11 11 4 12 12 4 13 13 4 14 950 5 15 946 5 16 3 5 17 963 6 18 7 6 19 947 6 20 959 7 21 957 7 22 15 7 23 967 8 24 9 8 25 956 8 26 945 9 27 951 9 28 954 9 29 964 10 30 0 10 31 962 10 32 239 366 513 238 367 514 206 368 515 185 369 516 217 370 517 216 371 518 205 372 519 237 373 520 236 374 521 203 375 522 235 376 523 234 377 524 179 378 525 211 379 526 210 380 527 199 381 528 231 382 529 230 383 530 204 384 531 236 374 532 235 376 533 202 385 534 234 377 535 233 386 536 178 387 537 210 380 538 209 388 539 226 517 732 225 518 733 193 519 734 215 520 735 214 521 736 182 522 737 213 523 738 212 524 739 180 525 740 222 526 741 221 527 742 189 528 743 240 529 744 239 366 745 207 530 746 214 521 747 213 523 748 181 531 749 225 518 750 224 532 751 192 533 752 219 534 753 218 535 754 186 536 755 177 537 756 209 388 757 240 529 758 196 538 759 228 539 760 227 540 761 192 533 762 224 532 763 223 541 764 201 542 765 233 386 766 232 543 767 188 544 768 220 545 769 219 534 770 197 546 771 229 547 772 228 539 773 186 536 774 218 535 775 217 370 776 206 368 777 238 367 778 237 373 779 195 548 780 227 540 781 226 517 782 184 549 783 216 371 784 215 520 785 180 525 786 212 524 787 211 379 788 191 550 789 223 541 790 222 526 791 200 551 792 232 543 793 231 382 794 189 528 795 221 527 796 220 545 797 198 552 798 230 383 799 229 547 800 966 1128 2130 955 1128 2131 1 1128 2132 958 1129 2133 965 1129 2134 943 1129 2135 952 1130 2136 949 1130 2137 10 1130 2138 2 1131 2139 950 1131 2140 3 1131 2141 944 1132 2142 963 1132 2143 947 1132 2144 14 1133 2145 959 1133 2146 15 1133 2147 953 1134 2148 967 1134 2149 956 1134 2150 960 1135 2151 945 1135 2152 954 1135 2153 948 1136 2154 964 1136 2155 962 1136 2156 207 530 2541 239 366 2542 206 368 2543 184 549 2544 185 369 2545 216 371 2546 204 384 2547 205 372 2548 236 374 2549 202 385 2550 203 375 2551 234 377 2552 178 387 2553 179 378 2554 210 380 2555 198 552 2556 199 381 2557 230 383 2558 203 375 2559 204 384 2560 235 376 2561 201 542 2562 202 385 2563 233 386 2564 177 537 2565 178 387 2566 209 388 2567 194 1203 2760 226 517 2761 193 519 2762 183 1204 2763 215 520 2764 182 522 2765 181 531 2766 213 523 2767 180 525 2768 190 1205 2769 222 526 2770 189 528 2771 208 1206 2772 240 529 2773 207 530 2774 182 522 2775 214 521 2776 181 531 2777 193 519 2778 225 518 2779 192 533 2780 187 1207 2781 219 534 2782 186 536 2783 208 1206 2784 177 537 2785 240 529 2786 195 548 2787 196 538 2788 227 540 2789 191 550 2790 192 533 2791 223 541 2792 200 551 2793 201 542 2794 232 543 2795 187 1207 2796 188 544 2797 219 534 2798 196 538 2799 197 546 2800 228 539 2801 185 369 2802 186 536 2803 217 370 2804 205 372 2805 206 368 2806 237 373 2807 194 1203 2808 195 548 2809 226 517 2810 183 1204 2811 184 549 2812 215 520 2813 179 378 2814 180 525 2815 211 379 2816 190 1205 2817 191 550 2818 222 526 2819 199 381 2820 200 551 2821 231 382 2822 188 544 2823 189 528 2824 220 545 2825 197 546 2826 198 552 2827 229 547 2828</p>
        </polylist>
        <polylist material="jri_port_edge-material" count="258">
          <input semantic="VERTEX" source="#ind_bld_a300-mesh-vertices" offset="0"/>
          <input semantic="NORMAL" source="#ind_bld_a300-mesh-normals" offset="1"/>
          <input semantic="TEXCOORD" source="#ind_bld_a300-mesh-map-0" offset="2" set="0"/>
          <vcount>3 3 3 3 3 3 3 3 3 3 3 3 3 3 3 3 3 3 3 3 3 3 3 3 3 3 3 3 3 3 3 3 3 3 3 3 3 3 3 3 3 3 3 3 3 3 3 3 3 3 3 3 3 3 3 3 3 3 3 3 3 3 3 3 3 3 3 3 3 3 3 3 3 3 3 3 3 3 3 3 3 3 3 3 3 3 3 3 3 3 3 3 3 3 3 3 3 3 3 3 3 3 3 3 3 3 3 3 3 3 3 3 3 3 3 3 3 3 3 3 3 3 3 3 3 3 3 3 3 3 3 3 3 3 3 3 3 3 3 3 3 3 3 3 3 3 3 3 3 3 3 3 3 3 3 3 3 3 3 3 3 3 3 3 3 3 3 3 3 3 3 3 3 3 3 3 3 3 3 3 3 3 3 3 3 3 3 3 3 3 3 3 3 3 3 3 3 3 3 3 3 3 3 3 3 3 3 3 3 3 3 3 3 3 3 3 3 3 3 3 3 3 3 3 3 3 3 3 3 3 3 3 3 3 3 3 3 3 3 3 3 3 3 3 3 3 3 3 3 3 3 3 3 3 3 3 3 3 </vcount>
          <p>549 569 828 442 570 829 441 571 830 464 580 849 441 571 850 443 581 851 468 591 873 443 581 874 444 592 875 557 593 876 446 594 877 445 595 878 557 593 900 470 604 901 444 592 902 476 605 903 472 606 904 445 595 905 563 607 906 449 608 907 448 609 908 567 610 909 451 611 910 450 612 911 476 605 930 447 620 931 449 608 932 567 610 933 478 621 934 448 609 935 721 632 957 455 633 958 452 634 959 527 644 981 545 645 982 494 646 983 718 655 1005 452 634 1006 523 656 1007 490 679 1071 568 680 1072 454 681 1073 568 680 1089 572 686 1090 456 687 1091 482 688 1092 481 689 1093 547 690 1094 572 686 1101 574 693 1102 459 694 1103 507 696 1107 462 697 1108 458 698 1109 504 699 1110 460 700 1111 461 701 1112 507 696 1113 505 702 1114 461 701 1115 508 705 1122 506 706 1123 544 707 1124 455 633 1143 721 632 1144 723 715 1145 457 716 1146 723 715 1147 726 717 1148 574 693 1152 576 718 1153 458 698 1154 534 725 1185 725 726 1186 722 727 1187 513 728 1188 708 729 1189 707 730 1190 486 731 1194 488 732 1195 487 733 1196 521 734 1197 714 735 1198 717 736 1199 533 737 1200 722 727 1201 720 738 1202 522 739 1203 717 736 1204 716 740 1205 499 741 1206 501 742 1207 502 743 1208 531 744 1209 720 738 1210 719 745 1211 518 746 1212 711 747 1213 713 748 1214 517 749 1215 712 750 1216 711 747 1217 514 751 1218 707 730 1219 709 752 1220 504 699 1221 497 753 1222 580 754 1223 536 755 1224 724 756 1225 725 726 1226 580 754 1227 497 753 1228 546 757 1229 519 758 1230 713 748 1231 715 759 1232 537 760 1233 726 717 1234 727 761 1235 520 762 1236 715 759 1237 714 735 1238 535 763 1239 728 764 1240 724 756 1241 516 765 1242 710 766 1243 712 750 1244 481 689 1245 486 731 1246 542 767 1247 515 768 1248 709 752 1249 710 766 1250 524 769 1251 526 770 1252 527 644 1253 550 771 1254 463 772 1255 466 773 1256 553 774 1257 467 775 1258 463 772 1259 555 776 1260 469 777 1261 467 775 1262 473 778 1263 558 779 1264 471 780 1265 555 776 1266 473 778 1267 474 781 1268 561 782 1269 475 783 1270 471 780 1271 479 784 1272 564 785 1273 477 786 1274 561 782 1275 479 784 1276 480 787 1277 564 785 1278 482 688 1279 483 788 1280 491 789 1281 569 790 1282 489 791 1283 494 646 1284 545 645 1285 487 733 1286 495 792 1287 491 789 1288 492 793 1289 450 612 1290 540 794 1291 528 795 1292 540 794 1293 539 796 1294 529 797 1295 501 742 1296 495 792 1297 496 798 1298 535 763 1305 538 799 1306 727 761 1307 543 800 1308 499 741 1309 577 801 1310 544 707 1311 506 706 1312 526 770 1313 685 822 1359 686 823 1360 819 824 1361 687 834 1380 685 822 1381 730 835 1382 688 845 1404 687 834 1405 734 846 1406 689 847 1407 690 848 1408 827 849 1409 827 849 1431 690 848 1432 688 845 1433 742 857 1434 691 858 1435 689 847 1436 692 859 1437 693 860 1438 833 861 1439 694 862 1440 695 863 1441 837 864 1442 693 860 1461 691 858 1462 742 857 1463 837 864 1464 695 863 1465 692 859 1466 696 882 1488 699 883 1489 721 632 1490 760 893 1512 815 894 1513 797 895 1514 793 904 1536 696 882 1537 718 655 1538 756 927 1602 697 928 1603 698 929 1604 838 934 1620 698 929 1621 700 935 1622 748 936 1623 749 937 1624 817 938 1625 842 941 1632 700 935 1633 703 942 1634 702 944 1638 706 945 1639 773 946 1640 705 947 1641 704 948 1642 770 949 1643 705 947 1644 771 950 1645 773 946 1646 814 954 1653 772 955 1654 774 956 1655 723 715 1674 721 632 1675 699 883 1676 726 717 1677 723 715 1678 701 967 1679 844 969 1683 703 942 1684 702 944 1685 722 727 1716 725 726 1717 804 977 1718 707 730 1719 708 729 1720 783 978 1721 752 979 1725 812 980 1726 753 981 1727 717 736 1728 714 735 1729 791 982 1730 720 738 1731 722 727 1732 803 983 1733 716 740 1734 717 736 1735 792 984 1736 765 985 1737 847 986 1738 768 987 1739 719 745 1740 720 738 1741 801 988 1742 713 748 1743 711 747 1744 788 989 1745 711 747 1746 712 750 1747 787 990 1748 709 752 1749 707 730 1750 784 991 1751 850 992 1752 763 993 1753 770 949 1754 725 726 1755 724 756 1756 806 994 1757 850 992 1758 809 995 1759 816 996 1760 715 759 1761 713 748 1762 789 997 1763 727 761 1764 726 717 1765 807 998 1766 714 735 1767 715 759 1768 790 999 1769 724 756 1770 728 764 1771 805 1000 1772 712 750 1773 710 766 1774 786 1001 1775 747 1002 1776 817 938 1777 812 980 1778 710 766 1779 709 752 1780 785 1003 1781 794 1004 1782 795 1005 1783 797 895 1784 732 1006 1785 729 1007 1786 820 1008 1787 729 1007 1788 733 1009 1789 823 1010 1790 733 1009 1791 735 1011 1792 825 1012 1793 739 1013 1794 740 1014 1795 737 1015 1796 825 1012 1797 735 1011 1798 740 1014 1799 737 1015 1800 741 1016 1801 831 1017 1802 745 1018 1803 746 1019 1804 743 1020 1805 831 1017 1806 741 1016 1807 746 1019 1808 834 1021 1809 743 1020 1810 749 937 1811 757 1022 1812 758 1023 1813 755 1024 1814 753 981 1815 815 894 1816 760 893 1817 761 1025 1818 762 1026 1819 758 1023 1820 694 862 1821 800 1027 1822 798 1028 1823 810 1029 1824 798 1028 1825 799 1030 1826 767 1031 1827 768 987 1828 762 1026 1829 727 761 1836 808 1032 1837 805 1000 1838 813 1033 1839 774 956 1840 847 986 1841 796 1034 1842 772 955 1843 814 954 1844 464 580 2856 549 569 2857 441 571 2858 468 591 2877 464 580 2878 443 581 2879 470 604 2901 468 591 2902 444 592 2903 472 606 2904 557 593 2905 445 595 2906 446 594 2928 557 593 2929 444 592 2930 447 620 2931 476 605 2932 445 595 2933 478 621 2934 563 607 2935 448 609 2936 530 1210 2937 567 610 2938 450 612 2939 563 607 2958 476 605 2959 449 608 2960 451 611 2961 567 610 2962 448 609 2963 718 655 2985 721 632 2986 452 634 2987 525 1213 3009 527 644 3010 494 646 3011 716 740 3033 718 655 3034 523 656 3035 453 1214 3096 490 679 3097 454 681 3098 454 681 3114 568 680 3115 456 687 3116 483 788 3117 482 688 3118 547 690 3119 456 687 3126 572 686 3127 459 694 3128 576 718 3129 507 696 3130 458 698 3131 505 702 3132 504 699 3133 461 701 3134 462 697 3135 507 696 3136 461 701 3137 543 800 3147 508 705 3148 544 707 3149 457 716 3168 455 633 3169 723 715 3170 537 760 3171 457 716 3172 726 717 3173 459 694 3174 574 693 3175 458 698 3176 533 737 3195 534 725 3196 722 727 3197 514 751 3198 513 728 3199 707 730 3200 542 767 3210 486 731 3211 487 733 3212 522 739 3213 521 734 3214 717 736 3215 531 744 3216 533 737 3217 720 738 3218 523 656 3219 522 739 3220 716 740 3221 577 801 3222 499 741 3223 502 743 3224 532 1218 3225 531 744 3226 719 745 3227 519 758 3228 518 746 3229 713 748 3230 518 746 3231 517 749 3232 711 747 3233 515 768 3234 514 751 3235 709 752 3236 460 700 3237 504 699 3238 580 754 3239 534 725 3240 536 755 3241 725 726 3242 539 796 3243 580 754 3244 546 757 3245 520 762 3246 519 758 3247 715 759 3248 538 799 3249 537 760 3250 727 761 3251 521 734 3252 520 762 3253 714 735 3254 536 755 3255 535 763 3256 724 756 3257 517 749 3258 516 765 3259 712 750 3260 547 690 3261 481 689 3262 542 767 3263 516 765 3264 515 768 3265 710 766 3266 525 1213 3267 524 769 3268 527 644 3269 465 1219 3270 550 771 3271 466 773 3272 550 771 3273 553 774 3274 463 772 3275 553 774 3276 555 776 3277 467 775 3278 474 781 3279 473 778 3280 471 780 3281 469 777 3282 555 776 3283 474 781 3284 558 779 3285 561 782 3286 471 780 3287 480 787 3288 479 784 3289 477 786 3290 475 783 3291 561 782 3292 480 787 3293 477 786 3294 564 785 3295 483 788 3296 492 793 3297 491 789 3298 489 791 3299 488 732 3300 494 646 3301 487 733 3302 496 798 3303 495 792 3304 492 793 3305 530 1210 3306 450 612 3307 528 795 3308 529 797 3309 528 795 3310 540 794 3311 539 796 3312 546 757 3313 529 797 3314 502 743 3315 501 742 3316 496 798 3317 728 764 3324 535 763 3325 727 761 3326 508 705 3327 543 800 3328 577 801 3329 524 769 3330 544 707 3331 526 770 3332 730 835 3372 685 822 3373 819 824 3374 734 846 3393 687 834 3394 730 835 3395 736 1223 3417 688 845 3418 734 846 3419 738 1224 3420 689 847 3421 827 849 3422 736 1223 3444 827 849 3445 688 845 3446 738 1224 3447 742 857 3448 689 847 3449 744 1225 3450 692 859 3451 833 861 3452 800 1027 3453 694 862 3454 837 864 3455 833 861 3474 693 860 3475 742 857 3476 744 1225 3477 837 864 3478 692 859 3479 718 655 3501 696 882 3502 721 632 3503 795 1005 3525 760 893 3526 797 895 3527 716 740 3549 793 904 3550 718 655 3551 838 934 3612 756 927 3613 698 929 3614 842 941 3630 838 934 3631 700 935 3632 747 1002 3633 748 936 3634 817 938 3635 844 969 3642 842 941 3643 703 942 3644 846 1227 3645 702 944 3646 773 946 3647 771 950 3648 705 947 3649 770 949 3650 706 945 3651 705 947 3652 773 946 3653 813 1033 3663 814 954 3664 774 956 3665 701 967 3684 723 715 3685 699 883 3686 807 998 3687 726 717 3688 701 967 3689 846 1227 3690 844 969 3691 702 944 3692 803 983 3711 722 727 3712 804 977 3713 784 991 3714 707 730 3715 783 978 3716 754 1228 3726 752 979 3727 753 981 3728 792 984 3729 717 736 3730 791 982 3731 801 988 3732 720 738 3733 803 983 3734 793 904 3735 716 740 3736 792 984 3737 767 1031 3738 765 985 3739 768 987 3740 802 1229 3741 719 745 3742 801 988 3743 789 997 3744 713 748 3745 788 989 3746 788 989 3747 711 747 3748 787 990 3749 785 1003 3750 709 752 3751 784 991 3752 704 948 3753 850 992 3754 770 949 3755 804 977 3756 725 726 3757 806 994 3758 763 993 3759 850 992 3760 816 996 3761 790 999 3762 715 759 3763 789 997 3764 808 1032 3765 727 761 3766 807 998 3767 791 982 3768 714 735 3769 790 999 3770 806 994 3771 724 756 3772 805 1000 3773 787 990 3774 712 750 3775 786 1001 3776 752 979 3777 747 1002 3778 812 980 3779 786 1001 3780 710 766 3781 785 1003 3782 796 1034 3783 794 1004 3784 797 895 3785 731 1230 3786 732 1006 3787 820 1008 3788 820 1008 3789 729 1007 3790 823 1010 3791 823 1010 3792 733 1009 3793 825 1012 3794 828 1231 3795 739 1013 3796 737 1015 3797 739 1013 3798 825 1012 3799 740 1014 3800 828 1231 3801 737 1015 3802 831 1017 3803 834 1021 3804 745 1018 3805 743 1020 3806 745 1018 3807 831 1017 3808 746 1019 3809 748 936 3810 834 1021 3811 749 937 3812 839 1232 3813 757 1022 3814 755 1024 3815 754 1228 3816 753 981 3817 760 893 3818 757 1022 3819 761 1025 3820 758 1023 3821 810 1029 3822 694 862 3823 798 1028 3824 799 1030 3825 809 995 3826 810 1029 3827 809 995 3828 799 1030 3829 816 996 3830 761 1025 3831 767 1031 3832 762 1026 3833 728 764 3840 727 761 3841 805 1000 3842 765 985 3843 813 1033 3844 847 986 3845 794 1004 3846 796 1034 3847 814 954 3848</p>
        </polylist>
        <polylist material="eca_bld_commercial_doors-material" count="170">
          <input semantic="VERTEX" source="#ind_bld_a300-mesh-vertices" offset="0"/>
          <input semantic="NORMAL" source="#ind_bld_a300-mesh-normals" offset="1"/>
          <input semantic="TEXCOORD" source="#ind_bld_a300-mesh-map-0" offset="2" set="0"/>
          <vcount>3 3 3 3 3 3 3 3 3 3 3 3 3 3 3 3 3 3 3 3 3 3 3 3 3 3 3 3 3 3 3 3 3 3 3 3 3 3 3 3 3 3 3 3 3 3 3 3 3 3 3 3 3 3 3 3 3 3 3 3 3 3 3 3 3 3 3 3 3 3 3 3 3 3 3 3 3 3 3 3 3 3 3 3 3 3 3 3 3 3 3 3 3 3 3 3 3 3 3 3 3 3 3 3 3 3 3 3 3 3 3 3 3 3 3 3 3 3 3 3 3 3 3 3 3 3 3 3 3 3 3 3 3 3 3 3 3 3 3 3 3 3 3 3 3 3 3 3 3 3 3 3 3 3 3 3 3 3 3 3 3 3 3 3 3 3 3 3 3 3 </vcount>
          <p>859 1039 1863 853 1039 1864 858 1039 1865 855 1040 1866 857 1040 1867 851 1040 1868 856 1041 1869 863 1041 1870 854 1041 1871 861 1042 1872 852 1042 1873 864 1042 1874 853 1043 1875 867 1043 1876 866 1043 1877 857 1044 1878 865 1044 1879 868 1044 1880 863 1045 1881 871 1045 1882 870 1045 1883 852 1046 1884 869 1046 1885 872 1046 1886 855 1047 1887 873 1047 1888 877 1047 1889 856 1048 1890 862 1048 1891 878 1048 1892 860 1049 1893 876 1049 1894 873 1049 1895 859 1050 1896 856 1050 1897 874 1050 1898 875 1051 1899 876 1051 1900 916 1051 1901 919 1052 1902 878 1052 1903 920 1052 1904 890 1053 1905 864 1053 1906 872 1053 1907 900 1054 1908 884 1054 1909 869 1054 1910 896 1055 1911 882 1055 1912 867 1055 1913 892 1056 1914 880 1056 1915 865 1056 1916 891 1057 1917 855 1057 1918 864 1057 1919 899 1058 1920 900 1058 1921 852 1058 1922 895 1059 1923 896 1059 1924 853 1059 1925 891 1060 1926 892 1060 1927 857 1060 1928 884 1061 1929 886 1061 1930 872 1061 1931 883 1062 1932 885 1062 1933 907 1062 1934 870 1063 1935 871 1063 1936 885 1063 1937 880 1064 1938 881 1064 1939 868 1064 1940 879 1065 1941 882 1065 1942 904 1065 1943 866 1066 1944 867 1066 1945 882 1066 1946 858 1067 1947 889 1067 1948 888 1067 1949 888 1068 1950 887 1068 1951 863 1068 1952 887 1069 1953 885 1069 1954 871 1069 1955 866 1070 1956 879 1070 1957 889 1070 1958 914 1071 1959 892 1071 1960 891 1071 1961 891 1072 1962 890 1072 1963 910 1072 1964 910 1073 1965 890 1073 1966 886 1073 1967 914 1074 1968 902 1074 1969 880 1074 1970 868 1075 1971 881 1075 1972 893 1075 1973 894 1076 1974 860 1076 1975 851 1076 1976 918 1077 1977 904 1077 1978 882 1077 1979 894 1078 1980 893 1078 1981 917 1078 1982 897 1079 1983 862 1079 1984 854 1079 1985 870 1080 1986 883 1080 1987 898 1080 1988 920 1081 1989 897 1081 1990 898 1081 1991 922 1082 1992 906 1082 1993 884 1082 1994 883 1083 1995 905 1083 1996 921 1083 1997 905 1084 1998 906 1084 1999 922 1084 2000 899 1085 2001 919 1085 2002 922 1085 2003 919 1086 2004 920 1086 2005 921 1086 2006 915 1087 2007 918 1087 2008 896 1087 2009 916 1088 2010 917 1088 2011 918 1088 2012 881 1089 2013 903 1089 2014 917 1089 2015 904 1090 2016 918 1090 2017 917 1090 2018 879 1091 2019 901 1091 2020 913 1091 2021 902 1092 2022 914 1092 2023 913 1092 2024 909 1093 2025 907 1093 2026 885 1093 2027 910 1094 2028 908 1094 2029 907 1094 2030 911 1095 2031 909 1095 2032 887 1095 2033 912 1096 2034 910 1096 2035 909 1096 2036 889 1097 2037 913 1097 2038 911 1097 2039 914 1098 2040 912 1098 2041 911 1098 2042 902 1099 2043 903 1099 2044 881 1099 2045 901 1100 2046 904 1100 2047 903 1100 2048 906 1101 2049 908 1101 2050 886 1101 2051 907 1102 2052 908 1102 2053 906 1102 2054 889 1103 2055 879 1103 2056 913 1103 2057 887 1104 2058 909 1104 2059 885 1104 2060 892 1105 2061 914 1105 2062 880 1105 2063 908 1106 2064 910 1106 2065 886 1106 2066 898 1107 2067 883 1107 2068 921 1107 2069 900 1108 2070 922 1108 2071 884 1108 2072 893 1109 2073 881 1109 2074 917 1109 2075 896 1110 2076 918 1110 2077 882 1110 2078 925 1111 2079 928 1111 2080 923 1111 2081 925 1112 2082 924 1112 2083 934 1112 2084 928 1113 2085 927 1113 2086 933 1113 2087 923 1114 2088 933 1114 2089 934 1114 2090 928 1115 2091 925 1115 2092 929 1115 2093 930 1116 2094 929 1116 2095 925 1116 2096 927 1117 2097 931 1117 2098 930 1117 2099 928 1118 2100 932 1118 2101 931 1118 2102 926 1119 2103 934 1119 2104 933 1119 2105 932 1120 2106 936 1120 2107 935 1120 2108 935 1121 2109 937 1121 2110 930 1121 2111 937 1122 2112 938 1122 2113 929 1122 2114 929 1123 2115 938 1123 2116 936 1123 2117 938 1124 2118 942 1124 2119 940 1124 2120 937 1125 2121 941 1125 2122 942 1125 2123 935 1126 2124 939 1126 2125 941 1126 2126 936 1127 2127 940 1127 2128 939 1127 2129 856 1236 3861 859 1236 3862 858 1236 3863 860 1237 3864 855 1237 3865 851 1237 3866 862 1238 3867 856 1238 3868 854 1238 3869 855 1239 3870 861 1239 3871 864 1239 3872 858 1240 3873 853 1240 3874 866 1240 3875 851 1241 3876 857 1241 3877 868 1241 3878 854 1242 3879 863 1242 3880 870 1242 3881 864 1243 3882 852 1243 3883 872 1243 3884 861 1244 3885 855 1244 3886 877 1244 3887 874 1245 3888 856 1245 3889 878 1245 3890 855 1246 3891 860 1246 3892 873 1246 3893 875 1247 3894 859 1247 3895 874 1247 3896 875 1248 3897 915 1248 3898 895 1248 3899 895 1249 3900 859 1249 3901 875 1249 3902 894 1250 3903 876 1250 3904 860 1250 3905 876 1251 3906 894 1251 3907 916 1251 3908 916 1252 3909 915 1252 3910 875 1252 3911 877 1253 3912 919 1253 3913 899 1253 3914 899 1254 3915 861 1254 3916 877 1254 3917 897 1255 3918 878 1255 3919 862 1255 3920 878 1256 3921 897 1256 3922 920 1256 3923 878 1257 3924 919 1257 3925 877 1257 3926 886 1258 3927 890 1258 3928 872 1258 3929 852 1259 3930 900 1259 3931 869 1259 3932 853 1260 3933 896 1260 3934 867 1260 3935 857 1261 3936 892 1261 3937 865 1261 3938 890 1262 3939 891 1262 3940 864 1262 3941 861 1263 3942 899 1263 3943 852 1263 3944 859 1264 3945 895 1264 3946 853 1264 3947 855 1265 3948 891 1265 3949 857 1265 3950 869 1266 3951 884 1266 3952 872 1266 3953 905 1267 3954 883 1267 3955 907 1267 3956 883 1268 3957 870 1268 3958 885 1268 3959 865 1269 3960 880 1269 3961 868 1269 3962 901 1270 3963 879 1270 3964 904 1270 3965 879 1271 3966 866 1271 3967 882 1271 3968 856 1272 3969 858 1272 3970 888 1272 3971 856 1273 3972 888 1273 3973 863 1273 3974 863 1274 3975 887 1274 3976 871 1274 3977 858 1275 3978 866 1275 3979 889 1275 3980 912 1276 3981 914 1276 3982 891 1276 3983 912 1277 3984 891 1277 3985 910 1277 3986 851 1278 3987 868 1278 3988 893 1278 3989 893 1279 3990 894 1279 3991 851 1279 3992 916 1280 3993 894 1280 3994 917 1280 3995 898 1281 3996 897 1281 3997 854 1281 3998 854 1282 3999 870 1282 4000 898 1282 4001 921 1283 4002 920 1283 4003 898 1283 4004 921 1284 4005 905 1284 4006 922 1284 4007 900 1285 4008 899 1285 4009 922 1285 4010 922 1286 4011 919 1286 4012 921 1286 4013 895 1287 4014 915 1287 4015 896 1287 4016 915 1288 4017 916 1288 4018 918 1288 4019 903 1289 4020 904 1289 4021 917 1289 4022 901 1290 4023 902 1290 4024 913 1290 4025 909 1291 4026 910 1291 4027 907 1291 4028 888 1292 4029 911 1292 4030 887 1292 4031 911 1293 4032 912 1293 4033 909 1293 4034 888 1294 4035 889 1294 4036 911 1294 4037 913 1295 4038 914 1295 4039 911 1295 4040 880 1296 4041 902 1296 4042 881 1296 4043 902 1297 4044 901 1297 4045 903 1297 4046 884 1298 4047 906 1298 4048 886 1298 4049 905 1299 4050 907 1299 4051 906 1299 4052 924 1300 4053 925 1300 4054 923 1300 4055 926 1301 4056 925 1301 4057 934 1301 4058 923 1302 4059 928 1302 4060 933 1302 4061 924 1303 4062 923 1303 4063 934 1303 4064 932 1304 4065 928 1304 4066 929 1304 4067 926 1305 4068 930 1305 4069 925 1305 4070 926 1306 4071 927 1306 4072 930 1306 4073 927 1307 4074 928 1307 4075 931 1307 4076 927 1308 4077 926 1308 4078 933 1308 4079 931 1309 4080 932 1309 4081 935 1309 4082 931 1310 4083 935 1310 4084 930 1310 4085 930 1311 4086 937 1311 4087 929 1311 4088 932 1312 4089 929 1312 4090 936 1312 4091 936 1313 4092 938 1313 4093 940 1313 4094 938 1314 4095 937 1314 4096 942 1314 4097 937 1315 4098 935 1315 4099 941 1315 4100 935 1316 4101 936 1316 4102 939 1316 4103</p>
        </polylist>
      </mesh>
    </geometry>
    <geometry id="Colmesh-1-mesh" name="Colmesh-1">
      <mesh>
        <source id="Colmesh-1-mesh-positions">
          <float_array id="Colmesh-1-mesh-positions-array" count="456">-1.209774 -1.968461 -3.990325 1.209774 -1.968461 -3.990325 -1.209774 -3.939705 -3.990325 -1.209774 -3.939705 2.599611 -1.209774 -1.968461 2.599611 1.209774 -3.939705 -3.990325 1.209774 -3.939705 2.599611 1.209774 -1.968461 2.599611 -1.131057 2.730761 3.833023 -2.7307 1.131118 3.833023 -2.089973 -2.090034 3.833023 -1.131057 -2.730762 3.833023 1.131181 -2.730761 3.833023 2.730823 -1.131116 3.833023 2.730821 1.131121 3.833023 2.090092 2.090037 3.833023 6.09229e-5 3.043455 4.014288 -1.164619 2.811786 4.014288 -2.151987 2.152048 4.014288 -2.811725 1.16468 4.014288 -3.043395 0 4.014288 -2.811725 -1.16468 4.014288 -2.151987 -2.152048 4.014288 -1.164619 -2.811787 4.014288 6.19146e-5 -3.043456 4.014288 1.164742 -2.811786 4.014288 2.15211 -2.152047 4.014288 2.811848 -1.164678 4.014288 3.043516 2.70776e-6 4.014288 2.811846 1.164683 4.014288 2.152106 2.15205 4.014288 1.164737 2.811788 4.014288 -2.798461 1.159186 4.3164 -3.029038 0 4.3164 -2.798461 -1.159186 4.3164 -2.141835 -2.141896 4.3164 -1.159124 -2.798522 4.3164 6.19082e-5 -3.029099 4.3164 1.159248 -2.798521 4.3164 6.09112e-5 2.955754 -4 -1.131057 2.730761 -4 -2.089973 2.090034 -4 -2.7307 1.131118 -4 -2.955694 0 -4 -2.7307 -1.131118 -4 -2.089973 -2.090034 -4 -1.131057 -2.730762 -4 6.18743e-5 -2.955755 -4 1.131181 -2.730761 -4 2.090096 -2.090033 -4 2.730823 -1.131116 -4 2.955816 2.65112e-6 -4 2.730821 1.131121 -4 2.090092 2.090037 -4 1.131175 2.730763 -4 6.09112e-5 2.955754 3.833023 -2.089973 2.090034 3.833023 -2.955694 0 3.833023 -2.7307 -1.131118 3.833023 6.18743e-5 -2.955755 3.833023 2.090096 -2.090033 3.833023 2.955816 2.65112e-6 3.833023 1.131175 2.730763 3.833023 6.09049e-5 3.029082 4.316398 -1.159119 2.798506 4.316398 -2.141823 2.141884 4.316398 2.141947 -2.141883 4.316398 2.798569 -1.159177 4.316398 3.029143 2.70084e-6 4.316398 2.798566 1.159182 4.316398 2.141942 2.141887 4.316398 1.159236 2.798508 4.316398 6.08791e-5 2.705972 4.675609 -1.03547 2.499992 4.675609 -1.91335 1.913411 4.675609 -2.499931 1.035531 4.675609 -2.705912 0 4.675609 -2.499932 -1.03553 4.675609 -1.91335 -1.913411 4.675609 -1.035469 -2.499993 4.675609 6.17608e-5 -2.705972 4.675609 1.035593 -2.499992 4.675609 1.913473 -1.91341 4.675609 2.500054 -1.035529 4.675609 2.706033 2.49265e-6 4.675609 2.500052 1.035533 4.675609 1.91347 1.913414 4.675609 1.035588 2.499994 4.675609 6.08761e-5 2.598607 5.473705 -0.9943829 2.4008 5.473705 -1.837432 1.837493 5.473704 -2.400739 0.9944437 5.473705 -2.598546 0 5.473705 -2.400739 -0.9944437 5.473705 -1.837432 -1.837492 5.473704 -0.9943826 -2.4008 5.473704 6.17228e-5 -2.598607 5.473705 0.9945059 -2.400799 5.473704 1.837555 -1.837491 5.473705 2.400862 -0.9944421 5.473705 2.598668 2.42036e-6 5.473705 2.40086 0.9944465 5.473705 1.837551 1.837495 5.473705 0.9945014 2.400801 5.473705 6.08604e-5 2.289469 6.154743 -0.8760808 2.115193 6.154743 -1.618838 1.618899 6.154742 -2.115132 0.8761417 6.154743 -2.289408 1.79654e-7 6.154743 -2.115133 -0.8761414 6.154743 -1.618838 -1.618898 6.154742 -0.8760805 -2.115193 6.154742 6.16064e-5 -2.289469 6.154743 0.8762036 -2.115193 6.154742 1.618961 -1.618898 6.154743 2.115255 -0.8761401 6.154743 2.28953 2.21751e-6 6.154743 2.115253 0.8761441 6.154743 1.618958 1.618901 6.154743 0.8761996 2.115195 6.154743 6.08366e-5 1.704624 6.803859 -0.6522704 1.574867 6.803859 -1.20529 1.205351 6.803858 -1.574806 0.6523315 6.803859 -1.704563 3.16473e-7 6.803859 -1.574806 -0.6523309 6.803859 -1.20529 -1.205351 6.803858 -0.6522702 -1.574867 6.803858 6.1392e-5 -1.704624 6.803859 0.652393 -1.574867 6.803858 1.205413 -1.20535 6.803859 1.574928 -0.6523299 6.803859 1.704685 1.83376e-6 6.803859 1.574927 0.6523333 6.803859 1.20541 1.205353 6.803859 0.6523899 1.574868 6.803859 6.07804e-5 0.6631647 7.34656 -0.2537212 0.6126844 7.34656 -0.4688671 0.4689285 7.34656 -0.6126231 0.2537825 7.34656 -0.6631036 5.64666e-7 7.34656 -0.6126232 -0.2537814 7.34656 -0.4688671 -0.4689273 7.34656 -0.2537211 -0.6126834 7.34656 6.09964e-5 -0.6631638 7.34656 0.2538431 -0.6126833 7.34656 0.468989 -0.4689272 7.34656 0.6127449 -0.253781 7.34656 0.6632251 1.15495e-6 7.34656 0.6127443 0.2537832 7.34656 0.4689882 0.4689291 7.34656 0.2538419 0.6126848 7.34656</float_array>
          <technique_common>
            <accessor source="#Colmesh-1-mesh-positions-array" count="152" stride="3">
              <param name="X" type="float"/>
              <param name="Y" type="float"/>
              <param name="Z" type="float"/>
            </accessor>
          </technique_common>
        </source>
        <source id="Colmesh-1-mesh-normals">
          <float_array id="Colmesh-1-mesh-normals-array" count="456">1 0 0 0 -1 0 0 0 1 -1 0 0 0.6881924 -0.6881924 -0.2296823 0.8991668 -0.3724479 -0.2296823 0.9062471 -0.3753777 -0.1944029 -0.5201575 -0.5201575 0.6773889 -0.6935942 -0.6935942 -0.1944334 -0.3753777 -0.9062166 -0.1944334 0.3753777 -0.9062166 -0.1944334 0.3724479 -0.8991668 -0.2296823 -0.9062166 -0.3753777 -0.1944334 -0.9808954 0 -0.1944334 -0.9732353 0 -0.2296823 -0.9062166 0.3753777 -0.1944334 -0.8991668 0.3724479 -0.2296823 0 -0.9732353 -0.2296823 0.8991668 0.3724479 -0.2296823 0.6881924 0.6881924 -0.2296823 0.6935942 0.6935942 -0.1944029 -0.6796167 0.2815027 0.6773889 -0.3724479 -0.8991668 -0.2296823 -0.2815027 -0.6796167 0.6773889 0 -0.9808954 -0.1944334 -0.3753777 0.9062471 -0.1944029 -0.3724479 0.8991668 -0.2296823 -0.6881924 0.6881924 -0.2296823 0.2815027 -0.6796167 0.6773889 0 0.9808954 -0.1944029 0 0.9732353 -0.2296823 -0.7356182 0 0.6773889 -0.3826716 0.9238563 0 -0.7070834 -0.7070834 0 -0.6881924 -0.6881924 -0.2296823 -0.8991668 -0.3724479 -0.2296823 0 0.9999695 0 0.3724479 0.8991668 -0.2296823 -1 0 0 0.7070834 -0.7070834 0 0.7070834 0.7070834 0 -0.7070834 0.7070834 0 -0.9238563 0.3826716 0 0.9238563 -0.3826716 0 0.3753777 0.9062471 -0.1944029 0 -1 0 0.3826716 -0.9238563 0 1 0 0 0.9732353 0 -0.2296823 -0.3826716 -0.9238563 0 0.9808954 0 -0.1944029 -0.6796167 -0.2815027 0.6773889 -0.6935942 0.6935942 -0.1944029 0.9238563 0.3826716 0 0.5201575 0.5201575 0.6773889 0.5201575 -0.5201575 0.6773889 0.6369213 -0.6368908 0.4343394 0.344676 -0.8321482 0.4343394 0.6796167 0.2815027 0.6773889 0.9062471 0.3753777 -0.1944029 0.6796167 -0.2815027 0.6773889 -0.8321482 -0.344676 0.4343394 0.2815027 0.6796167 0.6773889 0 -0.7356182 0.6773889 0.6935942 -0.6935942 -0.1944029 0.7356182 0 0.6773889 -0.5201575 0.5201575 0.6773889 -0.8321482 0.344676 0.4343394 0 0.7356182 0.6773889 -0.9007233 0 0.4343394 0 0.9007233 0.4343394 0.344676 0.8321787 0.4343394 0.6369213 0.6369213 0.4343394 0.8321787 0.344676 0.4343394 0.9007233 0 0.4343394 -0.2815027 0.6796167 0.6773889 -0.6368908 0.6369213 0.4343394 0.8321787 -0.344676 0.4343394 -0.344676 0.8321787 0.4343394 0 -0.9007233 0.4343394 -0.344676 -0.8321482 0.4343394 -0.6368908 -0.6368908 0.4343394 0.6805017 -0.6805017 0.2715842 0.3682973 -0.8891263 0.2715842 0 -0.9624012 0.2715842 -0.3682973 -0.8891263 0.2715842 -0.6805017 -0.6805017 0.2715842 -0.9624012 0 0.2715842 0.3682973 0.8891263 0.2715842 0.6805017 0.6805017 0.2715842 -0.6805017 0.6805017 0.2715842 0.8891263 0.3682973 0.2715842 0.9624012 0 0.2715842 0.8891263 -0.3682973 0.2715842 -0.8891263 -0.3682973 0.2715842 0 0.9624012 0.2715842 -0.8891263 0.3682973 0.2715842 -0.3682973 0.8891263 0.2715842 0.5954772 -0.5954772 0.5392315 0.3222755 -0.7780389 0.5392315 0 -0.8421277 0.5392315 -0.3222755 -0.7780389 0.5392315 -0.5954772 -0.5954772 0.5392315 -0.8421277 0 0.5392315 0.322245 0.7780389 0.5392315 0.5954772 0.5954772 0.5392315 -0.5954772 0.5954772 0.5392315 0.7780389 0.3222755 0.5392315 0.8421277 0 0.5392315 0.7780389 -0.322245 0.5392315 -0.7780389 -0.3222755 0.5392315 0 0.8421277 0.5392315 -0.7780389 0.3222755 0.5392315 -0.3222755 0.7780389 0.5392315 0.5780816 -0.2394482 0.7800226 0.4424573 -0.4424573 0.7800226 0.2394482 -0.5780816 0.7800226 -0.2394482 -0.5780816 0.7800226 -0.5780816 -0.2394482 0.7800226 0 0.625721 0.7800226 0.2394482 0.5780816 0.7800226 -0.5780816 0.2394482 0.7800226 -0.4424573 0.4424573 0.7800226 0.4424573 0.4424573 0.7800226 0.5780816 0.2394482 0.7800226 -0.2394482 0.5780816 0.7800226 0.625721 0 0.7800226 0 -0.625721 0.7800226 -0.4424573 -0.4424573 0.7800226 -0.625721 0 0.7800226 -0.1015961 0.2453078 0.9640797 0.265511 0 0.9640797 0.2453078 -0.1015961 0.9640797 0.1877193 -0.1877193 0.9640797 0.1015961 -0.2453078 0.9640797 0 -0.265511 0.9640797 -0.1015961 -0.2453078 0.9640797 -0.1877193 -0.1877193 0.9640797 -0.2453078 -0.1015961 0.9640797 -0.265511 0 0.9640797 0.1015961 0.2453078 0.9640797 0.1877193 0.1877193 0.9640797 -0.1877193 0.1877193 0.9640797 0.2453078 0.1015961 0.9640797 0 0.265511 0.9640797 -0.2453078 0.1015961 0.9640797 1 0 0 0 -1 0 0 0 1 -1 0 0 -0.9238563 -0.3826716 0 0.3826716 0.9238563 0</float_array>
          <technique_common>
            <accessor source="#Colmesh-1-mesh-normals-array" count="152" stride="3">
              <param name="X" type="float"/>
              <param name="Y" type="float"/>
              <param name="Z" type="float"/>
            </accessor>
          </technique_common>
        </source>
        <source id="Colmesh-1-mesh-map-0">
          <float_array id="Colmesh-1-mesh-map-0-array" count="1752">1.281658 1.264739 1.281659 -1.148556 2.003547 -1.148555 0.3868389 -1.148569 1.281659 -1.148556 1.281658 1.264739 1.281612 2.001519 0.386826 2.001504 0.3888326 1.272171 -0.3350499 1.264725 -0.3350486 -1.148569 0.3868389 -1.148569 0.6254425 0.3161135 0.687036 0.3161347 0.6874846 0.321016 0.375083 0.3370405 0.3750149 0.320908 0.4375088 0.3209295 0.5624967 0.3209728 0.5629485 0.3160919 0.6245421 0.3161132 0.3125209 0.3208863 0.250027 0.3208647 0.2504789 0.3159839 0.1875331 0.3208432 0.187985 0.3159624 0.2495784 0.3159837 0.5004546 0.3160703 0.5620481 0.3160915 0.5624967 0.3209728 0.8129243 0.3161783 0.8745177 0.3161996 0.8749663 0.3210808 0.1876012 0.3369758 0.1875331 0.3208432 0.250027 0.3208647 0.4375088 0.3209295 0.4379606 0.3160487 0.4995542 0.31607 0.4375769 0.3370621 0.4375088 0.3209295 0.5000028 0.3209512 0.06254529 0.3208001 0.06299722 0.3159192 0.1245906 0.3159404 0.5000028 0.3209512 0.5624967 0.3209728 0.5624174 0.3371052 0.06254529 0.3208001 5.14224e-5 0.3207785 5.03335e-4 0.3158977 0.2500951 0.3369973 0.250027 0.3208647 0.3125209 0.3208863 -2.906841 -1.03837 -2.906836 1.891324 -3.331221 1.891325 -0.7849071 -1.038376 -0.784904 1.891321 -1.209289 1.891322 3.458971 -1.038374 3.458961 1.891327 3.034574 1.891325 -1.209289 1.891322 -1.633675 1.891323 -1.633681 -1.038374 0.9126414 -1.038378 0.9126431 1.891319 0.4882572 1.891319 2.610196 -1.038376 2.610187 1.891323 2.1858 1.891322 -2.48245 1.891324 -2.482454 -1.038371 -2.058069 -1.038373 1.337031 -1.038379 1.337029 1.891319 0.9126431 1.891319 0.9374603 0.3211024 0.8749663 0.3210808 0.8754183 0.3162 0.06387042 1.89132 0.06386703 -1.038377 0.488254 -1.038378 1.76142 -1.038378 1.761414 1.891321 1.337029 1.891319 0.06387042 1.89132 -0.3605164 1.89132 -0.3605205 -1.038377 -1.633681 -1.038374 -1.633675 1.891323 -2.058061 1.891322 -0.784904 1.891321 -0.7849071 -1.038376 -0.3605205 -1.038377 0.3125209 0.3208863 0.3129727 0.3160055 0.3745663 0.3160268 0.6874846 0.321016 0.6879365 0.3161351 0.74953 0.3161563 0.9999539 0.321124 0.9374603 0.3211024 0.9379122 0.3162215 0.7499785 0.3210376 0.7504304 0.3161568 0.8120239 0.316178 0.3749355 0.3370406 0.3125891 0.3370189 0.3125209 0.3208863 0.1875331 0.3208432 0.1250392 0.3208217 0.1254911 0.3159408 0.3754667 0.3160271 0.4370602 0.3160484 0.4375088 0.3209295 2.185808 -1.038377 2.1858 1.891322 1.761414 1.891321 0.8750344 0.3372133 0.8749663 0.3210808 0.9374603 0.3211024 1.294965 0.1252019 1.296899 0.1467014 0.8955478 0.1467014 0.874887 0.3372132 0.8125406 0.3371918 0.8124724 0.3210592 0.6875527 0.3371486 0.6874846 0.321016 0.7499785 0.3210376 -1.089933 0.1252024 -0.6924507 0.1252022 -0.6905163 0.146702 0.9375283 0.3372349 0.9374603 0.3211024 0.9999539 0.321124 0.4999985 0.1252019 0.8974816 0.1252017 0.899416 0.1467014 0.5624967 0.3209728 0.6249906 0.3209943 0.6249113 0.337127 0.7500466 0.3371701 0.7499785 0.3210376 0.8124724 0.3210592 -1.884897 0.1252026 -1.487415 0.1252026 -1.485481 0.1467024 0.1251074 0.3369542 0.1250392 0.3208217 0.1875331 0.3208432 0.6250587 0.3371269 0.6249906 0.3209943 0.6874846 0.321016 1.19604e-4 0.336911 5.14224e-5 0.3207785 0.06254529 0.3208001 -1.487415 0.1252026 -1.089933 0.1252024 -1.087999 0.146702 0.2327097 0.01801466 0.0831418 0.2978368 0.01801466 0.08314174 3.679867 0.1252028 3.6818 0.1467025 3.28045 0.1467024 3.282384 0.1252026 3.284318 0.1467024 2.882966 0.1467018 2.8849 0.1252022 2.886834 0.146702 2.485482 0.146702 2.487416 0.1252022 2.48935 0.146702 2.087998 0.1467016 -2.28238 0.1252031 -1.884897 0.1252026 -1.882964 0.1467021 2.089932 0.1252019 2.091866 0.1467016 1.690514 0.1467016 -2.679862 0.1252035 -2.28238 0.1252031 -2.280446 0.1467027 1.692448 0.1252019 1.694382 0.1467016 1.293031 0.1467014 3.034574 1.891325 2.610187 1.891323 2.610196 -1.038376 -2.48245 1.891324 -2.906836 1.891324 -2.906841 -1.03837 0.06254529 0.3208001 0.1250392 0.3208217 0.12496 0.3369543 0.4999985 0.1252019 0.5019328 0.1467016 0.1005815 0.1467016 -0.2949674 0.1252021 0.1025156 0.1252019 0.1044497 0.1467016 -0.6924507 0.1252022 -0.2949674 0.1252021 -0.2930333 0.1467016 1.296899 0.1467014 1.296899 0.1467014 0.8955478 0.1467014 0.5019328 0.1467016 0.5019328 0.1467016 0.1005815 0.1467016 -0.6943843 0.146702 -0.2930333 0.1467016 -0.2930333 0.1467016 -1.489349 0.1467021 -1.087999 0.146702 -1.087999 0.146702 3.284318 0.1467024 3.284318 0.1467024 2.882966 0.1467018 -2.284314 0.1467027 -1.882964 0.1467021 -1.882964 0.1467021 2.48935 0.146702 2.48935 0.146702 2.087998 0.1467016 1.293031 0.1467014 1.694382 0.1467016 1.694382 0.1467016 0.4980645 0.1467012 0.899416 0.1467014 0.899416 0.1467014 -0.2969014 0.1467018 0.1044497 0.1467016 0.1044497 0.1467016 -0.6905163 0.146702 -0.6905163 0.146702 -1.091867 0.146702 3.28045 0.1467024 3.6818 0.1467025 3.6818 0.1467025 -1.485481 0.1467024 -1.485481 0.1467024 -1.886832 0.1467025 2.886834 0.146702 2.886834 0.146702 2.485482 0.146702 -2.280446 0.1467027 -2.280446 0.1467027 -2.681796 0.146703 2.091866 0.1467016 2.091866 0.1467016 1.690514 0.1467016 1.296899 0.1467014 1.296899 0.1467014 0.8955478 0.1467014 0.5019328 0.1467016 0.5019328 0.1467016 0.1005815 0.1467016 -0.6943843 0.146702 -0.2930333 0.1467016 -0.2930333 0.1467016 -1.489349 0.1467021 -1.087999 0.146702 -1.087999 0.146702 3.284318 0.1467024 3.284318 0.1467024 2.882966 0.1467018 -2.284314 0.1467027 -1.882964 0.1467021 -1.882964 0.1467021 2.48935 0.146702 2.48935 0.146702 2.087998 0.1467016 1.694382 0.1467016 1.694382 0.1467016 1.293031 0.1467014 0.4980645 0.1467012 0.899416 0.1467014 0.899416 0.1467014 -0.2969014 0.1467018 0.1044497 0.1467016 0.1044497 0.1467016 -1.091867 0.146702 -0.6905163 0.146702 -0.6905163 0.146702 3.6818 0.1467025 3.6818 0.1467025 3.28045 0.1467024 -1.485481 0.1467024 -1.485481 0.1467024 -1.886832 0.1467025 2.886834 0.146702 2.886834 0.146702 2.485482 0.146702 -2.681796 0.146703 -2.280446 0.1467027 -2.280446 0.1467027 2.091866 0.1467016 2.091866 0.1467016 1.690514 0.1467016 1.694382 0.1467016 1.694382 0.1467016 1.293031 0.1467014 0.4980645 0.1467012 0.899416 0.1467014 0.899416 0.1467014 -0.2969014 0.1467018 0.1044497 0.1467016 0.1044497 0.1467016 -1.091867 0.146702 -0.6905163 0.146702 -0.6905163 0.146702 3.6818 0.1467025 3.6818 0.1467025 3.28045 0.1467024 -1.485481 0.1467024 -1.485481 0.1467024 -1.886832 0.1467025 2.886834 0.146702 2.886834 0.146702 2.485482 0.146702 -2.681796 0.146703 -2.280446 0.1467027 -2.280446 0.1467027 2.091866 0.1467016 2.091866 0.1467016 1.690514 0.1467016 1.296899 0.1467014 1.296899 0.1467014 0.8955478 0.1467014 0.5019328 0.1467016 0.5019328 0.1467016 0.1005815 0.1467016 -0.6943843 0.146702 -0.2930333 0.1467016 -0.2930333 0.1467016 -1.489349 0.1467021 -1.087999 0.146702 -1.087999 0.146702 3.284318 0.1467024 3.284318 0.1467024 2.882966 0.1467018 -2.284314 0.1467027 -1.882964 0.1467021 -1.882964 0.1467021 2.48935 0.146702 2.48935 0.146702 2.087998 0.1467016 -2.681796 0.146703 -2.280446 0.1467027 -2.280446 0.1467027 2.091866 0.1467016 2.091866 0.1467016 1.690514 0.1467016 1.296899 0.1467014 1.296899 0.1467014 0.8955478 0.1467014 0.5019328 0.1467016 0.5019328 0.1467016 0.1005815 0.1467016 -0.2930333 0.1467016 -0.2930333 0.1467016 -0.6943843 0.146702 -1.489349 0.1467021 -1.087999 0.146702 -1.087999 0.146702 3.284318 0.1467024 3.284318 0.1467024 2.882966 0.1467018 -2.284314 0.1467027 -1.882964 0.1467021 -1.882964 0.1467021 2.48935 0.146702 2.48935 0.146702 2.087998 0.1467016 1.694382 0.1467016 1.694382 0.1467016 1.293031 0.1467014 0.4980645 0.1467012 0.899416 0.1467014 0.899416 0.1467014 -0.2969014 0.1467018 0.1044497 0.1467016 0.1044497 0.1467016 -1.091867 0.146702 -0.6905163 0.146702 -0.6905163 0.146702 3.6818 0.1467025 3.6818 0.1467025 3.28045 0.1467024 -1.485481 0.1467024 -1.485481 0.1467024 -1.886832 0.1467025 2.886834 0.146702 2.886834 0.146702 2.485482 0.146702 -1.882964 0.1467021 -0.2930333 0.1467016 0.5019328 0.1467016 2.886834 0.146702 -2.280446 0.1467027 -1.882964 0.1467021 2.886834 0.146702 3.284318 0.1467024 3.6818 0.1467025 2.091866 0.1467016 2.48935 0.146702 2.886834 0.146702 2.886834 0.146702 1.694382 0.1467016 2.091866 0.1467016 0.5019328 0.1467016 0.899416 0.1467014 1.296899 0.1467014 -0.2930333 0.1467016 0.1044497 0.1467016 0.5019328 0.1467016 -1.087999 0.146702 -0.6905163 0.146702 -0.2930333 0.1467016 -1.882964 0.1467021 -1.485481 0.1467024 -1.087999 0.146702 2.886834 0.146702 3.6818 0.1467025 -2.280446 0.1467027 1.296899 0.1467014 1.694382 0.1467016 2.886834 0.146702 -1.882964 0.1467021 0.5019328 0.1467016 1.296899 0.1467014 -1.882964 0.1467021 -1.087999 0.146702 -0.2930333 0.1467016 1.296899 0.1467014 2.886834 0.146702 -1.882964 0.1467021 2.003545 1.264739 1.281658 1.264739 2.003547 -1.148555 0.3868376 1.264725 0.3868389 -1.148569 1.281658 1.264739 1.281621 1.279631 1.281612 2.001519 0.3888326 1.272171 0.3868376 1.264725 -0.3350499 1.264725 0.3868389 -1.148569 0.6249906 0.3209943 0.6254425 0.3161135 0.6874846 0.321016 0.4374295 0.3370621 0.375083 0.3370405 0.4375088 0.3209295 0.6249906 0.3209943 0.5624967 0.3209728 0.6245421 0.3161132 0.3120723 0.3160052 0.3125209 0.3208863 0.2504789 0.3159839 0.250027 0.3208647 0.1875331 0.3208432 0.2495784 0.3159837 0.5000028 0.3209512 0.5004546 0.3160703 0.5624967 0.3209728 0.8124724 0.3210592 0.8129243 0.3161783 0.8749663 0.3210808 0.2499477 0.3369972 0.1876012 0.3369758 0.250027 0.3208647 0.5000028 0.3209512 0.4375088 0.3209295 0.4995542 0.31607 0.4999234 0.3370836 0.4375769 0.3370621 0.5000028 0.3209512 0.1250392 0.3208217 0.06254529 0.3208001 0.1245906 0.3159404 0.5000709 0.3370837 0.5000028 0.3209512 0.5624174 0.3371052 0.06209677 0.3159189 0.06254529 0.3208001 5.03335e-4 0.3158977 0.3124416 0.3370189 0.2500951 0.3369973 0.3125209 0.3208863 -3.331228 -1.038369 -2.906841 -1.03837 -3.331221 1.891325 -1.209295 -1.038375 -0.7849071 -1.038376 -1.209289 1.891322 3.034586 -1.038375 3.458971 -1.038374 3.034574 1.891325 -1.209295 -1.038375 -1.209289 1.891322 -1.633681 -1.038374 0.488254 -1.038378 0.9126414 -1.038378 0.4882572 1.891319 2.185808 -1.038377 2.610196 -1.038376 2.1858 1.891322 -2.058061 1.891322 -2.48245 1.891324 -2.058069 -1.038373 0.9126414 -1.038378 1.337031 -1.038379 0.9126431 1.891319 0.9370118 0.3162212 0.9374603 0.3211024 0.8754183 0.3162 0.4882572 1.891319 0.06387042 1.89132 0.488254 -1.038378 1.337031 -1.038379 1.76142 -1.038378 1.337029 1.891319 0.06386703 -1.038377 0.06387042 1.89132 -0.3605205 -1.038377 -2.058069 -1.038373 -1.633681 -1.038374 -2.058061 1.891322 -0.3605164 1.89132 -0.784904 1.891321 -0.3605205 -1.038377 0.3750149 0.320908 0.3125209 0.3208863 0.3745663 0.3160268 0.7499785 0.3210376 0.6874846 0.321016 0.74953 0.3161563 0.9995053 0.3162428 0.9999539 0.321124 0.9379122 0.3162215 0.8124724 0.3210592 0.7499785 0.3210376 0.8120239 0.316178 0.3750149 0.320908 0.3749355 0.3370406 0.3125209 0.3208863 0.1870846 0.3159621 0.1875331 0.3208432 0.1254911 0.3159408 0.3750149 0.320908 0.3754667 0.3160271 0.4375088 0.3209295 1.76142 -1.038378 2.185808 -1.038377 1.761414 1.891321 0.937381 0.3372349 0.8750344 0.3372133 0.9374603 0.3211024 0.8974816 0.1252017 1.294965 0.1252019 0.8955478 0.1467014 0.8749663 0.3210808 0.874887 0.3372132 0.8124724 0.3210592 0.7498992 0.3371701 0.6875527 0.3371486 0.7499785 0.3210376 -1.091867 0.146702 -1.089933 0.1252024 -0.6905163 0.146702 0.9998745 0.3372565 0.9375283 0.3372349 0.9999539 0.321124 0.4980645 0.1467012 0.4999985 0.1252019 0.899416 0.1467014 0.5625648 0.3371053 0.5624967 0.3209728 0.6249113 0.337127 0.8123931 0.3371917 0.7500466 0.3371701 0.8124724 0.3210592 -1.886832 0.1467025 -1.884897 0.1252026 -1.485481 0.1467024 0.1874538 0.3369757 0.1251074 0.3369542 0.1875331 0.3208432 0.6874053 0.3371486 0.6250587 0.3371269 0.6874846 0.321016 0.06246602 0.3369325 1.19604e-4 0.336911 0.06254529 0.3208001 -1.489349 0.1467021 -1.487415 0.1252026 -1.087999 0.146702 0.2585679 0.2805589 0.2039775 0.309738 0.142376 0.3158053 0.3158053 0.1734756 0.2978367 0.2327098 0.2585679 0.2805589 0.2805588 0.0572834 0.3097381 0.1118741 0.3158053 0.1734756 0.142376 0.3158053 0.2327097 0.01801466 0.2805588 0.0572834 0.2327097 0.01801466 0.1118739 0.00611335 0.1734755 4.61899e-5 0.2327097 0.01801466 0.01801466 0.08314174 0.05728334 0.03529262 0.0831418 0.2978368 0.006113409 0.2039775 4.61899e-5 0.142376 0.006113409 0.2039775 0.0831418 0.2978368 0.03529268 0.2585681 0.3158053 0.1734756 0.2585679 0.2805589 0.142376 0.3158053 0.142376 0.3158053 0.2805588 0.0572834 0.3158053 0.1734756 0.2327097 0.01801466 0.05728334 0.03529262 0.1118739 0.00611335 0.01801466 0.08314174 0.0831418 0.2978368 4.61899e-5 0.142376 0.0831418 0.2978368 0.2327097 0.01801466 0.142376 0.3158053 3.282384 0.1252026 3.679867 0.1252028 3.28045 0.1467024 2.8849 0.1252022 3.282384 0.1252026 2.882966 0.1467018 2.487416 0.1252022 2.8849 0.1252022 2.485482 0.146702 2.089932 0.1252019 2.487416 0.1252022 2.087998 0.1467016 -2.284314 0.1467027 -2.28238 0.1252031 -1.882964 0.1467021 1.692448 0.1252019 2.089932 0.1252019 1.690514 0.1467016 -2.681796 0.146703 -2.679862 0.1252035 -2.280446 0.1467027 1.294965 0.1252019 1.692448 0.1252019 1.293031 0.1467014 3.034586 -1.038375 3.034574 1.891325 2.610196 -1.038376 -2.482454 -1.038371 -2.48245 1.891324 -2.906841 -1.03837 0.06261348 0.3369326 0.06254529 0.3208001 0.12496 0.3369543 0.1025156 0.1252019 0.4999985 0.1252019 0.1005815 0.1467016 -0.2969014 0.1467018 -0.2949674 0.1252021 0.1044497 0.1467016 -0.6943843 0.146702 -0.6924507 0.1252022 -0.2930333 0.1467016 0.8955478 0.1467014 1.296899 0.1467014 0.8955478 0.1467014 0.1005815 0.1467016 0.5019328 0.1467016 0.1005815 0.1467016 -0.6943843 0.146702 -0.6943843 0.146702 -0.2930333 0.1467016 -1.489349 0.1467021 -1.489349 0.1467021 -1.087999 0.146702 2.882966 0.1467018 3.284318 0.1467024 2.882966 0.1467018 -2.284314 0.1467027 -2.284314 0.1467027 -1.882964 0.1467021 2.087998 0.1467016 2.48935 0.146702 2.087998 0.1467016 1.293031 0.1467014 1.293031 0.1467014 1.694382 0.1467016 0.4980645 0.1467012 0.4980645 0.1467012 0.899416 0.1467014 -0.2969014 0.1467018 -0.2969014 0.1467018 0.1044497 0.1467016 -1.091867 0.146702 -0.6905163 0.146702 -1.091867 0.146702 3.28045 0.1467024 3.28045 0.1467024 3.6818 0.1467025 -1.886832 0.1467025 -1.485481 0.1467024 -1.886832 0.1467025 2.485482 0.146702 2.886834 0.146702 2.485482 0.146702 -2.681796 0.146703 -2.280446 0.1467027 -2.681796 0.146703 1.690514 0.1467016 2.091866 0.1467016 1.690514 0.1467016 0.8955478 0.1467014 1.296899 0.1467014 0.8955478 0.1467014 0.1005815 0.1467016 0.5019328 0.1467016 0.1005815 0.1467016 -0.6943843 0.146702 -0.6943843 0.146702 -0.2930333 0.1467016 -1.489349 0.1467021 -1.489349 0.1467021 -1.087999 0.146702 2.882966 0.1467018 3.284318 0.1467024 2.882966 0.1467018 -2.284314 0.1467027 -2.284314 0.1467027 -1.882964 0.1467021 2.087998 0.1467016 2.48935 0.146702 2.087998 0.1467016 1.293031 0.1467014 1.694382 0.1467016 1.293031 0.1467014 0.4980645 0.1467012 0.4980645 0.1467012 0.899416 0.1467014 -0.2969014 0.1467018 -0.2969014 0.1467018 0.1044497 0.1467016 -1.091867 0.146702 -1.091867 0.146702 -0.6905163 0.146702 3.28045 0.1467024 3.6818 0.1467025 3.28045 0.1467024 -1.886832 0.1467025 -1.485481 0.1467024 -1.886832 0.1467025 2.485482 0.146702 2.886834 0.146702 2.485482 0.146702 -2.681796 0.146703 -2.681796 0.146703 -2.280446 0.1467027 1.690514 0.1467016 2.091866 0.1467016 1.690514 0.1467016 1.293031 0.1467014 1.694382 0.1467016 1.293031 0.1467014 0.4980645 0.1467012 0.4980645 0.1467012 0.899416 0.1467014 -0.2969014 0.1467018 -0.2969014 0.1467018 0.1044497 0.1467016 -1.091867 0.146702 -1.091867 0.146702 -0.6905163 0.146702 3.28045 0.1467024 3.6818 0.1467025 3.28045 0.1467024 -1.886832 0.1467025 -1.485481 0.1467024 -1.886832 0.1467025 2.485482 0.146702 2.886834 0.146702 2.485482 0.146702 -2.681796 0.146703 -2.681796 0.146703 -2.280446 0.1467027 1.690514 0.1467016 2.091866 0.1467016 1.690514 0.1467016 0.8955478 0.1467014 1.296899 0.1467014 0.8955478 0.1467014 0.1005815 0.1467016 0.5019328 0.1467016 0.1005815 0.1467016 -0.6943843 0.146702 -0.6943843 0.146702 -0.2930333 0.1467016 -1.489349 0.1467021 -1.489349 0.1467021 -1.087999 0.146702 2.882966 0.1467018 3.284318 0.1467024 2.882966 0.1467018 -2.284314 0.1467027 -2.284314 0.1467027 -1.882964 0.1467021 2.087998 0.1467016 2.48935 0.146702 2.087998 0.1467016 -2.681796 0.146703 -2.681796 0.146703 -2.280446 0.1467027 1.690514 0.1467016 2.091866 0.1467016 1.690514 0.1467016 0.8955478 0.1467014 1.296899 0.1467014 0.8955478 0.1467014 0.1005815 0.1467016 0.5019328 0.1467016 0.1005815 0.1467016 -0.6943843 0.146702 -0.2930333 0.1467016 -0.6943843 0.146702 -1.489349 0.1467021 -1.489349 0.1467021 -1.087999 0.146702 2.882966 0.1467018 3.284318 0.1467024 2.882966 0.1467018 -2.284314 0.1467027 -2.284314 0.1467027 -1.882964 0.1467021 2.087998 0.1467016 2.48935 0.146702 2.087998 0.1467016 1.293031 0.1467014 1.694382 0.1467016 1.293031 0.1467014 0.4980645 0.1467012 0.4980645 0.1467012 0.899416 0.1467014 -0.2969014 0.1467018 -0.2969014 0.1467018 0.1044497 0.1467016 -1.091867 0.146702 -1.091867 0.146702 -0.6905163 0.146702 3.28045 0.1467024 3.6818 0.1467025 3.28045 0.1467024 -1.886832 0.1467025 -1.485481 0.1467024 -1.886832 0.1467025 2.485482 0.146702 2.886834 0.146702 2.485482 0.146702</float_array>
          <technique_common>
            <accessor source="#Colmesh-1-mesh-map-0-array" count="876" stride="2">
              <param name="S" type="float"/>
              <param name="T" type="float"/>
            </accessor>
          </technique_common>
        </source>
        <vertices id="Colmesh-1-mesh-vertices">
          <input semantic="POSITION" source="#Colmesh-1-mesh-positions"/>
        </vertices>
        <polylist material="ColorEffectR27G177B88-material-material" count="292">
          <input semantic="VERTEX" source="#Colmesh-1-mesh-vertices" offset="0"/>
          <input semantic="NORMAL" source="#Colmesh-1-mesh-normals" offset="1"/>
          <input semantic="TEXCOORD" source="#Colmesh-1-mesh-map-0" offset="2" set="0"/>
          <vcount>3 3 3 3 3 3 3 3 3 3 3 3 3 3 3 3 3 3 3 3 3 3 3 3 3 3 3 3 3 3 3 3 3 3 3 3 3 3 3 3 3 3 3 3 3 3 3 3 3 3 3 3 3 3 3 3 3 3 3 3 3 3 3 3 3 3 3 3 3 3 3 3 3 3 3 3 3 3 3 3 3 3 3 3 3 3 3 3 3 3 3 3 3 3 3 3 3 3 3 3 3 3 3 3 3 3 3 3 3 3 3 3 3 3 3 3 3 3 3 3 3 3 3 3 3 3 3 3 3 3 3 3 3 3 3 3 3 3 3 3 3 3 3 3 3 3 3 3 3 3 3 3 3 3 3 3 3 3 3 3 3 3 3 3 3 3 3 3 3 3 3 3 3 3 3 3 3 3 3 3 3 3 3 3 3 3 3 3 3 3 3 3 3 3 3 3 3 3 3 3 3 3 3 3 3 3 3 3 3 3 3 3 3 3 3 3 3 3 3 3 3 3 3 3 3 3 3 3 3 3 3 3 3 3 3 3 3 3 3 3 3 3 3 3 3 3 3 3 3 3 3 3 3 3 3 3 3 3 3 3 3 3 3 3 3 3 3 3 3 3 3 3 3 3 3 3 3 3 3 3 3 3 3 3 3 3 3 3 3 3 3 3 </vcount>
          <p>6 0 0 5 0 1 1 0 2 2 1 3 5 1 4 6 1 5 7 2 6 4 2 7 3 2 8 4 3 9 0 3 10 2 3 11 60 4 12 13 5 13 27 6 14 35 7 15 22 8 16 23 9 17 25 10 18 12 11 19 60 4 20 21 12 21 20 13 22 57 14 23 19 15 24 9 16 25 57 14 26 59 17 27 12 11 28 25 10 29 14 18 30 15 19 31 30 20 32 32 21 33 19 15 34 20 13 35 23 9 36 11 22 37 59 17 38 36 23 39 23 9 40 24 24 41 17 25 42 8 26 43 56 27 44 24 24 45 25 10 46 38 28 47 17 25 48 16 29 49 55 30 50 33 31 51 20 13 52 21 12 53 40 32 54 8 26 55 55 30 56 45 33 57 10 34 58 58 35 59 39 36 60 55 30 61 62 37 62 58 35 63 57 14 64 43 38 65 49 39 66 60 4 67 12 11 68 53 40 69 15 19 70 14 18 71 56 27 72 41 41 73 42 42 74 50 43 75 13 5 76 60 4 77 31 44 78 30 20 79 15 19 80 59 17 81 47 45 82 48 46 83 51 47 84 61 48 85 13 5 86 59 17 87 11 22 88 46 49 89 43 38 90 57 14 91 9 16 92 10 34 93 45 33 94 46 49 95 21 12 96 58 35 97 10 34 98 27 6 99 13 5 100 61 48 101 16 29 102 31 44 103 62 37 104 28 50 105 61 48 106 14 18 107 35 7 108 34 51 109 21 12 110 19 15 111 18 52 112 56 27 113 10 34 114 11 22 115 23 9 116 52 53 117 14 18 118 61 48 119 70 54 120 30 20 121 31 44 122 66 55 123 82 56 124 81 57 125 70 54 126 69 58 127 29 59 128 67 60 129 27 6 130 28 50 131 33 31 132 34 51 133 77 61 134 71 62 135 31 44 136 16 29 137 37 63 138 38 28 139 81 57 140 25 10 141 26 64 142 66 55 143 68 65 144 28 50 145 29 59 146 65 66 147 32 21 148 75 67 149 65 66 150 18 52 151 19 15 152 66 55 153 26 64 154 27 6 155 63 68 156 16 29 157 17 25 158 32 21 159 33 31 160 76 69 161 66 55 162 65 66 163 35 7 164 63 68 165 72 70 166 87 71 167 71 62 168 87 71 169 86 72 170 70 54 171 86 72 172 85 73 173 69 58 174 85 73 175 84 74 176 64 75 177 65 66 178 74 76 179 68 65 180 84 74 181 83 77 182 63 68 183 64 75 184 73 78 185 67 60 186 83 77 187 82 56 188 62 37 189 15 19 190 53 40 191 56 27 192 8 26 193 40 32 194 17 25 195 18 52 196 65 66 197 37 63 198 80 79 199 79 80 200 35 7 201 36 23 202 79 80 203 34 51 204 35 7 205 78 81 206 82 56 207 98 82 208 97 83 209 80 79 210 96 84 211 95 85 212 77 61 213 78 81 214 94 86 215 75 67 216 76 69 217 92 87 218 87 71 219 103 88 220 102 89 221 73 78 222 74 76 223 90 90 224 85 73 225 101 91 226 100 92 227 82 56 228 83 77 229 99 93 230 80 79 231 81 57 232 97 83 233 78 81 234 79 80 235 95 85 236 77 61 237 93 94 238 92 87 239 87 71 240 72 70 241 88 95 242 75 67 243 91 96 244 90 90 245 86 72 246 102 89 247 101 91 248 73 78 249 89 97 250 88 95 251 84 74 252 100 92 253 99 93 254 98 82 255 114 98 256 113 99 257 96 84 258 112 100 259 111 101 260 93 94 261 94 86 262 110 102 263 91 96 264 92 87 265 108 103 266 103 88 267 119 104 268 118 105 269 89 97 270 90 90 271 106 106 272 101 91 273 117 107 274 116 108 275 99 93 276 115 109 277 114 98 278 96 84 279 97 83 280 113 99 281 94 86 282 95 85 283 111 101 284 92 87 285 93 94 286 109 110 287 88 95 288 104 111 289 119 104 290 91 96 291 107 112 292 106 106 293 102 89 294 118 105 295 117 107 296 88 95 297 89 97 298 105 113 299 100 92 300 116 108 301 115 109 302 115 109 303 131 114 304 130 115 305 112 100 306 113 99 307 129 116 308 110 102 309 111 101 310 127 117 311 108 103 312 109 110 313 125 118 314 104 111 315 120 119 316 135 120 317 107 112 318 123 121 319 122 122 320 118 105 321 134 123 322 133 124 323 104 111 324 105 113 325 121 125 326 116 108 327 132 126 328 131 114 329 114 98 330 130 115 331 129 116 332 112 100 333 128 127 334 127 117 335 109 110 336 110 102 337 126 128 338 107 112 339 108 103 340 124 129 341 119 104 342 135 120 343 134 123 344 105 113 345 106 106 346 122 122 347 117 107 348 133 124 349 132 126 350 120 119 351 121 125 352 137 130 353 132 126 354 148 131 355 147 132 356 130 115 357 146 133 358 145 134 359 128 127 360 144 135 361 143 136 362 126 128 363 142 137 364 141 138 365 123 121 366 124 129 367 140 139 368 135 120 369 151 140 370 150 141 371 121 125 372 122 122 373 138 142 374 133 124 375 149 143 376 148 131 377 131 114 378 147 132 379 146 133 380 128 127 381 129 116 382 145 134 383 126 128 384 127 117 385 143 136 386 124 129 387 125 118 388 141 138 389 120 119 390 136 144 391 151 140 392 123 121 393 139 145 394 138 142 395 134 123 396 150 141 397 149 143 398 137 130 399 141 138 400 143 136 401 149 143 402 136 144 403 137 130 404 149 143 405 150 141 406 151 140 407 147 132 408 148 131 409 149 143 410 149 143 411 146 133 412 147 132 413 143 136 414 144 135 415 145 134 416 141 138 417 142 137 418 143 136 419 139 145 420 140 139 421 141 138 422 137 130 423 138 142 424 139 145 425 149 143 426 151 140 427 136 144 428 145 134 429 146 133 430 149 143 431 137 130 432 143 136 433 145 134 434 137 130 435 139 145 436 141 138 437 145 134 438 149 143 439 137 130 440 7 146 441 6 146 442 1 146 443 3 147 444 2 147 445 6 147 446 6 148 447 7 148 448 3 148 449 3 149 450 4 149 451 2 149 452 26 64 453 60 4 454 27 6 455 36 23 456 35 7 457 23 9 458 26 64 459 25 10 460 60 4 461 58 35 462 21 12 463 57 14 464 20 13 465 19 15 466 57 14 467 24 24 468 59 17 469 25 10 470 29 59 471 14 18 472 30 20 473 33 31 474 32 21 475 20 13 476 24 24 477 23 9 478 59 17 479 37 63 480 36 23 481 24 24 482 18 52 483 17 25 484 56 27 485 37 63 486 24 24 487 38 28 488 8 26 489 17 25 490 55 30 491 34 51 492 33 31 493 21 12 494 39 36 495 40 32 496 55 30 497 44 150 498 45 33 499 58 35 500 54 151 501 39 36 502 62 37 503 44 150 504 58 35 505 43 38 506 48 46 507 49 39 508 12 11 509 52 53 510 53 40 511 14 18 512 9 16 513 56 27 514 42 42 515 49 39 516 50 43 517 60 4 518 62 37 519 31 44 520 15 19 521 12 11 522 59 17 523 48 46 524 50 43 525 51 47 526 13 5 527 47 45 528 59 17 529 46 49 530 42 42 531 43 38 532 9 16 533 11 22 534 10 34 535 46 49 536 22 8 537 21 12 538 10 34 539 28 50 540 27 6 541 61 48 542 55 30 543 16 29 544 62 37 545 29 59 546 28 50 547 14 18 548 22 8 549 35 7 550 21 12 551 9 16 552 19 15 553 56 27 554 22 8 555 10 34 556 23 9 557 51 47 558 52 53 559 61 48 560 71 62 561 70 54 562 31 44 563 38 28 564 66 55 565 81 57 566 30 20 567 70 54 568 29 59 569 68 65 570 67 60 571 28 50 572 76 69 573 33 31 574 77 61 575 63 68 576 71 62 577 16 29 578 80 79 579 37 63 580 81 57 581 38 28 582 25 10 583 66 55 584 69 58 585 68 65 586 29 59 587 74 76 588 65 66 589 75 67 590 32 21 591 65 66 592 19 15 593 67 60 594 66 55 595 27 6 596 64 75 597 63 68 598 17 25 599 75 67 600 32 21 601 76 69 602 71 62 603 63 68 604 64 75 605 69 58 606 70 54 607 71 62 608 67 60 609 68 65 610 69 58 611 64 75 612 66 55 613 67 60 614 66 55 615 37 63 616 38 28 617 66 55 618 35 7 619 36 23 620 65 66 621 33 31 622 34 51 623 33 31 624 65 66 625 32 21 626 69 58 627 71 62 628 64 75 629 64 75 630 67 60 631 69 58 632 66 55 633 36 23 634 37 63 635 35 7 636 65 66 637 34 51 638 65 66 639 66 55 640 64 75 641 71 62 642 63 68 643 87 71 644 70 54 645 71 62 646 86 72 647 69 58 648 70 54 649 85 73 650 68 65 651 69 58 652 84 74 653 73 78 654 64 75 655 74 76 656 67 60 657 68 65 658 83 77 659 72 70 660 63 68 661 73 78 662 66 55 663 67 60 664 82 56 665 54 151 666 62 37 667 53 40 668 41 41 669 56 27 670 40 32 671 64 75 672 17 25 673 65 66 674 36 23 675 37 63 676 79 80 677 78 81 678 35 7 679 79 80 680 77 61 681 34 51 682 78 81 683 81 57 684 82 56 685 97 83 686 79 80 687 80 79 688 95 85 689 93 94 690 77 61 691 94 86 692 91 96 693 75 67 694 92 87 695 86 72 696 87 71 697 102 89 698 89 97 699 73 78 700 90 90 701 84 74 702 85 73 703 100 92 704 98 82 705 82 56 706 99 93 707 96 84 708 80 79 709 97 83 710 94 86 711 78 81 712 95 85 713 76 69 714 77 61 715 92 87 716 103 88 717 87 71 718 88 95 719 74 76 720 75 67 721 90 90 722 85 73 723 86 72 724 101 91 725 72 70 726 73 78 727 88 95 728 83 77 729 84 74 730 99 93 731 97 83 732 98 82 733 113 99 734 95 85 735 96 84 736 111 101 737 109 110 738 93 94 739 110 102 740 107 112 741 91 96 742 108 103 743 102 89 744 103 88 745 118 105 746 105 113 747 89 97 748 106 106 749 100 92 750 101 91 751 116 108 752 98 82 753 99 93 754 114 98 755 112 100 756 96 84 757 113 99 758 110 102 759 94 86 760 111 101 761 108 103 762 92 87 763 109 110 764 103 88 765 88 95 766 119 104 767 90 90 768 91 96 769 106 106 770 101 91 771 102 89 772 117 107 773 104 111 774 88 95 775 105 113 776 99 93 777 100 92 778 115 109 779 114 98 780 115 109 781 130 115 782 128 127 783 112 100 784 129 116 785 126 128 786 110 102 787 127 117 788 124 129 789 108 103 790 125 118 791 119 104 792 104 111 793 135 120 794 106 106 795 107 112 796 122 122 797 117 107 798 118 105 799 133 124 800 120 119 801 104 111 802 121 125 803 115 109 804 116 108 805 131 114 806 113 99 807 114 98 808 129 116 809 111 101 810 112 100 811 127 117 812 125 118 813 109 110 814 126 128 815 123 121 816 107 112 817 124 129 818 118 105 819 119 104 820 134 123 821 121 125 822 105 113 823 122 122 824 116 108 825 117 107 826 132 126 827 136 144 828 120 119 829 137 130 830 131 114 831 132 126 832 147 132 833 129 116 834 130 115 835 145 134 836 127 117 837 128 127 838 143 136 839 125 118 840 126 128 841 141 138 842 139 145 843 123 121 844 140 139 845 134 123 846 135 120 847 150 141 848 137 130 849 121 125 850 138 142 851 132 126 852 133 124 853 148 131 854 130 115 855 131 114 856 146 133 857 144 135 858 128 127 859 145 134 860 142 137 861 126 128 862 143 136 863 140 139 864 124 129 865 141 138 866 135 120 867 120 119 868 151 140 869 122 122 870 123 121 871 138 142 872 133 124 873 134 123 874 149 143 875</p>
        </polylist>
      </mesh>
    </geometry>
    <geometry id="nd_bld_a30-mesh" name="nd_bld_a30">
      <mesh>
        <source id="nd_bld_a30-mesh-positions">
          <float_array id="nd_bld_a30-mesh-positions-array" count="39">-2.458081 2.458141 -4 -2.458081 -3.487106 -4 2.458205 -3.487104 -4 2.4582 2.458145 -4 -2.458081 2.458141 4.314758 -2.458081 -3.487106 4.314758 2.458205 -3.487104 4.314758 2.4582 2.458145 4.314758 6.05583e-5 9.53674e-7 7.790543 -2.458081 2.458141 4.314758 -2.458081 -3.487106 4.314758 2.458205 -3.487104 4.314758 2.4582 2.458145 4.314758</float_array>
          <technique_common>
            <accessor source="#nd_bld_a30-mesh-positions-array" count="13" stride="3">
              <param name="X" type="float"/>
              <param name="Y" type="float"/>
              <param name="Z" type="float"/>
            </accessor>
          </technique_common>
        </source>
        <source id="nd_bld_a30-mesh-normals">
          <float_array id="nd_bld_a30-mesh-normals-array" count="39">-7.75932e-7 1 0 1 8.02047e-7 0 2.90974e-7 -1 0 -1 0 0 0.4999542 0.4999542 0.7071444 -0.4999542 0.4999542 0.7071444 0 0.07550275 0.9971313 0.4307382 -0.4664144 0.7725761 -0.4307382 -0.4664144 0.7725761 -7.75932e-7 1 0 1 8.02047e-7 0 2.90974e-7 -1 0 -1 0 0</float_array>
          <technique_common>
            <accessor source="#nd_bld_a30-mesh-normals-array" count="13" stride="3">
              <param name="X" type="float"/>
              <param name="Y" type="float"/>
              <param name="Z" type="float"/>
            </accessor>
          </technique_common>
        </source>
        <source id="nd_bld_a30-mesh-map-0">
          <float_array id="nd_bld_a30-mesh-map-0-array" count="72">0.9999048 9.53293e-5 0.9999048 0.3827841 0.7736316 0.3827841 0.7736316 9.53062e-5 0.7736316 0.3827841 0.5000001 0.3827841 0.5000001 9.53062e-5 0.5000001 0.3827841 0.2737269 0.3827841 0.2737268 9.53524e-5 0.2737269 0.3827841 9.54447e-5 0.3827841 0.287986 0.7680867 9.53062e-5 0.7339046 0.1451897 0.5960345 0.2906394 0.4179944 0.287986 0.7680867 0.1451897 0.5960345 9.53178e-5 0.3829748 0.2906394 0.4179944 0.1451897 0.5960345 9.53062e-5 0.7339046 9.53178e-5 0.3829748 0.1451897 0.5960345 0.7736316 9.53062e-5 0.9999048 9.53293e-5 0.7736316 0.3827841 0.5000001 9.53062e-5 0.7736316 9.53062e-5 0.5000001 0.3827841 0.2737268 9.53524e-5 0.5000001 9.53062e-5 0.2737269 0.3827841 9.53062e-5 9.53985e-5 0.2737268 9.53524e-5 9.54447e-5 0.3827841</float_array>
          <technique_common>
            <accessor source="#nd_bld_a30-mesh-map-0-array" count="36" stride="2">
              <param name="S" type="float"/>
              <param name="T" type="float"/>
            </accessor>
          </technique_common>
        </source>
        <vertices id="nd_bld_a30-mesh-vertices">
          <input semantic="POSITION" source="#nd_bld_a30-mesh-positions"/>
        </vertices>
        <polylist material="ind_concrete_02-material" count="4">
          <input semantic="VERTEX" source="#nd_bld_a30-mesh-vertices" offset="0"/>
          <input semantic="NORMAL" source="#nd_bld_a30-mesh-normals" offset="1"/>
          <input semantic="TEXCOORD" source="#nd_bld_a30-mesh-map-0" offset="2" set="0"/>
          <vcount>3 3 3 3 </vcount>
          <p>12 4 12 9 5 13 8 6 14 11 7 15 12 4 16 8 6 17 10 8 18 11 7 19 8 6 20 9 5 21 10 8 22 8 6 23</p>
        </polylist>
        <polylist material="ind_bld__2__bricks-material" count="8">
          <input semantic="VERTEX" source="#nd_bld_a30-mesh-vertices" offset="0"/>
          <input semantic="NORMAL" source="#nd_bld_a30-mesh-normals" offset="1"/>
          <input semantic="TEXCOORD" source="#nd_bld_a30-mesh-map-0" offset="2" set="0"/>
          <vcount>3 3 3 3 3 3 3 3 </vcount>
          <p>0 0 0 4 0 1 7 0 2 3 1 3 7 1 4 6 1 5 2 2 6 6 2 7 5 2 8 1 3 9 5 3 10 4 3 11 3 9 24 0 9 25 7 9 26 2 10 27 3 10 28 6 10 29 1 11 30 2 11 31 5 11 32 0 12 33 1 12 34 4 12 35</p>
        </polylist>
      </mesh>
    </geometry>
    <geometry id="nd_bld_a30_001-mesh" name="nd_bld_a30.001">
      <mesh>
        <source id="nd_bld_a30_001-mesh-positions">
          <float_array id="nd_bld_a30_001-mesh-positions-array" count="1152">-0.5573724 2.982542 2.691836 -0.5573724 2.982542 1.308156 -0.5639191 2.995171 1.300031 0.5639191 2.995171 1.300031 0.5639191 2.995171 2.699961 -0.5639191 2.995171 2.699961 -0.6045933 2.995171 1.252553 0.6045933 2.995171 1.252553 0.6045933 2.995171 2.74744 -0.6045933 2.995171 2.74744 0.5573709 2.982542 2.691836 0.5573709 2.982542 1.308156 0.6111904 2.982542 2.755723 -0.6111904 2.982542 2.755723 0.6111904 2.982542 1.244269 -0.6111904 2.982542 1.244269 0.6111904 2.801015 2.755723 -0.6111904 2.801015 2.755723 0.6111904 2.801015 1.244269 -0.6111904 2.801015 1.244269 0 -3.98355 -3.8147e-6 0 -3.98355 2.199996 -1 -3.98355 2.199996 -1 -3.98355 -3.8147e-6 1 -3.98355 -3.8147e-6 1 -3.98355 2.199996 -1.209774 -1.968461 -3.990325 1.209774 -1.968461 -3.990325 -1.209774 -3.939705 -3.990325 -1.209774 -3.939705 2.599611 -1.209774 -1.968461 2.599611 1.209774 -3.939705 -3.990325 1.209774 -3.939705 2.599611 1.209774 -1.968461 2.599611 -1.131057 2.730761 4 -2.7307 1.131118 4 -2.089973 -2.090034 4 -1.131057 -2.730762 4 1.131181 -2.730761 4 2.730823 -1.131116 4 2.730821 1.131121 4 2.090092 2.090037 4 6.09229e-5 3.043455 4.014288 -1.164619 2.811786 4.014288 -2.151987 2.152048 4.014288 -2.811725 1.16468 4.014288 -3.043395 0 4.014288 -2.811725 -1.16468 4.014288 -2.151987 -2.152048 4.014288 -1.164619 -2.811787 4.014288 6.19146e-5 -3.043456 4.014288 1.164742 -2.811786 4.014288 2.15211 -2.152047 4.014288 2.811848 -1.164678 4.014288 3.043516 2.70776e-6 4.014288 2.811846 1.164683 4.014288 2.152106 2.15205 4.014288 1.164737 2.811788 4.014288 6.09212e-5 3.029098 4.3164 -1.159125 2.798522 4.3164 -2.141835 2.141896 4.3164 -2.798461 1.159186 4.3164 -3.029038 0 4.3164 -2.798461 -1.159186 4.3164 -2.141835 -2.141896 4.3164 -1.159124 -2.798522 4.3164 6.19082e-5 -3.029099 4.3164 1.159248 -2.798521 4.3164 2.141958 -2.141895 4.3164 2.798584 -1.159184 4.3164 3.029159 2.69875e-6 4.3164 2.798582 1.159189 4.3164 2.141954 2.141898 4.3164 1.159243 2.798523 4.3164 6.09112e-5 2.955754 -4 -1.131057 2.730761 -4 -2.089973 2.090034 -4 -2.7307 1.131118 -4 -2.955694 0 -4 -2.7307 -1.131118 -4 -2.089973 -2.090034 -4 -1.131057 -2.730762 -4 6.18743e-5 -2.955755 -4 1.131181 -2.730761 -4 2.090096 -2.090033 -4 2.730823 -1.131116 -4 2.955816 2.65112e-6 -4 2.730821 1.131121 -4 2.090092 2.090037 -4 1.131175 2.730763 -4 6.09112e-5 2.955754 4 -2.089973 2.090034 4 -2.955694 0 4 -2.7307 -1.131118 4 6.18743e-5 -2.955755 4 2.090096 -2.090033 4 2.955816 2.65112e-6 4 1.131175 2.730763 4 6.08768e-5 2.654313 4.3164 -1.015701 2.452265 4.3164 -1.876821 1.876882 4.3164 -2.452204 1.015761 4.3164 -2.654252 0 4.3164 -2.452204 -1.015761 4.3164 -1.876821 -1.876882 4.3164 -1.0157 -2.452265 4.3164 6.17417e-5 -2.654313 4.3164 1.015824 -2.452265 4.3164 1.876945 -1.876881 4.3164 2.452327 -1.01576 4.3164 2.654374 2.45886e-6 4.3164 2.452325 1.015764 4.3164 1.876941 1.876885 4.3164 1.015819 2.452266 4.3164 6.08768e-5 2.654313 4.652687 -1.015701 2.452265 4.652687 -1.876821 1.876882 4.652686 -2.452204 1.015761 4.652687 -2.654252 0 4.652687 -2.452204 -1.015761 4.652687 -1.876821 -1.876882 4.652686 -1.0157 -2.452265 4.652686 6.17417e-5 -2.654313 4.652687 1.015824 -2.452265 4.652686 1.876945 -1.876881 4.652687 2.452327 -1.01576 4.652687 2.654374 2.45886e-6 4.652687 2.452325 1.015764 4.652687 1.876941 1.876885 4.652687 1.015819 2.452266 4.652687 6.08791e-5 2.705972 4.675609 -1.03547 2.499992 4.675609 -1.91335 1.913411 4.675609 -2.499931 1.035531 4.675609 -2.705912 0 4.675609 -2.499932 -1.03553 4.675609 -1.91335 -1.913411 4.675609 -1.035469 -2.499993 4.675609 6.17608e-5 -2.705972 4.675609 1.035593 -2.499992 4.675609 1.913473 -1.91341 4.675609 2.500054 -1.035529 4.675609 2.706033 2.49265e-6 4.675609 2.500052 1.035533 4.675609 1.91347 1.913414 4.675609 1.035588 2.499994 4.675609 1.913452 1.913414 4.675599 1.035553 2.499995 4.675599 1.767792 1.767764 5.71113 0.9567261 2.309695 5.71113 2.50003 1.035532 4.675599 1.353027 1.352988 6.589011 2.309723 0.9567071 5.71113 0.7322693 1.767764 6.589011 2.705994 2.62984e-7 4.675599 0.7322693 0.7322323 7.175593 1.767792 0.7322318 6.589011 2.50003 7.06527e-7 5.71113 2.50003 -1.035531 4.675599 0.9567261 0.3962815 7.175593 1.913452 4.64594e-7 6.589011 2.309723 -0.9567058 5.71113 1.913452 -1.913413 4.675599 1.035553 6.46044e-7 7.175593 1.767792 -0.7322309 6.589011 1.767792 -1.767762 5.71113 1.035553 -2.499994 4.675599 0.9567261 -0.3962802 7.175593 1.353027 -1.352987 6.589011 0.9567261 -2.309693 5.71113 0.7322693 -0.7322309 7.175593 0.7322693 -1.767762 6.589011 0.4000244 2.472427 4.675599 0.4000244 2.281443 5.635733 0.4000244 1.732499 6.449696 0.4000244 1.864496 6.295036 0.4000244 0.8902937 6.991158 0.4000244 0.3708685 7.125721 0.4000244 0.07377189 7.147307 0.4000244 -2.472424 4.675599 0.4000244 -2.281441 5.635733 0.4000244 -0.3159362 7.136342 0.4000244 -1.732497 6.449696 0.4000244 -0.885203 6.993568 0.4056054 2.666031 4.675599 0.4056064 2.46005 5.71113 0.4056065 1.866855 6.589011 0.4056064 2.038977 6.387337 0.4056064 0.9654522 7.169095 0.4056065 0.4055738 7.315729 0.4056069 0.04033792 7.341236 0.4056074 -2.666028 4.675599 0.4056072 -2.460048 5.71113 0.4056072 -0.3339424 7.329578 0.4056072 -1.866853 6.589011 0.4056072 -0.9517322 7.175593 0.4000244 2.472427 4.675599 0.4000244 2.281443 5.635733 0.4000244 1.864496 6.295036 0.4000244 1.732499 6.449696 0.4000244 0.8902937 6.991158 0.4000244 0.3708685 7.125721 0.4000244 -2.281441 5.635733 0.4000244 -2.472424 4.675599 0.4000244 0.07377189 7.147307 0.4056064 2.46005 5.71113 0.4056054 2.666031 4.675599 0.4056065 1.866855 6.589011 0.4056064 2.038977 6.387337 0.4056065 0.4055738 7.315729 0.4056064 0.9654522 7.169095 0.4056072 -0.3339424 7.329578 0.4056069 0.04033792 7.341236 0.4056074 -2.666028 4.675599 0.4056072 -2.460048 5.71113 0.4000244 -1.732497 6.449696 0.4056072 -0.9517322 7.175593 0.4000244 -0.3159362 7.136342 0.4000244 -0.885203 6.993568 0.4056072 -1.866853 6.589011 -1.913452 1.913414 4.675599 -1.035553 2.499995 4.675599 -1.767792 1.767764 5.71113 -0.9567261 2.309695 5.71113 -2.50003 1.035532 4.675599 -1.353027 1.352988 6.589011 -2.309723 0.9567071 5.71113 -0.7322693 1.767764 6.589011 -2.705994 2.62984e-7 4.675599 -0.7322693 0.7322323 7.175593 -1.767792 0.7322318 6.589011 -2.50003 7.06527e-7 5.71113 -2.50003 -1.035531 4.675599 -0.9567261 0.3962815 7.175593 -1.913452 4.64594e-7 6.589011 -2.309723 -0.9567058 5.71113 -1.913452 -1.913413 4.675599 -1.035553 6.46044e-7 7.175593 -1.767792 -0.7322309 6.589011 -1.767792 -1.767762 5.71113 -1.035553 -2.499994 4.675599 -0.9567261 -0.3962802 7.175593 -1.353027 -1.352987 6.589011 -0.9567261 -2.309693 5.71113 -0.7322693 -0.7322309 7.175593 -0.7322693 -1.767762 6.589011 -0.4000244 2.472427 4.675599 -0.4000244 2.281443 5.635733 -0.4000244 1.732499 6.449696 -0.4000244 1.864496 6.295036 -0.4000244 0.8902937 6.991158 -0.4000244 0.3708685 7.125721 -0.4000244 0.07377189 7.147307 -0.4000244 -2.472424 4.675599 -0.4000244 -2.281441 5.635733 -0.4000244 -0.3159362 7.136342 -0.4000244 -1.732497 6.449696 -0.4000244 -0.885203 6.993568 0 2.472427 4.675599 0 2.281443 5.635733 0 1.732499 6.449696 0 1.864496 6.295036 0 0.8902937 6.991158 0 0.3708685 7.125721 0 0.07377189 7.147307 0 -2.472424 4.675599 0 -2.281441 5.635733 0 -0.3159362 7.136342 0 -1.732497 6.449696 0 -0.885203 6.993568 -0.4056054 2.666031 4.675599 -0.4056064 2.46005 5.71113 -0.4056065 1.866855 6.589011 -0.4056064 2.038977 6.387337 -0.4056064 0.9654522 7.169095 -0.4056065 0.4055738 7.315729 -0.4056069 0.04033792 7.341236 -0.4056074 -2.666028 4.675599 -0.4056072 -2.460048 5.71113 -0.4056072 -0.3339424 7.329578 -0.4056072 -1.866853 6.589011 -0.4056072 -0.9517322 7.175593 -0.4000244 2.472427 4.675599 -0.4000244 2.281443 5.635733 -0.4000244 1.864496 6.295036 -0.4000244 1.732499 6.449696 -0.4000244 0.8902937 6.991158 -0.4000244 0.3708685 7.125721 -0.4000244 -2.281441 5.635733 -0.4000244 -2.472424 4.675599 -0.4000244 0.07377189 7.147307 -0.4056064 2.46005 5.71113 -0.4056054 2.666031 4.675599 -0.4056065 1.866855 6.589011 -0.4056064 2.038977 6.387337 -0.4056065 0.4055738 7.315729 -0.4056064 0.9654522 7.169095 -0.4056072 -0.3339424 7.329578 -0.4056069 0.04033792 7.341236 -0.4056074 -2.666028 4.675599 -0.4056072 -2.460048 5.71113 -0.4000244 -1.732497 6.449696 -0.4056072 -0.9517322 7.175593 -0.4000244 -0.3159362 7.136342 -0.4000244 -0.885203 6.993568 -0.4056072 -1.866853 6.589011 -1.209774 -3.939705 2.599611 -1.209774 -3.939705 2.599611 -1.209774 -3.939705 -3.990325 -1.209774 -1.968461 2.599611 1.209774 -3.939705 2.599611 1.209774 -3.939705 2.599611 1.209774 -1.968461 2.599611 1.209774 -3.939705 -3.990325 2.090092 2.090037 4 2.730821 1.131121 4 -1.164619 2.811786 4.014288 6.09229e-5 3.043455 4.014288 6.09229e-5 3.043455 4.014288 6.09229e-5 3.043455 4.014288 -2.151987 2.152048 4.014288 -2.811725 1.16468 4.014288 -3.043395 0 4.014288 -2.811725 -1.16468 4.014288 -2.151987 -2.152048 4.014288 -1.164619 -2.811787 4.014288 6.19146e-5 -3.043456 4.014288 1.164742 -2.811786 4.014288 2.15211 -2.152047 4.014288 2.811848 -1.164678 4.014288 3.043516 2.70776e-6 4.014288 2.811846 1.164683 4.014288 2.152106 2.15205 4.014288 1.164737 2.811788 4.014288 -1.159125 2.798522 4.3164 6.09212e-5 3.029098 4.3164 6.09212e-5 3.029098 4.3164 -2.141835 2.141896 4.3164 -2.798461 1.159186 4.3164 -3.029038 0 4.3164 -2.798461 -1.159186 4.3164 -2.141835 -2.141896 4.3164 6.09112e-5 2.955754 4 6.09112e-5 2.955754 4 6.09112e-5 2.955754 4 -1.159124 -2.798522 4.3164 6.19082e-5 -3.029099 4.3164 1.159248 -2.798521 4.3164 2.730823 -1.131116 4 2.090096 -2.090033 4 1.131181 -2.730761 4 2.141958 -2.141895 4.3164 6.18743e-5 -2.955755 4 -1.131057 -2.730762 4 2.798584 -1.159184 4.3164 -2.089973 -2.090034 4 3.029159 2.69875e-6 4.3164 2.798582 1.159189 4.3164 -2.7307 -1.131118 4 -2.955694 0 4 -2.7307 1.131118 4 2.141954 2.141898 4.3164 -2.089973 2.090034 4 -1.131057 2.730761 4 1.159243 2.798523 4.3164 2.955816 2.65112e-6 4 1.131175 2.730763 4 -1.015701 2.452265 4.652687 6.08768e-5 2.654313 4.652687 -1.876821 1.876882 4.652686 -2.452204 1.015761 4.652687 -2.654252 0 4.652687 -2.452204 -1.015761 4.652687 -1.876821 -1.876882 4.652686 -1.0157 -2.452265 4.652686 6.17417e-5 -2.654313 4.652687 1.015824 -2.452265 4.652686 1.876945 -1.876881 4.652687 2.452327 -1.01576 4.652687 2.654374 2.45886e-6 4.652687 2.452325 1.015764 4.652687 1.876941 1.876885 4.652687 1.015819 2.452266 4.652687 6.09112e-5 2.955754 -4</float_array>
          <technique_common>
            <accessor source="#nd_bld_a30_001-mesh-positions-array" count="384" stride="3">
              <param name="X" type="float"/>
              <param name="Y" type="float"/>
              <param name="Z" type="float"/>
            </accessor>
          </technique_common>
        </source>
        <source id="nd_bld_a30_001-mesh-normals">
          <float_array id="nd_bld_a30_001-mesh-normals-array" count="1164">0.8877877 0.460253 0 0 0.5410994 0.8409586 0 0.5411219 -0.8409442 0 1 0 0 1 0 0 1 0 0 1 0 0 1 0 -0.8877432 0.4603389 0 0 0.5484916 0.8361561 0.8863407 0.4630337 0 0 0.5485027 -0.8361489 -0.8863407 0.4630337 0 -1 0 0 0 0 -1 1 0 0 0 0 1 -2.38419e-7 -1 0 -2.38419e-7 -1 0 1 0 0 0 -1 0 0 0 1 -1 0 0 0.1136814 -0.1136814 -0.9869686 0.1485335 -0.06152528 -0.9869686 0.1485335 -0.06152528 -0.9869686 -0.7062899 -0.7062899 0.04745626 -0.7062899 -0.7062899 0.04745626 -0.3822443 -0.9228187 0.04745626 -0.3822443 0.9228187 0.04745626 -0.7062899 0.7062899 0.04745626 -0.7062899 0.7062899 0.04745626 0.06152528 -0.1485335 -0.9869686 0.06152528 -0.1485335 -0.9869686 -0.1485335 -0.06152528 -0.9869686 -0.1607715 0 -0.9869686 -0.1607715 0 -0.9869686 -0.1485335 0.06152528 -0.9869686 -0.1485335 0.06152528 -0.9869686 0 -0.1607715 -0.9869686 0.1485335 0.06152528 -0.9869686 0.1136814 0.1136814 -0.9869686 0.1136814 0.1136814 -0.9869686 -0.9228187 0.3822443 0.04745626 -0.9228187 0.3822443 0.04745626 -0.9988708 0 0.04745626 -0.06152528 -0.1485335 -0.9869686 -0.06152528 -0.1485335 -0.9869686 0.9228187 0.3822443 0.04745626 0.9228187 0.3822443 0.04745626 0.7062899 0.7062899 0.04745626 0.3822443 0.9228187 0.04745626 0.3822443 0.9228187 0.04745626 0.1948606 0.9797052 0.04654067 -0.3822443 -0.9228187 0.04745626 0 -0.9988708 0.04745626 0.9988708 0 0.04745626 0.9988708 0 0.04745626 -0.06152528 0.1485335 -0.9869686 -0.06152528 0.1485335 -0.9869686 -0.1136814 0.1136814 -0.9869686 0.7062899 -0.7062899 0.04745626 0.7062899 -0.7062899 0.04745626 0.9228187 -0.3822443 0.04745626 0.7062899 0.7062899 0.04745626 0.3822443 -0.9228187 0.04745626 0.3822443 -0.9228187 0.04745626 -0.03195285 0.1607105 -0.9864803 -0.03195285 0.1607105 -0.9864803 0.9228187 -0.3822443 0.04745626 -0.9988708 0 0.04745626 -0.9228187 -0.3822443 0.04745626 -0.3826716 0.9238563 0 -0.3826716 0.9238563 0 -0.1950743 0.9807733 0 -0.7070834 -0.7070834 0 -0.7070834 -0.7070834 0 -0.9238563 -0.3826716 0 0.1950743 0.9807733 0 0.1950743 0.9807733 0 0.3826716 0.9238563 0 -1 0 0 -1 0 0 0.7070834 -0.7070834 0 0.7070834 -0.7070834 0 0.3826716 -0.9238563 0 0.7070834 0.7070834 0 0.7070834 0.7070834 0 0.9238563 0.3826716 0 -0.7070834 0.7070834 0 -0.7070834 0.7070834 0 -0.9238563 0.3826716 0 0.9238563 -0.3826716 0 0.9238563 -0.3826716 0 0.06152528 0.1485335 -0.9869686 0 -1 0 0 -1 0 0.3826716 -0.9238563 0 1 0 0 1 0 0 -0.3826716 -0.9238563 0 -0.3826716 -0.9238563 0 -0.9238563 0.3826716 0 -0.1485335 -0.06152528 -0.9869686 -0.1136814 -0.1136814 -0.9869686 0.1607715 0 -0.9869686 0.03195285 0.1607105 -0.9864803 0.06152528 0.1485335 -0.9869686 0.1607715 0 -0.9869686 -0.9228187 -0.3822443 0.04745626 -0.3822443 0.9228187 0.04745626 -0.1948606 0.9797052 0.04654067 -0.1948606 0.9797052 0.04654067 -0.1136814 0.1136814 -0.9869686 0 0 1 0 0 1 0 0 1 0.9238563 0.3826716 0 0.7070834 -0.7070834 0 0.7070834 -0.7070834 0 0.3826716 -0.9238563 0 -1 0 0 -1 0 0 -0.9238563 0.3826716 0 0.7070834 0.7070834 0 0.7070834 0.7070834 0 0.9238563 0.3826716 0 0 -1 0 0.3826716 -0.9238563 0 -0.9238563 0.3826716 0 -0.7070834 0.7070834 0 0.9238563 0.3826716 0 1 0 0 -0.3826716 0.9238563 0 -0.7070834 0.7070834 0 0 -0.9999695 0 -0.3826716 -0.9238563 0 1 0 0 0.9238563 -0.3826716 0 -0.3826716 0.9238563 0 0 0.9999695 0 -0.3826716 -0.9238563 0 -0.7070834 -0.7070834 0 0.9238563 -0.3826716 0 -0.9238563 -0.3826716 0 -0.7070834 -0.7070834 0 0 0.9999695 0 0.3826716 0.9238563 0 -0.9238563 -0.3826716 0 0.1551866 0.3747063 -0.9140294 0 0.4055604 -0.9140294 0 0.4055604 -0.9140294 0.2867825 -0.2867825 -0.9140294 0.2867825 -0.2867825 -0.9140294 0.1551866 -0.3747063 -0.9140294 -0.4055604 0 -0.9140294 -0.3747063 -0.1551866 -0.9140294 -0.3747063 -0.1551866 -0.9140294 0.1551866 0.3747063 -0.9140294 0.2867825 0.2867825 -0.9140294 0 -0.4055604 -0.9140294 0.1551866 -0.3747063 -0.9140294 -0.4055604 0 -0.9140294 -0.3747063 0.1551866 -0.9140294 0.2867825 0.2867825 -0.9140294 0.3747063 0.1551866 -0.9140294 -0.3747063 0.1551866 -0.9140294 -0.2867825 0.2867825 -0.9140294 0 -0.4055604 -0.9140294 -0.1551866 -0.3747063 -0.9140294 0.4055604 0 -0.9140294 0.3747063 0.1551866 -0.9140294 -0.2867825 0.2867825 -0.9140294 -0.1551866 0.3747063 -0.9140294 -0.1551866 -0.3747063 -0.9140294 -0.2867825 -0.2867825 -0.9140294 0.3747063 -0.1551866 -0.9140294 0.4055604 0 -0.9140294 -0.1551866 0.3747063 -0.9140294 -0.2867825 -0.2867825 -0.9140294 0.3747063 -0.1551866 -0.9140294 0.3826716 0.9238563 0 0.311594 0.6478469 0.6950896 0.5086215 0.5081942 0.6949675 0.6556597 0.6556597 0.37434 0.8566851 0.3548387 0.37434 -0.9995422 0.02880942 0.005706906 -0.9995422 0.02880942 0.005706906 -0.9995728 0.02658158 0.0104373 0.3121433 0.3017365 0.9008148 0.4018678 0.1585437 0.9018525 0.6641133 0.2750939 0.6951506 0.9807733 0 0.1950743 0.9061251 0.3753166 0.1950743 -0.9995728 0.0190435 0.0216071 -0.9995728 0.02328562 0.01684617 -0.9995728 0.02307194 0.01718187 0.718833 0 0.6951506 0.428785 0.001342773 0.9033784 0.4042787 -0.8938567 0.193762 0.3851131 -0.8436537 0.3740043 0.2466811 -0.897641 0.3651845 0.8566851 -0.3548387 0.37434 0.9061251 -0.3753166 0.1950743 0.2504654 -0.4045228 0.8795129 0.3112277 -0.3125706 0.8974273 0.2354808 -0.113712 0.9651784 -0.9995728 -0.02658158 0.01110869 -0.9995728 -0.02011168 0.02063047 -0.9995728 -0.02014219 0.02059996 0 0.4008301 0.9161351 0 0.4008301 0.9161351 0 0.1622669 0.9867244 0.6556597 -0.6556597 0.37434 0.6935026 -0.6935026 0.1950743 0.6641133 -0.2750939 0.6951506 0 -0.1364787 0.9906308 0 -0.1364787 0.9906308 0 -0.3969237 0.9178137 0.5084078 -0.5082553 0.6950896 -0.9995728 0.02649003 0.01055938 0 0.02218693 0.9997254 0 0.02218693 0.9997254 0 0.1622669 0.9867244 0.3030793 -0.6497391 0.6970733 0.4030579 -0.1606494 0.9009369 0.2546159 0.02694779 0.9666433 -0.9995422 -0.02880942 0.005706906 -0.9995728 -0.02658158 0.01107817 0 0.6577349 0.7532274 0 0.6577349 0.7532274 -0.9995728 -0.01126128 0.02649003 -0.9995728 -0.003845274 0.02844321 -0.9995728 -0.003997921 0.02841269 0.2034669 -0.7001251 0.6843776 0 -0.6990265 0.7150792 0 -0.6990265 0.7150792 0 -0.9230324 0.3846553 0.4042787 0.8938567 0.193762 0.392346 0.8410291 0.3724479 0.2592242 0.7975707 0.5446333 0.2218695 0.6982635 0.6805322 -0.9995728 7.62963e-4 0.02890098 -0.9995728 3.96741e-4 0.02880942 -0.9995728 0.004699826 0.02856528 0.2259285 0.1475265 0.9628895 0.2519913 0.4103214 0.8764001 -0.9995728 0.01153594 0.02642899 -0.9995728 0.01886039 0.02182072 -0.9995728 0.01162755 0.02636796 -0.9995728 -0.01159703 0.02636796 0 0.9807733 0.1950743 0 0.9807733 0.1950743 0 0.9285867 0.3710135 0 -0.3969237 0.9178137 0 0.8049257 0.5933409 0 0.8049257 0.5933409 0 -0.9230324 0.3846553 0 -0.9807733 0.1950743 0.2612995 0.8941618 0.3635365 0.6935026 0.6935026 0.1950743 -0.6556597 0.6556597 0.37434 -0.5086215 0.5081942 0.6949675 -0.311594 0.6478469 0.6950896 -0.8566851 0.3548387 0.37434 -0.6641133 0.2750939 0.6951506 0.9995728 0.02658158 0.0104373 0.9995422 0.02880942 0.005706906 0.9995422 0.02880942 0.005706906 -0.3121433 0.3017365 0.9008148 -0.9807733 0 0.1950743 -0.9272744 0 0.37434 0.9995728 0.0190435 0.0216071 0.9995728 0.01886039 0.02182072 0.9995728 0.02307194 0.01718187 -0.718833 0 0.6951506 -0.428785 0.001342773 0.9033784 -0.2466811 -0.897641 0.3651845 -0.3851131 -0.8436537 0.3740043 -0.4042787 -0.8938567 0.193762 -0.9061251 -0.3753166 0.1950743 -0.8566851 -0.3548387 0.37434 -0.2504654 -0.4045228 0.8795129 -0.2354808 -0.113712 0.9651784 -0.3112277 -0.3125706 0.8974273 0.9995728 -0.02658158 0.01110869 0.9995728 -0.02658158 0.01107817 0.9995728 -0.02014219 0.02059996 0 0.4008301 0.9161351 -0.6935026 -0.6935026 0.1950743 -0.6641133 -0.2750939 0.6951506 -0.4030579 -0.1606494 0.9009369 0 -0.1364787 0.9906308 -0.6556597 -0.6556597 0.37434 -0.5084078 -0.5082553 0.6950896 0.9995728 0.02328562 0.01684617 0 0.1622669 0.9867244 0 0.02218693 0.9997254 -0.3030793 -0.6497391 0.6970733 -0.2546159 0.02694779 0.9666433 0.9995422 -0.02880942 0.005706906 0.9995422 -0.02880942 0.005706906 0 0.6577349 0.7532274 0.9995728 -0.01126128 0.02649003 0.9995728 -0.01159703 0.02636796 0.9995728 -0.003997921 0.02841269 -0.2034669 -0.7001251 0.6843776 0 -0.6990265 0.7150792 -0.4042787 0.8938567 0.193762 -0.6935026 0.6935026 0.1950743 -0.2592242 0.7975707 0.5446333 -0.2612995 0.8941618 0.3635365 -0.392346 0.8410291 0.3724479 0.9995728 0.004699826 0.02856528 0.9995728 3.96741e-4 0.02880942 0.9995728 7.62963e-4 0.02890098 -0.2259285 0.1475265 0.9628895 -0.2519913 0.4103214 0.8764001 0.9995728 0.01153594 0.02642899 0.9995728 0.01162755 0.02636796 0.9995728 0.004669308 0.02856528 0.9995728 -0.02011168 0.02063047 0 0.9807733 0.1950743 0 -0.3969237 0.9178137 -0.4018678 0.1585437 0.9018525 0 0.8049257 0.5933409 0 -0.9230324 0.3846553 -0.253975 0.9481185 0.1910763 -0.2218695 0.6982635 0.6805322 -0.9061251 0.3753166 0.1950743 0.8877877 0.4602531 0 0 0.5410994 0.8409586 0 0.5411219 -0.8409442 0 1 0 0 1 0 0 1 0 0 1 0 0 1 0 -0.8877432 0.460339 0 0 0.5484916 0.8361561 0.8863407 0.4630337 0 0 0.5485026 -0.8361488 -0.8863407 0.4630337 0 -1 0 0 0 0 -1 1 0 0 0 0 1 -2.38419e-7 -1 0 -2.38419e-7 -1 0 1 0 0 0 -1 0 0 0 1 -1 0 0 0.1136814 -0.1136814 -0.9869686 0 -0.1607715 -0.9869686 0.1485335 0.06152528 -0.9869686 0.1948606 0.9797052 0.04654067 0 -0.9988708 0.04745626 -0.1950743 0.9807733 0 -0.9238563 -0.3826716 0 0.3826716 0.9238563 0 -0.1136814 -0.1136814 -0.9869686 0.03195285 0.1607105 -0.9864803 0 0 1 0 0 1 0 0 1 0 0 1 0 0 1 0 0 1 0 0 1 0 0 1 0 0 1 0 0 1 0 0 1 0 0 1 0 0 1 0.9272744 0 0.37434 0.253975 -0.9481185 0.1910763 -0.9995422 -0.02880942 0.005706906 -0.9995728 0.004669308 0.02856528 0 0.9285867 0.3710135 0 -0.9807733 0.1950743 0.253975 0.9481185 0.1910763 0.9995728 0.02649003 0.01055938 -0.253975 -0.9481185 0.1910763 0.9995728 -0.003845274 0.02844321 0 0.9285867 0.3710135 0 -0.9807733 0.1950743</float_array>
          <technique_common>
            <accessor source="#nd_bld_a30_001-mesh-normals-array" count="388" stride="3">
              <param name="X" type="float"/>
              <param name="Y" type="float"/>
              <param name="Z" type="float"/>
            </accessor>
          </technique_common>
        </source>
        <source id="nd_bld_a30_001-mesh-map-0">
          <float_array id="nd_bld_a30_001-mesh-map-0-array" count="2508">0.02303999 0.6451939 0.02304625 0.3173232 0.02517467 0.3188033 0.02287423 0.067644 0.02499479 0.0691365 0.02496057 0.6435377 0.02286547 0.6450125 0.02287429 0.06764328 0.0249949 0.06913578 0.3333525 0.6666474 0.3333526 0.01931172 0.6666474 0.01931172 0.02304625 0.3173232 0.02303999 0.6451939 0.01752012 0.6505459 0.01751214 0.6505329 0.01751649 0.06211876 0.02287423 0.067644 0.02304029 0.6451935 0.01752018 0.6505458 0.01752126 0.3119513 0.02286547 0.6450125 0.01751232 0.6505336 0.01751667 0.06211769 0.02304333 0.3173055 0.02517205 0.3187857 0.02516973 0.6437128 0.01751232 0.6505336 0.01539152 0.6520261 0.01539158 0.06062203 0.01539152 0.6520261 0.01539152 0.3104702 0.01752126 0.3119513 0.01539152 0.6520261 0.01539152 0.06062281 0.01751649 0.06211876 0.01752012 0.6505459 0.01539152 0.6520261 0.01539152 0.3104859 0.01539152 0.6520261 0.01539152 0.6520261 0.01539152 0.3104859 0.01539152 0.6520261 0.01539152 0.6520261 0.01539152 0.06062281 0.01539152 0.6520261 0.01539152 0.6520261 0.01539152 0.3104702 0.01539152 0.6520261 0.01539152 0.6520261 0.01539158 0.06062203 0.6875232 0.687338 0.6875232 9.27426e-5 0.9999074 9.26682e-5 0.9999077 9.27746e-5 0.9999074 0.687338 0.6875232 0.687338 1.281658 1.264739 1.281659 -1.148556 2.003547 -1.148555 0.3868389 -1.148569 1.281659 -1.148556 1.281658 1.264739 1.281612 2.001519 0.386826 2.001504 0.3888326 1.272171 -0.3350499 1.264725 -0.3350486 -1.148569 0.3868389 -1.148569 0.6254425 0.3161135 0.687036 0.3161347 0.6874846 0.321016 0.375083 0.3370405 0.3750149 0.320908 0.4375088 0.3209295 0.06254529 0.3208001 0.1250392 0.3208217 0.12496 0.3369543 0.5624967 0.3209728 0.5629485 0.3160919 0.6245421 0.3161132 0.3125209 0.3208863 0.250027 0.3208647 0.2504789 0.3159839 0.1875331 0.3208432 0.187985 0.3159624 0.2495784 0.3159837 0.5004546 0.3160703 0.5620481 0.3160915 0.5624967 0.3209728 0.8129243 0.3161783 0.8745177 0.3161996 0.8749663 0.3210808 0.1876012 0.3369758 0.1875331 0.3208432 0.250027 0.3208647 0.4375088 0.3209295 0.4379606 0.3160487 0.4995542 0.31607 0.8125406 0.3371918 0.8124724 0.3210592 0.8749663 0.3210808 0.9375283 0.3372349 0.9374603 0.3211024 0.9999539 0.321124 0.4375769 0.3370621 0.4375088 0.3209295 0.5000028 0.3209512 0.7500466 0.3371701 0.7499785 0.3210376 0.8124724 0.3210592 0.06254529 0.3208001 0.06299722 0.3159192 0.1245906 0.3159404 0.6250587 0.3371269 0.6249906 0.3209943 0.6874846 0.321016 0.8750344 0.3372133 0.8749663 0.3210808 0.9374603 0.3211024 0.5000028 0.3209512 0.5624967 0.3209728 0.5624174 0.3371052 0.06254529 0.3208001 5.14224e-5 0.3207785 5.03335e-4 0.3158977 0.6875527 0.3371486 0.6874846 0.321016 0.7499785 0.3210376 0.5625648 0.3371053 0.5624967 0.3209728 0.6249906 0.3209943 0.2500951 0.3369973 0.250027 0.3208647 0.3125209 0.3208863 0.1251074 0.3369542 0.1250392 0.3208217 0.1875331 0.3208432 -2.906841 -1.03837 -2.906836 1.891324 -3.331221 1.891325 -0.7849071 -1.038376 -0.784904 1.891321 -1.209289 1.891322 3.458971 -1.038374 3.458961 1.891327 3.034574 1.891325 -1.209289 1.891322 -1.633675 1.891323 -1.633681 -1.038374 0.9126414 -1.038378 0.9126431 1.891319 0.4882572 1.891319 2.610196 -1.038376 2.610187 1.891323 2.1858 1.891322 -2.48245 1.891324 -2.482454 -1.038371 -2.058069 -1.038373 1.337031 -1.038379 1.337029 1.891319 0.9126431 1.891319 0.9374603 0.3211024 0.8749663 0.3210808 0.8754183 0.3162 0.06387042 1.89132 0.06386703 -1.038377 0.488254 -1.038378 1.76142 -1.038378 1.761414 1.891321 1.337029 1.891319 0.06387042 1.89132 -0.3605164 1.89132 -0.3605205 -1.038377 -1.633681 -1.038374 -1.633675 1.891323 -2.058061 1.891322 -0.784904 1.891321 -0.7849071 -1.038376 -0.3605205 -1.038377 0.3125209 0.3208863 0.3129727 0.3160055 0.3745663 0.3160268 0.6874846 0.321016 0.6879365 0.3161351 0.74953 0.3161563 0.9999539 0.321124 0.9374603 0.3211024 0.9379122 0.3162215 0.7499785 0.3210376 0.7504304 0.3161568 0.8120239 0.316178 0.3749355 0.3370406 0.3125891 0.3370189 0.3125209 0.3208863 0.06246602 0.3369325 1.19604e-4 0.336911 5.14224e-5 0.3207785 0.1875331 0.3208432 0.1250392 0.3208217 0.1254911 0.3159408 0.3754667 0.3160271 0.4370602 0.3160484 0.4375088 0.3209295 0.142376 0.3158053 4.61899e-5 0.142376 0.01801466 0.08314174 2.185808 -1.038377 2.1858 1.891322 1.761414 1.891321 1.294965 -0.003242254 1.294965 0.1252019 0.8974816 0.1252017 -1.089933 -0.003241539 -1.089933 0.1252024 -1.487415 0.1252026 2.8849 -0.003241896 2.8849 0.1252022 2.487416 0.1252022 0.4999985 -0.003242075 0.8974816 -0.003242254 0.8974816 0.1252017 -1.487415 -0.003241181 -1.487415 0.1252026 -1.884897 0.1252026 2.487416 -0.003242075 2.487416 0.1252022 2.089932 0.1252019 -2.28238 -0.003240644 -1.884897 -0.003241181 -1.884897 0.1252026 0.4999985 -0.003242075 0.4999985 0.1252019 0.1025156 0.1252019 2.089932 -0.003242254 2.089932 0.1252019 1.692448 0.1252019 -2.28238 -0.003240644 -2.28238 0.1252031 -2.679862 0.1252035 0.1025156 -0.003242075 0.1025156 0.1252019 -0.2949674 0.1252021 1.692448 -0.003242254 1.692448 0.1252019 1.294965 0.1252019 -0.6924507 -0.003241539 -0.2949674 -0.003241896 -0.2949674 0.1252021 3.679867 -0.003241539 3.679867 0.1252028 3.282384 0.1252026 -0.6924507 -0.003241539 -0.6924507 0.1252022 -1.089933 0.1252024 3.282384 0.1252026 3.679867 0.1252028 3.6818 0.1467025 1.294965 0.1252019 1.296899 0.1467014 0.8955478 0.1467014 -1.089933 0.1252024 -0.6924507 0.1252022 -0.6905163 0.146702 3.282384 0.1252026 3.284318 0.1467024 2.882966 0.1467018 0.4999985 0.1252019 0.8974816 0.1252017 0.899416 0.1467014 -1.089933 0.1252024 -1.087999 0.146702 -1.489349 0.1467021 2.8849 0.1252022 2.886834 0.146702 2.485482 0.146702 -1.487415 0.1252026 -1.485481 0.1467024 -1.886832 0.1467025 0.4999985 0.1252019 0.5019328 0.1467016 0.1005815 0.1467016 2.089932 0.1252019 2.487416 0.1252022 2.48935 0.146702 -1.884897 0.1252026 -1.882964 0.1467021 -2.284314 0.1467027 0.1025156 0.1252019 0.1044497 0.1467016 -0.2969014 0.1467018 1.692448 0.1252019 2.089932 0.1252019 2.091866 0.1467016 -2.28238 0.1252031 -2.280446 0.1467027 -2.681796 0.146703 -0.2949674 0.1252021 -0.2930333 0.1467016 -0.6943843 0.146702 1.692448 0.1252019 1.694382 0.1467016 1.293031 0.1467014 3.034574 1.891325 2.610187 1.891323 2.610196 -1.038376 -2.48245 1.891324 -2.906836 1.891324 -2.906841 -1.03837 3.282384 -0.003241717 3.282384 0.1252026 2.8849 0.1252022 0.4563356 0.8437474 0.5953288 0.7705014 0.7510624 0.9630545 0.9178358 0.7687037 0.7510625 0.9630547 0.5953294 0.770502 0.2492515 2.03922 0.1678306 2.031195 0.1683688 1.620724 0.4614384 0.6082351 0.5094112 0.5501173 0.6964519 0.6491587 1.341284 0.5512442 1.204933 0.93317 0.9178358 0.7687037 0.249953 1.200282 0.2507334 1.310666 0.1689954 1.293599 0.9178358 0.7687037 0.6964522 0.6491588 0.7426421 0.4974056 0.5312034 0.4780719 0.7426421 0.4974056 0.6964522 0.6491588 0.7765328 -0.3953287 0.6363254 -0.1143566 0.4986854 -0.1639223 0.9643555 0.2613104 1.276324 0.1509435 1.341285 0.5512359 0.429893 0.2907637 0.4871222 0.3370324 0.416784 0.407065 0.2495024 -0.8077595 0.2495097 -0.3799356 0.1680986 -0.3886383 0.168533 0.7867218 0.001673221 0.7867845 0.001584112 0.5652434 0.9643555 0.2613104 0.8358291 0.03973352 1.073976 -0.1741006 0.7253203 0.3396579 0.7426421 0.4974056 0.5312035 0.4780718 0.1683496 0.278243 0.001473307 0.2783059 0.001381218 0.03342366 0.7426432 0.4974057 0.7253206 0.3396579 0.9643554 0.2613105 0.8358291 0.03973352 0.6363334 -0.1143584 0.7765327 -0.3953286 0.4871226 0.337033 0.6482859 0.2016191 0.7253206 0.3396579 0.2507334 1.310666 0.2499427 1.628216 0.1683688 1.620724 0.6482866 0.2016201 0.8358291 0.03973358 0.9643555 0.2613104 0.001534521 0.4409801 0.1684108 0.4409171 0.1684549 0.5651804 0.5250695 0.1039493 0.636328 -0.1143507 0.8358291 0.03973352 0.523345 0.4031887 0.5312035 0.4780718 0.4124835 0.4523447 0.249194 -1.218649 0.2494061 -0.7919051 0.1679433 -0.8003446 0.1686837 1.208653 0.001840412 1.208716 0.001677751 0.7914823 0.2498528 0.02624183 0.2498133 0.2886485 0.1683496 0.278243 0.5250685 0.1039486 0.429893 0.2907637 0.4585354 0.07735717 0.1680986 -0.3886383 0.001222252 -0.3885753 0.001066982 -0.800282 0.6144194 1.379781 0.5271153 1.078209 0.7510622 0.9630548 0.4871222 0.3370324 0.523345 0.4031887 0.416784 0.407065 0.3849929 0.9158197 0.3860886 0.857641 0.4563354 0.843747 0.1684108 0.4409171 0.2501612 0.4379097 0.2498214 0.5738477 0.4044991 0.5396871 0.4614379 0.6082345 0.3965936 0.6429122 0.6363254 -0.1143566 0.5250686 0.1039482 0.4585354 0.07735723 0.2500626 0.7893252 0.2501173 1.216618 0.1686837 1.208653 0.2500236 0.5610663 0.250127 0.7937805 0.168533 0.7867218 0.2495431 -0.3966643 0.249646 0.04330062 0.1682575 0.03336095 0.1678306 2.031195 9.08092e-4 2.030976 0.001446247 1.620505 0.1682575 0.03336095 0.001381218 0.03342366 0.001222252 -0.3885753 0.1684108 0.4409171 0.001534521 0.4409801 0.001473307 0.2783059 0.5312018 0.4780716 0.5094097 0.5501133 0.4111076 0.466768 0.001446247 1.620505 0.001875102 1.29352 0.1689954 1.293599 0.1689954 1.293599 0.001875102 1.29352 0.001840412 1.208716 0.5094097 0.5501133 0.4614379 0.6082345 0.4064688 0.5151996 0.1679433 -0.8003446 0.001066982 -0.800282 9.12189e-4 -1.210639 0.3828336 1.101999 0.5271077 1.078206 0.6144145 1.379788 0.1683496 0.278243 0.2502497 0.275012 0.2501448 0.4446008 0.5953288 0.7705014 0.4563354 0.843747 0.3965936 0.6429122 0.3963291 0.6487098 0.4563354 0.843747 0.3860886 0.8576411 0.9178358 0.7687039 1.204933 0.93317 0.947018 1.216107 0.6482859 0.2016191 0.4871222 0.3370324 0.429893 0.2907637 0.7510624 0.9630545 0.5953288 0.7705014 0.4563356 0.8437474 0.9178358 0.7687037 0.696452 0.649159 0.5953294 0.770502 0.1683688 1.620724 0.1678306 2.031195 0.2492515 2.03922 0.4614384 0.6082351 0.5953288 0.7705014 0.6964519 0.6491587 1.341284 0.5512442 0.9960196 0.5200971 0.9178358 0.7687037 0.249953 1.200282 0.1686837 1.208653 0.1689954 1.293599 0.7426421 0.4974056 0.6964522 0.6491588 0.9178358 0.7687037 0.6964522 0.6491588 0.7426421 0.4974056 0.5312034 0.4780719 0.4986854 -0.1639223 0.6363254 -0.1143566 0.7765328 -0.3953287 1.341285 0.5512359 1.276324 0.1509435 0.9643555 0.2613104 0.429893 0.2907637 0.416784 0.407065 0.4871222 0.3370324 0.2495024 -0.8077595 0.1679433 -0.8003446 0.1680986 -0.3886383 0.001584112 0.5652434 0.001673221 0.7867845 0.168533 0.7867218 0.9643555 0.2613104 1.276324 0.1509435 1.073976 -0.1741006 0.7253203 0.3396579 0.5233503 0.4031907 0.5312035 0.4780718 0.001381218 0.03342366 0.001473307 0.2783059 0.1683496 0.278243 0.7426432 0.4974057 0.9960196 0.5200971 0.9643554 0.2613105 0.8358291 0.03973352 1.073976 -0.1741006 0.7765327 -0.3953286 0.7253206 0.3396579 0.6482859 0.2016191 0.4871226 0.337033 0.2507334 1.310666 0.1689954 1.293599 0.1683688 1.620724 0.9643555 0.2613104 0.8358291 0.03973358 0.6482866 0.2016201 0.1684549 0.5651804 0.1684108 0.4409171 0.001534521 0.4409801 0.8358291 0.03973352 0.636328 -0.1143507 0.5250695 0.1039493 0.523345 0.4031887 0.416784 0.407065 0.4124835 0.4523447 0.249194 -1.218649 0.1677885 -1.210702 0.1679433 -0.8003446 0.001677751 0.7914823 0.001840412 1.208716 0.1686837 1.208653 0.2498528 0.02624183 0.1682575 0.03336095 0.1683496 0.278243 0.5250685 0.1039486 0.4585354 0.07735717 0.429893 0.2907637 0.001066982 -0.800282 0.001222252 -0.3885753 0.1680986 -0.3886383 0.6144194 1.379781 0.947018 1.216107 0.7510622 0.9630548 0.4871222 0.3370324 0.416784 0.407065 0.523345 0.4031887 0.3849929 0.9158197 0.3828336 1.101998 0.5271077 1.078206 0.2498214 0.5738477 0.2501612 0.4379097 0.1684108 0.4409171 0.4044991 0.5396871 0.3965936 0.6429122 0.4614379 0.6082345 0.4585354 0.07735723 0.5250686 0.1039482 0.6363254 -0.1143566 0.2500626 0.7893252 0.168532 0.7914194 0.1686837 1.208653 0.2500236 0.5610663 0.1684549 0.5651804 0.168533 0.7867218 0.2495431 -0.3966643 0.1680986 -0.3886383 0.1682575 0.03336095 0.001446247 1.620505 9.08092e-4 2.030976 0.1678306 2.031195 0.001222252 -0.3885753 0.001381218 0.03342366 0.1682575 0.03336095 0.001473307 0.2783059 0.001534521 0.4409801 0.1684108 0.4409171 0.5312018 0.4780716 0.4111076 0.466768 0.5094097 0.5501133 0.1689954 1.293599 0.001875102 1.29352 0.001446247 1.620505 0.001840412 1.208716 0.001875102 1.29352 0.1689954 1.293599 0.5094097 0.5501133 0.4097285 0.4811888 0.4064688 0.5151996 9.12189e-4 -1.210639 0.001066982 -0.800282 0.1679433 -0.8003446 0.3828336 1.101999 0.3913411 1.412998 0.6144145 1.379788 0.1683496 0.278243 0.1684108 0.4409171 0.2501448 0.4446008 0.3965936 0.6429122 0.4563354 0.843747 0.5953288 0.7705014 0.3963291 0.6487098 0.3860886 0.8576411 0.4563354 0.843747 0.947018 1.216107 1.204933 0.93317 0.9178358 0.7687039 0.6482859 0.2016191 0.5250685 0.1039486 0.429893 0.2907637 0.02517223 0.6437112 0.02303999 0.6451939 0.02517467 0.3188033 0.02286541 0.6450121 0.02287423 0.067644 0.02496057 0.6435377 0.02496069 0.643538 0.02286547 0.6450125 0.0249949 0.06913578 0.6666474 0.6666474 0.3333525 0.6666474 0.6666474 0.01931172 0.01752448 0.3119691 0.02304625 0.3173232 0.01752012 0.6505459 0.02286541 0.6450121 0.01751214 0.6505329 0.02287423 0.067644 0.02304333 0.3173055 0.02304029 0.6451935 0.01752126 0.3119513 0.02287429 0.06764328 0.02286547 0.6450125 0.01751667 0.06211769 0.02304029 0.6451935 0.02304333 0.3173055 0.02516973 0.6437128 0.01751667 0.06211769 0.01751232 0.6505336 0.01539158 0.06062203 0.01752018 0.6505458 0.01539152 0.6520261 0.01752126 0.3119513 0.01751214 0.6505329 0.01539152 0.6520261 0.01751649 0.06211876 0.01752448 0.3119691 0.01752012 0.6505459 0.01539152 0.3104859 0.01539152 0.3104859 0.01539152 0.6520261 0.01539152 0.3104859 0.01539152 0.06062281 0.01539152 0.6520261 0.01539152 0.06062281 0.01539152 0.3104702 0.01539152 0.6520261 0.01539152 0.3104702 0.01539158 0.06062203 0.01539152 0.6520261 0.01539158 0.06062203 0.9999074 0.687338 0.6875232 0.687338 0.9999074 9.26682e-5 0.6875236 9.27746e-5 0.9999077 9.27746e-5 0.6875232 0.687338 2.003545 1.264739 1.281658 1.264739 2.003547 -1.148555 0.3868376 1.264725 0.3868389 -1.148569 1.281658 1.264739 1.281621 1.279631 1.281612 2.001519 0.3888326 1.272171 0.3868376 1.264725 -0.3350499 1.264725 0.3868389 -1.148569 0.6249906 0.3209943 0.6254425 0.3161135 0.6874846 0.321016 0.4374295 0.3370621 0.375083 0.3370405 0.4375088 0.3209295 0.06261348 0.3369326 0.06254529 0.3208001 0.12496 0.3369543 0.6249906 0.3209943 0.5624967 0.3209728 0.6245421 0.3161132 0.3120723 0.3160052 0.3125209 0.3208863 0.2504789 0.3159839 0.250027 0.3208647 0.1875331 0.3208432 0.2495784 0.3159837 0.5000028 0.3209512 0.5004546 0.3160703 0.5624967 0.3209728 0.8124724 0.3210592 0.8129243 0.3161783 0.8749663 0.3210808 0.2499477 0.3369972 0.1876012 0.3369758 0.250027 0.3208647 0.5000028 0.3209512 0.4375088 0.3209295 0.4995542 0.31607 0.874887 0.3372132 0.8125406 0.3371918 0.8749663 0.3210808 0.9998745 0.3372565 0.9375283 0.3372349 0.9999539 0.321124 0.4999234 0.3370836 0.4375769 0.3370621 0.5000028 0.3209512 0.8123931 0.3371917 0.7500466 0.3371701 0.8124724 0.3210592 0.1250392 0.3208217 0.06254529 0.3208001 0.1245906 0.3159404 0.6874053 0.3371486 0.6250587 0.3371269 0.6874846 0.321016 0.937381 0.3372349 0.8750344 0.3372133 0.9374603 0.3211024 0.5000709 0.3370837 0.5000028 0.3209512 0.5624174 0.3371052 0.06209677 0.3159189 0.06254529 0.3208001 5.03335e-4 0.3158977 0.7498992 0.3371701 0.6875527 0.3371486 0.7499785 0.3210376 0.6249113 0.337127 0.5625648 0.3371053 0.6249906 0.3209943 0.3124416 0.3370189 0.2500951 0.3369973 0.3125209 0.3208863 0.1874538 0.3369757 0.1251074 0.3369542 0.1875331 0.3208432 -3.331228 -1.038369 -2.906841 -1.03837 -3.331221 1.891325 -1.209295 -1.038375 -0.7849071 -1.038376 -1.209289 1.891322 3.034586 -1.038375 3.458971 -1.038374 3.034574 1.891325 -1.209295 -1.038375 -1.209289 1.891322 -1.633681 -1.038374 0.488254 -1.038378 0.9126414 -1.038378 0.4882572 1.891319 2.185808 -1.038377 2.610196 -1.038376 2.1858 1.891322 -2.058061 1.891322 -2.48245 1.891324 -2.058069 -1.038373 0.9126414 -1.038378 1.337031 -1.038379 0.9126431 1.891319 0.9370118 0.3162212 0.9374603 0.3211024 0.8754183 0.3162 0.4882572 1.891319 0.06387042 1.89132 0.488254 -1.038378 1.337031 -1.038379 1.76142 -1.038378 1.337029 1.891319 0.06386703 -1.038377 0.06387042 1.89132 -0.3605205 -1.038377 -2.058069 -1.038373 -1.633681 -1.038374 -2.058061 1.891322 -0.3605164 1.89132 -0.784904 1.891321 -0.3605205 -1.038377 0.3750149 0.320908 0.3125209 0.3208863 0.3745663 0.3160268 0.7499785 0.3210376 0.6874846 0.321016 0.74953 0.3161563 0.9995053 0.3162428 0.9999539 0.321124 0.9379122 0.3162215 0.8124724 0.3210592 0.7499785 0.3210376 0.8120239 0.316178 0.3750149 0.320908 0.3749355 0.3370406 0.3125209 0.3208863 0.06254529 0.3208001 0.06246602 0.3369325 5.14224e-5 0.3207785 0.1870846 0.3159621 0.1875331 0.3208432 0.1254911 0.3159408 0.3750149 0.320908 0.3754667 0.3160271 0.4375088 0.3209295 0.2585679 0.2805589 0.2039775 0.309738 0.142376 0.3158053 0.3158053 0.1734756 0.2978367 0.2327098 0.2585679 0.2805589 0.2805588 0.0572834 0.3097381 0.1118741 0.3158053 0.1734756 0.3158053 0.1734756 0.2327097 0.01801466 0.2805588 0.0572834 0.05728334 0.03529262 0.1118739 0.00611335 0.1734755 4.61899e-5 0.1734755 4.61899e-5 0.01801466 0.08314174 0.05728334 0.03529262 0.03529268 0.2585681 0.006113409 0.2039775 4.61899e-5 0.142376 4.61899e-5 0.142376 0.0831418 0.2978368 0.03529268 0.2585681 0.3158053 0.1734756 0.2585679 0.2805589 0.142376 0.3158053 0.1734755 4.61899e-5 0.2327097 0.01801466 0.3158053 0.1734756 0.142376 0.3158053 0.01801466 0.08314174 0.1734755 4.61899e-5 0.142376 0.3158053 0.0831418 0.2978368 4.61899e-5 0.142376 0.1734755 4.61899e-5 0.3158053 0.1734756 0.142376 0.3158053 1.76142 -1.038378 2.185808 -1.038377 1.761414 1.891321 0.8974816 -0.003242254 1.294965 -0.003242254 0.8974816 0.1252017 -1.487415 -0.003241181 -1.089933 -0.003241539 -1.487415 0.1252026 2.487416 -0.003242075 2.8849 -0.003241896 2.487416 0.1252022 0.4999985 0.1252019 0.4999985 -0.003242075 0.8974816 0.1252017 -1.884897 -0.003241181 -1.487415 -0.003241181 -1.884897 0.1252026 2.089932 -0.003242254 2.487416 -0.003242075 2.089932 0.1252019 -2.28238 0.1252031 -2.28238 -0.003240644 -1.884897 0.1252026 0.1025156 -0.003242075 0.4999985 -0.003242075 0.1025156 0.1252019 1.692448 -0.003242254 2.089932 -0.003242254 1.692448 0.1252019 -2.679862 -0.003240048 -2.28238 -0.003240644 -2.679862 0.1252035 -0.2949674 -0.003241896 0.1025156 -0.003242075 -0.2949674 0.1252021 1.294965 -0.003242254 1.692448 -0.003242254 1.294965 0.1252019 -0.6924507 0.1252022 -0.6924507 -0.003241539 -0.2949674 0.1252021 3.282384 -0.003241717 3.679867 -0.003241539 3.282384 0.1252026 -1.089933 -0.003241539 -0.6924507 -0.003241539 -1.089933 0.1252024 3.28045 0.1467024 3.282384 0.1252026 3.6818 0.1467025 0.8974816 0.1252017 1.294965 0.1252019 0.8955478 0.1467014 -1.091867 0.146702 -1.089933 0.1252024 -0.6905163 0.146702 2.8849 0.1252022 3.282384 0.1252026 2.882966 0.1467018 0.4980645 0.1467012 0.4999985 0.1252019 0.899416 0.1467014 -1.487415 0.1252026 -1.089933 0.1252024 -1.489349 0.1467021 2.487416 0.1252022 2.8849 0.1252022 2.485482 0.146702 -1.884897 0.1252026 -1.487415 0.1252026 -1.886832 0.1467025 0.1025156 0.1252019 0.4999985 0.1252019 0.1005815 0.1467016 2.087998 0.1467016 2.089932 0.1252019 2.48935 0.146702 -2.28238 0.1252031 -1.884897 0.1252026 -2.284314 0.1467027 -0.2949674 0.1252021 0.1025156 0.1252019 -0.2969014 0.1467018 1.690514 0.1467016 1.692448 0.1252019 2.091866 0.1467016 -2.679862 0.1252035 -2.28238 0.1252031 -2.681796 0.146703 -0.6924507 0.1252022 -0.2949674 0.1252021 -0.6943843 0.146702 1.294965 0.1252019 1.692448 0.1252019 1.293031 0.1467014 3.034586 -1.038375 3.034574 1.891325 2.610196 -1.038376 -2.482454 -1.038371 -2.48245 1.891324 -2.906841 -1.03837 2.8849 -0.003241896 3.282384 -0.003241717 2.8849 0.1252022 0.5271114 1.078201 0.4563356 0.8437474 0.7510624 0.9630545 0.696452 0.649159 0.9178358 0.7687037 0.5953294 0.770502 0.2498618 1.612358 0.2492515 2.03922 0.1683688 1.620724 0.5953288 0.7705014 0.4614384 0.6082351 0.6964519 0.6491587 0.9960196 0.5200971 1.341284 0.5512442 0.9178358 0.7687037 0.1686837 1.208653 0.249953 1.200282 0.1689954 1.293599 0.9960196 0.5200971 0.9178358 0.7687037 0.7426421 0.4974056 0.5094155 0.5501121 0.5312034 0.4780719 0.6964522 0.6491588 0.5631278 -0.4683575 0.7765328 -0.3953287 0.4986854 -0.1639223 0.9960198 0.5200971 0.9643555 0.2613104 1.341285 0.5512359 0.1679433 -0.8003446 0.2495024 -0.8077595 0.1680986 -0.3886383 0.1684549 0.5651804 0.168533 0.7867218 0.001584112 0.5652434 1.276324 0.1509435 0.9643555 0.2613104 1.073976 -0.1741006 0.5233503 0.4031907 0.7253203 0.3396579 0.5312035 0.4780718 0.1682575 0.03336095 0.1683496 0.278243 0.001381218 0.03342366 0.9960196 0.5200971 0.7426432 0.4974057 0.9643554 0.2613105 1.073976 -0.1741006 0.8358291 0.03973352 0.7765327 -0.3953286 0.5233471 0.4031848 0.4871226 0.337033 0.7253206 0.3396579 0.1689954 1.293599 0.2507334 1.310666 0.1683688 1.620724 0.7253206 0.3396579 0.6482866 0.2016201 0.9643555 0.2613104 0.001584112 0.5652434 0.001534521 0.4409801 0.1684549 0.5651804 0.6482866 0.2016185 0.5250695 0.1039493 0.8358291 0.03973352 0.416784 0.407065 0.523345 0.4031887 0.4124835 0.4523447 0.1677885 -1.210702 0.249194 -1.218649 0.1679433 -0.8003446 0.168532 0.7914194 0.1686837 1.208653 0.001677751 0.7914823 0.1682575 0.03336095 0.2498528 0.02624183 0.1683496 0.278243 0.1679433 -0.8003446 0.1680986 -0.3886383 0.001066982 -0.800282 0.947018 1.216107 0.6144194 1.379781 0.7510622 0.9630548 0.5271077 1.078206 0.3828336 1.101998 0.3849929 0.9158197 0.3849929 0.9158197 0.4563354 0.843747 0.5271077 1.078206 0.1684549 0.5651804 0.1684108 0.4409171 0.2498214 0.5738477 0.4986855 -0.1639223 0.6363254 -0.1143566 0.4585354 0.07735723 0.168532 0.7914194 0.2500626 0.7893252 0.1686837 1.208653 0.1684549 0.5651804 0.2500236 0.5610663 0.168533 0.7867218 0.1680986 -0.3886383 0.2495431 -0.3966643 0.1682575 0.03336095 0.1683688 1.620724 0.1678306 2.031195 0.001446247 1.620505 0.1680986 -0.3886383 0.1682575 0.03336095 0.001222252 -0.3885753 0.1683496 0.278243 0.1684108 0.4409171 0.001473307 0.2783059 0.1683688 1.620724 0.001446247 1.620505 0.1689954 1.293599 0.1686837 1.208653 0.1689954 1.293599 0.001840412 1.208716 0.4097285 0.4811888 0.5094097 0.5501133 0.4064688 0.5151996 0.1677885 -1.210702 0.1679433 -0.8003446 9.12189e-4 -1.210639 0.3913411 1.412998 0.3828336 1.101999 0.6144145 1.379788 0.1684108 0.4409171 0.1683496 0.278243 0.2501448 0.4446008 0.4614379 0.6082345 0.5953288 0.7705014 0.3965936 0.6429122 0.7510625 0.9630547 0.9178358 0.7687039 0.947018 1.216107 0.5250685 0.1039486 0.6482859 0.2016191 0.429893 0.2907637 0.5271114 1.078201 0.7510624 0.9630545 0.4563356 0.8437474 0.7510625 0.9630547 0.9178358 0.7687037 0.5953294 0.770502 0.2498618 1.612358 0.1683688 1.620724 0.2492515 2.03922 0.5094112 0.5501173 0.4614384 0.6082351 0.6964519 0.6491587 1.204933 0.93317 1.341284 0.5512442 0.9178358 0.7687037 0.2507334 1.310666 0.249953 1.200282 0.1689954 1.293599 0.9960196 0.5200971 0.7426421 0.4974056 0.9178358 0.7687037 0.5094155 0.5501121 0.6964522 0.6491588 0.5312034 0.4780719 0.5631278 -0.4683575 0.4986854 -0.1639223 0.7765328 -0.3953287 0.9960198 0.5200971 1.341285 0.5512359 0.9643555 0.2613104 0.2495097 -0.3799356 0.2495024 -0.8077595 0.1680986 -0.3886383 0.1684549 0.5651804 0.001584112 0.5652434 0.168533 0.7867218 0.8358291 0.03973352 0.9643555 0.2613104 1.073976 -0.1741006 0.7426421 0.4974056 0.7253203 0.3396579 0.5312035 0.4780718 0.1682575 0.03336095 0.001381218 0.03342366 0.1683496 0.278243 0.7253206 0.3396579 0.7426432 0.4974057 0.9643554 0.2613105 0.6363334 -0.1143584 0.8358291 0.03973352 0.7765327 -0.3953286 0.5233471 0.4031848 0.7253206 0.3396579 0.4871226 0.337033 0.2499427 1.628216 0.2507334 1.310666 0.1683688 1.620724 0.7253206 0.3396579 0.9643555 0.2613104 0.6482866 0.2016201 0.001584112 0.5652434 0.1684549 0.5651804 0.001534521 0.4409801 0.6482866 0.2016185 0.8358291 0.03973352 0.5250695 0.1039493 0.5312035 0.4780718 0.523345 0.4031887 0.4124835 0.4523447 0.2494061 -0.7919051 0.249194 -1.218649 0.1679433 -0.8003446 0.168532 0.7914194 0.001677751 0.7914823 0.1686837 1.208653 0.2498133 0.2886485 0.2498528 0.02624183 0.1683496 0.278243 0.1679433 -0.8003446 0.001066982 -0.800282 0.1680986 -0.3886383 0.5271153 1.078209 0.6144194 1.379781 0.7510622 0.9630548 0.4563354 0.843747 0.3860886 0.857641 0.3849929 0.9158197 0.3849929 0.9158197 0.5271077 1.078206 0.4563354 0.843747 0.1684549 0.5651804 0.2498214 0.5738477 0.1684108 0.4409171 0.4986855 -0.1639223 0.4585354 0.07735723 0.6363254 -0.1143566 0.2501173 1.216618 0.2500626 0.7893252 0.1686837 1.208653 0.250127 0.7937805 0.2500236 0.5610663 0.168533 0.7867218 0.249646 0.04330062 0.2495431 -0.3966643 0.1682575 0.03336095 0.1683688 1.620724 0.001446247 1.620505 0.1678306 2.031195 0.1680986 -0.3886383 0.001222252 -0.3885753 0.1682575 0.03336095 0.1683496 0.278243 0.001473307 0.2783059 0.1684108 0.4409171 0.1683688 1.620724 0.1689954 1.293599 0.001446247 1.620505 0.1686837 1.208653 0.001840412 1.208716 0.1689954 1.293599 0.4614379 0.6082345 0.5094097 0.5501133 0.4064688 0.5151996 0.1677885 -1.210702 9.12189e-4 -1.210639 0.1679433 -0.8003446 0.5271077 1.078206 0.3828336 1.101999 0.6144145 1.379788 0.2502497 0.275012 0.1683496 0.278243 0.2501448 0.4446008 0.4614379 0.6082345 0.3965936 0.6429122 0.5953288 0.7705014 0.7510625 0.9630547 0.947018 1.216107 0.9178358 0.7687039 0.4871222 0.3370324 0.6482859 0.2016191 0.429893 0.2907637</float_array>
          <technique_common>
            <accessor source="#nd_bld_a30_001-mesh-map-0-array" count="1254" stride="2">
              <param name="S" type="float"/>
              <param name="T" type="float"/>
            </accessor>
          </technique_common>
        </source>
        <vertices id="nd_bld_a30_001-mesh-vertices">
          <input semantic="POSITION" source="#nd_bld_a30_001-mesh-positions"/>
        </vertices>
        <polylist material="ind_concrete_02-material" count="252">
          <input semantic="VERTEX" source="#nd_bld_a30_001-mesh-vertices" offset="0"/>
          <input semantic="NORMAL" source="#nd_bld_a30_001-mesh-normals" offset="1"/>
          <input semantic="TEXCOORD" source="#nd_bld_a30_001-mesh-map-0" offset="2" set="0"/>
          <vcount>3 3 3 3 3 3 3 3 3 3 3 3 3 3 3 3 3 3 3 3 3 3 3 3 3 3 3 3 3 3 3 3 3 3 3 3 3 3 3 3 3 3 3 3 3 3 3 3 3 3 3 3 3 3 3 3 3 3 3 3 3 3 3 3 3 3 3 3 3 3 3 3 3 3 3 3 3 3 3 3 3 3 3 3 3 3 3 3 3 3 3 3 3 3 3 3 3 3 3 3 3 3 3 3 3 3 3 3 3 3 3 3 3 3 3 3 3 3 3 3 3 3 3 3 3 3 3 3 3 3 3 3 3 3 3 3 3 3 3 3 3 3 3 3 3 3 3 3 3 3 3 3 3 3 3 3 3 3 3 3 3 3 3 3 3 3 3 3 3 3 3 3 3 3 3 3 3 3 3 3 3 3 3 3 3 3 3 3 3 3 3 3 3 3 3 3 3 3 3 3 3 3 3 3 3 3 3 3 3 3 3 3 3 3 3 3 3 3 3 3 3 3 3 3 3 3 3 3 3 3 3 3 3 3 3 3 3 3 3 3 3 3 3 3 3 3 3 3 3 3 3 3 </vcount>
          <p>95 23 69 348 24 70 53 25 71 64 26 72 324 27 73 49 28 74 316 29 75 44 30 76 60 31 77 51 32 78 350 33 79 95 23 80 47 34 81 46 35 82 92 36 83 321 37 84 360 38 85 92 36 86 94 39 87 350 33 88 51 32 89 40 40 90 41 41 91 56 42 92 61 43 93 45 44 94 322 45 95 325 46 96 353 47 97 94 39 98 71 48 99 55 49 100 332 50 101 73 51 102 57 52 103 317 53 104 65 54 105 49 28 106 326 55 107 70 56 108 54 57 109 55 49 110 43 58 111 363 59 112 91 60 113 68 61 114 328 62 115 329 63 116 72 64 117 332 50 118 57 52 119 326 55 120 327 65 121 67 66 122 43 58 123 42 67 124 90 68 125 69 69 126 329 63 127 54 57 128 67 66 129 327 65 130 328 62 131 62 70 132 322 45 133 323 71 134 60 31 135 44 30 136 45 44 137 333 94 162 56 42 163 41 41 164 47 34 180 93 103 181 355 104 182 53 25 183 348 24 184 96 105 185 319 106 186 333 94 187 97 107 188 330 108 189 96 105 190 40 40 191 64 26 192 63 109 193 323 71 194 59 110 195 58 111 196 318 112 197 321 37 198 320 113 199 91 60 200 355 104 201 353 47 202 325 46 203 334 114 204 340 115 205 341 116 206 108 118 210 124 119 211 123 120 212 102 121 213 118 122 214 117 123 215 112 124 216 128 125 217 127 126 218 106 127 219 107 128 220 123 120 221 101 129 222 117 123 223 116 130 224 111 131 225 127 126 226 126 132 227 99 133 228 100 134 229 116 130 230 106 127 231 122 135 232 121 136 233 110 137 234 126 132 235 125 138 236 99 133 237 115 139 238 114 140 239 105 141 240 121 136 241 120 142 242 109 143 243 125 138 244 124 119 245 103 144 246 104 145 247 120 142 248 98 146 249 114 140 250 382 147 251 103 144 252 119 148 253 118 122 254 129 149 255 368 150 256 130 151 257 377 152 258 140 153 259 139 154 260 371 155 261 372 156 262 135 157 263 129 149 264 145 158 265 144 159 266 375 160 267 376 161 268 139 154 269 371 155 270 134 162 271 133 163 272 381 164 273 144 159 274 143 165 275 370 166 276 133 163 277 132 167 278 375 160 279 138 168 280 137 169 281 379 170 282 380 171 283 143 165 284 369 172 285 132 167 286 131 173 287 374 174 288 137 169 289 136 175 290 378 176 291 379 170 292 142 177 293 367 178 294 131 173 295 130 151 296 373 179 297 136 175 298 135 157 299 378 176 300 141 180 301 140 153 302 113 181 309 382 147 310 128 125 311 153 182 312 151 183 313 148 184 314 152 185 315 148 184 316 151 183 317 155 189 321 159 190 322 156 191 323 154 192 324 150 193 325 152 185 326 152 185 330 156 191 331 160 197 332 163 198 333 160 197 334 156 191 335 166 199 336 169 200 337 192 201 338 161 202 339 158 203 340 154 192 341 195 204 342 170 205 343 193 206 344 161 202 351 165 213 352 162 214 353 164 215 354 160 197 355 163 198 356 160 197 360 164 215 361 161 202 362 165 213 363 169 200 364 166 199 365 170 205 366 168 219 367 164 215 368 168 219 372 165 213 373 161 202 374 171 224 378 169 200 379 165 213 380 167 225 381 163 198 382 190 226 383 171 224 393 195 204 394 219 234 395 147 238 399 149 239 400 148 184 401 170 205 402 167 225 403 193 206 404 208 240 405 207 241 406 153 182 407 189 245 411 155 189 412 188 246 413 169 200 414 171 224 415 219 234 416 163 198 435 159 190 436 190 226 437 159 190 444 155 189 445 189 245 446 205 259 450 149 239 451 147 238 452 151 183 456 153 182 457 188 246 458 188 246 459 153 182 460 207 241 461 152 185 462 150 193 463 146 260 464 168 219 465 170 205 466 195 204 467 222 261 468 225 262 469 227 263 470 226 264 471 230 265 472 225 262 473 229 269 477 225 262 478 230 265 479 228 270 480 231 271 481 226 264 482 234 275 486 230 265 487 226 264 488 230 265 489 234 275 490 237 276 491 278 277 492 243 278 493 240 279 494 228 270 495 232 280 496 235 281 497 281 282 498 279 283 499 244 284 500 235 281 507 232 280 508 236 289 509 238 290 510 241 291 511 237 276 512 234 275 516 231 271 517 235 281 518 239 293 519 236 289 520 240 279 521 238 290 522 242 294 523 244 284 524 235 281 528 239 293 529 242 294 530 239 293 534 243 278 535 245 298 536 241 291 537 279 283 538 276 299 539 245 298 549 305 306 550 281 282 551 221 308 555 220 309 556 222 261 557 244 284 558 279 283 559 241 291 560 294 310 561 291 311 562 223 312 563 275 316 567 274 317 568 229 269 569 305 306 570 245 298 571 243 278 572 237 276 591 276 299 592 233 324 593 233 324 600 276 299 601 275 316 602 291 311 606 292 327 607 221 308 608 274 317 612 227 263 613 225 262 614 274 317 615 293 328 616 227 263 617 220 309 618 224 329 619 226 264 620 242 294 621 245 298 622 281 282 623 52 353 693 95 23 694 53 25 695 65 54 696 64 26 697 49 28 698 59 110 699 316 29 700 60 31 701 52 353 702 51 32 703 95 23 704 93 103 705 47 34 706 92 36 707 46 35 708 321 37 709 92 36 710 50 354 711 94 39 712 51 32 713 331 355 714 40 40 715 56 42 716 62 70 717 61 43 718 322 45 719 50 354 720 325 46 721 94 39 722 72 64 723 71 48 724 332 50 725 335 356 726 73 51 727 317 53 728 66 357 729 65 54 730 326 55 731 71 48 732 70 56 733 55 49 734 320 113 735 43 58 736 91 60 737 69 69 738 68 61 739 329 63 740 73 51 741 72 64 742 57 52 743 66 357 744 326 55 745 67 66 746 363 59 747 43 58 748 90 68 749 70 56 750 69 69 751 54 57 752 68 61 753 67 66 754 328 62 755 63 109 756 62 70 757 323 71 758 61 43 759 60 31 760 45 44 761 97 107 786 333 94 787 41 41 788 48 361 804 47 34 805 355 104 806 330 108 807 53 25 808 96 105 809 344 362 810 319 106 811 97 107 812 331 355 813 330 108 814 40 40 815 324 27 816 64 26 817 323 71 818 316 29 819 59 110 820 318 112 821 360 38 822 321 37 823 91 60 824 48 361 825 355 104 826 325 46 827 364 363 828 336 364 829 334 114 830 357 365 831 361 366 832 364 363 833 354 367 834 356 368 835 357 365 836 357 365 837 351 369 838 354 367 839 345 370 840 346 371 841 347 372 842 347 372 843 341 116 844 345 370 845 338 373 846 339 374 847 340 115 848 340 115 849 337 375 850 338 373 851 357 365 852 364 363 853 334 114 854 347 372 855 351 369 856 357 365 857 334 114 858 341 116 859 347 372 860 334 114 861 337 375 862 340 115 863 347 372 864 357 365 865 334 114 866 107 128 870 108 118 871 123 120 872 101 129 873 102 121 874 117 123 875 111 131 876 112 124 877 127 126 878 122 135 879 106 127 880 123 120 881 100 134 882 101 129 883 116 130 884 110 137 885 111 131 886 126 132 887 115 139 888 99 133 889 116 130 890 105 141 891 106 127 892 121 136 893 109 143 894 110 137 895 125 138 896 98 146 897 99 133 898 114 140 899 104 145 900 105 141 901 120 142 902 108 118 903 109 143 904 124 119 905 119 148 906 103 144 907 120 142 908 113 181 909 98 146 910 382 147 911 102 121 912 103 144 913 118 122 914 145 158 915 129 149 916 130 151 917 376 161 918 377 152 919 139 154 920 134 162 921 371 155 922 135 157 923 381 164 924 129 149 925 144 159 926 138 168 927 375 160 928 139 154 929 370 166 930 371 155 931 133 163 932 380 171 933 381 164 934 143 165 935 369 172 936 370 166 937 132 167 938 374 174 939 375 160 940 137 169 941 142 177 942 379 170 943 143 165 944 367 178 945 369 172 946 131 173 947 373 179 948 374 174 949 136 175 950 141 180 951 378 176 952 142 177 953 368 150 954 367 178 955 130 151 956 372 156 957 373 179 958 135 157 959 377 152 960 378 176 961 140 153 962 112 124 969 113 181 970 128 125 971 149 239 972 153 182 973 148 184 974 156 191 975 152 185 976 151 183 977 151 183 981 155 189 982 156 191 983 157 376 984 154 192 985 152 185 986 157 376 990 152 185 991 160 197 992 159 190 993 163 198 994 156 191 995 191 377 996 166 199 997 192 201 998 157 376 999 161 202 1000 154 192 1001 158 203 1008 161 202 1009 162 214 1010 167 225 1011 164 215 1012 163 198 1013 157 376 1017 160 197 1018 161 202 1019 162 214 1020 165 213 1021 166 199 1022 167 225 1023 170 205 1024 164 215 1025 164 215 1029 168 219 1030 161 202 1031 168 219 1035 171 224 1036 165 213 1037 193 206 1038 167 225 1039 190 226 1040 146 260 1053 147 238 1054 148 184 1055 149 239 1056 205 259 1057 208 240 1058 208 240 1059 153 182 1060 149 239 1061 192 201 1065 169 200 1066 219 234 1067 190 226 1092 159 190 1093 189 245 1094 206 382 1098 205 259 1099 147 238 1100 155 189 1104 151 183 1105 188 246 1106 148 184 1107 152 185 1108 146 260 1109 171 224 1110 168 219 1111 195 204 1112 223 312 1113 222 261 1114 227 263 1115 222 261 1116 226 264 1117 225 262 1118 233 324 1122 229 269 1123 230 265 1124 224 329 1125 228 270 1126 226 264 1127 231 271 1131 234 275 1132 226 264 1133 233 324 1134 230 265 1135 237 276 1136 277 384 1137 278 277 1138 240 279 1139 231 271 1140 228 270 1141 235 281 1142 239 293 1149 235 281 1150 236 289 1151 234 275 1152 238 290 1153 237 276 1154 238 290 1158 234 275 1159 235 281 1160 243 278 1161 239 293 1162 240 279 1163 241 291 1164 238 290 1165 244 284 1166 238 290 1170 235 281 1171 242 294 1172 242 294 1176 239 293 1177 245 298 1178 237 276 1179 241 291 1180 276 299 1181 223 312 1194 221 308 1195 222 261 1196 227 263 1197 293 328 1198 294 310 1199 294 310 1200 223 312 1201 227 263 1202 278 277 1206 305 306 1207 243 278 1208 229 269 1233 233 324 1234 275 316 1235 223 312 1239 291 311 1240 221 308 1241 229 269 1245 274 317 1246 225 262 1247 222 261 1248 220 309 1249 226 264 1250 244 284 1251 242 294 1252 281 282 1253</p>
        </polylist>
        <polylist material="ind_bld__2__bricks-material" count="40">
          <input semantic="VERTEX" source="#nd_bld_a30_001-mesh-vertices" offset="0"/>
          <input semantic="NORMAL" source="#nd_bld_a30_001-mesh-normals" offset="1"/>
          <input semantic="TEXCOORD" source="#nd_bld_a30_001-mesh-map-0" offset="2" set="0"/>
          <vcount>3 3 3 3 3 3 3 3 3 3 3 3 3 3 3 3 3 3 3 3 3 3 3 3 3 3 3 3 3 3 3 3 3 3 3 3 3 3 3 3 </vcount>
          <p>32 19 57 31 19 58 27 19 59 28 20 60 313 20 61 310 20 62 312 21 63 30 21 64 306 21 65 309 22 66 26 22 67 308 22 68 75 72 138 34 73 139 343 74 140 80 75 141 36 76 142 358 77 143 383 78 144 342 79 145 366 80 146 358 77 147 359 81 148 78 82 149 84 83 150 349 84 151 38 85 152 88 86 153 314 87 154 315 88 155 362 89 156 76 90 157 77 91 158 85 92 159 39 93 160 349 84 161 352 95 165 82 96 166 83 97 167 86 98 168 365 99 169 39 93 170 352 95 171 37 100 172 81 101 173 78 82 174 359 81 175 35 102 176 36 76 177 80 75 178 81 101 179 87 117 207 315 88 208 365 99 209 366 80 303 314 87 304 88 86 305 362 89 306 34 73 307 75 72 308 33 349 681 32 349 682 27 349 683 29 350 684 28 350 685 310 350 686 311 351 687 312 351 688 306 351 689 307 352 690 309 352 691 308 352 692 74 358 762 75 72 763 343 74 764 79 359 765 80 75 766 358 77 767 89 360 768 383 78 769 366 80 770 79 359 771 358 77 772 78 82 773 83 97 774 84 83 775 38 85 776 87 117 777 88 86 778 315 88 779 35 102 780 362 89 781 77 91 782 84 83 783 85 92 784 349 84 785 38 85 789 352 95 790 83 97 791 85 92 792 86 98 793 39 93 794 82 96 795 352 95 796 81 101 797 77 91 798 78 82 799 35 102 800 37 100 801 36 76 802 81 101 803 86 98 867 87 117 868 365 99 869 89 360 963 366 80 964 88 86 965 76 90 966 362 89 967 75 72 968</p>
        </polylist>
        <polylist material="eca_bld_commercial_doors-material" count="38">
          <input semantic="VERTEX" source="#nd_bld_a30_001-mesh-vertices" offset="0"/>
          <input semantic="NORMAL" source="#nd_bld_a30_001-mesh-normals" offset="1"/>
          <input semantic="TEXCOORD" source="#nd_bld_a30_001-mesh-map-0" offset="2" set="0"/>
          <vcount>3 3 3 3 3 3 3 3 3 3 3 3 3 3 3 3 3 3 3 3 3 3 3 3 3 3 3 3 3 3 3 3 3 3 3 3 3 3 </vcount>
          <p>2 0 0 5 0 1 0 0 2 2 1 3 1 1 4 11 1 5 5 2 6 4 2 7 10 2 8 0 3 9 10 3 10 11 3 11 5 4 12 2 4 13 6 4 14 7 5 15 6 5 16 2 5 17 4 6 18 8 6 19 7 6 20 5 7 21 9 7 22 8 7 23 3 8 24 11 8 25 10 8 26 9 9 27 13 9 28 12 9 29 12 10 30 14 10 31 7 10 32 14 11 33 15 11 34 6 11 35 6 12 36 15 12 37 13 12 38 15 13 39 19 13 40 17 13 41 14 14 42 18 14 43 19 14 44 12 15 45 16 15 46 18 15 47 13 16 48 17 16 49 16 16 50 22 17 51 23 17 52 20 17 53 21 18 54 20 18 55 24 18 56 1 330 624 2 330 625 0 330 626 3 331 627 2 331 628 11 331 629 0 332 630 5 332 631 10 332 632 1 333 633 0 333 634 11 333 635 9 334 636 5 334 637 6 334 638 3 335 639 7 335 640 2 335 641 3 336 642 4 336 643 7 336 644 4 337 645 5 337 646 8 337 647 4 338 648 3 338 649 10 338 650 8 339 651 9 339 652 12 339 653 8 340 654 12 340 655 7 340 656 7 341 657 14 341 658 6 341 659 9 342 660 6 342 661 13 342 662 13 343 663 15 343 664 17 343 665 15 344 666 14 344 667 19 344 668 14 345 669 12 345 670 18 345 671 12 346 672 13 346 673 16 346 674 21 347 675 22 347 676 20 347 677 25 348 678 21 348 679 24 348 680</p>
        </polylist>
        <polylist material="jri_port_edge-material" count="88">
          <input semantic="VERTEX" source="#nd_bld_a30_001-mesh-vertices" offset="0"/>
          <input semantic="NORMAL" source="#nd_bld_a30_001-mesh-normals" offset="1"/>
          <input semantic="TEXCOORD" source="#nd_bld_a30_001-mesh-map-0" offset="2" set="0"/>
          <vcount>3 3 3 3 3 3 3 3 3 3 3 3 3 3 3 3 3 3 3 3 3 3 3 3 3 3 3 3 3 3 3 3 3 3 3 3 3 3 3 3 3 3 3 3 3 3 3 3 3 3 3 3 3 3 3 3 3 3 3 3 3 3 3 3 3 3 3 3 3 3 3 3 3 3 3 3 3 3 3 3 3 3 3 3 3 3 3 3 </vcount>
          <p>184 186 318 172 187 319 173 188 320 186 194 327 187 195 328 175 196 329 214 207 345 194 208 346 215 209 347 176 210 348 262 211 349 263 212 350 181 216 357 267 217 358 269 218 359 187 195 369 185 220 370 173 188 371 264 221 375 178 222 376 177 223 377 213 227 384 214 207 385 180 228 386 199 229 387 260 230 388 262 211 389 216 231 390 211 232 391 217 233 392 182 235 396 268 236 397 266 237 398 204 242 408 212 243 409 209 244 410 210 247 417 186 194 418 174 248 419 209 244 420 210 247 421 200 249 422 194 208 423 216 231 424 218 250 425 196 251 426 258 252 427 259 253 428 183 254 429 269 218 430 268 236 431 178 222 432 264 221 433 267 217 434 259 253 438 261 255 439 198 256 440 198 256 441 261 255 442 260 230 443 202 257 447 266 237 448 265 258 449 217 233 453 211 232 454 212 243 455 247 266 474 246 267 475 270 268 476 272 272 483 248 273 484 249 274 485 300 285 501 254 286 502 301 287 503 263 212 504 262 211 505 250 288 506 269 218 513 267 217 514 255 292 515 273 295 525 249 274 526 247 266 527 251 296 531 252 297 532 264 221 533 299 300 540 253 301 541 254 286 542 262 211 543 260 230 544 285 302 545 302 303 546 304 304 547 303 305 548 266 237 552 268 236 553 256 307 554 295 313 564 298 314 565 290 315 566 296 318 573 286 319 574 248 273 575 295 313 576 287 320 577 286 319 578 280 321 579 301 287 580 304 304 581 259 253 582 258 252 583 282 322 584 268 236 585 269 218 586 257 323 587 267 217 588 264 221 589 252 297 590 284 325 594 261 255 595 259 253 596 260 230 597 261 255 598 284 325 599 265 258 603 266 237 604 288 326 605 303 305 609 290 315 610 298 314 611 185 220 978 184 186 979 173 188 980 174 248 987 186 194 988 175 196 989 180 228 1002 214 207 1003 215 209 1004 177 223 1005 176 210 1006 263 212 1007 183 254 1014 181 216 1015 269 218 1016 175 196 1026 187 195 1027 173 188 1028 263 212 1032 264 221 1033 177 223 1034 179 378 1041 213 227 1042 180 228 1043 176 210 1044 199 229 1045 262 211 1046 218 250 1047 216 231 1048 217 233 1049 202 257 1050 182 235 1051 266 237 1052 201 379 1062 204 242 1063 209 244 1064 200 249 1068 210 247 1069 174 248 1070 201 379 1071 209 244 1072 200 249 1073 215 209 1074 194 208 1075 218 250 1076 197 380 1077 196 251 1078 259 253 1079 182 235 1080 183 254 1081 268 236 1082 181 216 1083 178 222 1084 267 217 1085 197 380 1086 259 253 1087 198 256 1088 199 229 1089 198 256 1090 260 230 1091 203 381 1095 202 257 1096 265 258 1097 204 242 1101 217 233 1102 212 243 1103 271 383 1119 247 266 1120 270 268 1121 273 295 1128 272 272 1129 249 274 1130 280 321 1143 300 285 1144 301 287 1145 251 296 1146 263 212 1147 250 288 1148 257 323 1155 269 218 1156 255 292 1157 271 383 1167 273 295 1168 247 266 1169 263 212 1173 251 296 1174 264 221 1175 300 285 1182 299 300 1183 254 286 1184 250 288 1185 262 211 1186 285 302 1187 297 385 1188 302 303 1189 303 305 1190 288 326 1191 266 237 1192 256 307 1193 287 320 1203 295 313 1204 290 315 1205 272 272 1209 296 318 1210 248 273 1211 296 318 1212 295 313 1213 286 319 1214 302 303 1215 280 321 1216 304 304 1217 283 386 1218 259 253 1219 282 322 1220 256 307 1221 268 236 1222 257 323 1223 255 292 1224 267 217 1225 252 297 1226 283 386 1227 284 325 1228 259 253 1229 285 302 1230 260 230 1231 284 325 1232 289 387 1236 265 258 1237 288 326 1238 297 385 1242 303 305 1243 298 314 1244</p>
        </polylist>
      </mesh>
    </geometry>
  </library_geometries>
  <library_controllers/>
  <library_visual_scenes>
    <visual_scene id="Scene" name="Scene">
      <node id="base00" name="base00" type="NODE">
        <matrix sid="transform">1 0 0 0 0 1 0 0 0 0 1 0 0 0 0 1</matrix>
        <node id="collision-1" name="collision-1" type="NODE">
          <matrix sid="transform">1 0 0 0 0 1 0 0 0 0 1 0 0 0 0 1</matrix>
        </node>
        <node id="detail30" name="detail30" type="NODE">
          <matrix sid="transform">1 0 0 0 0 1 0 0 0 0 1 0 0 0 0 1</matrix>
        </node>
        <node id="start01" name="start01" type="NODE">
          <matrix sid="transform">1 0 0 0 0 1 0 0 0 0 1 0 0 0 0 1</matrix>
          <node id="ind_bld_a500" name="ind_bld_a500" type="NODE">
            <matrix sid="transform">1 0 0 0 0 1 0 0 0 0 1 0 0 0 0 1</matrix>
            <instance_geometry url="#ind_bld_a300-mesh">
              <bind_material>
                <technique_common>
                  <instance_material symbol="ind_concrete_02-material" target="#ind_concrete_02-material"/>
                  <instance_material symbol="ind_bld__2__bricks-material" target="#ind_bld__2__bricks-material"/>
                  <instance_material symbol="jri_port_edge-material" target="#jri_port_edge-material"/>
                  <instance_material symbol="ind_bld__2__concrete-material" target="#ind_bld__2__concrete-material"/>
                  <instance_material symbol="eca_bld_commercial_doors-material" target="#eca_bld_commercial_doors-material"/>
                  <instance_material symbol="ind_metalplates-material" target="#ind_metalplates-material"/>
                </technique_common>
              </bind_material>
            </instance_geometry>
          </node>
          <node id="Colmesh-1" name="Colmesh-1" type="NODE">
            <matrix sid="transform">1 0 0 0 0 1 0 0 0 0 1 0 0 0 0 1</matrix>
            <instance_geometry url="#Colmesh-1-mesh">
              <bind_material>
                <technique_common>
                  <instance_material symbol="ColorEffectR27G177B88-material-material" target="#ColorEffectR27G177B88-material-material"/>
                </technique_common>
              </bind_material>
            </instance_geometry>
          </node>
          <node id="ind_bld_a30" name="ind_bld_a30" type="NODE">
            <matrix sid="transform">1 0 0 0 0 1 0 0 0 0 1 0 0 0 0 1</matrix>
            <instance_geometry url="#nd_bld_a30-mesh">
              <bind_material>
                <technique_common>
                  <instance_material symbol="ind_concrete_02-material" target="#ind_concrete_02-material"/>
                  <instance_material symbol="ind_bld__2__bricks-material" target="#ind_bld__2__bricks-material"/>
                  <instance_material symbol="ind_bld__2__concrete-material" target="#ind_bld__2__concrete-material"/>
                  <instance_material symbol="eca_bld_commercial_doors-material" target="#eca_bld_commercial_doors-material"/>
                  <instance_material symbol="jri_port_edge-material" target="#jri_port_edge-material"/>
                  <instance_material symbol="ind_metalplates-material" target="#ind_metalplates-material"/>
                </technique_common>
              </bind_material>
            </instance_geometry>
          </node>
          <node id="ind_bld_a70" name="ind_bld_a70" type="NODE">
            <matrix sid="transform">1 0 0 0 0 1 0 0 0 0 1 0 0 0 0 1</matrix>
            <instance_geometry url="#nd_bld_a30_001-mesh">
              <bind_material>
                <technique_common>
                  <instance_material symbol="ind_concrete_02-material" target="#ind_concrete_02-material"/>
                  <instance_material symbol="ind_bld__2__bricks-material" target="#ind_bld__2__bricks-material"/>
                  <instance_material symbol="ind_bld__2__concrete-material" target="#ind_bld__2__concrete-material"/>
                  <instance_material symbol="eca_bld_commercial_doors-material" target="#eca_bld_commercial_doors-material"/>
                  <instance_material symbol="jri_port_edge-material" target="#jri_port_edge-material"/>
                  <instance_material symbol="ind_metalplates-material" target="#ind_metalplates-material"/>
                </technique_common>
              </bind_material>
            </instance_geometry>
          </node>
        </node>
        <node id="detail300" name="detail300" type="NODE">
          <matrix sid="transform">1 0 0 0 0 1 0 0 0 0 1 0 0 0 0 1</matrix>
        </node>
      </node>
    </visual_scene>
  </library_visual_scenes>
  <scene>
    <instance_visual_scene url="#Scene"/>
  </scene>
</COLLADA>