<?xml version="1.0" encoding="utf-8"?>
<COLLADA xmlns="http://www.collada.org/2005/11/COLLADASchema" version="1.4.1">
  <asset>
    <contributor>
      <author>Blender User</author>
      <authoring_tool>Blender 2.70.0 commit date:2014-03-19, commit time:05:02, hash:19e627c</authoring_tool>
    </contributor>
    <created>2014-05-05T23:13:11</created>
    <modified>2014-05-05T23:13:11</modified>
    <unit name="meter" meter="1"/>
    <up_axis>Z_UP</up_axis>
  </asset>
  <library_images/>
  <library_effects>
    <effect id="ind_concreteleak-effect">
      <profile_COMMON>
        <technique sid="common">
          <lambert>
            <emission>
              <color sid="emission">0 0 0 1</color>
            </emission>
            <ambient>
              <color sid="ambient">0 0 0 1</color>
            </ambient>
            <diffuse>
              <color sid="diffuse">0.64 0.64 0.64 1</color>
            </diffuse>
            <index_of_refraction>
              <float sid="index_of_refraction">1</float>
            </index_of_refraction>
          </lambert>
        </technique>
        <extra>
          <technique profile="GOOGLEEARTH">
            <double_sided>1</double_sided>
          </technique>
        </extra>
      </profile_COMMON>
      <extra><technique profile="MAX3D"><double_sided>1</double_sided></technique></extra>
    </effect>
    <effect id="ind_metalplates-effect">
      <profile_COMMON>
        <technique sid="common">
          <lambert>
            <emission>
              <color sid="emission">0 0 0 1</color>
            </emission>
            <ambient>
              <color sid="ambient">0 0 0 1</color>
            </ambient>
            <diffuse>
              <color sid="diffuse">0.64 0.64 0.64 1</color>
            </diffuse>
            <index_of_refraction>
              <float sid="index_of_refraction">1</float>
            </index_of_refraction>
          </lambert>
        </technique>
        <extra>
          <technique profile="GOOGLEEARTH">
            <double_sided>1</double_sided>
          </technique>
        </extra>
      </profile_COMMON>
      <extra><technique profile="MAX3D"><double_sided>1</double_sided></technique></extra>
    </effect>
    <effect id="ind_bld__2__Tin-01-effect">
      <profile_COMMON>
        <technique sid="common">
          <lambert>
            <emission>
              <color sid="emission">0 0 0 1</color>
            </emission>
            <ambient>
              <color sid="ambient">0 0 0 1</color>
            </ambient>
            <diffuse>
              <color sid="diffuse">0.64 0.64 0.64 1</color>
            </diffuse>
            <index_of_refraction>
              <float sid="index_of_refraction">1</float>
            </index_of_refraction>
          </lambert>
        </technique>
        <extra>
          <technique profile="GOOGLEEARTH">
            <double_sided>1</double_sided>
          </technique>
        </extra>
      </profile_COMMON>
      <extra><technique profile="MAX3D"><double_sided>1</double_sided></technique></extra>
    </effect>
    <effect id="race_rally_start_finish-effect">
      <profile_COMMON>
        <technique sid="common">
          <phong>
            <emission>
              <color sid="emission">0 0 0 1</color>
            </emission>
            <ambient>
              <color sid="ambient">0 0 0 1</color>
            </ambient>
            <diffuse>
              <color sid="diffuse">0.64 0.64 0.64 1</color>
            </diffuse>
            <specular>
              <color sid="specular">0.5 0.5 0.5 1</color>
            </specular>
            <shininess>
              <float sid="shininess">50</float>
            </shininess>
            <index_of_refraction>
              <float sid="index_of_refraction">1</float>
            </index_of_refraction>
          </phong>
        </technique>
        <extra>
          <technique profile="GOOGLEEARTH">
            <double_sided>1</double_sided>
          </technique>
        </extra>
      </profile_COMMON>
      <extra><technique profile="MAX3D"><double_sided>1</double_sided></technique></extra>
    </effect>
  </library_effects>
  <library_materials>
    <material id="ind_concreteleak-material" name="ind_concreteleak">
      <instance_effect url="#ind_concreteleak-effect"/>
    </material>
    <material id="ind_metalplates-material" name="ind_metalplates">
      <instance_effect url="#ind_metalplates-effect"/>
    </material>
    <material id="ind_bld__2__Tin-01-material" name="ind_bld__2__Tin-01">
      <instance_effect url="#ind_bld__2__Tin-01-effect"/>
    </material>
    <material id="race_rally_start_finish-material" name="race_rally_start_finish">
      <instance_effect url="#race_rally_start_finish-effect"/>
    </material>
  </library_materials>
  <library_geometries>
    <geometry id="Cube_026-mesh" name="Cube.026">
      <mesh>
        <source id="Cube_026-mesh-positions">
          <float_array id="Cube_026-mesh-positions-array" count="9132">-5.897944 -0.5591421 4.913645 5.897944 -0.5591421 4.913645 -5.897944 -0.5591437 5.980988 5.897944 -0.5591437 5.980988 -6.993097 -0.4848158 5.9895 -6.993097 -0.5148161 5.9895 -6.993097 -0.4848158 5.940499 -6.993097 -0.514816 5.940499 -6 -0.4398157 -2 -6.042427 -0.4573892 -2 -6.06 -0.4998157 -2 -6.042427 -0.5422421 -2 -6 -0.5598157 -2 -5.957573 -0.5422421 -2 -5.94 -0.4998157 -2 -5.957573 -0.4573892 -2 -6 -0.4398157 6 -6.042427 -0.4573892 6 -6.06 -0.4998157 6 -6.042427 -0.5422421 6 -6 -0.5598157 6 -5.957573 -0.5422421 6 -5.94 -0.4998157 6 -5.957573 -0.4573892 6 -6 -0.4398157 6 -6.042427 -0.4573892 6 -6.06 -0.4998157 6 -6.042427 -0.5422421 6 -6 -0.5598157 6 -5.957573 -0.5422421 6 -5.94 -0.4998157 6 -5.957573 -0.4573892 6 -6 0.56 -2 -6.042427 0.5424264 -2 -6.06 0.5 -2 -6.042427 0.4575736 -2 -6 0.44 -2 -5.957573 0.4575736 -2 -5.94 0.5 -2 -5.957573 0.5424264 -2 -6 0.56 6 -6.042427 0.5424264 6 -6.06 0.5 6 -6.042427 0.4575736 6 -6 0.44 6 -5.957573 0.4575736 6 -5.94 0.5 6 -5.957573 0.5424264 6 -6 0.56 6 -6.042427 0.5424264 6 -6.06 0.5 6 -6.042427 0.4575736 6 -6 0.44 6 -5.957573 0.4575736 6 -5.94 0.5 6 -5.957573 0.5424264 6 -7 -0.4398157 -2 -7.042427 -0.4573892 -2 -7.059999 -0.4998157 -2 -7.042427 -0.5422421 -2 -7 -0.5598157 -2 -6.957573 -0.5422421 -2 -6.94 -0.4998157 -2 -6.957573 -0.4573892 -2 -7 -0.4398157 6 -7.042427 -0.4573892 6 -7.059999 -0.4998157 6 -7.042427 -0.5422421 6 -7 -0.5598157 6 -6.957573 -0.5422421 6 -6.94 -0.4998157 6 -6.957573 -0.4573892 6 -7 -0.4398157 6 -7.042427 -0.4573892 6 -7.059999 -0.4998157 6 -7.042427 -0.5422421 6 -7 -0.5598157 6 -6.957573 -0.5422421 6 -6.94 -0.4998157 6 -6.957573 -0.4573892 6 -7 0.56 -2 -7.042427 0.5424264 -2 -7.059999 0.5 -2 -7.042427 0.4575736 -2 -7 0.44 -2 -6.957573 0.4575736 -2 -6.94 0.5 -2 -6.957573 0.5424264 -2 -7 0.56 6 -7.042427 0.5424264 6 -7.059999 0.5 6 -7.042427 0.4575736 6 -7 0.44 6 -6.957573 0.4575736 6 -6.94 0.5 6 -6.957573 0.5424264 6 -7 0.56 6 -7.042427 0.5424264 6 -7.059999 0.5 6 -7.042427 0.4575736 6 -7 0.44 6 -6.957573 0.4575736 6 -6.94 0.5 6 -6.957573 0.5424264 6 -6.98791 -0.4638165 4.910777 -6.98791 -0.4743607 4.936233 -6.98791 -0.4998165 4.946777 -6.98791 -0.5252724 4.936233 -6.98791 -0.5358165 4.910777 -6.98791 -0.5252724 4.885321 -6.98791 -0.4998165 4.874776 -6.98791 -0.4743607 4.885321 -6.98791 0.5361835 4.910777 -6.98791 0.5256393 4.936233 -6.98791 0.5001835 4.946777 -6.98791 0.4747276 4.936233 -6.98791 0.4641835 4.910777 -6.98791 0.4747276 4.885321 -6.98791 0.5001835 4.874776 -6.98791 0.5256393 4.885321 -6.993097 0.5151842 5.9895 -6.993097 0.485184 5.9895 -6.993097 0.5151842 5.940499 -6.993097 0.485184 5.940499 -5.831387 -0.6803916 -1.300664 -5.819524 -0.6685285 -1.300664 -7.180491 -0.6685285 -1.300664 -7.168628 -0.6803916 -1.300664 -7.160139 -0.6717517 -1.289514 -7.171852 -0.6600393 -1.289514 -5.828164 -0.6600393 -1.289514 -5.839876 -0.6717517 -1.289514 -7.171852 0.6602236 -1.289514 -7.160139 0.671936 -1.289514 -5.839876 0.671936 -1.289514 -5.828164 0.6602236 -1.289514 -7.180491 0.6687128 -1.300664 -7.168628 0.6805759 -1.300664 -5.831387 0.6805759 -1.300664 -5.819524 0.6687128 -1.300664 -5.831387 -0.6803916 -2.300663 -5.819524 -0.6685285 -2.300663 -7.180491 -0.6685285 -2.300663 -7.168628 -0.6803916 -2.300663 -7.180491 0.6687128 -2.300663 -7.168628 0.6805759 -2.300663 -5.831387 0.6805759 -2.300663 -5.819524 0.6687128 -2.300663 0 -0.4848158 5.9895 6.993097 -0.4848158 5.9895 0 -0.5148161 5.9895 6.993097 -0.5148161 5.9895 0 -0.4848158 5.940499 6.993097 -0.4848158 5.940499 0 -0.514816 5.940499 6.993097 -0.514816 5.940499 6 -0.4398157 -2 6.042427 -0.4573892 -2 6.06 -0.4998157 -2 6.042427 -0.5422421 -2 6 -0.5598157 -2 5.957573 -0.5422421 -2 5.94 -0.4998157 -2 5.957573 -0.4573892 -2 6 -0.4398157 6 6.042427 -0.4573892 6 6.06 -0.4998157 6 6.042427 -0.5422421 6 6 -0.5598157 6 5.957573 -0.5422421 6 5.94 -0.4998157 6 5.957573 -0.4573892 6 6 -0.4398157 6 6.042427 -0.4573892 6 6.06 -0.4998157 6 6.042427 -0.5422421 6 6 -0.5598157 6 5.957573 -0.5422421 6 5.94 -0.4998157 6 5.957573 -0.4573892 6 6 0.56 -2 6.042427 0.5424264 -2 6.06 0.5 -2 6.042427 0.4575736 -2 6 0.44 -2 5.957573 0.4575736 -2 5.94 0.5 -2 5.957573 0.5424264 -2 6 0.56 6 6.042427 0.5424264 6 6.06 0.5 6 6.042427 0.4575736 6 6 0.44 6 5.957573 0.4575736 6 5.94 0.5 6 5.957573 0.5424264 6 6 0.56 6 6.042427 0.5424264 6 6.06 0.5 6 6.042427 0.4575736 6 6 0.44 6 5.957573 0.4575736 6 5.94 0.5 6 5.957573 0.5424264 6 7 -0.4398157 -2 7.042427 -0.4573892 -2 7.059999 -0.4998157 -2 7.042427 -0.5422421 -2 7 -0.5598157 -2 6.957573 -0.5422421 -2 6.94 -0.4998157 -2 6.957573 -0.4573892 -2 7 -0.4398157 6 7.042427 -0.4573892 6 7.059999 -0.4998157 6 7.042427 -0.5422421 6 7 -0.5598157 6 6.957573 -0.5422421 6 6.94 -0.4998157 6 6.957573 -0.4573892 6 7 -0.4398157 6 7.042427 -0.4573892 6 7.059999 -0.4998157 6 7.042427 -0.5422421 6 7 -0.5598157 6 6.957573 -0.5422421 6 6.94 -0.4998157 6 6.957573 -0.4573892 6 7 0.56 -2 7.042427 0.5424264 -2 7.059999 0.5 -2 7.042427 0.4575736 -2 7 0.44 -2 6.957573 0.4575736 -2 6.94 0.5 -2 6.957573 0.5424264 -2 7 0.56 6 7.042427 0.5424264 6 7.059999 0.5 6 7.042427 0.4575736 6 7 0.44 6 6.957573 0.4575736 6 6.94 0.5 6 6.957573 0.5424264 6 7 0.56 6 7.042427 0.5424264 6 7.059999 0.5 6 7.042427 0.4575736 6 7 0.44 6 6.957573 0.4575736 6 6.94 0.5 6 6.957573 0.5424264 6 6.98791 -0.4638165 4.910777 6.98791 -0.4743607 4.936233 6.98791 -0.4998165 4.946777 6.98791 -0.5252724 4.936233 6.98791 -0.5358165 4.910777 6.98791 -0.5252724 4.885321 6.98791 -0.4998165 4.874776 6.98791 -0.4743607 4.885321 0 -0.4638159 4.910773 0 -0.47436 4.936228 0 -0.4998158 4.946773 0 -0.5252717 4.936228 0 -0.5358159 4.910773 0 -0.5252717 4.885316 0 -0.4998158 4.874773 0 -0.47436 4.885316 6.98791 0.5361835 4.910777 6.98791 0.5256393 4.936233 6.98791 0.5001835 4.946777 6.98791 0.4747276 4.936233 6.98791 0.4641835 4.910777 6.98791 0.4747276 4.885321 6.98791 0.5001835 4.874776 6.98791 0.5256393 4.885321 0 0.5361841 4.910773 0 0.52564 4.936228 0 0.5001842 4.946773 0 0.4747283 4.936228 0 0.4641841 4.910773 0 0.4747283 4.885316 0 0.5001842 4.874773 0 0.52564 4.885316 0 0.5151842 5.9895 6.993097 0.5151842 5.9895 0 0.485184 5.9895 6.993097 0.485184 5.9895 0 0.5151842 5.940499 6.993097 0.5151842 5.940499 0 0.485184 5.940499 6.993097 0.485184 5.940499 5.831387 -0.6803916 -1.300664 5.819524 -0.6685285 -1.300664 7.180491 -0.6685285 -1.300664 7.168628 -0.6803916 -1.300664 7.160139 -0.6717517 -1.289514 7.171852 -0.6600393 -1.289514 5.828164 -0.6600393 -1.289514 5.839876 -0.6717517 -1.289514 7.171852 0.6602236 -1.289514 7.160139 0.671936 -1.289514 5.839876 0.671936 -1.289514 5.828164 0.6602236 -1.289514 7.180491 0.6687128 -1.300664 7.168628 0.6805759 -1.300664 5.831387 0.6805759 -1.300664 5.819524 0.6687128 -1.300664 5.831387 -0.6803916 -2.300663 5.819524 -0.6685285 -2.300663 7.180491 -0.6685285 -2.300663 7.168628 -0.6803916 -2.300663 7.180491 0.6687128 -2.300663 7.168628 0.6805759 -2.300663 5.831387 0.6805759 -2.300663 5.819524 0.6687128 -2.300663 -6.0455 -0.4798157 4.95 -7.013826 -0.4798157 4.95 -6.0455 -0.4798157 4.98 -7.013826 -0.4798157 4.98 -6.0455 -0.5198156 4.95 -7.013826 -0.5198156 4.95 -6.0455 -0.5198156 4.98 -7.013826 -0.5198156 4.98 -6.0455 -0.4798157 3.95 -7.013826 -0.4798157 3.95 -6.0455 -0.4798157 3.98 -7.013826 -0.4798157 3.98 -6.0455 -0.5198156 3.95 -7.013826 -0.5198156 3.95 -6.0455 -0.5198156 3.98 -7.013826 -0.5198156 3.98 -6.0455 -0.4798157 2.95 -7.013826 -0.4798157 2.95 -6.0455 -0.4798157 2.98 -7.013826 -0.4798157 2.98 -6.0455 -0.5198156 2.95 -7.013826 -0.5198156 2.95 -6.0455 -0.5198156 2.98 -7.013826 -0.5198156 2.98 -6.0455 -0.4798157 1.95 -7.013826 -0.4798157 1.95 -6.0455 -0.4798157 1.98 -7.013826 -0.4798157 1.98 -6.0455 -0.5198156 1.95 -7.013826 -0.5198156 1.95 -6.0455 -0.5198156 1.98 -7.013826 -0.5198156 1.98 -6.0455 -0.4798157 0.95 -7.013826 -0.4798157 0.95 -6.0455 -0.4798157 0.9800002 -7.013826 -0.4798157 0.9800002 -6.0455 -0.5198156 0.95 -7.013826 -0.5198156 0.95 -6.0455 -0.5198156 0.9800002 -7.013826 -0.5198156 0.9800002 -6.0455 -0.4798157 -0.04999995 -7.013826 -0.4798157 -0.04999995 -6.0455 -0.4798157 -0.01999974 -7.013826 -0.4798157 -0.01999974 -6.0455 -0.5198156 -0.04999995 -7.013826 -0.5198156 -0.04999995 -6.0455 -0.5198156 -0.01999974 -7.013826 -0.5198156 -0.01999974 -6.0455 -0.4798157 -1.05 -7.013826 -0.4798157 -1.05 -6.0455 -0.4798157 -1.02 -7.013826 -0.4798157 -1.02 -6.0455 -0.5198156 -1.05 -7.013826 -0.5198156 -1.05 -6.0455 -0.5198156 -1.02 -7.013826 -0.5198156 -1.02 -6.0455 -0.4798157 5.95 -7.013826 -0.4798157 5.95 -6.0455 -0.4798157 5.98 -7.013826 -0.4798157 5.98 -6.0455 -0.5198156 5.95 -7.013826 -0.5198156 5.95 -6.0455 -0.5198156 5.98 -7.013826 -0.5198156 5.98 -6.037873 -0.4918136 4.962849 -7.00974 -0.4918137 5.965265 -6.026854 -0.4918136 4.972223 -6.998722 -0.4918137 5.974639 -6.037873 -0.5318136 4.962849 -7.00974 -0.5318137 5.965265 -6.026854 -0.5318136 4.972223 -6.998722 -0.5318137 5.974639 -6.038531 -0.5099603 5.975627 -7.010398 -0.5099588 4.97321 -6.027183 -0.5099603 5.965266 -6.999051 -0.5099588 4.962849 -6.038531 -0.4699603 5.975627 -7.010398 -0.4699589 4.97321 -6.027183 -0.4699603 5.965266 -6.999051 -0.4699588 4.962849 -6.037873 -0.4918136 3.962849 -7.00974 -0.4918137 4.965265 -6.026854 -0.4918136 3.972223 -6.998722 -0.4918137 4.974639 -6.037873 -0.5318136 3.962849 -7.00974 -0.5318137 4.965265 -6.026854 -0.5318136 3.972223 -6.998722 -0.5318137 4.974639 -6.038531 -0.5099603 4.975627 -7.010398 -0.5099588 3.97321 -6.027183 -0.5099603 4.965266 -6.999051 -0.5099588 3.962849 -6.038531 -0.4699603 4.975627 -7.010398 -0.4699589 3.97321 -6.027183 -0.4699603 4.965266 -6.999051 -0.4699588 3.962849 -6.037873 -0.4918136 2.962849 -7.00974 -0.4918137 3.965265 -6.026854 -0.4918136 2.972223 -6.998722 -0.4918137 3.974639 -6.037873 -0.5318136 2.962849 -7.00974 -0.5318137 3.965265 -6.026854 -0.5318136 2.972223 -6.998722 -0.5318137 3.974639 -6.038531 -0.5099603 3.975627 -7.010398 -0.5099588 2.97321 -6.027183 -0.5099603 3.965266 -6.999051 -0.5099588 2.962849 -6.038531 -0.4699603 3.975627 -7.010398 -0.4699589 2.97321 -6.027183 -0.4699603 3.965266 -6.999051 -0.4699588 2.962849 -6.037873 -0.4918136 1.962849 -7.00974 -0.4918137 2.965265 -6.026854 -0.4918136 1.972223 -6.998722 -0.4918137 2.974639 -6.037873 -0.5318136 1.962849 -7.00974 -0.5318137 2.965265 -6.026854 -0.5318136 1.972223 -6.998722 -0.5318137 2.974639 -6.038531 -0.5099603 2.975627 -7.010398 -0.5099588 1.97321 -6.027183 -0.5099603 2.965266 -6.999051 -0.5099588 1.962849 -6.038531 -0.4699603 2.975627 -7.010398 -0.4699589 1.97321 -6.027183 -0.4699603 2.965266 -6.999051 -0.4699588 1.962849 -6.037873 -0.4918136 0.9628487 -7.00974 -0.4918137 1.965265 -6.026854 -0.4918136 0.9722228 -6.998722 -0.4918137 1.974639 -6.037873 -0.5318136 0.9628487 -7.00974 -0.5318137 1.965265 -6.026854 -0.5318136 0.9722228 -6.998722 -0.5318137 1.974639 -6.038531 -0.5099603 1.975627 -7.010398 -0.5099588 0.9732103 -6.027183 -0.5099603 1.965266 -6.999051 -0.5099588 0.9628491 -6.038531 -0.4699603 1.975627 -7.010398 -0.4699589 0.9732103 -6.027183 -0.4699603 1.965266 -6.999051 -0.4699588 0.9628491 -6.037873 -0.4918136 -0.03715133 -7.00974 -0.4918137 0.9652653 -6.026854 -0.4918136 -0.02777719 -6.998722 -0.4918137 0.9746394 -6.037873 -0.5318136 -0.03715133 -7.00974 -0.5318137 0.9652653 -6.026854 -0.5318136 -0.02777719 -6.998722 -0.5318137 0.9746394 -6.038531 -0.5099603 0.975627 -7.010398 -0.5099588 -0.02678966 -6.027183 -0.5099603 0.9652658 -6.999051 -0.5099588 -0.03715085 -6.038531 -0.4699603 0.975627 -7.010398 -0.4699589 -0.02678966 -6.027183 -0.4699603 0.9652658 -6.999051 -0.4699588 -0.03715085 -6.037873 -0.4918136 -1.037151 -7.00974 -0.4918137 -0.03473472 -6.026854 -0.4918136 -1.027777 -6.998722 -0.4918137 -0.02536058 -6.037873 -0.5318136 -1.037151 -7.00974 -0.5318137 -0.03473472 -6.026854 -0.5318136 -1.027777 -6.998722 -0.5318137 -0.02536058 -6.038531 -0.5099603 -0.02437305 -7.010398 -0.5099588 -1.02679 -6.027183 -0.5099603 -0.03473424 -6.999051 -0.5099588 -1.037151 -6.038531 -0.4699603 -0.02437305 -7.010398 -0.4699589 -1.02679 -6.027183 -0.4699603 -0.03473424 -6.999051 -0.4699588 -1.037151 -6.037547 0.4747055 4.95 -6.037546 -0.4936211 4.95 -6.037547 0.4747055 4.98 -6.037546 -0.4936211 4.98 -5.997547 0.4747055 4.95 -5.997546 -0.4936211 4.95 -5.997547 0.4747055 4.98 -5.997546 -0.4936211 4.98 -6.037547 0.4747055 3.95 -6.037546 -0.4936211 3.95 -6.037547 0.4747055 3.98 -6.037546 -0.4936211 3.98 -5.997547 0.4747055 3.95 -5.997546 -0.4936211 3.95 -5.997547 0.4747055 3.98 -5.997546 -0.4936211 3.98 -6.037547 0.4747055 2.95 -6.037546 -0.4936211 2.95 -6.037547 0.4747055 2.98 -6.037546 -0.4936211 2.98 -5.997547 0.4747055 2.95 -5.997546 -0.4936211 2.95 -5.997547 0.4747055 2.98 -5.997546 -0.4936211 2.98 -6.037547 0.4747055 1.95 -6.037546 -0.4936211 1.95 -6.037547 0.4747055 1.98 -6.037546 -0.4936211 1.98 -5.997547 0.4747055 1.95 -5.997546 -0.4936211 1.95 -5.997547 0.4747055 1.98 -5.997546 -0.4936211 1.98 -6.037547 0.4747055 0.95 -6.037546 -0.4936211 0.95 -6.037547 0.4747055 0.9800002 -6.037546 -0.4936211 0.9800002 -5.997547 0.4747055 0.95 -5.997546 -0.4936211 0.95 -5.997547 0.4747055 0.9800002 -5.997546 -0.4936211 0.9800002 -6.037547 0.4747055 -0.04999995 -6.037546 -0.4936211 -0.04999995 -6.037547 0.4747055 -0.01999974 -6.037546 -0.4936211 -0.01999974 -5.997547 0.4747055 -0.04999995 -5.997546 -0.4936211 -0.04999995 -5.997547 0.4747055 -0.01999974 -5.997546 -0.4936211 -0.01999974 -6.037547 0.4747055 -1.05 -6.037546 -0.4936211 -1.05 -6.037547 0.4747055 -1.02 -6.037546 -0.4936211 -1.02 -5.997547 0.4747055 -1.05 -5.997546 -0.4936211 -1.05 -5.997547 0.4747055 -1.02 -5.997546 -0.4936211 -1.02 -6.037547 0.4747055 5.95 -6.037546 -0.4936211 5.95 -6.037547 0.4747055 5.98 -6.037546 -0.4936211 5.98 -5.997547 0.4747055 5.95 -5.997546 -0.4936211 5.95 -5.997547 0.4747055 5.98 -5.997546 -0.4936211 5.98 -6.025549 0.4823322 4.962849 -6.025548 -0.489535 5.965265 -6.025549 0.4933509 4.972223 -6.025548 -0.4785162 5.974639 -5.985549 0.4823322 4.962849 -5.985548 -0.4895349 5.965265 -5.985549 0.493351 4.972223 -5.985548 -0.4785162 5.974639 -6.007402 0.4816745 5.975627 -6.007403 -0.4901927 4.97321 -6.007402 0.493022 5.965266 -6.007403 -0.4788451 4.962849 -6.047402 0.4816744 5.975627 -6.047403 -0.4901927 4.97321 -6.047402 0.493022 5.965266 -6.047403 -0.4788451 4.962849 -6.025549 0.4823322 3.962849 -6.025548 -0.489535 4.965265 -6.025549 0.4933509 3.972223 -6.025548 -0.4785162 4.974639 -5.985549 0.4823322 3.962849 -5.985548 -0.4895349 4.965265 -5.985549 0.493351 3.972223 -5.985548 -0.4785162 4.974639 -6.007402 0.4816745 4.975627 -6.007403 -0.4901927 3.97321 -6.007402 0.493022 4.965266 -6.007403 -0.4788451 3.962849 -6.047402 0.4816744 4.975627 -6.047403 -0.4901927 3.97321 -6.047402 0.493022 4.965266 -6.047403 -0.4788451 3.962849 -6.025549 0.4823322 2.962849 -6.025548 -0.489535 3.965265 -6.025549 0.4933509 2.972223 -6.025548 -0.4785162 3.974639 -5.985549 0.4823322 2.962849 -5.985548 -0.4895349 3.965265 -5.985549 0.493351 2.972223 -5.985548 -0.4785162 3.974639 -6.007402 0.4816745 3.975627 -6.007403 -0.4901927 2.97321 -6.007402 0.493022 3.965266 -6.007403 -0.4788451 2.962849 -6.047402 0.4816744 3.975627 -6.047403 -0.4901927 2.97321 -6.047402 0.493022 3.965266 -6.047403 -0.4788451 2.962849 -6.025549 0.4823322 1.962849 -6.025548 -0.489535 2.965265 -6.025549 0.4933509 1.972223 -6.025548 -0.4785162 2.974639 -5.985549 0.4823322 1.962849 -5.985548 -0.4895349 2.965265 -5.985549 0.493351 1.972223 -5.985548 -0.4785162 2.974639 -6.007402 0.4816745 2.975627 -6.007403 -0.4901927 1.97321 -6.007402 0.493022 2.965266 -6.007403 -0.4788451 1.962849 -6.047402 0.4816744 2.975627 -6.047403 -0.4901927 1.97321 -6.047402 0.493022 2.965266 -6.047403 -0.4788451 1.962849 -6.025549 0.4823322 0.9628487 -6.025548 -0.489535 1.965265 -6.025549 0.4933509 0.9722228 -6.025548 -0.4785162 1.974639 -5.985549 0.4823322 0.9628487 -5.985548 -0.4895349 1.965265 -5.985549 0.493351 0.9722228 -5.985548 -0.4785162 1.974639 -6.007402 0.4816745 1.975627 -6.007403 -0.4901927 0.9732103 -6.007402 0.493022 1.965266 -6.007403 -0.4788451 0.9628491 -6.047402 0.4816744 1.975627 -6.047403 -0.4901927 0.9732103 -6.047402 0.493022 1.965266 -6.047403 -0.4788451 0.9628491 -6.025549 0.4823322 -0.03715133 -6.025548 -0.489535 0.9652653 -6.025549 0.4933509 -0.02777719 -6.025548 -0.4785162 0.9746394 -5.985549 0.4823322 -0.03715133 -5.985548 -0.4895349 0.9652653 -5.985549 0.493351 -0.02777719 -5.985548 -0.4785162 0.9746394 -6.007402 0.4816745 0.975627 -6.007403 -0.4901927 -0.02678966 -6.007402 0.493022 0.9652658 -6.007403 -0.4788451 -0.03715085 -6.047402 0.4816744 0.975627 -6.047403 -0.4901927 -0.02678966 -6.047402 0.493022 0.9652658 -6.047403 -0.4788451 -0.03715085 -6.025549 0.4823322 -1.037151 -6.025548 -0.489535 -0.03473472 -6.025549 0.4933509 -1.027777 -6.025548 -0.4785162 -0.02536058 -5.985549 0.4823322 -1.037151 -5.985548 -0.4895349 -0.03473472 -5.985549 0.493351 -1.027777 -5.985548 -0.4785162 -0.02536058 -6.007402 0.4816745 -0.02437305 -6.007403 -0.4901927 -1.02679 -6.007402 0.493022 -0.03473424 -6.007403 -0.4788451 -1.037151 -6.047402 0.4816744 -0.02437305 -6.047403 -0.4901927 -1.02679 -6.047402 0.493022 -0.03473424 -6.047403 -0.4788451 -1.037151 -6.992068 0.4826574 4.95 -6.023742 0.4826591 4.95 -6.992068 0.4826574 4.98 -6.023742 0.4826591 4.98 -6.992068 0.5226573 4.95 -6.023742 0.522659 4.95 -6.992068 0.5226573 4.98 -6.023742 0.522659 4.98 -6.992068 0.4826574 3.95 -6.023742 0.4826591 3.95 -6.992068 0.4826574 3.98 -6.023742 0.4826591 3.98 -6.992068 0.5226573 3.95 -6.023742 0.522659 3.95 -6.992068 0.5226573 3.98 -6.023742 0.522659 3.98 -6.992068 0.4826574 2.95 -6.023742 0.4826591 2.95 -6.992068 0.4826574 2.98 -6.023742 0.4826591 2.98 -6.992068 0.5226573 2.95 -6.023742 0.522659 2.95 -6.992068 0.5226573 2.98 -6.023742 0.522659 2.98 -6.992068 0.4826574 1.95 -6.023742 0.4826591 1.95 -6.992068 0.4826574 1.98 -6.023742 0.4826591 1.98 -6.992068 0.5226573 1.95 -6.023742 0.522659 1.95 -6.992068 0.5226573 1.98 -6.023742 0.522659 1.98 -6.992068 0.4826574 0.95 -6.023742 0.4826591 0.95 -6.992068 0.4826574 0.9800002 -6.023742 0.4826591 0.9800002 -6.992068 0.5226573 0.95 -6.023742 0.522659 0.95 -6.992068 0.5226573 0.9800002 -6.023742 0.522659 0.9800002 -6.992068 0.4826574 -0.04999995 -6.023742 0.4826591 -0.04999995 -6.992068 0.4826574 -0.01999974 -6.023742 0.4826591 -0.01999974 -6.992068 0.5226573 -0.04999995 -6.023742 0.522659 -0.04999995 -6.992068 0.5226573 -0.01999974 -6.023742 0.522659 -0.01999974 -6.992068 0.4826574 -1.05 -6.023742 0.4826591 -1.05 -6.992068 0.4826574 -1.02 -6.023742 0.4826591 -1.02 -6.992068 0.5226573 -1.05 -6.023742 0.522659 -1.05 -6.992068 0.5226573 -1.02 -6.023742 0.522659 -1.02 -6.992068 0.4826574 5.95 -6.023742 0.4826591 5.95 -6.992068 0.4826574 5.98 -6.023742 0.4826591 5.98 -6.992068 0.5226573 5.95 -6.023742 0.522659 5.95 -6.992068 0.5226573 5.98 -6.023742 0.522659 5.98 -6.999695 0.4946553 4.962849 -6.027828 0.4946572 5.965265 -7.010714 0.4946553 4.972223 -6.038846 0.4946572 5.974639 -6.999695 0.5346553 4.962849 -6.027828 0.5346571 5.965265 -7.010714 0.5346553 4.972223 -6.038846 0.5346571 5.974639 -6.999037 0.512802 5.975627 -6.02717 0.5128021 4.97321 -7.010385 0.512802 5.965266 -6.038517 0.5128021 4.962849 -6.999037 0.4728021 5.975627 -6.02717 0.4728022 4.97321 -7.010385 0.472802 5.965266 -6.038517 0.4728022 4.962849 -6.999695 0.4946553 3.962849 -6.027828 0.4946572 4.965265 -7.010714 0.4946553 3.972223 -6.038846 0.4946572 4.974639 -6.999695 0.5346553 3.962849 -6.027828 0.5346571 4.965265 -7.010714 0.5346553 3.972223 -6.038846 0.5346571 4.974639 -6.999037 0.512802 4.975627 -6.02717 0.5128021 3.97321 -7.010385 0.512802 4.965266 -6.038517 0.5128021 3.962849 -6.999037 0.4728021 4.975627 -6.02717 0.4728022 3.97321 -7.010385 0.472802 4.965266 -6.038517 0.4728022 3.962849 -6.999695 0.4946553 2.962849 -6.027828 0.4946572 3.965265 -7.010714 0.4946553 2.972223 -6.038846 0.4946572 3.974639 -6.999695 0.5346553 2.962849 -6.027828 0.5346571 3.965265 -7.010714 0.5346553 2.972223 -6.038846 0.5346571 3.974639 -6.999037 0.512802 3.975627 -6.02717 0.5128021 2.97321 -7.010385 0.512802 3.965266 -6.038517 0.5128021 2.962849 -6.999037 0.4728021 3.975627 -6.02717 0.4728022 2.97321 -7.010385 0.472802 3.965266 -6.038517 0.4728022 2.962849 -6.999695 0.4946553 1.962849 -6.027828 0.4946572 2.965265 -7.010714 0.4946553 1.972223 -6.038846 0.4946572 2.974639 -6.999695 0.5346553 1.962849 -6.027828 0.5346571 2.965265 -7.010714 0.5346553 1.972223 -6.038846 0.5346571 2.974639 -6.999037 0.512802 2.975627 -6.02717 0.5128021 1.97321 -7.010385 0.512802 2.965266 -6.038517 0.5128021 1.962849 -6.999037 0.4728021 2.975627 -6.02717 0.4728022 1.97321 -7.010385 0.472802 2.965266 -6.038517 0.4728022 1.962849 -6.999695 0.4946553 0.9628487 -6.027828 0.4946572 1.965265 -7.010714 0.4946553 0.9722228 -6.038846 0.4946572 1.974639 -6.999695 0.5346553 0.9628487 -6.027828 0.5346571 1.965265 -7.010714 0.5346553 0.9722228 -6.038846 0.5346571 1.974639 -6.999037 0.512802 1.975627 -6.02717 0.5128021 0.9732103 -7.010385 0.512802 1.965266 -6.038517 0.5128021 0.9628491 -6.999037 0.4728021 1.975627 -6.02717 0.4728022 0.9732103 -7.010385 0.472802 1.965266 -6.038517 0.4728022 0.9628491 -6.999695 0.4946553 -0.03715133 -6.027828 0.4946572 0.9652653 -7.010714 0.4946553 -0.02777719 -6.038846 0.4946572 0.9746394 -6.999695 0.5346553 -0.03715133 -6.027828 0.5346571 0.9652653 -7.010714 0.5346553 -0.02777719 -6.038846 0.5346571 0.9746394 -6.999037 0.512802 0.975627 -6.02717 0.5128021 -0.02678966 -7.010385 0.512802 0.9652658 -6.038517 0.5128021 -0.03715085 -6.999037 0.4728021 0.975627 -6.02717 0.4728022 -0.02678966 -7.010385 0.472802 0.9652658 -6.038517 0.4728022 -0.03715085 -6.999695 0.4946553 -1.037151 -6.027828 0.4946572 -0.03473472 -7.010714 0.4946553 -1.027777 -6.038846 0.4946572 -0.02536058 -6.999695 0.5346553 -1.037151 -6.027828 0.5346571 -0.03473472 -7.010714 0.5346553 -1.027777 -6.038846 0.5346571 -0.02536058 -6.999037 0.512802 -0.02437305 -6.02717 0.5128021 -1.02679 -7.010385 0.512802 -0.03473424 -6.038517 0.5128021 -1.037151 -6.999037 0.4728021 -0.02437305 -6.02717 0.4728022 -1.02679 -7.010385 0.472802 -0.03473424 -6.038517 0.4728022 -1.037151 -7.000019 -0.4718638 4.95 -7.000022 0.4964628 4.95 -7.000019 -0.4718638 4.98 -7.000022 0.4964628 4.98 -7.040019 -0.4718638 4.95 -7.040022 0.4964628 4.95 -7.040019 -0.4718638 4.98 -7.040022 0.4964628 4.98 -7.000019 -0.4718638 3.95 -7.000022 0.4964628 3.95 -7.000019 -0.4718638 3.98 -7.000022 0.4964628 3.98 -7.040019 -0.4718638 3.95 -7.040022 0.4964628 3.95 -7.040019 -0.4718638 3.98 -7.040022 0.4964628 3.98 -7.000019 -0.4718638 2.95 -7.000022 0.4964628 2.95 -7.000019 -0.4718638 2.98 -7.000022 0.4964628 2.98 -7.040019 -0.4718638 2.95 -7.040022 0.4964628 2.95 -7.040019 -0.4718638 2.98 -7.040022 0.4964628 2.98 -7.000019 -0.4718638 1.95 -7.000022 0.4964628 1.95 -7.000019 -0.4718638 1.98 -7.000022 0.4964628 1.98 -7.040019 -0.4718638 1.95 -7.040022 0.4964628 1.95 -7.040019 -0.4718638 1.98 -7.040022 0.4964628 1.98 -7.000019 -0.4718638 0.95 -7.000022 0.4964628 0.95 -7.000019 -0.4718638 0.9800002 -7.000022 0.4964628 0.9800002 -7.040019 -0.4718638 0.95 -7.040022 0.4964628 0.95 -7.040019 -0.4718638 0.9800002 -7.040022 0.4964628 0.9800002 -7.000019 -0.4718638 -0.04999995 -7.000022 0.4964628 -0.04999995 -7.000019 -0.4718638 -0.01999974 -7.000022 0.4964628 -0.01999974 -7.040019 -0.4718638 -0.04999995 -7.040022 0.4964628 -0.04999995 -7.040019 -0.4718638 -0.01999974 -7.040022 0.4964628 -0.01999974 -7.000019 -0.4718638 -1.05 -7.000022 0.4964628 -1.05 -7.000019 -0.4718638 -1.02 -7.000022 0.4964628 -1.02 -7.040019 -0.4718638 -1.05 -7.040022 0.4964628 -1.05 -7.040019 -0.4718638 -1.02 -7.040022 0.4964628 -1.02 -7.000019 -0.4718638 5.95 -7.000022 0.4964628 5.95 -7.000019 -0.4718638 5.98 -7.000022 0.4964628 5.98 -7.040019 -0.4718638 5.95 -7.040022 0.4964628 5.95 -7.040019 -0.4718638 5.98 -7.040022 0.4964628 5.98 -7.012017 -0.4794905 4.962849 -7.01202 0.4923766 5.965265 -7.012017 -0.4905093 4.972223 -7.01202 0.4813579 5.974639 -7.052017 -0.4794906 4.962849 -7.05202 0.4923766 5.965265 -7.052017 -0.4905093 4.972223 -7.05202 0.4813578 5.974639 -7.030164 -0.4788328 5.975627 -7.030165 0.4930344 4.97321 -7.030164 -0.4901804 5.965266 -7.030165 0.4816868 4.962849 -6.990164 -0.4788327 5.975627 -6.990165 0.4930344 4.97321 -6.990164 -0.4901803 5.965266 -6.990165 0.4816869 4.962849 -7.012017 -0.4794905 3.962849 -7.01202 0.4923766 4.965265 -7.012017 -0.4905093 3.972223 -7.01202 0.4813579 4.974639 -7.052017 -0.4794906 3.962849 -7.05202 0.4923766 4.965265 -7.052017 -0.4905093 3.972223 -7.05202 0.4813578 4.974639 -7.030164 -0.4788328 4.975627 -7.030165 0.4930344 3.97321 -7.030164 -0.4901804 4.965266 -7.030165 0.4816868 3.962849 -6.990164 -0.4788327 4.975627 -6.990165 0.4930344 3.97321 -6.990164 -0.4901803 4.965266 -6.990165 0.4816869 3.962849 -7.012017 -0.4794905 2.962849 -7.01202 0.4923766 3.965265 -7.012017 -0.4905093 2.972223 -7.01202 0.4813579 3.974639 -7.052017 -0.4794906 2.962849 -7.05202 0.4923766 3.965265 -7.052017 -0.4905093 2.972223 -7.05202 0.4813578 3.974639 -7.030164 -0.4788328 3.975627 -7.030165 0.4930344 2.97321 -7.030164 -0.4901804 3.965266 -7.030165 0.4816868 2.962849 -6.990164 -0.4788327 3.975627 -6.990165 0.4930344 2.97321 -6.990164 -0.4901803 3.965266 -6.990165 0.4816869 2.962849 -7.012017 -0.4794905 1.962849 -7.01202 0.4923766 2.965265 -7.012017 -0.4905093 1.972223 -7.01202 0.4813579 2.974639 -7.052017 -0.4794906 1.962849 -7.05202 0.4923766 2.965265 -7.052017 -0.4905093 1.972223 -7.05202 0.4813578 2.974639 -7.030164 -0.4788328 2.975627 -7.030165 0.4930344 1.97321 -7.030164 -0.4901804 2.965266 -7.030165 0.4816868 1.962849 -6.990164 -0.4788327 2.975627 -6.990165 0.4930344 1.97321 -6.990164 -0.4901803 2.965266 -6.990165 0.4816869 1.962849 -7.012017 -0.4794905 0.9628487 -7.01202 0.4923766 1.965265 -7.012017 -0.4905093 0.9722228 -7.01202 0.4813579 1.974639 -7.052017 -0.4794906 0.9628487 -7.05202 0.4923766 1.965265 -7.052017 -0.4905093 0.9722228 -7.05202 0.4813578 1.974639 -7.030164 -0.4788328 1.975627 -7.030165 0.4930344 0.9732103 -7.030164 -0.4901804 1.965266 -7.030165 0.4816868 0.9628491 -6.990164 -0.4788327 1.975627 -6.990165 0.4930344 0.9732103 -6.990164 -0.4901803 1.965266 -6.990165 0.4816869 0.9628491 -7.012017 -0.4794905 -0.03715133 -7.01202 0.4923766 0.9652653 -7.012017 -0.4905093 -0.02777719 -7.01202 0.4813579 0.9746394 -7.052017 -0.4794906 -0.03715133 -7.05202 0.4923766 0.9652653 -7.052017 -0.4905093 -0.02777719 -7.05202 0.4813578 0.9746394 -7.030164 -0.4788328 0.975627 -7.030165 0.4930344 -0.02678966 -7.030164 -0.4901804 0.9652658 -7.030165 0.4816868 -0.03715085 -6.990164 -0.4788327 0.975627 -6.990165 0.4930344 -0.02678966 -6.990164 -0.4901803 0.9652658 -6.990165 0.4816869 -0.03715085 -7.012017 -0.4794905 -1.037151 -7.01202 0.4923766 -0.03473472 -7.012017 -0.4905093 -1.027777 -7.01202 0.4813579 -0.02536058 -7.052017 -0.4794906 -1.037151 -7.05202 0.4923766 -0.03473472 -7.052017 -0.4905093 -1.027777 -7.05202 0.4813578 -0.02536058 -7.030164 -0.4788328 -0.02437305 -7.030165 0.4930344 -1.02679 -7.030164 -0.4901804 -0.03473424 -7.030165 0.4816868 -1.037151 -6.990164 -0.4788327 -0.02437305 -6.990165 0.4930344 -1.02679 -6.990164 -0.4901803 -0.03473424 -6.990165 0.4816869 -1.037151 -6.030272 0.5278593 5.95 -7.057338 -0.4992064 5.95 -6.030272 0.5278593 5.98 -7.057338 -0.4992064 5.98 -6.001988 0.4995751 5.95 -7.029054 -0.5274906 5.95 -6.001988 0.4995751 5.98 -7.029054 -0.5274906 5.98 -7.045222 0.4899317 4.95 -6.018156 -0.5371325 4.95 -7.045222 0.4899317 4.98 -6.018156 -0.5371325 4.98 -7.016938 0.518216 4.95 -5.989871 -0.5088481 4.95 -7.016938 0.518216 4.98 -5.989871 -0.5088481 4.98 -7.007294 -0.5250176 3.95 -5.98023 0.5020499 3.95 -7.007294 -0.5250176 3.98 -5.98023 0.5020499 3.98 -7.035578 -0.4967334 3.95 -6.008514 0.5303341 3.95 -7.035578 -0.4967334 3.98 -6.008514 0.5303341 3.98 -5.992344 -0.4870882 2.95 -7.019412 0.5399742 2.95 -5.992344 -0.4870882 2.98 -7.019412 0.5399742 2.98 -6.020628 -0.5153726 2.95 -7.047697 0.5116897 2.95 -6.020628 -0.5153726 2.98 -7.047697 0.5116897 2.98 -6.030274 0.527861 1.95 -7.057336 -0.4992083 1.95 -6.030274 0.527861 1.98 -7.057336 -0.4992083 1.98 -6.00199 0.4995769 1.95 -7.029052 -0.5274925 1.95 -6.00199 0.4995769 1.98 -7.029052 -0.5274925 1.98 -7.045224 0.4899298 0.9499998 -6.018154 -0.5371308 0.9499998 -7.045224 0.4899298 0.98 -6.018154 -0.5371308 0.98 -7.01694 0.5182144 0.9499998 -5.989869 -0.5088462 0.9499998 -7.01694 0.5182144 0.98 -5.989869 -0.5088462 0.98 -7.007292 -0.5250193 -0.05000019 -5.980232 0.5020518 -0.05000019 -7.007292 -0.5250193 -0.01999998 -5.980232 0.5020518 -0.01999998 -7.035576 -0.4967352 -0.05000019 -6.008516 0.530336 -0.05000019 -7.035576 -0.4967352 -0.01999998 -6.008516 0.530336 -0.01999998 -5.992342 -0.4870862 -1.05 -7.019414 0.5399726 -1.05 -5.992342 -0.4870862 -1.02 -7.019414 0.5399726 -1.02 -6.020627 -0.515371 -1.05 -7.047699 0.5116878 -1.05 -6.020627 -0.515371 -1.02 -7.047699 0.5116878 -1.02 0.01406431 -0.4812363 4.917336 0.04406452 -0.4812363 4.917336 0.04406356 -0.4812363 5.963556 0.01406431 -0.5212363 4.917336 0.04406452 -0.5212363 4.917336 -0.9859355 -0.4812364 4.917335 -0.9559352 -0.4812364 4.917335 -0.9559362 -0.4812364 5.963555 -0.9859355 -0.5212364 4.917335 -0.9559352 -0.5212364 4.917335 -0.9559362 -0.5212364 5.963555 -1.985935 -0.4812365 4.917335 -1.985936 -0.4812365 5.963554 -1.955935 -0.4812365 4.917335 -1.955936 -0.4812365 5.963554 -1.985935 -0.5212365 4.917335 -1.955935 -0.5212365 4.917335 -1.955936 -0.5212365 5.963554 -2.985935 -0.4812366 4.917334 -2.985936 -0.4812366 5.963553 -2.955935 -0.4812366 4.917334 -2.955936 -0.4812366 5.963553 -2.985935 -0.5212367 4.917334 -2.985936 -0.5212367 5.963553 -2.955935 -0.5212367 4.917334 -2.955936 -0.5212367 5.963553 -3.985936 -0.4812368 4.917333 -3.985937 -0.4812368 5.963552 -3.955935 -0.4812368 4.917333 -3.985936 -0.5212368 4.917333 -3.985937 -0.5212368 5.963552 -3.955935 -0.5212368 4.917333 -3.955936 -0.5212368 5.963552 -4.985936 -0.4812369 4.917332 -4.985937 -0.4812369 5.963551 -4.955935 -0.4812369 4.917332 -4.955936 -0.4812369 5.963551 -4.985936 -0.5212369 4.917332 -4.985937 -0.5212369 5.963551 -4.955935 -0.5212369 4.917332 -4.955936 -0.5212369 5.963551 -5.960522 -0.4812371 4.91733 -5.930522 -0.4812371 4.917331 -5.930523 -0.4812371 5.96355 -5.960522 -0.521237 4.91733 -5.930522 -0.521237 4.917331 1.014064 -0.4812361 4.917337 1.044064 -0.4812361 4.917337 1.044064 -0.4812361 5.963557 1.014064 -0.5212361 4.917337 1.044064 -0.5212361 4.917337 1.044064 -0.5212361 5.963557 0.02691316 -0.4932342 4.909096 1.029329 -0.4932342 5.959142 0.0362873 -0.4932342 4.897191 1.038703 -0.4932342 5.947237 0.02691316 -0.5332342 4.909096 1.029329 -0.5332342 5.959142 0.0362873 -0.5332342 4.897191 1.038703 -0.5332342 5.947237 1.039691 -0.5113808 4.909808 0.03727388 -0.5113794 5.959852 1.02933 -0.5113808 4.897547 0.02691268 -0.5113794 5.947592 1.039691 -0.4713808 4.909808 0.03727388 -0.4713795 5.959852 1.02933 -0.4713807 4.897547 0.02691268 -0.4713794 5.947592 -0.9730868 -0.4932343 4.909095 0.02932882 -0.4932343 5.959141 -0.9637127 -0.4932343 4.89719 0.03870296 -0.4932343 5.947236 -0.9730868 -0.5332343 4.909095 0.02932882 -0.5332343 5.959141 -0.9637127 -0.5332343 4.89719 0.03870296 -0.5332343 5.947236 0.03969144 -0.5113809 4.909807 -0.9627261 -0.5113795 5.959851 0.02933025 -0.5113809 4.897546 -0.9730873 -0.5113795 5.94759 0.03969144 -0.4713809 4.909807 -0.9627261 -0.4713796 5.959851 0.02933025 -0.4713809 4.897546 -0.9730873 -0.4713795 5.94759 -1.973087 -0.4932345 4.909094 -0.9706712 -0.4932345 5.95914 -1.963713 -0.4932345 4.897189 -0.961297 -0.4932345 5.947235 -1.973087 -0.5332344 4.909094 -0.9706712 -0.5332344 5.95914 -1.963713 -0.5332344 4.897189 -0.961297 -0.5332344 5.947235 -0.9603086 -0.511381 4.909806 -1.962726 -0.5113796 5.95985 -0.9706698 -0.511381 4.897545 -1.973087 -0.5113796 5.947589 -0.9603086 -0.471381 4.909806 -1.962726 -0.4713797 5.95985 -0.9706698 -0.471381 4.897545 -1.973087 -0.4713797 5.947589 -2.973087 -0.4932346 4.909093 -1.970671 -0.4932346 5.959139 -2.963713 -0.4932346 4.897188 -1.961297 -0.4932346 5.947234 -2.973087 -0.5332346 4.909093 -1.970671 -0.5332345 5.959139 -2.963713 -0.5332346 4.897188 -1.961297 -0.5332345 5.947234 -1.960309 -0.5113812 4.909805 -2.962726 -0.5113798 5.959849 -1.97067 -0.5113812 4.897544 -2.973087 -0.5113798 5.947588 -1.960309 -0.4713812 4.909805 -2.962726 -0.4713798 5.959849 -1.97067 -0.4713811 4.897544 -2.973087 -0.4713798 5.947588 -3.973087 -0.4932347 4.909092 -2.970671 -0.4932348 5.959138 -3.963713 -0.4932347 4.897187 -2.961297 -0.4932348 5.947233 -3.973087 -0.5332347 4.909092 -2.970671 -0.5332347 5.959138 -3.963713 -0.5332347 4.897187 -2.961297 -0.5332347 5.947233 -2.960309 -0.5113813 4.909804 -3.962726 -0.5113799 5.959848 -2.97067 -0.5113813 4.897543 -3.973087 -0.5113799 5.947587 -2.960309 -0.4713813 4.909804 -3.962726 -0.47138 5.959848 -2.97067 -0.4713813 4.897543 -3.973087 -0.4713799 5.947587 -4.973087 -0.4932348 4.909091 -3.970671 -0.4932349 5.959137 -4.963713 -0.4932348 4.897186 -3.961297 -0.4932349 5.947232 -4.973087 -0.5332348 4.909091 -3.970671 -0.5332348 5.959137 -4.963713 -0.5332348 4.897186 -3.961297 -0.5332348 5.947232 -3.960309 -0.5113815 4.909803 -4.962726 -0.51138 5.959847 -3.97067 -0.5113815 4.897542 -4.973087 -0.51138 5.947587 -3.960309 -0.4713814 4.909803 -4.962726 -0.4713801 5.959847 -3.97067 -0.4713814 4.897542 -4.973087 -0.4713801 5.947587 -5.973087 -0.493235 4.90909 -4.970671 -0.493235 5.959136 -5.963713 -0.493235 4.897185 -4.961297 -0.493235 5.947231 -5.973087 -0.533235 4.90909 -4.970671 -0.533235 5.959136 -5.963713 -0.533235 4.897185 -4.961297 -0.533235 5.947231 -4.960309 -0.5113816 4.909802 -5.962726 -0.5113801 5.959846 -4.97067 -0.5113816 4.897541 -5.973087 -0.5113801 5.947586 -4.960309 -0.4713816 4.909802 -5.962726 -0.4713802 5.959846 -4.97067 -0.4713816 4.897541 -5.973087 -0.4713802 5.947586 2.026913 -0.4713801 5.947587 3.02933 -0.4713814 4.897542 2.037274 -0.4713801 5.959847 3.039691 -0.4713814 4.909803 2.026913 -0.51138 5.947587 3.02933 -0.5113815 4.897542 2.037274 -0.51138 5.959847 3.039691 -0.5113815 4.909803 3.038703 -0.5332348 5.947232 2.036287 -0.5332348 4.897186 3.029329 -0.5332348 5.959137 2.026913 -0.5332348 4.909091 3.038703 -0.4932349 5.947232 2.036287 -0.4932349 4.897186 3.029329 -0.4932349 5.959137 2.026913 -0.4932349 4.909091 3.026913 -0.4713799 5.947587 4.02933 -0.4713813 4.897543 3.037274 -0.47138 5.959848 4.039692 -0.4713813 4.909804 3.026913 -0.5113799 5.947587 4.02933 -0.5113813 4.897543 3.037274 -0.5113799 5.959848 4.039692 -0.5113813 4.909804 4.038704 -0.5332347 5.947233 3.036287 -0.5332347 4.897187 4.029329 -0.5332347 5.959138 3.026913 -0.5332347 4.909092 4.038704 -0.4932348 5.947233 3.036287 -0.4932347 4.897187 4.029329 -0.4932348 5.959138 3.026913 -0.4932347 4.909092 4.026913 -0.4713798 5.947588 5.02933 -0.4713811 4.897544 4.037274 -0.4713799 5.959849 5.039692 -0.4713812 4.909805 4.026913 -0.5113798 5.947588 5.02933 -0.5113812 4.897544 4.037274 -0.5113798 5.959849 5.039692 -0.5113812 4.909805 5.038704 -0.5332346 5.947234 4.036288 -0.5332346 4.897188 5.029329 -0.5332346 5.959139 4.026914 -0.5332346 4.909093 5.038704 -0.4932346 5.947234 4.036288 -0.4932346 4.897188 5.029329 -0.4932346 5.959139 4.026914 -0.4932346 4.909093 5.026913 -0.4713797 5.947589 6.02933 -0.471381 4.897545 5.037274 -0.4713797 5.95985 6.039692 -0.4713811 4.909806 5.026913 -0.5113797 5.947589 6.02933 -0.511381 4.897545 5.037274 -0.5113797 5.95985 6.039692 -0.511381 4.909806 6.038704 -0.5332344 5.947235 5.036288 -0.5332345 4.897189 6.029329 -0.5332344 5.95914 5.026914 -0.5332345 4.909094 6.038704 -0.4932345 5.947235 5.036288 -0.4932345 4.897189 6.029329 -0.4932345 5.95914 5.026914 -0.4932345 4.909094 2.044064 -0.5212369 5.963551 2.044064 -0.5212369 4.917332 2.014064 -0.5212369 4.917331 2.044064 -0.4812369 5.963551 2.044064 -0.4812369 4.917332 2.014064 -0.4812369 4.917331 3.044064 -0.5212368 5.963552 3.044064 -0.5212368 4.917333 3.014063 -0.5212368 5.963552 3.014064 -0.5212368 4.917333 3.044064 -0.4812368 5.963552 3.044064 -0.4812368 4.917333 3.014064 -0.4812368 4.917333 4.044064 -0.5212367 5.963553 4.044065 -0.5212367 4.917334 4.014064 -0.5212367 5.963553 4.014065 -0.5212367 4.917334 4.044065 -0.4812367 4.917334 4.014064 -0.4812367 5.963553 4.014065 -0.4812367 4.917334 5.044065 -0.5212365 4.917335 5.014064 -0.5212365 5.963554 5.014065 -0.5212365 4.917335 5.044065 -0.4812365 4.917335 5.014064 -0.4812365 5.963554 5.014065 -0.4812365 4.917335 6.044064 -0.5212364 5.963555 6.044065 -0.5212364 4.917335 6.014064 -0.5212364 5.963555 6.014065 -0.5212364 4.917335 6.044064 -0.4812364 5.963555 6.044065 -0.4812364 4.917335 6.014065 -0.4812364 4.917335 1.026913 -0.493235 4.90909 2.029329 -0.4932351 5.959136 1.036287 -0.493235 4.897185 2.038703 -0.4932351 5.947231 1.026913 -0.533235 4.90909 2.029329 -0.533235 5.959136 1.036287 -0.533235 4.897185 2.038703 -0.533235 5.947231 2.039691 -0.5113816 4.909802 1.037274 -0.5113802 5.959846 2.02933 -0.5113816 4.897541 1.026913 -0.5113802 5.947586 2.039691 -0.4713816 4.909802 1.037274 -0.4713802 5.959846 2.02933 -0.4713816 4.897541 1.026913 -0.4713802 5.947586 -3.955936 -0.4812368 5.963552 -5.960523 -0.4812371 5.96355 -5.960523 -0.5212371 5.96355 -5.930522 -0.5212371 5.96355 6.014064 -0.4812364 5.963555 5.044064 -0.4812365 5.963554 5.044064 -0.5212365 5.963554 4.044064 -0.4812367 5.963553 3.014063 -0.4812368 5.963552 2.014063 -0.4812369 5.963551 2.014063 -0.521237 5.963551 1.014063 -0.4812361 5.963557 1.014063 -0.5212363 5.963557 0.01406335 -0.4812363 5.963556 0.01406335 -0.5212364 5.963556 0.04406404 -0.5212364 5.963556 -0.9859367 -0.4812363 5.963555 -0.9859367 -0.5212365 5.963555 -1.985937 -0.5212367 5.963554 0.01406288 0.5116512 4.947742 0.04406309 0.5116512 4.947742 0.04406309 -0.5345686 4.947741 0.01406288 0.5116512 4.907742 0.04406309 0.5116512 4.907742 -0.9859367 0.5116511 4.947743 -0.9559364 0.5116511 4.947743 -0.9559364 -0.5345686 4.947742 -0.9859367 0.5116512 4.907743 -0.9559364 0.5116512 4.907743 -0.9559364 -0.5345686 4.907742 -1.985937 0.511651 4.947744 -1.985937 -0.5345687 4.947742 -1.955936 0.511651 4.947744 -1.955936 -0.5345687 4.947742 -1.985937 0.511651 4.907744 -1.955936 0.511651 4.907744 -1.955936 -0.5345687 4.907742 -2.985937 0.5116509 4.947744 -2.985936 -0.5345688 4.947743 -2.955936 0.5116509 4.947744 -2.955936 -0.5345688 4.947743 -2.985937 0.511651 4.907745 -2.985936 -0.5345687 4.907743 -2.955936 0.511651 4.907744 -2.955936 -0.5345687 4.907743 -3.985937 0.5116508 4.947745 -3.985937 -0.5345689 4.947744 -3.955936 0.5116508 4.947745 -3.985937 0.5116509 4.907745 -3.985937 -0.5345689 4.907744 -3.955936 0.5116509 4.907745 -3.955936 -0.5345689 4.907744 -4.985937 0.5116508 4.947746 -4.985937 -0.534569 4.947745 -4.955936 0.5116508 4.947746 -4.955936 -0.534569 4.947745 -4.985937 0.5116508 4.907746 -4.985937 -0.5345689 4.907745 -4.955936 0.5116508 4.907746 -4.955936 -0.5345689 4.907745 -5.960523 0.5116508 4.947747 -5.930523 0.5116508 4.947747 -5.930523 -0.534569 4.947746 -5.960523 0.5116508 4.907747 -5.930523 0.5116508 4.907747 1.014063 0.5116513 4.947741 1.044063 0.5116513 4.947741 1.044063 -0.5345684 4.94774 1.014063 0.5116513 4.907741 1.044063 0.5116513 4.907741 1.044063 -0.5345684 4.90774 0.02691173 0.5198914 4.935744 1.029328 -0.5301536 4.935742 0.03628587 0.5317965 4.935744 1.038702 -0.5182486 4.935742 0.02691173 0.5198915 4.895744 1.029328 -0.5301536 4.895742 0.03628587 0.5317965 4.895744 1.038702 -0.5182485 4.895742 1.03969 0.519181 4.917596 0.0372734 -0.5308643 4.917598 1.029329 0.5314413 4.917596 0.02691221 -0.5186039 4.917598 1.03969 0.5191809 4.957596 0.0372734 -0.5308644 4.957598 1.029329 0.5314413 4.957596 0.02691221 -0.518604 4.957598 -0.973088 0.5198913 4.935745 0.02932834 -0.5301538 4.935743 -0.9637139 0.5317964 4.935745 0.03870248 -0.5182487 4.935743 -0.973088 0.5198914 4.895745 0.02932834 -0.5301537 4.895743 -0.9637139 0.5317965 4.895745 0.03870248 -0.5182486 4.895743 0.03969001 0.5191808 4.917597 -0.9627264 -0.5308644 4.917599 0.02932882 0.5314412 4.917597 -0.9730876 -0.518604 4.917599 0.03969001 0.5191808 4.957597 -0.9627261 -0.5308644 4.957599 0.02932882 0.5314412 4.957597 -0.9730873 -0.518604 4.957599 -1.973088 0.5198912 4.935746 -0.9706714 -0.5301538 4.935744 -1.963714 0.5317963 4.935746 -0.9612973 -0.5182487 4.935744 -1.973088 0.5198913 4.895746 -0.9706714 -0.5301538 4.895744 -1.963714 0.5317963 4.895746 -0.9612973 -0.5182487 4.895744 -0.9603098 0.5191808 4.917598 -1.962726 -0.5308645 4.9176 -0.9706709 0.5314412 4.917598 -1.973088 -0.5186041 4.9176 -0.9603098 0.5191807 4.957598 -1.962726 -0.5308645 4.9576 -0.9706712 0.5314411 4.957598 -1.973087 -0.5186042 4.9576 -2.973088 0.5198912 4.935747 -1.970671 -0.5301539 4.935745 -2.963714 0.5317962 4.935747 -1.961297 -0.5182489 4.935745 -2.973088 0.5198912 4.895747 -1.970671 -0.5301539 4.895745 -2.963714 0.5317963 4.895747 -1.961297 -0.5182488 4.895745 -1.96031 0.5191807 4.917599 -2.962726 -0.5308645 4.917601 -1.970671 0.531441 4.917599 -2.973087 -0.5186042 4.917601 -1.96031 0.5191806 4.957599 -2.962726 -0.5308646 4.957601 -1.970671 0.531441 4.957599 -2.973087 -0.5186042 4.957601 -3.973088 0.519891 4.935748 -2.970671 -0.530154 4.935745 -3.963714 0.5317961 4.935748 -2.961297 -0.5182489 4.935745 -3.973088 0.5198911 4.895748 -2.970671 -0.5301539 4.895745 -3.963714 0.5317962 4.895748 -2.961297 -0.5182489 4.895745 -2.96031 0.5191806 4.9176 -3.962726 -0.5308647 4.917602 -2.970671 0.531441 4.9176 -3.973087 -0.5186043 4.917602 -2.960309 0.5191805 4.9576 -3.962726 -0.5308647 4.957601 -2.970671 0.5314409 4.9576 -3.973087 -0.5186043 4.957601 -4.973088 0.519891 4.935749 -3.970671 -0.5301541 4.935746 -4.963714 0.531796 4.935749 -3.961297 -0.518249 4.935746 -4.973088 0.519891 4.895749 -3.970671 -0.5301541 4.895746 -4.963714 0.5317961 4.895749 -3.961297 -0.518249 4.895746 -3.960309 0.5191805 4.917601 -4.962726 -0.5308647 4.917602 -3.970671 0.5314409 4.917601 -4.973087 -0.5186043 4.917602 -3.960309 0.5191804 4.957601 -4.962726 -0.5308648 4.957602 -3.970671 0.5314408 4.957601 -4.973087 -0.5186044 4.957602 -5.973088 0.5198909 4.93575 -4.970671 -0.5301542 4.935747 -5.963714 0.531796 4.93575 -4.961297 -0.5182491 4.935747 -5.973088 0.519891 4.895749 -4.970671 -0.5301541 4.895747 -5.963714 0.531796 4.895749 -4.961297 -0.518249 4.895747 -4.960309 0.5191804 4.917602 -5.962726 -0.5308648 4.917603 -4.970671 0.5314408 4.917602 -5.973087 -0.5186044 4.917603 -4.960309 0.5191804 4.957602 -5.962726 -0.5308648 4.957603 -4.970671 0.5314407 4.957602 -5.973087 -0.5186045 4.957603 2.026912 -0.5185968 4.957595 3.029329 0.5314483 4.957594 2.037273 -0.5308572 4.957595 3.03969 0.5191879 4.957594 2.026912 -0.5185968 4.917595 3.029329 0.5314484 4.917594 2.037273 -0.5308572 4.917595 3.03969 0.519188 4.917594 3.038702 -0.5182414 4.89574 2.036286 0.5318037 4.895741 3.029328 -0.5301465 4.89574 2.026912 0.5198986 4.895741 3.038702 -0.5182415 4.935739 2.036286 0.5318036 4.935741 3.029328 -0.5301465 4.935739 2.026912 0.5198985 4.935741 3.026912 -0.5185968 4.957594 4.029327 0.5314484 4.957593 3.037273 -0.5308572 4.957594 4.039689 0.519188 4.957593 3.026912 -0.5185967 4.917594 4.029327 0.5314484 4.917593 3.037273 -0.5308571 4.917594 4.039689 0.5191881 4.917593 4.038703 -0.5182414 4.895739 3.036286 0.5318037 4.89574 4.029328 -0.5301464 4.895739 3.026912 0.5198987 4.89574 4.038703 -0.5182414 4.935739 3.036286 0.5318037 4.93574 4.029328 -0.5301465 4.935739 3.026912 0.5198986 4.93574 4.026912 -0.5185967 4.957593 5.029327 0.5314485 4.957592 4.037273 -0.5308571 4.957593 5.039689 0.5191881 4.957592 4.026912 -0.5185967 4.917593 5.029327 0.5314486 4.917592 4.037273 -0.530857 4.917593 5.039689 0.5191882 4.917592 5.038703 -0.5182412 4.895738 4.036285 0.5318038 4.89574 5.029328 -0.5301463 4.895738 4.026911 0.5198987 4.89574 5.038703 -0.5182413 4.935738 4.036285 0.5318037 4.935739 5.029328 -0.5301464 4.935738 4.026911 0.5198987 4.935739 5.026912 -0.5185966 4.957592 6.029327 0.5314486 4.957591 5.037273 -0.530857 4.957592 6.039689 0.5191882 4.957591 5.026912 -0.5185965 4.917593 6.029327 0.5314487 4.917591 5.037273 -0.5308569 4.917593 6.039689 0.5191883 4.917591 6.038703 -0.5182411 4.895737 5.036285 0.5318039 4.895739 6.029328 -0.5301462 4.895737 5.026911 0.5198988 4.895739 6.038703 -0.5182412 4.935737 5.036285 0.5318039 4.935739 6.029328 -0.5301463 4.935737 5.026911 0.5198988 4.935739 2.044063 -0.5345613 4.907738 2.044063 0.5116584 4.907739 2.014063 0.5116584 4.907739 2.044063 -0.5345614 4.947738 2.044063 0.5116583 4.947739 2.014063 0.5116583 4.947739 3.044063 -0.5345613 4.907737 3.044063 0.5116584 4.907739 3.014063 -0.5345613 4.907737 3.014063 0.5116584 4.907739 3.044063 -0.5345613 4.947737 3.044063 0.5116584 4.947738 3.014063 0.5116584 4.947738 4.044064 -0.5345612 4.907736 4.044063 0.5116585 4.907738 4.014063 -0.5345612 4.907737 4.014062 0.5116585 4.907738 4.044063 0.5116584 4.947738 4.014063 -0.5345613 4.947736 4.014062 0.5116584 4.947738 5.044063 0.5116586 4.907737 5.014063 -0.5345611 4.907736 5.014062 0.5116586 4.907737 5.044063 0.5116586 4.947737 5.014063 -0.5345612 4.947736 5.014062 0.5116586 4.947737 6.044064 -0.534561 4.907735 6.044063 0.5116587 4.907736 6.014063 -0.534561 4.907735 6.014062 0.5116587 4.907736 6.044064 -0.534561 4.947735 6.044063 0.5116587 4.947736 6.014062 0.5116587 4.947736 1.026912 0.5198984 4.935742 2.029328 -0.5301466 4.93574 1.036286 0.5318035 4.935742 2.038702 -0.5182415 4.93574 1.026912 0.5198985 4.895742 2.029328 -0.5301465 4.89574 1.036286 0.5318036 4.895742 2.038702 -0.5182415 4.89574 2.03969 0.5191879 4.917594 1.037273 -0.5308573 4.917596 2.029329 0.5314483 4.917594 1.026912 -0.5185969 4.917596 2.03969 0.5191879 4.957595 1.037273 -0.5308573 4.957596 2.029329 0.5314483 4.957595 1.026912 -0.518597 4.957596 -3.955936 -0.5345689 4.947744 -5.960523 -0.534569 4.947746 -5.960523 -0.534569 4.907746 -5.930522 -0.534569 4.907746 6.014063 -0.534561 4.947735 5.044064 -0.5345611 4.947736 5.044064 -0.534561 4.907736 4.044064 -0.5345612 4.947736 3.014063 -0.5345613 4.947737 2.014063 -0.5345614 4.947738 2.014063 -0.5345613 4.907738 1.014063 -0.5345687 4.94774 1.014063 -0.5345686 4.90774 0.01406288 -0.5345688 4.947741 0.01406288 -0.5345687 4.907741 0.04406356 -0.5345687 4.907741 -0.9859369 -0.5345684 4.947742 -0.9859369 -0.5345683 4.907742 -1.985937 -0.5345684 4.907742 0.0140624 0.4812446 5.940629 0.04406261 0.4812447 5.940629 0.04406166 0.4812468 4.89441 0.0140624 0.5212445 5.940629 0.04406261 0.5212445 5.940629 -0.9859369 0.4812427 5.94063 -0.9559367 0.4812427 5.94063 -0.9559376 0.4812448 4.894411 -0.9859369 0.5212426 5.94063 -0.9559367 0.5212426 5.94063 -0.9559376 0.5212448 4.894411 -1.985937 0.4812407 5.940631 -1.985938 0.4812428 4.894412 -1.955937 0.4812408 5.940631 -1.955938 0.4812428 4.894412 -1.985937 0.5212406 5.940631 -1.955937 0.5212407 5.940631 -1.955938 0.5212428 4.894412 -2.985937 0.4812388 5.940632 -2.985938 0.4812409 4.894412 -2.955936 0.4812389 5.940632 -2.955937 0.4812409 4.894412 -2.985937 0.5212386 5.940632 -2.985938 0.5212408 4.894412 -2.955936 0.5212387 5.940632 -2.955937 0.5212408 4.894412 -3.985937 0.4812368 5.940633 -3.985938 0.4812389 4.894413 -3.955936 0.4812369 5.940633 -3.985937 0.5212367 5.940633 -3.985938 0.5212388 4.894413 -3.955936 0.5212367 5.940633 -3.955937 0.5212389 4.894413 -4.985937 0.4812349 5.940634 -4.985938 0.4812369 4.894414 -4.955936 0.4812349 5.940634 -4.955937 0.481237 4.894414 -4.985937 0.5212348 5.940634 -4.985938 0.521237 4.894414 -4.955936 0.5212348 5.940634 -4.955937 0.521237 4.894414 -5.960522 0.481233 5.940635 -5.930523 0.481233 5.940635 -5.930524 0.4812351 4.894415 -5.960523 0.5212329 5.940635 -5.930523 0.521233 5.940635 1.014062 0.4812466 5.940629 1.044063 0.4812467 5.940629 1.044062 0.4812487 4.894409 1.014062 0.5212464 5.940629 1.044063 0.5212465 5.940629 1.044062 0.5212486 4.894409 0.02691125 0.4932425 5.94887 1.029327 0.4932468 4.898824 0.0362854 0.4932425 5.960774 1.038701 0.4932468 4.910728 0.02691125 0.5332425 5.94887 1.029327 0.5332467 4.898824 0.0362854 0.5332425 5.960775 1.038701 0.5332467 4.910729 1.03969 0.5113912 5.948158 0.03727197 0.5113898 4.898114 1.029328 0.5113912 5.960419 0.02691078 0.5113898 4.910374 1.03969 0.4713912 5.948158 0.03727197 0.4713899 4.898114 1.029328 0.4713912 5.960419 0.02691078 0.4713899 4.910374 -0.9730883 0.4932405 5.948871 0.02932691 0.4932448 4.898825 -0.9637141 0.4932405 5.960775 0.03870105 0.4932448 4.910729 -0.9730883 0.5332406 5.948871 0.02932691 0.5332447 4.898825 -0.9637141 0.5332406 5.960776 0.03870105 0.5332447 4.910729 0.03968954 0.5113892 5.948159 -0.9627276 0.5113879 4.898115 0.02932834 0.5113892 5.96042 -0.9730888 0.5113879 4.910375 0.03968954 0.4713892 5.948159 -0.9627273 0.471388 4.898115 0.02932834 0.4713892 5.960419 -0.9730885 0.4713879 4.910375 -1.973088 0.4932386 5.948872 -0.9706726 0.4932429 4.898826 -1.963714 0.4932386 5.960776 -0.9612985 0.4932429 4.91073 -1.973088 0.5332386 5.948872 -0.9706726 0.5332428 4.898826 -1.963714 0.5332386 5.960776 -0.9612985 0.5332428 4.91073 -0.96031 0.5113873 5.94816 -1.962728 0.5113859 4.898116 -0.9706712 0.5113873 5.960421 -1.973089 0.5113859 4.910376 -0.96031 0.4713873 5.94816 -1.962727 0.471386 4.898116 -0.9706712 0.4713873 5.96042 -1.973088 0.471386 4.910376 -2.973088 0.4932367 5.948873 -1.970673 0.4932409 4.898826 -2.963714 0.4932367 5.960777 -1.961298 0.4932409 4.910731 -2.973088 0.5332366 5.948873 -1.970673 0.5332409 4.898827 -2.963714 0.5332366 5.960778 -1.961298 0.5332409 4.910731 -1.96031 0.5113853 5.948161 -2.962728 0.511384 4.898117 -1.970671 0.5113853 5.960421 -2.973089 0.511384 4.910377 -1.96031 0.4713853 5.948161 -2.962727 0.4713841 4.898117 -1.970671 0.4713853 5.960421 -2.973088 0.4713841 4.910377 -3.973088 0.4932347 5.948873 -2.970672 0.493239 4.898827 -3.963714 0.4932347 5.960778 -2.961298 0.493239 4.910732 -3.973088 0.5332347 5.948873 -2.970673 0.5332389 4.898828 -3.963714 0.5332347 5.960778 -2.961298 0.5332389 4.910732 -2.96031 0.5113834 5.948162 -3.962727 0.511382 4.898118 -2.970671 0.5113834 5.960422 -3.973088 0.511382 4.910378 -2.960309 0.4713834 5.948162 -3.962727 0.4713821 4.898118 -2.970671 0.4713833 5.960422 -3.973088 0.4713821 4.910378 -4.973088 0.4932327 5.948874 -3.970672 0.493237 4.898828 -4.963714 0.4932327 5.960779 -3.961298 0.493237 4.910733 -4.973088 0.5332328 5.948874 -3.970672 0.5332369 4.898828 -4.963714 0.5332328 5.960779 -3.961298 0.5332369 4.910733 -3.96031 0.5113814 5.948163 -4.962727 0.5113801 4.898118 -3.970671 0.5113814 5.960423 -4.973088 0.5113801 4.910379 -3.960309 0.4713814 5.948163 -4.962727 0.4713802 4.898118 -3.970671 0.4713814 5.960423 -4.973088 0.4713801 4.910379 -5.973088 0.4932308 5.948875 -4.970672 0.4932351 4.898829 -5.963714 0.4932308 5.96078 -4.961298 0.4932351 4.910734 -5.973088 0.5332309 5.948875 -4.970672 0.533235 4.898829 -5.963714 0.5332309 5.96078 -4.961298 0.533235 4.910734 -4.960309 0.5113795 5.948164 -5.962727 0.5113782 4.898119 -4.970671 0.5113795 5.960424 -5.973088 0.5113782 4.91038 -4.960309 0.4713795 5.948163 -5.962727 0.4713782 4.898119 -4.970671 0.4713795 5.960424 -5.973088 0.4713782 4.91038 2.026911 0.4713947 4.910379 3.029328 0.471396 5.960423 2.037272 0.4713948 4.898119 3.03969 0.471396 5.948163 2.026911 0.5113947 4.910379 3.029328 0.5113961 5.960423 2.037272 0.5113947 4.898119 3.03969 0.5113961 5.948163 3.038701 0.5332516 4.910734 2.036285 0.5332474 5.96078 3.029327 0.5332516 4.898828 2.026911 0.5332474 5.948875 3.038701 0.4932516 4.910734 2.036285 0.4932473 5.96078 3.029327 0.4932516 4.898828 2.026911 0.4932473 5.948874 3.026911 0.4713967 4.910378 4.029326 0.4713979 5.960422 3.037272 0.4713968 4.898118 4.039688 0.471398 5.948162 3.026911 0.5113967 4.910378 4.029326 0.511398 5.960422 3.037272 0.5113967 4.898118 4.039688 0.511398 5.948162 4.0387 0.5332535 4.910733 3.036285 0.5332493 5.960779 4.029325 0.5332535 4.898828 3.026911 0.5332493 5.948874 4.0387 0.4932536 4.910733 3.036285 0.4932493 5.960779 4.029325 0.4932536 4.898828 3.026911 0.4932493 5.948873 4.026909 0.4713986 4.910377 5.029326 0.4713999 5.960422 4.037271 0.4713987 4.898117 5.039688 0.4714 5.948161 4.026909 0.5113986 4.910377 5.029326 0.5113999 5.960422 4.037271 0.5113986 4.898117 5.039688 0.5113999 5.948161 5.0387 0.5332555 4.910732 4.036284 0.5332512 5.960778 5.029325 0.5332555 4.898827 4.02691 0.5332512 5.948873 5.0387 0.4932556 4.910732 4.036284 0.4932513 5.960778 5.029325 0.4932556 4.898827 4.02691 0.4932512 5.948873 5.026909 0.4714006 4.910377 6.029326 0.4714019 5.960421 5.037271 0.4714006 4.898116 6.039688 0.4714019 5.94816 5.026909 0.5114005 4.910377 6.029326 0.5114019 5.960421 5.037271 0.5114005 4.898116 6.039688 0.5114019 5.948161 6.0387 0.5332574 4.910731 5.036284 0.5332532 5.960777 6.029325 0.5332574 4.898826 5.02691 0.5332532 5.948872 6.0387 0.4932575 4.910731 5.036284 0.4932532 5.960777 6.029325 0.4932575 4.898826 5.02691 0.4932532 5.948872 2.044062 0.5212516 4.894415 2.044063 0.5212494 5.940635 2.014062 0.5212494 5.940635 2.044062 0.4812516 4.894415 2.044063 0.4812495 5.940635 2.014062 0.4812495 5.940635 3.044062 0.5212535 4.894414 3.044063 0.5212514 5.940634 3.014061 0.5212535 4.894414 3.014062 0.5212513 5.940634 3.044062 0.4812536 4.894414 3.044063 0.4812515 5.940634 3.014062 0.4812514 5.940634 4.044061 0.5212554 4.894413 4.044062 0.5212533 5.940633 4.01406 0.5212554 4.894413 4.014061 0.5212532 5.940633 4.044062 0.4812535 5.940633 4.01406 0.4812555 4.894413 4.014061 0.4812534 5.940633 5.044062 0.5212553 5.940632 5.01406 0.5212574 4.894412 5.014061 0.5212552 5.940632 5.044062 0.4812554 5.940632 5.01406 0.4812574 4.894412 5.014061 0.4812554 5.940632 6.044061 0.5212594 4.894411 6.044062 0.5212572 5.940631 6.01406 0.5212593 4.894411 6.014061 0.5212572 5.940631 6.044061 0.4812594 4.894411 6.044062 0.4812573 5.940631 6.014061 0.4812573 5.940631 1.026911 0.4932454 5.948875 2.029327 0.4932497 4.898829 1.036285 0.4932454 5.960781 2.038701 0.4932497 4.910735 1.026911 0.5332454 5.948876 2.029327 0.5332496 4.898829 1.036285 0.5332454 5.960781 2.038701 0.5332496 4.910735 2.03969 0.5113941 5.948164 1.037272 0.5113927 4.89812 2.029328 0.5113941 5.960424 1.026911 0.5113927 4.91038 2.03969 0.4713941 5.948164 1.037272 0.4713928 4.89812 2.029328 0.4713941 5.960424 1.026911 0.4713928 4.91038 -3.955937 0.481239 4.894413 -5.960524 0.4812351 4.894415 -5.960524 0.5212351 4.894415 -5.930523 0.5212352 4.894415 6.01406 0.4812594 4.894411 5.044061 0.4812574 4.894412 5.044061 0.5212574 4.894412 4.044061 0.4812555 4.894413 3.014061 0.4812535 4.894414 2.014061 0.4812515 4.894415 2.014061 0.5212516 4.894415 1.014061 0.4812486 4.894409 1.014061 0.5212487 4.894409 0.01406145 0.4812467 4.89441 0.01406145 0.5212468 4.89441 0.04406213 0.5212469 4.89441 -0.9859381 0.4812448 4.894411 -0.9859381 0.5212449 4.894411 -1.985938 0.521243 4.894412 0.01406288 -0.5116428 5.910222 0.04406309 -0.5116428 5.910222 0.04406118 0.534577 5.910225 0.01406288 -0.511643 5.950222 0.04406309 -0.5116429 5.950222 -0.9859362 -0.5116448 5.910221 -0.955936 -0.5116447 5.910221 -0.9559379 0.534575 5.910224 -0.9859362 -0.511645 5.950221 -0.955936 -0.5116449 5.950221 -0.9559379 0.5345748 5.950224 -1.985936 -0.5116468 5.91022 -1.985938 0.534573 5.910223 -1.955936 -0.5116467 5.91022 -1.955938 0.534573 5.910223 -1.985936 -0.5116469 5.95022 -1.955936 -0.5116469 5.95022 -1.955938 0.5345728 5.950223 -2.985936 -0.5116488 5.910219 -2.985938 0.5345709 5.910222 -2.955935 -0.5116488 5.910219 -2.955937 0.5345709 5.910222 -2.985936 -0.511649 5.950219 -2.985938 0.5345707 5.950222 -2.955935 -0.511649 5.950219 -2.955938 0.5345708 5.950222 -3.985936 -0.5116508 5.910218 -3.985938 0.5345689 5.910221 -3.955935 -0.5116508 5.910218 -3.985936 -0.511651 5.950218 -3.985938 0.5345687 5.950221 -3.955935 -0.5116509 5.950218 -3.955937 0.5345688 5.950221 -4.985936 -0.5116527 5.910217 -4.985938 0.534567 5.91022 -4.955935 -0.5116527 5.910217 -4.955937 0.534567 5.91022 -4.985936 -0.5116529 5.950217 -4.985938 0.5345668 5.95022 -4.955935 -0.5116529 5.950217 -4.955937 0.5345668 5.95022 -5.960521 -0.5116547 5.910216 -5.930522 -0.5116547 5.910216 -5.930524 0.534565 5.910219 -5.960521 -0.5116549 5.950216 -5.930522 -0.5116549 5.950216 1.014063 -0.5116409 5.910223 1.044063 -0.5116408 5.910223 1.044061 0.5345789 5.910226 1.014063 -0.511641 5.950222 1.044063 -0.511641 5.950222 1.044061 0.5345788 5.950226 0.02691173 -0.519883 5.92222 1.029326 0.5301641 5.922224 0.03628587 -0.5317881 5.92222 1.038701 0.5182591 5.922224 0.02691173 -0.5198832 5.96222 1.029326 0.530164 5.962224 0.03628587 -0.5317882 5.96222 1.038701 0.5182589 5.962224 1.03969 -0.5191706 5.940367 0.03727149 0.5308726 5.940368 1.029329 -0.531431 5.940367 0.0269103 0.5186122 5.940368 1.03969 -0.5191704 5.900367 0.03727149 0.5308728 5.900368 1.029329 -0.5314308 5.900367 0.0269103 0.5186124 5.900368 -0.9730876 -0.519885 5.922219 0.02932643 0.5301622 5.922223 -0.9637134 -0.53179 5.922219 0.03870058 0.5182571 5.922223 -0.9730876 -0.5198851 5.962219 0.02932643 0.530162 5.962223 -0.9637134 -0.5317902 5.962219 0.03870058 0.5182569 5.962223 0.03969001 -0.5191726 5.940366 -0.9627278 0.5308706 5.940367 0.02932882 -0.5314329 5.940366 -0.973089 0.5186102 5.940367 0.03969001 -0.5191724 5.900366 -0.9627278 0.5308708 5.900367 0.02932882 -0.5314328 5.900366 -0.973089 0.5186104 5.900367 -1.973088 -0.5198869 5.922218 -0.9706729 0.5301602 5.922222 -1.963713 -0.531792 5.922218 -0.9612987 0.5182551 5.922222 -1.973088 -0.5198871 5.962218 -0.9706729 0.53016 5.962222 -1.963713 -0.5317922 5.962218 -0.9612987 0.5182549 5.962222 -0.9603093 -0.5191745 5.940365 -1.962728 0.5308687 5.940366 -0.9706705 -0.5314349 5.940365 -1.973089 0.5186083 5.940366 -0.9603093 -0.5191743 5.900365 -1.962728 0.5308688 5.900366 -0.9706702 -0.5314347 5.900365 -1.973089 0.5186085 5.900366 -2.973087 -0.519889 5.922217 -1.970673 0.5301582 5.922221 -2.963713 -0.5317941 5.922217 -1.961299 0.5182532 5.922221 -2.973087 -0.5198892 5.962217 -1.970673 0.5301581 5.962221 -2.963713 -0.5317943 5.962217 -1.961299 0.518253 5.962221 -1.960309 -0.5191765 5.940364 -2.962728 0.5308666 5.940365 -1.97067 -0.5314369 5.940364 -2.973089 0.5186062 5.940365 -1.960309 -0.5191763 5.900364 -2.962728 0.5308668 5.900365 -1.97067 -0.5314367 5.900364 -2.973089 0.5186064 5.900365 -3.973087 -0.519891 5.922216 -2.970673 0.5301561 5.92222 -3.963713 -0.531796 5.922216 -2.961298 0.5182511 5.92222 -3.973087 -0.5198912 5.962216 -2.970673 0.530156 5.96222 -3.963713 -0.5317962 5.962216 -2.961298 0.5182509 5.96222 -2.960309 -0.5191786 5.940363 -3.962727 0.5308646 5.940364 -2.97067 -0.531439 5.940363 -3.973088 0.5186042 5.940364 -2.960309 -0.5191784 5.900363 -3.962727 0.5308648 5.900364 -2.97067 -0.5314388 5.900363 -3.973088 0.5186044 5.900364 -4.973087 -0.5198929 5.922215 -3.970672 0.5301542 5.922219 -4.963713 -0.531798 5.922215 -3.961298 0.5182491 5.922219 -4.973087 -0.5198931 5.962215 -3.970672 0.530154 5.962219 -4.963713 -0.5317982 5.962215 -3.961298 0.5182489 5.962219 -3.960309 -0.5191805 5.940362 -4.962727 0.5308626 5.940363 -3.97067 -0.5314409 5.940362 -4.973088 0.5186023 5.940363 -3.960309 -0.5191804 5.900362 -4.962727 0.5308628 5.900363 -3.97067 -0.5314407 5.900362 -4.973088 0.5186024 5.900363 -5.973086 -0.5198949 5.922214 -4.970672 0.5301522 5.922218 -5.963712 -0.5318 5.922214 -4.961298 0.5182471 5.922218 -5.973086 -0.5198951 5.962214 -4.970672 0.530152 5.962218 -5.963712 -0.5318002 5.962214 -4.961298 0.518247 5.962218 -4.960309 -0.5191825 5.940362 -5.962727 0.5308607 5.940362 -4.97067 -0.5314429 5.940361 -5.973088 0.5186003 5.940362 -4.960309 -0.5191823 5.900362 -5.962727 0.5308609 5.900362 -4.97067 -0.5314427 5.900362 -5.973088 0.5186005 5.900362 2.02691 0.5186095 5.900371 3.029329 -0.5314336 5.90037 2.037271 0.5308699 5.900371 3.03969 -0.5191732 5.90037 2.02691 0.5186093 5.940371 3.029329 -0.5314338 5.94037 2.037271 0.5308697 5.940371 3.03969 -0.5191734 5.94037 3.038701 0.518256 5.962227 2.036286 -0.5317912 5.962223 3.029326 0.5301611 5.962227 2.026912 -0.5198861 5.962223 3.038701 0.5182562 5.922227 2.036286 -0.531791 5.922223 3.029326 0.5301613 5.922227 2.026912 -0.5198859 5.922223 3.02691 0.5186115 5.900372 4.029327 -0.5314316 5.900371 3.037271 0.5308719 5.900372 4.039689 -0.5191712 5.900371 3.02691 0.5186113 5.940372 4.029327 -0.5314318 5.940371 3.037271 0.5308717 5.940372 4.039689 -0.5191714 5.940371 4.038699 0.518258 5.962228 3.036286 -0.5317891 5.962224 4.029325 0.5301631 5.962228 3.026912 -0.5198841 5.962224 4.038699 0.5182582 5.922228 3.036286 -0.531789 5.922224 4.029325 0.5301632 5.922228 3.026912 -0.5198839 5.922224 4.026908 0.5186135 5.900373 5.029327 -0.5314297 5.900372 4.03727 0.5308738 5.900373 5.039689 -0.5191693 5.900372 4.026908 0.5186133 5.940373 5.029327 -0.5314298 5.940372 4.03727 0.5308737 5.940373 5.039689 -0.5191695 5.940372 5.038699 0.51826 5.962229 4.036285 -0.5317872 5.962224 5.029325 0.530165 5.962229 4.026911 -0.5198821 5.962224 5.038699 0.5182601 5.922229 4.036285 -0.531787 5.922224 5.029325 0.5301652 5.922229 4.026911 -0.5198819 5.922224 5.026908 0.5186154 5.900374 6.029327 -0.5314276 5.900373 5.03727 0.5308758 5.900374 6.039689 -0.5191673 5.900373 5.026908 0.5186153 5.940374 6.029327 -0.5314278 5.940373 5.03727 0.5308756 5.940374 6.039689 -0.5191674 5.940373 6.038699 0.518262 5.96223 5.036285 -0.5317852 5.962225 6.029325 0.5301671 5.96223 5.026911 -0.5198801 5.962225 6.038699 0.5182622 5.92223 5.036285 -0.531785 5.922225 6.029325 0.5301672 5.92223 5.026911 -0.5198799 5.922225 2.044061 0.5345739 5.950228 2.044063 -0.5116459 5.950224 2.014063 -0.5116459 5.950224 2.044061 0.534574 5.910228 2.044063 -0.5116457 5.910225 2.014063 -0.5116457 5.910225 3.044061 0.5345759 5.950229 3.044063 -0.5116438 5.950225 3.014061 0.5345758 5.950229 3.014063 -0.5116439 5.950225 3.044061 0.5345761 5.910229 3.044063 -0.5116437 5.910226 3.014063 -0.5116437 5.910226 4.04406 0.5345779 5.95023 4.044063 -0.5116419 5.950226 4.014059 0.5345778 5.95023 4.014062 -0.5116419 5.950226 4.044063 -0.5116417 5.910227 4.014059 0.534578 5.91023 4.014062 -0.5116418 5.910226 5.044063 -0.5116399 5.950227 5.014059 0.5345798 5.950231 5.014062 -0.51164 5.950227 5.044063 -0.5116397 5.910228 5.014059 0.5345799 5.910231 5.014062 -0.5116398 5.910227 6.04406 0.5345818 5.950232 6.044063 -0.5116379 5.950228 6.014059 0.5345818 5.950232 6.014062 -0.5116379 5.950228 6.04406 0.534582 5.910232 6.044063 -0.5116377 5.910228 6.014062 -0.5116378 5.910228 1.026912 -0.5198879 5.922222 2.029326 0.5301592 5.922226 1.036286 -0.531793 5.922222 2.038701 0.5182542 5.922226 1.026912 -0.5198881 5.962222 2.029326 0.5301591 5.962226 1.036286 -0.5317932 5.962222 2.038701 0.518254 5.962226 2.03969 -0.5191754 5.940369 1.037271 0.5308676 5.94037 2.029329 -0.5314358 5.940369 1.02691 0.5186073 5.94037 2.03969 -0.5191752 5.900369 1.037271 0.5308678 5.90037 2.029329 -0.5314356 5.900369 1.02691 0.5186074 5.90037 -3.955937 0.534569 5.910221 -5.960524 0.534565 5.910219 -5.960524 0.5345649 5.950219 -5.930523 0.5345649 5.95022 6.014059 0.5345819 5.910232 5.04406 0.5345799 5.910231 5.04406 0.5345798 5.950231 4.04406 0.534578 5.91023 3.014061 0.5345759 5.910229 2.014061 0.534574 5.910228 2.014061 0.5345738 5.950228 1.014061 0.5345791 5.910226 1.014061 0.5345789 5.950226 0.01406097 0.5345771 5.910225 0.01406097 0.534577 5.950225 0.04406166 0.534577 5.950225 -0.9859383 0.5345747 5.910224 -0.9859383 0.5345745 5.950224 -1.985938 0.5345726 5.950223 6.969727 0.5278593 5.95 5.942662 -0.4992064 5.95 6.969727 0.5278593 5.98 5.942662 -0.4992064 5.98 6.998012 0.4995751 5.95 5.970946 -0.5274906 5.95 6.998012 0.4995751 5.98 5.970946 -0.5274906 5.98 5.954778 0.4899317 4.949999 6.981844 -0.5371325 4.949999 5.954778 0.4899317 4.979999 6.981844 -0.5371325 4.979999 5.983062 0.518216 4.949999 7.010129 -0.5088481 4.949999 5.983062 0.518216 4.979999 7.010129 -0.5088481 4.979999 5.992706 -0.5250176 3.949998 7.01977 0.5020499 3.949998 5.992706 -0.5250176 3.979998 7.01977 0.5020499 3.979998 5.964422 -0.4967334 3.949998 6.991486 0.5303341 3.949998 5.964422 -0.4967334 3.979998 6.991486 0.5303341 3.979998 7.007656 -0.4870882 2.949997 5.980587 0.5399742 2.949997 7.007656 -0.4870882 2.979997 5.980587 0.5399742 2.979997 6.979372 -0.5153726 2.949997 5.952303 0.5116897 2.949997 6.979372 -0.5153726 2.979997 5.952303 0.5116897 2.979997 6.969726 0.527861 1.949996 5.942664 -0.4992083 1.949996 6.969726 0.527861 1.979996 5.942664 -0.4992083 1.979996 6.99801 0.4995769 1.949996 5.970948 -0.5274925 1.949996 6.99801 0.4995769 1.979996 5.970948 -0.5274925 1.979996 5.954776 0.4899298 0.9499951 6.981846 -0.5371308 0.9499951 5.954776 0.4899298 0.9799953 6.981846 -0.5371308 0.9799953 5.98306 0.5182144 0.9499951 7.010131 -0.5088462 0.9499951 5.98306 0.5182144 0.9799953 7.010131 -0.5088462 0.9799953 5.992708 -0.5250193 -0.05000591 7.019768 0.5020518 -0.05000591 5.992708 -0.5250193 -0.0200057 7.019768 0.5020518 -0.0200057 5.964424 -0.4967352 -0.05000591 6.991484 0.530336 -0.05000591 5.964424 -0.4967352 -0.0200057 6.991484 0.530336 -0.0200057 7.007658 -0.4870862 -1.050007 5.980586 0.5399726 -1.050007 7.007658 -0.4870862 -1.020007 5.980586 0.5399726 -1.020007 6.979373 -0.515371 -1.050007 5.952301 0.5116878 -1.050007 6.979373 -0.515371 -1.020007 5.952301 0.5116878 -1.020007 6.9545 -0.4798157 4.95 5.986174 -0.4798157 4.95 6.9545 -0.4798157 4.98 5.986174 -0.4798157 4.98 6.9545 -0.5198156 4.95 5.986174 -0.5198156 4.95 6.9545 -0.5198156 4.98 5.986174 -0.5198156 4.98 6.9545 -0.4798157 3.95 5.986174 -0.4798157 3.95 6.9545 -0.4798157 3.98 5.986174 -0.4798157 3.98 6.9545 -0.5198156 3.95 5.986174 -0.5198156 3.95 6.9545 -0.5198156 3.98 5.986174 -0.5198156 3.98 6.9545 -0.4798157 2.95 5.986174 -0.4798157 2.95 6.9545 -0.4798157 2.98 5.986174 -0.4798157 2.98 6.9545 -0.5198156 2.95 5.986174 -0.5198156 2.95 6.9545 -0.5198156 2.98 5.986174 -0.5198156 2.98 6.9545 -0.4798157 1.95 5.986174 -0.4798157 1.95 6.9545 -0.4798157 1.98 5.986174 -0.4798157 1.98 6.9545 -0.5198156 1.95 5.986174 -0.5198156 1.95 6.9545 -0.5198156 1.98 5.986174 -0.5198156 1.98 6.9545 -0.4798157 0.95 5.986174 -0.4798157 0.95 6.9545 -0.4798157 0.9800002 5.986174 -0.4798157 0.9800002 6.9545 -0.5198156 0.95 5.986174 -0.5198156 0.95 6.9545 -0.5198156 0.9800002 5.986174 -0.5198156 0.9800002 6.9545 -0.4798157 -0.04999995 5.986174 -0.4798157 -0.04999995 6.9545 -0.4798157 -0.01999974 5.986174 -0.4798157 -0.01999974 6.9545 -0.5198156 -0.04999995 5.986174 -0.5198156 -0.04999995 6.9545 -0.5198156 -0.01999974 5.986174 -0.5198156 -0.01999974 6.9545 -0.4798157 -1.05 5.986174 -0.4798157 -1.05 6.9545 -0.4798157 -1.02 5.986174 -0.4798157 -1.02 6.9545 -0.5198156 -1.05 5.986174 -0.5198156 -1.05 6.9545 -0.5198156 -1.02 5.986174 -0.5198156 -1.02 6.9545 -0.4798157 5.95 5.986174 -0.4798157 5.95 6.9545 -0.4798157 5.98 5.986174 -0.4798157 5.98 6.9545 -0.5198156 5.95 5.986174 -0.5198156 5.95 6.9545 -0.5198156 5.98 5.986174 -0.5198156 5.98 6.962127 -0.4918136 4.962849 5.99026 -0.4918137 5.965265 6.973145 -0.4918136 4.972223 6.001278 -0.4918137 5.974639 6.962127 -0.5318136 4.962849 5.99026 -0.5318137 5.965265 6.973145 -0.5318136 4.972223 6.001278 -0.5318137 5.974639 6.961469 -0.5099603 5.975627 5.989602 -0.5099588 4.97321 6.972817 -0.5099603 5.965266 6.000949 -0.5099588 4.962849 6.961469 -0.4699603 5.975627 5.989602 -0.4699589 4.97321 6.972817 -0.4699603 5.965266 6.000949 -0.4699588 4.962849 6.962127 -0.4918136 3.962849 5.99026 -0.4918137 4.965265 6.973145 -0.4918136 3.972223 6.001278 -0.4918137 4.974639 6.962127 -0.5318136 3.962849 5.99026 -0.5318137 4.965265 6.973145 -0.5318136 3.972223 6.001278 -0.5318137 4.974639 6.961469 -0.5099603 4.975627 5.989602 -0.5099588 3.97321 6.972817 -0.5099603 4.965266 6.000949 -0.5099588 3.962849 6.961469 -0.4699603 4.975627 5.989602 -0.4699589 3.97321 6.972817 -0.4699603 4.965266 6.000949 -0.4699588 3.962849 6.962127 -0.4918136 2.962849 5.99026 -0.4918137 3.965265 6.973145 -0.4918136 2.972223 6.001278 -0.4918137 3.974639 6.962127 -0.5318136 2.962849 5.99026 -0.5318137 3.965265 6.973145 -0.5318136 2.972223 6.001278 -0.5318137 3.974639 6.961469 -0.5099603 3.975627 5.989602 -0.5099588 2.97321 6.972817 -0.5099603 3.965266 6.000949 -0.5099588 2.962849 6.961469 -0.4699603 3.975627 5.989602 -0.4699589 2.97321 6.972817 -0.4699603 3.965266 6.000949 -0.4699588 2.962849 6.962127 -0.4918136 1.962849 5.99026 -0.4918137 2.965265 6.973145 -0.4918136 1.972223 6.001278 -0.4918137 2.974639 6.962127 -0.5318136 1.962849 5.99026 -0.5318137 2.965265 6.973145 -0.5318136 1.972223 6.001278 -0.5318137 2.974639 6.961469 -0.5099603 2.975627 5.989602 -0.5099588 1.97321 6.972817 -0.5099603 2.965266 6.000949 -0.5099588 1.962849 6.961469 -0.4699603 2.975627 5.989602 -0.4699589 1.97321 6.972817 -0.4699603 2.965266 6.000949 -0.4699588 1.962849 6.962127 -0.4918136 0.9628487 5.99026 -0.4918137 1.965265 6.973145 -0.4918136 0.9722228 6.001278 -0.4918137 1.974639 6.962127 -0.5318136 0.9628487 5.99026 -0.5318137 1.965265 6.973145 -0.5318136 0.9722228 6.001278 -0.5318137 1.974639 6.961469 -0.5099603 1.975627 5.989602 -0.5099588 0.9732103 6.972817 -0.5099603 1.965266 6.000949 -0.5099588 0.9628491 6.961469 -0.4699603 1.975627 5.989602 -0.4699589 0.9732103 6.972817 -0.4699603 1.965266 6.000949 -0.4699588 0.9628491 6.962127 -0.4918136 -0.03715133 5.99026 -0.4918137 0.9652653 6.973145 -0.4918136 -0.02777719 6.001278 -0.4918137 0.9746394 6.962127 -0.5318136 -0.03715133 5.99026 -0.5318137 0.9652653 6.973145 -0.5318136 -0.02777719 6.001278 -0.5318137 0.9746394 6.961469 -0.5099603 0.975627 5.989602 -0.5099588 -0.02678966 6.972817 -0.5099603 0.9652658 6.000949 -0.5099588 -0.03715085 6.961469 -0.4699603 0.975627 5.989602 -0.4699589 -0.02678966 6.972817 -0.4699603 0.9652658 6.000949 -0.4699588 -0.03715085 6.962127 -0.4918136 -1.037151 5.99026 -0.4918137 -0.03473472 6.973145 -0.4918136 -1.027777 6.001278 -0.4918137 -0.02536058 6.962127 -0.5318136 -1.037151 5.99026 -0.5318137 -0.03473472 6.973145 -0.5318136 -1.027777 6.001278 -0.5318137 -0.02536058 6.961469 -0.5099603 -0.02437305 5.989602 -0.5099588 -1.02679 6.972817 -0.5099603 -0.03473424 6.000949 -0.5099588 -1.037151 6.961469 -0.4699603 -0.02437305 5.989602 -0.4699589 -1.02679 6.972817 -0.4699603 -0.03473424 6.000949 -0.4699588 -1.037151 6.962453 0.4747055 4.95 6.962454 -0.4936211 4.95 6.962453 0.4747055 4.98 6.962454 -0.4936211 4.98 7.002453 0.4747055 4.95 7.002454 -0.4936211 4.95 7.002453 0.4747055 4.98 7.002454 -0.4936211 4.98 6.962453 0.4747055 3.95 6.962454 -0.4936211 3.95 6.962453 0.4747055 3.98 6.962454 -0.4936211 3.98 7.002453 0.4747055 3.95 7.002454 -0.4936211 3.95 7.002453 0.4747055 3.98 7.002454 -0.4936211 3.98 6.962453 0.4747055 2.95 6.962454 -0.4936211 2.95 6.962453 0.4747055 2.98 6.962454 -0.4936211 2.98 7.002453 0.4747055 2.95 7.002454 -0.4936211 2.95 7.002453 0.4747055 2.98 7.002454 -0.4936211 2.98 6.962453 0.4747055 1.95 6.962454 -0.4936211 1.95 6.962453 0.4747055 1.98 6.962454 -0.4936211 1.98 7.002453 0.4747055 1.95 7.002454 -0.4936211 1.95 7.002453 0.4747055 1.98 7.002454 -0.4936211 1.98 6.962453 0.4747055 0.95 6.962454 -0.4936211 0.95 6.962453 0.4747055 0.9800002 6.962454 -0.4936211 0.9800002 7.002453 0.4747055 0.95 7.002454 -0.4936211 0.95 7.002453 0.4747055 0.9800002 7.002454 -0.4936211 0.9800002 6.962453 0.4747055 -0.04999995 6.962454 -0.4936211 -0.04999995 6.962453 0.4747055 -0.01999974 6.962454 -0.4936211 -0.01999974 7.002453 0.4747055 -0.04999995 7.002454 -0.4936211 -0.04999995 7.002453 0.4747055 -0.01999974 7.002454 -0.4936211 -0.01999974 6.962453 0.4747055 -1.05 6.962454 -0.4936211 -1.05 6.962453 0.4747055 -1.02 6.962454 -0.4936211 -1.02 7.002453 0.4747055 -1.05 7.002454 -0.4936211 -1.05 7.002453 0.4747055 -1.02 7.002454 -0.4936211 -1.02 6.962453 0.4747055 5.95 6.962454 -0.4936211 5.95 6.962453 0.4747055 5.98 6.962454 -0.4936211 5.98 7.002453 0.4747055 5.95 7.002454 -0.4936211 5.95 7.002453 0.4747055 5.98 7.002454 -0.4936211 5.98 6.974451 0.4823322 4.962849 6.974452 -0.489535 5.965265 6.974451 0.4933509 4.972223 6.974452 -0.4785162 5.974639 7.014451 0.4823322 4.962849 7.014452 -0.4895349 5.965265 7.014451 0.493351 4.972223 7.014452 -0.4785162 5.974639 6.992598 0.4816745 5.975627 6.992597 -0.4901927 4.97321 6.992598 0.493022 5.965266 6.992597 -0.4788451 4.962849 6.952598 0.4816744 5.975627 6.952597 -0.4901927 4.97321 6.952598 0.493022 5.965266 6.952597 -0.4788451 4.962849 6.974451 0.4823322 3.962849 6.974452 -0.489535 4.965265 6.974451 0.4933509 3.972223 6.974452 -0.4785162 4.974639 7.014451 0.4823322 3.962849 7.014452 -0.4895349 4.965265 7.014451 0.493351 3.972223 7.014452 -0.4785162 4.974639 6.992598 0.4816745 4.975627 6.992597 -0.4901927 3.97321 6.992598 0.493022 4.965266 6.992597 -0.4788451 3.962849 6.952598 0.4816744 4.975627 6.952597 -0.4901927 3.97321 6.952598 0.493022 4.965266 6.952597 -0.4788451 3.962849 6.974451 0.4823322 2.962849 6.974452 -0.489535 3.965265 6.974451 0.4933509 2.972223 6.974452 -0.4785162 3.974639 7.014451 0.4823322 2.962849 7.014452 -0.4895349 3.965265 7.014451 0.493351 2.972223 7.014452 -0.4785162 3.974639 6.992598 0.4816745 3.975627 6.992597 -0.4901927 2.97321 6.992598 0.493022 3.965266 6.992597 -0.4788451 2.962849 6.952598 0.4816744 3.975627 6.952597 -0.4901927 2.97321 6.952598 0.493022 3.965266 6.952597 -0.4788451 2.962849 6.974451 0.4823322 1.962849 6.974452 -0.489535 2.965265 6.974451 0.4933509 1.972223 6.974452 -0.4785162 2.974639 7.014451 0.4823322 1.962849 7.014452 -0.4895349 2.965265 7.014451 0.493351 1.972223 7.014452 -0.4785162 2.974639 6.992598 0.4816745 2.975627 6.992597 -0.4901927 1.97321 6.992598 0.493022 2.965266 6.992597 -0.4788451 1.962849 6.952598 0.4816744 2.975627 6.952597 -0.4901927 1.97321 6.952598 0.493022 2.965266 6.952597 -0.4788451 1.962849 6.974451 0.4823322 0.9628487 6.974452 -0.489535 1.965265 6.974451 0.4933509 0.9722228 6.974452 -0.4785162 1.974639 7.014451 0.4823322 0.9628487 7.014452 -0.4895349 1.965265 7.014451 0.493351 0.9722228 7.014452 -0.4785162 1.974639 6.992598 0.4816745 1.975627 6.992597 -0.4901927 0.9732103 6.992598 0.493022 1.965266 6.992597 -0.4788451 0.9628491 6.952598 0.4816744 1.975627 6.952597 -0.4901927 0.9732103 6.952598 0.493022 1.965266 6.952597 -0.4788451 0.9628491 6.974451 0.4823322 -0.03715133 6.974452 -0.489535 0.9652653 6.974451 0.4933509 -0.02777719 6.974452 -0.4785162 0.9746394 7.014451 0.4823322 -0.03715133 7.014452 -0.4895349 0.9652653 7.014451 0.493351 -0.02777719 7.014452 -0.4785162 0.9746394 6.992598 0.4816745 0.975627 6.992597 -0.4901927 -0.02678966 6.992598 0.493022 0.9652658 6.992597 -0.4788451 -0.03715085 6.952598 0.4816744 0.975627 6.952597 -0.4901927 -0.02678966 6.952598 0.493022 0.9652658 6.952597 -0.4788451 -0.03715085 6.974451 0.4823322 -1.037151 6.974452 -0.489535 -0.03473472 6.974451 0.4933509 -1.027777 6.974452 -0.4785162 -0.02536058 7.014451 0.4823322 -1.037151 7.014452 -0.4895349 -0.03473472 7.014451 0.493351 -1.027777 7.014452 -0.4785162 -0.02536058 6.992598 0.4816745 -0.02437305 6.992597 -0.4901927 -1.02679 6.992598 0.493022 -0.03473424 6.992597 -0.4788451 -1.037151 6.952598 0.4816744 -0.02437305 6.952597 -0.4901927 -1.02679 6.952598 0.493022 -0.03473424 6.952597 -0.4788451 -1.037151 6.007932 0.4826574 4.95 6.976258 0.4826591 4.95 6.007932 0.4826574 4.98 6.976258 0.4826591 4.98 6.007932 0.5226573 4.95 6.976258 0.522659 4.95 6.007932 0.5226573 4.98 6.976258 0.522659 4.98 6.007932 0.4826574 3.95 6.976258 0.4826591 3.95 6.007932 0.4826574 3.98 6.976258 0.4826591 3.98 6.007932 0.5226573 3.95 6.976258 0.522659 3.95 6.007932 0.5226573 3.98 6.976258 0.522659 3.98 6.007932 0.4826574 2.95 6.976258 0.4826591 2.95 6.007932 0.4826574 2.98 6.976258 0.4826591 2.98 6.007932 0.5226573 2.95 6.976258 0.522659 2.95 6.007932 0.5226573 2.98 6.976258 0.522659 2.98 6.007932 0.4826574 1.95 6.976258 0.4826591 1.95 6.007932 0.4826574 1.98 6.976258 0.4826591 1.98 6.007932 0.5226573 1.95 6.976258 0.522659 1.95 6.007932 0.5226573 1.98 6.976258 0.522659 1.98 6.007932 0.4826574 0.95 6.976258 0.4826591 0.95 6.007932 0.4826574 0.9800002 6.976258 0.4826591 0.9800002 6.007932 0.5226573 0.95 6.976258 0.522659 0.95 6.007932 0.5226573 0.9800002 6.976258 0.522659 0.9800002 6.007932 0.4826574 -0.04999995 6.976258 0.4826591 -0.04999995 6.007932 0.4826574 -0.01999974 6.976258 0.4826591 -0.01999974 6.007932 0.5226573 -0.04999995 6.976258 0.522659 -0.04999995 6.007932 0.5226573 -0.01999974 6.976258 0.522659 -0.01999974 6.007932 0.4826574 -1.05 6.976258 0.4826591 -1.05 6.007932 0.4826574 -1.02 6.976258 0.4826591 -1.02 6.007932 0.5226573 -1.05 6.976258 0.522659 -1.05 6.007932 0.5226573 -1.02 6.976258 0.522659 -1.02 6.007932 0.4826574 5.95 6.976258 0.4826591 5.95 6.007932 0.4826574 5.98 6.976258 0.4826591 5.98 6.007932 0.5226573 5.95 6.976258 0.522659 5.95 6.007932 0.5226573 5.98 6.976258 0.522659 5.98 6.000305 0.4946553 4.962849 6.972172 0.4946572 5.965265 5.989286 0.4946553 4.972223 6.961153 0.4946572 5.974639 6.000305 0.5346553 4.962849 6.972172 0.5346571 5.965265 5.989286 0.5346553 4.972223 6.961153 0.5346571 5.974639 6.000963 0.512802 5.975627 6.97283 0.5128021 4.97321 5.989615 0.512802 5.965266 6.961483 0.5128021 4.962849 6.000963 0.4728021 5.975627 6.97283 0.4728022 4.97321 5.989615 0.472802 5.965266 6.961483 0.4728022 4.962849 6.000305 0.4946553 3.962849 6.972172 0.4946572 4.965265 5.989286 0.4946553 3.972223 6.961153 0.4946572 4.974639 6.000305 0.5346553 3.962849 6.972172 0.5346571 4.965265 5.989286 0.5346553 3.972223 6.961153 0.5346571 4.974639 6.000963 0.512802 4.975627 6.97283 0.5128021 3.97321 5.989615 0.512802 4.965266 6.961483 0.5128021 3.962849 6.000963 0.4728021 4.975627 6.97283 0.4728022 3.97321 5.989615 0.472802 4.965266 6.961483 0.4728022 3.962849 6.000305 0.4946553 2.962849 6.972172 0.4946572 3.965265 5.989286 0.4946553 2.972223 6.961153 0.4946572 3.974639 6.000305 0.5346553 2.962849 6.972172 0.5346571 3.965265 5.989286 0.5346553 2.972223 6.961153 0.5346571 3.974639 6.000963 0.512802 3.975627 6.97283 0.5128021 2.97321 5.989615 0.512802 3.965266 6.961483 0.5128021 2.962849 6.000963 0.4728021 3.975627 6.97283 0.4728022 2.97321 5.989615 0.472802 3.965266 6.961483 0.4728022 2.962849 6.000305 0.4946553 1.962849 6.972172 0.4946572 2.965265 5.989286 0.4946553 1.972223 6.961153 0.4946572 2.974639 6.000305 0.5346553 1.962849 6.972172 0.5346571 2.965265 5.989286 0.5346553 1.972223 6.961153 0.5346571 2.974639 6.000963 0.512802 2.975627 6.97283 0.5128021 1.97321 5.989615 0.512802 2.965266 6.961483 0.5128021 1.962849 6.000963 0.4728021 2.975627 6.97283 0.4728022 1.97321 5.989615 0.472802 2.965266 6.961483 0.4728022 1.962849 6.000305 0.4946553 0.9628487 6.972172 0.4946572 1.965265 5.989286 0.4946553 0.9722228 6.961153 0.4946572 1.974639 6.000305 0.5346553 0.9628487 6.972172 0.5346571 1.965265 5.989286 0.5346553 0.9722228 6.961153 0.5346571 1.974639 6.000963 0.512802 1.975627 6.97283 0.5128021 0.9732103 5.989615 0.512802 1.965266 6.961483 0.5128021 0.9628491 6.000963 0.4728021 1.975627 6.97283 0.4728022 0.9732103 5.989615 0.472802 1.965266 6.961483 0.4728022 0.9628491 6.000305 0.4946553 -0.03715133 6.972172 0.4946572 0.9652653 5.989286 0.4946553 -0.02777719 6.961153 0.4946572 0.9746394 6.000305 0.5346553 -0.03715133 6.972172 0.5346571 0.9652653 5.989286 0.5346553 -0.02777719 6.961153 0.5346571 0.9746394 6.000963 0.512802 0.975627 6.97283 0.5128021 -0.02678966 5.989615 0.512802 0.9652658 6.961483 0.5128021 -0.03715085 6.000963 0.4728021 0.975627 6.97283 0.4728022 -0.02678966 5.989615 0.472802 0.9652658 6.961483 0.4728022 -0.03715085 6.000305 0.4946553 -1.037151 6.972172 0.4946572 -0.03473472 5.989286 0.4946553 -1.027777 6.961153 0.4946572 -0.02536058 6.000305 0.5346553 -1.037151 6.972172 0.5346571 -0.03473472 5.989286 0.5346553 -1.027777 6.961153 0.5346571 -0.02536058 6.000963 0.512802 -0.02437305 6.97283 0.5128021 -1.02679 5.989615 0.512802 -0.03473424 6.961483 0.5128021 -1.037151 6.000963 0.4728021 -0.02437305 6.97283 0.4728022 -1.02679 5.989615 0.472802 -0.03473424 6.961483 0.4728022 -1.037151 5.999981 -0.4718638 4.95 5.999978 0.4964628 4.95 5.999981 -0.4718638 4.98 5.999978 0.4964628 4.98 5.959981 -0.4718638 4.95 5.959978 0.4964628 4.95 5.959981 -0.4718638 4.98 5.959978 0.4964628 4.98 5.999981 -0.4718638 3.95 5.999978 0.4964628 3.95 5.999981 -0.4718638 3.98 5.999978 0.4964628 3.98 5.959981 -0.4718638 3.95 5.959978 0.4964628 3.95 5.959981 -0.4718638 3.98 5.959978 0.4964628 3.98 5.999981 -0.4718638 2.95 5.999978 0.4964628 2.95 5.999981 -0.4718638 2.98 5.999978 0.4964628 2.98 5.959981 -0.4718638 2.95 5.959978 0.4964628 2.95 5.959981 -0.4718638 2.98 5.959978 0.4964628 2.98 5.999981 -0.4718638 1.95 5.999978 0.4964628 1.95 5.999981 -0.4718638 1.98 5.999978 0.4964628 1.98 5.959981 -0.4718638 1.95 5.959978 0.4964628 1.95 5.959981 -0.4718638 1.98 5.959978 0.4964628 1.98 5.999981 -0.4718638 0.95 5.999978 0.4964628 0.95 5.999981 -0.4718638 0.9800002 5.999978 0.4964628 0.9800002 5.959981 -0.4718638 0.95 5.959978 0.4964628 0.95 5.959981 -0.4718638 0.9800002 5.959978 0.4964628 0.9800002 5.999981 -0.4718638 -0.04999995 5.999978 0.4964628 -0.04999995 5.999981 -0.4718638 -0.01999974 5.999978 0.4964628 -0.01999974 5.959981 -0.4718638 -0.04999995 5.959978 0.4964628 -0.04999995 5.959981 -0.4718638 -0.01999974 5.959978 0.4964628 -0.01999974 5.999981 -0.4718638 -1.05 5.999978 0.4964628 -1.05 5.999981 -0.4718638 -1.02 5.999978 0.4964628 -1.02 5.959981 -0.4718638 -1.05 5.959978 0.4964628 -1.05 5.959981 -0.4718638 -1.02 5.959978 0.4964628 -1.02 5.999981 -0.4718638 5.95 5.999978 0.4964628 5.95 5.999981 -0.4718638 5.98 5.999978 0.4964628 5.98 5.959981 -0.4718638 5.95 5.959978 0.4964628 5.95 5.959981 -0.4718638 5.98 5.959978 0.4964628 5.98 5.987983 -0.4794905 4.962849 5.98798 0.4923766 5.965265 5.987983 -0.4905093 4.972223 5.98798 0.4813579 5.974639 5.947983 -0.4794906 4.962849 5.94798 0.4923766 5.965265 5.947983 -0.4905093 4.972223 5.94798 0.4813578 5.974639 5.969836 -0.4788328 5.975627 5.969835 0.4930344 4.97321 5.969836 -0.4901804 5.965266 5.969835 0.4816868 4.962849 6.009836 -0.4788327 5.975627 6.009835 0.4930344 4.97321 6.009836 -0.4901803 5.965266 6.009835 0.4816869 4.962849 5.987983 -0.4794905 3.962849 5.98798 0.4923766 4.965265 5.987983 -0.4905093 3.972223 5.98798 0.4813579 4.974639 5.947983 -0.4794906 3.962849 5.94798 0.4923766 4.965265 5.947983 -0.4905093 3.972223 5.94798 0.4813578 4.974639 5.969836 -0.4788328 4.975627 5.969835 0.4930344 3.97321 5.969836 -0.4901804 4.965266 5.969835 0.4816868 3.962849 6.009836 -0.4788327 4.975627 6.009835 0.4930344 3.97321 6.009836 -0.4901803 4.965266 6.009835 0.4816869 3.962849 5.987983 -0.4794905 2.962849 5.98798 0.4923766 3.965265 5.987983 -0.4905093 2.972223 5.98798 0.4813579 3.974639 5.947983 -0.4794906 2.962849 5.94798 0.4923766 3.965265 5.947983 -0.4905093 2.972223 5.94798 0.4813578 3.974639 5.969836 -0.4788328 3.975627 5.969835 0.4930344 2.97321 5.969836 -0.4901804 3.965266 5.969835 0.4816868 2.962849 6.009836 -0.4788327 3.975627 6.009835 0.4930344 2.97321 6.009836 -0.4901803 3.965266 6.009835 0.4816869 2.962849 5.987983 -0.4794905 1.962849 5.98798 0.4923766 2.965265 5.987983 -0.4905093 1.972223 5.98798 0.4813579 2.974639 5.947983 -0.4794906 1.962849 5.94798 0.4923766 2.965265 5.947983 -0.4905093 1.972223 5.94798 0.4813578 2.974639 5.969836 -0.4788328 2.975627 5.969835 0.4930344 1.97321 5.969836 -0.4901804 2.965266 5.969835 0.4816868 1.962849 6.009836 -0.4788327 2.975627 6.009835 0.4930344 1.97321 6.009836 -0.4901803 2.965266 6.009835 0.4816869 1.962849 5.987983 -0.4794905 0.9628487 5.98798 0.4923766 1.965265 5.987983 -0.4905093 0.9722228 5.98798 0.4813579 1.974639 5.947983 -0.4794906 0.9628487 5.94798 0.4923766 1.965265 5.947983 -0.4905093 0.9722228 5.94798 0.4813578 1.974639 5.969836 -0.4788328 1.975627 5.969835 0.4930344 0.9732103 5.969836 -0.4901804 1.965266 5.969835 0.4816868 0.9628491 6.009836 -0.4788327 1.975627 6.009835 0.4930344 0.9732103 6.009836 -0.4901803 1.965266 6.009835 0.4816869 0.9628491 5.987983 -0.4794905 -0.03715133 5.98798 0.4923766 0.9652653 5.987983 -0.4905093 -0.02777719 5.98798 0.4813579 0.9746394 5.947983 -0.4794906 -0.03715133 5.94798 0.4923766 0.9652653 5.947983 -0.4905093 -0.02777719 5.94798 0.4813578 0.9746394 5.969836 -0.4788328 0.975627 5.969835 0.4930344 -0.02678966 5.969836 -0.4901804 0.9652658 5.969835 0.4816868 -0.03715085 6.009836 -0.4788327 0.975627 6.009835 0.4930344 -0.02678966 6.009836 -0.4901803 0.9652658 6.009835 0.4816869 -0.03715085 5.987983 -0.4794905 -1.037151 5.98798 0.4923766 -0.03473472 5.987983 -0.4905093 -1.027777 5.98798 0.4813579 -0.02536058 5.947983 -0.4794906 -1.037151 5.94798 0.4923766 -0.03473472 5.947983 -0.4905093 -1.027777 5.94798 0.4813578 -0.02536058 5.969836 -0.4788328 -0.02437305 5.969835 0.4930344 -1.02679 5.969836 -0.4901804 -0.03473424 5.969835 0.4816868 -1.037151 6.009836 -0.4788327 -0.02437305 6.009835 0.4930344 -1.02679 6.009836 -0.4901803 -0.03473424 6.009835 0.4816869 -1.037151 -5.897944 -0.5391421 4.913645 5.897944 -0.5391421 4.913645 -5.897944 -0.5391438 5.980988 5.897944 -0.5391438 5.980988 -5.897944 -0.5591421 4.913645 5.897944 -0.5591421 4.913645 -5.897944 -0.5591437 5.980988 5.897944 -0.5591437 5.980988</float_array>
          <technique_common>
            <accessor source="#Cube_026-mesh-positions-array" count="3044" stride="3">
              <param name="X" type="float"/>
              <param name="Y" type="float"/>
              <param name="Z" type="float"/>
            </accessor>
          </technique_common>
        </source>
        <source id="Cube_026-mesh-normals">
          <float_array id="Cube_026-mesh-normals-array" count="9552">0 -1 -1.56363e-6 0 0 1 0 0 -1 0 -1 -1.21638e-6 0 1 1.21638e-6 -0.9999695 0 0 -0.7070834 -0.7070834 0 -0.7070834 -0.7070834 0 0.7070834 -0.7070834 0 0.9999695 0 0 0.9999695 0 0 -0.7070834 0.7070834 0 -0.9999695 0 0 0 -1 0 0.7070834 -0.7070834 0 0.7070834 0.7070834 0 0 1 0 0 1 0 -0.7070834 0.7070834 0 0 -1 0 0.7070834 0.7070834 0 0 0 1 0 0 1 0 0 1 0 0 1 0 0 1 0 0 1 0 0 1 0 0 1 -0.9999695 0 0 -0.7070834 -0.7070834 0 -0.7070834 -0.7070834 0 0.7070834 -0.7070834 0 0.9999695 0 0 0.9999695 0 0 -0.7070834 0.7070834 0 -0.9999695 0 0 0 -1 0 0.7070834 -0.7070834 0 0.7070834 0.7070834 0 0 1 0 0 1 0 -0.7070834 0.7070834 0 0 -1 0 0.7070834 0.7070834 0 0 0 1 0 0 1 0 0 1 0 0 1 0 0 1 0 0 1 0 0 1 0 0 1 -0.9999695 0 0 -0.7070834 -0.7070834 0 -0.7070834 -0.7070834 0 0.7070834 -0.7070834 0 0.9999695 0 0 0.9999695 0 0 -0.7070834 0.7070834 0 -0.9999695 0 0 0 -1 0 0.7070834 -0.7070834 0 0.7070834 0.7070834 0 0 1 0 0 1 0 -0.7070834 0.7070834 0 0 -1 0 0.7070834 0.7070834 0 0 0 1 0 0 1 0 0 1 0 0 1 0 0 1 0 0 1 0 0 1 0 0 1 -0.9999695 0 0 -0.7070834 -0.7070834 0 -0.7070834 -0.7070834 0 0.7070834 -0.7070834 0 0.9999695 0 0 0.9999695 0 0 -0.7070834 0.7070834 0 -0.9999695 0 0 0 -1 0 0.7070834 -0.7070834 0 0.7070834 0.7070834 0 0 1 0 0 1 0 -0.7070834 0.7070834 0 0 -1 0 0.7070834 0.7070834 0 0 0 1 0 0 1 0 0 1 0 0 1 0 0 1 0 0 1 0 0 1 0 0 1 0 0 1 0 -0.7070834 0.7070834 0 -0.7070834 0.7070834 0 -0.7070834 -0.7070834 0 0 -1 0 0 -1 0 0.7070834 0.7070834 0 0 1 0 -0.9999695 0 0 -0.7070834 -0.7070834 0 0.7070834 -0.7070834 0 1 0 0 1 0 0 0.7070834 0.7070834 0 -0.9999695 0 0 0.7070834 -0.7070834 0 0 1 0 -0.7070834 0.7070834 0 -0.7070834 0.7070834 0 -0.7070834 -0.7070834 0 0 -1 0 0 -1 0 0.7070834 0.7070834 0 0 1 0 -1 0 0 -0.7070834 -0.7070834 0 0.7070834 -0.7070834 0 1 0 0 1 0 0 0.7070834 0.7070834 0 -1 0 0 0.7070834 -0.7070834 0 0 1 0 0 -1 0 -1 -1.21638e-6 0 1 1.21638e-6 -0.7071033 0.7071104 0 0 0 1 -0.4789017 0.4789065 0.735732 0 0.7904529 0.6125229 0.4789017 0.4789065 0.735732 0.7904549 0 0.6125202 0.4789017 -0.4789065 0.735732 0 -0.7904529 0.6125229 -0.4789017 -0.4789065 0.735732 -0.7904549 0 0.6125202 0 1 0 0.7071033 0.7071104 0 1 0 0 -1 0 0 -0.7071033 -0.7071104 0 0 -1 0 0.7071033 -0.7071104 0 0 0 1 0 0 -1 0 -1 -1.21638e-6 0 1 1.21638e-6 0.9999695 0 0 0.9999695 0 0 0.7070834 -0.7070834 0 -0.7070834 -0.7070834 0 -0.7070834 -0.7070834 0 -0.9999695 0 0 0.7070834 0.7070834 0 0.7070834 0.7070834 0 0 -1 0 0 -1 0 -0.7070834 0.7070834 0 -0.7070834 0.7070834 0 0 1 0 0 1 0 0.7070834 -0.7070834 0 -0.9999695 0 0 0 0 1 0 0 1 0 0 1 0 0 1 0 0 1 0 0 1 0 0 1 0 0 1 0.9999695 0 0 0.9999695 0 0 0.7070834 -0.7070834 0 -0.7070834 -0.7070834 0 -0.7070834 -0.7070834 0 -0.9999695 0 0 0.7070834 0.7070834 0 0.7070834 0.7070834 0 0 -1 0 0 -1 0 -0.7070834 0.7070834 0 -0.7070834 0.7070834 0 0 1 0 0 1 0 0.7070834 -0.7070834 0 -0.9999695 0 0 0 0 1 0 0 1 0 0 1 0 0 1 0 0 1 0 0 1 0 0 1 0 0 1 0.9999695 0 0 0.9999695 0 0 0.7070834 -0.7070834 0 -0.7070834 -0.7070834 0 -0.7070834 -0.7070834 0 -0.9999695 0 0 0.7070834 0.7070834 0 0.7070834 0.7070834 0 0 -1 0 0 -1 0 -0.7070834 0.7070834 0 -0.7070834 0.7070834 0 0 1 0 0 1 0 0.7070834 -0.7070834 0 -0.9999695 0 0 0 0 1 0 0 1 0 0 1 0 0 1 0 0 1 0 0 1 0 0 1 0 0 1 0.9999695 0 0 0.9999695 0 0 0.7070834 -0.7070834 0 -0.7070834 -0.7070834 0 -0.7070834 -0.7070834 0 -0.9999695 0 0 0.7070834 0.7070834 0 0.7070834 0.7070834 0 0 -1 0 0 -1 0 -0.7070834 0.7070834 0 -0.7070834 0.7070834 0 0 1 0 0 1 0 0.7070834 -0.7070834 0 -0.9999695 0 0 0 0 1 0 0 1 0 0 1 0 0 1 0 0 1 0 0 1 0 0 1 0 0 1 0 0 1 0 -0.7070834 -0.7070834 0 0.7070834 0.7070834 0 -0.9999695 0 0 0.7070834 -0.7070834 0 1 0 0 -0.7070834 0.7070834 0 0 -1 0 0 1 0 -0.7070834 -0.7070834 0 0.7070834 0.7070834 0 -1 0 0 0.7070834 -0.7070834 0 1 0 0 -0.7070834 0.7070834 0 0 -1 0 0 1 0 0 -1 0 -1 -1.21638e-6 0 1 1.21638e-6 0.7071033 0.7071104 0 0 0 1 0.4789021 0.4789044 0.7357332 0 0.790453 0.6125229 -0.4789017 0.4789065 0.735732 -0.7904549 0 0.6125202 -0.4789021 -0.4789044 0.7357332 0 -0.790453 0.6125229 0.4789017 -0.4789065 0.735732 0.7904549 0 0.6125202 0 1 0 -0.7071033 0.7071104 0 -1 0 0 1 0 0 0.7071033 -0.7071104 0 0 -1 0 -0.7071033 -0.7071104 0 0 1 0 0 -1 0 0 0 1 0 0 -1 0 1 0 0 -1 0 0 0 1 0 0 -1 0 1 0 0 -1 0 0 0 1 0 0 -1 0 1 0 0 -1 0 0 0 1 0 0 -1 0 1 0 0 -1 0 0 0 1 0 0 -1 0 1 0 0 -1 0 0 0 1 0 0 -1 0 1 0 0 -1 0 0 0 1 0 0 -1 0 1 0 0 -1 0 0 0 1 0 0 -1 0 1 0 0 -1 0 0.7179625 0 0.6960819 -0.7179624 0 -0.6960819 -7.48754e-7 -1 -8.20049e-7 7.19956e-7 1 7.88509e-7 0.7179622 0 -0.696082 -0.7179624 0 0.6960819 0 1 0 0 -1 0 0.7179625 0 0.6960819 -0.7179624 0 -0.6960819 -7.48754e-7 -1 -8.20049e-7 7.19956e-7 1 7.88509e-7 0.7179622 0 -0.696082 -0.7179624 0 0.6960819 0 1 0 0 -1 0 0.7179625 0 0.6960819 -0.7179624 0 -0.6960819 -7.48754e-7 -1 -8.20049e-7 7.19956e-7 1 7.88509e-7 0.7179622 0 -0.696082 -0.7179624 0 0.6960819 0 1 0 0 -1 0 0.7179625 0 0.6960819 -0.7179624 0 -0.6960819 -7.48754e-7 -1 -8.20049e-7 7.19956e-7 1 7.88509e-7 0.7179622 0 -0.696082 -0.7179624 0 0.6960819 0 1 0 0 -1 0 0.7179625 0 0.6960819 -0.7179624 0 -0.6960819 -7.48754e-7 -1 -8.20049e-7 7.19956e-7 1 7.88509e-7 0.7179622 0 -0.696082 -0.7179624 0 0.6960819 0 1 0 0 -1 0 0.7179625 0 0.6960819 -0.7179624 0 -0.6960819 -7.48754e-7 -1 -8.20049e-7 7.19956e-7 1 7.88509e-7 0.7179622 0 -0.696082 -0.7179624 0 0.6960819 0 1 0 0 -1 0 0.7179625 0 0.6960819 -0.7179624 0 -0.6960819 -7.48754e-7 -1 -8.20049e-7 7.19956e-7 1 7.88509e-7 0.7179622 0 -0.696082 -0.7179624 0 0.6960819 -1 -9.84869e-7 0 1 9.84869e-7 0 0 0 1 0 0 -1 -1 -9.84869e-7 0 1 9.84869e-7 0 0 0 1 0 0 -1 -1 -9.84869e-7 0 1 9.84869e-7 0 0 0 1 0 0 -1 -1 -9.84869e-7 0 1 9.84869e-7 0 0 0 1 0 0 -1 -1 -9.84869e-7 0 1 9.84869e-7 0 0 0 1 0 0 -1 -1 -9.84869e-7 0 1 9.84869e-7 0 0 0 1 0 0 -1 -1 -9.84869e-7 0 1 9.84869e-7 0 0 0 1 0 0 -1 -1 -9.84869e-7 0 1 9.84869e-7 0 0 0 1 0 0 -1 -1 -4.4354e-7 5.21352e-7 1 4.43539e-7 -5.21354e-7 0 0.7179624 0.6960819 0 -0.7179624 -0.6960819 1 -4.60777e-7 -5.04641e-7 -1 2.30388e-7 2.52321e-7 0 0.7179623 -0.6960819 1.06985e-6 -0.7179624 0.6960819 -1 -4.4354e-7 5.21352e-7 1 4.43539e-7 -5.21354e-7 0 0.7179624 0.6960819 0 -0.7179624 -0.6960819 1 -4.60777e-7 -5.04641e-7 -1 2.30388e-7 2.52321e-7 0 0.7179623 -0.6960819 1.06985e-6 -0.7179624 0.6960819 -1 -4.4354e-7 5.21352e-7 1 4.43539e-7 -5.21354e-7 0 0.7179624 0.6960819 0 -0.7179624 -0.6960819 1 -4.60777e-7 -5.04641e-7 -1 2.30388e-7 2.52321e-7 0 0.7179623 -0.6960819 1.06985e-6 -0.7179624 0.6960819 -1 -4.4354e-7 5.21352e-7 1 4.43539e-7 -5.21354e-7 0 0.7179624 0.6960819 0 -0.7179624 -0.6960819 1 -4.60777e-7 -5.04641e-7 -1 2.30388e-7 2.52321e-7 0 0.7179623 -0.6960819 1.06985e-6 -0.7179624 0.6960819 -1 -4.4354e-7 5.21352e-7 1 4.43539e-7 -5.21354e-7 0 0.7179624 0.6960819 0 -0.7179624 -0.6960819 1 -4.60777e-7 -5.04641e-7 -1 2.30388e-7 2.52321e-7 0 0.7179623 -0.6960819 1.06985e-6 -0.7179624 0.6960819 -1 -4.4354e-7 5.21352e-7 1 4.43539e-7 -5.21354e-7 0 0.7179624 0.6960819 0 -0.7179624 -0.6960819 1 -4.60777e-7 -5.04641e-7 -1 2.30388e-7 2.52321e-7 0 0.7179623 -0.6960819 1.06985e-6 -0.7179624 0.6960819 -1 -4.4354e-7 5.21352e-7 1 4.43539e-7 -5.21354e-7 0 0.7179624 0.6960819 0 -0.7179624 -0.6960819 1 -4.60777e-7 -5.04641e-7 -1 2.30388e-7 2.52321e-7 0 0.7179623 -0.6960819 1.06985e-6 -0.7179624 0.6960819 1.78507e-6 -1 0 -1.72352e-6 1 0 0 0 1 0 0 -1 1.78507e-6 -1 0 -1.72352e-6 1 0 0 0 1 0 0 -1 1.78507e-6 -1 0 -1.72352e-6 1 0 0 0 1 0 0 -1 1.78507e-6 -1 0 -1.72352e-6 1 0 0 0 1 0 0 -1 1.78507e-6 -1 0 -1.72352e-6 1 0 0 0 1 0 0 -1 1.78507e-6 -1 0 -1.72352e-6 1 0 0 0 1 0 0 -1 1.78507e-6 -1 0 -1.72352e-6 1 0 0 0 1 0 0 -1 1.78507e-6 -1 0 -1.72352e-6 1 0 0 0 1 0 0 -1 8.59356e-7 -1 1.01012e-6 -8.31635e-7 1 -9.77538e-7 -0.7179624 0 0.6960819 0.7179625 0 -0.6960819 0 1 0 2.90141e-6 -1 2.57514e-6 -0.7179624 0 -0.6960819 0.7179625 0 0.6960819 8.59356e-7 -1 1.01012e-6 -8.31635e-7 1 -9.77538e-7 -0.7179624 0 0.6960819 0.7179625 0 -0.6960819 0 1 0 2.90141e-6 -1 2.57514e-6 -0.7179624 0 -0.6960819 0.7179625 0 0.6960819 8.59356e-7 -1 1.01012e-6 -8.31635e-7 1 -9.77538e-7 -0.7179624 0 0.6960819 0.7179625 0 -0.6960819 0 1 0 2.90141e-6 -1 2.57514e-6 -0.7179624 0 -0.6960819 0.7179625 0 0.6960819 8.59356e-7 -1 1.01012e-6 -8.31635e-7 1 -9.77538e-7 -0.7179624 0 0.6960819 0.7179625 0 -0.6960819 0 1 0 2.90141e-6 -1 2.57514e-6 -0.7179624 0 -0.6960819 0.7179625 0 0.6960819 8.59356e-7 -1 1.01012e-6 -8.31635e-7 1 -9.77538e-7 -0.7179624 0 0.6960819 0.7179625 0 -0.6960819 0 1 0 2.90141e-6 -1 2.57514e-6 -0.7179624 0 -0.6960819 0.7179625 0 0.6960819 8.59356e-7 -1 1.01012e-6 -8.31635e-7 1 -9.77538e-7 -0.7179624 0 0.6960819 0.7179625 0 -0.6960819 0 1 0 2.90141e-6 -1 2.57514e-6 -0.7179624 0 -0.6960819 0.7179625 0 0.6960819 8.59356e-7 -1 1.01012e-6 -8.31635e-7 1 -9.77538e-7 -0.7179624 0 0.6960819 0.7179625 0 -0.6960819 0 1 0 2.90141e-6 -1 2.57514e-6 -0.7179624 0 -0.6960819 0.7179625 0 0.6960819 1 2.95461e-6 0 -1 -2.95461e-6 0 0 0 1 0 0 -1 1 2.95461e-6 0 -1 -2.95461e-6 0 0 0 1 0 0 -1 1 2.95461e-6 0 -1 -2.95461e-6 0 0 0 1 0 0 -1 1 2.95461e-6 0 -1 -2.95461e-6 0 0 0 1 0 0 -1 1 2.95461e-6 0 -1 -2.95461e-6 0 0 0 1 0 0 -1 1 2.95461e-6 0 -1 -2.95461e-6 0 0 0 1 0 0 -1 1 2.95461e-6 0 -1 -2.95461e-6 0 0 0 1 0 0 -1 1 2.95461e-6 0 -1 -2.95461e-6 0 0 0 1 0 0 -1 1 1.10885e-6 1.30338e-6 -1 -1.10885e-6 -1.30338e-6 2.1397e-6 -0.7179624 0.6960819 -2.1397e-6 0.7179624 -0.6960819 -1 -4.60776e-7 5.04642e-7 1 4.60777e-7 -5.04641e-7 2.1397e-6 -0.7179624 -0.6960819 -1.06985e-6 0.7179624 0.6960819 1 1.10885e-6 1.30338e-6 -1 -1.10885e-6 -1.30338e-6 2.1397e-6 -0.7179624 0.6960819 -2.1397e-6 0.7179624 -0.6960819 -1 -4.60776e-7 5.04642e-7 1 4.60777e-7 -5.04641e-7 2.1397e-6 -0.7179624 -0.6960819 -1.06985e-6 0.7179624 0.6960819 1 1.10885e-6 1.30338e-6 -1 -1.10885e-6 -1.30338e-6 2.1397e-6 -0.7179624 0.6960819 -2.1397e-6 0.7179624 -0.6960819 -1 -4.60776e-7 5.04642e-7 1 4.60777e-7 -5.04641e-7 2.1397e-6 -0.7179624 -0.6960819 -1.06985e-6 0.7179624 0.6960819 1 1.10885e-6 1.30338e-6 -1 -1.10885e-6 -1.30338e-6 2.1397e-6 -0.7179624 0.6960819 -2.1397e-6 0.7179624 -0.6960819 -1 -4.60776e-7 5.04642e-7 1 4.60777e-7 -5.04641e-7 2.1397e-6 -0.7179624 -0.6960819 -1.06985e-6 0.7179624 0.6960819 1 1.10885e-6 1.30338e-6 -1 -1.10885e-6 -1.30338e-6 2.1397e-6 -0.7179624 0.6960819 -2.1397e-6 0.7179624 -0.6960819 -1 -4.60776e-7 5.04642e-7 1 4.60777e-7 -5.04641e-7 2.1397e-6 -0.7179624 -0.6960819 -1.06985e-6 0.7179624 0.6960819 1 1.10885e-6 1.30338e-6 -1 -1.10885e-6 -1.30338e-6 2.1397e-6 -0.7179624 0.6960819 -2.1397e-6 0.7179624 -0.6960819 -1 -4.60776e-7 5.04642e-7 1 4.60777e-7 -5.04641e-7 2.1397e-6 -0.7179624 -0.6960819 -1.06985e-6 0.7179624 0.6960819 1 1.10885e-6 1.30338e-6 -1 -1.10885e-6 -1.30338e-6 2.1397e-6 -0.7179624 0.6960819 -2.1397e-6 0.7179624 -0.6960819 -1 -4.60776e-7 5.04642e-7 1 4.60777e-7 -5.04641e-7 2.1397e-6 -0.7179624 -0.6960819 -1.06985e-6 0.7179624 0.6960819 -0.707107 0.7071067 0 0.707107 -0.7071067 0 0 0 1 0 0 -1 -0.7071059 -0.7071076 0 0.7071059 0.7071077 0 0 0 1 0 0 -1 0.7071081 -0.7071053 0 -0.7071082 0.7071053 0 0 0 1 0 0 -1 0.7071048 0.7071087 0 -0.7071046 -0.7071089 0 0 0 1 0 0 -1 -0.7071095 0.707104 0 0.7071095 -0.707104 0 0 0 1 0 0 -1 -0.7071036 -0.7071101 0 0.7071033 0.7071102 0 0 0 1 0 0 -1 0.7071106 -0.707103 0 -0.7071107 0.707103 0 0 0 1 0 0 -1 0.7071022 0.7071112 0 -0.7071021 -0.7071115 0 0 0 1 0 0 -1 1 0 9.11543e-7 0 1 0 1 0 9.11543e-7 0 1 0 0 -1 0 1 5.96047e-6 9.11543e-7 -1 0 -9.11543e-7 0 -1 0 -1 0 -9.11543e-7 0 1 0 0 -1 0 1 0 9.11543e-7 -1 0 -9.11543e-7 1 0 9.11543e-7 0 1 0 0 -1 0 0.7233215 0 -0.6905115 -0.7233214 0 0.6905115 -7.56964e-7 -1 6.39704e-7 2.04451e-6 1 7.02972e-7 -0.7233204 0 -0.6905127 0.7233201 0 0.6905127 0 1 0 0 -1 0 0.7233214 0 -0.6905114 -0.7233214 0 0.6905115 -7.56964e-7 -1 6.39704e-7 2.06028e-6 1 6.89645e-7 -0.7233202 0 -0.6905128 0.7233202 0 0.6905127 0 1 0 0 -1 0 0.7233214 0 -0.6905114 -0.7233215 0 0.6905115 -7.56964e-7 -1 6.39704e-7 2.04451e-6 1 7.02972e-7 -0.7233203 0 -0.6905128 0.7233202 0 0.6905127 0 1 0 0 -1 0 0.7233214 0 -0.6905115 -0.7233214 0 0.6905115 -7.25424e-7 -1 6.1305e-7 2.06028e-6 1 6.89645e-7 -0.7233201 0 -0.6905128 0.7233201 0 0.6905128 0 1 0 0 -1 0 0.7233215 0 -0.6905115 -0.7233214 0 0.6905115 -7.56964e-7 -1 6.39704e-7 2.04451e-6 1 7.02972e-7 -0.7233202 0 -0.6905128 0.7233201 0 0.6905127 0 1 0 0 -1 0 0.7233214 0 -0.6905114 -0.7233216 0 0.6905113 -7.56964e-7 -1 6.39704e-7 2.06028e-6 1 6.89645e-7 -0.7233202 0 -0.6905128 0.7233202 0 0.6905127 0 1 0 0 -1 0 0.7233214 0 -0.6905114 -0.7233216 0 0.6905112 -7.56964e-7 -1 6.39704e-7 2.04451e-6 1 7.02972e-7 -0.7233203 0 -0.6905128 0.7233202 0 0.6905127 -0.7233203 0 -0.6905128 -7.56964e-7 -1 6.39704e-7 2.04451e-6 1 7.02972e-7 0.7233202 0 0.6905127 0.7233214 0 -0.6905114 0 1 0 0 -1 0 -0.7233216 0 0.6905112 -0.7233202 0 -0.6905128 -7.56948e-7 -1 6.3972e-7 2.06024e-6 1 6.89602e-7 0.72332 0 0.690513 0.7233211 0 -0.6905118 0 1 0 0 -1 0 -0.7233213 0 0.6905117 -0.7233202 0 -0.6905128 -7.56948e-7 -1 6.3972e-7 2.04447e-6 1 7.0293e-7 0.7233201 0 0.6905127 0.7233215 0 -0.6905115 0 1 0 0 -1 0 -0.7233214 0 0.6905115 -0.7233201 0 -0.6905128 -7.25408e-7 -1 6.13065e-7 2.06024e-6 1 6.89602e-7 0.7233201 0 0.6905128 0.7233214 0 -0.6905115 0 1 0 0 -1 0 -0.7233214 0 0.6905115 1 0 9.11543e-7 1 0 9.11543e-7 0 -1 0 0 -1 0 -1 0 -9.11543e-7 -1 0 -9.11543e-7 1 0 9.11543e-7 0 -1 0 0 1 0 0 -1 0 0.7233214 0 -0.6905115 -0.7233216 0 0.6905113 -7.25424e-7 -1 6.1305e-7 2.06028e-6 1 6.89645e-7 -0.7233201 0 -0.6905128 0.7233201 0 0.6905128 0 0 1 0 1 0 0 -1 -1.70914e-7 1 1.19209e-5 9.11543e-7 -1 0 -9.11543e-7 9.93396e-7 1 0 0 -1 -1.70914e-7 -1 0 -1.13943e-6 0 -1 -2.27886e-7 -1 0 -1.13943e-6 0 1 0 1 0 9.11543e-7 -1.98684e-6 1 0 0 -1 0 1 1.19209e-5 9.11543e-7 -1 0 -9.11543e-7 0 1 0 0 -1 0 -1 0 -9.11543e-7 0 1 0 0 -1 0 -1 0 -9.11543e-7 0 1 0 -1 0 -9.11543e-7 1 0 9.11543e-7 0 1 0 1 0 9.11543e-7 0 1 0 0 -1 0 -9.93388e-7 1 0 -1 0 -9.11543e-7 0 0 1 0 0 1 0 0 1 -1.58942e-5 0 1 0 0 1 0 0 1 0 0 1 0 0 1 0 0 1 0 0 1 -1.58943e-5 0 1 -1.58942e-5 -1.19208e-5 1 1 0 0 0 -1.36731e-6 1 1 0 0 0 -9.11543e-7 1 -1.58945e-5 1.36731e-6 -1 1 2.27886e-7 0 -1 -2.27886e-7 0 0 9.11543e-7 -1 -1 0 0 0 -9.11543e-7 1 0 9.11543e-7 -1 1 0 0 -1 0 0 1 0 0 1.30338e-6 -1.02629e-6 1 -1.30338e-6 1.02629e-6 -1 0.7233209 0.6905121 1.02894e-6 -0.7233209 -0.6905121 -1.02894e-6 -7.56962e-7 -6.39706e-7 -1 7.56962e-7 6.39706e-7 1 -0.7233209 0.6905121 1.02894e-6 0.7233209 -0.6905121 -1.02894e-6 1.04271e-6 -8.21034e-7 1 -1.04271e-6 8.21034e-7 -1 0.7233209 0.690512 1.02894e-6 -0.7233209 -0.690512 -1.02894e-6 -7.56962e-7 -6.39706e-7 -1 7.56962e-7 6.39706e-7 1 -0.723321 0.690512 5.34028e-6 0.723321 -0.690512 -1.02894e-6 1.04271e-6 -8.21034e-7 1 -1.04271e-6 8.21034e-7 -1 0.7233209 0.6905121 1.02894e-6 -0.7233209 -0.6905121 -1.02894e-6 -7.56962e-7 -6.39706e-7 -1 7.56954e-7 6.39714e-7 1 -0.7233211 0.6905119 5.34028e-6 0.723321 -0.690512 -1.02894e-6 1.04271e-6 -8.21034e-7 1 -1.04271e-6 8.21034e-7 -1 0.7233209 0.6905121 1.02894e-6 -0.7233209 -0.6905121 -1.02894e-6 -7.56962e-7 -6.39706e-7 -1 7.56954e-7 6.39714e-7 1 -0.7233211 0.6905119 1.02894e-6 0.723321 -0.690512 -1.02894e-6 1.30338e-6 -1.02629e-6 1 -1.30338e-6 1.02629e-6 -1 0.7233209 0.6905121 1.02894e-6 -0.7233209 -0.6905121 -1.02894e-6 -7.56962e-7 -6.39706e-7 -1 5.04641e-7 4.2647e-7 1 -0.723321 0.6905119 1.02896e-6 0.7233209 -0.6905121 -5.34028e-6 1.30338e-6 -1.02629e-6 1 -1.30338e-6 1.02629e-6 -1 0.7233209 0.6905121 1.02894e-6 -0.7233209 -0.6905121 -1.02894e-6 -7.56962e-7 -6.39706e-7 -1 2.21148e-5 -2.02034e-5 1 -0.7233209 0.6905121 1.02894e-6 0.7233209 -0.6905121 -1.02894e-6 1.30338e-6 -1.02629e-6 1 -1.04271e-6 8.21034e-7 -1 0.7233209 0.6905121 1.02894e-6 -0.7233209 -0.6905122 -1.02893e-6 -7.56962e-7 -6.39706e-7 -1 7.56962e-7 6.39706e-7 1 -0.7233209 0.6905121 1.02894e-6 0.7233211 -0.6905119 -1.02894e-6 -0.7233209 0.6905121 1.02894e-6 -5.04642e-7 -4.2647e-7 -1 5.04642e-7 4.2647e-7 1 0.7233209 -0.6905121 -1.02894e-6 0.7233208 0.6905121 1.02896e-6 1.30338e-6 -1.02629e-6 1 -1.04271e-6 8.21034e-7 -1 -0.7233209 -0.6905121 -1.02894e-6 -0.7233214 0.6905115 1.02896e-6 -7.56947e-7 -6.39722e-7 -1 5.04631e-7 4.26481e-7 1 0.7233213 -0.6905118 -1.02894e-6 0.7233207 0.6905123 1.02894e-6 1.04271e-6 -8.21034e-7 1 -1.04271e-6 8.21034e-7 -1 -0.7233209 -0.6905121 -1.02894e-6 -0.7233212 0.6905117 1.02894e-6 -7.56946e-7 -6.39722e-7 -1 7.56946e-7 6.39722e-7 1 0.7233212 -0.6905117 -1.02894e-6 0.7233206 0.6905125 1.02894e-6 1.04268e-6 -8.21057e-7 1 -1.04268e-6 8.21057e-7 -1 -0.7233206 -0.6905125 -1.02894e-6 -0.7233212 0.6905117 1.02894e-6 -7.56946e-7 -6.39722e-7 -1 7.56946e-7 6.39722e-7 1 0.7233212 -0.6905117 -1.02894e-6 0.7233206 0.6905125 1.02894e-6 1.04268e-6 -8.21057e-7 1 -1.04268e-6 8.21057e-7 -1 -0.7233206 -0.6905125 -1.02894e-6 1 0 0 1 0 0 0 1.36731e-6 -1 0 9.11543e-7 -1 -1 -9.11543e-7 0 -1 -9.11543e-7 0 1 9.11543e-7 0 0 9.11543e-7 -1 1.30338e-6 -1.02629e-6 1 -1.30338e-6 1.02629e-6 -1 0.7233209 0.6905121 1.02894e-6 -0.7233209 -0.6905121 -1.02894e-6 -7.56962e-7 -6.39706e-7 -1 5.04641e-7 4.2647e-7 1 -0.7233209 0.6905121 1.02894e-6 0.7233209 -0.690512 -1.02893e-6 0 -1 -1.49012e-6 0 -9.11543e-7 1 0 1.36731e-6 -1 1 4.55755e-7 1.19208e-5 -1 0 0 0 -9.11543e-7 1 0 1.36731e-6 -1 -1 2.27886e-7 0 0 1.36731e-6 -1 -1 2.27886e-7 0 0 -9.11543e-7 1 1 4.55777e-7 -5.96047e-6 0 -9.11543e-7 1 0 9.11543e-7 -1 1 0 1.19209e-5 -1 0 0 0 -9.11543e-7 1 0 9.11543e-7 -1 -1 0 0 0 -9.11543e-7 1 0 9.11543e-7 -1 -1 0 0 0 -9.11543e-7 1 -1 0 0 1 9.11543e-7 0 0 -1.36731e-6 1 1 9.11543e-7 0 0 -9.11543e-7 1 0 9.11543e-7 -1 0 -9.11543e-7 1 -1 -9.11543e-7 0 0 -1 -1.49012e-6 0 -1 -1.49012e-6 0 -1 0 0 -1 0 1.98678e-6 -1 -1.49012e-6 0 -1 0 0 -1 0 0 -1 -1.49012e-6 7.94723e-6 -1 -1.49012e-6 0 -1 4.4703e-6 -7.94714e-6 -1 -1.4901e-6 -7.94717e-6 -1 -7.45054e-6 1 0 -9.11543e-7 1.98681e-6 -1 -1.994e-6 1 0 -9.11543e-7 1.98681e-6 -1 -1.994e-6 -1.98681e-6 1 2.05097e-6 1 0 -9.11543e-7 -1 0 9.11543e-7 -1.98679e-6 1 2.05097e-6 -1 0 6.83657e-7 1.98681e-6 -1 -1.994e-6 0 1 2.05097e-6 1 0 -9.11543e-7 -1 0 9.11543e-7 1 0 -9.11543e-7 2.34606e-6 -1 -1.84736e-6 -2.31351e-6 1 1.82166e-6 0.7233214 -8.23156e-6 0.6905115 -0.7233215 0 -0.6905115 -7.25424e-7 1 -6.1305e-7 2.02874e-6 -1 -7.16299e-7 -0.7233203 0 0.6905126 0.7233201 0 -0.6905128 2.32977e-6 -1 -1.83453e-6 -2.28093e-6 1 1.796e-6 0.7233216 0 0.6905113 -0.7233216 0 -0.6905113 -6.93884e-7 1 -5.86395e-7 2.01299e-6 -1 -7.29641e-7 -0.7233204 -4.31133e-6 0.6905126 0.7233203 0 -0.6905126 2.34606e-6 -1 -1.84736e-6 -2.31347e-6 1 1.8217e-6 0.7233214 0 0.6905114 -0.7233214 0 -0.6905115 -7.25424e-7 1 -6.1305e-7 2.02876e-6 -1 -7.16314e-7 -0.7233203 -4.31133e-6 0.6905127 0.7233204 0 -0.6905125 2.32976e-6 -1 -1.83453e-6 -2.31351e-6 1 1.82166e-6 0.7233214 0 0.6905114 -0.7233215 0 -0.6905115 -7.25411e-7 1 -6.13062e-7 2.01297e-6 -1 -7.29626e-7 -0.7233203 -4.31133e-6 0.6905128 0.7233204 8.23155e-6 -0.6905127 2.34603e-6 -1 -1.84738e-6 -2.31347e-6 1 1.8217e-6 0.7233216 4.31134e-6 0.6905114 -0.7233216 0 -0.6905114 -7.25424e-7 1 -6.1305e-7 2.02872e-6 -1 -7.16278e-7 -0.7233203 0 0.6905127 0.7233206 1.68542e-5 -0.6905124 2.32981e-6 -1 -1.83449e-6 -2.28089e-6 1 1.79604e-6 0.7233216 4.31134e-6 0.6905114 -0.7233216 8.23154e-6 -0.6905114 -6.93871e-7 1 -5.86407e-7 3.3636e-6 -1 -2.01899e-6 -0.7233203 0 0.6905127 0.7233204 1.25429e-5 -0.6905125 2.3461e-6 -1 -1.84732e-6 -2.28089e-6 1 1.79604e-6 0.7233214 0 0.6905114 -0.7233216 8.23153e-6 -0.6905113 -6.93871e-7 1 -5.86407e-7 3.37937e-6 -1 -2.00567e-6 -0.7233202 0 0.6905127 0.7233204 8.23156e-6 -0.6905126 -0.7233202 0 0.6905128 -7.25424e-7 1 -6.1305e-7 2.02874e-6 -1 -7.16299e-7 0.7233202 0 -0.6905127 0.7233214 0 0.6905114 2.3461e-6 -1 -1.84732e-6 -2.31347e-6 1 1.8217e-6 -0.7233216 8.23154e-6 -0.6905113 -0.7233209 0 0.6905121 -6.93869e-7 1 -5.8641e-7 2.01293e-6 -1 -7.29583e-7 0.7233207 0 -0.6905124 0.7233218 0 0.6905111 2.32981e-6 -1 -1.83449e-6 -2.28093e-6 1 1.796e-6 -0.7233221 8.23153e-6 -0.6905108 -0.7233202 0 0.6905128 -7.25408e-7 1 -6.13065e-7 2.04447e-6 -1 -7.0293e-7 0.7233201 0 -0.6905128 0.7233214 0 0.6905115 3.78301e-6 -1 -4.75586e-7 -2.31346e-6 1 1.82171e-6 -0.7233214 8.23154e-6 -0.6905115 -0.7233202 0 0.6905128 -7.25395e-7 1 -6.13077e-7 2.0287e-6 -1 -7.16257e-7 0.7233204 8.23155e-6 -0.6905127 0.7233214 -8.23155e-6 0.6905114 3.76671e-6 -1 -4.62767e-7 -2.31346e-6 1 1.82171e-6 -0.7233214 0 -0.6905115 1 0 -9.11543e-7 1 0 -9.11543e-7 -1.98681e-6 1 2.05097e-6 -1.98678e-6 1 2.05097e-6 -1 0 9.11543e-7 -1 0 9.11543e-7 1 0 -9.11543e-7 -1.98678e-6 1 2.05097e-6 2.32981e-6 -1 -1.83449e-6 -2.31347e-6 1 1.8217e-6 0.7233214 0 0.6905114 -0.7233216 8.23154e-6 -0.6905112 -7.25424e-7 1 -6.1305e-7 2.01297e-6 -1 -7.29626e-7 -0.7233203 0 0.6905128 0.7233202 0 -0.6905127 0 0 -1 1.98681e-6 -1 -1.994e-6 -1.98681e-6 1 2.22189e-6 1 -1.19209e-5 -4.55798e-7 -1 0 9.11543e-7 2.98016e-6 -1 -1.994e-6 -1.98681e-6 1 2.22189e-6 -1 0 1.13943e-6 -1.98681e-6 1 2.27886e-6 -1 0 1.13943e-6 1.98679e-6 -1 -1.994e-6 1 5.96048e-6 -6.83646e-7 1.98687e-6 -1 -1.994e-6 -1.98684e-6 1 2.10794e-6 1 -1.19209e-5 -9.11567e-7 -1 -1.1921e-5 9.11518e-7 1.98681e-6 -1 -1.994e-6 -1.98681e-6 1 2.05097e-6 -1 0 9.11543e-7 1.98681e-6 -1 -1.994e-6 -1.98681e-6 1 2.05097e-6 -1 0 9.11543e-7 1.98681e-6 -1 -1.994e-6 -1 0 9.11543e-7 1 0 -9.11543e-7 1.98678e-6 -1 -1.994e-6 1 0 -9.11543e-7 9.93388e-7 -1 -1.96552e-6 -1.98678e-6 1 2.05097e-6 2.98016e-6 -1 -1.994e-6 -1 0 9.11543e-7 0 0 -1 0 0 -1 0 0 -1 0 0 -1 0 0 -1 0 0 -1 0 0 -1 0 0 -1 0 0 -1 0 0 -1 -1.58943e-5 0 -1 -1.58943e-5 1.19208e-5 -1 1 1.82309e-6 0 0 2.73463e-6 -1 1 1.82309e-6 0 0 2.73463e-6 -1 0 -2.73463e-6 1 1 1.82307e-6 5.96048e-6 -1 -1.82309e-6 0 0 -2.73463e-6 1 -1 -2.05096e-6 -5.96048e-6 0 2.73463e-6 -1 0 -2.73463e-6 1 1 1.82309e-6 0 -1 -1.82309e-6 0 1 1.82309e-6 0 2.34609e-6 1.84733e-6 -1 -2.34609e-6 -1.84733e-6 1 0.7233222 -0.6905107 -3.08683e-6 -0.7233222 0.6905107 3.08683e-6 5.04641e-7 -4.2647e-7 1 -5.04641e-7 4.2647e-7 -1 -0.7233195 -0.6905135 -3.08684e-6 0.7233195 0.6905135 3.08684e-6 2.34609e-6 1.84733e-6 -1 -2.34609e-6 -1.84733e-6 1 0.7233224 -0.6905104 -3.08683e-6 -0.7233224 0.6905104 3.08683e-6 5.04642e-7 -4.26471e-7 1 -5.04642e-7 4.26471e-7 -1 -0.7233198 -0.6905133 -3.08684e-6 0.7233198 0.6905133 3.08684e-6 2.34609e-6 1.84733e-6 -1 -2.34609e-6 -1.84733e-6 1 0.7233222 -0.6905107 -3.08683e-6 -0.7233222 0.6905107 3.08683e-6 5.04641e-7 -4.2647e-7 1 -5.04647e-7 4.26465e-7 -1 -0.7233195 -0.6905135 -3.08684e-6 0.7233195 0.6905135 3.08684e-6 2.34609e-6 1.84733e-6 -1 -2.34609e-6 -1.84733e-6 1 0.7233223 -0.6905105 -3.08683e-6 -0.7233223 0.6905105 3.08683e-6 5.04642e-7 -4.2647e-7 1 -5.04647e-7 4.26465e-7 -1 -0.7233195 -0.6905135 -3.08684e-6 0.7233196 0.6905134 3.08684e-6 2.34609e-6 1.84733e-6 -1 -2.34606e-6 -1.84735e-6 1 0.7233223 -0.6905105 -3.08683e-6 -0.7233223 0.6905106 -1.22451e-6 5.04641e-7 -4.2647e-7 1 -5.04641e-7 4.2647e-7 -1 -0.7233195 -0.6905135 -3.08684e-6 0.7233195 0.6905135 3.08684e-6 2.34609e-6 1.84733e-6 -1 -2.34609e-6 -1.84733e-6 1 0.7233223 -0.6905106 -3.08683e-6 -0.7233223 0.6905106 3.08683e-6 5.04647e-7 -4.26465e-7 1 -5.04641e-7 4.2647e-7 -1 -0.7233195 -0.6905135 -3.08684e-6 0.7233196 0.6905134 7.39816e-6 2.34609e-6 1.84733e-6 -1 -2.34609e-6 -1.84733e-6 1 0.7233223 -0.6905105 -3.08683e-6 -0.7233223 0.6905105 3.08683e-6 -2.11054e-5 -2.10564e-5 1 -5.04642e-7 4.26471e-7 -1 -0.7233198 -0.6905133 -3.08684e-6 0.7233197 0.6905133 3.0868e-6 -0.7233195 -0.6905135 -3.08684e-6 5.04641e-7 -4.2647e-7 1 -5.04641e-7 4.2647e-7 -1 0.7233195 0.6905135 3.08684e-6 0.7233222 -0.6905107 -3.08683e-6 2.34609e-6 1.84733e-6 -1 -2.34609e-6 -1.84733e-6 1 -0.7233222 0.6905107 3.08683e-6 -0.7233201 -0.690513 -3.08684e-6 5.04631e-7 -4.26481e-7 1 -5.04631e-7 4.26481e-7 -1 0.7233199 0.6905131 3.08684e-6 0.7233228 -0.6905102 -3.08682e-6 2.34609e-6 1.84733e-6 -1 -2.34609e-6 -1.84733e-6 1 -0.7233229 0.69051 3.08682e-6 -0.7233192 -0.6905138 -3.08684e-6 5.0463e-7 -4.26481e-7 1 -5.0463e-7 4.26481e-7 -1 0.7233192 0.6905138 3.08684e-6 0.7233226 -0.6905104 -3.08683e-6 2.34604e-6 1.84738e-6 -1 -2.34604e-6 -1.84738e-6 1 -0.7233226 0.6905104 3.08683e-6 -0.7233192 -0.6905138 -3.08684e-6 5.0463e-7 -4.26481e-7 1 -5.0463e-7 4.26481e-7 -1 0.7233192 0.6905138 3.08684e-6 0.7233226 -0.6905104 -3.08683e-6 2.34604e-6 1.84738e-6 -1 -2.34604e-6 -1.84738e-6 1 -0.7233226 0.6905104 3.08683e-6 1 1.82309e-6 0 1 1.82309e-6 0 0 -3.1904e-6 1 0 -3.1904e-6 1 -1 -2.73463e-6 0 -1 -2.73463e-6 0 1 2.73463e-6 0 0 -3.1904e-6 1 2.34609e-6 1.84733e-6 -1 -2.34609e-6 -1.84733e-6 1 0.7233222 -0.6905107 -3.08683e-6 -0.7233222 0.6905107 3.08683e-6 5.04641e-7 -4.2647e-7 1 -5.04641e-7 4.2647e-7 -1 -0.7233195 -0.6905135 -3.08684e-6 0.7233195 0.6905135 3.08684e-6 -1.98681e-6 1 4.47034e-6 0 2.73463e-6 -1 0 -3.1904e-6 1 1 1.36735e-6 -1.19209e-5 -1 -1.82309e-6 0 0 2.73463e-6 -1 -1.58945e-5 -3.19043e-6 1 -1 -2.05097e-6 0 0 -3.64617e-6 1 -1 -2.05097e-6 0 0 2.73463e-6 -1 1 1.82309e-6 0 0 2.73463e-6 -1 0 -2.73463e-6 1 1 1.82312e-6 -1.19208e-5 -1 -2.27886e-6 0 0 2.73463e-6 -1 0 -3.1904e-6 1 -1 -1.82309e-6 0 0 2.73463e-6 -1 0 -3.1904e-6 1 -1 -1.82309e-6 0 0 2.73463e-6 -1 -1 -1.82309e-6 0 1 2.73463e-6 0 1.58942e-5 2.73467e-6 -1 1 2.73463e-6 0 1.58942e-5 2.73467e-6 -1 0 -3.1904e-6 1 0 3.1904e-6 -1 -1 -2.73463e-6 0 -1.98679e-6 1 4.47035e-6 0 1 4.47035e-6 -1.98685e-6 1 2.98022e-6 -1.98678e-6 1 2.98023e-6 0 1 4.47035e-6 -1.98678e-6 1 4.47035e-6 -1.98681e-6 1 2.98024e-6 -1.98681e-6 1 4.47035e-6 5.96042e-6 1 4.47035e-6 -1.98678e-6 1 -1.49009e-6 -9.93396e-6 1 4.47035e-6 -9.93379e-6 1 1.04306e-5 -0.707107 0.7071067 0 0.707107 -0.7071067 0 0 0 1 0 0 -1 -0.7071059 -0.7071076 0 0.7071059 0.7071077 0 0 0 1 0 0 -1 0.7071081 -0.7071053 0 -0.7071082 0.7071053 0 0 0 1 0 0 -1 0.7071048 0.7071087 0 -0.7071046 -0.7071089 0 0 0 1 0 0 -1 -0.7071095 0.707104 0 0.7071095 -0.707104 0 0 0 1 0 0 -1 -0.7071036 -0.7071101 0 0.7071033 0.7071102 0 0 0 1 0 0 -1 0.7071106 -0.707103 0 -0.7071107 0.707103 0 0 0 1 0 0 -1 0.7071022 0.7071112 0 -0.7071021 -0.7071115 0 0 0 1 0 0 -1 0 1 0 0 -1 0 0 0 1 0 0 -1 0 1 0 0 -1 0 0 0 1 0 0 -1 0 1 0 0 -1 0 0 0 1 0 0 -1 0 1 0 0 -1 0 0 0 1 0 0 -1 0 1 0 0 -1 0 0 0 1 0 0 -1 0 1 0 0 -1 0 0 0 1 0 0 -1 0 1 0 0 -1 0 0 0 1 0 0 -1 0 1 0 0 -1 0 0 0 1 0 0 -1 0 1 0 0 -1 0 0.7179625 0 0.6960819 -0.7179624 0 -0.6960819 -7.48754e-7 -1 -8.20049e-7 7.19956e-7 1 7.88509e-7 0.7179622 0 -0.696082 -0.7179624 0 0.6960819 0 1 0 0 -1 0 0.7179625 0 0.6960819 -0.7179624 0 -0.6960819 -7.48754e-7 -1 -8.20049e-7 7.19956e-7 1 7.88509e-7 0.7179622 0 -0.696082 -0.7179624 0 0.6960819 0 1 0 0 -1 0 0.7179625 0 0.6960819 -0.7179624 0 -0.6960819 -7.48754e-7 -1 -8.20049e-7 7.19956e-7 1 7.88509e-7 0.7179622 0 -0.696082 -0.7179624 0 0.6960819 0 1 0 0 -1 0 0.7179625 0 0.6960819 -0.7179624 0 -0.6960819 -7.48754e-7 -1 -8.20049e-7 7.19956e-7 1 7.88509e-7 0.7179622 0 -0.696082 -0.7179624 0 0.6960819 0 1 0 0 -1 0 0.7179625 0 0.6960819 -0.7179624 0 -0.6960819 -7.48754e-7 -1 -8.20049e-7 7.19956e-7 1 7.88509e-7 0.7179622 0 -0.696082 -0.7179624 0 0.6960819 0 1 0 0 -1 0 0.7179625 0 0.6960819 -0.7179624 0 -0.6960819 -7.48754e-7 -1 -8.20049e-7 7.19956e-7 1 7.88509e-7 0.7179622 0 -0.696082 -0.7179624 0 0.6960819 0 1 0 0 -1 0 0.7179625 0 0.6960819 -0.7179624 0 -0.6960819 -7.48754e-7 -1 -8.20049e-7 7.19956e-7 1 7.88509e-7 0.7179622 0 -0.696082 -0.7179624 0 0.6960819 -1 -9.84869e-7 0 1 9.84869e-7 0 0 0 1 0 0 -1 -1 -9.84869e-7 0 1 9.84869e-7 0 0 0 1 0 0 -1 -1 -9.84869e-7 0 1 9.84869e-7 0 0 0 1 0 0 -1 -1 -9.84869e-7 0 1 9.84869e-7 0 0 0 1 0 0 -1 -1 -9.84869e-7 0 1 9.84869e-7 0 0 0 1 0 0 -1 -1 -9.84869e-7 0 1 9.84869e-7 0 0 0 1 0 0 -1 -1 -9.84869e-7 0 1 9.84869e-7 0 0 0 1 0 0 -1 -1 -9.84869e-7 0 1 9.84869e-7 0 0 0 1 0 0 -1 -1 -4.4354e-7 5.21352e-7 1 4.43539e-7 -5.21354e-7 0 0.7179624 0.6960819 0 -0.7179624 -0.6960819 1 -4.60777e-7 -5.04641e-7 -1 2.30388e-7 2.52321e-7 0 0.7179623 -0.6960819 1.06985e-6 -0.7179624 0.6960819 -1 -4.4354e-7 5.21352e-7 1 4.43539e-7 -5.21354e-7 0 0.7179624 0.6960819 0 -0.7179624 -0.6960819 1 -4.60777e-7 -5.04641e-7 -1 2.30388e-7 2.52321e-7 0 0.7179623 -0.6960819 1.06985e-6 -0.7179624 0.6960819 -1 -4.4354e-7 5.21352e-7 1 4.43539e-7 -5.21354e-7 0 0.7179624 0.6960819 0 -0.7179624 -0.6960819 1 -4.60777e-7 -5.04641e-7 -1 2.30388e-7 2.52321e-7 0 0.7179623 -0.6960819 1.06985e-6 -0.7179624 0.6960819 -1 -4.4354e-7 5.21352e-7 1 4.43539e-7 -5.21354e-7 0 0.7179624 0.6960819 0 -0.7179624 -0.6960819 1 -4.60777e-7 -5.04641e-7 -1 2.30388e-7 2.52321e-7 0 0.7179623 -0.6960819 1.06985e-6 -0.7179624 0.6960819 -1 -4.4354e-7 5.21352e-7 1 4.43539e-7 -5.21354e-7 0 0.7179624 0.6960819 0 -0.7179624 -0.6960819 1 -4.60777e-7 -5.04641e-7 -1 2.30388e-7 2.52321e-7 0 0.7179623 -0.6960819 1.06985e-6 -0.7179624 0.6960819 -1 -4.4354e-7 5.21352e-7 1 4.43539e-7 -5.21354e-7 0 0.7179624 0.6960819 0 -0.7179624 -0.6960819 1 -4.60777e-7 -5.04641e-7 -1 2.30388e-7 2.52321e-7 0 0.7179623 -0.6960819 1.06985e-6 -0.7179624 0.6960819 -1 -4.4354e-7 5.21352e-7 1 4.43539e-7 -5.21354e-7 0 0.7179624 0.6960819 0 -0.7179624 -0.6960819 1 -4.60777e-7 -5.04641e-7 -1 2.30388e-7 2.52321e-7 0 0.7179623 -0.6960819 1.06985e-6 -0.7179624 0.6960819 1.78507e-6 -1 0 -1.72352e-6 1 0 0 0 1 0 0 -1 1.78507e-6 -1 0 -1.72352e-6 1 0 0 0 1 0 0 -1 1.78507e-6 -1 0 -1.72352e-6 1 0 0 0 1 0 0 -1 1.78507e-6 -1 0 -1.72352e-6 1 0 0 0 1 0 0 -1 1.78507e-6 -1 0 -1.72352e-6 1 0 0 0 1 0 0 -1 1.78507e-6 -1 0 -1.72352e-6 1 0 0 0 1 0 0 -1 1.78507e-6 -1 0 -1.72352e-6 1 0 0 0 1 0 0 -1 1.78507e-6 -1 0 -1.72352e-6 1 0 0 0 1 0 0 -1 8.59356e-7 -1 1.01012e-6 -8.31635e-7 1 -9.77538e-7 -0.7179624 0 0.6960819 0.7179625 0 -0.6960819 0 1 0 2.90141e-6 -1 2.57514e-6 -0.7179624 0 -0.6960819 0.7179625 0 0.6960819 8.59356e-7 -1 1.01012e-6 -8.31635e-7 1 -9.77538e-7 -0.7179624 0 0.6960819 0.7179625 0 -0.6960819 0 1 0 2.90141e-6 -1 2.57514e-6 -0.7179624 0 -0.6960819 0.7179625 0 0.6960819 8.59356e-7 -1 1.01012e-6 -8.31635e-7 1 -9.77538e-7 -0.7179624 0 0.6960819 0.7179625 0 -0.6960819 0 1 0 2.90141e-6 -1 2.57514e-6 -0.7179624 0 -0.6960819 0.7179625 0 0.6960819 8.59356e-7 -1 1.01012e-6 -8.31635e-7 1 -9.77538e-7 -0.7179624 0 0.6960819 0.7179625 0 -0.6960819 0 1 0 2.90141e-6 -1 2.57514e-6 -0.7179624 0 -0.6960819 0.7179625 0 0.6960819 8.59356e-7 -1 1.01012e-6 -8.31635e-7 1 -9.77538e-7 -0.7179624 0 0.6960819 0.7179625 0 -0.6960819 0 1 0 2.90141e-6 -1 2.57514e-6 -0.7179624 0 -0.6960819 0.7179625 0 0.6960819 8.59356e-7 -1 1.01012e-6 -8.31635e-7 1 -9.77538e-7 -0.7179624 0 0.6960819 0.7179625 0 -0.6960819 0 1 0 2.90141e-6 -1 2.57514e-6 -0.7179624 0 -0.6960819 0.7179625 0 0.6960819 8.59356e-7 -1 1.01012e-6 -8.31635e-7 1 -9.77538e-7 -0.7179624 0 0.6960819 0.7179625 0 -0.6960819 0 1 0 2.90141e-6 -1 2.57514e-6 -0.7179624 0 -0.6960819 0.7179625 0 0.6960819 1 2.95461e-6 0 -1 -2.95461e-6 0 0 0 1 0 0 -1 1 2.95461e-6 0 -1 -2.95461e-6 0 0 0 1 0 0 -1 1 2.95461e-6 0 -1 -2.95461e-6 0 0 0 1 0 0 -1 1 2.95461e-6 0 -1 -2.95461e-6 0 0 0 1 0 0 -1 1 2.95461e-6 0 -1 -2.95461e-6 0 0 0 1 0 0 -1 1 2.95461e-6 0 -1 -2.95461e-6 0 0 0 1 0 0 -1 1 2.95461e-6 0 -1 -2.95461e-6 0 0 0 1 0 0 -1 1 2.95461e-6 0 -1 -2.95461e-6 0 0 0 1 0 0 -1 1 1.10885e-6 1.30338e-6 -1 -1.10885e-6 -1.30338e-6 2.1397e-6 -0.7179624 0.6960819 -2.1397e-6 0.7179624 -0.6960819 -1 -4.60776e-7 5.04642e-7 1 4.60777e-7 -5.04641e-7 2.1397e-6 -0.7179624 -0.6960819 -1.06985e-6 0.7179624 0.6960819 1 1.10885e-6 1.30338e-6 -1 -1.10885e-6 -1.30338e-6 2.1397e-6 -0.7179624 0.6960819 -2.1397e-6 0.7179624 -0.6960819 -1 -4.60776e-7 5.04642e-7 1 4.60777e-7 -5.04641e-7 2.1397e-6 -0.7179624 -0.6960819 -1.06985e-6 0.7179624 0.6960819 1 1.10885e-6 1.30338e-6 -1 -1.10885e-6 -1.30338e-6 2.1397e-6 -0.7179624 0.6960819 -2.1397e-6 0.7179624 -0.6960819 -1 -4.60776e-7 5.04642e-7 1 4.60777e-7 -5.04641e-7 2.1397e-6 -0.7179624 -0.6960819 -1.06985e-6 0.7179624 0.6960819 1 1.10885e-6 1.30338e-6 -1 -1.10885e-6 -1.30338e-6 2.1397e-6 -0.7179624 0.6960819 -2.1397e-6 0.7179624 -0.6960819 -1 -4.60776e-7 5.04642e-7 1 4.60777e-7 -5.04641e-7 2.1397e-6 -0.7179624 -0.6960819 -1.06985e-6 0.7179624 0.6960819 1 1.10885e-6 1.30338e-6 -1 -1.10885e-6 -1.30338e-6 2.1397e-6 -0.7179624 0.6960819 -2.1397e-6 0.7179624 -0.6960819 -1 -4.60776e-7 5.04642e-7 1 4.60777e-7 -5.04641e-7 2.1397e-6 -0.7179624 -0.6960819 -1.06985e-6 0.7179624 0.6960819 1 1.10885e-6 1.30338e-6 -1 -1.10885e-6 -1.30338e-6 2.1397e-6 -0.7179624 0.6960819 -2.1397e-6 0.7179624 -0.6960819 -1 -4.60776e-7 5.04642e-7 1 4.60777e-7 -5.04641e-7 2.1397e-6 -0.7179624 -0.6960819 -1.06985e-6 0.7179624 0.6960819 1 1.10885e-6 1.30338e-6 -1 -1.10885e-6 -1.30338e-6 2.1397e-6 -0.7179624 0.6960819 -2.1397e-6 0.7179624 -0.6960819 -1 -4.60776e-7 5.04642e-7 1 4.60777e-7 -5.04641e-7 2.1397e-6 -0.7179624 -0.6960819 -1.06985e-6 0.7179624 0.6960819 0 1 1.56363e-6 0 0 1 1 0 0 0 0 -1 -1 0 0 0 -1 -1.56363e-6 0 0 1 0 0 -1 0 -1 -1.21638e-6 0 1 1.21638e-6 0 0 1 0 0 -1 0 -1 -1.21638e-6 0 1 1.21638e-6 -0.7071033 0.7071104 0 0 0 1 0 0 1 0 0 1 0 0 1 0 0 1 -0.4789021 0.4789044 0.7357332 0 0.790453 0.6125229 0.478902 0.4789044 0.7357332 0.7904549 0 0.6125202 0.4789021 -0.4789044 0.7357332 0 -0.790453 0.6125229 -0.478902 -0.4789044 0.7357332 -0.7904549 0 0.6125202 0 1 0 0.7071033 0.7071104 0 1 0 0 -1 0 0 -0.7071033 -0.7071104 0 0 -1 0 0.7071033 -0.7071104 0 0 0 1 0 0 -1 0 -1 -1.21638e-6 0 1 1.21638e-6 0 0 1 0 0 -1 0 -1 -1.21638e-6 0 1 1.21638e-6 0.7071033 0.7071104 0 0 0 1 0 0 1 0 0 1 0 0 1 0 0 1 0.4789017 0.4789065 0.7357321 0 0.790453 0.6125229 -0.4789021 0.4789044 0.7357332 -0.7904549 0 0.6125202 -0.4789017 -0.4789065 0.7357321 0 -0.790453 0.6125229 0.4789021 -0.4789044 0.7357332 0.7904549 0 0.6125202 0 1 0 -0.7071033 0.7071104 0 -1 0 0 1 0 0 0.7071033 -0.7071104 0 0 -1 0 -0.7071033 -0.7071104 0 0 1 0 0 -1 0 0 0 1 0 0 -1 0 1 0 0 -1 0 0 0 1 0 0 -1 0 1 0 0 -1 0 0 0 1 0 0 -1 0 1 0 0 -1 0 0 0 1 0 0 -1 0 1 0 0 -1 0 0 0 1 0 0 -1 0 1 0 0 -1 0 0 0 1 0 0 -1 0 1 0 0 -1 0 0 0 1 0 0 -1 0 1 0 0 -1 0 0 0 1 0 0 -1 0 1 0 0 -1 0 0.7179624 0 0.6960819 -0.7179625 0 -0.6960819 -7.48771e-7 -1 -8.20033e-7 -2.09504e-6 1 3.45825e-6 0.7179622 0 -0.6960821 -0.7179624 0 0.6960819 0 1 0 0 -1 0 0.7179624 0 0.6960819 -0.7179625 0 -0.6960819 -7.48771e-7 -1 -8.20033e-7 -2.09504e-6 1 3.45825e-6 0.7179622 0 -0.6960821 -0.7179624 0 0.6960819 0 1 0 0 -1 0 0.7179624 0 0.6960819 -0.7179625 0 -0.6960819 -7.48771e-7 -1 -8.20033e-7 -2.09504e-6 1 3.45825e-6 0.7179622 0 -0.6960821 -0.7179624 0 0.6960819 0 1 0 0 -1 0 0.7179624 0 0.6960819 -0.7179625 0 -0.6960819 -7.48771e-7 -1 -8.20033e-7 -2.09504e-6 1 3.45825e-6 0.7179622 0 -0.6960821 -0.7179624 0 0.6960819 0 1 0 0 -1 0 0.7179624 0 0.6960819 -0.7179625 0 -0.6960819 -7.48771e-7 -1 -8.20033e-7 -2.09504e-6 1 3.45825e-6 0.7179622 0 -0.6960821 -0.7179624 0 0.6960819 0 1 0 0 -1 0 0.7179624 0 0.6960819 -0.7179625 0 -0.6960819 -7.48771e-7 -1 -8.20033e-7 -2.09504e-6 1 3.45825e-6 0.7179622 0 -0.6960821 -0.7179624 0 0.6960819 0 1 0 0 -1 0 0.7179624 0 0.6960819 -0.7179625 0 -0.6960819 -7.48771e-7 -1 -8.20033e-7 -2.09504e-6 1 3.45825e-6 0.7179622 0 -0.6960821 -0.7179624 0 0.6960819 -1 -9.84869e-7 0 1 9.84869e-7 0 0 0 1 0 0 -1 -1 -9.84869e-7 0 1 9.84869e-7 0 0 0 1 0 0 -1 -1 -9.84869e-7 0 1 9.84869e-7 0 0 0 1 0 0 -1 -1 -9.84869e-7 0 1 9.84869e-7 0 0 0 1 0 0 -1 -1 -9.84869e-7 0 1 9.84869e-7 0 0 0 1 0 0 -1 -1 -9.84869e-7 0 1 9.84869e-7 0 0 0 1 0 0 -1 -1 -9.84869e-7 0 1 9.84869e-7 0 0 0 1 0 0 -1 -1 -9.84869e-7 0 1 9.84869e-7 0 0 0 1 0 0 -1 -1 -4.43539e-7 5.21354e-7 1 4.4354e-7 -5.21353e-7 -1.06727e-6 0.7179625 0.6960819 1.06985e-6 -0.7179624 -0.6960819 1 -4.60777e-7 -5.04641e-7 -1 2.30388e-7 2.52321e-7 0 0.7179625 -0.6960819 1.06986e-6 -0.7179623 0.6960819 -1 -4.43539e-7 5.21354e-7 1 4.4354e-7 -5.21353e-7 -1.06727e-6 0.7179625 0.6960819 1.06985e-6 -0.7179624 -0.6960819 1 -4.60777e-7 -5.04641e-7 -1 2.30388e-7 2.52321e-7 0 0.7179625 -0.6960819 1.06986e-6 -0.7179623 0.6960819 -1 -4.43539e-7 5.21354e-7 1 4.4354e-7 -5.21353e-7 -1.06727e-6 0.7179625 0.6960819 1.06985e-6 -0.7179624 -0.6960819 1 -4.60777e-7 -5.04641e-7 -1 2.30388e-7 2.52321e-7 0 0.7179625 -0.6960819 1.06986e-6 -0.7179623 0.6960819 -1 -4.43539e-7 5.21354e-7 1 4.4354e-7 -5.21353e-7 -1.06727e-6 0.7179625 0.6960819 1.06985e-6 -0.7179624 -0.6960819 1 -4.60777e-7 -5.04641e-7 -1 2.30388e-7 2.52321e-7 0 0.7179625 -0.6960819 1.06986e-6 -0.7179623 0.6960819 -1 -4.43539e-7 5.21354e-7 1 4.4354e-7 -5.21353e-7 -1.06727e-6 0.7179625 0.6960819 1.06985e-6 -0.7179624 -0.6960819 1 -4.60777e-7 -5.04641e-7 -1 2.30388e-7 2.52321e-7 0 0.7179625 -0.6960819 1.06986e-6 -0.7179623 0.6960819 -1 -4.43539e-7 5.21354e-7 1 4.4354e-7 -5.21353e-7 -1.06727e-6 0.7179625 0.6960819 1.06985e-6 -0.7179624 -0.6960819 1 -4.60777e-7 -5.04641e-7 -1 2.30388e-7 2.52321e-7 0 0.7179625 -0.6960819 1.06986e-6 -0.7179623 0.6960819 -1 -4.43539e-7 5.21354e-7 1 4.4354e-7 -5.21353e-7 -1.06727e-6 0.7179625 0.6960819 1.06985e-6 -0.7179624 -0.6960819 1 -4.60777e-7 -5.04641e-7 -1 2.30388e-7 2.52321e-7 0 0.7179625 -0.6960819 1.06986e-6 -0.7179623 0.6960819 1.78507e-6 -1 0 -1.72352e-6 1 0 0 0 1 0 0 -1 1.78507e-6 -1 0 -1.72352e-6 1 0 0 0 1 0 0 -1 1.78507e-6 -1 0 -1.72352e-6 1 0 0 0 1 0 0 -1 1.78507e-6 -1 0 -1.72352e-6 1 0 0 0 1 0 0 -1 1.78507e-6 -1 0 -1.72352e-6 1 0 0 0 1 0 0 -1 1.78507e-6 -1 0 -1.72352e-6 1 0 0 0 1 0 0 -1 1.78507e-6 -1 0 -1.72352e-6 1 0 0 0 1 0 0 -1 1.78507e-6 -1 0 -1.72352e-6 1 0 0 0 1 0 0 -1 8.59356e-7 -1 1.01012e-6 -8.31633e-7 1 -9.77539e-7 -0.7179625 0 0.6960819 0.7179624 0 -0.6960819 0 1 0 0 -1 0 -0.7179624 0 -0.6960819 0.7179624 0 0.6960819 8.59356e-7 -1 1.01012e-6 -8.31633e-7 1 -9.77539e-7 -0.7179625 0 0.6960819 0.7179624 0 -0.6960819 0 1 0 0 -1 0 -0.7179624 0 -0.6960819 0.7179624 0 0.6960819 8.59356e-7 -1 1.01012e-6 -8.31633e-7 1 -9.77539e-7 -0.7179625 0 0.6960819 0.7179624 0 -0.6960819 0 1 0 0 -1 0 -0.7179624 0 -0.6960819 0.7179624 0 0.6960819 8.59356e-7 -1 1.01012e-6 -8.31633e-7 1 -9.77539e-7 -0.7179625 0 0.6960819 0.7179624 0 -0.6960819 0 1 0 0 -1 0 -0.7179624 0 -0.6960819 0.7179624 0 0.6960819 8.59356e-7 -1 1.01012e-6 -8.31633e-7 1 -9.77539e-7 -0.7179625 0 0.6960819 0.7179624 0 -0.6960819 0 1 0 0 -1 0 -0.7179624 0 -0.6960819 0.7179624 0 0.6960819 8.59356e-7 -1 1.01012e-6 -8.31633e-7 1 -9.77539e-7 -0.7179625 0 0.6960819 0.7179624 0 -0.6960819 0 1 0 0 -1 0 -0.7179624 0 -0.6960819 0.7179624 0 0.6960819 8.59356e-7 -1 1.01012e-6 -8.31633e-7 1 -9.77539e-7 -0.7179625 0 0.6960819 0.7179624 0 -0.6960819 0 1 0 0 -1 0 -0.7179624 0 -0.6960819 0.7179624 0 0.6960819 1 2.95461e-6 0 -1 -2.95461e-6 0 0 0 1 0 0 -1 1 2.95461e-6 0 -1 -2.95461e-6 0 0 0 1 0 0 -1 1 2.95461e-6 0 -1 -2.95461e-6 0 0 0 1 0 0 -1 1 2.95461e-6 0 -1 -2.95461e-6 0 0 0 1 0 0 -1 1 2.95461e-6 0 -1 -2.95461e-6 0 0 0 1 0 0 -1 1 2.95461e-6 0 -1 -2.95461e-6 0 0 0 1 0 0 -1 1 2.95461e-6 0 -1 -2.95461e-6 0 0 0 1 0 0 -1 1 2.95461e-6 0 -1 -2.95461e-6 0 0 0 1 0 0 -1 1 1.10885e-6 1.30338e-6 -1 -1.10885e-6 -1.30339e-6 1.06727e-6 -0.7179624 0.6960819 -1.06985e-6 0.7179624 -0.6960819 -1 -4.60776e-7 5.04642e-7 1 4.60777e-7 -5.0464e-7 2.13454e-6 -0.7179624 -0.6960819 -1.06985e-6 0.7179624 0.6960819 1 1.10885e-6 1.30338e-6 -1 -1.10885e-6 -1.30339e-6 1.06727e-6 -0.7179624 0.6960819 -1.06985e-6 0.7179624 -0.6960819 -1 -4.60776e-7 5.04642e-7 1 4.60777e-7 -5.0464e-7 2.13454e-6 -0.7179624 -0.6960819 -1.06985e-6 0.7179624 0.6960819 1 1.10885e-6 1.30338e-6 -1 -1.10885e-6 -1.30339e-6 1.06727e-6 -0.7179624 0.6960819 -1.06985e-6 0.7179624 -0.6960819 -1 -4.60776e-7 5.04642e-7 1 4.60777e-7 -5.0464e-7 2.13454e-6 -0.7179624 -0.6960819 -1.06985e-6 0.7179624 0.6960819 1 1.10885e-6 1.30338e-6 -1 -1.10885e-6 -1.30339e-6 1.06727e-6 -0.7179624 0.6960819 -1.06985e-6 0.7179624 -0.6960819 -1 -4.60776e-7 5.04642e-7 1 4.60777e-7 -5.0464e-7 2.13454e-6 -0.7179624 -0.6960819 -1.06985e-6 0.7179624 0.6960819 1 1.10885e-6 1.30338e-6 -1 -1.10885e-6 -1.30339e-6 1.06727e-6 -0.7179624 0.6960819 -1.06985e-6 0.7179624 -0.6960819 -1 -4.60776e-7 5.04642e-7 1 4.60777e-7 -5.0464e-7 2.13454e-6 -0.7179624 -0.6960819 -1.06985e-6 0.7179624 0.6960819 1 1.10885e-6 1.30338e-6 -1 -1.10885e-6 -1.30339e-6 1.06727e-6 -0.7179624 0.6960819 -1.06985e-6 0.7179624 -0.6960819 -1 -4.60776e-7 5.04642e-7 1 4.60777e-7 -5.0464e-7 2.13454e-6 -0.7179624 -0.6960819 -1.06985e-6 0.7179624 0.6960819 1 1.10885e-6 1.30338e-6 -1 -1.10885e-6 -1.30339e-6 1.06727e-6 -0.7179624 0.6960819 -1.06985e-6 0.7179624 -0.6960819 -1 -4.60776e-7 5.04642e-7 1 4.60777e-7 -5.0464e-7 2.13454e-6 -0.7179624 -0.6960819 -1.06985e-6 0.7179624 0.6960819 -0.707107 0.7071067 0 0.707107 -0.7071067 0 0 0 1 0 0 -1 -0.7071059 -0.7071076 0 0.7071059 0.7071077 0 0 0 1 0 0 -1 0.7071081 -0.7071053 0 -0.7071082 0.7071053 0 0 0 1 0 0 -1 0.7071048 0.7071087 0 -0.7071046 -0.7071089 0 0 0 1 0 0 -1 -0.7071095 0.707104 0 0.7071095 -0.707104 0 0 0 1 0 0 -1 -0.7071036 -0.7071101 0 0.7071033 0.7071102 0 0 0 1 0 0 -1 0.7071106 -0.707103 0 -0.7071107 0.707103 0 0 0 1 0 0 -1 0.7071022 0.7071112 0 -0.7071021 -0.7071115 0 0 0 1 0 0 -1 1 0 9.11543e-7 0 1 0 1 0 9.11543e-7 0 1 0 0 -1 0 1 0 6.83658e-7 -1 -5.96047e-6 -6.83658e-7 0 -1 0 -1 0 -9.11543e-7 0 1 0 0 -1 0 1 0 9.11543e-7 -1 0 -9.11543e-7 1 0 9.11543e-7 0 1 0 0 -1 0 0.7233214 0 -0.6905115 -0.7233215 0 0.6905115 -7.5695e-7 -1 6.39717e-7 2.04452e-6 1 7.02988e-7 -0.7233204 0 -0.6905126 0.7233203 0 0.6905128 0 1 0 0 -1 0 0.7233214 0 -0.6905115 -0.7233214 0 0.6905114 -7.56964e-7 -1 6.39704e-7 2.06027e-6 1 6.89642e-7 -0.7233201 0 -0.6905127 0.7233203 0 0.6905128 0 1 0 0 -1 0 0.7233215 0 -0.6905115 -0.7233214 0 0.6905114 -7.56964e-7 -1 6.39704e-7 2.0445e-6 1 7.02973e-7 -0.7233201 0 -0.6905127 0.7233203 0 0.6905128 0 1 0 0 -1 0 0.7233214 0 -0.6905115 -0.7233214 0 0.6905115 -7.25424e-7 -1 6.1305e-7 2.06027e-6 1 6.89642e-7 -0.7233201 0 -0.6905128 0.7233202 0 0.6905128 0 1 0 0 -1 0 0.7233214 0 -0.6905115 -0.7233215 0 0.6905115 -7.56964e-7 -1 6.39704e-7 2.0445e-6 1 7.02973e-7 -0.7233201 0 -0.6905128 0.7233203 0 0.6905128 0 1 0 0 -1 0 0.7233214 0 -0.6905115 -0.7233216 0 0.6905113 -7.56964e-7 -1 6.39704e-7 2.06027e-6 1 6.89642e-7 -0.7233201 0 -0.6905127 0.7233203 0 0.6905128 0 1 0 0 -1 0 0.7233215 0 -0.6905115 -0.7233216 0 0.6905113 -7.56964e-7 -1 6.39704e-7 2.0445e-6 1 7.02973e-7 -0.7233201 0 -0.6905127 0.7233203 0 0.6905128 -0.7233201 0 -0.6905127 -7.56964e-7 -1 6.39704e-7 2.0445e-6 1 7.02973e-7 0.7233203 0 0.6905128 0.7233215 0 -0.6905115 0 1 0 0 -1 0 -0.7233216 0 0.6905113 -0.7233201 0 -0.6905127 -7.56964e-7 -1 6.39704e-7 2.06027e-6 1 6.89642e-7 0.7233201 0 0.690513 0.7233211 0 -0.6905118 0 1 0 0 -1 0 -0.7233213 0 0.6905116 -0.7233201 0 -0.6905128 -7.56948e-7 -1 6.3972e-7 2.04446e-6 1 7.02929e-7 0.7233203 0 0.6905128 0.7233214 0 -0.6905115 0 1 0 0 -1 0 -0.7233215 0 0.6905115 -0.7233201 0 -0.6905128 -7.25408e-7 -1 6.13065e-7 2.06023e-6 1 6.89598e-7 0.7233202 0 0.6905128 0.7233214 0 -0.6905115 0 1 0 0 -1 0 -0.7233214 0 0.6905115 1 0 9.11543e-7 1 0 9.11543e-7 0 -1 0 0 -1 0 -1 0 -9.11543e-7 -1 0 -9.11543e-7 1 0 9.11543e-7 0 -1 0 0 1 0 0 -1 0 0.7233214 0 -0.6905115 -0.7233216 0 0.6905113 -7.25424e-7 -1 6.1305e-7 2.06027e-6 1 6.89642e-7 -0.7233201 0 -0.6905128 0.7233202 0 0.6905128 0 0 1 0 1 0 0 -1 -1.70914e-7 1 0 4.55771e-7 -1 0 -9.11543e-7 0 1 0 5.96038e-6 -1 0 -1 0 -1.13943e-6 7.94717e-6 -1 0 -1 5.96045e-6 -9.11543e-7 0 1 0 1 0 9.11543e-7 -9.9342e-7 1 0 0 -1 0 1 0 4.55772e-7 -1 0 -9.11543e-7 9.93404e-7 1 0 3.97362e-6 -1 0 -1 0 -9.11543e-7 0 1 0 3.97362e-6 -1 0 -1 0 -9.11543e-7 9.93404e-7 1 0 -1 0 -9.11543e-7 1 0 9.11543e-7 0 1 0 1 0 9.11543e-7 -9.93388e-7 1 0 0 -1 0 -9.93388e-7 1 0 -1 0 -9.11543e-7 0 0 1 0 0 1 0 0 1 -1.58942e-5 0 1 0 0 1 0 0 1 0 0 1 0 0 1 0 0 1 0 0 1 -1.58943e-5 0 1 0 0 1 1 0 0 0 -1.36731e-6 1 1 0 0 0 -9.11543e-7 1 0 9.11543e-7 -1 1 2.27886e-7 0 -1 -2.27886e-7 0 0 9.11543e-7 -1 -1 0 0 0 -9.11543e-7 1 0 9.11543e-7 -1 1 0 0 -1 0 0 1 0 0 1.30338e-6 -1.02629e-6 1 -1.30338e-6 1.02629e-6 -1 0.7233208 0.6905121 0 -0.7233208 -0.6905121 -1.02894e-6 -7.56962e-7 -6.39706e-7 -1 7.56965e-7 6.39705e-7 1 -0.7233209 0.6905121 0 0.723321 -0.6905121 -1.02894e-6 1.04271e-6 -8.21034e-7 1 -1.0427e-6 8.21037e-7 -1 0.723321 0.690512 2.05293e-6 -0.7233209 -0.690512 -1.02894e-6 -7.56962e-7 -6.39706e-7 -1 7.56965e-7 6.39705e-7 1 -0.723321 0.6905119 1.02894e-6 0.7233211 -0.6905119 -5.34028e-6 1.04271e-6 -8.21034e-7 1 -1.0427e-6 8.21033e-7 -1 0.7233209 0.6905121 0 -0.7233208 -0.6905121 -1.02894e-6 -7.56962e-7 -6.39706e-7 -1 7.56965e-7 6.39705e-7 1 -0.7233209 0.6905121 -6.15878e-6 0.723321 -0.6905121 -6.15878e-6 1.04271e-6 -8.21034e-7 1 -1.0427e-6 8.21037e-7 -1 0.7233209 0.6905121 2.05293e-6 -0.7233209 -0.6905121 -1.02894e-6 -7.56962e-7 -6.39706e-7 -1 7.56965e-7 6.39705e-7 1 -0.723321 0.690512 -2.05293e-6 0.723321 -0.690512 -1.02894e-6 1.30338e-6 -1.02629e-6 1 -1.30338e-6 1.02629e-6 -1 0.7233208 0.6905121 0 -0.7233208 -0.6905121 -1.02894e-6 -7.56962e-7 -6.39706e-7 -1 5.04643e-7 4.2647e-7 1 -0.7233209 0.6905121 5.34028e-6 0.723321 -0.6905119 0 1.30338e-6 -1.02629e-6 1 -1.30337e-6 1.0263e-6 -1 0.7233208 0.6905121 2.05293e-6 -0.7233209 -0.6905121 -1.02894e-6 -7.56962e-7 -6.39706e-7 -1 7.56965e-7 6.39705e-7 1 -0.7233209 0.6905121 2.0529e-6 0.7233209 -0.6905121 -1.02894e-6 1.30338e-6 -1.02629e-6 1 -1.0427e-6 8.21037e-7 -1 0.7233208 0.6905121 2.0529e-6 -0.7233209 -0.6905121 -1.02894e-6 -7.56946e-7 -6.39721e-7 -1 7.56949e-7 6.39721e-7 1 -0.7233209 0.6905121 2.05293e-6 0.7233211 -0.6905119 -1.02894e-6 -0.7233209 0.6905121 2.05293e-6 -5.04642e-7 -4.2647e-7 -1 5.04641e-7 4.26472e-7 1 0.7233209 -0.6905121 -1.02894e-6 0.7233208 0.6905121 2.05293e-6 1.30338e-6 -1.02629e-6 1 -1.0427e-6 8.21037e-7 -1 -0.7233209 -0.6905121 -1.02896e-6 -0.7233213 0.6905115 2.05293e-6 -7.56963e-7 -6.39706e-7 -1 5.04641e-7 4.26472e-7 1 0.7233211 -0.6905118 -1.02896e-6 0.7233207 0.6905123 2.05293e-6 1.04268e-6 -8.21057e-7 1 -1.04268e-6 8.21061e-7 -1 -0.7233209 -0.6905121 -1.02894e-6 -0.7233212 0.6905117 2.05293e-6 -7.56946e-7 -6.39722e-7 -1 7.56949e-7 6.39721e-7 1 0.7233212 -0.6905117 -1.02894e-6 0.7233206 0.6905125 0 1.04268e-6 -8.21057e-7 1 -1.04268e-6 8.21057e-7 -1 -0.7233205 -0.6905125 -1.02894e-6 -0.7233212 0.6905117 2.05293e-6 -7.56946e-7 -6.39722e-7 -1 7.56949e-7 6.39721e-7 1 0.7233212 -0.6905117 -1.02894e-6 0.7233206 0.6905125 0 1.04268e-6 -8.21057e-7 1 -1.04268e-6 8.21057e-7 -1 -0.7233205 -0.6905125 -1.02894e-6 1 0 0 1 0 0 0 1.36731e-6 -1 -1.58942e-5 1.3673e-6 -1 -1 -9.11543e-7 0 -1 -9.11543e-7 0 1 9.11543e-7 0 0 9.11543e-7 -1 1.30338e-6 -1.02629e-6 1 -1.30338e-6 1.02629e-6 -1 0.7233208 0.6905121 0 -0.7233208 -0.6905121 -1.02894e-6 -7.56962e-7 -6.39706e-7 -1 5.04643e-7 4.2647e-7 1 -0.7233209 0.6905121 2.0529e-6 0.7233209 -0.6905121 -1.02894e-6 0 -1 -1.49012e-6 0 -9.11543e-7 1 0 1.36731e-6 -1 1 0 0 -1 0 0 0 -9.11543e-7 1 1.58943e-5 9.11543e-7 -1 -1 2.27886e-7 0 0 1.36731e-6 -1 -1 0 5.96047e-6 0 -9.11543e-7 1 1 2.27886e-7 0 0 -9.11543e-7 1 0 9.11543e-7 -1 1 4.55771e-7 0 -1 0 0 0 -9.11543e-7 1 0 9.11543e-7 -1 -1 0 0 0 -9.11543e-7 1 0 9.11543e-7 -1 -1 0 0 0 -9.11543e-7 1 -1 0 0 1 9.11543e-7 0 0 -1.36731e-6 1 1 9.11543e-7 0 0 -9.11543e-7 1 0 9.11543e-7 -1 0 -9.11543e-7 1 -1 -9.11543e-7 0 0 -1 -1.49012e-6 0 -1 -1.49012e-6 1.98684e-6 -1 -1.49012e-6 -1.98678e-6 -1 -1.49012e-6 1.98678e-6 -1 -1.49012e-6 1.98678e-6 -1 -1.49014e-6 -1.98681e-6 -1 -1.49012e-6 0 -1 -1.49012e-6 7.94723e-6 -1 -1.49012e-6 7.94723e-6 -1 -1.4901e-6 -7.94717e-6 -1 -1.49012e-6 0 -1 -1.49012e-6 1 0 -9.11543e-7 1.98678e-6 -1 -1.994e-6 1 0 -9.11543e-7 1.98681e-6 -1 -1.994e-6 -1.98681e-6 1 2.05097e-6 1 0 -9.11543e-7 -1 0 9.11543e-7 -1.98681e-6 1 2.05097e-6 -1 0 6.83657e-7 1.98681e-6 -1 -1.994e-6 0 1 2.05097e-6 1 0 -9.11543e-7 -1 0 9.11543e-7 1 0 -9.11543e-7 2.34606e-6 -1 -1.84736e-6 -2.31351e-6 1 1.82166e-6 0.7233215 -8.23155e-6 0.6905115 -0.7233214 0 -0.6905115 -7.25411e-7 1 -6.13062e-7 2.02873e-6 -1 -7.16295e-7 -0.7233204 0 0.6905127 0.7233203 8.23158e-6 -0.6905126 2.32977e-6 -1 -1.83453e-6 -2.28089e-6 1 1.79607e-6 0.7233218 -8.23154e-6 0.6905112 -0.7233216 0 -0.6905113 -6.93871e-7 1 -5.86408e-7 2.01297e-6 -1 -7.29625e-7 -0.7233205 -8.2117e-6 0.6905124 0.7233207 1.25429e-5 -0.6905124 2.34606e-6 -1 -1.84736e-6 -2.31346e-6 1 1.8217e-6 0.7233215 0 0.6905115 -0.7233214 0 -0.6905114 -7.25424e-7 1 -6.1305e-7 2.02874e-6 -1 -7.16298e-7 -0.7233204 -8.2117e-6 0.6905127 0.7233203 4.10586e-6 -0.6905126 2.32981e-6 -1 -1.83449e-6 -2.31346e-6 1 1.8217e-6 0.7233216 -8.23154e-6 0.6905112 -0.7233216 8.21171e-6 -0.6905113 -7.25424e-7 1 -6.1305e-7 2.01295e-6 -1 -7.29608e-7 -0.7233203 0 0.6905127 0.7233203 8.62268e-6 -0.6905126 2.3461e-6 -1 -1.84732e-6 -2.31347e-6 1 1.82171e-6 0.7233215 4.31134e-6 0.6905114 -0.7233216 4.10586e-6 -0.6905113 -7.25424e-7 1 -6.1305e-7 2.02873e-6 -1 -7.16295e-7 -0.7233205 -1.23176e-5 0.6905124 0.7233203 0 -0.6905128 2.32981e-6 -1 -1.83449e-6 -2.28089e-6 1 1.79605e-6 0.7233214 0 0.6905115 -0.7233214 4.10586e-6 -0.6905115 -6.93884e-7 1 -5.86395e-7 2.02873e-6 -1 -7.16295e-7 -0.7233202 -4.31132e-6 0.6905128 0.7233203 0 -0.6905128 2.3461e-6 -1 -1.84732e-6 -2.28091e-6 1 1.796e-6 0.7233215 0 0.6905114 -0.7233215 0 -0.6905115 -6.93883e-7 1 -5.86395e-7 2.04446e-6 -1 -7.02929e-7 -0.7233202 0 0.6905128 0.7233203 8.62266e-6 -0.6905126 -0.7233201 0 0.6905128 -7.25424e-7 1 -6.1305e-7 2.02873e-6 -1 -7.16295e-7 0.7233203 0 -0.6905128 0.7233215 0 0.6905115 2.3461e-6 -1 -1.84732e-6 -2.31351e-6 1 1.82166e-6 -0.7233215 0 -0.6905115 -0.7233208 0 0.6905121 -6.93884e-7 1 -5.86396e-7 2.01297e-6 -1 -7.29625e-7 0.7233207 0 -0.6905123 0.7233219 -8.23153e-6 0.690511 2.32976e-6 -1 -1.83454e-6 -2.28086e-6 1 1.79604e-6 -0.723322 0 -0.690511 -0.7233201 0 0.6905128 -7.25408e-7 1 -6.13065e-7 3.37929e-6 -1 -2.00559e-6 0.7233203 0 -0.6905128 0.7233216 -8.23154e-6 0.6905112 2.36234e-6 -1 -1.8602e-6 -2.3134e-6 1 1.82176e-6 -0.7233214 8.21172e-6 -0.6905115 -0.7233201 0 0.6905128 -7.25408e-7 1 -6.13065e-7 3.36351e-6 -1 -2.01892e-6 0.7233203 0 -0.6905128 0.7233215 -8.23155e-6 0.6905115 2.34604e-6 -1 -1.84737e-6 -2.31346e-6 1 1.82172e-6 -0.7233216 8.21171e-6 -0.6905113 1 0 -9.11543e-7 1 0 -9.11543e-7 -1.98681e-6 1 2.05097e-6 -1.98677e-6 1 2.05097e-6 -1 0 9.11543e-7 -1 0 9.11543e-7 1 0 -9.11543e-7 -1.98677e-6 1 2.05097e-6 2.32981e-6 -1 -1.83449e-6 -2.31351e-6 1 1.82166e-6 0.7233215 0 0.6905115 -0.7233214 0 -0.6905114 -7.25424e-7 1 -6.1305e-7 2.01296e-6 -1 -7.29621e-7 -0.7233201 0 0.6905128 0.7233203 0 -0.6905128 0 0 -1 1.98681e-6 -1 -1.994e-6 -1.98678e-6 1 2.22189e-6 1 0 -9.11543e-7 -1 0 9.11543e-7 1.98681e-6 -1 -1.96552e-6 3.97362e-6 1 2.05097e-6 -1 0 1.13943e-6 5.96041e-6 1 2.05097e-6 -1 -5.96045e-6 9.11531e-7 1.98676e-6 -1 -1.994e-6 1 0 -9.11543e-7 9.9342e-7 -1 -2.02249e-6 -1.98681e-6 1 2.10794e-6 1 0 -4.55771e-7 -1 0 1.36732e-6 2.98021e-6 -1 -1.96552e-6 1.98681e-6 1 2.16491e-6 -1 0 9.11543e-7 1.98681e-6 -1 -1.994e-6 1.98681e-6 1 2.16491e-6 -1 0 9.11543e-7 2.98021e-6 -1 -1.96552e-6 -1 0 9.11543e-7 1 0 -9.11543e-7 1.98678e-6 -1 -1.994e-6 1 0 -9.11543e-7 0 -1 -1.994e-6 -1.98677e-6 1 2.05097e-6 2.98016e-6 -1 -1.994e-6 -1 0 9.11543e-7 0 0 -1 0 0 -1 0 0 -1 0 0 -1 0 0 -1 0 0 -1 0 0 -1 0 0 -1 0 0 -1 0 0 -1 -1.58943e-5 0 -1 0 0 -1 1 1.82309e-6 0 0 2.73463e-6 -1 1 1.82309e-6 0 0 2.73463e-6 -1 0 -2.73463e-6 1 1 2.05097e-6 0 -1 -2.05096e-6 -5.96048e-6 0 -2.73463e-6 1 -1 -1.82309e-6 0 0 2.73463e-6 -1 0 -2.73463e-6 1 1 1.82309e-6 0 -1 -1.82309e-6 0 1 1.82309e-6 0 2.34609e-6 1.84733e-6 -1 -2.3461e-6 -1.84733e-6 1 0.7233222 -0.6905108 -3.08683e-6 -0.7233222 0.6905108 3.08683e-6 5.04641e-7 -4.2647e-7 1 -5.04641e-7 4.26472e-7 -1 -0.7233195 -0.6905134 -2.05293e-6 0.7233196 0.6905135 3.08684e-6 2.34609e-6 1.84733e-6 -1 -2.34608e-6 -1.84732e-6 1 0.7233223 -0.6905104 -3.08683e-6 -0.7233223 0.6905104 3.08683e-6 5.04642e-7 -4.26471e-7 1 -5.04638e-7 4.2647e-7 -1 -0.7233198 -0.6905133 -2.05293e-6 0.7233198 0.6905132 3.08684e-6 2.34609e-6 1.84733e-6 -1 -2.3461e-6 -1.84733e-6 1 0.7233222 -0.6905108 -3.08683e-6 -0.7233222 0.6905108 3.08683e-6 5.04641e-7 -4.2647e-7 1 -5.04641e-7 4.26472e-7 -1 -0.7233195 -0.6905136 -7.39816e-6 0.7233196 0.6905135 3.08684e-6 2.34609e-6 1.84733e-6 -1 -2.34607e-6 -1.84732e-6 1 0.7233223 -0.6905105 -3.08683e-6 -0.7233223 0.6905105 3.08683e-6 5.04642e-7 -4.2647e-7 1 -5.04641e-7 4.26468e-7 -1 -0.7233196 -0.6905134 -8.21171e-6 0.7233196 0.6905134 3.08684e-6 2.34609e-6 1.84733e-6 -1 -2.3461e-6 -1.84731e-6 1 0.7233223 -0.6905105 -3.08683e-6 -0.7233223 0.6905105 4.10585e-6 5.04641e-7 -4.2647e-7 1 -5.04641e-7 4.26472e-7 -1 -0.7233195 -0.6905134 -2.05293e-6 0.7233196 0.6905135 3.08684e-6 2.34609e-6 1.84733e-6 -1 -2.3461e-6 -1.84731e-6 1 0.7233223 -0.6905106 -3.08683e-6 -0.7233223 0.6905106 3.08683e-6 5.04642e-7 -4.2647e-7 1 -5.04641e-7 4.26472e-7 -1 -0.7233195 -0.6905134 -2.05293e-6 0.7233196 0.6905135 3.08684e-6 2.34609e-6 1.84733e-6 -1 -2.34608e-6 -1.8473e-6 1 0.7233223 -0.6905105 -3.08683e-6 -0.7233223 0.6905105 3.08683e-6 2.52321e-7 -2.13235e-7 1 -5.04638e-7 4.2647e-7 -1 -0.7233198 -0.6905133 -2.05293e-6 0.7233197 0.6905133 3.08684e-6 -0.7233195 -0.6905134 -4.10585e-6 5.04641e-7 -4.2647e-7 1 -5.04643e-7 4.2647e-7 -1 0.7233195 0.6905135 3.08684e-6 0.7233222 -0.6905108 -3.08683e-6 2.34609e-6 1.84733e-6 -1 -2.34609e-6 -1.84734e-6 1 -0.7233222 0.6905107 4.10585e-6 -0.7233201 -0.690513 -4.10586e-6 5.04642e-7 -4.26471e-7 1 -5.04643e-7 4.2647e-7 -1 0.7233199 0.6905131 3.08684e-6 0.7233227 -0.6905102 -3.08682e-6 2.34604e-6 1.84738e-6 -1 -2.34603e-6 -1.84737e-6 1 -0.7233228 0.69051 3.08682e-6 -0.7233193 -0.6905139 -4.10585e-6 5.0463e-7 -4.26481e-7 1 -5.04633e-7 4.26481e-7 -1 0.7233192 0.6905138 3.08684e-6 0.7233225 -0.6905104 -3.08683e-6 2.34604e-6 1.84738e-6 -1 -2.34603e-6 -1.84737e-6 1 -0.7233225 0.6905104 3.08683e-6 -0.7233193 -0.6905139 -4.10585e-6 5.0463e-7 -4.26481e-7 1 -5.04633e-7 4.26481e-7 -1 0.7233192 0.6905138 3.08684e-6 0.7233225 -0.6905104 -3.08683e-6 2.34604e-6 1.84738e-6 -1 -2.34602e-6 -1.84738e-6 1 -0.7233225 0.6905104 4.10586e-6 1 1.82309e-6 0 1 1.82309e-6 0 0 -3.1904e-6 1 0 -3.1904e-6 1 -1 -2.73463e-6 0 -1 -2.73463e-6 0 1 2.73463e-6 0 0 -3.1904e-6 1 2.34609e-6 1.84733e-6 -1 -2.34609e-6 -1.84734e-6 1 0.7233222 -0.6905108 -3.08683e-6 -0.7233222 0.6905107 4.10585e-6 5.04641e-7 -4.2647e-7 1 -5.04643e-7 4.2647e-7 -1 -0.7233195 -0.6905134 -4.10585e-6 0.7233195 0.6905135 3.08684e-6 -1.98681e-6 1 4.47034e-6 0 2.73463e-6 -1 0 -3.1904e-6 1 1 1.82309e-6 0 -1 -1.82309e-6 0 0 2.73463e-6 -1 0 -2.73463e-6 1 -1 -2.05097e-6 0 1.58944e-5 -3.19037e-6 1 -1 -1.82307e-6 -5.96042e-6 0 2.73463e-6 -1 1 1.82309e-6 0 0 2.73463e-6 -1 -1.58945e-5 -3.19042e-6 1 1 1.36731e-6 0 -1 -2.27886e-6 0 0 2.73463e-6 -1 0 -3.1904e-6 1 -1 -1.82309e-6 0 0 2.73463e-6 -1 0 -3.1904e-6 1 -1 -1.82309e-6 0 0 2.73463e-6 -1 -1 -1.82309e-6 0 1 2.73463e-6 0 0 3.1904e-6 -1 1 2.73463e-6 0 0 3.1904e-6 -1 0 -3.1904e-6 1 0 3.1904e-6 -1 -1 -2.73463e-6 0 -1.98679e-6 1 4.47035e-6 0 1 4.47035e-6 0 1 4.47035e-6 -3.97355e-6 1 4.47035e-6 0 1 4.47035e-6 0 1 2.98023e-6 -3.97362e-6 1 4.47035e-6 -1.98681e-6 1 4.47035e-6 5.96042e-6 1 4.47035e-6 5.96042e-6 1 4.47035e-6 -9.93396e-6 1 4.47035e-6 -1.98681e-6 1 4.47035e-6 -0.707107 0.7071067 0 0.707107 -0.7071067 0 0 0 1 0 0 -1 -0.7071059 -0.7071076 0 0.7071059 0.7071077 0 0 0 1 0 0 -1 0.7071081 -0.7071053 0 -0.7071082 0.7071053 0 0 0 1 0 0 -1 0.7071048 0.7071087 0 -0.7071046 -0.7071089 0 0 0 1 0 0 -1 -0.7071095 0.707104 0 0.7071095 -0.707104 0 0 0 1 0 0 -1 -0.7071036 -0.7071101 0 0.7071033 0.7071102 0 0 0 1 0 0 -1 0.7071106 -0.707103 0 -0.7071107 0.707103 0 0 0 1 0 0 -1 0.7071022 0.7071112 0 -0.7071021 -0.7071115 0 0 0 1 0 0 -1 0 1 0 0 -1 0 0 0 1 0 0 -1 0 1 0 0 -1 0 0 0 1 0 0 -1 0 1 0 0 -1 0 0 0 1 0 0 -1 0 1 0 0 -1 0 0 0 1 0 0 -1 0 1 0 0 -1 0 0 0 1 0 0 -1 0 1 0 0 -1 0 0 0 1 0 0 -1 0 1 0 0 -1 0 0 0 1 0 0 -1 0 1 0 0 -1 0 0 0 1 0 0 -1 0 1 0 0 -1 0 0.7179624 0 0.6960819 -0.7179625 0 -0.6960819 -7.48771e-7 -1 -8.20033e-7 -2.09504e-6 1 3.45825e-6 0.7179622 0 -0.6960821 -0.7179624 0 0.6960819 0 1 0 0 -1 0 0.7179624 0 0.6960819 -0.7179625 0 -0.6960819 -7.48771e-7 -1 -8.20033e-7 -2.09504e-6 1 3.45825e-6 0.7179622 0 -0.6960821 -0.7179624 0 0.6960819 0 1 0 0 -1 0 0.7179624 0 0.6960819 -0.7179625 0 -0.6960819 -7.48771e-7 -1 -8.20033e-7 -2.09504e-6 1 3.45825e-6 0.7179622 0 -0.6960821 -0.7179624 0 0.6960819 0 1 0 0 -1 0 0.7179624 0 0.6960819 -0.7179625 0 -0.6960819 -7.48771e-7 -1 -8.20033e-7 -2.09504e-6 1 3.45825e-6 0.7179622 0 -0.6960821 -0.7179624 0 0.6960819 0 1 0 0 -1 0 0.7179624 0 0.6960819 -0.7179625 0 -0.6960819 -7.48771e-7 -1 -8.20033e-7 -2.09504e-6 1 3.45825e-6 0.7179622 0 -0.6960821 -0.7179624 0 0.6960819 0 1 0 0 -1 0 0.7179624 0 0.6960819 -0.7179625 0 -0.6960819 -7.48771e-7 -1 -8.20033e-7 -2.09504e-6 1 3.45825e-6 0.7179622 0 -0.6960821 -0.7179624 0 0.6960819 0 1 0 0 -1 0 0.7179624 0 0.6960819 -0.7179625 0 -0.6960819 -7.48771e-7 -1 -8.20033e-7 -2.09504e-6 1 3.45825e-6 0.7179622 0 -0.6960821 -0.7179624 0 0.6960819 -1 -9.84869e-7 0 1 9.84869e-7 0 0 0 1 0 0 -1 -1 -9.84869e-7 0 1 9.84869e-7 0 0 0 1 0 0 -1 -1 -9.84869e-7 0 1 9.84869e-7 0 0 0 1 0 0 -1 -1 -9.84869e-7 0 1 9.84869e-7 0 0 0 1 0 0 -1 -1 -9.84869e-7 0 1 9.84869e-7 0 0 0 1 0 0 -1 -1 -9.84869e-7 0 1 9.84869e-7 0 0 0 1 0 0 -1 -1 -9.84869e-7 0 1 9.84869e-7 0 0 0 1 0 0 -1 -1 -9.84869e-7 0 1 9.84869e-7 0 0 0 1 0 0 -1 -1 -4.43539e-7 5.21354e-7 1 4.4354e-7 -5.21353e-7 -1.06727e-6 0.7179625 0.6960819 1.06985e-6 -0.7179624 -0.6960819 1 -4.60777e-7 -5.04641e-7 -1 2.30388e-7 2.52321e-7 0 0.7179625 -0.6960819 1.06986e-6 -0.7179623 0.6960819 -1 -4.43539e-7 5.21354e-7 1 4.4354e-7 -5.21353e-7 -1.06727e-6 0.7179625 0.6960819 1.06985e-6 -0.7179624 -0.6960819 1 -4.60777e-7 -5.04641e-7 -1 2.30388e-7 2.52321e-7 0 0.7179625 -0.6960819 1.06986e-6 -0.7179623 0.6960819 -1 -4.43539e-7 5.21354e-7 1 4.4354e-7 -5.21353e-7 -1.06727e-6 0.7179625 0.6960819 1.06985e-6 -0.7179624 -0.6960819 1 -4.60777e-7 -5.04641e-7 -1 2.30388e-7 2.52321e-7 0 0.7179625 -0.6960819 1.06986e-6 -0.7179623 0.6960819 -1 -4.43539e-7 5.21354e-7 1 4.4354e-7 -5.21353e-7 -1.06727e-6 0.7179625 0.6960819 1.06985e-6 -0.7179624 -0.6960819 1 -4.60777e-7 -5.04641e-7 -1 2.30388e-7 2.52321e-7 0 0.7179625 -0.6960819 1.06986e-6 -0.7179623 0.6960819 -1 -4.43539e-7 5.21354e-7 1 4.4354e-7 -5.21353e-7 -1.06727e-6 0.7179625 0.6960819 1.06985e-6 -0.7179624 -0.6960819 1 -4.60777e-7 -5.04641e-7 -1 2.30388e-7 2.52321e-7 0 0.7179625 -0.6960819 1.06986e-6 -0.7179623 0.6960819 -1 -4.43539e-7 5.21354e-7 1 4.4354e-7 -5.21353e-7 -1.06727e-6 0.7179625 0.6960819 1.06985e-6 -0.7179624 -0.6960819 1 -4.60777e-7 -5.04641e-7 -1 2.30388e-7 2.52321e-7 0 0.7179625 -0.6960819 1.06986e-6 -0.7179623 0.6960819 -1 -4.43539e-7 5.21354e-7 1 4.4354e-7 -5.21353e-7 -1.06727e-6 0.7179625 0.6960819 1.06985e-6 -0.7179624 -0.6960819 1 -4.60777e-7 -5.04641e-7 -1 2.30388e-7 2.52321e-7 0 0.7179625 -0.6960819 1.06986e-6 -0.7179623 0.6960819 1.78507e-6 -1 0 -1.72352e-6 1 0 0 0 1 0 0 -1 1.78507e-6 -1 0 -1.72352e-6 1 0 0 0 1 0 0 -1 1.78507e-6 -1 0 -1.72352e-6 1 0 0 0 1 0 0 -1 1.78507e-6 -1 0 -1.72352e-6 1 0 0 0 1 0 0 -1 1.78507e-6 -1 0 -1.72352e-6 1 0 0 0 1 0 0 -1 1.78507e-6 -1 0 -1.72352e-6 1 0 0 0 1 0 0 -1 1.78507e-6 -1 0 -1.72352e-6 1 0 0 0 1 0 0 -1 1.78507e-6 -1 0 -1.72352e-6 1 0 0 0 1 0 0 -1 8.59356e-7 -1 1.01012e-6 -8.31633e-7 1 -9.77539e-7 -0.7179625 0 0.6960819 0.7179624 0 -0.6960819 0 1 0 0 -1 0 -0.7179624 0 -0.6960819 0.7179624 0 0.6960819 8.59356e-7 -1 1.01012e-6 -8.31633e-7 1 -9.77539e-7 -0.7179625 0 0.6960819 0.7179624 0 -0.6960819 0 1 0 0 -1 0 -0.7179624 0 -0.6960819 0.7179624 0 0.6960819 8.59356e-7 -1 1.01012e-6 -8.31633e-7 1 -9.77539e-7 -0.7179625 0 0.6960819 0.7179624 0 -0.6960819 0 1 0 0 -1 0 -0.7179624 0 -0.6960819 0.7179624 0 0.6960819 8.59356e-7 -1 1.01012e-6 -8.31633e-7 1 -9.77539e-7 -0.7179625 0 0.6960819 0.7179624 0 -0.6960819 0 1 0 0 -1 0 -0.7179624 0 -0.6960819 0.7179624 0 0.6960819 8.59356e-7 -1 1.01012e-6 -8.31633e-7 1 -9.77539e-7 -0.7179625 0 0.6960819 0.7179624 0 -0.6960819 0 1 0 0 -1 0 -0.7179624 0 -0.6960819 0.7179624 0 0.6960819 8.59356e-7 -1 1.01012e-6 -8.31633e-7 1 -9.77539e-7 -0.7179625 0 0.6960819 0.7179624 0 -0.6960819 0 1 0 0 -1 0 -0.7179624 0 -0.6960819 0.7179624 0 0.6960819 8.59356e-7 -1 1.01012e-6 -8.31633e-7 1 -9.77539e-7 -0.7179625 0 0.6960819 0.7179624 0 -0.6960819 0 1 0 0 -1 0 -0.7179624 0 -0.6960819 0.7179624 0 0.6960819 1 2.95461e-6 0 -1 -2.95461e-6 0 0 0 1 0 0 -1 1 2.95461e-6 0 -1 -2.95461e-6 0 0 0 1 0 0 -1 1 2.95461e-6 0 -1 -2.95461e-6 0 0 0 1 0 0 -1 1 2.95461e-6 0 -1 -2.95461e-6 0 0 0 1 0 0 -1 1 2.95461e-6 0 -1 -2.95461e-6 0 0 0 1 0 0 -1 1 2.95461e-6 0 -1 -2.95461e-6 0 0 0 1 0 0 -1 1 2.95461e-6 0 -1 -2.95461e-6 0 0 0 1 0 0 -1 1 2.95461e-6 0 -1 -2.95461e-6 0 0 0 1 0 0 -1 1 1.10885e-6 1.30338e-6 -1 -1.10885e-6 -1.30339e-6 1.06727e-6 -0.7179624 0.6960819 -1.06985e-6 0.7179624 -0.6960819 -1 -4.60776e-7 5.04642e-7 1 4.60777e-7 -5.0464e-7 2.13454e-6 -0.7179624 -0.6960819 -1.06985e-6 0.7179624 0.6960819 1 1.10885e-6 1.30338e-6 -1 -1.10885e-6 -1.30339e-6 1.06727e-6 -0.7179624 0.6960819 -1.06985e-6 0.7179624 -0.6960819 -1 -4.60776e-7 5.04642e-7 1 4.60777e-7 -5.0464e-7 2.13454e-6 -0.7179624 -0.6960819 -1.06985e-6 0.7179624 0.6960819 1 1.10885e-6 1.30338e-6 -1 -1.10885e-6 -1.30339e-6 1.06727e-6 -0.7179624 0.6960819 -1.06985e-6 0.7179624 -0.6960819 -1 -4.60776e-7 5.04642e-7 1 4.60777e-7 -5.0464e-7 2.13454e-6 -0.7179624 -0.6960819 -1.06985e-6 0.7179624 0.6960819 1 1.10885e-6 1.30338e-6 -1 -1.10885e-6 -1.30339e-6 1.06727e-6 -0.7179624 0.6960819 -1.06985e-6 0.7179624 -0.6960819 -1 -4.60776e-7 5.04642e-7 1 4.60777e-7 -5.0464e-7 2.13454e-6 -0.7179624 -0.6960819 -1.06985e-6 0.7179624 0.6960819 1 1.10885e-6 1.30338e-6 -1 -1.10885e-6 -1.30339e-6 1.06727e-6 -0.7179624 0.6960819 -1.06985e-6 0.7179624 -0.6960819 -1 -4.60776e-7 5.04642e-7 1 4.60777e-7 -5.0464e-7 2.13454e-6 -0.7179624 -0.6960819 -1.06985e-6 0.7179624 0.6960819 1 1.10885e-6 1.30338e-6 -1 -1.10885e-6 -1.30339e-6 1.06727e-6 -0.7179624 0.6960819 -1.06985e-6 0.7179624 -0.6960819 -1 -4.60776e-7 5.04642e-7 1 4.60777e-7 -5.0464e-7 2.13454e-6 -0.7179624 -0.6960819 -1.06985e-6 0.7179624 0.6960819 1 1.10885e-6 1.30338e-6 -1 -1.10885e-6 -1.30339e-6 1.06727e-6 -0.7179624 0.6960819 -1.06985e-6 0.7179624 -0.6960819 -1 -4.60776e-7 5.04642e-7 1 4.60777e-7 -5.0464e-7 2.13454e-6 -0.7179624 -0.6960819 -1.06985e-6 0.7179624 0.6960819 0 1 1.56363e-6 0 0 1 1 0 0 0 0 -1 -1 0 0</float_array>
          <technique_common>
            <accessor source="#Cube_026-mesh-normals-array" count="3184" stride="3">
              <param name="X" type="float"/>
              <param name="Y" type="float"/>
              <param name="Z" type="float"/>
            </accessor>
          </technique_common>
        </source>
        <source id="Cube_026-mesh-map-0">
          <float_array id="Cube_026-mesh-map-0-array" count="19104">3.00705e-5 0.66421 0.99997 0.6642056 0.9999699 0.9998827 -2.008362 0.5031532 -2.008361 0.4860101 1.987652 0.4860101 -2.008361 0.5310898 1.987651 0.531189 1.987651 0.5483321 1.987651 0.5762693 -2.008362 0.5762679 -2.008362 0.548267 -2.008362 0.5031532 1.987652 0.5031878 1.987651 0.531189 -0.2758334 -2.975424 -0.2299193 -2.975425 -0.2297239 5.023195 -0.1380893 -2.975426 -0.09217548 -2.975426 -0.09208214 5.023195 0.04556822 -2.975426 0.09148216 -2.975426 0.09144067 5.023197 -0.1840044 -2.975425 -0.1380893 -2.975426 -0.1379628 5.023195 -0.04626154 -2.975426 -3.46601e-4 -2.975426 -3.20733e-4 5.023196 -3.46601e-4 -2.975426 0.04556822 -2.975426 0.04555994 5.023197 -0.2299193 -2.975425 -0.1840044 -2.975425 -0.1838434 5.023195 -0.09217548 -2.975426 -0.04626154 -2.975426 -0.04620146 5.023195 3.67358 1.002572 3.514778 1.068348 3.580556 1.002572 3.67358 1.22715 3.580556 1.22715 3.51478 1.161375 3.739358 1.161373 3.67358 1.22715 3.51478 1.161375 3.739358 1.068348 3.739358 1.161373 3.67358 1.002572 3.51478 1.161375 3.514778 1.068348 3.739358 1.161373 3.67358 1.002572 3.739358 1.161373 3.514778 1.068348 0.4615391 -2.975425 0.5074529 -2.975426 0.5074613 5.023195 0.5992825 -2.975426 0.645196 -2.975426 0.6451036 5.023196 0.7829397 -2.975424 0.8288536 -2.975423 0.8286266 5.023201 0.5533677 -2.975426 0.5992825 -2.975426 0.599223 5.023195 0.69111 -2.975426 0.7370247 -2.975425 0.7368651 5.023198 0.7370247 -2.975425 0.7829397 -2.975424 0.7827459 5.023199 0.5074529 -2.975426 0.5533677 -2.975426 0.5533421 5.023195 0.645196 -2.975426 0.69111 -2.975426 0.6909844 5.023197 3.978349 1.068349 3.819546 1.002571 3.91257 1.002572 3.819546 1.22715 3.753769 1.161373 3.753769 1.068348 3.912571 1.22715 3.819546 1.22715 3.753769 1.068348 3.978349 1.161373 3.912571 1.22715 3.978349 1.068349 3.753769 1.068348 3.819546 1.002571 3.912571 1.22715 3.978349 1.068349 3.912571 1.22715 3.819546 1.002571 -0.6445206 -2.975421 -0.5986068 -2.975423 -0.5983701 5.023191 -0.5067768 -2.975425 -0.4608627 -2.975425 -0.4607278 5.023186 -0.3231188 -2.975426 -0.2772047 -2.975426 -0.2772047 5.023179 -0.5526918 -2.975424 -0.5067768 -2.975425 -0.5066086 5.023188 -0.4149487 -2.975426 -0.3690338 -2.975426 -0.3689663 5.023183 -0.3690338 -2.975426 -0.3231188 -2.975426 -0.3230854 5.023181 -0.5986068 -2.975423 -0.5526918 -2.975424 -0.5524894 5.02319 -0.4608627 -2.975425 -0.4149487 -2.975426 -0.414847 5.023185 3.67358 1.002572 3.514778 1.068348 3.580556 1.002572 3.67358 1.22715 3.580556 1.22715 3.51478 1.161375 3.739358 1.161373 3.67358 1.22715 3.51478 1.161375 3.739358 1.068348 3.739358 1.161373 3.67358 1.002572 3.51478 1.161375 3.514778 1.068348 3.739358 1.161373 3.67358 1.002572 3.739358 1.161373 3.514778 1.068348 0.09285342 -2.975425 0.1387671 -2.975426 0.1387754 5.023197 0.2305966 -2.975426 0.2765103 -2.975426 0.276418 5.023198 0.4142539 -2.975424 0.4601678 -2.975423 0.4599409 5.023203 0.1846819 -2.975426 0.2305966 -2.975426 0.2305371 5.023197 0.3224242 -2.975426 0.3683391 -2.975425 0.3681794 5.0232 0.3683391 -2.975425 0.4142539 -2.975424 0.4140601 5.023201 0.1387671 -2.975426 0.1846819 -2.975426 0.1846563 5.023197 0.2765103 -2.975426 0.3224242 -2.975426 0.3222987 5.023199 3.978349 1.068349 3.819546 1.002571 3.91257 1.002572 3.819546 1.22715 3.753769 1.161373 3.753769 1.068348 3.912571 1.22715 3.819546 1.22715 3.753769 1.068348 3.978349 1.161373 3.912571 1.22715 3.978349 1.068349 3.753769 1.068348 3.819546 1.002571 3.912571 1.22715 3.978349 1.068349 3.912571 1.22715 3.819546 1.002571 -2.012063 0.4738548 -2.012062 0.4580839 1.987652 0.4579928 -2.012058 0.4265417 -2.012056 0.4107706 1.987652 0.4107596 -2.012052 0.3634575 -2.012052 0.3476864 1.987652 0.3477794 -2.01206 0.4423131 -2.012058 0.4265417 1.987652 0.4265043 -2.012054 0.3949998 -2.012053 0.3792291 1.987652 0.3792701 -2.012053 0.3792291 -2.012052 0.3634575 1.987652 0.3635246 -2.012062 0.4580839 -2.01206 0.4423131 1.987652 0.4422484 -2.012056 0.4107706 -2.012054 0.3949998 1.987652 0.395015 -2.012063 0.6003093 -2.012063 0.5845382 1.987572 0.5843924 -2.012063 0.5529949 -2.012063 0.5372237 1.987571 0.537158 -2.012062 0.4899101 -2.012062 0.4741389 1.987571 0.474178 -2.012063 0.5687668 -2.012063 0.5529949 1.987571 0.5529024 -2.012062 0.5214523 -2.012062 0.5056812 1.987571 0.5056684 -2.012062 0.5056812 -2.012062 0.4899101 1.987571 0.4899235 -2.012063 0.5845382 -2.012063 0.5687668 1.987572 0.5686467 -2.012063 0.5372237 -2.012062 0.5214523 1.987571 0.5214133 -2.008362 0.2552028 -2.008361 0.2380596 1.987652 0.2380596 -2.008361 0.2831394 1.987651 0.2832387 1.987651 0.3003817 1.987651 0.3283189 -2.008362 0.3283175 -2.008362 0.3003166 -2.008362 0.2552028 1.987652 0.2552374 1.987651 0.2832387 1.903501 0.003098905 1.903501 -0.6211454 1.913974 -0.6211455 0.9812114 0.9896082 0.0103752 0.9805825 0.01940125 0.01084011 0.01043498 0.018821 0.002555906 0.00897175 0.01264548 0.001006901 0.0103752 0.9805825 9.99364e-5 0.9867653 1.61317e-4 0.01263725 0.01258039 0.9983897 0.002496778 0.9904256 0.0103752 0.9805825 0.9812114 0.9896082 0.9873839 0.9999001 0.01258039 0.9983897 0.9891891 0.9806369 0.9990281 0.9873893 0.9910737 0.9974923 0.9891906 0.01936894 0.9990281 0.01261961 0.9990281 0.9873893 0.9910813 0.002525091 0.9990281 0.01261961 0.9891906 0.01936894 0.01940125 0.01084011 0.01264548 0.001006901 0.9873964 9.99364e-5 1.068736 0.003100275 1.068735 -0.6211448 1.903501 -0.6211454 1.058265 0.003100872 1.058262 -0.6211461 1.068735 -0.6211448 0.2234964 0.003105342 0.2234931 -0.6211417 1.058262 -0.6211461 1.913972 0.003098785 1.913974 -0.6211455 2.748739 -0.6211428 -0.6322158 0.003111004 -0.6322215 -0.621136 -0.6217482 -0.6211358 -0.6217441 0.003110885 -0.6217482 -0.6211358 0.2130202 -0.6211417 0.2130246 0.003105342 0.2130202 -0.6211417 0.2234931 -0.6211417 -2.008362 0.5031532 1.987652 0.5031878 1.987652 0.4860101 -2.008361 0.5310898 -2.008362 0.548267 1.987651 0.5483321 1.987651 0.5762693 1.987651 0.5483321 -2.008362 0.548267 -2.008362 0.5031532 -2.008361 0.5310898 1.987651 0.531189 -0.2758334 -2.975424 -0.2756046 5.023195 -0.2297239 5.023195 -0.1380893 -2.975426 -0.1379628 5.023195 -0.09208214 5.023195 0.04556822 -2.975426 0.04555994 5.023197 0.09144067 5.023197 -0.1840044 -2.975425 -0.1838434 5.023195 -0.1379628 5.023195 -0.04626154 -2.975426 -0.04620146 5.023195 -3.20733e-4 5.023196 -3.46601e-4 -2.975426 -3.20733e-4 5.023196 0.04555994 5.023197 -0.2299193 -2.975425 -0.2297239 5.023195 -0.1838434 5.023195 -0.09217548 -2.975426 -0.09208214 5.023195 -0.04620146 5.023195 3.67358 1.002572 3.580556 1.002572 3.514778 1.068348 3.67358 1.22715 3.51478 1.161375 3.580556 1.22715 3.739358 1.161373 3.51478 1.161375 3.67358 1.22715 3.739358 1.068348 3.67358 1.002572 3.739358 1.161373 3.51478 1.161375 3.739358 1.161373 3.514778 1.068348 3.67358 1.002572 3.514778 1.068348 3.739358 1.161373 0.4615391 -2.975425 0.4615801 5.023197 0.5074613 5.023195 0.5992825 -2.975426 0.599223 5.023195 0.6451036 5.023196 0.7829397 -2.975424 0.7827459 5.023199 0.8286266 5.023201 0.5533677 -2.975426 0.5533421 5.023195 0.599223 5.023195 0.69111 -2.975426 0.6909844 5.023197 0.7368651 5.023198 0.7370247 -2.975425 0.7368651 5.023198 0.7827459 5.023199 0.5074529 -2.975426 0.5074613 5.023195 0.5533421 5.023195 0.645196 -2.975426 0.6451036 5.023196 0.6909844 5.023197 3.978349 1.068349 3.91257 1.002572 3.819546 1.002571 3.819546 1.22715 3.753769 1.068348 3.753769 1.161373 3.912571 1.22715 3.753769 1.068348 3.819546 1.22715 3.978349 1.161373 3.978349 1.068349 3.912571 1.22715 3.753769 1.068348 3.912571 1.22715 3.819546 1.002571 3.978349 1.068349 3.819546 1.002571 3.912571 1.22715 -0.6445206 -2.975421 -0.6442508 5.023192 -0.5983701 5.023191 -0.5067768 -2.975425 -0.5066086 5.023188 -0.4607278 5.023186 -0.3231188 -2.975426 -0.3230854 5.023181 -0.2772047 5.023179 -0.5526918 -2.975424 -0.5524894 5.02319 -0.5066086 5.023188 -0.4149487 -2.975426 -0.414847 5.023185 -0.3689663 5.023183 -0.3690338 -2.975426 -0.3689663 5.023183 -0.3230854 5.023181 -0.5986068 -2.975423 -0.5983701 5.023191 -0.5524894 5.02319 -0.4608627 -2.975425 -0.4607278 5.023186 -0.414847 5.023185 3.67358 1.002572 3.580556 1.002572 3.514778 1.068348 3.67358 1.22715 3.51478 1.161375 3.580556 1.22715 3.739358 1.161373 3.51478 1.161375 3.67358 1.22715 3.739358 1.068348 3.67358 1.002572 3.739358 1.161373 3.51478 1.161375 3.739358 1.161373 3.514778 1.068348 3.67358 1.002572 3.514778 1.068348 3.739358 1.161373 0.09285342 -2.975425 0.09289443 5.023199 0.1387754 5.023197 0.2305966 -2.975426 0.2305371 5.023197 0.276418 5.023198 0.4142539 -2.975424 0.4140601 5.023201 0.4599409 5.023203 0.1846819 -2.975426 0.1846563 5.023197 0.2305371 5.023197 0.3224242 -2.975426 0.3222987 5.023199 0.3681794 5.0232 0.3683391 -2.975425 0.3681794 5.0232 0.4140601 5.023201 0.1387671 -2.975426 0.1387754 5.023197 0.1846563 5.023197 0.2765103 -2.975426 0.276418 5.023198 0.3222987 5.023199 3.978349 1.068349 3.91257 1.002572 3.819546 1.002571 3.819546 1.22715 3.753769 1.068348 3.753769 1.161373 3.912571 1.22715 3.753769 1.068348 3.819546 1.22715 3.978349 1.161373 3.978349 1.068349 3.912571 1.22715 3.753769 1.068348 3.912571 1.22715 3.819546 1.002571 3.978349 1.068349 3.819546 1.002571 3.912571 1.22715 -2.012063 0.4738548 1.987653 0.4737361 1.987652 0.4579928 -2.012058 0.4265417 1.987652 0.4265043 1.987652 0.4107596 -2.012052 0.3634575 1.987652 0.3635246 1.987652 0.3477794 -2.01206 0.4423131 1.987652 0.4422484 1.987652 0.4265043 -2.012054 0.3949998 1.987652 0.395015 1.987652 0.3792701 -2.012053 0.3792291 1.987652 0.3792701 1.987652 0.3635246 -2.012062 0.4580839 1.987652 0.4579928 1.987652 0.4422484 -2.012056 0.4107706 1.987652 0.4107596 1.987652 0.395015 -2.012063 0.6003093 1.987573 0.6001382 1.987572 0.5843924 -2.012063 0.5529949 1.987571 0.5529024 1.987571 0.537158 -2.012062 0.4899101 1.987571 0.4899235 1.987571 0.474178 -2.012063 0.5687668 1.987572 0.5686467 1.987571 0.5529024 -2.012062 0.5214523 1.987571 0.5214133 1.987571 0.5056684 -2.012062 0.5056812 1.987571 0.5056684 1.987571 0.4899235 -2.012063 0.5845382 1.987572 0.5843924 1.987572 0.5686467 -2.012063 0.5372237 1.987571 0.537158 1.987571 0.5214133 -2.008362 0.2552028 1.987652 0.2552374 1.987652 0.2380596 -2.008361 0.2831394 -2.008362 0.3003166 1.987651 0.3003817 1.987651 0.3283189 1.987651 0.3003817 -2.008362 0.3003166 -2.008362 0.2552028 -2.008361 0.2831394 1.987651 0.2832387 1.903501 0.003098905 1.913972 0.003098785 1.913974 -0.6211455 0.9891891 0.9806369 0.0103752 0.9805825 0.01933932 0.9885607 0.01043498 0.018821 0.01940125 0.01084011 0.01264548 0.001006901 0.0103752 0.9805825 0.01043498 0.018821 1.61317e-4 0.01263725 0.0103752 0.9805825 0.002496778 0.9904256 0.01258039 0.9983897 0.9812114 0.9896082 0.01933932 0.9885607 0.01258039 0.9983897 0.9891891 0.9806369 0.9812114 0.9896082 0.9910737 0.9974923 0.9891906 0.01936894 0.9891891 0.9806369 0.9990281 0.9873893 0.9891906 0.01936894 0.9990281 0.01261961 0.9910813 0.002525091 0.01940125 0.01084011 0.9812194 0.01039332 0.9873964 9.99364e-5 1.068736 0.003100275 1.903501 0.003098905 1.903501 -0.6211454 1.058265 0.003100872 1.068736 0.003100275 1.068735 -0.6211448 0.2234964 0.003105342 1.058265 0.003100872 1.058262 -0.6211461 1.913972 0.003098785 2.748737 0.003101468 2.748739 -0.6211428 -0.6322158 0.003111004 -0.6217441 0.003110885 -0.6217482 -0.6211358 -0.6217441 0.003110885 0.2130246 0.003105342 0.2130202 -0.6211417 0.2130246 0.003105342 0.2234964 0.003105342 0.2234931 -0.6211417 0.67856 1.067474 0.6475882 1.067474 0.6475873 -0.01407313 0.7198547 1.067474 0.7198538 -0.0140742 0.7508252 -0.0140742 0.7921193 -0.01407492 0.7921201 1.067474 0.750826 1.067474 0.67856 1.067474 0.6785587 -0.01407361 0.7198538 -0.0140742 0.2437862 1.067441 0.2128144 1.06743 0.2130793 -0.01411855 0.2850809 1.067455 0.2853459 -0.0140962 0.3163172 -0.01408612 0.3576118 -0.01407444 0.3573454 1.067475 0.3160518 1.067463 0.2437862 1.067441 0.2440512 -0.01410889 0.2853459 -0.0140962 0.5337237 1.067474 0.5027526 1.067472 0.5027517 -0.01407825 0.5750181 1.067473 0.5750172 -0.01407837 0.6059878 -0.01407891 0.6472822 -0.01407945 0.647284 1.067474 0.6059894 1.067474 0.5337237 1.067474 0.5337228 -0.01407837 0.5750172 -0.01407837 0.3888888 1.067475 0.3579179 1.067475 0.3579161 -0.01407766 0.4301832 1.067474 0.4301815 -0.01407885 0.4611529 -0.0140804 0.5024476 -0.01408201 0.5024484 1.067473 0.4611542 1.067473 0.3888888 1.067475 0.3888871 -0.01407766 0.4301815 -0.01407885 0.67856 1.067474 0.6475882 1.067474 0.6475873 -0.01407313 0.7198547 1.067474 0.7198538 -0.0140742 0.7508252 -0.0140742 0.7921193 -0.01407492 0.7921201 1.067474 0.750826 1.067474 0.67856 1.067474 0.6785587 -0.01407361 0.7198538 -0.0140742 0.2437862 1.067441 0.2128144 1.06743 0.2130793 -0.01411855 0.2850809 1.067455 0.2853459 -0.0140962 0.3163172 -0.01408612 0.3576118 -0.01407444 0.3573454 1.067475 0.3160518 1.067463 0.2437862 1.067441 0.2440512 -0.01410889 0.2853459 -0.0140962 0.5337237 1.067474 0.5027526 1.067472 0.5027517 -0.01407825 0.5750181 1.067473 0.5750172 -0.01407837 0.6059878 -0.01407891 0.6472822 -0.01407945 0.647284 1.067474 0.6059894 1.067474 0.5337237 1.067474 0.5337228 -0.01407837 0.5750172 -0.01407837 0.3888888 1.067475 0.3579179 1.067475 0.3579161 -0.01407766 0.4301832 1.067474 0.4301815 -0.01407885 0.4611529 -0.0140804 0.5024476 -0.01408201 0.5024484 1.067473 0.4611542 1.067473 0.3888888 1.067475 0.3888871 -0.01407766 0.4301815 -0.01407885 0.07940447 1.047925 0.07940447 -0.02910482 0.0897367 -0.02837997 0.1183634 -0.02837997 0.1286945 -0.02910482 0.1286905 1.047925 0.1573173 -0.02910482 0.1573173 1.047925 0.1286905 1.047925 0.08973604 1.04865 0.0897367 -0.02837997 0.1183634 -0.02837997 5.7213e-5 1.047904 5.60507e-5 -0.02910482 0.01104933 -0.02874976 0.03967565 -0.0287494 0.05066806 -0.02910417 0.05066567 1.047903 0.07929241 1.047903 0.05066567 1.047903 0.05066806 -0.02910417 0.01104962 1.048259 0.01104933 -0.02874976 0.03967565 -0.0287494 0.4966289 1.047925 0.4966289 -0.02910482 0.5069612 -0.02837997 0.5355879 -0.02837997 0.545919 -0.02910482 0.545915 1.047925 0.5745418 -0.02910482 0.5745418 1.047925 0.545915 1.047925 0.5069605 1.04865 0.5069612 -0.02837997 0.5355879 -0.02837997 -0.1692166 1.047904 -0.1692178 -0.02910482 -0.1582245 -0.02874976 -0.1295982 -0.0287494 -0.1186057 -0.02910417 -0.1186082 1.047903 -0.08998149 1.047903 -0.1186082 1.047903 -0.1186057 -0.02910417 -0.1582242 1.048259 -0.1582245 -0.02874976 -0.1295982 -0.0287494 0.2605991 1.047925 0.2605991 -0.02910482 0.2709313 -0.02837997 0.299558 -0.02837997 0.3098891 -0.02910482 0.3098851 1.047925 0.338512 -0.02910482 0.338512 1.047925 0.3098851 1.047925 0.2709307 1.04865 0.2709313 -0.02837997 0.299558 -0.02837997 0.269465 1.047904 0.2694638 -0.02910482 0.2804571 -0.02874976 0.3090835 -0.0287494 0.3200759 -0.02910417 0.3200734 1.047903 0.3487002 1.047903 0.3200734 1.047903 0.3200759 -0.02910417 0.2804574 1.048259 0.2804571 -0.02874976 0.3090835 -0.0287494 0.4560986 1.047925 0.4560986 -0.02910482 0.4664308 -0.02837997 0.4950575 -0.02837997 0.5053886 -0.02910482 0.5053846 1.047925 0.5340114 -0.02910482 0.5340114 1.047925 0.5053846 1.047925 0.4664301 1.04865 0.4664308 -0.02837997 0.4950575 -0.02837997 0.4458913 1.047904 0.4458901 -0.02910482 0.4568834 -0.02874976 0.4855098 -0.0287494 0.4965022 -0.02910417 0.4964998 1.047903 0.5251265 1.047903 0.4964998 1.047903 0.4965022 -0.02910417 0.4568837 1.048259 0.4568834 -0.02874976 0.4855098 -0.0287494 0.1342397 1.047925 0.1342397 -0.02910482 0.1445719 -0.02837997 0.1731986 -0.02837997 0.1835297 -0.02910482 0.1835257 1.047925 0.2121526 -0.02910482 0.2121526 1.047925 0.1835257 1.047925 0.1445713 1.04865 0.1445719 -0.02837997 0.1731986 -0.02837997 -0.1191498 1.047904 -0.1191509 -0.02910482 -0.1081576 -0.02874976 -0.07953131 -0.0287494 -0.06853884 -0.02910417 -0.06854128 1.047903 -0.03991454 1.047903 -0.06854128 1.047903 -0.06853884 -0.02910417 -0.1081573 1.048259 -0.1081576 -0.02874976 -0.07953131 -0.0287494 0.01026445 1.047925 0.01026445 -0.02910482 0.02059662 -0.02837997 0.0492233 -0.02837997 0.05955445 -0.02910482 0.0595504 1.047925 0.08817726 -0.02910482 0.08817726 1.047925 0.0595504 1.047925 0.02059596 1.04865 0.02059662 -0.02837997 0.0492233 -0.02837997 0.5698666 1.047904 0.5698654 -0.02910482 0.5808587 -0.02874976 0.609485 -0.0287494 0.6204775 -0.02910417 0.6204751 1.047903 0.6491018 1.047903 0.6204751 1.047903 0.6204775 -0.02910417 0.580859 1.048259 0.5808587 -0.02874976 0.609485 -0.0287494 0.2224529 1.047925 0.2224529 -0.02910482 0.2327851 -0.02837997 0.2614118 -0.02837997 0.2717429 -0.02910482 0.2717389 1.047925 0.3003658 -0.02910482 0.3003658 1.047925 0.2717389 1.047925 0.2327844 1.04865 0.2327851 -0.02837997 0.2614118 -0.02837997 -0.1358387 1.047904 -0.1358399 -0.02910482 -0.1248466 -0.02874976 -0.09622025 -0.0287494 -0.08522784 -0.02910417 -0.08523023 1.047903 -0.05660349 1.047903 -0.08523023 1.047903 -0.08522784 -0.02910417 -0.1248463 1.048259 -0.1248466 -0.02874976 -0.09622025 -0.0287494 0.67856 1.067474 0.6475882 1.067474 0.6475873 -0.01407313 0.7198547 1.067474 0.7198538 -0.0140742 0.7508252 -0.0140742 0.7921193 -0.01407492 0.7921201 1.067474 0.750826 1.067474 0.6785587 -0.01407361 0.7198538 -0.0140742 0.7198547 1.067474 0.2437862 1.067441 0.2128144 1.06743 0.2130793 -0.01411855 0.2850809 1.067455 0.2853459 -0.0140962 0.3163172 -0.01408612 0.3576118 -0.01407444 0.3573454 1.067475 0.3160518 1.067463 0.2440512 -0.01410889 0.2853459 -0.0140962 0.2850809 1.067455 0.5337237 1.067474 0.5027526 1.067472 0.5027517 -0.01407825 0.5750181 1.067473 0.5750172 -0.01407837 0.6059878 -0.01407891 0.6472822 -0.01407945 0.647284 1.067474 0.6059894 1.067474 0.5337228 -0.01407837 0.5750172 -0.01407837 0.5750181 1.067473 0.3888888 1.067475 0.3579179 1.067475 0.3579161 -0.01407766 0.4301832 1.067474 0.4301815 -0.01407885 0.4611529 -0.0140804 0.5024476 -0.01408201 0.5024484 1.067473 0.4611542 1.067473 0.3888871 -0.01407766 0.4301815 -0.01407885 0.4301832 1.067474 0.67856 1.067474 0.6475882 1.067474 0.6475873 -0.01407313 0.7198547 1.067474 0.7198538 -0.0140742 0.7508252 -0.0140742 0.7921193 -0.01407492 0.7921201 1.067474 0.750826 1.067474 0.6785587 -0.01407361 0.7198538 -0.0140742 0.7198547 1.067474 0.2437862 1.067441 0.2128144 1.06743 0.2130793 -0.01411855 0.2850809 1.067455 0.2853459 -0.0140962 0.3163172 -0.01408612 0.3576118 -0.01407444 0.3573454 1.067475 0.3160518 1.067463 0.2440512 -0.01410889 0.2853459 -0.0140962 0.2850809 1.067455 0.5337237 1.067474 0.5027526 1.067472 0.5027517 -0.01407825 0.5750181 1.067473 0.5750172 -0.01407837 0.6059878 -0.01407891 0.6472822 -0.01407945 0.647284 1.067474 0.6059894 1.067474 0.5337228 -0.01407837 0.5750172 -0.01407837 0.5750181 1.067473 0.3888888 1.067475 0.3579179 1.067475 0.3579161 -0.01407766 0.4301832 1.067474 0.4301815 -0.01407885 0.4611529 -0.0140804 0.5024476 -0.01408201 0.5024484 1.067473 0.4611542 1.067473 0.3888871 -0.01407766 0.4301815 -0.01407885 0.4301832 1.067474 0.07940447 1.047925 0.07940447 -0.02910482 0.0897367 -0.02837997 0.1183634 -0.02837997 0.1286945 -0.02910482 0.1286905 1.047925 0.1573173 1.047925 0.1286905 1.047925 0.1286945 -0.02910482 0.08973604 1.04865 0.0897367 -0.02837997 0.1183634 -0.02837997 5.7213e-5 1.047904 5.60507e-5 -0.02910482 0.01104933 -0.02874976 0.03967565 -0.0287494 0.05066806 -0.02910417 0.05066567 1.047903 0.07929241 1.047903 0.05066567 1.047903 0.05066806 -0.02910417 0.01104962 1.048259 0.01104933 -0.02874976 0.03967565 -0.0287494 0.4966289 1.047925 0.4966289 -0.02910482 0.5069612 -0.02837997 0.5355879 -0.02837997 0.545919 -0.02910482 0.545915 1.047925 0.5745418 1.047925 0.545915 1.047925 0.545919 -0.02910482 0.5069605 1.04865 0.5069612 -0.02837997 0.5355879 -0.02837997 -0.1692166 1.047904 -0.1692178 -0.02910482 -0.1582245 -0.02874976 -0.1295982 -0.0287494 -0.1186057 -0.02910417 -0.1186082 1.047903 -0.08998149 1.047903 -0.1186082 1.047903 -0.1186057 -0.02910417 -0.1582242 1.048259 -0.1582245 -0.02874976 -0.1295982 -0.0287494 0.2605991 1.047925 0.2605991 -0.02910482 0.2709313 -0.02837997 0.299558 -0.02837997 0.3098891 -0.02910482 0.3098851 1.047925 0.338512 1.047925 0.3098851 1.047925 0.3098891 -0.02910482 0.2709307 1.04865 0.2709313 -0.02837997 0.299558 -0.02837997 0.269465 1.047904 0.2694638 -0.02910482 0.2804571 -0.02874976 0.3090835 -0.0287494 0.3200759 -0.02910417 0.3200734 1.047903 0.3487002 1.047903 0.3200734 1.047903 0.3200759 -0.02910417 0.2804574 1.048259 0.2804571 -0.02874976 0.3090835 -0.0287494 0.4560986 1.047925 0.4560986 -0.02910482 0.4664308 -0.02837997 0.4950575 -0.02837997 0.5053886 -0.02910482 0.5053846 1.047925 0.5340114 1.047925 0.5053846 1.047925 0.5053886 -0.02910482 0.4664301 1.04865 0.4664308 -0.02837997 0.4950575 -0.02837997 0.4458913 1.047904 0.4458901 -0.02910482 0.4568834 -0.02874976 0.4855098 -0.0287494 0.4965022 -0.02910417 0.4964998 1.047903 0.5251265 1.047903 0.4964998 1.047903 0.4965022 -0.02910417 0.4568837 1.048259 0.4568834 -0.02874976 0.4855098 -0.0287494 0.1342397 1.047925 0.1342397 -0.02910482 0.1445719 -0.02837997 0.1731986 -0.02837997 0.1835297 -0.02910482 0.1835257 1.047925 0.2121526 1.047925 0.1835257 1.047925 0.1835297 -0.02910482 0.1445713 1.04865 0.1445719 -0.02837997 0.1731986 -0.02837997 -0.1191498 1.047904 -0.1191509 -0.02910482 -0.1081576 -0.02874976 -0.07953131 -0.0287494 -0.06853884 -0.02910417 -0.06854128 1.047903 -0.03991454 1.047903 -0.06854128 1.047903 -0.06853884 -0.02910417 -0.1081573 1.048259 -0.1081576 -0.02874976 -0.07953131 -0.0287494 0.01026445 1.047925 0.01026445 -0.02910482 0.02059662 -0.02837997 0.0492233 -0.02837997 0.05955445 -0.02910482 0.0595504 1.047925 0.08817726 1.047925 0.0595504 1.047925 0.05955445 -0.02910482 0.02059596 1.04865 0.02059662 -0.02837997 0.0492233 -0.02837997 0.5698666 1.047904 0.5698654 -0.02910482 0.5808587 -0.02874976 0.609485 -0.0287494 0.6204775 -0.02910417 0.6204751 1.047903 0.6491018 1.047903 0.6204751 1.047903 0.6204775 -0.02910417 0.580859 1.048259 0.5808587 -0.02874976 0.609485 -0.0287494 0.2224529 1.047925 0.2224529 -0.02910482 0.2327851 -0.02837997 0.2614118 -0.02837997 0.2717429 -0.02910482 0.2717389 1.047925 0.3003658 1.047925 0.2717389 1.047925 0.2717429 -0.02910482 0.2327844 1.04865 0.2327851 -0.02837997 0.2614118 -0.02837997 -0.1358387 1.047904 -0.1358399 -0.02910482 -0.1248466 -0.02874976 -0.09622025 -0.0287494 -0.08522784 -0.02910417 -0.08523023 1.047903 -0.05660349 1.047903 -0.08523023 1.047903 -0.08522784 -0.02910417 -0.1248463 1.048259 -0.1248466 -0.02874976 -0.09622025 -0.0287494 0.67856 1.067474 0.6475882 1.067474 0.6475873 -0.01407313 0.7198547 1.067474 0.7198538 -0.0140742 0.7508252 -0.0140742 0.7921201 1.067474 0.750826 1.067474 0.7508252 -0.0140742 0.67856 1.067474 0.6785587 -0.01407361 0.7198538 -0.0140742 0.2437862 1.067441 0.2128144 1.06743 0.2130793 -0.01411855 0.2850809 1.067455 0.2853459 -0.0140962 0.3163172 -0.01408612 0.3573454 1.067475 0.3160518 1.067463 0.3163172 -0.01408612 0.2437862 1.067441 0.2440512 -0.01410889 0.2853459 -0.0140962 0.5337237 1.067474 0.5027526 1.067472 0.5027517 -0.01407825 0.5750181 1.067473 0.5750172 -0.01407837 0.6059878 -0.01407891 0.647284 1.067474 0.6059894 1.067474 0.6059878 -0.01407891 0.5337237 1.067474 0.5337228 -0.01407837 0.5750172 -0.01407837 0.3888888 1.067475 0.3579179 1.067475 0.3579161 -0.01407766 0.4301832 1.067474 0.4301815 -0.01407885 0.4611529 -0.0140804 0.5024484 1.067473 0.4611542 1.067473 0.4611529 -0.0140804 0.3888888 1.067475 0.3888871 -0.01407766 0.4301815 -0.01407885 0.67856 1.067474 0.6475882 1.067474 0.6475873 -0.01407313 0.7198547 1.067474 0.7198538 -0.0140742 0.7508252 -0.0140742 0.7921201 1.067474 0.750826 1.067474 0.7508252 -0.0140742 0.67856 1.067474 0.6785587 -0.01407361 0.7198538 -0.0140742 0.2437862 1.067441 0.2128144 1.06743 0.2130793 -0.01411855 0.2850809 1.067455 0.2853459 -0.0140962 0.3163172 -0.01408612 0.3573454 1.067475 0.3160518 1.067463 0.3163172 -0.01408612 0.2437862 1.067441 0.2440512 -0.01410889 0.2853459 -0.0140962 0.5337237 1.067474 0.5027526 1.067472 0.5027517 -0.01407825 0.5750181 1.067473 0.5750172 -0.01407837 0.6059878 -0.01407891 0.647284 1.067474 0.6059894 1.067474 0.6059878 -0.01407891 0.5337237 1.067474 0.5337228 -0.01407837 0.5750172 -0.01407837 0.3888888 1.067475 0.3579179 1.067475 0.3579161 -0.01407766 0.4301832 1.067474 0.4301815 -0.01407885 0.4611529 -0.0140804 0.5024484 1.067473 0.4611542 1.067473 0.4611529 -0.0140804 0.3888888 1.067475 0.3888871 -0.01407766 0.4301815 -0.01407885 0.07940447 1.047925 0.07940447 -0.02910482 0.0897367 -0.02837997 0.1183634 -0.02837997 0.1286945 -0.02910482 0.1286905 1.047925 0.1573173 1.047925 0.1286905 1.047925 0.1286945 -0.02910482 0.08973604 1.04865 0.0897367 -0.02837997 0.1183634 -0.02837997 5.7213e-5 1.047904 5.60507e-5 -0.02910482 0.01104933 -0.02874976 0.03967565 -0.0287494 0.05066806 -0.02910417 0.05066567 1.047903 0.07929241 -0.02910423 0.07929241 1.047903 0.05066567 1.047903 0.01104962 1.048259 0.01104933 -0.02874976 0.03967565 -0.0287494 0.4966289 1.047925 0.4966289 -0.02910482 0.5069612 -0.02837997 0.5355879 -0.02837997 0.545919 -0.02910482 0.545915 1.047925 0.5745418 1.047925 0.545915 1.047925 0.545919 -0.02910482 0.5069605 1.04865 0.5069612 -0.02837997 0.5355879 -0.02837997 -0.1692166 1.047904 -0.1692178 -0.02910482 -0.1582245 -0.02874976 -0.1295982 -0.0287494 -0.1186057 -0.02910417 -0.1186082 1.047903 -0.08998149 -0.02910423 -0.08998149 1.047903 -0.1186082 1.047903 -0.1582242 1.048259 -0.1582245 -0.02874976 -0.1295982 -0.0287494 0.2605991 1.047925 0.2605991 -0.02910482 0.2709313 -0.02837997 0.299558 -0.02837997 0.3098891 -0.02910482 0.3098851 1.047925 0.338512 1.047925 0.3098851 1.047925 0.3098891 -0.02910482 0.2709307 1.04865 0.2709313 -0.02837997 0.299558 -0.02837997 0.269465 1.047904 0.2694638 -0.02910482 0.2804571 -0.02874976 0.3090835 -0.0287494 0.3200759 -0.02910417 0.3200734 1.047903 0.3487002 -0.02910423 0.3487002 1.047903 0.3200734 1.047903 0.2804574 1.048259 0.2804571 -0.02874976 0.3090835 -0.0287494 0.4560986 1.047925 0.4560986 -0.02910482 0.4664308 -0.02837997 0.4950575 -0.02837997 0.5053886 -0.02910482 0.5053846 1.047925 0.5340114 1.047925 0.5053846 1.047925 0.5053886 -0.02910482 0.4664301 1.04865 0.4664308 -0.02837997 0.4950575 -0.02837997 0.4458913 1.047904 0.4458901 -0.02910482 0.4568834 -0.02874976 0.4855098 -0.0287494 0.4965022 -0.02910417 0.4964998 1.047903 0.5251265 -0.02910423 0.5251265 1.047903 0.4964998 1.047903 0.4568837 1.048259 0.4568834 -0.02874976 0.4855098 -0.0287494 0.1342397 1.047925 0.1342397 -0.02910482 0.1445719 -0.02837997 0.1731986 -0.02837997 0.1835297 -0.02910482 0.1835257 1.047925 0.2121526 1.047925 0.1835257 1.047925 0.1835297 -0.02910482 0.1445713 1.04865 0.1445719 -0.02837997 0.1731986 -0.02837997 -0.1191498 1.047904 -0.1191509 -0.02910482 -0.1081576 -0.02874976 -0.07953131 -0.0287494 -0.06853884 -0.02910417 -0.06854128 1.047903 -0.03991454 -0.02910423 -0.03991454 1.047903 -0.06854128 1.047903 -0.1081573 1.048259 -0.1081576 -0.02874976 -0.07953131 -0.0287494 0.01026445 1.047925 0.01026445 -0.02910482 0.02059662 -0.02837997 0.0492233 -0.02837997 0.05955445 -0.02910482 0.0595504 1.047925 0.08817726 1.047925 0.0595504 1.047925 0.05955445 -0.02910482 0.02059596 1.04865 0.02059662 -0.02837997 0.0492233 -0.02837997 0.5698666 1.047904 0.5698654 -0.02910482 0.5808587 -0.02874976 0.609485 -0.0287494 0.6204775 -0.02910417 0.6204751 1.047903 0.6491018 -0.02910423 0.6491018 1.047903 0.6204751 1.047903 0.580859 1.048259 0.5808587 -0.02874976 0.609485 -0.0287494 0.2224529 1.047925 0.2224529 -0.02910482 0.2327851 -0.02837997 0.2614118 -0.02837997 0.2717429 -0.02910482 0.2717389 1.047925 0.3003658 1.047925 0.2717389 1.047925 0.2717429 -0.02910482 0.2327844 1.04865 0.2327851 -0.02837997 0.2614118 -0.02837997 -0.1358387 1.047904 -0.1358399 -0.02910482 -0.1248466 -0.02874976 -0.09622025 -0.0287494 -0.08522784 -0.02910417 -0.08523023 1.047903 -0.05660349 -0.02910423 -0.05660349 1.047903 -0.08523023 1.047903 -0.1248463 1.048259 -0.1248466 -0.02874976 -0.09622025 -0.0287494 0.67856 1.067474 0.6475882 1.067474 0.6475873 -0.01407313 0.7198547 1.067474 0.7198538 -0.0140742 0.7508252 -0.0140742 0.7921201 1.067474 0.750826 1.067474 0.7508252 -0.0140742 0.67856 1.067474 0.6785587 -0.01407361 0.7198538 -0.0140742 0.2437862 1.067441 0.2128144 1.06743 0.2130793 -0.01411855 0.2850809 1.067455 0.2853459 -0.0140962 0.3163172 -0.01408612 0.3573454 1.067475 0.3160518 1.067463 0.3163172 -0.01408612 0.2437862 1.067441 0.2440512 -0.01410889 0.2853459 -0.0140962 0.5337237 1.067474 0.5027526 1.067472 0.5027517 -0.01407825 0.5750181 1.067473 0.5750172 -0.01407837 0.6059878 -0.01407891 0.647284 1.067474 0.6059894 1.067474 0.6059878 -0.01407891 0.5337237 1.067474 0.5337228 -0.01407837 0.5750172 -0.01407837 0.3888888 1.067475 0.3579179 1.067475 0.3579161 -0.01407766 0.4301832 1.067474 0.4301815 -0.01407885 0.4611529 -0.0140804 0.5024484 1.067473 0.4611542 1.067473 0.4611529 -0.0140804 0.3888888 1.067475 0.3888871 -0.01407766 0.4301815 -0.01407885 0.67856 1.067474 0.6475882 1.067474 0.6475873 -0.01407313 0.7198547 1.067474 0.7198538 -0.0140742 0.7508252 -0.0140742 0.7921201 1.067474 0.750826 1.067474 0.7508252 -0.0140742 0.67856 1.067474 0.6785587 -0.01407361 0.7198538 -0.0140742 0.2437862 1.067441 0.2128144 1.06743 0.2130793 -0.01411855 0.2850809 1.067455 0.2853459 -0.0140962 0.3163172 -0.01408612 0.3573454 1.067475 0.3160518 1.067463 0.3163172 -0.01408612 0.2437862 1.067441 0.2440512 -0.01410889 0.2853459 -0.0140962 0.5337237 1.067474 0.5027526 1.067472 0.5027517 -0.01407825 0.5750181 1.067473 0.5750172 -0.01407837 0.6059878 -0.01407891 0.647284 1.067474 0.6059894 1.067474 0.6059878 -0.01407891 0.5337237 1.067474 0.5337228 -0.01407837 0.5750172 -0.01407837 0.3888888 1.067475 0.3579179 1.067475 0.3579161 -0.01407766 0.4301832 1.067474 0.4301815 -0.01407885 0.4611529 -0.0140804 0.5024484 1.067473 0.4611542 1.067473 0.4611529 -0.0140804 0.3888888 1.067475 0.3888871 -0.01407766 0.4301815 -0.01407885 0.07940447 1.047925 0.07940447 -0.02910482 0.0897367 -0.02837997 0.1183634 -0.02837997 0.1286945 -0.02910482 0.1286905 1.047925 0.1573173 1.047925 0.1286905 1.047925 0.1286945 -0.02910482 0.08973604 1.04865 0.0897367 -0.02837997 0.1183634 -0.02837997 5.7213e-5 1.047904 5.60507e-5 -0.02910482 0.01104933 -0.02874976 0.03967565 -0.0287494 0.05066806 -0.02910417 0.05066567 1.047903 0.07929241 1.047903 0.05066567 1.047903 0.05066806 -0.02910417 0.01104962 1.048259 0.01104933 -0.02874976 0.03967565 -0.0287494 0.4966289 1.047925 0.4966289 -0.02910482 0.5069612 -0.02837997 0.5355879 -0.02837997 0.545919 -0.02910482 0.545915 1.047925 0.5745418 1.047925 0.545915 1.047925 0.545919 -0.02910482 0.5069605 1.04865 0.5069612 -0.02837997 0.5355879 -0.02837997 -0.1692166 1.047904 -0.1692178 -0.02910482 -0.1582245 -0.02874976 -0.1295982 -0.0287494 -0.1186057 -0.02910417 -0.1186082 1.047903 -0.08998149 1.047903 -0.1186082 1.047903 -0.1186057 -0.02910417 -0.1582242 1.048259 -0.1582245 -0.02874976 -0.1295982 -0.0287494 0.2605991 1.047925 0.2605991 -0.02910482 0.2709313 -0.02837997 0.299558 -0.02837997 0.3098891 -0.02910482 0.3098851 1.047925 0.338512 1.047925 0.3098851 1.047925 0.3098891 -0.02910482 0.2709307 1.04865 0.2709313 -0.02837997 0.299558 -0.02837997 0.269465 1.047904 0.2694638 -0.02910482 0.2804571 -0.02874976 0.3090835 -0.0287494 0.3200759 -0.02910417 0.3200734 1.047903 0.3487002 1.047903 0.3200734 1.047903 0.3200759 -0.02910417 0.2804574 1.048259 0.2804571 -0.02874976 0.3090835 -0.0287494 0.4560986 1.047925 0.4560986 -0.02910482 0.4664308 -0.02837997 0.4950575 -0.02837997 0.5053886 -0.02910482 0.5053846 1.047925 0.5340114 1.047925 0.5053846 1.047925 0.5053886 -0.02910482 0.4664301 1.04865 0.4664308 -0.02837997 0.4950575 -0.02837997 0.4458913 1.047904 0.4458901 -0.02910482 0.4568834 -0.02874976 0.4855098 -0.0287494 0.4965022 -0.02910417 0.4964998 1.047903 0.5251265 1.047903 0.4964998 1.047903 0.4965022 -0.02910417 0.4568837 1.048259 0.4568834 -0.02874976 0.4855098 -0.0287494 0.1342397 1.047925 0.1342397 -0.02910482 0.1445719 -0.02837997 0.1731986 -0.02837997 0.1835297 -0.02910482 0.1835257 1.047925 0.2121526 1.047925 0.1835257 1.047925 0.1835297 -0.02910482 0.1445713 1.04865 0.1445719 -0.02837997 0.1731986 -0.02837997 -0.1191498 1.047904 -0.1191509 -0.02910482 -0.1081576 -0.02874976 -0.07953131 -0.0287494 -0.06853884 -0.02910417 -0.06854128 1.047903 -0.03991454 1.047903 -0.06854128 1.047903 -0.06853884 -0.02910417 -0.1081573 1.048259 -0.1081576 -0.02874976 -0.07953131 -0.0287494 0.01026445 1.047925 0.01026445 -0.02910482 0.02059662 -0.02837997 0.0492233 -0.02837997 0.05955445 -0.02910482 0.0595504 1.047925 0.08817726 1.047925 0.0595504 1.047925 0.05955445 -0.02910482 0.02059596 1.04865 0.02059662 -0.02837997 0.0492233 -0.02837997 0.5698666 1.047904 0.5698654 -0.02910482 0.5808587 -0.02874976 0.609485 -0.0287494 0.6204775 -0.02910417 0.6204751 1.047903 0.6491018 1.047903 0.6204751 1.047903 0.6204775 -0.02910417 0.580859 1.048259 0.5808587 -0.02874976 0.609485 -0.0287494 0.2224529 1.047925 0.2224529 -0.02910482 0.2327851 -0.02837997 0.2614118 -0.02837997 0.2717429 -0.02910482 0.2717389 1.047925 0.3003658 1.047925 0.2717389 1.047925 0.2717429 -0.02910482 0.2327844 1.04865 0.2327851 -0.02837997 0.2614118 -0.02837997 -0.1358387 1.047904 -0.1358399 -0.02910482 -0.1248466 -0.02874976 -0.09622025 -0.0287494 -0.08522784 -0.02910417 -0.08523023 1.047903 -0.05660349 1.047903 -0.08523023 1.047903 -0.08522784 -0.02910417 -0.1248463 1.048259 -0.1248466 -0.02874976 -0.09622025 -0.0287494 0.67856 1.035514 0.6475882 1.035514 0.6475873 0.01788681 0.7198547 1.035514 0.7198538 0.0178858 0.7508252 0.0178858 0.7921201 1.035514 0.750826 1.035514 0.7508252 0.0178858 0.67856 1.035514 0.6785587 0.01788634 0.7198538 0.0178858 0.67856 1.035514 0.6475882 1.035514 0.6475873 0.01788681 0.7198547 1.035514 0.7198538 0.0178858 0.7508252 0.0178858 0.7921201 1.035514 0.750826 1.035514 0.7508252 0.0178858 0.67856 1.035514 0.6785587 0.01788634 0.7198538 0.0178858 0.67856 1.035514 0.6475882 1.035514 0.6475873 0.01788681 0.7198547 1.035514 0.7198538 0.0178858 0.7508252 0.0178858 0.7921201 1.035514 0.750826 1.035514 0.7508252 0.0178858 0.67856 1.035514 0.6785587 0.01788634 0.7198538 0.0178858 0.67856 1.035514 0.6475882 1.035514 0.6475873 0.01788681 0.7198547 1.035514 0.7198538 0.0178858 0.7508252 0.0178858 0.7921193 0.01788514 0.7921201 1.035514 0.750826 1.035514 0.6785587 0.01788634 0.7198538 0.0178858 0.7198547 1.035514 0.67856 1.035514 0.6475882 1.035514 0.6475873 0.01788681 0.7198547 1.035514 0.7198538 0.0178858 0.7508252 0.0178858 0.7921201 1.035514 0.750826 1.035514 0.7508252 0.0178858 0.67856 1.035514 0.6785587 0.01788634 0.7198538 0.0178858 0.67856 1.035514 0.6475882 1.035514 0.6475873 0.01788681 0.7198547 1.035514 0.7198538 0.0178858 0.7508252 0.0178858 0.7921193 0.01788514 0.7921201 1.035514 0.750826 1.035514 0.67856 1.035514 0.6785587 0.01788634 0.7198538 0.0178858 0.67856 1.035514 0.6475882 1.035514 0.6475873 0.01788681 0.7198547 1.035514 0.7198538 0.0178858 0.7508252 0.0178858 0.7921193 0.01788514 0.7921201 1.035514 0.750826 1.035514 0.6785587 0.01788634 0.7198538 0.0178858 0.7198547 1.035514 0.67856 1.035514 0.6475882 1.035514 0.6475873 0.01788681 0.7198547 1.035514 0.7198538 0.0178858 0.7508252 0.0178858 0.7921193 0.01788514 0.7921201 1.035514 0.750826 1.035514 0.6785587 0.01788634 0.7198538 0.0178858 0.7198547 1.035514 0.3576118 -0.01407444 0.3573454 1.067475 0.3160518 1.067463 0.5027526 1.067472 0.5027517 -0.01407825 0.5337228 -0.01407837 0.6472822 -0.01407945 0.647284 1.067474 0.6059894 1.067474 0.3579179 1.067475 0.3579161 -0.01407766 0.3888871 -0.01407766 0.4301815 -0.01407885 0.4611529 -0.0140804 0.4611542 1.067473 0.5024476 -0.01408201 0.5024484 1.067473 0.4611542 1.067473 0.3888888 1.067475 0.3888871 -0.01407766 0.4301815 -0.01407885 0.7198538 -0.0140742 0.7508252 -0.0140742 0.750826 1.067474 0.67856 1.067474 0.6785587 -0.01407361 0.7198538 -0.0140742 0.2128144 1.06743 0.2130793 -0.01411855 0.2440512 -0.01410889 0.2853459 -0.0140962 0.3163172 -0.01408612 0.3160518 1.067463 0.3576118 -0.01407444 0.3573454 1.067475 0.3160518 1.067463 0.2437862 1.067441 0.2440512 -0.01410889 0.2853459 -0.0140962 0.5024476 -0.01408201 0.5024484 1.067473 0.4611542 1.067473 0.07940447 1.047925 0.07940447 -0.02910482 0.0897367 -0.02837997 0.1183634 -0.02837997 0.1286945 -0.02910482 0.1286905 1.047925 0.1573173 -0.02910482 0.1573173 1.047925 0.1286905 1.047925 0.08973604 1.04865 0.0897367 -0.02837997 0.1183634 -0.02837997 5.7213e-5 1.047904 5.60507e-5 -0.02910482 0.01104933 -0.02874976 0.03967565 -0.0287494 0.05066806 -0.02910417 0.05066567 1.047903 0.07929241 -0.02910423 0.07929241 1.047903 0.05066567 1.047903 0.01104962 1.048259 0.01104933 -0.02874976 0.03967565 -0.0287494 0.4966289 1.047925 0.4966289 -0.02910482 0.5069612 -0.02837997 0.5355879 -0.02837997 0.545919 -0.02910482 0.545915 1.047925 0.5745418 -0.02910482 0.5745418 1.047925 0.545915 1.047925 0.5069605 1.04865 0.5069612 -0.02837997 0.5355879 -0.02837997 -0.1692166 1.047904 -0.1692178 -0.02910482 -0.1582245 -0.02874976 -0.1295982 -0.0287494 -0.1186057 -0.02910417 -0.1186082 1.047903 -0.08998149 1.047903 -0.1186082 1.047903 -0.1186057 -0.02910417 -0.1582242 1.048259 -0.1582245 -0.02874976 -0.1295982 -0.0287494 0.2605991 1.047925 0.2605991 -0.02910482 0.2709313 -0.02837997 0.299558 -0.02837997 0.3098891 -0.02910482 0.3098851 1.047925 0.338512 -0.02910482 0.338512 1.047925 0.3098851 1.047925 0.2709307 1.04865 0.2709313 -0.02837997 0.299558 -0.02837997 0.269465 1.047904 0.2694638 -0.02910482 0.2804571 -0.02874976 0.3090835 -0.0287494 0.3200759 -0.02910417 0.3200734 1.047903 0.3487002 1.047903 0.3200734 1.047903 0.3200759 -0.02910417 0.2804574 1.048259 0.2804571 -0.02874976 0.3090835 -0.0287494 0.4560986 1.047925 0.4560986 -0.02910482 0.4664308 -0.02837997 0.4950575 -0.02837997 0.5053886 -0.02910482 0.5053846 1.047925 0.5340114 -0.02910482 0.5340114 1.047925 0.5053846 1.047925 0.4664301 1.04865 0.4664308 -0.02837997 0.4950575 -0.02837997 0.4458913 1.047904 0.4458901 -0.02910482 0.4568834 -0.02874976 0.4855098 -0.0287494 0.4965022 -0.02910417 0.4964998 1.047903 0.5251265 1.047903 0.4964998 1.047903 0.4965022 -0.02910417 0.4568837 1.048259 0.4568834 -0.02874976 0.4855098 -0.0287494 0.1342397 1.047925 0.1342397 -0.02910482 0.1445719 -0.02837997 0.1731986 -0.02837997 0.1835297 -0.02910482 0.1835257 1.047925 0.2121526 -0.02910482 0.2121526 1.047925 0.1835257 1.047925 0.1445713 1.04865 0.1445719 -0.02837997 0.1731986 -0.02837997 -0.1191498 1.047904 -0.1191509 -0.02910482 -0.1081576 -0.02874976 -0.07953131 -0.0287494 -0.06853884 -0.02910417 -0.06854128 1.047903 -0.03991454 1.047903 -0.06854128 1.047903 -0.06853884 -0.02910417 -0.1081573 1.048259 -0.1081576 -0.02874976 -0.07953131 -0.0287494 0.01026445 1.047925 0.01026445 -0.02910482 0.02059662 -0.02837997 0.0492233 -0.02837997 0.05955445 -0.02910482 0.0595504 1.047925 0.08817726 -0.02910482 0.08817726 1.047925 0.0595504 1.047925 0.02059596 1.04865 0.02059662 -0.02837997 0.0492233 -0.02837997 0.5698666 1.047904 0.5698654 -0.02910482 0.5808587 -0.02874976 0.609485 -0.0287494 0.6204775 -0.02910417 0.6204751 1.047903 0.6491018 1.047903 0.6204751 1.047903 0.6204775 -0.02910417 0.580859 1.048259 0.5808587 -0.02874976 0.609485 -0.0287494 0.2224529 1.047925 0.2224529 -0.02910482 0.2327851 -0.02837997 0.2614118 -0.02837997 0.2717429 -0.02910482 0.2717389 1.047925 0.3003658 -0.02910482 0.3003658 1.047925 0.2717389 1.047925 0.2327844 1.04865 0.2327851 -0.02837997 0.2614118 -0.02837997 -0.1358387 1.047904 -0.1358399 -0.02910482 -0.1248466 -0.02874976 -0.09622025 -0.0287494 -0.08522784 -0.02910417 -0.08523023 1.047903 -0.05660349 1.047903 -0.08523023 1.047903 -0.08522784 -0.02910417 -0.1248463 1.048259 -0.1248466 -0.02874976 -0.09622025 -0.0287494 0.6491018 1.047903 0.6204751 1.047903 0.6204775 -0.02910417 0.5698666 1.047904 0.5698654 -0.02910482 0.5808587 -0.02874976 0.609485 -0.0287494 0.6204775 -0.02910417 0.6204751 1.047903 0.580859 1.048259 0.5808587 -0.02874976 0.609485 -0.0287494 0.08817726 -0.02910482 0.08817726 1.047925 0.0595504 1.047925 0.01026445 1.047925 0.01026445 -0.02910482 0.02059662 -0.02837997 0.0492233 -0.02837997 0.05955445 -0.02910482 0.0595504 1.047925 0.02059596 1.04865 0.02059662 -0.02837997 0.0492233 -0.02837997 -0.03991454 1.047903 -0.06854128 1.047903 -0.06853884 -0.02910417 -0.1191498 1.047904 -0.1191509 -0.02910482 -0.1081576 -0.02874976 -0.07953131 -0.0287494 -0.06853884 -0.02910417 -0.06854128 1.047903 -0.1081573 1.048259 -0.1081576 -0.02874976 -0.07953131 -0.0287494 0.2121526 -0.02910482 0.2121526 1.047925 0.1835257 1.047925 0.1342397 1.047925 0.1342397 -0.02910482 0.1445719 -0.02837997 0.1731986 -0.02837997 0.1835297 -0.02910482 0.1835257 1.047925 0.1445713 1.04865 0.1445719 -0.02837997 0.1731986 -0.02837997 0.5251265 1.047903 0.4964998 1.047903 0.4965022 -0.02910417 0.4458913 1.047904 0.4458901 -0.02910482 0.4568834 -0.02874976 0.4855098 -0.0287494 0.4965022 -0.02910417 0.4964998 1.047903 0.4568837 1.048259 0.4568834 -0.02874976 0.4855098 -0.0287494 0.5340114 -0.02910482 0.5340114 1.047925 0.5053846 1.047925 0.4560986 1.047925 0.4560986 -0.02910482 0.4664308 -0.02837997 0.4950575 -0.02837997 0.5053886 -0.02910482 0.5053846 1.047925 0.4664301 1.04865 0.4664308 -0.02837997 0.4950575 -0.02837997 0.3487002 1.047903 0.3200734 1.047903 0.3200759 -0.02910417 0.269465 1.047904 0.2694638 -0.02910482 0.2804571 -0.02874976 0.3090835 -0.0287494 0.3200759 -0.02910417 0.3200734 1.047903 0.2804574 1.048259 0.2804571 -0.02874976 0.3090835 -0.0287494 0.338512 -0.02910482 0.338512 1.047925 0.3098851 1.047925 0.2605991 1.047925 0.2605991 -0.02910482 0.2709313 -0.02837997 0.299558 -0.02837997 0.3098891 -0.02910482 0.3098851 1.047925 0.2709307 1.04865 0.2709313 -0.02837997 0.299558 -0.02837997 0.3576118 -0.01407444 0.3573454 1.067475 0.3160518 1.067463 0.7921193 -0.01407492 0.7921201 1.067474 0.750826 1.067474 0.7198538 -0.0140742 0.7508252 -0.0140742 0.750826 1.067474 0.4301815 -0.01407885 0.4611529 -0.0140804 0.4611542 1.067473 0.3888888 1.067475 0.3888871 -0.01407766 0.4301815 -0.01407885 0.5337237 1.067474 0.5337228 -0.01407837 0.5750172 -0.01407837 0.3576118 -0.01407444 0.3573454 1.067475 0.3160518 1.067463 0.2850809 1.067455 0.2853459 -0.0140962 0.3163172 -0.01408612 0.2224529 1.047925 0.2224529 -0.02910482 0.2327851 -0.02837997 0.2614118 -0.02837997 0.2717429 -0.02910482 0.2717389 1.047925 0.3003658 -0.02910482 0.3003658 1.047925 0.2717389 1.047925 0.2327844 1.04865 0.2327851 -0.02837997 0.2614118 -0.02837997 -0.1358387 1.047904 -0.1358399 -0.02910482 -0.1248466 -0.02874976 -0.09622025 -0.0287494 -0.08522784 -0.02910417 -0.08523023 1.047903 -0.05660349 1.047903 -0.08523023 1.047903 -0.08522784 -0.02910417 -0.1248463 1.048259 -0.1248466 -0.02874976 -0.09622025 -0.0287494 0.4768307 0.3923987 0.4768306 0.3576445 0.5231695 0.3576445 0.6475882 1.067474 0.6475873 -0.01407313 0.6785587 -0.01407361 0.7198547 1.067474 0.7198538 -0.0140742 0.7508252 -0.0140742 0.7921193 -0.01407492 0.7921201 1.067474 0.750826 1.067474 0.67856 1.067474 0.6785587 -0.01407361 0.7198538 -0.0140742 0.2437862 1.067441 0.2128144 1.06743 0.2130793 -0.01411855 0.2850809 1.067455 0.2853459 -0.0140962 0.3163172 -0.01408612 0.2437862 1.067441 0.2440512 -0.01410889 0.2853459 -0.0140962 0.5750181 1.067473 0.5750172 -0.01407837 0.6059878 -0.01407891 0.5337228 -0.01407837 0.5750172 -0.01407837 0.5750181 1.067473 0.6475882 1.067474 0.6475873 -0.01407313 0.6785587 -0.01407361 0.7921193 -0.01407492 0.7921201 1.067474 0.750826 1.067474 0.5337237 1.067474 0.5027526 1.067472 0.5027517 -0.01407825 0.5750181 1.067473 0.5750172 -0.01407837 0.6059878 -0.01407891 0.6472822 -0.01407945 0.647284 1.067474 0.6059894 1.067474 0.5337237 1.067474 0.5337228 -0.01407837 0.5750172 -0.01407837 0.3579179 1.067475 0.3579161 -0.01407766 0.3888871 -0.01407766 0.4301815 -0.01407885 0.4611529 -0.0140804 0.4611542 1.067473 0.3888888 1.067475 0.3888871 -0.01407766 0.4301815 -0.01407885 0.2437862 1.067441 0.2128144 1.06743 0.2130793 -0.01411855 0.2850809 1.067455 0.2853459 -0.0140962 0.3163172 -0.01408612 0.2437862 1.067441 0.2440512 -0.01410889 0.2853459 -0.0140962 0.6475882 1.067474 0.6475873 -0.01407313 0.6785587 -0.01407361 0.67856 1.067474 0.6785587 -0.01407361 0.7198538 -0.0140742 0.5024476 -0.01408201 0.5024484 1.067473 0.4611542 1.067473 0.3579179 1.067475 0.3579161 -0.01407766 0.3888871 -0.01407766 0.6472822 -0.01407945 0.647284 1.067474 0.6059894 1.067474 0.5027526 1.067472 0.5027517 -0.01407825 0.5337228 -0.01407837 0.5750172 -0.01407837 0.6059878 -0.01407891 0.6059894 1.067474 0.2437862 1.067441 0.2128144 1.06743 0.2130793 -0.01411855 0.2437862 1.067441 0.2440512 -0.01410889 0.2853459 -0.0140962 0.5231693 0.3923987 0.4768307 0.3923987 0.4768306 0.3576445 0.5231693 0.3923987 0.4768307 0.3923987 0.4768306 0.3576445 0.4768307 0.3923987 0.4768306 0.3576445 0.5231695 0.3576445 0.5231693 0.3923987 0.4768307 0.3923987 0.4768306 0.3576445 0.5231693 0.3923987 0.4768307 0.3923987 0.4768306 0.3576445 0.5231693 0.3923987 0.4768307 0.3923987 0.4768306 0.3576445 0.4768307 0.3923987 0.4768306 0.3576445 0.5231695 0.3576445 0.5231693 0.3923987 0.4768307 0.3923987 0.4768306 0.3576445 0.5231693 0.3923987 0.4768307 0.3923987 0.4768306 0.3576445 0.4768307 0.3923987 0.4768306 0.3576445 0.5231695 0.3576445 0.5231693 0.3923987 0.4768307 0.3923987 0.4768306 0.3576445 0.5231693 0.3923987 0.4768307 0.3923987 0.4768306 0.3576445 0.3576118 -0.01407444 0.3573454 1.067475 0.3160518 1.067463 0.5337237 1.067474 0.5027526 1.067472 0.5027517 -0.01407825 0.6472822 -0.01407945 0.647284 1.067474 0.6059894 1.067474 0.3888888 1.067475 0.3579179 1.067475 0.3579161 -0.01407766 0.4301832 1.067474 0.4301815 -0.01407885 0.4611529 -0.0140804 0.5024476 -0.01408201 0.5024484 1.067473 0.4611542 1.067473 0.3888871 -0.01407766 0.4301815 -0.01407885 0.4301832 1.067474 0.7198547 1.067474 0.7198538 -0.0140742 0.7508252 -0.0140742 0.6785587 -0.01407361 0.7198538 -0.0140742 0.7198547 1.067474 0.2437862 1.067441 0.2128144 1.06743 0.2130793 -0.01411855 0.2850809 1.067455 0.2853459 -0.0140962 0.3163172 -0.01408612 0.3576118 -0.01407444 0.3573454 1.067475 0.3160518 1.067463 0.2440512 -0.01410889 0.2853459 -0.0140962 0.2850809 1.067455 0.5024476 -0.01408201 0.5024484 1.067473 0.4611542 1.067473 0.07940447 1.047925 0.07940447 -0.02910482 0.0897367 -0.02837997 0.1183634 -0.02837997 0.1286945 -0.02910482 0.1286905 1.047925 0.1573173 1.047925 0.1286905 1.047925 0.1286945 -0.02910482 0.08973604 1.04865 0.0897367 -0.02837997 0.1183634 -0.02837997 5.7213e-5 1.047904 5.60507e-5 -0.02910482 0.01104933 -0.02874976 0.03967565 -0.0287494 0.05066806 -0.02910417 0.05066567 1.047903 0.07929241 1.047903 0.05066567 1.047903 0.05066806 -0.02910417 0.01104962 1.048259 0.01104933 -0.02874976 0.03967565 -0.0287494 0.4966289 1.047925 0.4966289 -0.02910482 0.5069612 -0.02837997 0.5355879 -0.02837997 0.545919 -0.02910482 0.545915 1.047925 0.5745418 1.047925 0.545915 1.047925 0.545919 -0.02910482 0.5069605 1.04865 0.5069612 -0.02837997 0.5355879 -0.02837997 -0.1692166 1.047904 -0.1692178 -0.02910482 -0.1582245 -0.02874976 -0.1295982 -0.0287494 -0.1186057 -0.02910417 -0.1186082 1.047903 -0.08998149 -0.02910423 -0.08998149 1.047903 -0.1186082 1.047903 -0.1582242 1.048259 -0.1582245 -0.02874976 -0.1295982 -0.0287494 0.2605991 1.047925 0.2605991 -0.02910482 0.2709313 -0.02837997 0.299558 -0.02837997 0.3098891 -0.02910482 0.3098851 1.047925 0.338512 1.047925 0.3098851 1.047925 0.3098891 -0.02910482 0.2709307 1.04865 0.2709313 -0.02837997 0.299558 -0.02837997 0.269465 1.047904 0.2694638 -0.02910482 0.2804571 -0.02874976 0.3090835 -0.0287494 0.3200759 -0.02910417 0.3200734 1.047903 0.3487002 1.047903 0.3200734 1.047903 0.3200759 -0.02910417 0.2804571 -0.02874976 0.3090835 -0.0287494 0.3090797 1.048258 0.4560986 1.047925 0.4560986 -0.02910482 0.4664308 -0.02837997 0.4950575 -0.02837997 0.5053886 -0.02910482 0.5053846 1.047925 0.5340114 1.047925 0.5053846 1.047925 0.5053886 -0.02910482 0.4664301 1.04865 0.4664308 -0.02837997 0.4950575 -0.02837997 0.4458913 1.047904 0.4458901 -0.02910482 0.4568834 -0.02874976 0.4855098 -0.0287494 0.4965022 -0.02910417 0.4964998 1.047903 0.5251265 1.047903 0.4964998 1.047903 0.4965022 -0.02910417 0.4568837 1.048259 0.4568834 -0.02874976 0.4855098 -0.0287494 0.1342397 1.047925 0.1342397 -0.02910482 0.1445719 -0.02837997 0.1731986 -0.02837997 0.1835297 -0.02910482 0.1835257 1.047925 0.2121526 1.047925 0.1835257 1.047925 0.1835297 -0.02910482 0.1445713 1.04865 0.1445719 -0.02837997 0.1731986 -0.02837997 -0.1191498 1.047904 -0.1191509 -0.02910482 -0.1081576 -0.02874976 -0.07953131 -0.0287494 -0.06853884 -0.02910417 -0.06854128 1.047903 -0.03991454 -0.02910423 -0.03991454 1.047903 -0.06854128 1.047903 -0.1081576 -0.02874976 -0.07953131 -0.0287494 -0.07953506 1.048258 0.01026445 1.047925 0.01026445 -0.02910482 0.02059662 -0.02837997 0.0492233 -0.02837997 0.05955445 -0.02910482 0.0595504 1.047925 0.08817726 1.047925 0.0595504 1.047925 0.05955445 -0.02910482 0.02059596 1.04865 0.02059662 -0.02837997 0.0492233 -0.02837997 0.5698666 1.047904 0.5698654 -0.02910482 0.5808587 -0.02874976 0.609485 -0.0287494 0.6204775 -0.02910417 0.6204751 1.047903 0.6491018 1.047903 0.6204751 1.047903 0.6204775 -0.02910417 0.580859 1.048259 0.5808587 -0.02874976 0.609485 -0.0287494 0.2224529 1.047925 0.2224529 -0.02910482 0.2327851 -0.02837997 0.2614118 -0.02837997 0.2717429 -0.02910482 0.2717389 1.047925 0.3003658 1.047925 0.2717389 1.047925 0.2717429 -0.02910482 0.2327844 1.04865 0.2327851 -0.02837997 0.2614118 -0.02837997 -0.1358387 1.047904 -0.1358399 -0.02910482 -0.1248466 -0.02874976 -0.09622025 -0.0287494 -0.08522784 -0.02910417 -0.08523023 1.047903 -0.05660349 1.047903 -0.08523023 1.047903 -0.08522784 -0.02910417 -0.1248463 1.048259 -0.1248466 -0.02874976 -0.09622025 -0.0287494 0.6491018 1.047903 0.6204751 1.047903 0.6204775 -0.02910417 0.5698666 1.047904 0.5698654 -0.02910482 0.5808587 -0.02874976 0.609485 -0.0287494 0.6204775 -0.02910417 0.6204751 1.047903 0.580859 1.048259 0.5808587 -0.02874976 0.609485 -0.0287494 0.08817726 1.047925 0.0595504 1.047925 0.05955445 -0.02910482 0.01026445 1.047925 0.01026445 -0.02910482 0.02059662 -0.02837997 0.0492233 -0.02837997 0.05955445 -0.02910482 0.0595504 1.047925 0.02059596 1.04865 0.02059662 -0.02837997 0.0492233 -0.02837997 -0.03991454 1.047903 -0.06854128 1.047903 -0.06853884 -0.02910417 -0.1191498 1.047904 -0.1191509 -0.02910482 -0.1081576 -0.02874976 -0.07953131 -0.0287494 -0.06853884 -0.02910417 -0.06854128 1.047903 -0.1081573 1.048259 -0.1081576 -0.02874976 -0.07953131 -0.0287494 0.2121526 1.047925 0.1835257 1.047925 0.1835297 -0.02910482 0.1342397 1.047925 0.1342397 -0.02910482 0.1445719 -0.02837997 0.1731986 -0.02837997 0.1835297 -0.02910482 0.1835257 1.047925 0.1445713 1.04865 0.1445719 -0.02837997 0.1731986 -0.02837997 0.5251265 1.047903 0.4964998 1.047903 0.4965022 -0.02910417 0.4458913 1.047904 0.4458901 -0.02910482 0.4568834 -0.02874976 0.4855098 -0.0287494 0.4965022 -0.02910417 0.4964998 1.047903 0.4568837 1.048259 0.4568834 -0.02874976 0.4855098 -0.0287494 0.5340114 1.047925 0.5053846 1.047925 0.5053886 -0.02910482 0.4560986 1.047925 0.4560986 -0.02910482 0.4664308 -0.02837997 0.4950575 -0.02837997 0.5053886 -0.02910482 0.5053846 1.047925 0.4664301 1.04865 0.4664308 -0.02837997 0.4950575 -0.02837997 0.3487002 1.047903 0.3200734 1.047903 0.3200759 -0.02910417 0.269465 1.047904 0.2694638 -0.02910482 0.2804571 -0.02874976 0.3090835 -0.0287494 0.3200759 -0.02910417 0.3200734 1.047903 0.2804574 1.048259 0.2804571 -0.02874976 0.3090835 -0.0287494 0.338512 1.047925 0.3098851 1.047925 0.3098891 -0.02910482 0.2605991 1.047925 0.2605991 -0.02910482 0.2709313 -0.02837997 0.299558 -0.02837997 0.3098891 -0.02910482 0.3098851 1.047925 0.2709307 1.04865 0.2709313 -0.02837997 0.299558 -0.02837997 0.3576118 -0.01407444 0.3573454 1.067475 0.3160518 1.067463 0.7921193 -0.01407492 0.7921201 1.067474 0.750826 1.067474 0.7198547 1.067474 0.7198538 -0.0140742 0.7508252 -0.0140742 0.4301832 1.067474 0.4301815 -0.01407885 0.4611529 -0.0140804 0.3888871 -0.01407766 0.4301815 -0.01407885 0.4301832 1.067474 0.5337228 -0.01407837 0.5750172 -0.01407837 0.5750181 1.067473 0.3576118 -0.01407444 0.3573454 1.067475 0.3160518 1.067463 0.2850809 1.067455 0.2853459 -0.0140962 0.3163172 -0.01408612 0.2224529 1.047925 0.2224529 -0.02910482 0.2327851 -0.02837997 0.2614118 -0.02837997 0.2717429 -0.02910482 0.2717389 1.047925 0.3003658 1.047925 0.2717389 1.047925 0.2717429 -0.02910482 0.2327844 1.04865 0.2327851 -0.02837997 0.2614118 -0.02837997 -0.1358387 1.047904 -0.1358399 -0.02910482 -0.1248466 -0.02874976 -0.09622025 -0.0287494 -0.08522784 -0.02910417 -0.08523023 1.047903 -0.05660349 1.047903 -0.08523023 1.047903 -0.08522784 -0.02910417 -0.1248463 1.048259 -0.1248466 -0.02874976 -0.09622025 -0.0287494 0.5231693 0.3923987 0.4768307 0.3923987 0.4768306 0.3576445 0.6475882 1.067474 0.6475873 -0.01407313 0.6785587 -0.01407361 0.7198547 1.067474 0.7198538 -0.0140742 0.7508252 -0.0140742 0.7921201 1.067474 0.750826 1.067474 0.7508252 -0.0140742 0.6785587 -0.01407361 0.7198538 -0.0140742 0.7198547 1.067474 0.2437862 1.067441 0.2128144 1.06743 0.2130793 -0.01411855 0.2850809 1.067455 0.2853459 -0.0140962 0.3163172 -0.01408612 0.2440512 -0.01410889 0.2853459 -0.0140962 0.2850809 1.067455 0.5750181 1.067473 0.5750172 -0.01407837 0.6059878 -0.01407891 0.5337228 -0.01407837 0.5750172 -0.01407837 0.5750181 1.067473 0.67856 1.067474 0.6475882 1.067474 0.6475873 -0.01407313 0.7921193 -0.01407492 0.7921201 1.067474 0.750826 1.067474 0.5027526 1.067472 0.5027517 -0.01407825 0.5337228 -0.01407837 0.5750181 1.067473 0.5750172 -0.01407837 0.6059878 -0.01407891 0.6472822 -0.01407945 0.647284 1.067474 0.6059894 1.067474 0.5337228 -0.01407837 0.5750172 -0.01407837 0.5750181 1.067473 0.3579179 1.067475 0.3579161 -0.01407766 0.3888871 -0.01407766 0.4301815 -0.01407885 0.4611529 -0.0140804 0.4611542 1.067473 0.3888871 -0.01407766 0.4301815 -0.01407885 0.4301832 1.067474 0.2437862 1.067441 0.2128144 1.06743 0.2130793 -0.01411855 0.2850809 1.067455 0.2853459 -0.0140962 0.3163172 -0.01408612 0.2440512 -0.01410889 0.2853459 -0.0140962 0.2850809 1.067455 0.67856 1.067474 0.6475882 1.067474 0.6475873 -0.01407313 0.6785587 -0.01407361 0.7198538 -0.0140742 0.7198547 1.067474 0.5024476 -0.01408201 0.5024484 1.067473 0.4611542 1.067473 0.3579179 1.067475 0.3579161 -0.01407766 0.3888871 -0.01407766 0.6472822 -0.01407945 0.647284 1.067474 0.6059894 1.067474 0.5027526 1.067472 0.5027517 -0.01407825 0.5337228 -0.01407837 0.5750172 -0.01407837 0.6059878 -0.01407891 0.6059894 1.067474 0.2437862 1.067441 0.2128144 1.06743 0.2130793 -0.01411855 0.2440512 -0.01410889 0.2853459 -0.0140962 0.2850809 1.067455 0.5231693 0.3923987 0.4768307 0.3923987 0.4768306 0.3576445 0.5231693 0.3923987 0.4768307 0.3923987 0.4768306 0.3576445 0.4768307 0.3923987 0.4768306 0.3576445 0.5231695 0.3576445 0.5231693 0.3923987 0.4768307 0.3923987 0.4768306 0.3576445 0.5231693 0.3923987 0.4768307 0.3923987 0.4768306 0.3576445 0.4768307 0.3923987 0.4768306 0.3576445 0.5231695 0.3576445 0.5231693 0.3923987 0.4768307 0.3923987 0.4768306 0.3576445 0.5231693 0.3923987 0.4768307 0.3923987 0.4768306 0.3576445 0.5231693 0.3923987 0.4768307 0.3923987 0.4768306 0.3576445 0.4768307 0.3923987 0.4768306 0.3576445 0.5231695 0.3576445 0.5231693 0.3923987 0.4768307 0.3923987 0.4768306 0.3576445 0.5231693 0.3923987 0.4768307 0.3923987 0.4768306 0.3576445 0.3573454 1.067475 0.3160518 1.067463 0.3163172 -0.01408612 0.5337237 1.067474 0.5027526 1.067472 0.5027517 -0.01407825 0.6472822 -0.01407945 0.647284 1.067474 0.6059894 1.067474 0.3579179 1.067475 0.3579161 -0.01407766 0.3888871 -0.01407766 0.4301815 -0.01407885 0.4611529 -0.0140804 0.4611542 1.067473 0.5024484 1.067473 0.4611542 1.067473 0.4611529 -0.0140804 0.3888888 1.067475 0.3888871 -0.01407766 0.4301815 -0.01407885 0.7198538 -0.0140742 0.7508252 -0.0140742 0.750826 1.067474 0.67856 1.067474 0.6785587 -0.01407361 0.7198538 -0.0140742 0.2128144 1.06743 0.2130793 -0.01411855 0.2440512 -0.01410889 0.2853459 -0.0140962 0.3163172 -0.01408612 0.3160518 1.067463 0.3576118 -0.01407444 0.3573454 1.067475 0.3160518 1.067463 0.2440512 -0.01410889 0.2853459 -0.0140962 0.2850809 1.067455 0.5024484 1.067473 0.4611542 1.067473 0.4611529 -0.0140804 0.07940447 1.047925 0.07940447 -0.02910482 0.0897367 -0.02837997 0.1183634 -0.02837997 0.1286945 -0.02910482 0.1286905 1.047925 0.1573173 -0.02910482 0.1573173 1.047925 0.1286905 1.047925 0.08973604 1.04865 0.0897367 -0.02837997 0.1183634 -0.02837997 5.7213e-5 1.047904 5.60507e-5 -0.02910482 0.01104933 -0.02874976 0.03967565 -0.0287494 0.05066806 -0.02910417 0.05066567 1.047903 0.07929241 -0.02910423 0.07929241 1.047903 0.05066567 1.047903 0.01104962 1.048259 0.01104933 -0.02874976 0.03967565 -0.0287494 0.4966289 1.047925 0.4966289 -0.02910482 0.5069612 -0.02837997 0.5355879 -0.02837997 0.545919 -0.02910482 0.545915 1.047925 0.5745418 -0.02910482 0.5745418 1.047925 0.545915 1.047925 0.5069605 1.04865 0.5069612 -0.02837997 0.5355879 -0.02837997 -0.1692166 1.047904 -0.1692178 -0.02910482 -0.1582245 -0.02874976 -0.1295982 -0.0287494 -0.1186057 -0.02910417 -0.1186082 1.047903 -0.08998149 1.047903 -0.1186082 1.047903 -0.1186057 -0.02910417 -0.1582242 1.048259 -0.1582245 -0.02874976 -0.1295982 -0.0287494 0.2605991 1.047925 0.2605991 -0.02910482 0.2709313 -0.02837997 0.299558 -0.02837997 0.3098891 -0.02910482 0.3098851 1.047925 0.338512 1.047925 0.3098851 1.047925 0.3098891 -0.02910482 0.2709307 1.04865 0.2709313 -0.02837997 0.299558 -0.02837997 0.269465 1.047904 0.2694638 -0.02910482 0.2804571 -0.02874976 0.3090835 -0.0287494 0.3200759 -0.02910417 0.3200734 1.047903 0.3487002 1.047903 0.3200734 1.047903 0.3200759 -0.02910417 0.2804571 -0.02874976 0.3090835 -0.0287494 0.3090797 1.048258 0.4560986 1.047925 0.4560986 -0.02910482 0.4664308 -0.02837997 0.4950575 -0.02837997 0.5053886 -0.02910482 0.5053846 1.047925 0.5340114 -0.02910482 0.5340114 1.047925 0.5053846 1.047925 0.4664308 -0.02837997 0.4950575 -0.02837997 0.4950528 1.04865 0.4458913 1.047904 0.4458901 -0.02910482 0.4568834 -0.02874976 0.4855098 -0.0287494 0.4965022 -0.02910417 0.4964998 1.047903 0.5251265 -0.02910423 0.5251265 1.047903 0.4964998 1.047903 0.4568837 1.048259 0.4568834 -0.02874976 0.4855098 -0.0287494 0.1342397 1.047925 0.1342397 -0.02910482 0.1445719 -0.02837997 0.1731986 -0.02837997 0.1835297 -0.02910482 0.1835257 1.047925 0.2121526 -0.02910482 0.2121526 1.047925 0.1835257 1.047925 0.1445719 -0.02837997 0.1731986 -0.02837997 0.1731939 1.04865 -0.1191498 1.047904 -0.1191509 -0.02910482 -0.1081576 -0.02874976 -0.07953131 -0.0287494 -0.06853884 -0.02910417 -0.06854128 1.047903 -0.03991454 1.047903 -0.06854128 1.047903 -0.06853884 -0.02910417 -0.1081573 1.048259 -0.1081576 -0.02874976 -0.07953131 -0.0287494 0.01026445 1.047925 0.01026445 -0.02910482 0.02059662 -0.02837997 0.0492233 -0.02837997 0.05955445 -0.02910482 0.0595504 1.047925 0.08817726 1.047925 0.0595504 1.047925 0.05955445 -0.02910482 0.02059662 -0.02837997 0.0492233 -0.02837997 0.04921871 1.04865 0.5698666 1.047904 0.5698654 -0.02910482 0.5808587 -0.02874976 0.609485 -0.0287494 0.6204775 -0.02910417 0.6204751 1.047903 0.6491018 -0.02910423 0.6491018 1.047903 0.6204751 1.047903 0.580859 1.048259 0.5808587 -0.02874976 0.609485 -0.0287494 0.2224529 1.047925 0.2224529 -0.02910482 0.2327851 -0.02837997 0.2614118 -0.02837997 0.2717429 -0.02910482 0.2717389 1.047925 0.3003658 1.047925 0.2717389 1.047925 0.2717429 -0.02910482 0.2327851 -0.02837997 0.2614118 -0.02837997 0.2614071 1.04865 -0.1358387 1.047904 -0.1358399 -0.02910482 -0.1248466 -0.02874976 -0.09622025 -0.0287494 -0.08522784 -0.02910417 -0.08523023 1.047903 -0.05660349 1.047903 -0.08523023 1.047903 -0.08522784 -0.02910417 -0.1248463 1.048259 -0.1248466 -0.02874976 -0.09622025 -0.0287494 0.6491018 1.047903 0.6204751 1.047903 0.6204775 -0.02910417 0.5698666 1.047904 0.5698654 -0.02910482 0.5808587 -0.02874976 0.609485 -0.0287494 0.6204775 -0.02910417 0.6204751 1.047903 0.580859 1.048259 0.5808587 -0.02874976 0.609485 -0.0287494 0.08817726 1.047925 0.0595504 1.047925 0.05955445 -0.02910482 0.01026445 1.047925 0.01026445 -0.02910482 0.02059662 -0.02837997 0.0492233 -0.02837997 0.05955445 -0.02910482 0.0595504 1.047925 0.02059662 -0.02837997 0.0492233 -0.02837997 0.04921871 1.04865 -0.03991454 1.047903 -0.06854128 1.047903 -0.06853884 -0.02910417 -0.1191498 1.047904 -0.1191509 -0.02910482 -0.1081576 -0.02874976 -0.07953131 -0.0287494 -0.06853884 -0.02910417 -0.06854128 1.047903 -0.1081573 1.048259 -0.1081576 -0.02874976 -0.07953131 -0.0287494 0.2121526 -0.02910482 0.2121526 1.047925 0.1835257 1.047925 0.1342397 1.047925 0.1342397 -0.02910482 0.1445719 -0.02837997 0.1731986 -0.02837997 0.1835297 -0.02910482 0.1835257 1.047925 0.1445719 -0.02837997 0.1731986 -0.02837997 0.1731939 1.04865 0.5251265 1.047903 0.4964998 1.047903 0.4965022 -0.02910417 0.4458913 1.047904 0.4458901 -0.02910482 0.4568834 -0.02874976 0.4855098 -0.0287494 0.4965022 -0.02910417 0.4964998 1.047903 0.4568837 1.048259 0.4568834 -0.02874976 0.4855098 -0.0287494 0.5340114 -0.02910482 0.5340114 1.047925 0.5053846 1.047925 0.4560986 1.047925 0.4560986 -0.02910482 0.4664308 -0.02837997 0.4950575 -0.02837997 0.5053886 -0.02910482 0.5053846 1.047925 0.4664308 -0.02837997 0.4950575 -0.02837997 0.4950528 1.04865 0.3487002 1.047903 0.3200734 1.047903 0.3200759 -0.02910417 0.269465 1.047904 0.2694638 -0.02910482 0.2804571 -0.02874976 0.3090835 -0.0287494 0.3200759 -0.02910417 0.3200734 1.047903 0.2804574 1.048259 0.2804571 -0.02874976 0.3090835 -0.0287494 0.338512 -0.02910482 0.338512 1.047925 0.3098851 1.047925 0.2605991 1.047925 0.2605991 -0.02910482 0.2709313 -0.02837997 0.299558 -0.02837997 0.3098891 -0.02910482 0.3098851 1.047925 0.2709313 -0.02837997 0.299558 -0.02837997 0.2995534 1.04865 0.3573454 1.067475 0.3160518 1.067463 0.3163172 -0.01408612 0.7921201 1.067474 0.750826 1.067474 0.7508252 -0.0140742 0.7198538 -0.0140742 0.7508252 -0.0140742 0.750826 1.067474 0.4301815 -0.01407885 0.4611529 -0.0140804 0.4611542 1.067473 0.3888888 1.067475 0.3888871 -0.01407766 0.4301815 -0.01407885 0.5337237 1.067474 0.5337228 -0.01407837 0.5750172 -0.01407837 0.3573454 1.067475 0.3160518 1.067463 0.3163172 -0.01408612 0.2853459 -0.0140962 0.3163172 -0.01408612 0.3160518 1.067463 0.2224529 1.047925 0.2224529 -0.02910482 0.2327851 -0.02837997 0.2614118 -0.02837997 0.2717429 -0.02910482 0.2717389 1.047925 0.3003658 1.047925 0.2717389 1.047925 0.2717429 -0.02910482 0.2327851 -0.02837997 0.2614118 -0.02837997 0.2614071 1.04865 -0.1358387 1.047904 -0.1358399 -0.02910482 -0.1248466 -0.02874976 -0.09622025 -0.0287494 -0.08522784 -0.02910417 -0.08523023 1.047903 -0.05660349 1.047903 -0.08523023 1.047903 -0.08522784 -0.02910417 -0.1248463 1.048259 -0.1248466 -0.02874976 -0.09622025 -0.0287494 0.4768307 0.3923987 0.4768306 0.3576445 0.5231695 0.3576445 0.6475882 1.067474 0.6475873 -0.01407313 0.6785587 -0.01407361 0.7198547 1.067474 0.7198538 -0.0140742 0.7508252 -0.0140742 0.7921201 1.067474 0.750826 1.067474 0.7508252 -0.0140742 0.67856 1.067474 0.6785587 -0.01407361 0.7198538 -0.0140742 0.2437862 1.067441 0.2128144 1.06743 0.2130793 -0.01411855 0.2850809 1.067455 0.2853459 -0.0140962 0.3163172 -0.01408612 0.2437862 1.067441 0.2440512 -0.01410889 0.2853459 -0.0140962 0.5750181 1.067473 0.5750172 -0.01407837 0.6059878 -0.01407891 0.5337228 -0.01407837 0.5750172 -0.01407837 0.5750181 1.067473 0.67856 1.067474 0.6475882 1.067474 0.6475873 -0.01407313 0.7921193 -0.01407492 0.7921201 1.067474 0.750826 1.067474 0.5027526 1.067472 0.5027517 -0.01407825 0.5337228 -0.01407837 0.5750172 -0.01407837 0.6059878 -0.01407891 0.6059894 1.067474 0.6472822 -0.01407945 0.647284 1.067474 0.6059894 1.067474 0.5337228 -0.01407837 0.5750172 -0.01407837 0.5750181 1.067473 0.3579179 1.067475 0.3579161 -0.01407766 0.3888871 -0.01407766 0.4301815 -0.01407885 0.4611529 -0.0140804 0.4611542 1.067473 0.3888888 1.067475 0.3888871 -0.01407766 0.4301815 -0.01407885 0.2128144 1.06743 0.2130793 -0.01411855 0.2440512 -0.01410889 0.2853459 -0.0140962 0.3163172 -0.01408612 0.3160518 1.067463 0.2437862 1.067441 0.2440512 -0.01410889 0.2853459 -0.0140962 0.6475882 1.067474 0.6475873 -0.01407313 0.6785587 -0.01407361 0.67856 1.067474 0.6785587 -0.01407361 0.7198538 -0.0140742 0.5024484 1.067473 0.4611542 1.067473 0.4611529 -0.0140804 0.3579179 1.067475 0.3579161 -0.01407766 0.3888871 -0.01407766 0.647284 1.067474 0.6059894 1.067474 0.6059878 -0.01407891 0.5027526 1.067472 0.5027517 -0.01407825 0.5337228 -0.01407837 0.5750172 -0.01407837 0.6059878 -0.01407891 0.6059894 1.067474 0.2128144 1.06743 0.2130793 -0.01411855 0.2440512 -0.01410889 0.2437862 1.067441 0.2440512 -0.01410889 0.2853459 -0.0140962 0.5231693 0.3923987 0.4768307 0.3923987 0.4768306 0.3576445 0.4768307 0.3923987 0.4768306 0.3576445 0.5231695 0.3576445 0.4768307 0.3923987 0.4768306 0.3576445 0.5231695 0.3576445 0.4768307 0.3923987 0.4768306 0.3576445 0.5231695 0.3576445 0.4768307 0.3923987 0.4768306 0.3576445 0.5231695 0.3576445 0.4768307 0.3923987 0.4768306 0.3576445 0.5231695 0.3576445 0.4768307 0.3923987 0.4768306 0.3576445 0.5231695 0.3576445 0.5231693 0.3923987 0.4768307 0.3923987 0.4768306 0.3576445 0.4768307 0.3923987 0.4768306 0.3576445 0.5231695 0.3576445 0.4768307 0.3923987 0.4768306 0.3576445 0.5231695 0.3576445 0.5231693 0.3923987 0.4768307 0.3923987 0.4768306 0.3576445 0.5231693 0.3923987 0.4768307 0.3923987 0.4768306 0.3576445 0.3576118 -0.01407444 0.3573454 1.067475 0.3160518 1.067463 0.5337237 1.067474 0.5027526 1.067472 0.5027517 -0.01407825 0.6472822 -0.01407945 0.647284 1.067474 0.6059894 1.067474 0.3888888 1.067475 0.3579179 1.067475 0.3579161 -0.01407766 0.4301832 1.067474 0.4301815 -0.01407885 0.4611529 -0.0140804 0.5024476 -0.01408201 0.5024484 1.067473 0.4611542 1.067473 0.3888888 1.067475 0.3888871 -0.01407766 0.4301815 -0.01407885 0.7198547 1.067474 0.7198538 -0.0140742 0.7508252 -0.0140742 0.67856 1.067474 0.6785587 -0.01407361 0.7198538 -0.0140742 0.2128144 1.06743 0.2130793 -0.01411855 0.2440512 -0.01410889 0.2853459 -0.0140962 0.3163172 -0.01408612 0.3160518 1.067463 0.3576118 -0.01407444 0.3573454 1.067475 0.3160518 1.067463 0.2437862 1.067441 0.2440512 -0.01410889 0.2853459 -0.0140962 0.5024476 -0.01408201 0.5024484 1.067473 0.4611542 1.067473 0.07940447 1.047925 0.07940447 -0.02910482 0.0897367 -0.02837997 0.1183634 -0.02837997 0.1286945 -0.02910482 0.1286905 1.047925 0.1573173 -0.02910482 0.1573173 1.047925 0.1286905 1.047925 0.08973604 1.04865 0.0897367 -0.02837997 0.1183634 -0.02837997 5.7213e-5 1.047904 5.60507e-5 -0.02910482 0.01104933 -0.02874976 0.03967565 -0.0287494 0.05066806 -0.02910417 0.05066567 1.047903 0.07929241 1.047903 0.05066567 1.047903 0.05066806 -0.02910417 0.01104962 1.048259 0.01104933 -0.02874976 0.03967565 -0.0287494 0.4966289 1.047925 0.4966289 -0.02910482 0.5069612 -0.02837997 0.5355879 -0.02837997 0.545919 -0.02910482 0.545915 1.047925 0.5745418 -0.02910482 0.5745418 1.047925 0.545915 1.047925 0.5069605 1.04865 0.5069612 -0.02837997 0.5355879 -0.02837997 -0.1692166 1.047904 -0.1692178 -0.02910482 -0.1582245 -0.02874976 -0.1295982 -0.0287494 -0.1186057 -0.02910417 -0.1186082 1.047903 -0.08998149 1.047903 -0.1186082 1.047903 -0.1186057 -0.02910417 -0.1582242 1.048259 -0.1582245 -0.02874976 -0.1295982 -0.0287494 0.2605991 1.047925 0.2605991 -0.02910482 0.2709313 -0.02837997 0.299558 -0.02837997 0.3098891 -0.02910482 0.3098851 1.047925 0.338512 -0.02910482 0.338512 1.047925 0.3098851 1.047925 0.2709307 1.04865 0.2709313 -0.02837997 0.299558 -0.02837997 0.269465 1.047904 0.2694638 -0.02910482 0.2804571 -0.02874976 0.3090835 -0.0287494 0.3200759 -0.02910417 0.3200734 1.047903 0.3487002 -0.02910423 0.3487002 1.047903 0.3200734 1.047903 0.2804574 1.048259 0.2804571 -0.02874976 0.3090835 -0.0287494 0.4560986 1.047925 0.4560986 -0.02910482 0.4664308 -0.02837997 0.4950575 -0.02837997 0.5053886 -0.02910482 0.5053846 1.047925 0.5340114 -0.02910482 0.5340114 1.047925 0.5053846 1.047925 0.4664301 1.04865 0.4664308 -0.02837997 0.4950575 -0.02837997 0.4458913 1.047904 0.4458901 -0.02910482 0.4568834 -0.02874976 0.4855098 -0.0287494 0.4965022 -0.02910417 0.4964998 1.047903 0.5251265 1.047903 0.4964998 1.047903 0.4965022 -0.02910417 0.4568837 1.048259 0.4568834 -0.02874976 0.4855098 -0.0287494 0.1342397 1.047925 0.1342397 -0.02910482 0.1445719 -0.02837997 0.1731986 -0.02837997 0.1835297 -0.02910482 0.1835257 1.047925 0.2121526 -0.02910482 0.2121526 1.047925 0.1835257 1.047925 0.1445719 -0.02837997 0.1731986 -0.02837997 0.1731939 1.04865 -0.1191498 1.047904 -0.1191509 -0.02910482 -0.1081576 -0.02874976 -0.07953131 -0.0287494 -0.06853884 -0.02910417 -0.06854128 1.047903 -0.03991454 1.047903 -0.06854128 1.047903 -0.06853884 -0.02910417 -0.1081573 1.048259 -0.1081576 -0.02874976 -0.07953131 -0.0287494 0.01026445 1.047925 0.01026445 -0.02910482 0.02059662 -0.02837997 0.0492233 -0.02837997 0.05955445 -0.02910482 0.0595504 1.047925 0.08817726 -0.02910482 0.08817726 1.047925 0.0595504 1.047925 0.02059596 1.04865 0.02059662 -0.02837997 0.0492233 -0.02837997 0.5698666 1.047904 0.5698654 -0.02910482 0.5808587 -0.02874976 0.609485 -0.0287494 0.6204775 -0.02910417 0.6204751 1.047903 0.6491018 1.047903 0.6204751 1.047903 0.6204775 -0.02910417 0.580859 1.048259 0.5808587 -0.02874976 0.609485 -0.0287494 0.2224529 1.047925 0.2224529 -0.02910482 0.2327851 -0.02837997 0.2614118 -0.02837997 0.2717429 -0.02910482 0.2717389 1.047925 0.3003658 -0.02910482 0.3003658 1.047925 0.2717389 1.047925 0.2327844 1.04865 0.2327851 -0.02837997 0.2614118 -0.02837997 -0.1358387 1.047904 -0.1358399 -0.02910482 -0.1248466 -0.02874976 -0.09622025 -0.0287494 -0.08522784 -0.02910417 -0.08523023 1.047903 -0.05660349 1.047903 -0.08523023 1.047903 -0.08522784 -0.02910417 -0.1248463 1.048259 -0.1248466 -0.02874976 -0.09622025 -0.0287494 0.6491018 1.047903 0.6204751 1.047903 0.6204775 -0.02910417 0.5698666 1.047904 0.5698654 -0.02910482 0.5808587 -0.02874976 0.609485 -0.0287494 0.6204775 -0.02910417 0.6204751 1.047903 0.580859 1.048259 0.5808587 -0.02874976 0.609485 -0.0287494 0.08817726 -0.02910482 0.08817726 1.047925 0.0595504 1.047925 0.01026445 1.047925 0.01026445 -0.02910482 0.02059662 -0.02837997 0.0492233 -0.02837997 0.05955445 -0.02910482 0.0595504 1.047925 0.02059662 -0.02837997 0.0492233 -0.02837997 0.04921871 1.04865 -0.03991454 1.047903 -0.06854128 1.047903 -0.06853884 -0.02910417 -0.1191498 1.047904 -0.1191509 -0.02910482 -0.1081576 -0.02874976 -0.07953131 -0.0287494 -0.06853884 -0.02910417 -0.06854128 1.047903 -0.1081573 1.048259 -0.1081576 -0.02874976 -0.07953131 -0.0287494 0.2121526 -0.02910482 0.2121526 1.047925 0.1835257 1.047925 0.1342397 1.047925 0.1342397 -0.02910482 0.1445719 -0.02837997 0.1731986 -0.02837997 0.1835297 -0.02910482 0.1835257 1.047925 0.1445713 1.04865 0.1445719 -0.02837997 0.1731986 -0.02837997 0.5251265 1.047903 0.4964998 1.047903 0.4965022 -0.02910417 0.4458913 1.047904 0.4458901 -0.02910482 0.4568834 -0.02874976 0.4855098 -0.0287494 0.4965022 -0.02910417 0.4964998 1.047903 0.4568837 1.048259 0.4568834 -0.02874976 0.4855098 -0.0287494 0.5340114 -0.02910482 0.5340114 1.047925 0.5053846 1.047925 0.4560986 1.047925 0.4560986 -0.02910482 0.4664308 -0.02837997 0.4950575 -0.02837997 0.5053886 -0.02910482 0.5053846 1.047925 0.4664301 1.04865 0.4664308 -0.02837997 0.4950575 -0.02837997 0.3487002 1.047903 0.3200734 1.047903 0.3200759 -0.02910417 0.269465 1.047904 0.2694638 -0.02910482 0.2804571 -0.02874976 0.3090835 -0.0287494 0.3200759 -0.02910417 0.3200734 1.047903 0.2804574 1.048259 0.2804571 -0.02874976 0.3090835 -0.0287494 0.338512 -0.02910482 0.338512 1.047925 0.3098851 1.047925 0.2605991 1.047925 0.2605991 -0.02910482 0.2709313 -0.02837997 0.299558 -0.02837997 0.3098891 -0.02910482 0.3098851 1.047925 0.2709313 -0.02837997 0.299558 -0.02837997 0.2995534 1.04865 0.3576118 -0.01407444 0.3573454 1.067475 0.3160518 1.067463 0.7921193 -0.01407492 0.7921201 1.067474 0.750826 1.067474 0.7198547 1.067474 0.7198538 -0.0140742 0.7508252 -0.0140742 0.4301832 1.067474 0.4301815 -0.01407885 0.4611529 -0.0140804 0.3888888 1.067475 0.3888871 -0.01407766 0.4301815 -0.01407885 0.5337237 1.067474 0.5337228 -0.01407837 0.5750172 -0.01407837 0.3576118 -0.01407444 0.3573454 1.067475 0.3160518 1.067463 0.2850809 1.067455 0.2853459 -0.0140962 0.3163172 -0.01408612 0.2224529 1.047925 0.2224529 -0.02910482 0.2327851 -0.02837997 0.2614118 -0.02837997 0.2717429 -0.02910482 0.2717389 1.047925 0.3003658 -0.02910482 0.3003658 1.047925 0.2717389 1.047925 0.2327851 -0.02837997 0.2614118 -0.02837997 0.2614071 1.04865 -0.1358387 1.047904 -0.1358399 -0.02910482 -0.1248466 -0.02874976 -0.09622025 -0.0287494 -0.08522784 -0.02910417 -0.08523023 1.047903 -0.05660349 1.047903 -0.08523023 1.047903 -0.08522784 -0.02910417 -0.1248463 1.048259 -0.1248466 -0.02874976 -0.09622025 -0.0287494 0.5231693 0.3923987 0.4768307 0.3923987 0.4768306 0.3576445 0.6475882 1.067474 0.6475873 -0.01407313 0.6785587 -0.01407361 0.7198547 1.067474 0.7198538 -0.0140742 0.7508252 -0.0140742 0.7921201 1.067474 0.750826 1.067474 0.7508252 -0.0140742 0.6785587 -0.01407361 0.7198538 -0.0140742 0.7198547 1.067474 0.2437862 1.067441 0.2128144 1.06743 0.2130793 -0.01411855 0.2850809 1.067455 0.2853459 -0.0140962 0.3163172 -0.01408612 0.2437862 1.067441 0.2440512 -0.01410889 0.2853459 -0.0140962 0.5750181 1.067473 0.5750172 -0.01407837 0.6059878 -0.01407891 0.5337228 -0.01407837 0.5750172 -0.01407837 0.5750181 1.067473 0.67856 1.067474 0.6475882 1.067474 0.6475873 -0.01407313 0.7921193 -0.01407492 0.7921201 1.067474 0.750826 1.067474 0.5027526 1.067472 0.5027517 -0.01407825 0.5337228 -0.01407837 0.5750181 1.067473 0.5750172 -0.01407837 0.6059878 -0.01407891 0.6472822 -0.01407945 0.647284 1.067474 0.6059894 1.067474 0.5337228 -0.01407837 0.5750172 -0.01407837 0.5750181 1.067473 0.3579179 1.067475 0.3579161 -0.01407766 0.3888871 -0.01407766 0.4301815 -0.01407885 0.4611529 -0.0140804 0.4611542 1.067473 0.3888871 -0.01407766 0.4301815 -0.01407885 0.4301832 1.067474 0.2437862 1.067441 0.2128144 1.06743 0.2130793 -0.01411855 0.2850809 1.067455 0.2853459 -0.0140962 0.3163172 -0.01408612 0.2437862 1.067441 0.2440512 -0.01410889 0.2853459 -0.0140962 0.67856 1.067474 0.6475882 1.067474 0.6475873 -0.01407313 0.67856 1.067474 0.6785587 -0.01407361 0.7198538 -0.0140742 0.5024476 -0.01408201 0.5024484 1.067473 0.4611542 1.067473 0.3579179 1.067475 0.3579161 -0.01407766 0.3888871 -0.01407766 0.6472822 -0.01407945 0.647284 1.067474 0.6059894 1.067474 0.5027526 1.067472 0.5027517 -0.01407825 0.5337228 -0.01407837 0.5750172 -0.01407837 0.6059878 -0.01407891 0.6059894 1.067474 0.2437862 1.067441 0.2128144 1.06743 0.2130793 -0.01411855 0.2437862 1.067441 0.2440512 -0.01410889 0.2853459 -0.0140962 0.5231693 0.3923987 0.4768307 0.3923987 0.4768306 0.3576445 0.5231693 0.3923987 0.4768307 0.3923987 0.4768306 0.3576445 0.4768307 0.3923987 0.4768306 0.3576445 0.5231695 0.3576445 0.5231693 0.3923987 0.4768307 0.3923987 0.4768306 0.3576445 0.5231693 0.3923987 0.4768307 0.3923987 0.4768306 0.3576445 0.5231693 0.3923987 0.4768307 0.3923987 0.4768306 0.3576445 0.5231693 0.3923987 0.4768307 0.3923987 0.4768306 0.3576445 0.5231693 0.3923987 0.4768307 0.3923987 0.4768306 0.3576445 0.5231693 0.3923987 0.4768307 0.3923987 0.4768306 0.3576445 0.4768307 0.3923987 0.4768306 0.3576445 0.5231695 0.3576445 0.5231693 0.3923987 0.4768307 0.3923987 0.4768306 0.3576445 0.5231693 0.3923987 0.4768307 0.3923987 0.4768306 0.3576445 0.67856 1.035514 0.6475882 1.035514 0.6475873 0.01788681 0.7198547 1.035514 0.7198538 0.0178858 0.7508252 0.0178858 0.7921201 1.035514 0.750826 1.035514 0.7508252 0.0178858 0.67856 1.035514 0.6785587 0.01788634 0.7198538 0.0178858 0.67856 1.035514 0.6475882 1.035514 0.6475873 0.01788681 0.7198547 1.035514 0.7198538 0.0178858 0.7508252 0.0178858 0.7921201 1.035514 0.750826 1.035514 0.7508252 0.0178858 0.67856 1.035514 0.6785587 0.01788634 0.7198538 0.0178858 0.67856 1.035514 0.6475882 1.035514 0.6475873 0.01788681 0.7198547 1.035514 0.7198538 0.0178858 0.7508252 0.0178858 0.7921201 1.035514 0.750826 1.035514 0.7508252 0.0178858 0.67856 1.035514 0.6785587 0.01788634 0.7198538 0.0178858 0.67856 1.035514 0.6475882 1.035514 0.6475873 0.01788681 0.7198547 1.035514 0.7198538 0.0178858 0.7508252 0.0178858 0.7921193 0.01788514 0.7921201 1.035514 0.750826 1.035514 0.6785587 0.01788634 0.7198538 0.0178858 0.7198547 1.035514 0.67856 1.035514 0.6475882 1.035514 0.6475873 0.01788681 0.7198547 1.035514 0.7198538 0.0178858 0.7508252 0.0178858 0.7921201 1.035514 0.750826 1.035514 0.7508252 0.0178858 0.67856 1.035514 0.6785587 0.01788634 0.7198538 0.0178858 0.67856 1.035514 0.6475882 1.035514 0.6475873 0.01788681 0.7198547 1.035514 0.7198538 0.0178858 0.7508252 0.0178858 0.7921193 0.01788514 0.7921201 1.035514 0.750826 1.035514 0.67856 1.035514 0.6785587 0.01788634 0.7198538 0.0178858 0.67856 1.035514 0.6475882 1.035514 0.6475873 0.01788681 0.7198547 1.035514 0.7198538 0.0178858 0.7508252 0.0178858 0.7921193 0.01788514 0.7921201 1.035514 0.750826 1.035514 0.6785587 0.01788634 0.7198538 0.0178858 0.7198547 1.035514 0.67856 1.035514 0.6475882 1.035514 0.6475873 0.01788681 0.7198547 1.035514 0.7198538 0.0178858 0.7508252 0.0178858 0.7921193 0.01788514 0.7921201 1.035514 0.750826 1.035514 0.6785587 0.01788634 0.7198538 0.0178858 0.7198547 1.035514 0.67856 1.067474 0.6475882 1.067474 0.6475873 -0.01407313 0.7198547 1.067474 0.7198538 -0.0140742 0.7508252 -0.0140742 0.7921193 -0.01407492 0.7921201 1.067474 0.750826 1.067474 0.67856 1.067474 0.6785587 -0.01407361 0.7198538 -0.0140742 0.2437862 1.067441 0.2128144 1.06743 0.2130793 -0.01411855 0.2850809 1.067455 0.2853459 -0.0140962 0.3163172 -0.01408612 0.3576118 -0.01407444 0.3573454 1.067475 0.3160518 1.067463 0.2437862 1.067441 0.2440512 -0.01410889 0.2853459 -0.0140962 0.5337237 1.067474 0.5027526 1.067472 0.5027517 -0.01407825 0.5750181 1.067473 0.5750172 -0.01407837 0.6059878 -0.01407891 0.6472822 -0.01407945 0.647284 1.067474 0.6059894 1.067474 0.5337237 1.067474 0.5337228 -0.01407837 0.5750172 -0.01407837 0.3888888 1.067475 0.3579179 1.067475 0.3579161 -0.01407766 0.4301832 1.067474 0.4301815 -0.01407885 0.4611529 -0.0140804 0.5024476 -0.01408201 0.5024484 1.067473 0.4611542 1.067473 0.3888888 1.067475 0.3888871 -0.01407766 0.4301815 -0.01407885 0.67856 1.067474 0.6475882 1.067474 0.6475873 -0.01407313 0.7198547 1.067474 0.7198538 -0.0140742 0.7508252 -0.0140742 0.7921193 -0.01407492 0.7921201 1.067474 0.750826 1.067474 0.67856 1.067474 0.6785587 -0.01407361 0.7198538 -0.0140742 0.2437862 1.067441 0.2128144 1.06743 0.2130793 -0.01411855 0.2850809 1.067455 0.2853459 -0.0140962 0.3163172 -0.01408612 0.3576118 -0.01407444 0.3573454 1.067475 0.3160518 1.067463 0.2437862 1.067441 0.2440512 -0.01410889 0.2853459 -0.0140962 0.5337237 1.067474 0.5027526 1.067472 0.5027517 -0.01407825 0.5750181 1.067473 0.5750172 -0.01407837 0.6059878 -0.01407891 0.6472822 -0.01407945 0.647284 1.067474 0.6059894 1.067474 0.5337237 1.067474 0.5337228 -0.01407837 0.5750172 -0.01407837 0.3888888 1.067475 0.3579179 1.067475 0.3579161 -0.01407766 0.4301832 1.067474 0.4301815 -0.01407885 0.4611529 -0.0140804 0.5024476 -0.01408201 0.5024484 1.067473 0.4611542 1.067473 0.3888888 1.067475 0.3888871 -0.01407766 0.4301815 -0.01407885 0.07940447 1.047925 0.07940447 -0.02910482 0.0897367 -0.02837997 0.1183634 -0.02837997 0.1286945 -0.02910482 0.1286905 1.047925 0.1573173 -0.02910482 0.1573173 1.047925 0.1286905 1.047925 0.08973604 1.04865 0.0897367 -0.02837997 0.1183634 -0.02837997 5.7213e-5 1.047904 5.60507e-5 -0.02910482 0.01104933 -0.02874976 0.03967565 -0.0287494 0.05066806 -0.02910417 0.05066567 1.047903 0.07929241 1.047903 0.05066567 1.047903 0.05066806 -0.02910417 0.01104962 1.048259 0.01104933 -0.02874976 0.03967565 -0.0287494 0.4966289 1.047925 0.4966289 -0.02910482 0.5069612 -0.02837997 0.5355879 -0.02837997 0.545919 -0.02910482 0.545915 1.047925 0.5745418 -0.02910482 0.5745418 1.047925 0.545915 1.047925 0.5069605 1.04865 0.5069612 -0.02837997 0.5355879 -0.02837997 -0.1692166 1.047904 -0.1692178 -0.02910482 -0.1582245 -0.02874976 -0.1295982 -0.0287494 -0.1186057 -0.02910417 -0.1186082 1.047903 -0.08998149 1.047903 -0.1186082 1.047903 -0.1186057 -0.02910417 -0.1582242 1.048259 -0.1582245 -0.02874976 -0.1295982 -0.0287494 0.2605991 1.047925 0.2605991 -0.02910482 0.2709313 -0.02837997 0.299558 -0.02837997 0.3098891 -0.02910482 0.3098851 1.047925 0.338512 -0.02910482 0.338512 1.047925 0.3098851 1.047925 0.2709307 1.04865 0.2709313 -0.02837997 0.299558 -0.02837997 0.269465 1.047904 0.2694638 -0.02910482 0.2804571 -0.02874976 0.3090835 -0.0287494 0.3200759 -0.02910417 0.3200734 1.047903 0.3487002 1.047903 0.3200734 1.047903 0.3200759 -0.02910417 0.2804574 1.048259 0.2804571 -0.02874976 0.3090835 -0.0287494 0.4560986 1.047925 0.4560986 -0.02910482 0.4664308 -0.02837997 0.4950575 -0.02837997 0.5053886 -0.02910482 0.5053846 1.047925 0.5340114 -0.02910482 0.5340114 1.047925 0.5053846 1.047925 0.4664301 1.04865 0.4664308 -0.02837997 0.4950575 -0.02837997 0.4458913 1.047904 0.4458901 -0.02910482 0.4568834 -0.02874976 0.4855098 -0.0287494 0.4965022 -0.02910417 0.4964998 1.047903 0.5251265 1.047903 0.4964998 1.047903 0.4965022 -0.02910417 0.4568837 1.048259 0.4568834 -0.02874976 0.4855098 -0.0287494 0.1342397 1.047925 0.1342397 -0.02910482 0.1445719 -0.02837997 0.1731986 -0.02837997 0.1835297 -0.02910482 0.1835257 1.047925 0.2121526 -0.02910482 0.2121526 1.047925 0.1835257 1.047925 0.1445713 1.04865 0.1445719 -0.02837997 0.1731986 -0.02837997 -0.1191498 1.047904 -0.1191509 -0.02910482 -0.1081576 -0.02874976 -0.07953131 -0.0287494 -0.06853884 -0.02910417 -0.06854128 1.047903 -0.03991454 1.047903 -0.06854128 1.047903 -0.06853884 -0.02910417 -0.1081573 1.048259 -0.1081576 -0.02874976 -0.07953131 -0.0287494 0.01026445 1.047925 0.01026445 -0.02910482 0.02059662 -0.02837997 0.0492233 -0.02837997 0.05955445 -0.02910482 0.0595504 1.047925 0.08817726 -0.02910482 0.08817726 1.047925 0.0595504 1.047925 0.02059596 1.04865 0.02059662 -0.02837997 0.0492233 -0.02837997 0.5698666 1.047904 0.5698654 -0.02910482 0.5808587 -0.02874976 0.609485 -0.0287494 0.6204775 -0.02910417 0.6204751 1.047903 0.6491018 1.047903 0.6204751 1.047903 0.6204775 -0.02910417 0.580859 1.048259 0.5808587 -0.02874976 0.609485 -0.0287494 0.2224529 1.047925 0.2224529 -0.02910482 0.2327851 -0.02837997 0.2614118 -0.02837997 0.2717429 -0.02910482 0.2717389 1.047925 0.3003658 -0.02910482 0.3003658 1.047925 0.2717389 1.047925 0.2327844 1.04865 0.2327851 -0.02837997 0.2614118 -0.02837997 -0.1358387 1.047904 -0.1358399 -0.02910482 -0.1248466 -0.02874976 -0.09622025 -0.0287494 -0.08522784 -0.02910417 -0.08523023 1.047903 -0.05660349 1.047903 -0.08523023 1.047903 -0.08522784 -0.02910417 -0.1248463 1.048259 -0.1248466 -0.02874976 -0.09622025 -0.0287494 0.67856 1.067474 0.6475882 1.067474 0.6475873 -0.01407313 0.7198547 1.067474 0.7198538 -0.0140742 0.7508252 -0.0140742 0.7921193 -0.01407492 0.7921201 1.067474 0.750826 1.067474 0.6785587 -0.01407361 0.7198538 -0.0140742 0.7198547 1.067474 0.2437862 1.067441 0.2128144 1.06743 0.2130793 -0.01411855 0.2850809 1.067455 0.2853459 -0.0140962 0.3163172 -0.01408612 0.3576118 -0.01407444 0.3573454 1.067475 0.3160518 1.067463 0.2440512 -0.01410889 0.2853459 -0.0140962 0.2850809 1.067455 0.5337237 1.067474 0.5027526 1.067472 0.5027517 -0.01407825 0.5750181 1.067473 0.5750172 -0.01407837 0.6059878 -0.01407891 0.6472822 -0.01407945 0.647284 1.067474 0.6059894 1.067474 0.5337228 -0.01407837 0.5750172 -0.01407837 0.5750181 1.067473 0.3888888 1.067475 0.3579179 1.067475 0.3579161 -0.01407766 0.4301832 1.067474 0.4301815 -0.01407885 0.4611529 -0.0140804 0.5024476 -0.01408201 0.5024484 1.067473 0.4611542 1.067473 0.3888871 -0.01407766 0.4301815 -0.01407885 0.4301832 1.067474 0.67856 1.067474 0.6475882 1.067474 0.6475873 -0.01407313 0.7198547 1.067474 0.7198538 -0.0140742 0.7508252 -0.0140742 0.7921193 -0.01407492 0.7921201 1.067474 0.750826 1.067474 0.6785587 -0.01407361 0.7198538 -0.0140742 0.7198547 1.067474 0.2437862 1.067441 0.2128144 1.06743 0.2130793 -0.01411855 0.2850809 1.067455 0.2853459 -0.0140962 0.3163172 -0.01408612 0.3576118 -0.01407444 0.3573454 1.067475 0.3160518 1.067463 0.2440512 -0.01410889 0.2853459 -0.0140962 0.2850809 1.067455 0.5337237 1.067474 0.5027526 1.067472 0.5027517 -0.01407825 0.5750181 1.067473 0.5750172 -0.01407837 0.6059878 -0.01407891 0.6472822 -0.01407945 0.647284 1.067474 0.6059894 1.067474 0.5337228 -0.01407837 0.5750172 -0.01407837 0.5750181 1.067473 0.3888888 1.067475 0.3579179 1.067475 0.3579161 -0.01407766 0.4301832 1.067474 0.4301815 -0.01407885 0.4611529 -0.0140804 0.5024476 -0.01408201 0.5024484 1.067473 0.4611542 1.067473 0.3888871 -0.01407766 0.4301815 -0.01407885 0.4301832 1.067474 0.07940447 1.047925 0.07940447 -0.02910482 0.0897367 -0.02837997 0.1183634 -0.02837997 0.1286945 -0.02910482 0.1286905 1.047925 0.1573173 1.047925 0.1286905 1.047925 0.1286945 -0.02910482 0.08973604 1.04865 0.0897367 -0.02837997 0.1183634 -0.02837997 5.7213e-5 1.047904 5.60507e-5 -0.02910482 0.01104933 -0.02874976 0.03967565 -0.0287494 0.05066806 -0.02910417 0.05066567 1.047903 0.07929241 1.047903 0.05066567 1.047903 0.05066806 -0.02910417 0.01104962 1.048259 0.01104933 -0.02874976 0.03967565 -0.0287494 0.4966289 1.047925 0.4966289 -0.02910482 0.5069612 -0.02837997 0.5355879 -0.02837997 0.545919 -0.02910482 0.545915 1.047925 0.5745418 1.047925 0.545915 1.047925 0.545919 -0.02910482 0.5069605 1.04865 0.5069612 -0.02837997 0.5355879 -0.02837997 -0.1692166 1.047904 -0.1692178 -0.02910482 -0.1582245 -0.02874976 -0.1295982 -0.0287494 -0.1186057 -0.02910417 -0.1186082 1.047903 -0.08998149 1.047903 -0.1186082 1.047903 -0.1186057 -0.02910417 -0.1582242 1.048259 -0.1582245 -0.02874976 -0.1295982 -0.0287494 0.2605991 1.047925 0.2605991 -0.02910482 0.2709313 -0.02837997 0.299558 -0.02837997 0.3098891 -0.02910482 0.3098851 1.047925 0.338512 1.047925 0.3098851 1.047925 0.3098891 -0.02910482 0.2709307 1.04865 0.2709313 -0.02837997 0.299558 -0.02837997 0.269465 1.047904 0.2694638 -0.02910482 0.2804571 -0.02874976 0.3090835 -0.0287494 0.3200759 -0.02910417 0.3200734 1.047903 0.3487002 1.047903 0.3200734 1.047903 0.3200759 -0.02910417 0.2804574 1.048259 0.2804571 -0.02874976 0.3090835 -0.0287494 0.4560986 1.047925 0.4560986 -0.02910482 0.4664308 -0.02837997 0.4950575 -0.02837997 0.5053886 -0.02910482 0.5053846 1.047925 0.5340114 1.047925 0.5053846 1.047925 0.5053886 -0.02910482 0.4664301 1.04865 0.4664308 -0.02837997 0.4950575 -0.02837997 0.4458913 1.047904 0.4458901 -0.02910482 0.4568834 -0.02874976 0.4855098 -0.0287494 0.4965022 -0.02910417 0.4964998 1.047903 0.5251265 1.047903 0.4964998 1.047903 0.4965022 -0.02910417 0.4568837 1.048259 0.4568834 -0.02874976 0.4855098 -0.0287494 0.1342397 1.047925 0.1342397 -0.02910482 0.1445719 -0.02837997 0.1731986 -0.02837997 0.1835297 -0.02910482 0.1835257 1.047925 0.2121526 1.047925 0.1835257 1.047925 0.1835297 -0.02910482 0.1445713 1.04865 0.1445719 -0.02837997 0.1731986 -0.02837997 -0.1191498 1.047904 -0.1191509 -0.02910482 -0.1081576 -0.02874976 -0.07953131 -0.0287494 -0.06853884 -0.02910417 -0.06854128 1.047903 -0.03991454 1.047903 -0.06854128 1.047903 -0.06853884 -0.02910417 -0.1081573 1.048259 -0.1081576 -0.02874976 -0.07953131 -0.0287494 0.01026445 1.047925 0.01026445 -0.02910482 0.02059662 -0.02837997 0.0492233 -0.02837997 0.05955445 -0.02910482 0.0595504 1.047925 0.08817726 1.047925 0.0595504 1.047925 0.05955445 -0.02910482 0.02059596 1.04865 0.02059662 -0.02837997 0.0492233 -0.02837997 0.5698666 1.047904 0.5698654 -0.02910482 0.5808587 -0.02874976 0.609485 -0.0287494 0.6204775 -0.02910417 0.6204751 1.047903 0.6491018 1.047903 0.6204751 1.047903 0.6204775 -0.02910417 0.580859 1.048259 0.5808587 -0.02874976 0.609485 -0.0287494 0.2224529 1.047925 0.2224529 -0.02910482 0.2327851 -0.02837997 0.2614118 -0.02837997 0.2717429 -0.02910482 0.2717389 1.047925 0.3003658 1.047925 0.2717389 1.047925 0.2717429 -0.02910482 0.2327844 1.04865 0.2327851 -0.02837997 0.2614118 -0.02837997 -0.1358387 1.047904 -0.1358399 -0.02910482 -0.1248466 -0.02874976 -0.09622025 -0.0287494 -0.08522784 -0.02910417 -0.08523023 1.047903 -0.05660349 1.047903 -0.08523023 1.047903 -0.08522784 -0.02910417 -0.1248463 1.048259 -0.1248466 -0.02874976 -0.09622025 -0.0287494 0.67856 1.067474 0.6475882 1.067474 0.6475873 -0.01407313 0.7198547 1.067474 0.7198538 -0.0140742 0.7508252 -0.0140742 0.7921201 1.067474 0.750826 1.067474 0.7508252 -0.0140742 0.67856 1.067474 0.6785587 -0.01407361 0.7198538 -0.0140742 0.2437862 1.067441 0.2128144 1.06743 0.2130793 -0.01411855 0.2850809 1.067455 0.2853459 -0.0140962 0.3163172 -0.01408612 0.3573454 1.067475 0.3160518 1.067463 0.3163172 -0.01408612 0.2437862 1.067441 0.2440512 -0.01410889 0.2853459 -0.0140962 0.5337237 1.067474 0.5027526 1.067472 0.5027517 -0.01407825 0.5750181 1.067473 0.5750172 -0.01407837 0.6059878 -0.01407891 0.647284 1.067474 0.6059894 1.067474 0.6059878 -0.01407891 0.5337237 1.067474 0.5337228 -0.01407837 0.5750172 -0.01407837 0.3888888 1.067475 0.3579179 1.067475 0.3579161 -0.01407766 0.4301832 1.067474 0.4301815 -0.01407885 0.4611529 -0.0140804 0.5024484 1.067473 0.4611542 1.067473 0.4611529 -0.0140804 0.3888888 1.067475 0.3888871 -0.01407766 0.4301815 -0.01407885 0.67856 1.067474 0.6475882 1.067474 0.6475873 -0.01407313 0.7198547 1.067474 0.7198538 -0.0140742 0.7508252 -0.0140742 0.7921201 1.067474 0.750826 1.067474 0.7508252 -0.0140742 0.67856 1.067474 0.6785587 -0.01407361 0.7198538 -0.0140742 0.2437862 1.067441 0.2128144 1.06743 0.2130793 -0.01411855 0.2850809 1.067455 0.2853459 -0.0140962 0.3163172 -0.01408612 0.3573454 1.067475 0.3160518 1.067463 0.3163172 -0.01408612 0.2437862 1.067441 0.2440512 -0.01410889 0.2853459 -0.0140962 0.5337237 1.067474 0.5027526 1.067472 0.5027517 -0.01407825 0.5750181 1.067473 0.5750172 -0.01407837 0.6059878 -0.01407891 0.647284 1.067474 0.6059894 1.067474 0.6059878 -0.01407891 0.5337237 1.067474 0.5337228 -0.01407837 0.5750172 -0.01407837 0.3888888 1.067475 0.3579179 1.067475 0.3579161 -0.01407766 0.4301832 1.067474 0.4301815 -0.01407885 0.4611529 -0.0140804 0.5024484 1.067473 0.4611542 1.067473 0.4611529 -0.0140804 0.3888888 1.067475 0.3888871 -0.01407766 0.4301815 -0.01407885 0.07940447 1.047925 0.07940447 -0.02910482 0.0897367 -0.02837997 0.1183634 -0.02837997 0.1286945 -0.02910482 0.1286905 1.047925 0.1573173 1.047925 0.1286905 1.047925 0.1286945 -0.02910482 0.08973604 1.04865 0.0897367 -0.02837997 0.1183634 -0.02837997 5.7213e-5 1.047904 5.60507e-5 -0.02910482 0.01104933 -0.02874976 0.03967565 -0.0287494 0.05066806 -0.02910417 0.05066567 1.047903 0.07929241 -0.02910423 0.07929241 1.047903 0.05066567 1.047903 0.01104962 1.048259 0.01104933 -0.02874976 0.03967565 -0.0287494 0.4966289 1.047925 0.4966289 -0.02910482 0.5069612 -0.02837997 0.5355879 -0.02837997 0.545919 -0.02910482 0.545915 1.047925 0.5745418 1.047925 0.545915 1.047925 0.545919 -0.02910482 0.5069605 1.04865 0.5069612 -0.02837997 0.5355879 -0.02837997 -0.1692166 1.047904 -0.1692178 -0.02910482 -0.1582245 -0.02874976 -0.1295982 -0.0287494 -0.1186057 -0.02910417 -0.1186082 1.047903 -0.08998149 -0.02910423 -0.08998149 1.047903 -0.1186082 1.047903 -0.1582242 1.048259 -0.1582245 -0.02874976 -0.1295982 -0.0287494 0.2605991 1.047925 0.2605991 -0.02910482 0.2709313 -0.02837997 0.299558 -0.02837997 0.3098891 -0.02910482 0.3098851 1.047925 0.338512 1.047925 0.3098851 1.047925 0.3098891 -0.02910482 0.2709307 1.04865 0.2709313 -0.02837997 0.299558 -0.02837997 0.269465 1.047904 0.2694638 -0.02910482 0.2804571 -0.02874976 0.3090835 -0.0287494 0.3200759 -0.02910417 0.3200734 1.047903 0.3487002 -0.02910423 0.3487002 1.047903 0.3200734 1.047903 0.2804574 1.048259 0.2804571 -0.02874976 0.3090835 -0.0287494 0.4560986 1.047925 0.4560986 -0.02910482 0.4664308 -0.02837997 0.4950575 -0.02837997 0.5053886 -0.02910482 0.5053846 1.047925 0.5340114 1.047925 0.5053846 1.047925 0.5053886 -0.02910482 0.4664301 1.04865 0.4664308 -0.02837997 0.4950575 -0.02837997 0.4458913 1.047904 0.4458901 -0.02910482 0.4568834 -0.02874976 0.4855098 -0.0287494 0.4965022 -0.02910417 0.4964998 1.047903 0.5251265 -0.02910423 0.5251265 1.047903 0.4964998 1.047903 0.4568837 1.048259 0.4568834 -0.02874976 0.4855098 -0.0287494 0.1342397 1.047925 0.1342397 -0.02910482 0.1445719 -0.02837997 0.1731986 -0.02837997 0.1835297 -0.02910482 0.1835257 1.047925 0.2121526 1.047925 0.1835257 1.047925 0.1835297 -0.02910482 0.1445713 1.04865 0.1445719 -0.02837997 0.1731986 -0.02837997 -0.1191498 1.047904 -0.1191509 -0.02910482 -0.1081576 -0.02874976 -0.07953131 -0.0287494 -0.06853884 -0.02910417 -0.06854128 1.047903 -0.03991454 -0.02910423 -0.03991454 1.047903 -0.06854128 1.047903 -0.1081573 1.048259 -0.1081576 -0.02874976 -0.07953131 -0.0287494 0.01026445 1.047925 0.01026445 -0.02910482 0.02059662 -0.02837997 0.0492233 -0.02837997 0.05955445 -0.02910482 0.0595504 1.047925 0.08817726 1.047925 0.0595504 1.047925 0.05955445 -0.02910482 0.02059596 1.04865 0.02059662 -0.02837997 0.0492233 -0.02837997 0.5698666 1.047904 0.5698654 -0.02910482 0.5808587 -0.02874976 0.609485 -0.0287494 0.6204775 -0.02910417 0.6204751 1.047903 0.6491018 -0.02910423 0.6491018 1.047903 0.6204751 1.047903 0.580859 1.048259 0.5808587 -0.02874976 0.609485 -0.0287494 0.2224529 1.047925 0.2224529 -0.02910482 0.2327851 -0.02837997 0.2614118 -0.02837997 0.2717429 -0.02910482 0.2717389 1.047925 0.3003658 1.047925 0.2717389 1.047925 0.2717429 -0.02910482 0.2327844 1.04865 0.2327851 -0.02837997 0.2614118 -0.02837997 -0.1358387 1.047904 -0.1358399 -0.02910482 -0.1248466 -0.02874976 -0.09622025 -0.0287494 -0.08522784 -0.02910417 -0.08523023 1.047903 -0.05660349 -0.02910423 -0.05660349 1.047903 -0.08523023 1.047903 -0.1248463 1.048259 -0.1248466 -0.02874976 -0.09622025 -0.0287494 0.67856 1.067474 0.6475882 1.067474 0.6475873 -0.01407313 0.7198547 1.067474 0.7198538 -0.0140742 0.7508252 -0.0140742 0.7921201 1.067474 0.750826 1.067474 0.7508252 -0.0140742 0.67856 1.067474 0.6785587 -0.01407361 0.7198538 -0.0140742 0.2437862 1.067441 0.2128144 1.06743 0.2130793 -0.01411855 0.2850809 1.067455 0.2853459 -0.0140962 0.3163172 -0.01408612 0.3573454 1.067475 0.3160518 1.067463 0.3163172 -0.01408612 0.2437862 1.067441 0.2440512 -0.01410889 0.2853459 -0.0140962 0.5337237 1.067474 0.5027526 1.067472 0.5027517 -0.01407825 0.5750181 1.067473 0.5750172 -0.01407837 0.6059878 -0.01407891 0.647284 1.067474 0.6059894 1.067474 0.6059878 -0.01407891 0.5337237 1.067474 0.5337228 -0.01407837 0.5750172 -0.01407837 0.3888888 1.067475 0.3579179 1.067475 0.3579161 -0.01407766 0.4301832 1.067474 0.4301815 -0.01407885 0.4611529 -0.0140804 0.5024484 1.067473 0.4611542 1.067473 0.4611529 -0.0140804 0.3888888 1.067475 0.3888871 -0.01407766 0.4301815 -0.01407885 0.67856 1.067474 0.6475882 1.067474 0.6475873 -0.01407313 0.7198547 1.067474 0.7198538 -0.0140742 0.7508252 -0.0140742 0.7921201 1.067474 0.750826 1.067474 0.7508252 -0.0140742 0.67856 1.067474 0.6785587 -0.01407361 0.7198538 -0.0140742 0.2437862 1.067441 0.2128144 1.06743 0.2130793 -0.01411855 0.2850809 1.067455 0.2853459 -0.0140962 0.3163172 -0.01408612 0.3573454 1.067475 0.3160518 1.067463 0.3163172 -0.01408612 0.2437862 1.067441 0.2440512 -0.01410889 0.2853459 -0.0140962 0.5337237 1.067474 0.5027526 1.067472 0.5027517 -0.01407825 0.5750181 1.067473 0.5750172 -0.01407837 0.6059878 -0.01407891 0.647284 1.067474 0.6059894 1.067474 0.6059878 -0.01407891 0.5337237 1.067474 0.5337228 -0.01407837 0.5750172 -0.01407837 0.3888888 1.067475 0.3579179 1.067475 0.3579161 -0.01407766 0.4301832 1.067474 0.4301815 -0.01407885 0.4611529 -0.0140804 0.5024484 1.067473 0.4611542 1.067473 0.4611529 -0.0140804 0.3888888 1.067475 0.3888871 -0.01407766 0.4301815 -0.01407885 0.07940447 1.047925 0.07940447 -0.02910482 0.0897367 -0.02837997 0.1183634 -0.02837997 0.1286945 -0.02910482 0.1286905 1.047925 0.1573173 1.047925 0.1286905 1.047925 0.1286945 -0.02910482 0.08973604 1.04865 0.0897367 -0.02837997 0.1183634 -0.02837997 5.7213e-5 1.047904 5.60507e-5 -0.02910482 0.01104933 -0.02874976 0.03967565 -0.0287494 0.05066806 -0.02910417 0.05066567 1.047903 0.07929241 1.047903 0.05066567 1.047903 0.05066806 -0.02910417 0.01104962 1.048259 0.01104933 -0.02874976 0.03967565 -0.0287494 0.4966289 1.047925 0.4966289 -0.02910482 0.5069612 -0.02837997 0.5355879 -0.02837997 0.545919 -0.02910482 0.545915 1.047925 0.5745418 1.047925 0.545915 1.047925 0.545919 -0.02910482 0.5069605 1.04865 0.5069612 -0.02837997 0.5355879 -0.02837997 -0.1692166 1.047904 -0.1692178 -0.02910482 -0.1582245 -0.02874976 -0.1295982 -0.0287494 -0.1186057 -0.02910417 -0.1186082 1.047903 -0.08998149 1.047903 -0.1186082 1.047903 -0.1186057 -0.02910417 -0.1582242 1.048259 -0.1582245 -0.02874976 -0.1295982 -0.0287494 0.2605991 1.047925 0.2605991 -0.02910482 0.2709313 -0.02837997 0.299558 -0.02837997 0.3098891 -0.02910482 0.3098851 1.047925 0.338512 1.047925 0.3098851 1.047925 0.3098891 -0.02910482 0.2709307 1.04865 0.2709313 -0.02837997 0.299558 -0.02837997 0.269465 1.047904 0.2694638 -0.02910482 0.2804571 -0.02874976 0.3090835 -0.0287494 0.3200759 -0.02910417 0.3200734 1.047903 0.3487002 1.047903 0.3200734 1.047903 0.3200759 -0.02910417 0.2804574 1.048259 0.2804571 -0.02874976 0.3090835 -0.0287494 0.4560986 1.047925 0.4560986 -0.02910482 0.4664308 -0.02837997 0.4950575 -0.02837997 0.5053886 -0.02910482 0.5053846 1.047925 0.5340114 1.047925 0.5053846 1.047925 0.5053886 -0.02910482 0.4664301 1.04865 0.4664308 -0.02837997 0.4950575 -0.02837997 0.4458913 1.047904 0.4458901 -0.02910482 0.4568834 -0.02874976 0.4855098 -0.0287494 0.4965022 -0.02910417 0.4964998 1.047903 0.5251265 1.047903 0.4964998 1.047903 0.4965022 -0.02910417 0.4568837 1.048259 0.4568834 -0.02874976 0.4855098 -0.0287494 0.1342397 1.047925 0.1342397 -0.02910482 0.1445719 -0.02837997 0.1731986 -0.02837997 0.1835297 -0.02910482 0.1835257 1.047925 0.2121526 1.047925 0.1835257 1.047925 0.1835297 -0.02910482 0.1445713 1.04865 0.1445719 -0.02837997 0.1731986 -0.02837997 -0.1191498 1.047904 -0.1191509 -0.02910482 -0.1081576 -0.02874976 -0.07953131 -0.0287494 -0.06853884 -0.02910417 -0.06854128 1.047903 -0.03991454 1.047903 -0.06854128 1.047903 -0.06853884 -0.02910417 -0.1081573 1.048259 -0.1081576 -0.02874976 -0.07953131 -0.0287494 0.01026445 1.047925 0.01026445 -0.02910482 0.02059662 -0.02837997 0.0492233 -0.02837997 0.05955445 -0.02910482 0.0595504 1.047925 0.08817726 1.047925 0.0595504 1.047925 0.05955445 -0.02910482 0.02059596 1.04865 0.02059662 -0.02837997 0.0492233 -0.02837997 0.5698666 1.047904 0.5698654 -0.02910482 0.5808587 -0.02874976 0.609485 -0.0287494 0.6204775 -0.02910417 0.6204751 1.047903 0.6491018 1.047903 0.6204751 1.047903 0.6204775 -0.02910417 0.580859 1.048259 0.5808587 -0.02874976 0.609485 -0.0287494 0.2224529 1.047925 0.2224529 -0.02910482 0.2327851 -0.02837997 0.2614118 -0.02837997 0.2717429 -0.02910482 0.2717389 1.047925 0.3003658 1.047925 0.2717389 1.047925 0.2717429 -0.02910482 0.2327844 1.04865 0.2327851 -0.02837997 0.2614118 -0.02837997 -0.1358387 1.047904 -0.1358399 -0.02910482 -0.1248466 -0.02874976 -0.09622025 -0.0287494 -0.08522784 -0.02910417 -0.08523023 1.047903 -0.05660349 1.047903 -0.08523023 1.047903 -0.08522784 -0.02910417 -0.1248463 1.048259 -0.1248466 -0.02874976 -0.09622025 -0.0287494 1.973572 0.5951997 1.973584 1.011556 -0.9798223 1.011741 -0.9798223 1.011741 1.973584 1.011556 1.973584 1.019358 -0.9798223 1.011741 -0.9848296 1.011741 -0.9848415 0.5953876 1.973572 0.5951997 -0.9798333 0.5953871 -0.979834 0.5875851 1.973584 1.011556 1.973572 0.5951997 1.97858 0.5951995 3.016e-5 0.9998844 3.00705e-5 0.66421 0.9999699 0.9998827 1.987652 0.5031878 -2.008362 0.5031532 1.987652 0.4860101 -2.008362 0.548267 -2.008361 0.5310898 1.987651 0.5483321 1.987651 0.5483321 1.987651 0.5762693 -2.008362 0.548267 -2.008361 0.5310898 -2.008362 0.5031532 1.987651 0.531189 -0.2756046 5.023195 -0.2758334 -2.975424 -0.2297239 5.023195 -0.1379628 5.023195 -0.1380893 -2.975426 -0.09208214 5.023195 0.04555994 5.023197 0.04556822 -2.975426 0.09144067 5.023197 -0.1838434 5.023195 -0.1840044 -2.975425 -0.1379628 5.023195 -0.04620146 5.023195 -0.04626154 -2.975426 -3.20733e-4 5.023196 -3.20733e-4 5.023196 -3.46601e-4 -2.975426 0.04555994 5.023197 -0.2297239 5.023195 -0.2299193 -2.975425 -0.1838434 5.023195 -0.09208214 5.023195 -0.09217548 -2.975426 -0.04620146 5.023195 0.4615801 5.023197 0.4615391 -2.975425 0.5074613 5.023195 0.599223 5.023195 0.5992825 -2.975426 0.6451036 5.023196 0.7827459 5.023199 0.7829397 -2.975424 0.8286266 5.023201 0.5533421 5.023195 0.5533677 -2.975426 0.599223 5.023195 0.6909844 5.023197 0.69111 -2.975426 0.7368651 5.023198 0.7368651 5.023198 0.7370247 -2.975425 0.7827459 5.023199 0.5074613 5.023195 0.5074529 -2.975426 0.5533421 5.023195 0.6451036 5.023196 0.645196 -2.975426 0.6909844 5.023197 -0.6442508 5.023192 -0.6445206 -2.975421 -0.5983701 5.023191 -0.5066086 5.023188 -0.5067768 -2.975425 -0.4607278 5.023186 -0.3230854 5.023181 -0.3231188 -2.975426 -0.2772047 5.023179 -0.5524894 5.02319 -0.5526918 -2.975424 -0.5066086 5.023188 -0.414847 5.023185 -0.4149487 -2.975426 -0.3689663 5.023183 -0.3689663 5.023183 -0.3690338 -2.975426 -0.3230854 5.023181 -0.5983701 5.023191 -0.5986068 -2.975423 -0.5524894 5.02319 -0.4607278 5.023186 -0.4608627 -2.975425 -0.414847 5.023185 0.09289443 5.023199 0.09285342 -2.975425 0.1387754 5.023197 0.2305371 5.023197 0.2305966 -2.975426 0.276418 5.023198 0.4140601 5.023201 0.4142539 -2.975424 0.4599409 5.023203 0.1846563 5.023197 0.1846819 -2.975426 0.2305371 5.023197 0.3222987 5.023199 0.3224242 -2.975426 0.3681794 5.0232 0.3681794 5.0232 0.3683391 -2.975425 0.4140601 5.023201 0.1387754 5.023197 0.1387671 -2.975426 0.1846563 5.023197 0.276418 5.023198 0.2765103 -2.975426 0.3222987 5.023199 1.987653 0.4737361 -2.012063 0.4738548 1.987652 0.4579928 1.987652 0.4265043 -2.012058 0.4265417 1.987652 0.4107596 1.987652 0.3635246 -2.012052 0.3634575 1.987652 0.3477794 1.987652 0.4422484 -2.01206 0.4423131 1.987652 0.4265043 1.987652 0.395015 -2.012054 0.3949998 1.987652 0.3792701 1.987652 0.3792701 -2.012053 0.3792291 1.987652 0.3635246 1.987652 0.4579928 -2.012062 0.4580839 1.987652 0.4422484 1.987652 0.4107596 -2.012056 0.4107706 1.987652 0.395015 1.987573 0.6001382 -2.012063 0.6003093 1.987572 0.5843924 1.987571 0.5529024 -2.012063 0.5529949 1.987571 0.537158 1.987571 0.4899235 -2.012062 0.4899101 1.987571 0.474178 1.987572 0.5686467 -2.012063 0.5687668 1.987571 0.5529024 1.987571 0.5214133 -2.012062 0.5214523 1.987571 0.5056684 1.987571 0.5056684 -2.012062 0.5056812 1.987571 0.4899235 1.987572 0.5843924 -2.012063 0.5845382 1.987572 0.5686467 1.987571 0.537158 -2.012063 0.5372237 1.987571 0.5214133 1.987652 0.2552374 -2.008362 0.2552028 1.987652 0.2380596 -2.008362 0.3003166 -2.008361 0.2831394 1.987651 0.3003817 1.987651 0.3003817 1.987651 0.3283189 -2.008362 0.3003166 -2.008361 0.2831394 -2.008362 0.2552028 1.987651 0.2832387 1.913972 0.003098785 1.903501 0.003098905 1.913974 -0.6211455 0.01940125 0.01084011 0.9812194 0.01039332 0.9891906 0.01936894 0.9891906 0.01936894 0.9891891 0.9806369 0.9812114 0.9896082 0.9812114 0.9896082 0.01933932 0.9885607 0.0103752 0.9805825 0.0103752 0.9805825 0.01043498 0.018821 0.01940125 0.01084011 0.01940125 0.01084011 0.9891906 0.01936894 0.9812114 0.9896082 0.01940125 0.01084011 0.01043498 0.018821 0.01264548 0.001006901 0.01043498 0.018821 0.0103752 0.9805825 1.61317e-4 0.01263725 0.01933932 0.9885607 0.01258039 0.9983897 0.0103752 0.9805825 0.01933932 0.9885607 0.9812114 0.9896082 0.01258039 0.9983897 0.9812114 0.9896082 0.9891891 0.9806369 0.9910737 0.9974923 0.9891891 0.9806369 0.9891906 0.01936894 0.9990281 0.9873893 0.9812194 0.01039332 0.9910813 0.002525091 0.9891906 0.01936894 0.9812194 0.01039332 0.01940125 0.01084011 0.9873964 9.99364e-5 1.903501 0.003098905 1.068736 0.003100275 1.903501 -0.6211454 1.068736 0.003100275 1.058265 0.003100872 1.068735 -0.6211448 1.058265 0.003100872 0.2234964 0.003105342 1.058262 -0.6211461 2.748737 0.003101468 1.913972 0.003098785 2.748739 -0.6211428 -0.6217441 0.003110885 -0.6322158 0.003111004 -0.6217482 -0.6211358 0.2130246 0.003105342 -0.6217441 0.003110885 0.2130202 -0.6211417 0.2234964 0.003105342 0.2130246 0.003105342 0.2234931 -0.6211417 -2.008361 0.4860101 -2.008362 0.5031532 1.987652 0.4860101 1.987651 0.531189 -2.008361 0.5310898 1.987651 0.5483321 -2.008362 0.5762679 1.987651 0.5762693 -2.008362 0.548267 1.987652 0.5031878 -2.008362 0.5031532 1.987651 0.531189 -0.2299193 -2.975425 -0.2758334 -2.975424 -0.2297239 5.023195 -0.09217548 -2.975426 -0.1380893 -2.975426 -0.09208214 5.023195 0.09148216 -2.975426 0.04556822 -2.975426 0.09144067 5.023197 -0.1380893 -2.975426 -0.1840044 -2.975425 -0.1379628 5.023195 -3.46601e-4 -2.975426 -0.04626154 -2.975426 -3.20733e-4 5.023196 0.04556822 -2.975426 -3.46601e-4 -2.975426 0.04555994 5.023197 -0.1840044 -2.975425 -0.2299193 -2.975425 -0.1838434 5.023195 -0.04626154 -2.975426 -0.09217548 -2.975426 -0.04620146 5.023195 0.5074529 -2.975426 0.4615391 -2.975425 0.5074613 5.023195 0.645196 -2.975426 0.5992825 -2.975426 0.6451036 5.023196 0.8288536 -2.975423 0.7829397 -2.975424 0.8286266 5.023201 0.5992825 -2.975426 0.5533677 -2.975426 0.599223 5.023195 0.7370247 -2.975425 0.69111 -2.975426 0.7368651 5.023198 0.7829397 -2.975424 0.7370247 -2.975425 0.7827459 5.023199 0.5533677 -2.975426 0.5074529 -2.975426 0.5533421 5.023195 0.69111 -2.975426 0.645196 -2.975426 0.6909844 5.023197 -0.5986068 -2.975423 -0.6445206 -2.975421 -0.5983701 5.023191 -0.4608627 -2.975425 -0.5067768 -2.975425 -0.4607278 5.023186 -0.2772047 -2.975426 -0.3231188 -2.975426 -0.2772047 5.023179 -0.5067768 -2.975425 -0.5526918 -2.975424 -0.5066086 5.023188 -0.3690338 -2.975426 -0.4149487 -2.975426 -0.3689663 5.023183 -0.3231188 -2.975426 -0.3690338 -2.975426 -0.3230854 5.023181 -0.5526918 -2.975424 -0.5986068 -2.975423 -0.5524894 5.02319 -0.4149487 -2.975426 -0.4608627 -2.975425 -0.414847 5.023185 0.1387671 -2.975426 0.09285342 -2.975425 0.1387754 5.023197 0.2765103 -2.975426 0.2305966 -2.975426 0.276418 5.023198 0.4601678 -2.975423 0.4142539 -2.975424 0.4599409 5.023203 0.2305966 -2.975426 0.1846819 -2.975426 0.2305371 5.023197 0.3683391 -2.975425 0.3224242 -2.975426 0.3681794 5.0232 0.4142539 -2.975424 0.3683391 -2.975425 0.4140601 5.023201 0.1846819 -2.975426 0.1387671 -2.975426 0.1846563 5.023197 0.3224242 -2.975426 0.2765103 -2.975426 0.3222987 5.023199 -2.012062 0.4580839 -2.012063 0.4738548 1.987652 0.4579928 -2.012056 0.4107706 -2.012058 0.4265417 1.987652 0.4107596 -2.012052 0.3476864 -2.012052 0.3634575 1.987652 0.3477794 -2.012058 0.4265417 -2.01206 0.4423131 1.987652 0.4265043 -2.012053 0.3792291 -2.012054 0.3949998 1.987652 0.3792701 -2.012052 0.3634575 -2.012053 0.3792291 1.987652 0.3635246 -2.01206 0.4423131 -2.012062 0.4580839 1.987652 0.4422484 -2.012054 0.3949998 -2.012056 0.4107706 1.987652 0.395015 -2.012063 0.5845382 -2.012063 0.6003093 1.987572 0.5843924 -2.012063 0.5372237 -2.012063 0.5529949 1.987571 0.537158 -2.012062 0.4741389 -2.012062 0.4899101 1.987571 0.474178 -2.012063 0.5529949 -2.012063 0.5687668 1.987571 0.5529024 -2.012062 0.5056812 -2.012062 0.5214523 1.987571 0.5056684 -2.012062 0.4899101 -2.012062 0.5056812 1.987571 0.4899235 -2.012063 0.5687668 -2.012063 0.5845382 1.987572 0.5686467 -2.012062 0.5214523 -2.012063 0.5372237 1.987571 0.5214133 -2.008361 0.2380596 -2.008362 0.2552028 1.987652 0.2380596 1.987651 0.2832387 -2.008361 0.2831394 1.987651 0.3003817 -2.008362 0.3283175 1.987651 0.3283189 -2.008362 0.3003166 1.987652 0.2552374 -2.008362 0.2552028 1.987651 0.2832387 1.903501 -0.6211454 1.903501 0.003098905 1.913974 -0.6211455 0.01940125 0.01084011 0.01043498 0.018821 0.9812194 0.01039332 0.0103752 0.9805825 0.9891906 0.01936894 0.01043498 0.018821 0.9812114 0.9896082 0.9891891 0.9806369 0.01933932 0.9885607 0.9891906 0.01936894 0.0103752 0.9805825 0.9891891 0.9806369 0.01043498 0.018821 0.9891906 0.01936894 0.9812194 0.01039332 0.002555906 0.00897175 0.01043498 0.018821 0.01264548 0.001006901 9.99364e-5 0.9867653 0.0103752 0.9805825 1.61317e-4 0.01263725 0.01933932 0.9885607 0.0103752 0.9805825 0.01258039 0.9983897 0.9873839 0.9999001 0.9812114 0.9896082 0.01258039 0.9983897 0.9990281 0.9873893 0.9891891 0.9806369 0.9910737 0.9974923 0.9990281 0.01261961 0.9891906 0.01936894 0.9990281 0.9873893 0.9812194 0.01039332 0.9891906 0.01936894 0.9910813 0.002525091 0.01264548 0.001006901 0.01940125 0.01084011 0.9873964 9.99364e-5 1.068735 -0.6211448 1.068736 0.003100275 1.903501 -0.6211454 1.058262 -0.6211461 1.058265 0.003100872 1.068735 -0.6211448 0.2234931 -0.6211417 0.2234964 0.003105342 1.058262 -0.6211461 1.913974 -0.6211455 1.913972 0.003098785 2.748739 -0.6211428 -0.6322215 -0.621136 -0.6322158 0.003111004 -0.6217482 -0.6211358 -0.6217482 -0.6211358 -0.6217441 0.003110885 0.2130202 -0.6211417 0.2130202 -0.6211417 0.2130246 0.003105342 0.2234931 -0.6211417 0.6785587 -0.01407361 0.67856 1.067474 0.6475873 -0.01407313 0.750826 1.067474 0.7198547 1.067474 0.7508252 -0.0140742 0.7508252 -0.0140742 0.7921193 -0.01407492 0.750826 1.067474 0.7198547 1.067474 0.67856 1.067474 0.7198538 -0.0140742 0.2440512 -0.01410889 0.2437862 1.067441 0.2130793 -0.01411855 0.3160518 1.067463 0.2850809 1.067455 0.3163172 -0.01408612 0.3163172 -0.01408612 0.3576118 -0.01407444 0.3160518 1.067463 0.2850809 1.067455 0.2437862 1.067441 0.2853459 -0.0140962 0.5337228 -0.01407837 0.5337237 1.067474 0.5027517 -0.01407825 0.6059894 1.067474 0.5750181 1.067473 0.6059878 -0.01407891 0.6059878 -0.01407891 0.6472822 -0.01407945 0.6059894 1.067474 0.5750181 1.067473 0.5337237 1.067474 0.5750172 -0.01407837 0.3888871 -0.01407766 0.3888888 1.067475 0.3579161 -0.01407766 0.4611542 1.067473 0.4301832 1.067474 0.4611529 -0.0140804 0.4611529 -0.0140804 0.5024476 -0.01408201 0.4611542 1.067473 0.4301832 1.067474 0.3888888 1.067475 0.4301815 -0.01407885 0.6785587 -0.01407361 0.67856 1.067474 0.6475873 -0.01407313 0.750826 1.067474 0.7198547 1.067474 0.7508252 -0.0140742 0.7508252 -0.0140742 0.7921193 -0.01407492 0.750826 1.067474 0.7198547 1.067474 0.67856 1.067474 0.7198538 -0.0140742 0.2440512 -0.01410889 0.2437862 1.067441 0.2130793 -0.01411855 0.3160518 1.067463 0.2850809 1.067455 0.3163172 -0.01408612 0.3163172 -0.01408612 0.3576118 -0.01407444 0.3160518 1.067463 0.2850809 1.067455 0.2437862 1.067441 0.2853459 -0.0140962 0.5337228 -0.01407837 0.5337237 1.067474 0.5027517 -0.01407825 0.6059894 1.067474 0.5750181 1.067473 0.6059878 -0.01407891 0.6059878 -0.01407891 0.6472822 -0.01407945 0.6059894 1.067474 0.5750181 1.067473 0.5337237 1.067474 0.5750172 -0.01407837 0.3888871 -0.01407766 0.3888888 1.067475 0.3579161 -0.01407766 0.4611542 1.067473 0.4301832 1.067474 0.4611529 -0.0140804 0.4611529 -0.0140804 0.5024476 -0.01408201 0.4611542 1.067473 0.4301832 1.067474 0.3888888 1.067475 0.4301815 -0.01407885 0.08973604 1.04865 0.07940447 1.047925 0.0897367 -0.02837997 0.1183587 1.04865 0.1183634 -0.02837997 0.1286905 1.047925 0.1286945 -0.02910482 0.1573173 -0.02910482 0.1286905 1.047925 0.1183587 1.04865 0.08973604 1.04865 0.1183634 -0.02837997 0.01104962 1.048259 5.7213e-5 1.047904 0.01104933 -0.02874976 0.03967183 1.048258 0.03967565 -0.0287494 0.05066567 1.047903 0.07929241 -0.02910423 0.07929241 1.047903 0.05066806 -0.02910417 0.03967183 1.048258 0.01104962 1.048259 0.03967565 -0.0287494 0.5069605 1.04865 0.4966289 1.047925 0.5069612 -0.02837997 0.5355833 1.04865 0.5355879 -0.02837997 0.545915 1.047925 0.545919 -0.02910482 0.5745418 -0.02910482 0.545915 1.047925 0.5355833 1.04865 0.5069605 1.04865 0.5355879 -0.02837997 -0.1582242 1.048259 -0.1692166 1.047904 -0.1582245 -0.02874976 -0.129602 1.048258 -0.1295982 -0.0287494 -0.1186082 1.047903 -0.08998149 -0.02910423 -0.08998149 1.047903 -0.1186057 -0.02910417 -0.129602 1.048258 -0.1582242 1.048259 -0.1295982 -0.0287494 0.2709307 1.04865 0.2605991 1.047925 0.2709313 -0.02837997 0.2995534 1.04865 0.299558 -0.02837997 0.3098851 1.047925 0.3098891 -0.02910482 0.338512 -0.02910482 0.3098851 1.047925 0.2995534 1.04865 0.2709307 1.04865 0.299558 -0.02837997 0.2804574 1.048259 0.269465 1.047904 0.2804571 -0.02874976 0.3090797 1.048258 0.3090835 -0.0287494 0.3200734 1.047903 0.3487002 -0.02910423 0.3487002 1.047903 0.3200759 -0.02910417 0.3090797 1.048258 0.2804574 1.048259 0.3090835 -0.0287494 0.4664301 1.04865 0.4560986 1.047925 0.4664308 -0.02837997 0.4950528 1.04865 0.4950575 -0.02837997 0.5053846 1.047925 0.5053886 -0.02910482 0.5340114 -0.02910482 0.5053846 1.047925 0.4950528 1.04865 0.4664301 1.04865 0.4950575 -0.02837997 0.4568837 1.048259 0.4458913 1.047904 0.4568834 -0.02874976 0.485506 1.048258 0.4855098 -0.0287494 0.4964998 1.047903 0.5251265 -0.02910423 0.5251265 1.047903 0.4965022 -0.02910417 0.485506 1.048258 0.4568837 1.048259 0.4855098 -0.0287494 0.1445713 1.04865 0.1342397 1.047925 0.1445719 -0.02837997 0.1731939 1.04865 0.1731986 -0.02837997 0.1835257 1.047925 0.1835297 -0.02910482 0.2121526 -0.02910482 0.1835257 1.047925 0.1731939 1.04865 0.1445713 1.04865 0.1731986 -0.02837997 -0.1081573 1.048259 -0.1191498 1.047904 -0.1081576 -0.02874976 -0.07953506 1.048258 -0.07953131 -0.0287494 -0.06854128 1.047903 -0.03991454 -0.02910423 -0.03991454 1.047903 -0.06853884 -0.02910417 -0.07953506 1.048258 -0.1081573 1.048259 -0.07953131 -0.0287494 0.02059596 1.04865 0.01026445 1.047925 0.02059662 -0.02837997 0.04921871 1.04865 0.0492233 -0.02837997 0.0595504 1.047925 0.05955445 -0.02910482 0.08817726 -0.02910482 0.0595504 1.047925 0.04921871 1.04865 0.02059596 1.04865 0.0492233 -0.02837997 0.580859 1.048259 0.5698666 1.047904 0.5808587 -0.02874976 0.6094813 1.048258 0.609485 -0.0287494 0.6204751 1.047903 0.6491018 -0.02910423 0.6491018 1.047903 0.6204775 -0.02910417 0.6094813 1.048258 0.580859 1.048259 0.609485 -0.0287494 0.2327844 1.04865 0.2224529 1.047925 0.2327851 -0.02837997 0.2614071 1.04865 0.2614118 -0.02837997 0.2717389 1.047925 0.2717429 -0.02910482 0.3003658 -0.02910482 0.2717389 1.047925 0.2614071 1.04865 0.2327844 1.04865 0.2614118 -0.02837997 -0.1248463 1.048259 -0.1358387 1.047904 -0.1248466 -0.02874976 -0.09622406 1.048258 -0.09622025 -0.0287494 -0.08523023 1.047903 -0.05660349 -0.02910423 -0.05660349 1.047903 -0.08522784 -0.02910417 -0.09622406 1.048258 -0.1248463 1.048259 -0.09622025 -0.0287494 0.6785587 -0.01407361 0.67856 1.067474 0.6475873 -0.01407313 0.750826 1.067474 0.7198547 1.067474 0.7508252 -0.0140742 0.7508252 -0.0140742 0.7921193 -0.01407492 0.750826 1.067474 0.67856 1.067474 0.6785587 -0.01407361 0.7198547 1.067474 0.2440512 -0.01410889 0.2437862 1.067441 0.2130793 -0.01411855 0.3160518 1.067463 0.2850809 1.067455 0.3163172 -0.01408612 0.3163172 -0.01408612 0.3576118 -0.01407444 0.3160518 1.067463 0.2437862 1.067441 0.2440512 -0.01410889 0.2850809 1.067455 0.5337228 -0.01407837 0.5337237 1.067474 0.5027517 -0.01407825 0.6059894 1.067474 0.5750181 1.067473 0.6059878 -0.01407891 0.6059878 -0.01407891 0.6472822 -0.01407945 0.6059894 1.067474 0.5337237 1.067474 0.5337228 -0.01407837 0.5750181 1.067473 0.3888871 -0.01407766 0.3888888 1.067475 0.3579161 -0.01407766 0.4611542 1.067473 0.4301832 1.067474 0.4611529 -0.0140804 0.4611529 -0.0140804 0.5024476 -0.01408201 0.4611542 1.067473 0.3888888 1.067475 0.3888871 -0.01407766 0.4301832 1.067474 0.6785587 -0.01407361 0.67856 1.067474 0.6475873 -0.01407313 0.750826 1.067474 0.7198547 1.067474 0.7508252 -0.0140742 0.7508252 -0.0140742 0.7921193 -0.01407492 0.750826 1.067474 0.67856 1.067474 0.6785587 -0.01407361 0.7198547 1.067474 0.2440512 -0.01410889 0.2437862 1.067441 0.2130793 -0.01411855 0.3160518 1.067463 0.2850809 1.067455 0.3163172 -0.01408612 0.3163172 -0.01408612 0.3576118 -0.01407444 0.3160518 1.067463 0.2437862 1.067441 0.2440512 -0.01410889 0.2850809 1.067455 0.5337228 -0.01407837 0.5337237 1.067474 0.5027517 -0.01407825 0.6059894 1.067474 0.5750181 1.067473 0.6059878 -0.01407891 0.6059878 -0.01407891 0.6472822 -0.01407945 0.6059894 1.067474 0.5337237 1.067474 0.5337228 -0.01407837 0.5750181 1.067473 0.3888871 -0.01407766 0.3888888 1.067475 0.3579161 -0.01407766 0.4611542 1.067473 0.4301832 1.067474 0.4611529 -0.0140804 0.4611529 -0.0140804 0.5024476 -0.01408201 0.4611542 1.067473 0.3888888 1.067475 0.3888871 -0.01407766 0.4301832 1.067474 0.08973604 1.04865 0.07940447 1.047925 0.0897367 -0.02837997 0.1183587 1.04865 0.1183634 -0.02837997 0.1286905 1.047925 0.1573173 -0.02910482 0.1573173 1.047925 0.1286945 -0.02910482 0.1183587 1.04865 0.08973604 1.04865 0.1183634 -0.02837997 0.01104962 1.048259 5.7213e-5 1.047904 0.01104933 -0.02874976 0.03967183 1.048258 0.03967565 -0.0287494 0.05066567 1.047903 0.07929241 -0.02910423 0.07929241 1.047903 0.05066806 -0.02910417 0.03967183 1.048258 0.01104962 1.048259 0.03967565 -0.0287494 0.5069605 1.04865 0.4966289 1.047925 0.5069612 -0.02837997 0.5355833 1.04865 0.5355879 -0.02837997 0.545915 1.047925 0.5745418 -0.02910482 0.5745418 1.047925 0.545919 -0.02910482 0.5355833 1.04865 0.5069605 1.04865 0.5355879 -0.02837997 -0.1582242 1.048259 -0.1692166 1.047904 -0.1582245 -0.02874976 -0.129602 1.048258 -0.1295982 -0.0287494 -0.1186082 1.047903 -0.08998149 -0.02910423 -0.08998149 1.047903 -0.1186057 -0.02910417 -0.129602 1.048258 -0.1582242 1.048259 -0.1295982 -0.0287494 0.2709307 1.04865 0.2605991 1.047925 0.2709313 -0.02837997 0.2995534 1.04865 0.299558 -0.02837997 0.3098851 1.047925 0.338512 -0.02910482 0.338512 1.047925 0.3098891 -0.02910482 0.2995534 1.04865 0.2709307 1.04865 0.299558 -0.02837997 0.2804574 1.048259 0.269465 1.047904 0.2804571 -0.02874976 0.3090797 1.048258 0.3090835 -0.0287494 0.3200734 1.047903 0.3487002 -0.02910423 0.3487002 1.047903 0.3200759 -0.02910417 0.3090797 1.048258 0.2804574 1.048259 0.3090835 -0.0287494 0.4664301 1.04865 0.4560986 1.047925 0.4664308 -0.02837997 0.4950528 1.04865 0.4950575 -0.02837997 0.5053846 1.047925 0.5340114 -0.02910482 0.5340114 1.047925 0.5053886 -0.02910482 0.4950528 1.04865 0.4664301 1.04865 0.4950575 -0.02837997 0.4568837 1.048259 0.4458913 1.047904 0.4568834 -0.02874976 0.485506 1.048258 0.4855098 -0.0287494 0.4964998 1.047903 0.5251265 -0.02910423 0.5251265 1.047903 0.4965022 -0.02910417 0.485506 1.048258 0.4568837 1.048259 0.4855098 -0.0287494 0.1445713 1.04865 0.1342397 1.047925 0.1445719 -0.02837997 0.1731939 1.04865 0.1731986 -0.02837997 0.1835257 1.047925 0.2121526 -0.02910482 0.2121526 1.047925 0.1835297 -0.02910482 0.1731939 1.04865 0.1445713 1.04865 0.1731986 -0.02837997 -0.1081573 1.048259 -0.1191498 1.047904 -0.1081576 -0.02874976 -0.07953506 1.048258 -0.07953131 -0.0287494 -0.06854128 1.047903 -0.03991454 -0.02910423 -0.03991454 1.047903 -0.06853884 -0.02910417 -0.07953506 1.048258 -0.1081573 1.048259 -0.07953131 -0.0287494 0.02059596 1.04865 0.01026445 1.047925 0.02059662 -0.02837997 0.04921871 1.04865 0.0492233 -0.02837997 0.0595504 1.047925 0.08817726 -0.02910482 0.08817726 1.047925 0.05955445 -0.02910482 0.04921871 1.04865 0.02059596 1.04865 0.0492233 -0.02837997 0.580859 1.048259 0.5698666 1.047904 0.5808587 -0.02874976 0.6094813 1.048258 0.609485 -0.0287494 0.6204751 1.047903 0.6491018 -0.02910423 0.6491018 1.047903 0.6204775 -0.02910417 0.6094813 1.048258 0.580859 1.048259 0.609485 -0.0287494 0.2327844 1.04865 0.2224529 1.047925 0.2327851 -0.02837997 0.2614071 1.04865 0.2614118 -0.02837997 0.2717389 1.047925 0.3003658 -0.02910482 0.3003658 1.047925 0.2717429 -0.02910482 0.2614071 1.04865 0.2327844 1.04865 0.2614118 -0.02837997 -0.1248463 1.048259 -0.1358387 1.047904 -0.1248466 -0.02874976 -0.09622406 1.048258 -0.09622025 -0.0287494 -0.08523023 1.047903 -0.05660349 -0.02910423 -0.05660349 1.047903 -0.08522784 -0.02910417 -0.09622406 1.048258 -0.1248463 1.048259 -0.09622025 -0.0287494 0.6785587 -0.01407361 0.67856 1.067474 0.6475873 -0.01407313 0.750826 1.067474 0.7198547 1.067474 0.7508252 -0.0140742 0.7921193 -0.01407492 0.7921201 1.067474 0.7508252 -0.0140742 0.7198547 1.067474 0.67856 1.067474 0.7198538 -0.0140742 0.2440512 -0.01410889 0.2437862 1.067441 0.2130793 -0.01411855 0.3160518 1.067463 0.2850809 1.067455 0.3163172 -0.01408612 0.3576118 -0.01407444 0.3573454 1.067475 0.3163172 -0.01408612 0.2850809 1.067455 0.2437862 1.067441 0.2853459 -0.0140962 0.5337228 -0.01407837 0.5337237 1.067474 0.5027517 -0.01407825 0.6059894 1.067474 0.5750181 1.067473 0.6059878 -0.01407891 0.6472822 -0.01407945 0.647284 1.067474 0.6059878 -0.01407891 0.5750181 1.067473 0.5337237 1.067474 0.5750172 -0.01407837 0.3888871 -0.01407766 0.3888888 1.067475 0.3579161 -0.01407766 0.4611542 1.067473 0.4301832 1.067474 0.4611529 -0.0140804 0.5024476 -0.01408201 0.5024484 1.067473 0.4611529 -0.0140804 0.4301832 1.067474 0.3888888 1.067475 0.4301815 -0.01407885 0.6785587 -0.01407361 0.67856 1.067474 0.6475873 -0.01407313 0.750826 1.067474 0.7198547 1.067474 0.7508252 -0.0140742 0.7921193 -0.01407492 0.7921201 1.067474 0.7508252 -0.0140742 0.7198547 1.067474 0.67856 1.067474 0.7198538 -0.0140742 0.2440512 -0.01410889 0.2437862 1.067441 0.2130793 -0.01411855 0.3160518 1.067463 0.2850809 1.067455 0.3163172 -0.01408612 0.3576118 -0.01407444 0.3573454 1.067475 0.3163172 -0.01408612 0.2850809 1.067455 0.2437862 1.067441 0.2853459 -0.0140962 0.5337228 -0.01407837 0.5337237 1.067474 0.5027517 -0.01407825 0.6059894 1.067474 0.5750181 1.067473 0.6059878 -0.01407891 0.6472822 -0.01407945 0.647284 1.067474 0.6059878 -0.01407891 0.5750181 1.067473 0.5337237 1.067474 0.5750172 -0.01407837 0.3888871 -0.01407766 0.3888888 1.067475 0.3579161 -0.01407766 0.4611542 1.067473 0.4301832 1.067474 0.4611529 -0.0140804 0.5024476 -0.01408201 0.5024484 1.067473 0.4611529 -0.0140804 0.4301832 1.067474 0.3888888 1.067475 0.4301815 -0.01407885 0.08973604 1.04865 0.07940447 1.047925 0.0897367 -0.02837997 0.1183587 1.04865 0.1183634 -0.02837997 0.1286905 1.047925 0.1573173 -0.02910482 0.1573173 1.047925 0.1286945 -0.02910482 0.1183587 1.04865 0.08973604 1.04865 0.1183634 -0.02837997 0.01104962 1.048259 5.7213e-5 1.047904 0.01104933 -0.02874976 0.03967183 1.048258 0.03967565 -0.0287494 0.05066567 1.047903 0.05066806 -0.02910417 0.07929241 -0.02910423 0.05066567 1.047903 0.03967183 1.048258 0.01104962 1.048259 0.03967565 -0.0287494 0.5069605 1.04865 0.4966289 1.047925 0.5069612 -0.02837997 0.5355833 1.04865 0.5355879 -0.02837997 0.545915 1.047925 0.5745418 -0.02910482 0.5745418 1.047925 0.545919 -0.02910482 0.5355833 1.04865 0.5069605 1.04865 0.5355879 -0.02837997 -0.1582242 1.048259 -0.1692166 1.047904 -0.1582245 -0.02874976 -0.129602 1.048258 -0.1295982 -0.0287494 -0.1186082 1.047903 -0.1186057 -0.02910417 -0.08998149 -0.02910423 -0.1186082 1.047903 -0.129602 1.048258 -0.1582242 1.048259 -0.1295982 -0.0287494 0.2709307 1.04865 0.2605991 1.047925 0.2709313 -0.02837997 0.2995534 1.04865 0.299558 -0.02837997 0.3098851 1.047925 0.338512 -0.02910482 0.338512 1.047925 0.3098891 -0.02910482 0.2995534 1.04865 0.2709307 1.04865 0.299558 -0.02837997 0.2804574 1.048259 0.269465 1.047904 0.2804571 -0.02874976 0.3090797 1.048258 0.3090835 -0.0287494 0.3200734 1.047903 0.3200759 -0.02910417 0.3487002 -0.02910423 0.3200734 1.047903 0.3090797 1.048258 0.2804574 1.048259 0.3090835 -0.0287494 0.4664301 1.04865 0.4560986 1.047925 0.4664308 -0.02837997 0.4950528 1.04865 0.4950575 -0.02837997 0.5053846 1.047925 0.5340114 -0.02910482 0.5340114 1.047925 0.5053886 -0.02910482 0.4950528 1.04865 0.4664301 1.04865 0.4950575 -0.02837997 0.4568837 1.048259 0.4458913 1.047904 0.4568834 -0.02874976 0.485506 1.048258 0.4855098 -0.0287494 0.4964998 1.047903 0.4965022 -0.02910417 0.5251265 -0.02910423 0.4964998 1.047903 0.485506 1.048258 0.4568837 1.048259 0.4855098 -0.0287494 0.1445713 1.04865 0.1342397 1.047925 0.1445719 -0.02837997 0.1731939 1.04865 0.1731986 -0.02837997 0.1835257 1.047925 0.2121526 -0.02910482 0.2121526 1.047925 0.1835297 -0.02910482 0.1731939 1.04865 0.1445713 1.04865 0.1731986 -0.02837997 -0.1081573 1.048259 -0.1191498 1.047904 -0.1081576 -0.02874976 -0.07953506 1.048258 -0.07953131 -0.0287494 -0.06854128 1.047903 -0.06853884 -0.02910417 -0.03991454 -0.02910423 -0.06854128 1.047903 -0.07953506 1.048258 -0.1081573 1.048259 -0.07953131 -0.0287494 0.02059596 1.04865 0.01026445 1.047925 0.02059662 -0.02837997 0.04921871 1.04865 0.0492233 -0.02837997 0.0595504 1.047925 0.08817726 -0.02910482 0.08817726 1.047925 0.05955445 -0.02910482 0.04921871 1.04865 0.02059596 1.04865 0.0492233 -0.02837997 0.580859 1.048259 0.5698666 1.047904 0.5808587 -0.02874976 0.6094813 1.048258 0.609485 -0.0287494 0.6204751 1.047903 0.6204775 -0.02910417 0.6491018 -0.02910423 0.6204751 1.047903 0.6094813 1.048258 0.580859 1.048259 0.609485 -0.0287494 0.2327844 1.04865 0.2224529 1.047925 0.2327851 -0.02837997 0.2614071 1.04865 0.2614118 -0.02837997 0.2717389 1.047925 0.3003658 -0.02910482 0.3003658 1.047925 0.2717429 -0.02910482 0.2614071 1.04865 0.2327844 1.04865 0.2614118 -0.02837997 -0.1248463 1.048259 -0.1358387 1.047904 -0.1248466 -0.02874976 -0.09622406 1.048258 -0.09622025 -0.0287494 -0.08523023 1.047903 -0.08522784 -0.02910417 -0.05660349 -0.02910423 -0.08523023 1.047903 -0.09622406 1.048258 -0.1248463 1.048259 -0.09622025 -0.0287494 0.6785587 -0.01407361 0.67856 1.067474 0.6475873 -0.01407313 0.750826 1.067474 0.7198547 1.067474 0.7508252 -0.0140742 0.7921193 -0.01407492 0.7921201 1.067474 0.7508252 -0.0140742 0.7198547 1.067474 0.67856 1.067474 0.7198538 -0.0140742 0.2440512 -0.01410889 0.2437862 1.067441 0.2130793 -0.01411855 0.3160518 1.067463 0.2850809 1.067455 0.3163172 -0.01408612 0.3576118 -0.01407444 0.3573454 1.067475 0.3163172 -0.01408612 0.2850809 1.067455 0.2437862 1.067441 0.2853459 -0.0140962 0.5337228 -0.01407837 0.5337237 1.067474 0.5027517 -0.01407825 0.6059894 1.067474 0.5750181 1.067473 0.6059878 -0.01407891 0.6472822 -0.01407945 0.647284 1.067474 0.6059878 -0.01407891 0.5750181 1.067473 0.5337237 1.067474 0.5750172 -0.01407837 0.3888871 -0.01407766 0.3888888 1.067475 0.3579161 -0.01407766 0.4611542 1.067473 0.4301832 1.067474 0.4611529 -0.0140804 0.5024476 -0.01408201 0.5024484 1.067473 0.4611529 -0.0140804 0.4301832 1.067474 0.3888888 1.067475 0.4301815 -0.01407885 0.6785587 -0.01407361 0.67856 1.067474 0.6475873 -0.01407313 0.750826 1.067474 0.7198547 1.067474 0.7508252 -0.0140742 0.7921193 -0.01407492 0.7921201 1.067474 0.7508252 -0.0140742 0.7198547 1.067474 0.67856 1.067474 0.7198538 -0.0140742 0.2440512 -0.01410889 0.2437862 1.067441 0.2130793 -0.01411855 0.3160518 1.067463 0.2850809 1.067455 0.3163172 -0.01408612 0.3576118 -0.01407444 0.3573454 1.067475 0.3163172 -0.01408612 0.2850809 1.067455 0.2437862 1.067441 0.2853459 -0.0140962 0.5337228 -0.01407837 0.5337237 1.067474 0.5027517 -0.01407825 0.6059894 1.067474 0.5750181 1.067473 0.6059878 -0.01407891 0.6472822 -0.01407945 0.647284 1.067474 0.6059878 -0.01407891 0.5750181 1.067473 0.5337237 1.067474 0.5750172 -0.01407837 0.3888871 -0.01407766 0.3888888 1.067475 0.3579161 -0.01407766 0.4611542 1.067473 0.4301832 1.067474 0.4611529 -0.0140804 0.5024476 -0.01408201 0.5024484 1.067473 0.4611529 -0.0140804 0.4301832 1.067474 0.3888888 1.067475 0.4301815 -0.01407885 0.08973604 1.04865 0.07940447 1.047925 0.0897367 -0.02837997 0.1183587 1.04865 0.1183634 -0.02837997 0.1286905 1.047925 0.1573173 -0.02910482 0.1573173 1.047925 0.1286945 -0.02910482 0.1183587 1.04865 0.08973604 1.04865 0.1183634 -0.02837997 0.01104962 1.048259 5.7213e-5 1.047904 0.01104933 -0.02874976 0.03967183 1.048258 0.03967565 -0.0287494 0.05066567 1.047903 0.07929241 -0.02910423 0.07929241 1.047903 0.05066806 -0.02910417 0.03967183 1.048258 0.01104962 1.048259 0.03967565 -0.0287494 0.5069605 1.04865 0.4966289 1.047925 0.5069612 -0.02837997 0.5355833 1.04865 0.5355879 -0.02837997 0.545915 1.047925 0.5745418 -0.02910482 0.5745418 1.047925 0.545919 -0.02910482 0.5355833 1.04865 0.5069605 1.04865 0.5355879 -0.02837997 -0.1582242 1.048259 -0.1692166 1.047904 -0.1582245 -0.02874976 -0.129602 1.048258 -0.1295982 -0.0287494 -0.1186082 1.047903 -0.08998149 -0.02910423 -0.08998149 1.047903 -0.1186057 -0.02910417 -0.129602 1.048258 -0.1582242 1.048259 -0.1295982 -0.0287494 0.2709307 1.04865 0.2605991 1.047925 0.2709313 -0.02837997 0.2995534 1.04865 0.299558 -0.02837997 0.3098851 1.047925 0.338512 -0.02910482 0.338512 1.047925 0.3098891 -0.02910482 0.2995534 1.04865 0.2709307 1.04865 0.299558 -0.02837997 0.2804574 1.048259 0.269465 1.047904 0.2804571 -0.02874976 0.3090797 1.048258 0.3090835 -0.0287494 0.3200734 1.047903 0.3487002 -0.02910423 0.3487002 1.047903 0.3200759 -0.02910417 0.3090797 1.048258 0.2804574 1.048259 0.3090835 -0.0287494 0.4664301 1.04865 0.4560986 1.047925 0.4664308 -0.02837997 0.4950528 1.04865 0.4950575 -0.02837997 0.5053846 1.047925 0.5340114 -0.02910482 0.5340114 1.047925 0.5053886 -0.02910482 0.4950528 1.04865 0.4664301 1.04865 0.4950575 -0.02837997 0.4568837 1.048259 0.4458913 1.047904 0.4568834 -0.02874976 0.485506 1.048258 0.4855098 -0.0287494 0.4964998 1.047903 0.5251265 -0.02910423 0.5251265 1.047903 0.4965022 -0.02910417 0.485506 1.048258 0.4568837 1.048259 0.4855098 -0.0287494 0.1445713 1.04865 0.1342397 1.047925 0.1445719 -0.02837997 0.1731939 1.04865 0.1731986 -0.02837997 0.1835257 1.047925 0.2121526 -0.02910482 0.2121526 1.047925 0.1835297 -0.02910482 0.1731939 1.04865 0.1445713 1.04865 0.1731986 -0.02837997 -0.1081573 1.048259 -0.1191498 1.047904 -0.1081576 -0.02874976 -0.07953506 1.048258 -0.07953131 -0.0287494 -0.06854128 1.047903 -0.03991454 -0.02910423 -0.03991454 1.047903 -0.06853884 -0.02910417 -0.07953506 1.048258 -0.1081573 1.048259 -0.07953131 -0.0287494 0.02059596 1.04865 0.01026445 1.047925 0.02059662 -0.02837997 0.04921871 1.04865 0.0492233 -0.02837997 0.0595504 1.047925 0.08817726 -0.02910482 0.08817726 1.047925 0.05955445 -0.02910482 0.04921871 1.04865 0.02059596 1.04865 0.0492233 -0.02837997 0.580859 1.048259 0.5698666 1.047904 0.5808587 -0.02874976 0.6094813 1.048258 0.609485 -0.0287494 0.6204751 1.047903 0.6491018 -0.02910423 0.6491018 1.047903 0.6204775 -0.02910417 0.6094813 1.048258 0.580859 1.048259 0.609485 -0.0287494 0.2327844 1.04865 0.2224529 1.047925 0.2327851 -0.02837997 0.2614071 1.04865 0.2614118 -0.02837997 0.2717389 1.047925 0.3003658 -0.02910482 0.3003658 1.047925 0.2717429 -0.02910482 0.2614071 1.04865 0.2327844 1.04865 0.2614118 -0.02837997 -0.1248463 1.048259 -0.1358387 1.047904 -0.1248466 -0.02874976 -0.09622406 1.048258 -0.09622025 -0.0287494 -0.08523023 1.047903 -0.05660349 -0.02910423 -0.05660349 1.047903 -0.08522784 -0.02910417 -0.09622406 1.048258 -0.1248463 1.048259 -0.09622025 -0.0287494 0.6785587 0.01788634 0.67856 1.035514 0.6475873 0.01788681 0.750826 1.035514 0.7198547 1.035514 0.7508252 0.0178858 0.7921193 0.01788514 0.7921201 1.035514 0.7508252 0.0178858 0.7198547 1.035514 0.67856 1.035514 0.7198538 0.0178858 0.6785587 0.01788634 0.67856 1.035514 0.6475873 0.01788681 0.750826 1.035514 0.7198547 1.035514 0.7508252 0.0178858 0.7921193 0.01788514 0.7921201 1.035514 0.7508252 0.0178858 0.7198547 1.035514 0.67856 1.035514 0.7198538 0.0178858 0.6785587 0.01788634 0.67856 1.035514 0.6475873 0.01788681 0.750826 1.035514 0.7198547 1.035514 0.7508252 0.0178858 0.7921193 0.01788514 0.7921201 1.035514 0.7508252 0.0178858 0.7198547 1.035514 0.67856 1.035514 0.7198538 0.0178858 0.6785587 0.01788634 0.67856 1.035514 0.6475873 0.01788681 0.750826 1.035514 0.7198547 1.035514 0.7508252 0.0178858 0.7508252 0.0178858 0.7921193 0.01788514 0.750826 1.035514 0.67856 1.035514 0.6785587 0.01788634 0.7198547 1.035514 0.6785587 0.01788634 0.67856 1.035514 0.6475873 0.01788681 0.750826 1.035514 0.7198547 1.035514 0.7508252 0.0178858 0.7921193 0.01788514 0.7921201 1.035514 0.7508252 0.0178858 0.7198547 1.035514 0.67856 1.035514 0.7198538 0.0178858 0.6785587 0.01788634 0.67856 1.035514 0.6475873 0.01788681 0.750826 1.035514 0.7198547 1.035514 0.7508252 0.0178858 0.7508252 0.0178858 0.7921193 0.01788514 0.750826 1.035514 0.7198547 1.035514 0.67856 1.035514 0.7198538 0.0178858 0.6785587 0.01788634 0.67856 1.035514 0.6475873 0.01788681 0.750826 1.035514 0.7198547 1.035514 0.7508252 0.0178858 0.7508252 0.0178858 0.7921193 0.01788514 0.750826 1.035514 0.67856 1.035514 0.6785587 0.01788634 0.7198547 1.035514 0.6785587 0.01788634 0.67856 1.035514 0.6475873 0.01788681 0.750826 1.035514 0.7198547 1.035514 0.7508252 0.0178858 0.7508252 0.0178858 0.7921193 0.01788514 0.750826 1.035514 0.67856 1.035514 0.6785587 0.01788634 0.7198547 1.035514 0.3163172 -0.01408612 0.3576118 -0.01407444 0.3160518 1.067463 0.5337237 1.067474 0.5027526 1.067472 0.5337228 -0.01407837 0.6059878 -0.01407891 0.6472822 -0.01407945 0.6059894 1.067474 0.3888888 1.067475 0.3579179 1.067475 0.3888871 -0.01407766 0.4301832 1.067474 0.4301815 -0.01407885 0.4611542 1.067473 0.4611529 -0.0140804 0.5024476 -0.01408201 0.4611542 1.067473 0.4301832 1.067474 0.3888888 1.067475 0.4301815 -0.01407885 0.7198547 1.067474 0.7198538 -0.0140742 0.750826 1.067474 0.7198547 1.067474 0.67856 1.067474 0.7198538 -0.0140742 0.2437862 1.067441 0.2128144 1.06743 0.2440512 -0.01410889 0.2850809 1.067455 0.2853459 -0.0140962 0.3160518 1.067463 0.3163172 -0.01408612 0.3576118 -0.01407444 0.3160518 1.067463 0.2850809 1.067455 0.2437862 1.067441 0.2853459 -0.0140962 0.4611529 -0.0140804 0.5024476 -0.01408201 0.4611542 1.067473 0.08973604 1.04865 0.07940447 1.047925 0.0897367 -0.02837997 0.1183587 1.04865 0.1183634 -0.02837997 0.1286905 1.047925 0.1286945 -0.02910482 0.1573173 -0.02910482 0.1286905 1.047925 0.1183587 1.04865 0.08973604 1.04865 0.1183634 -0.02837997 0.01104962 1.048259 5.7213e-5 1.047904 0.01104933 -0.02874976 0.03967183 1.048258 0.03967565 -0.0287494 0.05066567 1.047903 0.05066806 -0.02910417 0.07929241 -0.02910423 0.05066567 1.047903 0.03967183 1.048258 0.01104962 1.048259 0.03967565 -0.0287494 0.5069605 1.04865 0.4966289 1.047925 0.5069612 -0.02837997 0.5355833 1.04865 0.5355879 -0.02837997 0.545915 1.047925 0.545919 -0.02910482 0.5745418 -0.02910482 0.545915 1.047925 0.5355833 1.04865 0.5069605 1.04865 0.5355879 -0.02837997 -0.1582242 1.048259 -0.1692166 1.047904 -0.1582245 -0.02874976 -0.129602 1.048258 -0.1295982 -0.0287494 -0.1186082 1.047903 -0.08998149 -0.02910423 -0.08998149 1.047903 -0.1186057 -0.02910417 -0.129602 1.048258 -0.1582242 1.048259 -0.1295982 -0.0287494 0.2709307 1.04865 0.2605991 1.047925 0.2709313 -0.02837997 0.2995534 1.04865 0.299558 -0.02837997 0.3098851 1.047925 0.3098891 -0.02910482 0.338512 -0.02910482 0.3098851 1.047925 0.2995534 1.04865 0.2709307 1.04865 0.299558 -0.02837997 0.2804574 1.048259 0.269465 1.047904 0.2804571 -0.02874976 0.3090797 1.048258 0.3090835 -0.0287494 0.3200734 1.047903 0.3487002 -0.02910423 0.3487002 1.047903 0.3200759 -0.02910417 0.3090797 1.048258 0.2804574 1.048259 0.3090835 -0.0287494 0.4664301 1.04865 0.4560986 1.047925 0.4664308 -0.02837997 0.4950528 1.04865 0.4950575 -0.02837997 0.5053846 1.047925 0.5053886 -0.02910482 0.5340114 -0.02910482 0.5053846 1.047925 0.4950528 1.04865 0.4664301 1.04865 0.4950575 -0.02837997 0.4568837 1.048259 0.4458913 1.047904 0.4568834 -0.02874976 0.485506 1.048258 0.4855098 -0.0287494 0.4964998 1.047903 0.5251265 -0.02910423 0.5251265 1.047903 0.4965022 -0.02910417 0.485506 1.048258 0.4568837 1.048259 0.4855098 -0.0287494 0.1445713 1.04865 0.1342397 1.047925 0.1445719 -0.02837997 0.1731939 1.04865 0.1731986 -0.02837997 0.1835257 1.047925 0.1835297 -0.02910482 0.2121526 -0.02910482 0.1835257 1.047925 0.1731939 1.04865 0.1445713 1.04865 0.1731986 -0.02837997 -0.1081573 1.048259 -0.1191498 1.047904 -0.1081576 -0.02874976 -0.07953506 1.048258 -0.07953131 -0.0287494 -0.06854128 1.047903 -0.03991454 -0.02910423 -0.03991454 1.047903 -0.06853884 -0.02910417 -0.07953506 1.048258 -0.1081573 1.048259 -0.07953131 -0.0287494 0.02059596 1.04865 0.01026445 1.047925 0.02059662 -0.02837997 0.04921871 1.04865 0.0492233 -0.02837997 0.0595504 1.047925 0.05955445 -0.02910482 0.08817726 -0.02910482 0.0595504 1.047925 0.04921871 1.04865 0.02059596 1.04865 0.0492233 -0.02837997 0.580859 1.048259 0.5698666 1.047904 0.5808587 -0.02874976 0.6094813 1.048258 0.609485 -0.0287494 0.6204751 1.047903 0.6491018 -0.02910423 0.6491018 1.047903 0.6204775 -0.02910417 0.6094813 1.048258 0.580859 1.048259 0.609485 -0.0287494 0.2327844 1.04865 0.2224529 1.047925 0.2327851 -0.02837997 0.2614071 1.04865 0.2614118 -0.02837997 0.2717389 1.047925 0.2717429 -0.02910482 0.3003658 -0.02910482 0.2717389 1.047925 0.2614071 1.04865 0.2327844 1.04865 0.2614118 -0.02837997 -0.1248463 1.048259 -0.1358387 1.047904 -0.1248466 -0.02874976 -0.09622406 1.048258 -0.09622025 -0.0287494 -0.08523023 1.047903 -0.05660349 -0.02910423 -0.05660349 1.047903 -0.08522784 -0.02910417 -0.09622406 1.048258 -0.1248463 1.048259 -0.09622025 -0.0287494 0.6491018 -0.02910423 0.6491018 1.047903 0.6204775 -0.02910417 0.580859 1.048259 0.5698666 1.047904 0.5808587 -0.02874976 0.6094813 1.048258 0.609485 -0.0287494 0.6204751 1.047903 0.6094813 1.048258 0.580859 1.048259 0.609485 -0.0287494 0.05955445 -0.02910482 0.08817726 -0.02910482 0.0595504 1.047925 0.02059596 1.04865 0.01026445 1.047925 0.02059662 -0.02837997 0.04921871 1.04865 0.0492233 -0.02837997 0.0595504 1.047925 0.04921871 1.04865 0.02059596 1.04865 0.0492233 -0.02837997 -0.03991454 -0.02910423 -0.03991454 1.047903 -0.06853884 -0.02910417 -0.1081573 1.048259 -0.1191498 1.047904 -0.1081576 -0.02874976 -0.07953506 1.048258 -0.07953131 -0.0287494 -0.06854128 1.047903 -0.07953506 1.048258 -0.1081573 1.048259 -0.07953131 -0.0287494 0.1835297 -0.02910482 0.2121526 -0.02910482 0.1835257 1.047925 0.1445713 1.04865 0.1342397 1.047925 0.1445719 -0.02837997 0.1731939 1.04865 0.1731986 -0.02837997 0.1835257 1.047925 0.1731939 1.04865 0.1445713 1.04865 0.1731986 -0.02837997 0.5251265 -0.02910423 0.5251265 1.047903 0.4965022 -0.02910417 0.4568837 1.048259 0.4458913 1.047904 0.4568834 -0.02874976 0.485506 1.048258 0.4855098 -0.0287494 0.4964998 1.047903 0.485506 1.048258 0.4568837 1.048259 0.4855098 -0.0287494 0.5053886 -0.02910482 0.5340114 -0.02910482 0.5053846 1.047925 0.4664301 1.04865 0.4560986 1.047925 0.4664308 -0.02837997 0.4950528 1.04865 0.4950575 -0.02837997 0.5053846 1.047925 0.4950528 1.04865 0.4664301 1.04865 0.4950575 -0.02837997 0.3487002 -0.02910423 0.3487002 1.047903 0.3200759 -0.02910417 0.2804574 1.048259 0.269465 1.047904 0.2804571 -0.02874976 0.3090797 1.048258 0.3090835 -0.0287494 0.3200734 1.047903 0.3090797 1.048258 0.2804574 1.048259 0.3090835 -0.0287494 0.3098891 -0.02910482 0.338512 -0.02910482 0.3098851 1.047925 0.2709307 1.04865 0.2605991 1.047925 0.2709313 -0.02837997 0.2995534 1.04865 0.299558 -0.02837997 0.3098851 1.047925 0.2995534 1.04865 0.2709307 1.04865 0.299558 -0.02837997 0.3163172 -0.01408612 0.3576118 -0.01407444 0.3160518 1.067463 0.7508252 -0.0140742 0.7921193 -0.01407492 0.750826 1.067474 0.7198547 1.067474 0.7198538 -0.0140742 0.750826 1.067474 0.4301832 1.067474 0.4301815 -0.01407885 0.4611542 1.067473 0.4301832 1.067474 0.3888888 1.067475 0.4301815 -0.01407885 0.5750181 1.067473 0.5337237 1.067474 0.5750172 -0.01407837 0.3163172 -0.01408612 0.3576118 -0.01407444 0.3160518 1.067463 0.3160518 1.067463 0.2850809 1.067455 0.3163172 -0.01408612 0.2327844 1.04865 0.2224529 1.047925 0.2327851 -0.02837997 0.2614071 1.04865 0.2614118 -0.02837997 0.2717389 1.047925 0.2717429 -0.02910482 0.3003658 -0.02910482 0.2717389 1.047925 0.2614071 1.04865 0.2327844 1.04865 0.2614118 -0.02837997 -0.1248463 1.048259 -0.1358387 1.047904 -0.1248466 -0.02874976 -0.09622406 1.048258 -0.09622025 -0.0287494 -0.08523023 1.047903 -0.05660349 -0.02910423 -0.05660349 1.047903 -0.08522784 -0.02910417 -0.09622406 1.048258 -0.1248463 1.048259 -0.09622025 -0.0287494 0.5231693 0.3923987 0.4768307 0.3923987 0.5231695 0.3576445 0.67856 1.067474 0.6475882 1.067474 0.6785587 -0.01407361 0.750826 1.067474 0.7198547 1.067474 0.7508252 -0.0140742 0.7508252 -0.0140742 0.7921193 -0.01407492 0.750826 1.067474 0.7198547 1.067474 0.67856 1.067474 0.7198538 -0.0140742 0.2440512 -0.01410889 0.2437862 1.067441 0.2130793 -0.01411855 0.3160518 1.067463 0.2850809 1.067455 0.3163172 -0.01408612 0.2850809 1.067455 0.2437862 1.067441 0.2853459 -0.0140962 0.6059894 1.067474 0.5750181 1.067473 0.6059878 -0.01407891 0.5337237 1.067474 0.5337228 -0.01407837 0.5750181 1.067473 0.67856 1.067474 0.6475882 1.067474 0.6785587 -0.01407361 0.7508252 -0.0140742 0.7921193 -0.01407492 0.750826 1.067474 0.5337228 -0.01407837 0.5337237 1.067474 0.5027517 -0.01407825 0.6059894 1.067474 0.5750181 1.067473 0.6059878 -0.01407891 0.6059878 -0.01407891 0.6472822 -0.01407945 0.6059894 1.067474 0.5750181 1.067473 0.5337237 1.067474 0.5750172 -0.01407837 0.3888888 1.067475 0.3579179 1.067475 0.3888871 -0.01407766 0.4301832 1.067474 0.4301815 -0.01407885 0.4611542 1.067473 0.4301832 1.067474 0.3888888 1.067475 0.4301815 -0.01407885 0.2440512 -0.01410889 0.2437862 1.067441 0.2130793 -0.01411855 0.3160518 1.067463 0.2850809 1.067455 0.3163172 -0.01408612 0.2850809 1.067455 0.2437862 1.067441 0.2853459 -0.0140962 0.67856 1.067474 0.6475882 1.067474 0.6785587 -0.01407361 0.7198547 1.067474 0.67856 1.067474 0.7198538 -0.0140742 0.4611529 -0.0140804 0.5024476 -0.01408201 0.4611542 1.067473 0.3888888 1.067475 0.3579179 1.067475 0.3888871 -0.01407766 0.6059878 -0.01407891 0.6472822 -0.01407945 0.6059894 1.067474 0.5337237 1.067474 0.5027526 1.067472 0.5337228 -0.01407837 0.5750181 1.067473 0.5750172 -0.01407837 0.6059894 1.067474 0.2440512 -0.01410889 0.2437862 1.067441 0.2130793 -0.01411855 0.2850809 1.067455 0.2437862 1.067441 0.2853459 -0.0140962 0.5231695 0.3576445 0.5231693 0.3923987 0.4768306 0.3576445 0.5231695 0.3576445 0.5231693 0.3923987 0.4768306 0.3576445 0.5231693 0.3923987 0.4768307 0.3923987 0.5231695 0.3576445 0.5231695 0.3576445 0.5231693 0.3923987 0.4768306 0.3576445 0.5231695 0.3576445 0.5231693 0.3923987 0.4768306 0.3576445 0.5231695 0.3576445 0.5231693 0.3923987 0.4768306 0.3576445 0.5231693 0.3923987 0.4768307 0.3923987 0.5231695 0.3576445 0.5231695 0.3576445 0.5231693 0.3923987 0.4768306 0.3576445 0.5231695 0.3576445 0.5231693 0.3923987 0.4768306 0.3576445 0.5231693 0.3923987 0.4768307 0.3923987 0.5231695 0.3576445 0.5231695 0.3576445 0.5231693 0.3923987 0.4768306 0.3576445 0.5231695 0.3576445 0.5231693 0.3923987 0.4768306 0.3576445 0.3163172 -0.01408612 0.3576118 -0.01407444 0.3160518 1.067463 0.5337228 -0.01407837 0.5337237 1.067474 0.5027517 -0.01407825 0.6059878 -0.01407891 0.6472822 -0.01407945 0.6059894 1.067474 0.3888871 -0.01407766 0.3888888 1.067475 0.3579161 -0.01407766 0.4611542 1.067473 0.4301832 1.067474 0.4611529 -0.0140804 0.4611529 -0.0140804 0.5024476 -0.01408201 0.4611542 1.067473 0.3888888 1.067475 0.3888871 -0.01407766 0.4301832 1.067474 0.750826 1.067474 0.7198547 1.067474 0.7508252 -0.0140742 0.67856 1.067474 0.6785587 -0.01407361 0.7198547 1.067474 0.2440512 -0.01410889 0.2437862 1.067441 0.2130793 -0.01411855 0.3160518 1.067463 0.2850809 1.067455 0.3163172 -0.01408612 0.3163172 -0.01408612 0.3576118 -0.01407444 0.3160518 1.067463 0.2437862 1.067441 0.2440512 -0.01410889 0.2850809 1.067455 0.4611529 -0.0140804 0.5024476 -0.01408201 0.4611542 1.067473 0.08973604 1.04865 0.07940447 1.047925 0.0897367 -0.02837997 0.1183587 1.04865 0.1183634 -0.02837997 0.1286905 1.047925 0.1573173 -0.02910482 0.1573173 1.047925 0.1286945 -0.02910482 0.1183587 1.04865 0.08973604 1.04865 0.1183634 -0.02837997 0.01104962 1.048259 5.7213e-5 1.047904 0.01104933 -0.02874976 0.03967183 1.048258 0.03967565 -0.0287494 0.05066567 1.047903 0.07929241 -0.02910423 0.07929241 1.047903 0.05066806 -0.02910417 0.03967183 1.048258 0.01104962 1.048259 0.03967565 -0.0287494 0.5069605 1.04865 0.4966289 1.047925 0.5069612 -0.02837997 0.5355833 1.04865 0.5355879 -0.02837997 0.545915 1.047925 0.5745418 -0.02910482 0.5745418 1.047925 0.545919 -0.02910482 0.5355833 1.04865 0.5069605 1.04865 0.5355879 -0.02837997 -0.1582242 1.048259 -0.1692166 1.047904 -0.1582245 -0.02874976 -0.129602 1.048258 -0.1295982 -0.0287494 -0.1186082 1.047903 -0.1186057 -0.02910417 -0.08998149 -0.02910423 -0.1186082 1.047903 -0.129602 1.048258 -0.1582242 1.048259 -0.1295982 -0.0287494 0.2709307 1.04865 0.2605991 1.047925 0.2709313 -0.02837997 0.2995534 1.04865 0.299558 -0.02837997 0.3098851 1.047925 0.338512 -0.02910482 0.338512 1.047925 0.3098891 -0.02910482 0.2995534 1.04865 0.2709307 1.04865 0.299558 -0.02837997 0.2804574 1.048259 0.269465 1.047904 0.2804571 -0.02874976 0.3090797 1.048258 0.3090835 -0.0287494 0.3200734 1.047903 0.3487002 -0.02910423 0.3487002 1.047903 0.3200759 -0.02910417 0.2804574 1.048259 0.2804571 -0.02874976 0.3090797 1.048258 0.4664301 1.04865 0.4560986 1.047925 0.4664308 -0.02837997 0.4950528 1.04865 0.4950575 -0.02837997 0.5053846 1.047925 0.5340114 -0.02910482 0.5340114 1.047925 0.5053886 -0.02910482 0.4950528 1.04865 0.4664301 1.04865 0.4950575 -0.02837997 0.4568837 1.048259 0.4458913 1.047904 0.4568834 -0.02874976 0.485506 1.048258 0.4855098 -0.0287494 0.4964998 1.047903 0.5251265 -0.02910423 0.5251265 1.047903 0.4965022 -0.02910417 0.485506 1.048258 0.4568837 1.048259 0.4855098 -0.0287494 0.1445713 1.04865 0.1342397 1.047925 0.1445719 -0.02837997 0.1731939 1.04865 0.1731986 -0.02837997 0.1835257 1.047925 0.2121526 -0.02910482 0.2121526 1.047925 0.1835297 -0.02910482 0.1731939 1.04865 0.1445713 1.04865 0.1731986 -0.02837997 -0.1081573 1.048259 -0.1191498 1.047904 -0.1081576 -0.02874976 -0.07953506 1.048258 -0.07953131 -0.0287494 -0.06854128 1.047903 -0.06853884 -0.02910417 -0.03991454 -0.02910423 -0.06854128 1.047903 -0.1081573 1.048259 -0.1081576 -0.02874976 -0.07953506 1.048258 0.02059596 1.04865 0.01026445 1.047925 0.02059662 -0.02837997 0.04921871 1.04865 0.0492233 -0.02837997 0.0595504 1.047925 0.08817726 -0.02910482 0.08817726 1.047925 0.05955445 -0.02910482 0.04921871 1.04865 0.02059596 1.04865 0.0492233 -0.02837997 0.580859 1.048259 0.5698666 1.047904 0.5808587 -0.02874976 0.6094813 1.048258 0.609485 -0.0287494 0.6204751 1.047903 0.6491018 -0.02910423 0.6491018 1.047903 0.6204775 -0.02910417 0.6094813 1.048258 0.580859 1.048259 0.609485 -0.0287494 0.2327844 1.04865 0.2224529 1.047925 0.2327851 -0.02837997 0.2614071 1.04865 0.2614118 -0.02837997 0.2717389 1.047925 0.3003658 -0.02910482 0.3003658 1.047925 0.2717429 -0.02910482 0.2614071 1.04865 0.2327844 1.04865 0.2614118 -0.02837997 -0.1248463 1.048259 -0.1358387 1.047904 -0.1248466 -0.02874976 -0.09622406 1.048258 -0.09622025 -0.0287494 -0.08523023 1.047903 -0.05660349 -0.02910423 -0.05660349 1.047903 -0.08522784 -0.02910417 -0.09622406 1.048258 -0.1248463 1.048259 -0.09622025 -0.0287494 0.6491018 -0.02910423 0.6491018 1.047903 0.6204775 -0.02910417 0.580859 1.048259 0.5698666 1.047904 0.5808587 -0.02874976 0.6094813 1.048258 0.609485 -0.0287494 0.6204751 1.047903 0.6094813 1.048258 0.580859 1.048259 0.609485 -0.0287494 0.08817726 -0.02910482 0.08817726 1.047925 0.05955445 -0.02910482 0.02059596 1.04865 0.01026445 1.047925 0.02059662 -0.02837997 0.04921871 1.04865 0.0492233 -0.02837997 0.0595504 1.047925 0.04921871 1.04865 0.02059596 1.04865 0.0492233 -0.02837997 -0.03991454 -0.02910423 -0.03991454 1.047903 -0.06853884 -0.02910417 -0.1081573 1.048259 -0.1191498 1.047904 -0.1081576 -0.02874976 -0.07953506 1.048258 -0.07953131 -0.0287494 -0.06854128 1.047903 -0.07953506 1.048258 -0.1081573 1.048259 -0.07953131 -0.0287494 0.2121526 -0.02910482 0.2121526 1.047925 0.1835297 -0.02910482 0.1445713 1.04865 0.1342397 1.047925 0.1445719 -0.02837997 0.1731939 1.04865 0.1731986 -0.02837997 0.1835257 1.047925 0.1731939 1.04865 0.1445713 1.04865 0.1731986 -0.02837997 0.5251265 -0.02910423 0.5251265 1.047903 0.4965022 -0.02910417 0.4568837 1.048259 0.4458913 1.047904 0.4568834 -0.02874976 0.485506 1.048258 0.4855098 -0.0287494 0.4964998 1.047903 0.485506 1.048258 0.4568837 1.048259 0.4855098 -0.0287494 0.5340114 -0.02910482 0.5340114 1.047925 0.5053886 -0.02910482 0.4664301 1.04865 0.4560986 1.047925 0.4664308 -0.02837997 0.4950528 1.04865 0.4950575 -0.02837997 0.5053846 1.047925 0.4950528 1.04865 0.4664301 1.04865 0.4950575 -0.02837997 0.3487002 -0.02910423 0.3487002 1.047903 0.3200759 -0.02910417 0.2804574 1.048259 0.269465 1.047904 0.2804571 -0.02874976 0.3090797 1.048258 0.3090835 -0.0287494 0.3200734 1.047903 0.3090797 1.048258 0.2804574 1.048259 0.3090835 -0.0287494 0.338512 -0.02910482 0.338512 1.047925 0.3098891 -0.02910482 0.2709307 1.04865 0.2605991 1.047925 0.2709313 -0.02837997 0.2995534 1.04865 0.299558 -0.02837997 0.3098851 1.047925 0.2995534 1.04865 0.2709307 1.04865 0.299558 -0.02837997 0.3163172 -0.01408612 0.3576118 -0.01407444 0.3160518 1.067463 0.7508252 -0.0140742 0.7921193 -0.01407492 0.750826 1.067474 0.750826 1.067474 0.7198547 1.067474 0.7508252 -0.0140742 0.4611542 1.067473 0.4301832 1.067474 0.4611529 -0.0140804 0.3888888 1.067475 0.3888871 -0.01407766 0.4301832 1.067474 0.5337237 1.067474 0.5337228 -0.01407837 0.5750181 1.067473 0.3163172 -0.01408612 0.3576118 -0.01407444 0.3160518 1.067463 0.3160518 1.067463 0.2850809 1.067455 0.3163172 -0.01408612 0.2327844 1.04865 0.2224529 1.047925 0.2327851 -0.02837997 0.2614071 1.04865 0.2614118 -0.02837997 0.2717389 1.047925 0.3003658 -0.02910482 0.3003658 1.047925 0.2717429 -0.02910482 0.2614071 1.04865 0.2327844 1.04865 0.2614118 -0.02837997 -0.1248463 1.048259 -0.1358387 1.047904 -0.1248466 -0.02874976 -0.09622406 1.048258 -0.09622025 -0.0287494 -0.08523023 1.047903 -0.05660349 -0.02910423 -0.05660349 1.047903 -0.08522784 -0.02910417 -0.09622406 1.048258 -0.1248463 1.048259 -0.09622025 -0.0287494 0.5231695 0.3576445 0.5231693 0.3923987 0.4768306 0.3576445 0.67856 1.067474 0.6475882 1.067474 0.6785587 -0.01407361 0.750826 1.067474 0.7198547 1.067474 0.7508252 -0.0140742 0.7921193 -0.01407492 0.7921201 1.067474 0.7508252 -0.0140742 0.67856 1.067474 0.6785587 -0.01407361 0.7198547 1.067474 0.2440512 -0.01410889 0.2437862 1.067441 0.2130793 -0.01411855 0.3160518 1.067463 0.2850809 1.067455 0.3163172 -0.01408612 0.2437862 1.067441 0.2440512 -0.01410889 0.2850809 1.067455 0.6059894 1.067474 0.5750181 1.067473 0.6059878 -0.01407891 0.5337237 1.067474 0.5337228 -0.01407837 0.5750181 1.067473 0.6785587 -0.01407361 0.67856 1.067474 0.6475873 -0.01407313 0.7508252 -0.0140742 0.7921193 -0.01407492 0.750826 1.067474 0.5337237 1.067474 0.5027526 1.067472 0.5337228 -0.01407837 0.6059894 1.067474 0.5750181 1.067473 0.6059878 -0.01407891 0.6059878 -0.01407891 0.6472822 -0.01407945 0.6059894 1.067474 0.5337237 1.067474 0.5337228 -0.01407837 0.5750181 1.067473 0.3888888 1.067475 0.3579179 1.067475 0.3888871 -0.01407766 0.4301832 1.067474 0.4301815 -0.01407885 0.4611542 1.067473 0.3888888 1.067475 0.3888871 -0.01407766 0.4301832 1.067474 0.2440512 -0.01410889 0.2437862 1.067441 0.2130793 -0.01411855 0.3160518 1.067463 0.2850809 1.067455 0.3163172 -0.01408612 0.2437862 1.067441 0.2440512 -0.01410889 0.2850809 1.067455 0.6785587 -0.01407361 0.67856 1.067474 0.6475873 -0.01407313 0.67856 1.067474 0.6785587 -0.01407361 0.7198547 1.067474 0.4611529 -0.0140804 0.5024476 -0.01408201 0.4611542 1.067473 0.3888888 1.067475 0.3579179 1.067475 0.3888871 -0.01407766 0.6059878 -0.01407891 0.6472822 -0.01407945 0.6059894 1.067474 0.5337237 1.067474 0.5027526 1.067472 0.5337228 -0.01407837 0.5750181 1.067473 0.5750172 -0.01407837 0.6059894 1.067474 0.2440512 -0.01410889 0.2437862 1.067441 0.2130793 -0.01411855 0.2437862 1.067441 0.2440512 -0.01410889 0.2850809 1.067455 0.5231695 0.3576445 0.5231693 0.3923987 0.4768306 0.3576445 0.5231695 0.3576445 0.5231693 0.3923987 0.4768306 0.3576445 0.5231693 0.3923987 0.4768307 0.3923987 0.5231695 0.3576445 0.5231695 0.3576445 0.5231693 0.3923987 0.4768306 0.3576445 0.5231695 0.3576445 0.5231693 0.3923987 0.4768306 0.3576445 0.5231693 0.3923987 0.4768307 0.3923987 0.5231695 0.3576445 0.5231695 0.3576445 0.5231693 0.3923987 0.4768306 0.3576445 0.5231695 0.3576445 0.5231693 0.3923987 0.4768306 0.3576445 0.5231695 0.3576445 0.5231693 0.3923987 0.4768306 0.3576445 0.5231693 0.3923987 0.4768307 0.3923987 0.5231695 0.3576445 0.5231695 0.3576445 0.5231693 0.3923987 0.4768306 0.3576445 0.5231695 0.3576445 0.5231693 0.3923987 0.4768306 0.3576445 0.3576118 -0.01407444 0.3573454 1.067475 0.3163172 -0.01408612 0.5337228 -0.01407837 0.5337237 1.067474 0.5027517 -0.01407825 0.6059878 -0.01407891 0.6472822 -0.01407945 0.6059894 1.067474 0.3888888 1.067475 0.3579179 1.067475 0.3888871 -0.01407766 0.4301832 1.067474 0.4301815 -0.01407885 0.4611542 1.067473 0.5024476 -0.01408201 0.5024484 1.067473 0.4611529 -0.0140804 0.4301832 1.067474 0.3888888 1.067475 0.4301815 -0.01407885 0.7198547 1.067474 0.7198538 -0.0140742 0.750826 1.067474 0.7198547 1.067474 0.67856 1.067474 0.7198538 -0.0140742 0.2437862 1.067441 0.2128144 1.06743 0.2440512 -0.01410889 0.2850809 1.067455 0.2853459 -0.0140962 0.3160518 1.067463 0.3163172 -0.01408612 0.3576118 -0.01407444 0.3160518 1.067463 0.2437862 1.067441 0.2440512 -0.01410889 0.2850809 1.067455 0.5024476 -0.01408201 0.5024484 1.067473 0.4611529 -0.0140804 0.08973604 1.04865 0.07940447 1.047925 0.0897367 -0.02837997 0.1183587 1.04865 0.1183634 -0.02837997 0.1286905 1.047925 0.1286945 -0.02910482 0.1573173 -0.02910482 0.1286905 1.047925 0.1183587 1.04865 0.08973604 1.04865 0.1183634 -0.02837997 0.01104962 1.048259 5.7213e-5 1.047904 0.01104933 -0.02874976 0.03967183 1.048258 0.03967565 -0.0287494 0.05066567 1.047903 0.05066806 -0.02910417 0.07929241 -0.02910423 0.05066567 1.047903 0.03967183 1.048258 0.01104962 1.048259 0.03967565 -0.0287494 0.5069605 1.04865 0.4966289 1.047925 0.5069612 -0.02837997 0.5355833 1.04865 0.5355879 -0.02837997 0.545915 1.047925 0.545919 -0.02910482 0.5745418 -0.02910482 0.545915 1.047925 0.5355833 1.04865 0.5069605 1.04865 0.5355879 -0.02837997 -0.1582242 1.048259 -0.1692166 1.047904 -0.1582245 -0.02874976 -0.129602 1.048258 -0.1295982 -0.0287494 -0.1186082 1.047903 -0.08998149 -0.02910423 -0.08998149 1.047903 -0.1186057 -0.02910417 -0.129602 1.048258 -0.1582242 1.048259 -0.1295982 -0.0287494 0.2709307 1.04865 0.2605991 1.047925 0.2709313 -0.02837997 0.2995534 1.04865 0.299558 -0.02837997 0.3098851 1.047925 0.338512 -0.02910482 0.338512 1.047925 0.3098891 -0.02910482 0.2995534 1.04865 0.2709307 1.04865 0.299558 -0.02837997 0.2804574 1.048259 0.269465 1.047904 0.2804571 -0.02874976 0.3090797 1.048258 0.3090835 -0.0287494 0.3200734 1.047903 0.3487002 -0.02910423 0.3487002 1.047903 0.3200759 -0.02910417 0.2804574 1.048259 0.2804571 -0.02874976 0.3090797 1.048258 0.4664301 1.04865 0.4560986 1.047925 0.4664308 -0.02837997 0.4950528 1.04865 0.4950575 -0.02837997 0.5053846 1.047925 0.5053886 -0.02910482 0.5340114 -0.02910482 0.5053846 1.047925 0.4664301 1.04865 0.4664308 -0.02837997 0.4950528 1.04865 0.4568837 1.048259 0.4458913 1.047904 0.4568834 -0.02874976 0.485506 1.048258 0.4855098 -0.0287494 0.4964998 1.047903 0.4965022 -0.02910417 0.5251265 -0.02910423 0.4964998 1.047903 0.485506 1.048258 0.4568837 1.048259 0.4855098 -0.0287494 0.1445713 1.04865 0.1342397 1.047925 0.1445719 -0.02837997 0.1731939 1.04865 0.1731986 -0.02837997 0.1835257 1.047925 0.1835297 -0.02910482 0.2121526 -0.02910482 0.1835257 1.047925 0.1445713 1.04865 0.1445719 -0.02837997 0.1731939 1.04865 -0.1081573 1.048259 -0.1191498 1.047904 -0.1081576 -0.02874976 -0.07953506 1.048258 -0.07953131 -0.0287494 -0.06854128 1.047903 -0.03991454 -0.02910423 -0.03991454 1.047903 -0.06853884 -0.02910417 -0.07953506 1.048258 -0.1081573 1.048259 -0.07953131 -0.0287494 0.02059596 1.04865 0.01026445 1.047925 0.02059662 -0.02837997 0.04921871 1.04865 0.0492233 -0.02837997 0.0595504 1.047925 0.08817726 -0.02910482 0.08817726 1.047925 0.05955445 -0.02910482 0.02059596 1.04865 0.02059662 -0.02837997 0.04921871 1.04865 0.580859 1.048259 0.5698666 1.047904 0.5808587 -0.02874976 0.6094813 1.048258 0.609485 -0.0287494 0.6204751 1.047903 0.6204775 -0.02910417 0.6491018 -0.02910423 0.6204751 1.047903 0.6094813 1.048258 0.580859 1.048259 0.609485 -0.0287494 0.2327844 1.04865 0.2224529 1.047925 0.2327851 -0.02837997 0.2614071 1.04865 0.2614118 -0.02837997 0.2717389 1.047925 0.3003658 -0.02910482 0.3003658 1.047925 0.2717429 -0.02910482 0.2327844 1.04865 0.2327851 -0.02837997 0.2614071 1.04865 -0.1248463 1.048259 -0.1358387 1.047904 -0.1248466 -0.02874976 -0.09622406 1.048258 -0.09622025 -0.0287494 -0.08523023 1.047903 -0.05660349 -0.02910423 -0.05660349 1.047903 -0.08522784 -0.02910417 -0.09622406 1.048258 -0.1248463 1.048259 -0.09622025 -0.0287494 0.6491018 -0.02910423 0.6491018 1.047903 0.6204775 -0.02910417 0.580859 1.048259 0.5698666 1.047904 0.5808587 -0.02874976 0.6094813 1.048258 0.609485 -0.0287494 0.6204751 1.047903 0.6094813 1.048258 0.580859 1.048259 0.609485 -0.0287494 0.08817726 -0.02910482 0.08817726 1.047925 0.05955445 -0.02910482 0.02059596 1.04865 0.01026445 1.047925 0.02059662 -0.02837997 0.04921871 1.04865 0.0492233 -0.02837997 0.0595504 1.047925 0.02059596 1.04865 0.02059662 -0.02837997 0.04921871 1.04865 -0.03991454 -0.02910423 -0.03991454 1.047903 -0.06853884 -0.02910417 -0.1081573 1.048259 -0.1191498 1.047904 -0.1081576 -0.02874976 -0.07953506 1.048258 -0.07953131 -0.0287494 -0.06854128 1.047903 -0.07953506 1.048258 -0.1081573 1.048259 -0.07953131 -0.0287494 0.1835297 -0.02910482 0.2121526 -0.02910482 0.1835257 1.047925 0.1445713 1.04865 0.1342397 1.047925 0.1445719 -0.02837997 0.1731939 1.04865 0.1731986 -0.02837997 0.1835257 1.047925 0.1445713 1.04865 0.1445719 -0.02837997 0.1731939 1.04865 0.5251265 -0.02910423 0.5251265 1.047903 0.4965022 -0.02910417 0.4568837 1.048259 0.4458913 1.047904 0.4568834 -0.02874976 0.485506 1.048258 0.4855098 -0.0287494 0.4964998 1.047903 0.485506 1.048258 0.4568837 1.048259 0.4855098 -0.0287494 0.5053886 -0.02910482 0.5340114 -0.02910482 0.5053846 1.047925 0.4664301 1.04865 0.4560986 1.047925 0.4664308 -0.02837997 0.4950528 1.04865 0.4950575 -0.02837997 0.5053846 1.047925 0.4664301 1.04865 0.4664308 -0.02837997 0.4950528 1.04865 0.3487002 -0.02910423 0.3487002 1.047903 0.3200759 -0.02910417 0.2804574 1.048259 0.269465 1.047904 0.2804571 -0.02874976 0.3090797 1.048258 0.3090835 -0.0287494 0.3200734 1.047903 0.3090797 1.048258 0.2804574 1.048259 0.3090835 -0.0287494 0.3098891 -0.02910482 0.338512 -0.02910482 0.3098851 1.047925 0.2709307 1.04865 0.2605991 1.047925 0.2709313 -0.02837997 0.2995534 1.04865 0.299558 -0.02837997 0.3098851 1.047925 0.2709307 1.04865 0.2709313 -0.02837997 0.2995534 1.04865 0.3576118 -0.01407444 0.3573454 1.067475 0.3163172 -0.01408612 0.7921193 -0.01407492 0.7921201 1.067474 0.7508252 -0.0140742 0.7198547 1.067474 0.7198538 -0.0140742 0.750826 1.067474 0.4301832 1.067474 0.4301815 -0.01407885 0.4611542 1.067473 0.4301832 1.067474 0.3888888 1.067475 0.4301815 -0.01407885 0.5750181 1.067473 0.5337237 1.067474 0.5750172 -0.01407837 0.3576118 -0.01407444 0.3573454 1.067475 0.3163172 -0.01408612 0.2850809 1.067455 0.2853459 -0.0140962 0.3160518 1.067463 0.2327844 1.04865 0.2224529 1.047925 0.2327851 -0.02837997 0.2614071 1.04865 0.2614118 -0.02837997 0.2717389 1.047925 0.3003658 -0.02910482 0.3003658 1.047925 0.2717429 -0.02910482 0.2327844 1.04865 0.2327851 -0.02837997 0.2614071 1.04865 -0.1248463 1.048259 -0.1358387 1.047904 -0.1248466 -0.02874976 -0.09622406 1.048258 -0.09622025 -0.0287494 -0.08523023 1.047903 -0.05660349 -0.02910423 -0.05660349 1.047903 -0.08522784 -0.02910417 -0.09622406 1.048258 -0.1248463 1.048259 -0.09622025 -0.0287494 0.5231693 0.3923987 0.4768307 0.3923987 0.5231695 0.3576445 0.67856 1.067474 0.6475882 1.067474 0.6785587 -0.01407361 0.750826 1.067474 0.7198547 1.067474 0.7508252 -0.0140742 0.7921193 -0.01407492 0.7921201 1.067474 0.7508252 -0.0140742 0.7198547 1.067474 0.67856 1.067474 0.7198538 -0.0140742 0.2440512 -0.01410889 0.2437862 1.067441 0.2130793 -0.01411855 0.3160518 1.067463 0.2850809 1.067455 0.3163172 -0.01408612 0.2850809 1.067455 0.2437862 1.067441 0.2853459 -0.0140962 0.6059894 1.067474 0.5750181 1.067473 0.6059878 -0.01407891 0.5337237 1.067474 0.5337228 -0.01407837 0.5750181 1.067473 0.6785587 -0.01407361 0.67856 1.067474 0.6475873 -0.01407313 0.7508252 -0.0140742 0.7921193 -0.01407492 0.750826 1.067474 0.5337237 1.067474 0.5027526 1.067472 0.5337228 -0.01407837 0.5750181 1.067473 0.5750172 -0.01407837 0.6059894 1.067474 0.6059878 -0.01407891 0.6472822 -0.01407945 0.6059894 1.067474 0.5337237 1.067474 0.5337228 -0.01407837 0.5750181 1.067473 0.3888888 1.067475 0.3579179 1.067475 0.3888871 -0.01407766 0.4301832 1.067474 0.4301815 -0.01407885 0.4611542 1.067473 0.4301832 1.067474 0.3888888 1.067475 0.4301815 -0.01407885 0.2437862 1.067441 0.2128144 1.06743 0.2440512 -0.01410889 0.2850809 1.067455 0.2853459 -0.0140962 0.3160518 1.067463 0.2850809 1.067455 0.2437862 1.067441 0.2853459 -0.0140962 0.67856 1.067474 0.6475882 1.067474 0.6785587 -0.01407361 0.7198547 1.067474 0.67856 1.067474 0.7198538 -0.0140742 0.5024476 -0.01408201 0.5024484 1.067473 0.4611529 -0.0140804 0.3888888 1.067475 0.3579179 1.067475 0.3888871 -0.01407766 0.6472822 -0.01407945 0.647284 1.067474 0.6059878 -0.01407891 0.5337237 1.067474 0.5027526 1.067472 0.5337228 -0.01407837 0.5750181 1.067473 0.5750172 -0.01407837 0.6059894 1.067474 0.2437862 1.067441 0.2128144 1.06743 0.2440512 -0.01410889 0.2850809 1.067455 0.2437862 1.067441 0.2853459 -0.0140962 0.5231695 0.3576445 0.5231693 0.3923987 0.4768306 0.3576445 0.5231693 0.3923987 0.4768307 0.3923987 0.5231695 0.3576445 0.5231693 0.3923987 0.4768307 0.3923987 0.5231695 0.3576445 0.5231693 0.3923987 0.4768307 0.3923987 0.5231695 0.3576445 0.5231693 0.3923987 0.4768307 0.3923987 0.5231695 0.3576445 0.5231693 0.3923987 0.4768307 0.3923987 0.5231695 0.3576445 0.5231693 0.3923987 0.4768307 0.3923987 0.5231695 0.3576445 0.5231695 0.3576445 0.5231693 0.3923987 0.4768306 0.3576445 0.5231693 0.3923987 0.4768307 0.3923987 0.5231695 0.3576445 0.5231693 0.3923987 0.4768307 0.3923987 0.5231695 0.3576445 0.5231695 0.3576445 0.5231693 0.3923987 0.4768306 0.3576445 0.5231695 0.3576445 0.5231693 0.3923987 0.4768306 0.3576445 0.3163172 -0.01408612 0.3576118 -0.01407444 0.3160518 1.067463 0.5337228 -0.01407837 0.5337237 1.067474 0.5027517 -0.01407825 0.6059878 -0.01407891 0.6472822 -0.01407945 0.6059894 1.067474 0.3888871 -0.01407766 0.3888888 1.067475 0.3579161 -0.01407766 0.4611542 1.067473 0.4301832 1.067474 0.4611529 -0.0140804 0.4611529 -0.0140804 0.5024476 -0.01408201 0.4611542 1.067473 0.4301832 1.067474 0.3888888 1.067475 0.4301815 -0.01407885 0.750826 1.067474 0.7198547 1.067474 0.7508252 -0.0140742 0.7198547 1.067474 0.67856 1.067474 0.7198538 -0.0140742 0.2437862 1.067441 0.2128144 1.06743 0.2440512 -0.01410889 0.2850809 1.067455 0.2853459 -0.0140962 0.3160518 1.067463 0.3163172 -0.01408612 0.3576118 -0.01407444 0.3160518 1.067463 0.2850809 1.067455 0.2437862 1.067441 0.2853459 -0.0140962 0.4611529 -0.0140804 0.5024476 -0.01408201 0.4611542 1.067473 0.08973604 1.04865 0.07940447 1.047925 0.0897367 -0.02837997 0.1183587 1.04865 0.1183634 -0.02837997 0.1286905 1.047925 0.1286945 -0.02910482 0.1573173 -0.02910482 0.1286905 1.047925 0.1183587 1.04865 0.08973604 1.04865 0.1183634 -0.02837997 0.01104962 1.048259 5.7213e-5 1.047904 0.01104933 -0.02874976 0.03967183 1.048258 0.03967565 -0.0287494 0.05066567 1.047903 0.07929241 -0.02910423 0.07929241 1.047903 0.05066806 -0.02910417 0.03967183 1.048258 0.01104962 1.048259 0.03967565 -0.0287494 0.5069605 1.04865 0.4966289 1.047925 0.5069612 -0.02837997 0.5355833 1.04865 0.5355879 -0.02837997 0.545915 1.047925 0.545919 -0.02910482 0.5745418 -0.02910482 0.545915 1.047925 0.5355833 1.04865 0.5069605 1.04865 0.5355879 -0.02837997 -0.1582242 1.048259 -0.1692166 1.047904 -0.1582245 -0.02874976 -0.129602 1.048258 -0.1295982 -0.0287494 -0.1186082 1.047903 -0.08998149 -0.02910423 -0.08998149 1.047903 -0.1186057 -0.02910417 -0.129602 1.048258 -0.1582242 1.048259 -0.1295982 -0.0287494 0.2709307 1.04865 0.2605991 1.047925 0.2709313 -0.02837997 0.2995534 1.04865 0.299558 -0.02837997 0.3098851 1.047925 0.3098891 -0.02910482 0.338512 -0.02910482 0.3098851 1.047925 0.2995534 1.04865 0.2709307 1.04865 0.299558 -0.02837997 0.2804574 1.048259 0.269465 1.047904 0.2804571 -0.02874976 0.3090797 1.048258 0.3090835 -0.0287494 0.3200734 1.047903 0.3200759 -0.02910417 0.3487002 -0.02910423 0.3200734 1.047903 0.3090797 1.048258 0.2804574 1.048259 0.3090835 -0.0287494 0.4664301 1.04865 0.4560986 1.047925 0.4664308 -0.02837997 0.4950528 1.04865 0.4950575 -0.02837997 0.5053846 1.047925 0.5053886 -0.02910482 0.5340114 -0.02910482 0.5053846 1.047925 0.4950528 1.04865 0.4664301 1.04865 0.4950575 -0.02837997 0.4568837 1.048259 0.4458913 1.047904 0.4568834 -0.02874976 0.485506 1.048258 0.4855098 -0.0287494 0.4964998 1.047903 0.5251265 -0.02910423 0.5251265 1.047903 0.4965022 -0.02910417 0.485506 1.048258 0.4568837 1.048259 0.4855098 -0.0287494 0.1445713 1.04865 0.1342397 1.047925 0.1445719 -0.02837997 0.1731939 1.04865 0.1731986 -0.02837997 0.1835257 1.047925 0.1835297 -0.02910482 0.2121526 -0.02910482 0.1835257 1.047925 0.1445713 1.04865 0.1445719 -0.02837997 0.1731939 1.04865 -0.1081573 1.048259 -0.1191498 1.047904 -0.1081576 -0.02874976 -0.07953506 1.048258 -0.07953131 -0.0287494 -0.06854128 1.047903 -0.03991454 -0.02910423 -0.03991454 1.047903 -0.06853884 -0.02910417 -0.07953506 1.048258 -0.1081573 1.048259 -0.07953131 -0.0287494 0.02059596 1.04865 0.01026445 1.047925 0.02059662 -0.02837997 0.04921871 1.04865 0.0492233 -0.02837997 0.0595504 1.047925 0.05955445 -0.02910482 0.08817726 -0.02910482 0.0595504 1.047925 0.04921871 1.04865 0.02059596 1.04865 0.0492233 -0.02837997 0.580859 1.048259 0.5698666 1.047904 0.5808587 -0.02874976 0.6094813 1.048258 0.609485 -0.0287494 0.6204751 1.047903 0.6491018 -0.02910423 0.6491018 1.047903 0.6204775 -0.02910417 0.6094813 1.048258 0.580859 1.048259 0.609485 -0.0287494 0.2327844 1.04865 0.2224529 1.047925 0.2327851 -0.02837997 0.2614071 1.04865 0.2614118 -0.02837997 0.2717389 1.047925 0.2717429 -0.02910482 0.3003658 -0.02910482 0.2717389 1.047925 0.2614071 1.04865 0.2327844 1.04865 0.2614118 -0.02837997 -0.1248463 1.048259 -0.1358387 1.047904 -0.1248466 -0.02874976 -0.09622406 1.048258 -0.09622025 -0.0287494 -0.08523023 1.047903 -0.05660349 -0.02910423 -0.05660349 1.047903 -0.08522784 -0.02910417 -0.09622406 1.048258 -0.1248463 1.048259 -0.09622025 -0.0287494 0.6491018 -0.02910423 0.6491018 1.047903 0.6204775 -0.02910417 0.580859 1.048259 0.5698666 1.047904 0.5808587 -0.02874976 0.6094813 1.048258 0.609485 -0.0287494 0.6204751 1.047903 0.6094813 1.048258 0.580859 1.048259 0.609485 -0.0287494 0.05955445 -0.02910482 0.08817726 -0.02910482 0.0595504 1.047925 0.02059596 1.04865 0.01026445 1.047925 0.02059662 -0.02837997 0.04921871 1.04865 0.0492233 -0.02837997 0.0595504 1.047925 0.02059596 1.04865 0.02059662 -0.02837997 0.04921871 1.04865 -0.03991454 -0.02910423 -0.03991454 1.047903 -0.06853884 -0.02910417 -0.1081573 1.048259 -0.1191498 1.047904 -0.1081576 -0.02874976 -0.07953506 1.048258 -0.07953131 -0.0287494 -0.06854128 1.047903 -0.07953506 1.048258 -0.1081573 1.048259 -0.07953131 -0.0287494 0.1835297 -0.02910482 0.2121526 -0.02910482 0.1835257 1.047925 0.1445713 1.04865 0.1342397 1.047925 0.1445719 -0.02837997 0.1731939 1.04865 0.1731986 -0.02837997 0.1835257 1.047925 0.1731939 1.04865 0.1445713 1.04865 0.1731986 -0.02837997 0.5251265 -0.02910423 0.5251265 1.047903 0.4965022 -0.02910417 0.4568837 1.048259 0.4458913 1.047904 0.4568834 -0.02874976 0.485506 1.048258 0.4855098 -0.0287494 0.4964998 1.047903 0.485506 1.048258 0.4568837 1.048259 0.4855098 -0.0287494 0.5053886 -0.02910482 0.5340114 -0.02910482 0.5053846 1.047925 0.4664301 1.04865 0.4560986 1.047925 0.4664308 -0.02837997 0.4950528 1.04865 0.4950575 -0.02837997 0.5053846 1.047925 0.4950528 1.04865 0.4664301 1.04865 0.4950575 -0.02837997 0.3487002 -0.02910423 0.3487002 1.047903 0.3200759 -0.02910417 0.2804574 1.048259 0.269465 1.047904 0.2804571 -0.02874976 0.3090797 1.048258 0.3090835 -0.0287494 0.3200734 1.047903 0.3090797 1.048258 0.2804574 1.048259 0.3090835 -0.0287494 0.3098891 -0.02910482 0.338512 -0.02910482 0.3098851 1.047925 0.2709307 1.04865 0.2605991 1.047925 0.2709313 -0.02837997 0.2995534 1.04865 0.299558 -0.02837997 0.3098851 1.047925 0.2709307 1.04865 0.2709313 -0.02837997 0.2995534 1.04865 0.3163172 -0.01408612 0.3576118 -0.01407444 0.3160518 1.067463 0.7508252 -0.0140742 0.7921193 -0.01407492 0.750826 1.067474 0.750826 1.067474 0.7198547 1.067474 0.7508252 -0.0140742 0.4611542 1.067473 0.4301832 1.067474 0.4611529 -0.0140804 0.4301832 1.067474 0.3888888 1.067475 0.4301815 -0.01407885 0.5750181 1.067473 0.5337237 1.067474 0.5750172 -0.01407837 0.3163172 -0.01408612 0.3576118 -0.01407444 0.3160518 1.067463 0.3160518 1.067463 0.2850809 1.067455 0.3163172 -0.01408612 0.2327844 1.04865 0.2224529 1.047925 0.2327851 -0.02837997 0.2614071 1.04865 0.2614118 -0.02837997 0.2717389 1.047925 0.2717429 -0.02910482 0.3003658 -0.02910482 0.2717389 1.047925 0.2327844 1.04865 0.2327851 -0.02837997 0.2614071 1.04865 -0.1248463 1.048259 -0.1358387 1.047904 -0.1248466 -0.02874976 -0.09622406 1.048258 -0.09622025 -0.0287494 -0.08523023 1.047903 -0.05660349 -0.02910423 -0.05660349 1.047903 -0.08522784 -0.02910417 -0.09622406 1.048258 -0.1248463 1.048259 -0.09622025 -0.0287494 0.5231695 0.3576445 0.5231693 0.3923987 0.4768306 0.3576445 0.67856 1.067474 0.6475882 1.067474 0.6785587 -0.01407361 0.750826 1.067474 0.7198547 1.067474 0.7508252 -0.0140742 0.7921193 -0.01407492 0.7921201 1.067474 0.7508252 -0.0140742 0.67856 1.067474 0.6785587 -0.01407361 0.7198547 1.067474 0.2440512 -0.01410889 0.2437862 1.067441 0.2130793 -0.01411855 0.3160518 1.067463 0.2850809 1.067455 0.3163172 -0.01408612 0.2850809 1.067455 0.2437862 1.067441 0.2853459 -0.0140962 0.6059894 1.067474 0.5750181 1.067473 0.6059878 -0.01407891 0.5337237 1.067474 0.5337228 -0.01407837 0.5750181 1.067473 0.6785587 -0.01407361 0.67856 1.067474 0.6475873 -0.01407313 0.7508252 -0.0140742 0.7921193 -0.01407492 0.750826 1.067474 0.5337237 1.067474 0.5027526 1.067472 0.5337228 -0.01407837 0.6059894 1.067474 0.5750181 1.067473 0.6059878 -0.01407891 0.6059878 -0.01407891 0.6472822 -0.01407945 0.6059894 1.067474 0.5337237 1.067474 0.5337228 -0.01407837 0.5750181 1.067473 0.3888888 1.067475 0.3579179 1.067475 0.3888871 -0.01407766 0.4301832 1.067474 0.4301815 -0.01407885 0.4611542 1.067473 0.3888888 1.067475 0.3888871 -0.01407766 0.4301832 1.067474 0.2440512 -0.01410889 0.2437862 1.067441 0.2130793 -0.01411855 0.3160518 1.067463 0.2850809 1.067455 0.3163172 -0.01408612 0.2850809 1.067455 0.2437862 1.067441 0.2853459 -0.0140962 0.6785587 -0.01407361 0.67856 1.067474 0.6475873 -0.01407313 0.7198547 1.067474 0.67856 1.067474 0.7198538 -0.0140742 0.4611529 -0.0140804 0.5024476 -0.01408201 0.4611542 1.067473 0.3888888 1.067475 0.3579179 1.067475 0.3888871 -0.01407766 0.6059878 -0.01407891 0.6472822 -0.01407945 0.6059894 1.067474 0.5337237 1.067474 0.5027526 1.067472 0.5337228 -0.01407837 0.5750181 1.067473 0.5750172 -0.01407837 0.6059894 1.067474 0.2440512 -0.01410889 0.2437862 1.067441 0.2130793 -0.01411855 0.2850809 1.067455 0.2437862 1.067441 0.2853459 -0.0140962 0.5231695 0.3576445 0.5231693 0.3923987 0.4768306 0.3576445 0.5231695 0.3576445 0.5231693 0.3923987 0.4768306 0.3576445 0.5231693 0.3923987 0.4768307 0.3923987 0.5231695 0.3576445 0.5231695 0.3576445 0.5231693 0.3923987 0.4768306 0.3576445 0.5231695 0.3576445 0.5231693 0.3923987 0.4768306 0.3576445 0.5231695 0.3576445 0.5231693 0.3923987 0.4768306 0.3576445 0.5231695 0.3576445 0.5231693 0.3923987 0.4768306 0.3576445 0.5231695 0.3576445 0.5231693 0.3923987 0.4768306 0.3576445 0.5231695 0.3576445 0.5231693 0.3923987 0.4768306 0.3576445 0.5231693 0.3923987 0.4768307 0.3923987 0.5231695 0.3576445 0.5231695 0.3576445 0.5231693 0.3923987 0.4768306 0.3576445 0.5231695 0.3576445 0.5231693 0.3923987 0.4768306 0.3576445 0.6785587 0.01788634 0.67856 1.035514 0.6475873 0.01788681 0.750826 1.035514 0.7198547 1.035514 0.7508252 0.0178858 0.7921193 0.01788514 0.7921201 1.035514 0.7508252 0.0178858 0.7198547 1.035514 0.67856 1.035514 0.7198538 0.0178858 0.6785587 0.01788634 0.67856 1.035514 0.6475873 0.01788681 0.750826 1.035514 0.7198547 1.035514 0.7508252 0.0178858 0.7921193 0.01788514 0.7921201 1.035514 0.7508252 0.0178858 0.7198547 1.035514 0.67856 1.035514 0.7198538 0.0178858 0.6785587 0.01788634 0.67856 1.035514 0.6475873 0.01788681 0.750826 1.035514 0.7198547 1.035514 0.7508252 0.0178858 0.7921193 0.01788514 0.7921201 1.035514 0.7508252 0.0178858 0.7198547 1.035514 0.67856 1.035514 0.7198538 0.0178858 0.6785587 0.01788634 0.67856 1.035514 0.6475873 0.01788681 0.750826 1.035514 0.7198547 1.035514 0.7508252 0.0178858 0.7508252 0.0178858 0.7921193 0.01788514 0.750826 1.035514 0.67856 1.035514 0.6785587 0.01788634 0.7198547 1.035514 0.6785587 0.01788634 0.67856 1.035514 0.6475873 0.01788681 0.750826 1.035514 0.7198547 1.035514 0.7508252 0.0178858 0.7921193 0.01788514 0.7921201 1.035514 0.7508252 0.0178858 0.7198547 1.035514 0.67856 1.035514 0.7198538 0.0178858 0.6785587 0.01788634 0.67856 1.035514 0.6475873 0.01788681 0.750826 1.035514 0.7198547 1.035514 0.7508252 0.0178858 0.7508252 0.0178858 0.7921193 0.01788514 0.750826 1.035514 0.7198547 1.035514 0.67856 1.035514 0.7198538 0.0178858 0.6785587 0.01788634 0.67856 1.035514 0.6475873 0.01788681 0.750826 1.035514 0.7198547 1.035514 0.7508252 0.0178858 0.7508252 0.0178858 0.7921193 0.01788514 0.750826 1.035514 0.67856 1.035514 0.6785587 0.01788634 0.7198547 1.035514 0.6785587 0.01788634 0.67856 1.035514 0.6475873 0.01788681 0.750826 1.035514 0.7198547 1.035514 0.7508252 0.0178858 0.7508252 0.0178858 0.7921193 0.01788514 0.750826 1.035514 0.67856 1.035514 0.6785587 0.01788634 0.7198547 1.035514 0.6785587 -0.01407361 0.67856 1.067474 0.6475873 -0.01407313 0.750826 1.067474 0.7198547 1.067474 0.7508252 -0.0140742 0.7508252 -0.0140742 0.7921193 -0.01407492 0.750826 1.067474 0.7198547 1.067474 0.67856 1.067474 0.7198538 -0.0140742 0.2440512 -0.01410889 0.2437862 1.067441 0.2130793 -0.01411855 0.3160518 1.067463 0.2850809 1.067455 0.3163172 -0.01408612 0.3163172 -0.01408612 0.3576118 -0.01407444 0.3160518 1.067463 0.2850809 1.067455 0.2437862 1.067441 0.2853459 -0.0140962 0.5337228 -0.01407837 0.5337237 1.067474 0.5027517 -0.01407825 0.6059894 1.067474 0.5750181 1.067473 0.6059878 -0.01407891 0.6059878 -0.01407891 0.6472822 -0.01407945 0.6059894 1.067474 0.5750181 1.067473 0.5337237 1.067474 0.5750172 -0.01407837 0.3888871 -0.01407766 0.3888888 1.067475 0.3579161 -0.01407766 0.4611542 1.067473 0.4301832 1.067474 0.4611529 -0.0140804 0.4611529 -0.0140804 0.5024476 -0.01408201 0.4611542 1.067473 0.4301832 1.067474 0.3888888 1.067475 0.4301815 -0.01407885 0.6785587 -0.01407361 0.67856 1.067474 0.6475873 -0.01407313 0.750826 1.067474 0.7198547 1.067474 0.7508252 -0.0140742 0.7508252 -0.0140742 0.7921193 -0.01407492 0.750826 1.067474 0.7198547 1.067474 0.67856 1.067474 0.7198538 -0.0140742 0.2440512 -0.01410889 0.2437862 1.067441 0.2130793 -0.01411855 0.3160518 1.067463 0.2850809 1.067455 0.3163172 -0.01408612 0.3163172 -0.01408612 0.3576118 -0.01407444 0.3160518 1.067463 0.2850809 1.067455 0.2437862 1.067441 0.2853459 -0.0140962 0.5337228 -0.01407837 0.5337237 1.067474 0.5027517 -0.01407825 0.6059894 1.067474 0.5750181 1.067473 0.6059878 -0.01407891 0.6059878 -0.01407891 0.6472822 -0.01407945 0.6059894 1.067474 0.5750181 1.067473 0.5337237 1.067474 0.5750172 -0.01407837 0.3888871 -0.01407766 0.3888888 1.067475 0.3579161 -0.01407766 0.4611542 1.067473 0.4301832 1.067474 0.4611529 -0.0140804 0.4611529 -0.0140804 0.5024476 -0.01408201 0.4611542 1.067473 0.4301832 1.067474 0.3888888 1.067475 0.4301815 -0.01407885 0.08973604 1.04865 0.07940447 1.047925 0.0897367 -0.02837997 0.1183587 1.04865 0.1183634 -0.02837997 0.1286905 1.047925 0.1286945 -0.02910482 0.1573173 -0.02910482 0.1286905 1.047925 0.1183587 1.04865 0.08973604 1.04865 0.1183634 -0.02837997 0.01104962 1.048259 5.7213e-5 1.047904 0.01104933 -0.02874976 0.03967183 1.048258 0.03967565 -0.0287494 0.05066567 1.047903 0.07929241 -0.02910423 0.07929241 1.047903 0.05066806 -0.02910417 0.03967183 1.048258 0.01104962 1.048259 0.03967565 -0.0287494 0.5069605 1.04865 0.4966289 1.047925 0.5069612 -0.02837997 0.5355833 1.04865 0.5355879 -0.02837997 0.545915 1.047925 0.545919 -0.02910482 0.5745418 -0.02910482 0.545915 1.047925 0.5355833 1.04865 0.5069605 1.04865 0.5355879 -0.02837997 -0.1582242 1.048259 -0.1692166 1.047904 -0.1582245 -0.02874976 -0.129602 1.048258 -0.1295982 -0.0287494 -0.1186082 1.047903 -0.08998149 -0.02910423 -0.08998149 1.047903 -0.1186057 -0.02910417 -0.129602 1.048258 -0.1582242 1.048259 -0.1295982 -0.0287494 0.2709307 1.04865 0.2605991 1.047925 0.2709313 -0.02837997 0.2995534 1.04865 0.299558 -0.02837997 0.3098851 1.047925 0.3098891 -0.02910482 0.338512 -0.02910482 0.3098851 1.047925 0.2995534 1.04865 0.2709307 1.04865 0.299558 -0.02837997 0.2804574 1.048259 0.269465 1.047904 0.2804571 -0.02874976 0.3090797 1.048258 0.3090835 -0.0287494 0.3200734 1.047903 0.3487002 -0.02910423 0.3487002 1.047903 0.3200759 -0.02910417 0.3090797 1.048258 0.2804574 1.048259 0.3090835 -0.0287494 0.4664301 1.04865 0.4560986 1.047925 0.4664308 -0.02837997 0.4950528 1.04865 0.4950575 -0.02837997 0.5053846 1.047925 0.5053886 -0.02910482 0.5340114 -0.02910482 0.5053846 1.047925 0.4950528 1.04865 0.4664301 1.04865 0.4950575 -0.02837997 0.4568837 1.048259 0.4458913 1.047904 0.4568834 -0.02874976 0.485506 1.048258 0.4855098 -0.0287494 0.4964998 1.047903 0.5251265 -0.02910423 0.5251265 1.047903 0.4965022 -0.02910417 0.485506 1.048258 0.4568837 1.048259 0.4855098 -0.0287494 0.1445713 1.04865 0.1342397 1.047925 0.1445719 -0.02837997 0.1731939 1.04865 0.1731986 -0.02837997 0.1835257 1.047925 0.1835297 -0.02910482 0.2121526 -0.02910482 0.1835257 1.047925 0.1731939 1.04865 0.1445713 1.04865 0.1731986 -0.02837997 -0.1081573 1.048259 -0.1191498 1.047904 -0.1081576 -0.02874976 -0.07953506 1.048258 -0.07953131 -0.0287494 -0.06854128 1.047903 -0.03991454 -0.02910423 -0.03991454 1.047903 -0.06853884 -0.02910417 -0.07953506 1.048258 -0.1081573 1.048259 -0.07953131 -0.0287494 0.02059596 1.04865 0.01026445 1.047925 0.02059662 -0.02837997 0.04921871 1.04865 0.0492233 -0.02837997 0.0595504 1.047925 0.05955445 -0.02910482 0.08817726 -0.02910482 0.0595504 1.047925 0.04921871 1.04865 0.02059596 1.04865 0.0492233 -0.02837997 0.580859 1.048259 0.5698666 1.047904 0.5808587 -0.02874976 0.6094813 1.048258 0.609485 -0.0287494 0.6204751 1.047903 0.6491018 -0.02910423 0.6491018 1.047903 0.6204775 -0.02910417 0.6094813 1.048258 0.580859 1.048259 0.609485 -0.0287494 0.2327844 1.04865 0.2224529 1.047925 0.2327851 -0.02837997 0.2614071 1.04865 0.2614118 -0.02837997 0.2717389 1.047925 0.2717429 -0.02910482 0.3003658 -0.02910482 0.2717389 1.047925 0.2614071 1.04865 0.2327844 1.04865 0.2614118 -0.02837997 -0.1248463 1.048259 -0.1358387 1.047904 -0.1248466 -0.02874976 -0.09622406 1.048258 -0.09622025 -0.0287494 -0.08523023 1.047903 -0.05660349 -0.02910423 -0.05660349 1.047903 -0.08522784 -0.02910417 -0.09622406 1.048258 -0.1248463 1.048259 -0.09622025 -0.0287494 0.6785587 -0.01407361 0.67856 1.067474 0.6475873 -0.01407313 0.750826 1.067474 0.7198547 1.067474 0.7508252 -0.0140742 0.7508252 -0.0140742 0.7921193 -0.01407492 0.750826 1.067474 0.67856 1.067474 0.6785587 -0.01407361 0.7198547 1.067474 0.2440512 -0.01410889 0.2437862 1.067441 0.2130793 -0.01411855 0.3160518 1.067463 0.2850809 1.067455 0.3163172 -0.01408612 0.3163172 -0.01408612 0.3576118 -0.01407444 0.3160518 1.067463 0.2437862 1.067441 0.2440512 -0.01410889 0.2850809 1.067455 0.5337228 -0.01407837 0.5337237 1.067474 0.5027517 -0.01407825 0.6059894 1.067474 0.5750181 1.067473 0.6059878 -0.01407891 0.6059878 -0.01407891 0.6472822 -0.01407945 0.6059894 1.067474 0.5337237 1.067474 0.5337228 -0.01407837 0.5750181 1.067473 0.3888871 -0.01407766 0.3888888 1.067475 0.3579161 -0.01407766 0.4611542 1.067473 0.4301832 1.067474 0.4611529 -0.0140804 0.4611529 -0.0140804 0.5024476 -0.01408201 0.4611542 1.067473 0.3888888 1.067475 0.3888871 -0.01407766 0.4301832 1.067474 0.6785587 -0.01407361 0.67856 1.067474 0.6475873 -0.01407313 0.750826 1.067474 0.7198547 1.067474 0.7508252 -0.0140742 0.7508252 -0.0140742 0.7921193 -0.01407492 0.750826 1.067474 0.67856 1.067474 0.6785587 -0.01407361 0.7198547 1.067474 0.2440512 -0.01410889 0.2437862 1.067441 0.2130793 -0.01411855 0.3160518 1.067463 0.2850809 1.067455 0.3163172 -0.01408612 0.3163172 -0.01408612 0.3576118 -0.01407444 0.3160518 1.067463 0.2437862 1.067441 0.2440512 -0.01410889 0.2850809 1.067455 0.5337228 -0.01407837 0.5337237 1.067474 0.5027517 -0.01407825 0.6059894 1.067474 0.5750181 1.067473 0.6059878 -0.01407891 0.6059878 -0.01407891 0.6472822 -0.01407945 0.6059894 1.067474 0.5337237 1.067474 0.5337228 -0.01407837 0.5750181 1.067473 0.3888871 -0.01407766 0.3888888 1.067475 0.3579161 -0.01407766 0.4611542 1.067473 0.4301832 1.067474 0.4611529 -0.0140804 0.4611529 -0.0140804 0.5024476 -0.01408201 0.4611542 1.067473 0.3888888 1.067475 0.3888871 -0.01407766 0.4301832 1.067474 0.08973604 1.04865 0.07940447 1.047925 0.0897367 -0.02837997 0.1183587 1.04865 0.1183634 -0.02837997 0.1286905 1.047925 0.1573173 -0.02910482 0.1573173 1.047925 0.1286945 -0.02910482 0.1183587 1.04865 0.08973604 1.04865 0.1183634 -0.02837997 0.01104962 1.048259 5.7213e-5 1.047904 0.01104933 -0.02874976 0.03967183 1.048258 0.03967565 -0.0287494 0.05066567 1.047903 0.07929241 -0.02910423 0.07929241 1.047903 0.05066806 -0.02910417 0.03967183 1.048258 0.01104962 1.048259 0.03967565 -0.0287494 0.5069605 1.04865 0.4966289 1.047925 0.5069612 -0.02837997 0.5355833 1.04865 0.5355879 -0.02837997 0.545915 1.047925 0.5745418 -0.02910482 0.5745418 1.047925 0.545919 -0.02910482 0.5355833 1.04865 0.5069605 1.04865 0.5355879 -0.02837997 -0.1582242 1.048259 -0.1692166 1.047904 -0.1582245 -0.02874976 -0.129602 1.048258 -0.1295982 -0.0287494 -0.1186082 1.047903 -0.08998149 -0.02910423 -0.08998149 1.047903 -0.1186057 -0.02910417 -0.129602 1.048258 -0.1582242 1.048259 -0.1295982 -0.0287494 0.2709307 1.04865 0.2605991 1.047925 0.2709313 -0.02837997 0.2995534 1.04865 0.299558 -0.02837997 0.3098851 1.047925 0.338512 -0.02910482 0.338512 1.047925 0.3098891 -0.02910482 0.2995534 1.04865 0.2709307 1.04865 0.299558 -0.02837997 0.2804574 1.048259 0.269465 1.047904 0.2804571 -0.02874976 0.3090797 1.048258 0.3090835 -0.0287494 0.3200734 1.047903 0.3487002 -0.02910423 0.3487002 1.047903 0.3200759 -0.02910417 0.3090797 1.048258 0.2804574 1.048259 0.3090835 -0.0287494 0.4664301 1.04865 0.4560986 1.047925 0.4664308 -0.02837997 0.4950528 1.04865 0.4950575 -0.02837997 0.5053846 1.047925 0.5340114 -0.02910482 0.5340114 1.047925 0.5053886 -0.02910482 0.4950528 1.04865 0.4664301 1.04865 0.4950575 -0.02837997 0.4568837 1.048259 0.4458913 1.047904 0.4568834 -0.02874976 0.485506 1.048258 0.4855098 -0.0287494 0.4964998 1.047903 0.5251265 -0.02910423 0.5251265 1.047903 0.4965022 -0.02910417 0.485506 1.048258 0.4568837 1.048259 0.4855098 -0.0287494 0.1445713 1.04865 0.1342397 1.047925 0.1445719 -0.02837997 0.1731939 1.04865 0.1731986 -0.02837997 0.1835257 1.047925 0.2121526 -0.02910482 0.2121526 1.047925 0.1835297 -0.02910482 0.1731939 1.04865 0.1445713 1.04865 0.1731986 -0.02837997 -0.1081573 1.048259 -0.1191498 1.047904 -0.1081576 -0.02874976 -0.07953506 1.048258 -0.07953131 -0.0287494 -0.06854128 1.047903 -0.03991454 -0.02910423 -0.03991454 1.047903 -0.06853884 -0.02910417 -0.07953506 1.048258 -0.1081573 1.048259 -0.07953131 -0.0287494 0.02059596 1.04865 0.01026445 1.047925 0.02059662 -0.02837997 0.04921871 1.04865 0.0492233 -0.02837997 0.0595504 1.047925 0.08817726 -0.02910482 0.08817726 1.047925 0.05955445 -0.02910482 0.04921871 1.04865 0.02059596 1.04865 0.0492233 -0.02837997 0.580859 1.048259 0.5698666 1.047904 0.5808587 -0.02874976 0.6094813 1.048258 0.609485 -0.0287494 0.6204751 1.047903 0.6491018 -0.02910423 0.6491018 1.047903 0.6204775 -0.02910417 0.6094813 1.048258 0.580859 1.048259 0.609485 -0.0287494 0.2327844 1.04865 0.2224529 1.047925 0.2327851 -0.02837997 0.2614071 1.04865 0.2614118 -0.02837997 0.2717389 1.047925 0.3003658 -0.02910482 0.3003658 1.047925 0.2717429 -0.02910482 0.2614071 1.04865 0.2327844 1.04865 0.2614118 -0.02837997 -0.1248463 1.048259 -0.1358387 1.047904 -0.1248466 -0.02874976 -0.09622406 1.048258 -0.09622025 -0.0287494 -0.08523023 1.047903 -0.05660349 -0.02910423 -0.05660349 1.047903 -0.08522784 -0.02910417 -0.09622406 1.048258 -0.1248463 1.048259 -0.09622025 -0.0287494 0.6785587 -0.01407361 0.67856 1.067474 0.6475873 -0.01407313 0.750826 1.067474 0.7198547 1.067474 0.7508252 -0.0140742 0.7921193 -0.01407492 0.7921201 1.067474 0.7508252 -0.0140742 0.7198547 1.067474 0.67856 1.067474 0.7198538 -0.0140742 0.2440512 -0.01410889 0.2437862 1.067441 0.2130793 -0.01411855 0.3160518 1.067463 0.2850809 1.067455 0.3163172 -0.01408612 0.3576118 -0.01407444 0.3573454 1.067475 0.3163172 -0.01408612 0.2850809 1.067455 0.2437862 1.067441 0.2853459 -0.0140962 0.5337228 -0.01407837 0.5337237 1.067474 0.5027517 -0.01407825 0.6059894 1.067474 0.5750181 1.067473 0.6059878 -0.01407891 0.6472822 -0.01407945 0.647284 1.067474 0.6059878 -0.01407891 0.5750181 1.067473 0.5337237 1.067474 0.5750172 -0.01407837 0.3888871 -0.01407766 0.3888888 1.067475 0.3579161 -0.01407766 0.4611542 1.067473 0.4301832 1.067474 0.4611529 -0.0140804 0.5024476 -0.01408201 0.5024484 1.067473 0.4611529 -0.0140804 0.4301832 1.067474 0.3888888 1.067475 0.4301815 -0.01407885 0.6785587 -0.01407361 0.67856 1.067474 0.6475873 -0.01407313 0.750826 1.067474 0.7198547 1.067474 0.7508252 -0.0140742 0.7921193 -0.01407492 0.7921201 1.067474 0.7508252 -0.0140742 0.7198547 1.067474 0.67856 1.067474 0.7198538 -0.0140742 0.2440512 -0.01410889 0.2437862 1.067441 0.2130793 -0.01411855 0.3160518 1.067463 0.2850809 1.067455 0.3163172 -0.01408612 0.3576118 -0.01407444 0.3573454 1.067475 0.3163172 -0.01408612 0.2850809 1.067455 0.2437862 1.067441 0.2853459 -0.0140962 0.5337228 -0.01407837 0.5337237 1.067474 0.5027517 -0.01407825 0.6059894 1.067474 0.5750181 1.067473 0.6059878 -0.01407891 0.6472822 -0.01407945 0.647284 1.067474 0.6059878 -0.01407891 0.5750181 1.067473 0.5337237 1.067474 0.5750172 -0.01407837 0.3888871 -0.01407766 0.3888888 1.067475 0.3579161 -0.01407766 0.4611542 1.067473 0.4301832 1.067474 0.4611529 -0.0140804 0.5024476 -0.01408201 0.5024484 1.067473 0.4611529 -0.0140804 0.4301832 1.067474 0.3888888 1.067475 0.4301815 -0.01407885 0.08973604 1.04865 0.07940447 1.047925 0.0897367 -0.02837997 0.1183587 1.04865 0.1183634 -0.02837997 0.1286905 1.047925 0.1573173 -0.02910482 0.1573173 1.047925 0.1286945 -0.02910482 0.1183587 1.04865 0.08973604 1.04865 0.1183634 -0.02837997 0.01104962 1.048259 5.7213e-5 1.047904 0.01104933 -0.02874976 0.03967183 1.048258 0.03967565 -0.0287494 0.05066567 1.047903 0.05066806 -0.02910417 0.07929241 -0.02910423 0.05066567 1.047903 0.03967183 1.048258 0.01104962 1.048259 0.03967565 -0.0287494 0.5069605 1.04865 0.4966289 1.047925 0.5069612 -0.02837997 0.5355833 1.04865 0.5355879 -0.02837997 0.545915 1.047925 0.5745418 -0.02910482 0.5745418 1.047925 0.545919 -0.02910482 0.5355833 1.04865 0.5069605 1.04865 0.5355879 -0.02837997 -0.1582242 1.048259 -0.1692166 1.047904 -0.1582245 -0.02874976 -0.129602 1.048258 -0.1295982 -0.0287494 -0.1186082 1.047903 -0.1186057 -0.02910417 -0.08998149 -0.02910423 -0.1186082 1.047903 -0.129602 1.048258 -0.1582242 1.048259 -0.1295982 -0.0287494 0.2709307 1.04865 0.2605991 1.047925 0.2709313 -0.02837997 0.2995534 1.04865 0.299558 -0.02837997 0.3098851 1.047925 0.338512 -0.02910482 0.338512 1.047925 0.3098891 -0.02910482 0.2995534 1.04865 0.2709307 1.04865 0.299558 -0.02837997 0.2804574 1.048259 0.269465 1.047904 0.2804571 -0.02874976 0.3090797 1.048258 0.3090835 -0.0287494 0.3200734 1.047903 0.3200759 -0.02910417 0.3487002 -0.02910423 0.3200734 1.047903 0.3090797 1.048258 0.2804574 1.048259 0.3090835 -0.0287494 0.4664301 1.04865 0.4560986 1.047925 0.4664308 -0.02837997 0.4950528 1.04865 0.4950575 -0.02837997 0.5053846 1.047925 0.5340114 -0.02910482 0.5340114 1.047925 0.5053886 -0.02910482 0.4950528 1.04865 0.4664301 1.04865 0.4950575 -0.02837997 0.4568837 1.048259 0.4458913 1.047904 0.4568834 -0.02874976 0.485506 1.048258 0.4855098 -0.0287494 0.4964998 1.047903 0.4965022 -0.02910417 0.5251265 -0.02910423 0.4964998 1.047903 0.485506 1.048258 0.4568837 1.048259 0.4855098 -0.0287494 0.1445713 1.04865 0.1342397 1.047925 0.1445719 -0.02837997 0.1731939 1.04865 0.1731986 -0.02837997 0.1835257 1.047925 0.2121526 -0.02910482 0.2121526 1.047925 0.1835297 -0.02910482 0.1731939 1.04865 0.1445713 1.04865 0.1731986 -0.02837997 -0.1081573 1.048259 -0.1191498 1.047904 -0.1081576 -0.02874976 -0.07953506 1.048258 -0.07953131 -0.0287494 -0.06854128 1.047903 -0.06853884 -0.02910417 -0.03991454 -0.02910423 -0.06854128 1.047903 -0.07953506 1.048258 -0.1081573 1.048259 -0.07953131 -0.0287494 0.02059596 1.04865 0.01026445 1.047925 0.02059662 -0.02837997 0.04921871 1.04865 0.0492233 -0.02837997 0.0595504 1.047925 0.08817726 -0.02910482 0.08817726 1.047925 0.05955445 -0.02910482 0.04921871 1.04865 0.02059596 1.04865 0.0492233 -0.02837997 0.580859 1.048259 0.5698666 1.047904 0.5808587 -0.02874976 0.6094813 1.048258 0.609485 -0.0287494 0.6204751 1.047903 0.6204775 -0.02910417 0.6491018 -0.02910423 0.6204751 1.047903 0.6094813 1.048258 0.580859 1.048259 0.609485 -0.0287494 0.2327844 1.04865 0.2224529 1.047925 0.2327851 -0.02837997 0.2614071 1.04865 0.2614118 -0.02837997 0.2717389 1.047925 0.3003658 -0.02910482 0.3003658 1.047925 0.2717429 -0.02910482 0.2614071 1.04865 0.2327844 1.04865 0.2614118 -0.02837997 -0.1248463 1.048259 -0.1358387 1.047904 -0.1248466 -0.02874976 -0.09622406 1.048258 -0.09622025 -0.0287494 -0.08523023 1.047903 -0.08522784 -0.02910417 -0.05660349 -0.02910423 -0.08523023 1.047903 -0.09622406 1.048258 -0.1248463 1.048259 -0.09622025 -0.0287494 0.6785587 -0.01407361 0.67856 1.067474 0.6475873 -0.01407313 0.750826 1.067474 0.7198547 1.067474 0.7508252 -0.0140742 0.7921193 -0.01407492 0.7921201 1.067474 0.7508252 -0.0140742 0.7198547 1.067474 0.67856 1.067474 0.7198538 -0.0140742 0.2440512 -0.01410889 0.2437862 1.067441 0.2130793 -0.01411855 0.3160518 1.067463 0.2850809 1.067455 0.3163172 -0.01408612 0.3576118 -0.01407444 0.3573454 1.067475 0.3163172 -0.01408612 0.2850809 1.067455 0.2437862 1.067441 0.2853459 -0.0140962 0.5337228 -0.01407837 0.5337237 1.067474 0.5027517 -0.01407825 0.6059894 1.067474 0.5750181 1.067473 0.6059878 -0.01407891 0.6472822 -0.01407945 0.647284 1.067474 0.6059878 -0.01407891 0.5750181 1.067473 0.5337237 1.067474 0.5750172 -0.01407837 0.3888871 -0.01407766 0.3888888 1.067475 0.3579161 -0.01407766 0.4611542 1.067473 0.4301832 1.067474 0.4611529 -0.0140804 0.5024476 -0.01408201 0.5024484 1.067473 0.4611529 -0.0140804 0.4301832 1.067474 0.3888888 1.067475 0.4301815 -0.01407885 0.6785587 -0.01407361 0.67856 1.067474 0.6475873 -0.01407313 0.750826 1.067474 0.7198547 1.067474 0.7508252 -0.0140742 0.7921193 -0.01407492 0.7921201 1.067474 0.7508252 -0.0140742 0.7198547 1.067474 0.67856 1.067474 0.7198538 -0.0140742 0.2440512 -0.01410889 0.2437862 1.067441 0.2130793 -0.01411855 0.3160518 1.067463 0.2850809 1.067455 0.3163172 -0.01408612 0.3576118 -0.01407444 0.3573454 1.067475 0.3163172 -0.01408612 0.2850809 1.067455 0.2437862 1.067441 0.2853459 -0.0140962 0.5337228 -0.01407837 0.5337237 1.067474 0.5027517 -0.01407825 0.6059894 1.067474 0.5750181 1.067473 0.6059878 -0.01407891 0.6472822 -0.01407945 0.647284 1.067474 0.6059878 -0.01407891 0.5750181 1.067473 0.5337237 1.067474 0.5750172 -0.01407837 0.3888871 -0.01407766 0.3888888 1.067475 0.3579161 -0.01407766 0.4611542 1.067473 0.4301832 1.067474 0.4611529 -0.0140804 0.5024476 -0.01408201 0.5024484 1.067473 0.4611529 -0.0140804 0.4301832 1.067474 0.3888888 1.067475 0.4301815 -0.01407885 0.08973604 1.04865 0.07940447 1.047925 0.0897367 -0.02837997 0.1183587 1.04865 0.1183634 -0.02837997 0.1286905 1.047925 0.1573173 -0.02910482 0.1573173 1.047925 0.1286945 -0.02910482 0.1183587 1.04865 0.08973604 1.04865 0.1183634 -0.02837997 0.01104962 1.048259 5.7213e-5 1.047904 0.01104933 -0.02874976 0.03967183 1.048258 0.03967565 -0.0287494 0.05066567 1.047903 0.07929241 -0.02910423 0.07929241 1.047903 0.05066806 -0.02910417 0.03967183 1.048258 0.01104962 1.048259 0.03967565 -0.0287494 0.5069605 1.04865 0.4966289 1.047925 0.5069612 -0.02837997 0.5355833 1.04865 0.5355879 -0.02837997 0.545915 1.047925 0.5745418 -0.02910482 0.5745418 1.047925 0.545919 -0.02910482 0.5355833 1.04865 0.5069605 1.04865 0.5355879 -0.02837997 -0.1582242 1.048259 -0.1692166 1.047904 -0.1582245 -0.02874976 -0.129602 1.048258 -0.1295982 -0.0287494 -0.1186082 1.047903 -0.08998149 -0.02910423 -0.08998149 1.047903 -0.1186057 -0.02910417 -0.129602 1.048258 -0.1582242 1.048259 -0.1295982 -0.0287494 0.2709307 1.04865 0.2605991 1.047925 0.2709313 -0.02837997 0.2995534 1.04865 0.299558 -0.02837997 0.3098851 1.047925 0.338512 -0.02910482 0.338512 1.047925 0.3098891 -0.02910482 0.2995534 1.04865 0.2709307 1.04865 0.299558 -0.02837997 0.2804574 1.048259 0.269465 1.047904 0.2804571 -0.02874976 0.3090797 1.048258 0.3090835 -0.0287494 0.3200734 1.047903 0.3487002 -0.02910423 0.3487002 1.047903 0.3200759 -0.02910417 0.3090797 1.048258 0.2804574 1.048259 0.3090835 -0.0287494 0.4664301 1.04865 0.4560986 1.047925 0.4664308 -0.02837997 0.4950528 1.04865 0.4950575 -0.02837997 0.5053846 1.047925 0.5340114 -0.02910482 0.5340114 1.047925 0.5053886 -0.02910482 0.4950528 1.04865 0.4664301 1.04865 0.4950575 -0.02837997 0.4568837 1.048259 0.4458913 1.047904 0.4568834 -0.02874976 0.485506 1.048258 0.4855098 -0.0287494 0.4964998 1.047903 0.5251265 -0.02910423 0.5251265 1.047903 0.4965022 -0.02910417 0.485506 1.048258 0.4568837 1.048259 0.4855098 -0.0287494 0.1445713 1.04865 0.1342397 1.047925 0.1445719 -0.02837997 0.1731939 1.04865 0.1731986 -0.02837997 0.1835257 1.047925 0.2121526 -0.02910482 0.2121526 1.047925 0.1835297 -0.02910482 0.1731939 1.04865 0.1445713 1.04865 0.1731986 -0.02837997 -0.1081573 1.048259 -0.1191498 1.047904 -0.1081576 -0.02874976 -0.07953506 1.048258 -0.07953131 -0.0287494 -0.06854128 1.047903 -0.03991454 -0.02910423 -0.03991454 1.047903 -0.06853884 -0.02910417 -0.07953506 1.048258 -0.1081573 1.048259 -0.07953131 -0.0287494 0.02059596 1.04865 0.01026445 1.047925 0.02059662 -0.02837997 0.04921871 1.04865 0.0492233 -0.02837997 0.0595504 1.047925 0.08817726 -0.02910482 0.08817726 1.047925 0.05955445 -0.02910482 0.04921871 1.04865 0.02059596 1.04865 0.0492233 -0.02837997 0.580859 1.048259 0.5698666 1.047904 0.5808587 -0.02874976 0.6094813 1.048258 0.609485 -0.0287494 0.6204751 1.047903 0.6491018 -0.02910423 0.6491018 1.047903 0.6204775 -0.02910417 0.6094813 1.048258 0.580859 1.048259 0.609485 -0.0287494 0.2327844 1.04865 0.2224529 1.047925 0.2327851 -0.02837997 0.2614071 1.04865 0.2614118 -0.02837997 0.2717389 1.047925 0.3003658 -0.02910482 0.3003658 1.047925 0.2717429 -0.02910482 0.2614071 1.04865 0.2327844 1.04865 0.2614118 -0.02837997 -0.1248463 1.048259 -0.1358387 1.047904 -0.1248466 -0.02874976 -0.09622406 1.048258 -0.09622025 -0.0287494 -0.08523023 1.047903 -0.05660349 -0.02910423 -0.05660349 1.047903 -0.08522784 -0.02910417 -0.09622406 1.048258 -0.1248463 1.048259 -0.09622025 -0.0287494 -0.9798333 0.5953871 1.973572 0.5951997 -0.9798223 1.011741 -0.9798218 1.01936 -0.9798223 1.011741 1.973584 1.019358 -0.9798333 0.5953871 -0.9798223 1.011741 -0.9848415 0.5953876 1.973572 0.587581 1.973572 0.5951997 -0.979834 0.5875851 1.978592 1.011556 1.973584 1.011556 1.97858 0.5951995</float_array>
          <technique_common>
            <accessor source="#Cube_026-mesh-map-0-array" count="9552" stride="2">
              <param name="S" type="float"/>
              <param name="T" type="float"/>
            </accessor>
          </technique_common>
        </source>
        <vertices id="Cube_026-mesh-vertices">
          <input semantic="POSITION" source="#Cube_026-mesh-positions"/>
        </vertices>
        <polylist material="ind_concreteleak-material" count="76">
          <input semantic="VERTEX" source="#Cube_026-mesh-vertices" offset="0"/>
          <input semantic="NORMAL" source="#Cube_026-mesh-normals" offset="1"/>
          <input semantic="TEXCOORD" source="#Cube_026-mesh-map-0" offset="2" set="0"/>
          <vcount>3 3 3 3 3 3 3 3 3 3 3 3 3 3 3 3 3 3 3 3 3 3 3 3 3 3 3 3 3 3 3 3 3 3 3 3 3 3 3 3 3 3 3 3 3 3 3 3 3 3 3 3 3 3 3 3 3 3 3 3 3 3 3 3 3 3 3 3 3 3 3 3 3 3 3 3 </vcount>
          <p>137 137 243 145 137 244 144 137 245 130 138 246 134 138 247 132 138 248 133 139 249 137 139 250 136 139 251 134 140 252 138 140 253 137 140 254 139 141 255 138 141 256 134 141 257 130 142 258 125 142 259 139 142 260 131 143 261 124 143 262 125 143 263 128 144 264 127 144 265 124 144 266 126 145 267 127 145 268 128 145 269 132 146 270 136 146 271 126 146 272 138 147 273 146 147 274 145 147 275 139 148 276 147 148 277 146 148 278 125 149 279 141 149 280 147 149 281 136 150 282 144 150 283 142 150 284 126 151 285 142 151 286 143 151 287 127 152 288 143 152 289 140 152 290 124 153 291 140 153 292 141 153 293 305 274 534 304 274 535 312 274 536 299 275 537 302 275 538 303 275 539 301 276 540 300 276 541 304 276 542 302 277 543 301 277 544 305 277 545 302 278 546 306 278 547 307 278 548 298 279 549 303 279 550 307 279 551 299 280 552 298 280 553 293 280 554 296 281 555 299 281 556 292 281 557 296 282 558 295 282 559 294 282 560 300 283 561 297 283 562 294 283 563 306 284 564 305 284 565 313 284 566 307 285 567 306 285 568 314 285 569 293 286 570 307 286 571 315 286 572 304 287 573 294 287 574 310 287 575 294 288 576 295 288 577 311 288 578 295 289 579 292 289 580 308 289 581 292 290 582 293 290 583 309 290 584 136 1717 5007 137 1717 5008 144 1717 5009 132 1718 5010 129 1718 5011 128 1718 5012 128 1719 5013 131 1719 5014 130 1719 5015 130 1720 5016 135 1720 5017 134 1720 5018 134 1721 5019 133 1721 5020 132 1721 5021 132 1722 5022 128 1722 5023 130 1722 5024 132 1723 5025 133 1723 5026 136 1723 5027 133 1724 5028 134 1724 5029 137 1724 5030 135 1725 5031 139 1725 5032 134 1725 5033 135 1726 5034 130 1726 5035 139 1726 5036 130 1727 5037 131 1727 5038 125 1727 5039 131 1728 5040 128 1728 5041 124 1728 5042 129 1729 5043 126 1729 5044 128 1729 5045 129 1730 5046 132 1730 5047 126 1730 5048 137 1731 5049 138 1731 5050 145 1731 5051 138 1732 5052 139 1732 5053 146 1732 5054 139 1733 5055 125 1733 5056 147 1733 5057 126 1734 5058 136 1734 5059 142 1734 5060 127 1735 5061 126 1735 5062 143 1735 5063 124 1736 5064 127 1736 5065 140 1736 5066 125 1737 5067 124 1737 5068 141 1737 5069 313 1746 5238 305 1746 5239 312 1746 5240 300 1747 5241 301 1747 5242 297 1747 5243 302 1748 5244 296 1748 5245 301 1748 5246 298 1749 5247 299 1749 5248 303 1749 5249 296 1750 5250 302 1750 5251 299 1750 5252 301 1751 5253 296 1751 5254 297 1751 5255 305 1752 5256 301 1752 5257 304 1752 5258 306 1753 5259 302 1753 5260 305 1753 5261 303 1754 5262 302 1754 5263 307 1754 5264 293 1755 5265 298 1755 5266 307 1755 5267 292 1756 5268 299 1756 5269 293 1756 5270 295 1757 5271 296 1757 5272 292 1757 5273 297 1758 5274 296 1758 5275 294 1758 5276 304 1759 5277 300 1759 5278 294 1759 5279 314 1760 5280 306 1760 5281 313 1760 5282 315 1761 5283 307 1761 5284 314 1761 5285 309 1762 5286 293 1762 5287 315 1762 5288 312 1763 5289 304 1763 5290 310 1763 5291 310 1764 5292 294 1764 5293 311 1764 5294 311 1765 5295 295 1765 5296 308 1765 5297 308 1766 5298 292 1766 5299 309 1766 5300</p>
        </polylist>
        <polylist material="ind_metalplates-material" count="3106">
          <input semantic="VERTEX" source="#Cube_026-mesh-vertices" offset="0"/>
          <input semantic="NORMAL" source="#Cube_026-mesh-normals" offset="1"/>
          <input semantic="TEXCOORD" source="#Cube_026-mesh-map-0" offset="2" set="0"/>
          <vcount>3 3 3 3 3 3 3 3 3 3 3 3 3 3 3 3 3 3 3 3 3 3 3 3 3 3 3 3 3 3 3 3 3 3 3 3 3 3 3 3 3 3 3 3 3 3 3 3 3 3 3 3 3 3 3 3 3 3 3 3 3 3 3 3 3 3 3 3 3 3 3 3 3 3 3 3 3 3 3 3 3 3 3 3 3 3 3 3 3 3 3 3 3 3 3 3 3 3 3 3 3 3 3 3 3 3 3 3 3 3 3 3 3 3 3 3 3 3 3 3 3 3 3 3 3 3 3 3 3 3 3 3 3 3 3 3 3 3 3 3 3 3 3 3 3 3 3 3 3 3 3 3 3 3 3 3 3 3 3 3 3 3 3 3 3 3 3 3 3 3 3 3 3 3 3 3 3 3 3 3 3 3 3 3 3 3 3 3 3 3 3 3 3 3 3 3 3 3 3 3 3 3 3 3 3 3 3 3 3 3 3 3 3 3 3 3 3 3 3 3 3 3 3 3 3 3 3 3 3 3 3 3 3 3 3 3 3 3 3 3 3 3 3 3 3 3 3 3 3 3 3 3 3 3 3 3 3 3 3 3 3 3 3 3 3 3 3 3 3 3 3 3 3 3 3 3 3 3 3 3 3 3 3 3 3 3 3 3 3 3 3 3 3 3 3 3 3 3 3 3 3 3 3 3 3 3 3 3 3 3 3 3 3 3 3 3 3 3 3 3 3 3 3 3 3 3 3 3 3 3 3 3 3 3 3 3 3 3 3 3 3 3 3 3 3 3 3 3 3 3 3 3 3 3 3 3 3 3 3 3 3 3 3 3 3 3 3 3 3 3 3 3 3 3 3 3 3 3 3 3 3 3 3 3 3 3 3 3 3 3 3 3 3 3 3 3 3 3 3 3 3 3 3 3 3 3 3 3 3 3 3 3 3 3 3 3 3 3 3 3 3 3 3 3 3 3 3 3 3 3 3 3 3 3 3 3 3 3 3 3 3 3 3 3 3 3 3 3 3 3 3 3 3 3 3 3 3 3 3 3 3 3 3 3 3 3 3 3 3 3 3 3 3 3 3 3 3 3 3 3 3 3 3 3 3 3 3 3 3 3 3 3 3 3 3 3 3 3 3 3 3 3 3 3 3 3 3 3 3 3 3 3 3 3 3 3 3 3 3 3 3 3 3 3 3 3 3 3 3 3 3 3 3 3 3 3 3 3 3 3 3 3 3 3 3 3 3 3 3 3 3 3 3 3 3 3 3 3 3 3 3 3 3 3 3 3 3 3 3 3 3 3 3 3 3 3 3 3 3 3 3 3 3 3 3 3 3 3 3 3 3 3 3 3 3 3 3 3 3 3 3 3 3 3 3 3 3 3 3 3 3 3 3 3 3 3 3 3 3 3 3 3 3 3 3 3 3 3 3 3 3 3 3 3 3 3 3 3 3 3 3 3 3 3 3 3 3 3 3 3 3 3 3 3 3 3 3 3 3 3 3 3 3 3 3 3 3 3 3 3 3 3 3 3 3 3 3 3 3 3 3 3 3 3 3 3 3 3 3 3 3 3 3 3 3 3 3 3 3 3 3 3 3 3 3 3 3 3 3 3 3 3 3 3 3 3 3 3 3 3 3 3 3 3 3 3 3 3 3 3 3 3 3 3 3 3 3 3 3 3 3 3 3 3 3 3 3 3 3 3 3 3 3 3 3 3 3 3 3 3 3 3 3 3 3 3 3 3 3 3 3 3 3 3 3 3 3 3 3 3 3 3 3 3 3 3 3 3 3 3 3 3 3 3 3 3 3 3 3 3 3 3 3 3 3 3 3 3 3 3 3 3 3 3 3 3 3 3 3 3 3 3 3 3 3 3 3 3 3 3 3 3 3 3 3 3 3 3 3 3 3 3 3 3 3 3 3 3 3 3 3 3 3 3 3 3 3 3 3 3 3 3 3 3 3 3 3 3 3 3 3 3 3 3 3 3 3 3 3 3 3 3 3 3 3 3 3 3 3 3 3 3 3 3 3 3 3 3 3 3 3 3 3 3 3 3 3 3 3 3 3 3 3 3 3 3 3 3 3 3 3 3 3 3 3 3 3 3 3 3 3 3 3 3 3 3 3 3 3 3 3 3 3 3 3 3 3 3 3 3 3 3 3 3 3 3 3 3 3 3 3 3 3 3 3 3 3 3 3 3 3 3 3 3 3 3 3 3 3 3 3 3 3 3 3 3 3 3 3 3 3 3 3 3 3 3 3 3 3 3 3 3 3 3 3 3 3 3 3 3 3 3 3 3 3 3 3 3 3 3 3 3 3 3 3 3 3 3 3 3 3 3 3 3 3 3 3 3 3 3 3 3 3 3 3 3 3 3 3 3 3 3 3 3 3 3 3 3 3 3 3 3 3 3 3 3 3 3 3 3 3 3 3 3 3 3 3 3 3 3 3 3 3 3 3 3 3 3 3 3 3 3 3 3 3 3 3 3 3 3 3 3 3 3 3 3 3 3 3 3 3 3 3 3 3 3 3 3 3 3 3 3 3 3 3 3 3 3 3 3 3 3 3 3 3 3 3 3 3 3 3 3 3 3 3 3 3 3 3 3 3 3 3 3 3 3 3 3 3 3 3 3 3 3 3 3 3 3 3 3 3 3 3 3 3 3 3 3 3 3 3 3 3 3 3 3 3 3 3 3 3 3 3 3 3 3 3 3 3 3 3 3 3 3 3 3 3 3 3 3 3 3 3 3 3 3 3 3 3 3 3 3 3 3 3 3 3 3 3 3 3 3 3 3 3 3 3 3 3 3 3 3 3 3 3 3 3 3 3 3 3 3 3 3 3 3 3 3 3 3 3 3 3 3 3 3 3 3 3 3 3 3 3 3 3 3 3 3 3 3 3 3 3 3 3 3 3 3 3 3 3 3 3 3 3 3 3 3 3 3 3 3 3 3 3 3 3 3 3 3 3 3 3 3 3 3 3 3 3 3 3 3 3 3 3 3 3 3 3 3 3 3 3 3 3 3 3 3 3 3 3 3 3 3 3 3 3 3 3 3 3 3 3 3 3 3 3 3 3 3 3 3 3 3 3 3 3 3 3 3 3 3 3 3 3 3 3 3 3 3 3 3 3 3 3 3 3 3 3 3 3 3 3 3 3 3 3 3 3 3 3 3 3 3 3 3 3 3 3 3 3 3 3 3 3 3 3 3 3 3 3 3 3 3 3 3 3 3 3 3 3 3 3 3 3 3 3 3 3 3 3 3 3 3 3 3 3 3 3 3 3 3 3 3 3 3 3 3 3 3 3 3 3 3 3 3 3 3 3 3 3 3 3 3 3 3 3 3 3 3 3 3 3 3 3 3 3 3 3 3 3 3 3 3 3 3 3 3 3 3 3 3 3 3 3 3 3 3 3 3 3 3 3 3 3 3 3 3 3 3 3 3 3 3 3 3 3 3 3 3 3 3 3 3 3 3 3 3 3 3 3 3 3 3 3 3 3 3 3 3 3 3 3 3 3 3 3 3 3 3 3 3 3 3 3 3 3 3 3 3 3 3 3 3 3 3 3 3 3 3 3 3 3 3 3 3 3 3 3 3 3 3 3 3 3 3 3 3 3 3 3 3 3 3 3 3 3 3 3 3 3 3 3 3 3 3 3 3 3 3 3 3 3 3 3 3 3 3 3 3 3 3 3 3 3 3 3 3 3 3 3 3 3 3 3 3 3 3 3 3 3 3 3 3 3 3 3 3 3 3 3 3 3 3 3 3 3 3 3 3 3 3 3 3 3 3 3 3 3 3 3 3 3 3 3 3 3 3 3 3 3 3 3 3 3 3 3 3 3 3 3 3 3 3 3 3 3 3 3 3 3 3 3 3 3 3 3 3 3 3 3 3 3 3 3 3 3 3 3 3 3 3 3 3 3 3 3 3 3 3 3 3 3 3 3 3 3 3 3 3 3 3 3 3 3 3 3 3 3 3 3 3 3 3 3 3 3 3 3 3 3 3 3 3 3 3 3 3 3 3 3 3 3 3 3 3 3 3 3 3 3 3 3 3 3 3 3 3 3 3 3 3 3 3 3 3 3 3 3 3 3 3 3 3 3 3 3 3 3 3 3 3 3 3 3 3 3 3 3 3 3 3 3 3 3 3 3 3 3 3 3 3 3 3 3 3 3 3 3 3 3 3 3 3 3 3 3 3 3 3 3 3 3 3 3 3 3 3 3 3 3 3 3 3 3 3 3 3 3 3 3 3 3 3 3 3 3 3 3 3 3 3 3 3 3 3 3 3 3 3 3 3 3 3 3 3 3 3 3 3 3 3 3 3 3 3 3 3 3 3 3 3 3 3 3 3 3 3 3 3 3 3 3 3 3 3 3 3 3 3 3 3 3 3 3 3 3 3 3 3 3 3 3 3 3 3 3 3 3 3 3 3 3 3 3 3 3 3 3 3 3 3 3 3 3 3 3 3 3 3 3 3 3 3 3 3 3 3 3 3 3 3 3 3 3 3 3 3 3 3 3 3 3 3 3 3 3 3 3 3 3 3 3 3 3 3 3 3 3 3 3 3 3 3 3 3 3 3 3 3 3 3 3 3 3 3 3 3 3 3 3 3 3 3 3 3 3 3 3 3 3 3 3 3 3 3 3 3 3 3 3 3 3 3 3 3 3 3 3 3 3 3 3 3 3 3 3 3 3 3 3 3 3 3 3 3 3 3 3 3 3 3 3 3 3 3 3 3 3 3 3 3 3 3 3 3 3 3 3 3 3 3 3 3 3 3 3 3 3 3 3 3 3 3 3 3 3 3 3 3 3 3 3 3 3 3 3 3 3 3 3 3 3 3 3 3 3 3 3 3 3 3 3 3 3 3 3 3 3 3 3 3 3 3 3 3 3 3 3 3 3 3 3 3 3 3 3 3 3 3 3 3 3 3 3 3 3 3 3 3 3 3 3 3 3 3 3 3 3 3 3 3 3 3 3 3 3 3 3 3 3 3 3 3 3 3 3 3 3 3 3 3 3 3 3 3 3 3 3 3 3 3 3 3 3 3 3 3 3 3 3 3 3 3 3 3 3 3 3 3 3 3 3 3 3 3 3 3 3 3 3 3 3 3 3 3 3 3 3 3 3 3 3 3 3 3 3 3 3 3 3 3 3 3 3 3 3 3 3 3 3 3 3 3 3 3 3 3 3 3 3 3 3 3 3 3 3 3 3 3 3 3 3 3 3 3 3 3 3 3 3 3 3 3 3 3 3 3 3 3 3 3 3 3 3 3 3 3 3 3 3 3 3 3 3 3 3 3 3 3 3 3 3 3 3 3 3 3 3 3 3 3 3 3 3 3 3 3 3 3 3 3 3 3 3 3 3 3 3 3 3 3 3 3 3 3 3 3 3 3 3 3 3 3 3 3 3 3 3 3 3 3 3 3 3 3 3 3 3 3 3 3 3 3 3 3 3 3 3 3 3 3 3 3 3 3 3 3 3 3 3 3 3 3 3 3 3 3 3 3 3 3 3 3 3 3 3 3 3 3 3 3 3 3 3 3 3 3 3 3 3 3 3 3 3 3 3 3 3 3 3 3 3 3 3 3 3 3 3 3 3 3 3 3 3 3 3 3 3 3 3 3 3 3 3 3 3 3 3 3 3 3 3 3 3 3 3 3 3 3 3 3 3 3 3 3 3 3 3 3 3 3 3 3 3 3 3 3 3 3 3 3 3 3 3 3 3 3 3 3 3 3 3 3 3 3 3 3 3 3 3 3 3 3 3 3 3 3 3 3 3 3 3 3 3 3 3 3 3 3 3 3 3 3 3 3 3 3 3 3 3 3 3 3 3 3 3 3 3 3 3 3 3 3 3 3 3 3 3 3 3 3 3 3 3 3 3 3 3 3 3 3 3 3 3 3 3 3 3 3 3 3 3 3 3 3 3 3 3 3 3 3 3 3 3 3 3 3 3 3 3 3 3 3 3 3 3 3 3 3 3 3 3 3 3 3 3 3 3 3 3 3 3 3 3 3 3 3 3 3 3 3 3 3 3 3 3 3 3 3 3 3 3 3 3 3 3 3 3 3 3 3 3 3 3 3 3 3 3 3 3 3 3 3 3 3 3 3 3 3 3 3 3 3 3 3 3 3 3 3 3 3 3 3 3 3 3 3 3 3 3 3 3 3 3 3 3 3 3 3 3 3 3 3 3 3 3 3 3 3 3 3 3 3 3 3 3 3 3 3 3 3 3 3 3 3 3 3 3 3 3 3 3 3 3 3 3 3 3 3 3 3 3 3 3 3 3 3 3 3 3 3 3 3 3 3 3 3 3 3 3 3 3 3 3 3 3 3 3 3 3 3 3 3 3 3 3 3 3 3 3 3 3 3 3 3 3 3 3 3 3 3 3 3 3 3 3 3 3 3 3 3 3 3 3 3 3 3 3 3 3 3 3 3 3 3 3 3 3 3 3 3 3 3 3 3 3 3 3 3 3 3 3 3 3 3 3 3 3 3 3 3 3 3 3 3 3 3 3 3 3 3 3 3 3 3 3 3 3 3 3 3 3 3 3 3 3 3 3 3 3 3 3 3 3 3 3 3 3 3 3 3 3 3 3 3 3 3 3 3 3 3 3 3 3 3 3 3 3 3 3 3 3 3 3 3 3 3 3 3 3 3 3 3 3 3 3 3 3 3 3 3 3 3 3 3 3 3 3 3 3 3 3 3 3 3 3 3 3 3 3 3 3 3 3 3 3 3 3 3 3 3 3 3 3 3 3 3 3 3 3 3 3 3 3 3 3 3 3 3 3 3 3 3 3 3 3 3 3 3 3 3 3 3 3 3 3 3 3 3 3 3 3 3 3 3 3 3 3 3 3 3 3 3 3 3 3 3 3 3 3 3 3 3 3 3 3 3 3 3 3 3 3 3 3 3 3 3 3 3 3 3 3 3 3 3 3 3 3 3 3 3 3 3 3 3 3 3 3 3 3 3 3 3 3 3 3 3 3 3 3 3 3 3 3 3 </vcount>
          <p>4 1 3 5 1 4 150 1 5 6 2 6 152 2 7 154 2 8 150 3 9 5 3 10 7 3 11 4 4 12 148 4 13 152 4 14 10 5 15 11 6 16 19 7 17 13 8 18 14 9 19 22 10 20 9 11 21 10 5 22 18 12 23 12 13 24 13 8 25 21 14 26 15 15 27 8 16 28 16 17 29 8 16 30 9 11 31 17 18 32 11 6 33 12 13 34 20 19 35 14 9 36 15 15 37 23 20 38 25 21 39 31 22 40 24 23 41 28 24 42 29 25 43 30 26 44 27 27 45 28 24 46 30 26 47 26 28 48 27 27 49 25 21 50 30 26 51 31 22 52 27 27 53 25 21 54 27 27 55 31 22 56 34 29 57 35 30 58 43 31 59 37 32 60 38 33 61 46 34 62 33 35 63 34 29 64 42 36 65 36 37 66 37 32 67 45 38 68 39 39 69 32 40 70 40 41 71 32 40 72 33 35 73 41 42 74 35 30 75 36 37 76 44 43 77 38 33 78 39 39 79 47 44 80 49 45 81 55 46 82 48 47 83 52 48 84 53 49 85 54 50 86 51 51 87 52 48 88 54 50 89 50 52 90 51 51 91 49 45 92 54 50 93 55 46 94 51 51 95 49 45 96 51 51 97 55 46 98 58 53 99 59 54 100 67 55 101 61 56 102 62 57 103 70 58 104 57 59 105 58 53 106 66 60 107 60 61 108 61 56 109 69 62 110 63 63 111 56 64 112 64 65 113 56 64 114 57 59 115 65 66 116 59 54 117 60 61 118 68 67 119 62 57 120 63 63 121 71 68 122 73 69 123 79 70 124 72 71 125 76 72 126 77 73 127 78 74 128 75 75 129 76 72 130 78 74 131 74 76 132 75 75 133 73 69 134 78 74 135 79 70 136 75 75 137 73 69 138 75 75 139 79 70 140 82 77 141 83 78 142 91 79 143 85 80 144 86 81 145 94 82 146 81 83 147 82 77 148 90 84 149 84 85 150 85 80 151 93 86 152 87 87 153 80 88 154 88 89 155 80 88 156 81 83 157 89 90 158 83 78 159 84 85 160 92 91 161 86 81 162 87 87 163 95 92 164 97 93 165 103 94 166 96 95 167 100 96 168 101 97 169 102 98 170 99 99 171 100 96 172 102 98 173 98 100 174 99 99 175 97 93 176 102 98 177 103 94 178 99 99 179 97 93 180 99 99 181 103 94 182 106 101 183 107 102 184 263 103 185 109 104 186 110 105 187 266 106 188 105 107 189 106 101 190 262 108 191 108 109 192 109 104 193 265 110 194 111 111 195 104 112 196 260 113 197 104 112 198 105 107 199 261 114 200 107 102 201 108 109 202 264 115 203 110 105 204 111 111 205 267 116 206 114 117 207 115 118 208 279 119 209 117 120 210 118 121 211 282 122 212 113 123 213 114 117 214 278 124 215 116 125 216 117 120 217 281 126 218 119 127 219 112 128 220 276 129 221 112 128 222 113 123 223 277 130 224 115 118 225 116 125 226 280 131 227 118 121 228 119 127 229 283 132 230 120 133 231 121 133 232 286 133 233 122 134 234 288 134 235 290 134 236 286 135 237 121 135 238 123 135 239 120 136 240 284 136 241 288 136 242 149 154 294 148 154 295 150 154 296 153 155 297 155 155 298 154 155 299 150 156 300 154 156 301 155 156 302 149 157 303 153 157 304 152 157 305 158 158 306 166 159 307 167 160 308 161 161 309 169 162 310 170 163 311 157 164 312 165 165 313 166 159 314 160 166 315 168 167 316 169 162 317 163 168 318 171 169 319 164 170 320 156 171 321 164 170 322 165 165 323 159 172 324 167 160 325 168 167 326 162 173 327 170 163 328 171 169 329 173 174 330 172 175 331 179 176 332 176 177 333 178 178 334 177 179 335 175 180 336 178 178 337 176 177 338 174 181 339 173 174 340 175 180 341 178 178 342 175 180 343 179 176 344 173 174 345 179 176 346 175 180 347 182 182 348 190 183 349 191 184 350 185 185 351 193 186 352 194 187 353 181 188 354 189 189 355 190 183 356 184 190 357 192 191 358 193 186 359 187 192 360 195 193 361 188 194 362 180 195 363 188 194 364 189 189 365 183 196 366 191 184 367 192 191 368 186 197 369 194 187 370 195 193 371 197 198 372 196 199 373 203 200 374 200 201 375 202 202 376 201 203 377 199 204 378 202 202 379 200 201 380 198 205 381 197 198 382 199 204 383 202 202 384 199 204 385 203 200 386 197 198 387 203 200 388 199 204 389 206 206 390 214 207 391 215 208 392 209 209 393 217 210 394 218 211 395 205 212 396 213 213 397 214 207 398 208 214 399 216 215 400 217 210 401 211 216 402 219 217 403 212 218 404 204 219 405 212 218 406 213 213 407 207 220 408 215 208 409 216 215 410 210 221 411 218 211 412 219 217 413 221 222 414 220 223 415 227 224 416 224 225 417 226 226 418 225 227 419 223 228 420 226 226 421 224 225 422 222 229 423 221 222 424 223 228 425 226 226 426 223 228 427 227 224 428 221 222 429 227 224 430 223 228 431 230 230 432 238 231 433 239 232 434 233 233 435 241 234 436 242 235 437 229 236 438 237 237 439 238 231 440 232 238 441 240 239 442 241 234 443 235 240 444 243 241 445 236 242 446 228 243 447 236 242 448 237 237 449 231 244 450 239 232 451 240 239 452 234 245 453 242 235 454 243 241 455 245 246 456 244 247 457 251 248 458 248 249 459 250 250 460 249 251 461 247 252 462 250 250 463 248 249 464 246 253 465 245 246 466 247 252 467 250 250 468 247 252 469 251 248 470 245 246 471 251 248 472 247 252 473 254 254 474 262 108 475 263 103 476 257 255 477 265 110 478 266 106 479 253 256 480 261 114 481 262 108 482 256 257 483 264 115 484 265 110 485 259 258 486 267 116 487 260 113 488 252 259 489 260 113 490 261 114 491 255 260 492 263 103 493 264 115 494 258 261 495 266 106 496 267 116 497 270 262 498 278 124 499 279 119 500 273 263 501 281 126 502 282 122 503 269 264 504 277 130 505 278 124 506 272 265 507 280 131 508 281 126 509 275 266 510 283 132 511 276 129 512 268 267 513 276 129 514 277 130 515 271 268 516 279 119 517 280 131 518 274 269 519 282 122 520 283 132 521 285 270 522 284 270 523 286 270 524 289 271 525 291 271 526 290 271 527 286 272 528 290 272 529 291 272 530 285 273 531 289 273 532 288 273 533 317 291 585 319 291 586 318 291 587 321 292 588 320 292 589 322 292 590 318 293 591 319 293 592 323 293 593 317 294 594 316 294 595 320 294 596 325 295 597 327 295 598 326 295 599 329 296 600 328 296 601 330 296 602 326 297 603 327 297 604 331 297 605 325 298 606 324 298 607 328 298 608 333 299 609 335 299 610 334 299 611 337 300 612 336 300 613 338 300 614 334 301 615 335 301 616 339 301 617 333 302 618 332 302 619 336 302 620 341 303 621 343 303 622 342 303 623 345 304 624 344 304 625 346 304 626 342 305 627 343 305 628 347 305 629 341 306 630 340 306 631 344 306 632 349 307 633 351 307 634 350 307 635 353 308 636 352 308 637 354 308 638 350 309 639 351 309 640 355 309 641 349 310 642 348 310 643 352 310 644 357 311 645 359 311 646 358 311 647 361 312 648 360 312 649 362 312 650 358 313 651 359 313 652 363 313 653 357 314 654 356 314 655 360 314 656 365 315 657 367 315 658 366 315 659 369 316 660 368 316 661 370 316 662 366 317 663 367 317 664 371 317 665 365 318 666 364 318 667 368 318 668 373 319 669 375 319 670 374 319 671 377 320 672 376 320 673 378 320 674 374 321 675 375 321 676 379 321 677 373 322 678 372 322 679 376 322 680 383 323 681 382 323 682 380 323 683 384 324 684 386 324 685 387 324 686 382 325 687 383 325 688 387 325 689 381 326 690 380 326 691 384 326 692 391 327 693 390 327 694 388 327 695 392 328 696 394 328 697 395 328 698 391 329 699 395 329 700 394 329 701 389 330 702 388 330 703 392 330 704 399 331 705 398 331 706 396 331 707 400 332 708 402 332 709 403 332 710 398 333 711 399 333 712 403 333 713 397 334 714 396 334 715 400 334 716 407 335 717 406 335 718 404 335 719 408 336 720 410 336 721 411 336 722 407 337 723 411 337 724 410 337 725 405 338 726 404 338 727 408 338 728 415 339 729 414 339 730 412 339 731 416 340 732 418 340 733 419 340 734 414 341 735 415 341 736 419 341 737 413 342 738 412 342 739 416 342 740 423 343 741 422 343 742 420 343 743 424 344 744 426 344 745 427 344 746 423 345 747 427 345 748 426 345 749 421 346 750 420 346 751 424 346 752 431 347 753 430 347 754 428 347 755 432 348 756 434 348 757 435 348 758 430 349 759 431 349 760 435 349 761 429 350 762 428 350 763 432 350 764 439 351 765 438 351 766 436 351 767 440 352 768 442 352 769 443 352 770 439 353 771 443 353 772 442 353 773 437 354 774 436 354 775 440 354 776 447 355 777 446 355 778 444 355 779 448 356 780 450 356 781 451 356 782 446 357 783 447 357 784 451 357 785 445 358 786 444 358 787 448 358 788 455 359 789 454 359 790 452 359 791 456 360 792 458 360 793 459 360 794 455 361 795 459 361 796 458 361 797 453 362 798 452 362 799 456 362 800 463 363 801 462 363 802 460 363 803 464 364 804 466 364 805 467 364 806 462 365 807 463 365 808 467 365 809 461 366 810 460 366 811 464 366 812 471 367 813 470 367 814 468 367 815 472 368 816 474 368 817 475 368 818 471 369 819 475 369 820 474 369 821 469 370 822 468 370 823 472 370 824 479 371 825 478 371 826 476 371 827 480 372 828 482 372 829 483 372 830 478 373 831 479 373 832 483 373 833 477 374 834 476 374 835 480 374 836 487 375 837 486 375 838 484 375 839 488 376 840 490 376 841 491 376 842 487 377 843 491 377 844 490 377 845 485 378 846 484 378 847 488 378 848 493 379 849 495 379 850 494 379 851 497 380 852 496 380 853 498 380 854 494 381 855 495 381 856 499 381 857 492 382 858 496 382 859 497 382 860 501 383 861 503 383 862 502 383 863 505 384 864 504 384 865 506 384 866 502 385 867 503 385 868 507 385 869 500 386 870 504 386 871 505 386 872 509 387 873 511 387 874 510 387 875 513 388 876 512 388 877 514 388 878 510 389 879 511 389 880 515 389 881 508 390 882 512 390 883 513 390 884 517 391 885 519 391 886 518 391 887 521 392 888 520 392 889 522 392 890 518 393 891 519 393 892 523 393 893 516 394 894 520 394 895 521 394 896 525 395 897 527 395 898 526 395 899 529 396 900 528 396 901 530 396 902 526 397 903 527 397 904 531 397 905 524 398 906 528 398 907 529 398 908 533 399 909 535 399 910 534 399 911 537 400 912 536 400 913 538 400 914 534 401 915 535 401 916 539 401 917 532 402 918 536 402 919 537 402 920 541 403 921 543 403 922 542 403 923 545 404 924 544 404 925 546 404 926 542 405 927 543 405 928 547 405 929 540 406 930 544 406 931 545 406 932 549 407 933 551 407 934 550 407 935 553 408 936 552 408 937 554 408 938 550 409 939 551 409 940 555 409 941 548 410 942 552 410 943 553 410 944 559 411 945 558 411 946 556 411 947 560 412 948 562 412 949 563 412 950 559 413 951 563 413 952 562 413 953 557 414 954 556 414 955 560 414 956 567 415 957 566 415 958 564 415 959 568 416 960 570 416 961 571 416 962 567 417 963 571 417 964 570 417 965 565 418 966 564 418 967 568 418 968 575 419 969 574 419 970 572 419 971 576 420 972 578 420 973 579 420 974 575 421 975 579 421 976 578 421 977 573 422 978 572 422 979 576 422 980 583 423 981 582 423 982 580 423 983 584 424 984 586 424 985 587 424 986 583 425 987 587 425 988 586 425 989 581 426 990 580 426 991 584 426 992 591 427 993 590 427 994 588 427 995 592 428 996 594 428 997 595 428 998 591 429 999 595 429 1000 594 429 1001 589 430 1002 588 430 1003 592 430 1004 599 431 1005 598 431 1006 596 431 1007 600 432 1008 602 432 1009 603 432 1010 599 433 1011 603 433 1012 602 433 1013 597 434 1014 596 434 1015 600 434 1016 607 435 1017 606 435 1018 604 435 1019 608 436 1020 610 436 1021 611 436 1022 607 437 1023 611 437 1024 610 437 1025 605 438 1026 604 438 1027 608 438 1028 615 439 1029 614 439 1030 612 439 1031 616 440 1032 618 440 1033 619 440 1034 615 441 1035 619 441 1036 618 441 1037 613 442 1038 612 442 1039 616 442 1040 623 443 1041 622 443 1042 620 443 1043 624 444 1044 626 444 1045 627 444 1046 623 445 1047 627 445 1048 626 445 1049 621 446 1050 620 446 1051 624 446 1052 631 447 1053 630 447 1054 628 447 1055 632 448 1056 634 448 1057 635 448 1058 631 449 1059 635 449 1060 634 449 1061 629 450 1062 628 450 1063 632 450 1064 639 451 1065 638 451 1066 636 451 1067 640 452 1068 642 452 1069 643 452 1070 639 453 1071 643 453 1072 642 453 1073 637 454 1074 636 454 1075 640 454 1076 647 455 1077 646 455 1078 644 455 1079 648 456 1080 650 456 1081 651 456 1082 647 457 1083 651 457 1084 650 457 1085 645 458 1086 644 458 1087 648 458 1088 655 459 1089 654 459 1090 652 459 1091 656 460 1092 658 460 1093 659 460 1094 655 461 1095 659 461 1096 658 461 1097 653 462 1098 652 462 1099 656 462 1100 663 463 1101 662 463 1102 660 463 1103 664 464 1104 666 464 1105 667 464 1106 663 465 1107 667 465 1108 666 465 1109 661 466 1110 660 466 1111 664 466 1112 669 467 1113 671 467 1114 670 467 1115 673 468 1116 672 468 1117 674 468 1118 671 469 1119 675 469 1120 674 469 1121 669 470 1122 668 470 1123 672 470 1124 677 471 1125 679 471 1126 678 471 1127 681 472 1128 680 472 1129 682 472 1130 679 473 1131 683 473 1132 682 473 1133 677 474 1134 676 474 1135 680 474 1136 685 475 1137 687 475 1138 686 475 1139 689 476 1140 688 476 1141 690 476 1142 687 477 1143 691 477 1144 690 477 1145 685 478 1146 684 478 1147 688 478 1148 693 479 1149 695 479 1150 694 479 1151 697 480 1152 696 480 1153 698 480 1154 695 481 1155 699 481 1156 698 481 1157 693 482 1158 692 482 1159 696 482 1160 701 483 1161 703 483 1162 702 483 1163 705 484 1164 704 484 1165 706 484 1166 703 485 1167 707 485 1168 706 485 1169 701 486 1170 700 486 1171 704 486 1172 709 487 1173 711 487 1174 710 487 1175 713 488 1176 712 488 1177 714 488 1178 711 489 1179 715 489 1180 714 489 1181 709 490 1182 708 490 1183 712 490 1184 717 491 1185 719 491 1186 718 491 1187 721 492 1188 720 492 1189 722 492 1190 719 493 1191 723 493 1192 722 493 1193 717 494 1194 716 494 1195 720 494 1196 725 495 1197 727 495 1198 726 495 1199 729 496 1200 728 496 1201 730 496 1202 727 497 1203 731 497 1204 730 497 1205 725 498 1206 724 498 1207 728 498 1208 735 499 1209 734 499 1210 732 499 1211 736 500 1212 738 500 1213 739 500 1214 735 501 1215 739 501 1216 738 501 1217 733 502 1218 732 502 1219 736 502 1220 743 503 1221 742 503 1222 740 503 1223 744 504 1224 746 504 1225 747 504 1226 742 505 1227 743 505 1228 747 505 1229 741 506 1230 740 506 1231 744 506 1232 751 507 1233 750 507 1234 748 507 1235 752 508 1236 754 508 1237 755 508 1238 751 509 1239 755 509 1240 754 509 1241 749 510 1242 748 510 1243 752 510 1244 759 511 1245 758 511 1246 756 511 1247 760 512 1248 762 512 1249 763 512 1250 758 513 1251 759 513 1252 763 513 1253 757 514 1254 756 514 1255 760 514 1256 767 515 1257 766 515 1258 764 515 1259 768 516 1260 770 516 1261 771 516 1262 767 517 1263 771 517 1264 770 517 1265 765 518 1266 764 518 1267 768 518 1268 775 519 1269 774 519 1270 772 519 1271 776 520 1272 778 520 1273 779 520 1274 774 521 1275 775 521 1276 779 521 1277 773 522 1278 772 522 1279 776 522 1280 783 523 1281 782 523 1282 780 523 1283 784 524 1284 786 524 1285 787 524 1286 783 525 1287 787 525 1288 786 525 1289 781 526 1290 780 526 1291 784 526 1292 791 527 1293 790 527 1294 788 527 1295 792 528 1296 794 528 1297 795 528 1298 790 529 1299 791 529 1300 795 529 1301 789 530 1302 788 530 1303 792 530 1304 799 531 1305 798 531 1306 796 531 1307 800 532 1308 802 532 1309 803 532 1310 799 533 1311 803 533 1312 802 533 1313 797 534 1314 796 534 1315 800 534 1316 807 535 1317 806 535 1318 804 535 1319 808 536 1320 810 536 1321 811 536 1322 806 537 1323 807 537 1324 811 537 1325 805 538 1326 804 538 1327 808 538 1328 815 539 1329 814 539 1330 812 539 1331 816 540 1332 818 540 1333 819 540 1334 815 541 1335 819 541 1336 818 541 1337 813 542 1338 812 542 1339 816 542 1340 823 543 1341 822 543 1342 820 543 1343 824 544 1344 826 544 1345 827 544 1346 822 545 1347 823 545 1348 827 545 1349 821 546 1350 820 546 1351 824 546 1352 831 547 1353 830 547 1354 828 547 1355 832 548 1356 834 548 1357 835 548 1358 831 549 1359 835 549 1360 834 549 1361 829 550 1362 828 550 1363 832 550 1364 839 551 1365 838 551 1366 836 551 1367 840 552 1368 842 552 1369 843 552 1370 838 553 1371 839 553 1372 843 553 1373 837 554 1374 836 554 1375 840 554 1376 845 555 1377 847 555 1378 846 555 1379 849 556 1380 848 556 1381 850 556 1382 847 557 1383 851 557 1384 850 557 1385 845 558 1386 844 558 1387 848 558 1388 853 559 1389 855 559 1390 854 559 1391 857 560 1392 856 560 1393 858 560 1394 855 561 1395 859 561 1396 858 561 1397 853 562 1398 852 562 1399 856 562 1400 861 563 1401 863 563 1402 862 563 1403 865 564 1404 864 564 1405 866 564 1406 863 565 1407 867 565 1408 866 565 1409 861 566 1410 860 566 1411 864 566 1412 869 567 1413 871 567 1414 870 567 1415 873 568 1416 872 568 1417 874 568 1418 871 569 1419 875 569 1420 874 569 1421 869 570 1422 868 570 1423 872 570 1424 877 571 1425 879 571 1426 878 571 1427 881 572 1428 880 572 1429 882 572 1430 879 573 1431 883 573 1432 882 573 1433 877 574 1434 876 574 1435 880 574 1436 885 575 1437 887 575 1438 886 575 1439 889 576 1440 888 576 1441 890 576 1442 887 577 1443 891 577 1444 890 577 1445 885 578 1446 884 578 1447 888 578 1448 893 579 1449 895 579 1450 894 579 1451 897 580 1452 896 580 1453 898 580 1454 895 581 1455 899 581 1456 898 581 1457 893 582 1458 892 582 1459 896 582 1460 901 583 1461 903 583 1462 902 583 1463 905 584 1464 904 584 1465 906 584 1466 903 585 1467 907 585 1468 906 585 1469 901 586 1470 900 586 1471 904 586 1472 911 587 1473 910 587 1474 908 587 1475 912 588 1476 914 588 1477 915 588 1478 911 589 1479 915 589 1480 914 589 1481 909 590 1482 908 590 1483 912 590 1484 919 591 1485 918 591 1486 916 591 1487 920 592 1488 922 592 1489 923 592 1490 919 593 1491 923 593 1492 922 593 1493 917 594 1494 916 594 1495 920 594 1496 927 595 1497 926 595 1498 924 595 1499 928 596 1500 930 596 1501 931 596 1502 927 597 1503 931 597 1504 930 597 1505 925 598 1506 924 598 1507 928 598 1508 935 599 1509 934 599 1510 932 599 1511 936 600 1512 938 600 1513 939 600 1514 935 601 1515 939 601 1516 938 601 1517 933 602 1518 932 602 1519 936 602 1520 943 603 1521 942 603 1522 940 603 1523 944 604 1524 946 604 1525 947 604 1526 943 605 1527 947 605 1528 946 605 1529 941 606 1530 940 606 1531 944 606 1532 951 607 1533 950 607 1534 948 607 1535 952 608 1536 954 608 1537 955 608 1538 951 609 1539 955 609 1540 954 609 1541 949 610 1542 948 610 1543 952 610 1544 959 611 1545 958 611 1546 956 611 1547 960 612 1548 962 612 1549 963 612 1550 959 613 1551 963 613 1552 962 613 1553 957 614 1554 956 614 1555 960 614 1556 967 615 1557 966 615 1558 964 615 1559 968 616 1560 970 616 1561 971 616 1562 967 617 1563 971 617 1564 970 617 1565 965 618 1566 964 618 1567 968 618 1568 975 619 1569 974 619 1570 972 619 1571 976 620 1572 978 620 1573 979 620 1574 975 621 1575 979 621 1576 978 621 1577 973 622 1578 972 622 1579 976 622 1580 983 623 1581 982 623 1582 980 623 1583 984 624 1584 986 624 1585 987 624 1586 983 625 1587 987 625 1588 986 625 1589 981 626 1590 980 626 1591 984 626 1592 991 627 1593 990 627 1594 988 627 1595 992 628 1596 994 628 1597 995 628 1598 991 629 1599 995 629 1600 994 629 1601 989 630 1602 988 630 1603 992 630 1604 999 631 1605 998 631 1606 996 631 1607 1000 632 1608 1002 632 1609 1003 632 1610 999 633 1611 1003 633 1612 1002 633 1613 997 634 1614 996 634 1615 1000 634 1616 1007 635 1617 1006 635 1618 1004 635 1619 1008 636 1620 1010 636 1621 1011 636 1622 1007 637 1623 1011 637 1624 1010 637 1625 1005 638 1626 1004 638 1627 1008 638 1628 1015 639 1629 1014 639 1630 1012 639 1631 1016 640 1632 1018 640 1633 1019 640 1634 1015 641 1635 1019 641 1636 1018 641 1637 1013 642 1638 1012 642 1639 1016 642 1640 1021 643 1641 1023 643 1642 1022 643 1643 1025 644 1644 1024 644 1645 1026 644 1646 1023 645 1647 1027 645 1648 1026 645 1649 1021 646 1650 1020 646 1651 1024 646 1652 1029 647 1653 1031 647 1654 1030 647 1655 1033 648 1656 1032 648 1657 1034 648 1658 1031 649 1659 1035 649 1660 1034 649 1661 1029 650 1662 1028 650 1663 1032 650 1664 1037 651 1665 1039 651 1666 1038 651 1667 1041 652 1668 1040 652 1669 1042 652 1670 1039 653 1671 1043 653 1672 1042 653 1673 1037 654 1674 1036 654 1675 1040 654 1676 1045 655 1677 1047 655 1678 1046 655 1679 1049 656 1680 1048 656 1681 1050 656 1682 1046 657 1683 1047 657 1684 1051 657 1685 1044 658 1686 1048 658 1687 1049 658 1688 1053 659 1689 1055 659 1690 1054 659 1691 1057 660 1692 1056 660 1693 1058 660 1694 1055 661 1695 1059 661 1696 1058 661 1697 1053 662 1698 1052 662 1699 1056 662 1700 1061 663 1701 1063 663 1702 1062 663 1703 1065 664 1704 1064 664 1705 1066 664 1706 1062 665 1707 1063 665 1708 1067 665 1709 1061 666 1710 1060 666 1711 1064 666 1712 1069 667 1713 1071 667 1714 1070 667 1715 1073 668 1716 1072 668 1717 1074 668 1718 1070 669 1719 1071 669 1720 1075 669 1721 1068 670 1722 1072 670 1723 1073 670 1724 1077 671 1725 1079 671 1726 1078 671 1727 1081 672 1728 1080 672 1729 1082 672 1730 1078 673 1731 1079 673 1732 1083 673 1733 1076 674 1734 1080 674 1735 1081 674 1736 1090 675 1737 1091 675 1738 1094 675 1739 1098 676 1740 1097 676 1741 1095 676 1742 1097 677 1743 1098 677 1744 1101 677 1745 1105 678 1746 1104 678 1747 1102 678 1748 1106 679 1749 1108 679 1750 1109 679 1751 1104 680 1752 1105 680 1753 1109 680 1754 1103 681 1755 1102 681 1756 1106 681 1757 1113 682 1758 1115 682 1759 1116 682 1760 1111 683 1761 1110 683 1762 1113 683 1763 1120 684 1764 1119 684 1765 1117 684 1766 1121 685 1767 1123 685 1768 1124 685 1769 1119 686 1770 1120 686 1771 1124 686 1772 1118 687 1773 1117 687 1774 1121 687 1775 1131 688 1776 1132 688 1777 1135 688 1778 1139 689 1779 1138 689 1780 1136 689 1781 1140 690 1782 1142 690 1783 1143 690 1784 1138 691 1785 1139 691 1786 1143 691 1787 1137 692 1788 1136 692 1789 1140 692 1790 1147 693 1791 1146 693 1792 1144 693 1793 1148 694 1794 1150 694 1795 1151 694 1796 1146 695 1797 1147 695 1798 1151 695 1799 1145 696 1800 1144 696 1801 1148 696 1802 1155 697 1803 1154 697 1804 1152 697 1805 1156 698 1806 1158 698 1807 1159 698 1808 1154 699 1809 1155 699 1810 1159 699 1811 1153 700 1812 1152 700 1813 1156 700 1814 1163 701 1815 1162 701 1816 1160 701 1817 1164 702 1818 1166 702 1819 1167 702 1820 1163 703 1821 1167 703 1822 1166 703 1823 1161 704 1824 1160 704 1825 1164 704 1826 1171 705 1827 1170 705 1828 1168 705 1829 1172 706 1830 1174 706 1831 1175 706 1832 1170 707 1833 1171 707 1834 1175 707 1835 1169 708 1836 1168 708 1837 1172 708 1838 1179 709 1839 1178 709 1840 1176 709 1841 1180 710 1842 1182 710 1843 1183 710 1844 1179 711 1845 1183 711 1846 1182 711 1847 1177 712 1848 1176 712 1849 1180 712 1850 1187 713 1851 1186 713 1852 1184 713 1853 1188 714 1854 1190 714 1855 1191 714 1856 1186 715 1857 1187 715 1858 1191 715 1859 1185 716 1860 1184 716 1861 1188 716 1862 1195 717 1863 1194 717 1864 1192 717 1865 1196 718 1866 1198 718 1867 1199 718 1868 1195 719 1869 1199 719 1870 1198 719 1871 1193 720 1872 1192 720 1873 1196 720 1874 1203 721 1875 1202 721 1876 1200 721 1877 1204 722 1878 1206 722 1879 1207 722 1880 1202 723 1881 1203 723 1882 1207 723 1883 1201 724 1884 1200 724 1885 1204 724 1886 1211 725 1887 1210 725 1888 1208 725 1889 1212 726 1890 1214 726 1891 1215 726 1892 1211 727 1893 1215 727 1894 1214 727 1895 1209 728 1896 1208 728 1897 1212 728 1898 1219 729 1899 1218 729 1900 1216 729 1901 1220 730 1902 1222 730 1903 1223 730 1904 1218 731 1905 1219 731 1906 1223 731 1907 1217 732 1908 1216 732 1909 1220 732 1910 1227 733 1911 1226 733 1912 1224 733 1913 1228 734 1914 1230 734 1915 1231 734 1916 1227 735 1917 1231 735 1918 1230 735 1919 1225 736 1920 1224 736 1921 1228 736 1922 1235 737 1923 1234 737 1924 1232 737 1925 1236 738 1926 1238 738 1927 1239 738 1928 1234 739 1929 1235 739 1930 1239 739 1931 1233 740 1932 1232 740 1933 1236 740 1934 1243 741 1935 1242 741 1936 1240 741 1937 1244 742 1938 1246 742 1939 1247 742 1940 1243 743 1941 1247 743 1942 1246 743 1943 1241 744 1944 1240 744 1945 1244 744 1946 1252 745 1947 1248 745 1948 1249 745 1949 1252 746 1950 1253 746 1951 1255 746 1952 1251 747 1953 1249 747 1954 1248 747 1955 1254 748 1956 1255 748 1957 1251 748 1958 1261 749 1959 1260 749 1960 1256 749 1961 1260 750 1962 1261 750 1963 1263 750 1964 1259 751 1965 1257 751 1966 1256 751 1967 1262 752 1968 1263 752 1969 1259 752 1970 1268 753 1971 1264 753 1972 1265 753 1973 1268 754 1974 1269 754 1975 1271 754 1976 1267 755 1977 1265 755 1978 1264 755 1979 1270 756 1980 1271 756 1981 1267 756 1982 1277 757 1983 1276 757 1984 1272 757 1985 1276 758 1986 1277 758 1987 1279 758 1988 1275 759 1989 1273 759 1990 1272 759 1991 1278 760 1992 1279 760 1993 1275 760 1994 1284 761 1995 1280 761 1996 1281 761 1997 1284 762 1998 1285 762 1999 1287 762 2000 1283 763 2001 1281 763 2002 1280 763 2003 1286 764 2004 1287 764 2005 1283 764 2006 1293 765 2007 1292 765 2008 1288 765 2009 1292 766 2010 1293 766 2011 1295 766 2012 1291 767 2013 1289 767 2014 1288 767 2015 1294 768 2016 1295 768 2017 1291 768 2018 1300 769 2019 1296 769 2020 1297 769 2021 1300 770 2022 1301 770 2023 1303 770 2024 1299 771 2025 1297 771 2026 1296 771 2027 1302 772 2028 1303 772 2029 1299 772 2030 1309 773 2031 1308 773 2032 1304 773 2033 1308 774 2034 1309 774 2035 1311 774 2036 1307 775 2037 1305 775 2038 1304 775 2039 1310 776 2040 1311 776 2041 1307 776 2042 1316 777 2043 1315 777 2044 1312 777 2045 1323 778 2046 1322 778 2047 1318 778 2048 1321 779 2049 1319 779 2050 1318 779 2051 1328 780 2052 1326 780 2053 1325 780 2054 1330 781 2055 1331 781 2056 1328 781 2057 1336 782 2058 1337 782 2059 1334 782 2060 1343 783 2061 1342 783 2062 1338 783 2063 1340 784 2064 1341 784 2065 1339 784 2066 1348 785 2067 1347 785 2068 1345 785 2069 1349 786 2070 1351 786 2071 1352 786 2072 1347 787 2073 1348 787 2074 1352 787 2075 1346 788 2076 1345 788 2077 1349 788 2078 1356 789 2079 1355 789 2080 1353 789 2081 1357 790 2082 1359 790 2083 1360 790 2084 1356 791 2085 1360 791 2086 1359 791 2087 1354 792 2088 1353 792 2089 1357 792 2090 1107 793 2091 1109 793 2092 1105 793 2093 1086 794 2094 1085 794 2095 1084 794 2096 1375 795 2097 1087 795 2098 1088 795 2099 1085 796 2100 1086 796 2101 1376 796 2102 1374 797 2103 1084 797 2104 1087 797 2105 1377 798 2106 1091 798 2107 1090 798 2108 1378 799 2109 1092 799 2110 1093 799 2111 1377 800 2112 1089 800 2113 1092 800 2114 1379 801 2115 1099 801 2116 1100 801 2117 1095 802 2118 1099 802 2119 1379 802 2120 1361 803 2121 1112 803 2122 1110 803 2123 1112 804 2124 1361 804 2125 1116 804 2126 1362 805 2127 1127 805 2128 1126 805 2129 1363 806 2130 1128 806 2131 1129 806 2132 1126 807 2133 1127 807 2134 1364 807 2135 1362 808 2136 1125 808 2137 1128 808 2138 1132 809 2139 1131 809 2140 1130 809 2141 1133 810 2142 1134 810 2143 1135 810 2144 1372 811 2145 1130 811 2146 1133 811 2147 1370 812 2148 1315 812 2149 1316 812 2150 1371 813 2151 1314 813 2152 1313 813 2153 1370 814 2154 1317 814 2155 1314 814 2156 1322 815 2157 1323 815 2158 1324 815 2159 1369 816 2160 1324 816 2161 1321 816 2162 1329 817 2163 1368 817 2164 1325 817 2165 1368 818 2166 1329 818 2167 1331 818 2168 1335 819 2169 1366 819 2170 1367 819 2171 1366 820 2172 1335 820 2173 1337 820 2174 1334 821 2175 1332 821 2176 1367 821 2177 1365 822 2178 1342 822 2179 1343 822 2180 1365 823 2181 1344 823 2182 1341 823 2183 1111 824 2184 1114 824 2185 1116 824 2186 1118 825 2187 1122 825 2188 1124 825 2189 1363 826 2190 1364 826 2191 1127 826 2192 1365 827 2193 1340 827 2194 1338 827 2195 1336 828 2196 1333 828 2197 1367 828 2198 1330 829 2199 1327 829 2200 1325 829 2201 1320 830 2202 1318 830 2203 1322 830 2204 1370 831 2205 1371 831 2206 1312 831 2207 1372 832 2208 1373 832 2209 1135 832 2210 1375 833 2211 1376 833 2212 1086 833 2213 1377 834 2214 1378 834 2215 1094 834 2216 1096 835 2217 1379 835 2218 1101 835 2219 1386 836 2220 1387 836 2221 1390 836 2222 1392 837 2223 1394 837 2224 1393 837 2225 1393 838 2226 1394 838 2227 1397 838 2228 1399 839 2229 1401 839 2230 1400 839 2231 1403 840 2232 1402 840 2233 1404 840 2234 1400 841 2235 1401 841 2236 1405 841 2237 1398 842 2238 1402 842 2239 1403 842 2240 1410 843 2241 1409 843 2242 1411 843 2243 1406 844 2244 1409 844 2245 1410 844 2246 1414 845 2247 1416 845 2248 1415 845 2249 1418 846 2250 1417 846 2251 1419 846 2252 1415 847 2253 1416 847 2254 1420 847 2255 1413 848 2256 1417 848 2257 1418 848 2258 1427 849 2259 1428 849 2260 1431 849 2261 1435 850 2262 1434 850 2263 1432 850 2264 1436 851 2265 1438 851 2266 1439 851 2267 1435 852 2268 1439 852 2269 1438 852 2270 1433 853 2271 1432 853 2272 1436 853 2273 1443 854 2274 1442 854 2275 1440 854 2276 1444 855 2277 1446 855 2278 1447 855 2279 1443 856 2280 1447 856 2281 1446 856 2282 1441 857 2283 1440 857 2284 1444 857 2285 1451 858 2286 1450 858 2287 1448 858 2288 1452 859 2289 1454 859 2290 1455 859 2291 1451 860 2292 1455 860 2293 1454 860 2294 1449 861 2295 1448 861 2296 1452 861 2297 1459 862 2298 1458 862 2299 1456 862 2300 1460 863 2301 1462 863 2302 1463 863 2303 1458 864 2304 1459 864 2305 1463 864 2306 1457 865 2307 1456 865 2308 1460 865 2309 1467 866 2310 1466 866 2311 1464 866 2312 1468 867 2313 1470 867 2314 1471 867 2315 1467 868 2316 1471 868 2317 1470 868 2318 1465 869 2319 1464 869 2320 1468 869 2321 1475 870 2322 1474 870 2323 1472 870 2324 1476 871 2325 1478 871 2326 1479 871 2327 1475 872 2328 1479 872 2329 1478 872 2330 1472 873 2331 1476 873 2332 1477 873 2333 1483 874 2334 1482 874 2335 1480 874 2336 1484 875 2337 1486 875 2338 1487 875 2339 1483 876 2340 1487 876 2341 1486 876 2342 1481 877 2343 1480 877 2344 1484 877 2345 1491 878 2346 1490 878 2347 1488 878 2348 1492 879 2349 1494 879 2350 1495 879 2351 1491 880 2352 1495 880 2353 1494 880 2354 1489 881 2355 1488 881 2356 1492 881 2357 1499 882 2358 1498 882 2359 1496 882 2360 1500 883 2361 1502 883 2362 1503 883 2363 1499 884 2364 1503 884 2365 1502 884 2366 1497 885 2367 1496 885 2368 1500 885 2369 1507 886 2370 1506 886 2371 1504 886 2372 1508 887 2373 1510 887 2374 1511 887 2375 1506 888 2376 1507 888 2377 1511 888 2378 1504 889 2379 1508 889 2380 1509 889 2381 1515 890 2382 1514 890 2383 1512 890 2384 1516 891 2385 1518 891 2386 1519 891 2387 1515 892 2388 1519 892 2389 1518 892 2390 1513 893 2391 1512 893 2392 1516 893 2393 1523 894 2394 1522 894 2395 1520 894 2396 1524 895 2397 1526 895 2398 1527 895 2399 1523 896 2400 1527 896 2401 1526 896 2402 1521 897 2403 1520 897 2404 1524 897 2405 1531 898 2406 1530 898 2407 1528 898 2408 1532 899 2409 1534 899 2410 1535 899 2411 1531 900 2412 1535 900 2413 1534 900 2414 1529 901 2415 1528 901 2416 1532 901 2417 1539 902 2418 1538 902 2419 1536 902 2420 1540 903 2421 1542 903 2422 1543 903 2423 1539 904 2424 1543 904 2425 1542 904 2426 1537 905 2427 1536 905 2428 1540 905 2429 1548 906 2430 1544 906 2431 1545 906 2432 1548 907 2433 1549 907 2434 1551 907 2435 1547 908 2436 1545 908 2437 1544 908 2438 1550 909 2439 1551 909 2440 1547 909 2441 1556 910 2442 1552 910 2443 1553 910 2444 1556 911 2445 1557 911 2446 1559 911 2447 1555 912 2448 1553 912 2449 1552 912 2450 1558 913 2451 1559 913 2452 1555 913 2453 1564 914 2454 1560 914 2455 1561 914 2456 1564 915 2457 1565 915 2458 1567 915 2459 1563 916 2460 1561 916 2461 1560 916 2462 1566 917 2463 1567 917 2464 1563 917 2465 1572 918 2466 1568 918 2467 1569 918 2468 1572 919 2469 1573 919 2470 1575 919 2471 1571 920 2472 1569 920 2473 1568 920 2474 1574 921 2475 1575 921 2476 1571 921 2477 1580 922 2478 1576 922 2479 1577 922 2480 1580 923 2481 1581 923 2482 1583 923 2483 1579 924 2484 1577 924 2485 1576 924 2486 1582 925 2487 1583 925 2488 1579 925 2489 1588 926 2490 1584 926 2491 1585 926 2492 1588 927 2493 1589 927 2494 1591 927 2495 1587 928 2496 1585 928 2497 1584 928 2498 1590 929 2499 1591 929 2500 1587 929 2501 1596 930 2502 1592 930 2503 1593 930 2504 1596 931 2505 1597 931 2506 1599 931 2507 1595 932 2508 1593 932 2509 1592 932 2510 1598 933 2511 1599 933 2512 1595 933 2513 1604 934 2514 1600 934 2515 1601 934 2516 1604 935 2517 1605 935 2518 1607 935 2519 1603 936 2520 1601 936 2521 1600 936 2522 1606 937 2523 1607 937 2524 1603 937 2525 1612 938 2526 1611 938 2527 1608 938 2528 1619 939 2529 1618 939 2530 1614 939 2531 1616 940 2532 1617 940 2533 1615 940 2534 1623 941 2535 1624 941 2536 1622 941 2537 1627 942 2538 1624 942 2539 1623 942 2540 1633 943 2541 1630 943 2542 1629 943 2543 1639 944 2544 1638 944 2545 1634 944 2546 1636 945 2547 1637 945 2548 1635 945 2549 1644 946 2550 1643 946 2551 1641 946 2552 1645 947 2553 1647 947 2554 1648 947 2555 1644 948 2556 1648 948 2557 1647 948 2558 1642 949 2559 1641 949 2560 1645 949 2561 1652 950 2562 1651 950 2563 1649 950 2564 1653 951 2565 1655 951 2566 1656 951 2567 1652 952 2568 1656 952 2569 1655 952 2570 1650 953 2571 1649 953 2572 1653 953 2573 1399 954 2574 1403 954 2575 1405 954 2576 1382 955 2577 1381 955 2578 1380 955 2579 1671 956 2580 1383 956 2581 1384 956 2582 1382 957 2583 1672 957 2584 1384 957 2585 1380 958 2586 1383 958 2587 1671 958 2588 1673 959 2589 1387 959 2590 1386 959 2591 1674 960 2592 1388 960 2593 1389 960 2594 1385 961 2595 1388 961 2596 1674 961 2597 1675 962 2598 1395 962 2599 1396 962 2600 1391 963 2601 1395 963 2602 1675 963 2603 1407 964 2604 1657 964 2605 1408 964 2606 1408 965 2607 1657 965 2608 1412 965 2609 1423 966 2610 1422 966 2611 1421 966 2612 1659 967 2613 1424 967 2614 1425 967 2615 1422 968 2616 1423 968 2617 1660 968 2618 1421 969 2619 1424 969 2620 1659 969 2621 1428 970 2622 1427 970 2623 1426 970 2624 1429 971 2625 1430 971 2626 1431 971 2627 1426 972 2628 1429 972 2629 1669 972 2630 1666 973 2631 1611 973 2632 1612 973 2633 1667 974 2634 1610 974 2635 1609 974 2636 1613 975 2637 1610 975 2638 1667 975 2639 1665 976 2640 1618 976 2641 1619 976 2642 1620 977 2643 1617 977 2644 1616 977 2645 1625 978 2646 1664 978 2647 1621 978 2648 1664 979 2649 1625 979 2650 1627 979 2651 1631 980 2652 1662 980 2653 1663 980 2654 1662 981 2655 1631 981 2656 1633 981 2657 1630 982 2658 1628 982 2659 1663 982 2660 1661 983 2661 1638 983 2662 1639 983 2663 1640 984 2664 1637 984 2665 1636 984 2666 1407 985 2667 1410 985 2668 1412 985 2669 1414 986 2670 1418 986 2671 1420 986 2672 1659 987 2673 1660 987 2674 1423 987 2675 1661 988 2676 1636 988 2677 1634 988 2678 1632 989 2679 1629 989 2680 1663 989 2681 1623 990 2682 1621 990 2683 1664 990 2684 1665 991 2685 1616 991 2686 1614 991 2687 1666 992 2688 1667 992 2689 1608 992 2690 1668 993 2691 1669 993 2692 1431 993 2693 1671 994 2694 1672 994 2695 1382 994 2696 1673 995 2697 1674 995 2698 1390 995 2699 1392 996 2700 1675 996 2701 1397 996 2702 1683 997 2703 1686 997 2704 1685 997 2705 1688 998 2706 1690 998 2707 1689 998 2708 1689 999 2709 1690 999 2710 1693 999 2711 1697 1000 2712 1696 1000 2713 1694 1000 2714 1698 1001 2715 1700 1001 2716 1701 1001 2717 1697 1002 2718 1701 1002 2719 1700 1002 2720 1695 1003 2721 1694 1003 2722 1698 1003 2723 1705 1004 2724 1707 1004 2725 1708 1004 2726 1703 1005 2727 1702 1005 2728 1705 1005 2729 1712 1006 2730 1711 1006 2731 1709 1006 2732 1713 1007 2733 1715 1007 2734 1716 1007 2735 1711 1008 2736 1712 1008 2737 1716 1008 2738 1709 1009 2739 1713 1009 2740 1714 1009 2741 1724 1010 2742 1727 1010 2743 1726 1010 2744 1731 1011 2745 1730 1011 2746 1728 1011 2747 1732 1012 2748 1734 1012 2749 1735 1012 2750 1730 1013 2751 1731 1013 2752 1735 1013 2753 1729 1014 2754 1728 1014 2755 1732 1014 2756 1739 1015 2757 1738 1015 2758 1736 1015 2759 1740 1016 2760 1742 1016 2761 1743 1016 2762 1738 1017 2763 1739 1017 2764 1743 1017 2765 1737 1018 2766 1736 1018 2767 1740 1018 2768 1747 1019 2769 1746 1019 2770 1744 1019 2771 1748 1020 2772 1750 1020 2773 1751 1020 2774 1746 1021 2775 1747 1021 2776 1751 1021 2777 1745 1022 2778 1744 1022 2779 1748 1022 2780 1755 1023 2781 1754 1023 2782 1752 1023 2783 1756 1024 2784 1758 1024 2785 1759 1024 2786 1755 1025 2787 1759 1025 2788 1758 1025 2789 1753 1026 2790 1752 1026 2791 1756 1026 2792 1763 1027 2793 1762 1027 2794 1760 1027 2795 1764 1028 2796 1766 1028 2797 1767 1028 2798 1763 1029 2799 1767 1029 2800 1766 1029 2801 1761 1030 2802 1760 1030 2803 1764 1030 2804 1771 1031 2805 1770 1031 2806 1768 1031 2807 1772 1032 2808 1774 1032 2809 1775 1032 2810 1771 1033 2811 1775 1033 2812 1774 1033 2813 1768 1034 2814 1772 1034 2815 1773 1034 2816 1779 1035 2817 1778 1035 2818 1776 1035 2819 1780 1036 2820 1782 1036 2821 1783 1036 2822 1778 1037 2823 1779 1037 2824 1783 1037 2825 1776 1038 2826 1780 1038 2827 1781 1038 2828 1787 1039 2829 1786 1039 2830 1784 1039 2831 1788 1040 2832 1790 1040 2833 1791 1040 2834 1786 1041 2835 1787 1041 2836 1791 1041 2837 1785 1042 2838 1784 1042 2839 1788 1042 2840 1795 1043 2841 1794 1043 2842 1792 1043 2843 1796 1044 2844 1798 1044 2845 1799 1044 2846 1794 1045 2847 1795 1045 2848 1799 1045 2849 1792 1046 2850 1796 1046 2851 1797 1046 2852 1803 1047 2853 1802 1047 2854 1800 1047 2855 1804 1048 2856 1806 1048 2857 1807 1048 2858 1803 1049 2859 1807 1049 2860 1806 1049 2861 1801 1050 2862 1800 1050 2863 1804 1050 2864 1811 1051 2865 1810 1051 2866 1808 1051 2867 1812 1052 2868 1814 1052 2869 1815 1052 2870 1811 1053 2871 1815 1053 2872 1814 1053 2873 1808 1054 2874 1812 1054 2875 1813 1054 2876 1819 1055 2877 1818 1055 2878 1816 1055 2879 1820 1056 2880 1822 1056 2881 1823 1056 2882 1818 1057 2883 1819 1057 2884 1823 1057 2885 1817 1058 2886 1816 1058 2887 1820 1058 2888 1827 1059 2889 1826 1059 2890 1824 1059 2891 1828 1060 2892 1830 1060 2893 1831 1060 2894 1827 1061 2895 1831 1061 2896 1830 1061 2897 1824 1062 2898 1828 1062 2899 1829 1062 2900 1835 1063 2901 1834 1063 2902 1832 1063 2903 1836 1064 2904 1838 1064 2905 1839 1064 2906 1835 1065 2907 1839 1065 2908 1838 1065 2909 1833 1066 2910 1832 1066 2911 1836 1066 2912 1844 1067 2913 1840 1067 2914 1841 1067 2915 1844 1068 2916 1845 1068 2917 1847 1068 2918 1843 1069 2919 1841 1069 2920 1840 1069 2921 1846 1070 2922 1847 1070 2923 1843 1070 2924 1852 1071 2925 1848 1071 2926 1849 1071 2927 1852 1072 2928 1853 1072 2929 1855 1072 2930 1851 1073 2931 1849 1073 2932 1848 1073 2933 1855 1074 2934 1851 1074 2935 1850 1074 2936 1860 1075 2937 1856 1075 2938 1857 1075 2939 1860 1076 2940 1861 1076 2941 1863 1076 2942 1859 1077 2943 1857 1077 2944 1856 1077 2945 1862 1078 2946 1863 1078 2947 1859 1078 2948 1869 1079 2949 1868 1079 2950 1864 1079 2951 1868 1080 2952 1869 1080 2953 1871 1080 2954 1867 1081 2955 1865 1081 2956 1864 1081 2957 1871 1082 2958 1867 1082 2959 1866 1082 2960 1876 1083 2961 1872 1083 2962 1873 1083 2963 1876 1084 2964 1877 1084 2965 1879 1084 2966 1875 1085 2967 1873 1085 2968 1872 1085 2969 1878 1086 2970 1879 1086 2971 1875 1086 2972 1885 1087 2973 1884 1087 2974 1880 1087 2975 1884 1088 2976 1885 1088 2977 1887 1088 2978 1883 1089 2979 1881 1089 2980 1880 1089 2981 1887 1090 2982 1883 1090 2983 1882 1090 2984 1892 1091 2985 1888 1091 2986 1889 1091 2987 1892 1092 2988 1893 1092 2989 1895 1092 2990 1891 1093 2991 1889 1093 2992 1888 1093 2993 1894 1094 2994 1895 1094 2995 1891 1094 2996 1901 1095 2997 1900 1095 2998 1896 1095 2999 1900 1096 3000 1901 1096 3001 1903 1096 3002 1899 1097 3003 1897 1097 3004 1896 1097 3005 1903 1098 3006 1899 1098 3007 1898 1098 3008 1907 1099 3009 1904 1099 3010 1905 1099 3011 1914 1100 3012 1910 1100 3013 1911 1100 3014 1913 1101 3015 1911 1101 3016 1910 1101 3017 1920 1102 3018 1918 1102 3019 1917 1102 3020 1922 1103 3021 1923 1103 3022 1920 1103 3023 1928 1104 3024 1929 1104 3025 1926 1104 3026 1934 1105 3027 1930 1105 3028 1931 1105 3029 1933 1106 3030 1931 1106 3031 1930 1106 3032 1940 1107 3033 1939 1107 3034 1937 1107 3035 1941 1108 3036 1943 1108 3037 1944 1108 3038 1940 1109 3039 1944 1109 3040 1943 1109 3041 1937 1110 3042 1941 1110 3043 1942 1110 3044 1948 1111 3045 1947 1111 3046 1945 1111 3047 1949 1112 3048 1951 1112 3049 1952 1112 3050 1948 1113 3051 1952 1113 3052 1951 1113 3053 1946 1114 3054 1945 1114 3055 1949 1114 3056 1699 1115 3057 1701 1115 3058 1697 1115 3059 1678 1116 3060 1677 1116 3061 1676 1116 3062 1967 1117 3063 1679 1117 3064 1680 1117 3065 1678 1118 3066 1968 1118 3067 1680 1118 3068 1966 1119 3069 1676 1119 3070 1679 1119 3071 1969 1120 3072 1683 1120 3073 1682 1120 3074 1970 1121 3075 1684 1121 3076 1685 1121 3077 1969 1122 3078 1681 1122 3079 1684 1122 3080 1971 1123 3081 1691 1123 3082 1692 1123 3083 1687 1124 3084 1691 1124 3085 1971 1124 3086 1703 1125 3087 1953 1125 3088 1704 1125 3089 1704 1126 3090 1953 1126 3091 1708 1126 3092 1719 1127 3093 1718 1127 3094 1717 1127 3095 1720 1128 3096 1721 1128 3097 1956 1128 3098 1718 1129 3099 1719 1129 3100 1956 1129 3101 1717 1130 3102 1720 1130 3103 1955 1130 3104 1724 1131 3105 1723 1131 3106 1722 1131 3107 1725 1132 3108 1726 1132 3109 1727 1132 3110 1964 1133 3111 1722 1133 3112 1725 1133 3113 1907 1134 3114 1908 1134 3115 1909 1134 3116 1906 1135 3117 1905 1135 3118 1904 1135 3119 1962 1136 3120 1909 1136 3121 1906 1136 3122 1914 1137 3123 1915 1137 3124 1916 1137 3125 1961 1138 3126 1916 1138 3127 1913 1138 3128 1960 1139 3129 1917 1139 3130 1918 1139 3131 1960 1140 3132 1921 1140 3133 1923 1140 3134 1958 1141 3135 1959 1141 3136 1924 1141 3137 1958 1142 3138 1927 1142 3139 1929 1142 3140 1926 1143 3141 1924 1143 3142 1959 1143 3143 1934 1144 3144 1935 1144 3145 1936 1144 3146 1957 1145 3147 1936 1145 3148 1933 1145 3149 1703 1146 3150 1706 1146 3151 1708 1146 3152 1714 1147 3153 1716 1147 3154 1712 1147 3155 1955 1148 3156 1956 1148 3157 1719 1148 3158 1932 1149 3159 1930 1149 3160 1934 1149 3161 1925 1150 3162 1959 1150 3163 1958 1150 3164 1919 1151 3165 1917 1151 3166 1960 1151 3167 1912 1152 3168 1910 1152 3169 1914 1152 3170 1962 1153 3171 1963 1153 3172 1904 1153 3173 1965 1154 3174 1727 1154 3175 1724 1154 3176 1967 1155 3177 1968 1155 3178 1678 1155 3179 1969 1156 3180 1970 1156 3181 1686 1156 3182 1688 1157 3183 1971 1157 3184 1693 1157 3185 1978 1158 3186 1979 1158 3187 1982 1158 3188 1984 1159 3189 1986 1159 3190 1985 1159 3191 1985 1160 3192 1986 1160 3193 1989 1160 3194 1991 1161 3195 1993 1161 3196 1992 1161 3197 1995 1162 3198 1994 1162 3199 1996 1162 3200 1992 1163 3201 1993 1163 3202 1997 1163 3203 1991 1164 3204 1990 1164 3205 1994 1164 3206 2002 1165 3207 2001 1165 3208 2003 1165 3209 1999 1166 3210 1998 1166 3211 2001 1166 3212 2008 1167 3213 2007 1167 3214 2005 1167 3215 2009 1168 3216 2011 1168 3217 2012 1168 3218 2007 1169 3219 2008 1169 3220 2012 1169 3221 2006 1170 3222 2005 1170 3223 2009 1170 3224 2019 1171 3225 2020 1171 3226 2023 1171 3227 2027 1172 3228 2026 1172 3229 2024 1172 3230 2028 1173 3231 2030 1173 3232 2031 1173 3233 2026 1174 3234 2027 1174 3235 2031 1174 3236 2025 1175 3237 2024 1175 3238 2028 1175 3239 2035 1176 3240 2034 1176 3241 2032 1176 3242 2036 1177 3243 2038 1177 3244 2039 1177 3245 2035 1178 3246 2039 1178 3247 2038 1178 3248 2033 1179 3249 2032 1179 3250 2036 1179 3251 2043 1180 3252 2042 1180 3253 2040 1180 3254 2044 1181 3255 2046 1181 3256 2047 1181 3257 2042 1182 3258 2043 1182 3259 2047 1182 3260 2041 1183 3261 2040 1183 3262 2044 1183 3263 2051 1184 3264 2050 1184 3265 2048 1184 3266 2052 1185 3267 2054 1185 3268 2055 1185 3269 2051 1186 3270 2055 1186 3271 2054 1186 3272 2049 1187 3273 2048 1187 3274 2052 1187 3275 2059 1188 3276 2058 1188 3277 2056 1188 3278 2060 1189 3279 2062 1189 3280 2063 1189 3281 2058 1190 3282 2059 1190 3283 2063 1190 3284 2057 1191 3285 2056 1191 3286 2060 1191 3287 2067 1192 3288 2066 1192 3289 2064 1192 3290 2068 1193 3291 2070 1193 3292 2071 1193 3293 2066 1194 3294 2067 1194 3295 2071 1194 3296 2065 1195 3297 2064 1195 3298 2068 1195 3299 2075 1196 3300 2074 1196 3301 2072 1196 3302 2076 1197 3303 2078 1197 3304 2079 1197 3305 2074 1198 3306 2075 1198 3307 2079 1198 3308 2073 1199 3309 2072 1199 3310 2076 1199 3311 2083 1200 3312 2082 1200 3313 2080 1200 3314 2084 1201 3315 2086 1201 3316 2087 1201 3317 2083 1202 3318 2087 1202 3319 2086 1202 3320 2081 1203 3321 2080 1203 3322 2084 1203 3323 2091 1204 3324 2090 1204 3325 2088 1204 3326 2092 1205 3327 2094 1205 3328 2095 1205 3329 2090 1206 3330 2091 1206 3331 2095 1206 3332 2088 1207 3333 2092 1207 3334 2093 1207 3335 2099 1208 3336 2098 1208 3337 2096 1208 3338 2100 1209 3339 2102 1209 3340 2103 1209 3341 2099 1210 3342 2103 1210 3343 2102 1210 3344 2097 1211 3345 2096 1211 3346 2100 1211 3347 2107 1212 3348 2106 1212 3349 2104 1212 3350 2108 1213 3351 2110 1213 3352 2111 1213 3353 2106 1214 3354 2107 1214 3355 2111 1214 3356 2105 1215 3357 2104 1215 3358 2108 1215 3359 2115 1216 3360 2114 1216 3361 2112 1216 3362 2116 1217 3363 2118 1217 3364 2119 1217 3365 2115 1218 3366 2119 1218 3367 2118 1218 3368 2113 1219 3369 2112 1219 3370 2116 1219 3371 2123 1220 3372 2122 1220 3373 2120 1220 3374 2124 1221 3375 2126 1221 3376 2127 1221 3377 2122 1222 3378 2123 1222 3379 2127 1222 3380 2121 1223 3381 2120 1223 3382 2124 1223 3383 2131 1224 3384 2130 1224 3385 2128 1224 3386 2132 1225 3387 2134 1225 3388 2135 1225 3389 2131 1226 3390 2135 1226 3391 2134 1226 3392 2129 1227 3393 2128 1227 3394 2132 1227 3395 2140 1228 3396 2136 1228 3397 2137 1228 3398 2140 1229 3399 2141 1229 3400 2143 1229 3401 2139 1230 3402 2137 1230 3403 2136 1230 3404 2142 1231 3405 2143 1231 3406 2139 1231 3407 2149 1232 3408 2148 1232 3409 2144 1232 3410 2148 1233 3411 2149 1233 3412 2151 1233 3413 2147 1234 3414 2145 1234 3415 2144 1234 3416 2151 1235 3417 2147 1235 3418 2146 1235 3419 2156 1236 3420 2152 1236 3421 2153 1236 3422 2156 1237 3423 2157 1237 3424 2159 1237 3425 2155 1238 3426 2153 1238 3427 2152 1238 3428 2158 1239 3429 2159 1239 3430 2155 1239 3431 2165 1240 3432 2164 1240 3433 2160 1240 3434 2164 1241 3435 2165 1241 3436 2167 1241 3437 2163 1242 3438 2161 1242 3439 2160 1242 3440 2166 1243 3441 2167 1243 3442 2163 1243 3443 2172 1244 3444 2168 1244 3445 2169 1244 3446 2172 1245 3447 2173 1245 3448 2175 1245 3449 2171 1246 3450 2169 1246 3451 2168 1246 3452 2174 1247 3453 2175 1247 3454 2171 1247 3455 2181 1248 3456 2180 1248 3457 2176 1248 3458 2180 1249 3459 2181 1249 3460 2183 1249 3461 2179 1250 3462 2177 1250 3463 2176 1250 3464 2182 1251 3465 2183 1251 3466 2179 1251 3467 2188 1252 3468 2184 1252 3469 2185 1252 3470 2188 1253 3471 2189 1253 3472 2191 1253 3473 2187 1254 3474 2185 1254 3475 2184 1254 3476 2190 1255 3477 2191 1255 3478 2187 1255 3479 2197 1256 3480 2196 1256 3481 2192 1256 3482 2196 1257 3483 2197 1257 3484 2199 1257 3485 2195 1258 3486 2193 1258 3487 2192 1258 3488 2199 1259 3489 2195 1259 3490 2194 1259 3491 2204 1260 3492 2203 1260 3493 2200 1260 3494 2211 1261 3495 2210 1261 3496 2206 1261 3497 2208 1262 3498 2209 1262 3499 2207 1262 3500 2215 1263 3501 2216 1263 3502 2214 1263 3503 2218 1264 3504 2219 1264 3505 2216 1264 3506 2224 1265 3507 2225 1265 3508 2222 1265 3509 2231 1266 3510 2230 1266 3511 2226 1266 3512 2228 1267 3513 2229 1267 3514 2227 1267 3515 2236 1268 3516 2235 1268 3517 2233 1268 3518 2237 1269 3519 2239 1269 3520 2240 1269 3521 2235 1270 3522 2236 1270 3523 2240 1270 3524 2233 1271 3525 2237 1271 3526 2238 1271 3527 2244 1272 3528 2243 1272 3529 2241 1272 3530 2245 1273 3531 2247 1273 3532 2248 1273 3533 2244 1274 3534 2248 1274 3535 2247 1274 3536 2242 1275 3537 2241 1275 3538 2245 1275 3539 1991 1276 3540 1995 1276 3541 1997 1276 3542 1974 1277 3543 1973 1277 3544 1972 1277 3545 2263 1278 3546 1975 1278 3547 1976 1278 3548 1974 1279 3549 2264 1279 3550 1976 1279 3551 1972 1280 3552 1975 1280 3553 2263 1280 3554 2265 1281 3555 1979 1281 3556 1978 1281 3557 2266 1282 3558 1980 1282 3559 1981 1282 3560 2265 1283 3561 1977 1283 3562 1980 1283 3563 2267 1284 3564 1987 1284 3565 1988 1284 3566 1983 1285 3567 1987 1285 3568 2267 1285 3569 1999 1286 3570 2249 1286 3571 2000 1286 3572 2000 1287 3573 2249 1287 3574 2004 1287 3575 2015 1288 3576 2014 1288 3577 2013 1288 3578 2251 1289 3579 2016 1289 3580 2017 1289 3581 2014 1290 3582 2015 1290 3583 2252 1290 3584 2013 1291 3585 2016 1291 3586 2251 1291 3587 2020 1292 3588 2019 1292 3589 2018 1292 3590 2021 1293 3591 2022 1293 3592 2023 1293 3593 2018 1294 3594 2021 1294 3595 2261 1294 3596 2258 1295 3597 2203 1295 3598 2204 1295 3599 2259 1296 3600 2202 1296 3601 2201 1296 3602 2258 1297 3603 2205 1297 3604 2202 1297 3605 2257 1298 3606 2210 1298 3607 2211 1298 3608 2257 1299 3609 2212 1299 3610 2209 1299 3611 2217 1300 3612 2256 1300 3613 2213 1300 3614 2256 1301 3615 2217 1301 3616 2219 1301 3617 2223 1302 3618 2254 1302 3619 2255 1302 3620 2254 1303 3621 2223 1303 3622 2225 1303 3623 2222 1304 3624 2220 1304 3625 2255 1304 3626 2253 1305 3627 2230 1305 3628 2231 1305 3629 2253 1306 3630 2232 1306 3631 2229 1306 3632 1999 1307 3633 2002 1307 3634 2004 1307 3635 2006 1308 3636 2010 1308 3637 2012 1308 3638 2251 1309 3639 2252 1309 3640 2015 1309 3641 2253 1310 3642 2228 1310 3643 2226 1310 3644 2224 1311 3645 2221 1311 3646 2255 1311 3647 2218 1312 3648 2215 1312 3649 2213 1312 3650 2257 1313 3651 2208 1313 3652 2206 1313 3653 2258 1314 3654 2259 1314 3655 2200 1314 3656 2260 1315 3657 2261 1315 3658 2023 1315 3659 2263 1316 3660 2264 1316 3661 1974 1316 3662 2265 1317 3663 2266 1317 3664 1982 1317 3665 1984 1318 3666 2267 1318 3667 1989 1318 3668 2269 1319 3669 2271 1319 3670 2270 1319 3671 2273 1320 3672 2272 1320 3673 2274 1320 3674 2271 1321 3675 2275 1321 3676 2274 1321 3677 2269 1322 3678 2268 1322 3679 2272 1322 3680 2277 1323 3681 2279 1323 3682 2278 1323 3683 2281 1324 3684 2280 1324 3685 2282 1324 3686 2279 1325 3687 2283 1325 3688 2282 1325 3689 2277 1326 3690 2276 1326 3691 2280 1326 3692 2285 1327 3693 2287 1327 3694 2286 1327 3695 2289 1328 3696 2288 1328 3697 2290 1328 3698 2287 1329 3699 2291 1329 3700 2290 1329 3701 2285 1330 3702 2284 1330 3703 2288 1330 3704 2293 1331 3705 2295 1331 3706 2294 1331 3707 2297 1332 3708 2296 1332 3709 2298 1332 3710 2294 1333 3711 2295 1333 3712 2299 1333 3713 2292 1334 3714 2296 1334 3715 2297 1334 3716 2301 1335 3717 2303 1335 3718 2302 1335 3719 2305 1336 3720 2304 1336 3721 2306 1336 3722 2303 1337 3723 2307 1337 3724 2306 1337 3725 2301 1338 3726 2300 1338 3727 2304 1338 3728 2309 1339 3729 2311 1339 3730 2310 1339 3731 2313 1340 3732 2312 1340 3733 2314 1340 3734 2310 1341 3735 2311 1341 3736 2315 1341 3737 2309 1342 3738 2308 1342 3739 2312 1342 3740 2317 1343 3741 2319 1343 3742 2318 1343 3743 2321 1344 3744 2320 1344 3745 2322 1344 3746 2318 1345 3747 2319 1345 3748 2323 1345 3749 2316 1346 3750 2320 1346 3751 2321 1346 3752 2325 1347 3753 2327 1347 3754 2326 1347 3755 2329 1348 3756 2328 1348 3757 2330 1348 3758 2326 1349 3759 2327 1349 3760 2331 1349 3761 2324 1350 3762 2328 1350 3763 2329 1350 3764 2333 1351 3765 2335 1351 3766 2334 1351 3767 2337 1352 3768 2336 1352 3769 2338 1352 3770 2334 1353 3771 2335 1353 3772 2339 1353 3773 2333 1354 3774 2332 1354 3775 2336 1354 3776 2341 1355 3777 2343 1355 3778 2342 1355 3779 2345 1356 3780 2344 1356 3781 2346 1356 3782 2342 1357 3783 2343 1357 3784 2347 1357 3785 2341 1358 3786 2340 1358 3787 2344 1358 3788 2349 1359 3789 2351 1359 3790 2350 1359 3791 2353 1360 3792 2352 1360 3793 2354 1360 3794 2350 1361 3795 2351 1361 3796 2355 1361 3797 2349 1362 3798 2348 1362 3799 2352 1362 3800 2357 1363 3801 2359 1363 3802 2358 1363 3803 2361 1364 3804 2360 1364 3805 2362 1364 3806 2358 1365 3807 2359 1365 3808 2363 1365 3809 2357 1366 3810 2356 1366 3811 2360 1366 3812 2365 1367 3813 2367 1367 3814 2366 1367 3815 2369 1368 3816 2368 1368 3817 2370 1368 3818 2366 1369 3819 2367 1369 3820 2371 1369 3821 2365 1370 3822 2364 1370 3823 2368 1370 3824 2373 1371 3825 2375 1371 3826 2374 1371 3827 2377 1372 3828 2376 1372 3829 2378 1372 3830 2374 1373 3831 2375 1373 3832 2379 1373 3833 2373 1374 3834 2372 1374 3835 2376 1374 3836 2381 1375 3837 2383 1375 3838 2382 1375 3839 2385 1376 3840 2384 1376 3841 2386 1376 3842 2382 1377 3843 2383 1377 3844 2387 1377 3845 2381 1378 3846 2380 1378 3847 2384 1378 3848 2389 1379 3849 2391 1379 3850 2390 1379 3851 2393 1380 3852 2392 1380 3853 2394 1380 3854 2390 1381 3855 2391 1381 3856 2395 1381 3857 2389 1382 3858 2388 1382 3859 2392 1382 3860 2399 1383 3861 2398 1383 3862 2396 1383 3863 2400 1384 3864 2402 1384 3865 2403 1384 3866 2398 1385 3867 2399 1385 3868 2403 1385 3869 2397 1386 3870 2396 1386 3871 2400 1386 3872 2407 1387 3873 2406 1387 3874 2404 1387 3875 2408 1388 3876 2410 1388 3877 2411 1388 3878 2407 1389 3879 2411 1389 3880 2410 1389 3881 2405 1390 3882 2404 1390 3883 2408 1390 3884 2415 1391 3885 2414 1391 3886 2412 1391 3887 2416 1392 3888 2418 1392 3889 2419 1392 3890 2414 1393 3891 2415 1393 3892 2419 1393 3893 2413 1394 3894 2412 1394 3895 2416 1394 3896 2423 1395 3897 2422 1395 3898 2420 1395 3899 2424 1396 3900 2426 1396 3901 2427 1396 3902 2423 1397 3903 2427 1397 3904 2426 1397 3905 2421 1398 3906 2420 1398 3907 2424 1398 3908 2431 1399 3909 2430 1399 3910 2428 1399 3911 2432 1400 3912 2434 1400 3913 2435 1400 3914 2430 1401 3915 2431 1401 3916 2435 1401 3917 2429 1402 3918 2428 1402 3919 2432 1402 3920 2439 1403 3921 2438 1403 3922 2436 1403 3923 2440 1404 3924 2442 1404 3925 2443 1404 3926 2439 1405 3927 2443 1405 3928 2442 1405 3929 2437 1406 3930 2436 1406 3931 2440 1406 3932 2447 1407 3933 2446 1407 3934 2444 1407 3935 2448 1408 3936 2450 1408 3937 2451 1408 3938 2446 1409 3939 2447 1409 3940 2451 1409 3941 2445 1410 3942 2444 1410 3943 2448 1410 3944 2455 1411 3945 2454 1411 3946 2452 1411 3947 2456 1412 3948 2458 1412 3949 2459 1412 3950 2455 1413 3951 2459 1413 3952 2458 1413 3953 2453 1414 3954 2452 1414 3955 2456 1414 3956 2463 1415 3957 2462 1415 3958 2460 1415 3959 2464 1416 3960 2466 1416 3961 2467 1416 3962 2462 1417 3963 2463 1417 3964 2467 1417 3965 2461 1418 3966 2460 1418 3967 2464 1418 3968 2471 1419 3969 2470 1419 3970 2468 1419 3971 2472 1420 3972 2474 1420 3973 2475 1420 3974 2471 1421 3975 2475 1421 3976 2474 1421 3977 2469 1422 3978 2468 1422 3979 2472 1422 3980 2479 1423 3981 2478 1423 3982 2476 1423 3983 2480 1424 3984 2482 1424 3985 2483 1424 3986 2478 1425 3987 2479 1425 3988 2483 1425 3989 2477 1426 3990 2476 1426 3991 2480 1426 3992 2487 1427 3993 2486 1427 3994 2484 1427 3995 2488 1428 3996 2490 1428 3997 2491 1428 3998 2487 1429 3999 2491 1429 4000 2490 1429 4001 2485 1430 4002 2484 1430 4003 2488 1430 4004 2495 1431 4005 2494 1431 4006 2492 1431 4007 2496 1432 4008 2498 1432 4009 2499 1432 4010 2494 1433 4011 2495 1433 4012 2499 1433 4013 2493 1434 4014 2492 1434 4015 2496 1434 4016 2503 1435 4017 2502 1435 4018 2500 1435 4019 2504 1436 4020 2506 1436 4021 2507 1436 4022 2503 1437 4023 2507 1437 4024 2506 1437 4025 2501 1438 4026 2500 1438 4027 2504 1438 4028 2509 1439 4029 2511 1439 4030 2510 1439 4031 2513 1440 4032 2512 1440 4033 2514 1440 4034 2510 1441 4035 2511 1441 4036 2515 1441 4037 2508 1442 4038 2512 1442 4039 2513 1442 4040 2517 1443 4041 2519 1443 4042 2518 1443 4043 2521 1444 4044 2520 1444 4045 2522 1444 4046 2518 1445 4047 2519 1445 4048 2523 1445 4049 2516 1446 4050 2520 1446 4051 2521 1446 4052 2525 1447 4053 2527 1447 4054 2526 1447 4055 2529 1448 4056 2528 1448 4057 2530 1448 4058 2526 1449 4059 2527 1449 4060 2531 1449 4061 2524 1450 4062 2528 1450 4063 2529 1450 4064 2533 1451 4065 2535 1451 4066 2534 1451 4067 2537 1452 4068 2536 1452 4069 2538 1452 4070 2534 1453 4071 2535 1453 4072 2539 1453 4073 2532 1454 4074 2536 1454 4075 2537 1454 4076 2541 1455 4077 2543 1455 4078 2542 1455 4079 2545 1456 4080 2544 1456 4081 2546 1456 4082 2542 1457 4083 2543 1457 4084 2547 1457 4085 2540 1458 4086 2544 1458 4087 2545 1458 4088 2549 1459 4089 2551 1459 4090 2550 1459 4091 2553 1460 4092 2552 1460 4093 2554 1460 4094 2550 1461 4095 2551 1461 4096 2555 1461 4097 2548 1462 4098 2552 1462 4099 2553 1462 4100 2557 1463 4101 2559 1463 4102 2558 1463 4103 2561 1464 4104 2560 1464 4105 2562 1464 4106 2558 1465 4107 2559 1465 4108 2563 1465 4109 2556 1466 4110 2560 1466 4111 2561 1466 4112 2565 1467 4113 2567 1467 4114 2566 1467 4115 2569 1468 4116 2568 1468 4117 2570 1468 4118 2566 1469 4119 2567 1469 4120 2571 1469 4121 2564 1470 4122 2568 1470 4123 2569 1470 4124 2575 1471 4125 2574 1471 4126 2572 1471 4127 2576 1472 4128 2578 1472 4129 2579 1472 4130 2575 1473 4131 2579 1473 4132 2578 1473 4133 2573 1474 4134 2572 1474 4135 2576 1474 4136 2583 1475 4137 2582 1475 4138 2580 1475 4139 2584 1476 4140 2586 1476 4141 2587 1476 4142 2583 1477 4143 2587 1477 4144 2586 1477 4145 2581 1478 4146 2580 1478 4147 2584 1478 4148 2591 1479 4149 2590 1479 4150 2588 1479 4151 2592 1480 4152 2594 1480 4153 2595 1480 4154 2591 1481 4155 2595 1481 4156 2594 1481 4157 2589 1482 4158 2588 1482 4159 2592 1482 4160 2599 1483 4161 2598 1483 4162 2596 1483 4163 2600 1484 4164 2602 1484 4165 2603 1484 4166 2599 1485 4167 2603 1485 4168 2602 1485 4169 2597 1486 4170 2596 1486 4171 2600 1486 4172 2607 1487 4173 2606 1487 4174 2604 1487 4175 2608 1488 4176 2610 1488 4177 2611 1488 4178 2607 1489 4179 2611 1489 4180 2610 1489 4181 2605 1490 4182 2604 1490 4183 2608 1490 4184 2615 1491 4185 2614 1491 4186 2612 1491 4187 2616 1492 4188 2618 1492 4189 2619 1492 4190 2615 1493 4191 2619 1493 4192 2618 1493 4193 2613 1494 4194 2612 1494 4195 2616 1494 4196 2623 1495 4197 2622 1495 4198 2620 1495 4199 2624 1496 4200 2626 1496 4201 2627 1496 4202 2623 1497 4203 2627 1497 4204 2626 1497 4205 2621 1498 4206 2620 1498 4207 2624 1498 4208 2631 1499 4209 2630 1499 4210 2628 1499 4211 2632 1500 4212 2634 1500 4213 2635 1500 4214 2631 1501 4215 2635 1501 4216 2634 1501 4217 2629 1502 4218 2628 1502 4219 2632 1502 4220 2639 1503 4221 2638 1503 4222 2636 1503 4223 2640 1504 4224 2642 1504 4225 2643 1504 4226 2639 1505 4227 2643 1505 4228 2642 1505 4229 2637 1506 4230 2636 1506 4231 2640 1506 4232 2647 1507 4233 2646 1507 4234 2644 1507 4235 2648 1508 4236 2650 1508 4237 2651 1508 4238 2647 1509 4239 2651 1509 4240 2650 1509 4241 2645 1510 4242 2644 1510 4243 2648 1510 4244 2655 1511 4245 2654 1511 4246 2652 1511 4247 2656 1512 4248 2658 1512 4249 2659 1512 4250 2655 1513 4251 2659 1513 4252 2658 1513 4253 2653 1514 4254 2652 1514 4255 2656 1514 4256 2663 1515 4257 2662 1515 4258 2660 1515 4259 2664 1516 4260 2666 1516 4261 2667 1516 4262 2663 1517 4263 2667 1517 4264 2666 1517 4265 2661 1518 4266 2660 1518 4267 2664 1518 4268 2671 1519 4269 2670 1519 4270 2668 1519 4271 2672 1520 4272 2674 1520 4273 2675 1520 4274 2671 1521 4275 2675 1521 4276 2674 1521 4277 2669 1522 4278 2668 1522 4279 2672 1522 4280 2679 1523 4281 2678 1523 4282 2676 1523 4283 2680 1524 4284 2682 1524 4285 2683 1524 4286 2679 1525 4287 2683 1525 4288 2682 1525 4289 2677 1526 4290 2676 1526 4291 2680 1526 4292 2685 1527 4293 2687 1527 4294 2686 1527 4295 2689 1528 4296 2688 1528 4297 2690 1528 4298 2687 1529 4299 2691 1529 4300 2690 1529 4301 2685 1530 4302 2684 1530 4303 2688 1530 4304 2693 1531 4305 2695 1531 4306 2694 1531 4307 2697 1532 4308 2696 1532 4309 2698 1532 4310 2695 1533 4311 2699 1533 4312 2698 1533 4313 2693 1534 4314 2692 1534 4315 2696 1534 4316 2701 1535 4317 2703 1535 4318 2702 1535 4319 2705 1536 4320 2704 1536 4321 2706 1536 4322 2703 1537 4323 2707 1537 4324 2706 1537 4325 2701 1538 4326 2700 1538 4327 2704 1538 4328 2709 1539 4329 2711 1539 4330 2710 1539 4331 2713 1540 4332 2712 1540 4333 2714 1540 4334 2711 1541 4335 2715 1541 4336 2714 1541 4337 2709 1542 4338 2708 1542 4339 2712 1542 4340 2717 1543 4341 2719 1543 4342 2718 1543 4343 2721 1544 4344 2720 1544 4345 2722 1544 4346 2719 1545 4347 2723 1545 4348 2722 1545 4349 2717 1546 4350 2716 1546 4351 2720 1546 4352 2725 1547 4353 2727 1547 4354 2726 1547 4355 2729 1548 4356 2728 1548 4357 2730 1548 4358 2727 1549 4359 2731 1549 4360 2730 1549 4361 2725 1550 4362 2724 1550 4363 2728 1550 4364 2733 1551 4365 2735 1551 4366 2734 1551 4367 2737 1552 4368 2736 1552 4369 2738 1552 4370 2735 1553 4371 2739 1553 4372 2738 1553 4373 2733 1554 4374 2732 1554 4375 2736 1554 4376 2741 1555 4377 2743 1555 4378 2742 1555 4379 2745 1556 4380 2744 1556 4381 2746 1556 4382 2743 1557 4383 2747 1557 4384 2746 1557 4385 2741 1558 4386 2740 1558 4387 2744 1558 4388 2751 1559 4389 2750 1559 4390 2748 1559 4391 2752 1560 4392 2754 1560 4393 2755 1560 4394 2751 1561 4395 2755 1561 4396 2754 1561 4397 2749 1562 4398 2748 1562 4399 2752 1562 4400 2759 1563 4401 2758 1563 4402 2756 1563 4403 2760 1564 4404 2762 1564 4405 2763 1564 4406 2758 1565 4407 2759 1565 4408 2763 1565 4409 2757 1566 4410 2756 1566 4411 2760 1566 4412 2767 1567 4413 2766 1567 4414 2764 1567 4415 2768 1568 4416 2770 1568 4417 2771 1568 4418 2767 1569 4419 2771 1569 4420 2770 1569 4421 2765 1570 4422 2764 1570 4423 2768 1570 4424 2775 1571 4425 2774 1571 4426 2772 1571 4427 2776 1572 4428 2778 1572 4429 2779 1572 4430 2774 1573 4431 2775 1573 4432 2779 1573 4433 2773 1574 4434 2772 1574 4435 2776 1574 4436 2783 1575 4437 2782 1575 4438 2780 1575 4439 2784 1576 4440 2786 1576 4441 2787 1576 4442 2783 1577 4443 2787 1577 4444 2786 1577 4445 2781 1578 4446 2780 1578 4447 2784 1578 4448 2791 1579 4449 2790 1579 4450 2788 1579 4451 2792 1580 4452 2794 1580 4453 2795 1580 4454 2790 1581 4455 2791 1581 4456 2795 1581 4457 2789 1582 4458 2788 1582 4459 2792 1582 4460 2799 1583 4461 2798 1583 4462 2796 1583 4463 2800 1584 4464 2802 1584 4465 2803 1584 4466 2799 1585 4467 2803 1585 4468 2802 1585 4469 2797 1586 4470 2796 1586 4471 2800 1586 4472 2807 1587 4473 2806 1587 4474 2804 1587 4475 2808 1588 4476 2810 1588 4477 2811 1588 4478 2806 1589 4479 2807 1589 4480 2811 1589 4481 2805 1590 4482 2804 1590 4483 2808 1590 4484 2815 1591 4485 2814 1591 4486 2812 1591 4487 2816 1592 4488 2818 1592 4489 2819 1592 4490 2815 1593 4491 2819 1593 4492 2818 1593 4493 2813 1594 4494 2812 1594 4495 2816 1594 4496 2823 1595 4497 2822 1595 4498 2820 1595 4499 2824 1596 4500 2826 1596 4501 2827 1596 4502 2822 1597 4503 2823 1597 4504 2827 1597 4505 2821 1598 4506 2820 1598 4507 2824 1598 4508 2831 1599 4509 2830 1599 4510 2828 1599 4511 2832 1600 4512 2834 1600 4513 2835 1600 4514 2831 1601 4515 2835 1601 4516 2834 1601 4517 2829 1602 4518 2828 1602 4519 2832 1602 4520 2839 1603 4521 2838 1603 4522 2836 1603 4523 2840 1604 4524 2842 1604 4525 2843 1604 4526 2838 1605 4527 2839 1605 4528 2843 1605 4529 2837 1606 4530 2836 1606 4531 2840 1606 4532 2847 1607 4533 2846 1607 4534 2844 1607 4535 2848 1608 4536 2850 1608 4537 2851 1608 4538 2847 1609 4539 2851 1609 4540 2850 1609 4541 2845 1610 4542 2844 1610 4543 2848 1610 4544 2855 1611 4545 2854 1611 4546 2852 1611 4547 2856 1612 4548 2858 1612 4549 2859 1612 4550 2854 1613 4551 2855 1613 4552 2859 1613 4553 2853 1614 4554 2852 1614 4555 2856 1614 4556 2861 1615 4557 2863 1615 4558 2862 1615 4559 2865 1616 4560 2864 1616 4561 2866 1616 4562 2863 1617 4563 2867 1617 4564 2866 1617 4565 2861 1618 4566 2860 1618 4567 2864 1618 4568 2869 1619 4569 2871 1619 4570 2870 1619 4571 2873 1620 4572 2872 1620 4573 2874 1620 4574 2871 1621 4575 2875 1621 4576 2874 1621 4577 2869 1622 4578 2868 1622 4579 2872 1622 4580 2877 1623 4581 2879 1623 4582 2878 1623 4583 2881 1624 4584 2880 1624 4585 2882 1624 4586 2879 1625 4587 2883 1625 4588 2882 1625 4589 2877 1626 4590 2876 1626 4591 2880 1626 4592 2885 1627 4593 2887 1627 4594 2886 1627 4595 2889 1628 4596 2888 1628 4597 2890 1628 4598 2887 1629 4599 2891 1629 4600 2890 1629 4601 2885 1630 4602 2884 1630 4603 2888 1630 4604 2893 1631 4605 2895 1631 4606 2894 1631 4607 2897 1632 4608 2896 1632 4609 2898 1632 4610 2895 1633 4611 2899 1633 4612 2898 1633 4613 2893 1634 4614 2892 1634 4615 2896 1634 4616 2901 1635 4617 2903 1635 4618 2902 1635 4619 2905 1636 4620 2904 1636 4621 2906 1636 4622 2903 1637 4623 2907 1637 4624 2906 1637 4625 2901 1638 4626 2900 1638 4627 2904 1638 4628 2909 1639 4629 2911 1639 4630 2910 1639 4631 2913 1640 4632 2912 1640 4633 2914 1640 4634 2911 1641 4635 2915 1641 4636 2914 1641 4637 2909 1642 4638 2908 1642 4639 2912 1642 4640 2917 1643 4641 2919 1643 4642 2918 1643 4643 2921 1644 4644 2920 1644 4645 2922 1644 4646 2919 1645 4647 2923 1645 4648 2922 1645 4649 2917 1646 4650 2916 1646 4651 2920 1646 4652 2927 1647 4653 2926 1647 4654 2924 1647 4655 2928 1648 4656 2930 1648 4657 2931 1648 4658 2927 1649 4659 2931 1649 4660 2930 1649 4661 2925 1650 4662 2924 1650 4663 2928 1650 4664 2935 1651 4665 2934 1651 4666 2932 1651 4667 2936 1652 4668 2938 1652 4669 2939 1652 4670 2935 1653 4671 2939 1653 4672 2938 1653 4673 2933 1654 4674 2932 1654 4675 2936 1654 4676 2943 1655 4677 2942 1655 4678 2940 1655 4679 2944 1656 4680 2946 1656 4681 2947 1656 4682 2943 1657 4683 2947 1657 4684 2946 1657 4685 2941 1658 4686 2940 1658 4687 2944 1658 4688 2951 1659 4689 2950 1659 4690 2948 1659 4691 2952 1660 4692 2954 1660 4693 2955 1660 4694 2951 1661 4695 2955 1661 4696 2954 1661 4697 2949 1662 4698 2948 1662 4699 2952 1662 4700 2959 1663 4701 2958 1663 4702 2956 1663 4703 2960 1664 4704 2962 1664 4705 2963 1664 4706 2959 1665 4707 2963 1665 4708 2962 1665 4709 2957 1666 4710 2956 1666 4711 2960 1666 4712 2967 1667 4713 2966 1667 4714 2964 1667 4715 2968 1668 4716 2970 1668 4717 2971 1668 4718 2967 1669 4719 2971 1669 4720 2970 1669 4721 2965 1670 4722 2964 1670 4723 2968 1670 4724 2975 1671 4725 2974 1671 4726 2972 1671 4727 2976 1672 4728 2978 1672 4729 2979 1672 4730 2975 1673 4731 2979 1673 4732 2978 1673 4733 2973 1674 4734 2972 1674 4735 2976 1674 4736 2983 1675 4737 2982 1675 4738 2980 1675 4739 2984 1676 4740 2986 1676 4741 2987 1676 4742 2983 1677 4743 2987 1677 4744 2986 1677 4745 2981 1678 4746 2980 1678 4747 2984 1678 4748 2991 1679 4749 2990 1679 4750 2988 1679 4751 2992 1680 4752 2994 1680 4753 2995 1680 4754 2991 1681 4755 2995 1681 4756 2994 1681 4757 2989 1682 4758 2988 1682 4759 2992 1682 4760 2999 1683 4761 2998 1683 4762 2996 1683 4763 3000 1684 4764 3002 1684 4765 3003 1684 4766 2999 1685 4767 3003 1685 4768 3002 1685 4769 2997 1686 4770 2996 1686 4771 3000 1686 4772 3007 1687 4773 3006 1687 4774 3004 1687 4775 3008 1688 4776 3010 1688 4777 3011 1688 4778 3007 1689 4779 3011 1689 4780 3010 1689 4781 3005 1690 4782 3004 1690 4783 3008 1690 4784 3015 1691 4785 3014 1691 4786 3012 1691 4787 3016 1692 4788 3018 1692 4789 3019 1692 4790 3015 1693 4791 3019 1693 4792 3018 1693 4793 3013 1694 4794 3012 1694 4795 3016 1694 4796 3023 1695 4797 3022 1695 4798 3020 1695 4799 3024 1696 4800 3026 1696 4801 3027 1696 4802 3023 1697 4803 3027 1697 4804 3026 1697 4805 3021 1698 4806 3020 1698 4807 3024 1698 4808 3031 1699 4809 3030 1699 4810 3028 1699 4811 3032 1700 4812 3034 1700 4813 3035 1700 4814 3031 1701 4815 3035 1701 4816 3034 1701 4817 3029 1702 4818 3028 1702 4819 3032 1702 4820 3036 1703 4821 3038 1703 4822 3039 1703 4823 3039 1704 4824 3038 1704 4825 3042 1704 4826 3039 1705 4827 3043 1705 4828 3041 1705 4829 3036 1706 4830 3037 1706 4831 3041 1706 4832 3038 1707 4833 3036 1707 4834 3040 1707 4835 148 1709 4839 4 1709 4840 150 1709 4841 7 1710 4842 6 1710 4843 154 1710 4844 154 1711 4845 150 1711 4846 7 1711 4847 6 1712 4848 4 1712 4849 152 1712 4850 18 12 4851 10 5 4852 19 7 4853 21 14 4854 13 8 4855 22 10 4856 17 18 4857 9 11 4858 18 12 4859 20 19 4860 12 13 4861 21 14 4862 23 20 4863 15 15 4864 16 17 4865 16 17 4866 8 16 4867 17 18 4868 19 7 4869 11 6 4870 20 19 4871 22 10 4872 14 9 4873 23 20 4874 42 36 4875 34 29 4876 43 31 4877 45 38 4878 37 32 4879 46 34 4880 41 42 4881 33 35 4882 42 36 4883 44 43 4884 36 37 4885 45 38 4886 47 44 4887 39 39 4888 40 41 4889 40 41 4890 32 40 4891 41 42 4892 43 31 4893 35 30 4894 44 43 4895 46 34 4896 38 33 4897 47 44 4898 66 60 4899 58 53 4900 67 55 4901 69 62 4902 61 56 4903 70 58 4904 65 66 4905 57 59 4906 66 60 4907 68 67 4908 60 61 4909 69 62 4910 71 68 4911 63 63 4912 64 65 4913 64 65 4914 56 64 4915 65 66 4916 67 55 4917 59 54 4918 68 67 4919 70 58 4920 62 57 4921 71 68 4922 90 84 4923 82 77 4924 91 79 4925 93 86 4926 85 80 4927 94 82 4928 89 90 4929 81 83 4930 90 84 4931 92 91 4932 84 85 4933 93 86 4934 95 92 4935 87 87 4936 88 89 4937 88 89 4938 80 88 4939 89 90 4940 91 79 4941 83 78 4942 92 91 4943 94 82 4944 86 81 4945 95 92 4946 262 108 4947 106 101 4948 263 103 4949 265 110 4950 109 104 4951 266 106 4952 261 114 4953 105 107 4954 262 108 4955 264 115 4956 108 109 4957 265 110 4958 267 116 4959 111 111 4960 260 113 4961 260 113 4962 104 112 4963 261 114 4964 263 103 4965 107 102 4966 264 115 4967 266 106 4968 110 105 4969 267 116 4970 278 124 4971 114 117 4972 279 119 4973 281 126 4974 117 120 4975 282 122 4976 277 130 4977 113 123 4978 278 124 4979 280 131 4980 116 125 4981 281 126 4982 283 132 4983 119 127 4984 276 129 4985 276 129 4986 112 128 4987 277 130 4988 279 119 4989 115 118 4990 280 131 4991 282 122 4992 118 121 4993 283 132 4994 284 1713 4995 120 1713 4996 286 1713 4997 123 1714 4998 122 1714 4999 290 1714 5000 290 1715 5001 286 1715 5002 123 1715 5003 122 1716 5004 120 1716 5005 288 1716 5006 151 1738 5070 149 1738 5071 150 1738 5072 152 1739 5073 153 1739 5074 154 1739 5075 151 1740 5076 150 1740 5077 155 1740 5078 148 1741 5079 149 1741 5080 152 1741 5081 159 172 5082 158 158 5083 167 160 5084 162 173 5085 161 161 5086 170 163 5087 158 158 5088 157 164 5089 166 159 5090 161 161 5091 160 166 5092 169 162 5093 156 171 5094 163 168 5095 164 170 5096 157 164 5097 156 171 5098 165 165 5099 160 166 5100 159 172 5101 168 167 5102 163 168 5103 162 173 5104 171 169 5105 183 196 5106 182 182 5107 191 184 5108 186 197 5109 185 185 5110 194 187 5111 182 182 5112 181 188 5113 190 183 5114 185 185 5115 184 190 5116 193 186 5117 180 195 5118 187 192 5119 188 194 5120 181 188 5121 180 195 5122 189 189 5123 184 190 5124 183 196 5125 192 191 5126 187 192 5127 186 197 5128 195 193 5129 207 220 5130 206 206 5131 215 208 5132 210 221 5133 209 209 5134 218 211 5135 206 206 5136 205 212 5137 214 207 5138 209 209 5139 208 214 5140 217 210 5141 204 219 5142 211 216 5143 212 218 5144 205 212 5145 204 219 5146 213 213 5147 208 214 5148 207 220 5149 216 215 5150 211 216 5151 210 221 5152 219 217 5153 231 244 5154 230 230 5155 239 232 5156 234 245 5157 233 233 5158 242 235 5159 230 230 5160 229 236 5161 238 231 5162 233 233 5163 232 238 5164 241 234 5165 228 243 5166 235 240 5167 236 242 5168 229 236 5169 228 243 5170 237 237 5171 232 238 5172 231 244 5173 240 239 5174 235 240 5175 234 245 5176 243 241 5177 255 260 5178 254 254 5179 263 103 5180 258 261 5181 257 255 5182 266 106 5183 254 254 5184 253 256 5185 262 108 5186 257 255 5187 256 257 5188 265 110 5189 252 259 5190 259 258 5191 260 113 5192 253 256 5193 252 259 5194 261 114 5195 256 257 5196 255 260 5197 264 115 5198 259 258 5199 258 261 5200 267 116 5201 271 268 5202 270 262 5203 279 119 5204 274 269 5205 273 263 5206 282 122 5207 270 262 5208 269 264 5209 278 124 5210 273 263 5211 272 265 5212 281 126 5213 268 267 5214 275 266 5215 276 129 5216 269 264 5217 268 267 5218 277 130 5219 272 265 5220 271 268 5221 280 131 5222 275 266 5223 274 269 5224 283 132 5225 287 1742 5226 285 1742 5227 286 1742 5228 288 1743 5229 289 1743 5230 290 1743 5231 287 1744 5232 286 1744 5233 291 1744 5234 284 1745 5235 285 1745 5236 288 1745 5237 316 1767 5301 317 1767 5302 318 1767 5303 323 1768 5304 321 1768 5305 322 1768 5306 322 1769 5307 318 1769 5308 323 1769 5309 321 1770 5310 317 1770 5311 320 1770 5312 324 1771 5313 325 1771 5314 326 1771 5315 331 1772 5316 329 1772 5317 330 1772 5318 330 1773 5319 326 1773 5320 331 1773 5321 329 1774 5322 325 1774 5323 328 1774 5324 332 1775 5325 333 1775 5326 334 1775 5327 339 1776 5328 337 1776 5329 338 1776 5330 338 1777 5331 334 1777 5332 339 1777 5333 337 1778 5334 333 1778 5335 336 1778 5336 340 1779 5337 341 1779 5338 342 1779 5339 347 1780 5340 345 1780 5341 346 1780 5342 346 1781 5343 342 1781 5344 347 1781 5345 345 1782 5346 341 1782 5347 344 1782 5348 348 1783 5349 349 1783 5350 350 1783 5351 355 1784 5352 353 1784 5353 354 1784 5354 354 1785 5355 350 1785 5356 355 1785 5357 353 1786 5358 349 1786 5359 352 1786 5360 356 1787 5361 357 1787 5362 358 1787 5363 363 1788 5364 361 1788 5365 362 1788 5366 362 1789 5367 358 1789 5368 363 1789 5369 361 1790 5370 357 1790 5371 360 1790 5372 364 1791 5373 365 1791 5374 366 1791 5375 371 1792 5376 369 1792 5377 370 1792 5378 370 1793 5379 366 1793 5380 371 1793 5381 369 1794 5382 365 1794 5383 368 1794 5384 372 1795 5385 373 1795 5386 374 1795 5387 379 1796 5388 377 1796 5389 378 1796 5390 378 1797 5391 374 1797 5392 379 1797 5393 377 1798 5394 373 1798 5395 376 1798 5396 381 1799 5397 383 1799 5398 380 1799 5399 385 1800 5400 384 1800 5401 387 1800 5402 386 1801 5403 382 1801 5404 387 1801 5405 385 1802 5406 381 1802 5407 384 1802 5408 389 1803 5409 391 1803 5410 388 1803 5411 393 1804 5412 392 1804 5413 395 1804 5414 390 1805 5415 391 1805 5416 394 1805 5417 393 1806 5418 389 1806 5419 392 1806 5420 397 1807 5421 399 1807 5422 396 1807 5423 401 1808 5424 400 1808 5425 403 1808 5426 402 1809 5427 398 1809 5428 403 1809 5429 401 1810 5430 397 1810 5431 400 1810 5432 405 1811 5433 407 1811 5434 404 1811 5435 409 1812 5436 408 1812 5437 411 1812 5438 406 1813 5439 407 1813 5440 410 1813 5441 409 1814 5442 405 1814 5443 408 1814 5444 413 1815 5445 415 1815 5446 412 1815 5447 417 1816 5448 416 1816 5449 419 1816 5450 418 1817 5451 414 1817 5452 419 1817 5453 417 1818 5454 413 1818 5455 416 1818 5456 421 1819 5457 423 1819 5458 420 1819 5459 425 1820 5460 424 1820 5461 427 1820 5462 422 1821 5463 423 1821 5464 426 1821 5465 425 1822 5466 421 1822 5467 424 1822 5468 429 1823 5469 431 1823 5470 428 1823 5471 433 1824 5472 432 1824 5473 435 1824 5474 434 1825 5475 430 1825 5476 435 1825 5477 433 1826 5478 429 1826 5479 432 1826 5480 437 1827 5481 439 1827 5482 436 1827 5483 441 1828 5484 440 1828 5485 443 1828 5486 438 1829 5487 439 1829 5488 442 1829 5489 441 1830 5490 437 1830 5491 440 1830 5492 445 1831 5493 447 1831 5494 444 1831 5495 449 1832 5496 448 1832 5497 451 1832 5498 450 1833 5499 446 1833 5500 451 1833 5501 449 1834 5502 445 1834 5503 448 1834 5504 453 1835 5505 455 1835 5506 452 1835 5507 457 1836 5508 456 1836 5509 459 1836 5510 454 1837 5511 455 1837 5512 458 1837 5513 457 1838 5514 453 1838 5515 456 1838 5516 461 1839 5517 463 1839 5518 460 1839 5519 465 1840 5520 464 1840 5521 467 1840 5522 466 1841 5523 462 1841 5524 467 1841 5525 465 1842 5526 461 1842 5527 464 1842 5528 469 1843 5529 471 1843 5530 468 1843 5531 473 1844 5532 472 1844 5533 475 1844 5534 470 1845 5535 471 1845 5536 474 1845 5537 473 1846 5538 469 1846 5539 472 1846 5540 477 1847 5541 479 1847 5542 476 1847 5543 481 1848 5544 480 1848 5545 483 1848 5546 482 1849 5547 478 1849 5548 483 1849 5549 481 1850 5550 477 1850 5551 480 1850 5552 485 1851 5553 487 1851 5554 484 1851 5555 489 1852 5556 488 1852 5557 491 1852 5558 486 1853 5559 487 1853 5560 490 1853 5561 489 1854 5562 485 1854 5563 488 1854 5564 492 1855 5565 493 1855 5566 494 1855 5567 499 1856 5568 497 1856 5569 498 1856 5570 498 1857 5571 494 1857 5572 499 1857 5573 493 1858 5574 492 1858 5575 497 1858 5576 500 1859 5577 501 1859 5578 502 1859 5579 507 1860 5580 505 1860 5581 506 1860 5582 506 1861 5583 502 1861 5584 507 1861 5585 501 1862 5586 500 1862 5587 505 1862 5588 508 1863 5589 509 1863 5590 510 1863 5591 515 1864 5592 513 1864 5593 514 1864 5594 514 1865 5595 510 1865 5596 515 1865 5597 509 1866 5598 508 1866 5599 513 1866 5600 516 1867 5601 517 1867 5602 518 1867 5603 523 1868 5604 521 1868 5605 522 1868 5606 522 1869 5607 518 1869 5608 523 1869 5609 517 1870 5610 516 1870 5611 521 1870 5612 524 1871 5613 525 1871 5614 526 1871 5615 531 1872 5616 529 1872 5617 530 1872 5618 530 1873 5619 526 1873 5620 531 1873 5621 525 1874 5622 524 1874 5623 529 1874 5624 532 1875 5625 533 1875 5626 534 1875 5627 539 1876 5628 537 1876 5629 538 1876 5630 538 1877 5631 534 1877 5632 539 1877 5633 533 1878 5634 532 1878 5635 537 1878 5636 540 1879 5637 541 1879 5638 542 1879 5639 547 1880 5640 545 1880 5641 546 1880 5642 546 1881 5643 542 1881 5644 547 1881 5645 541 1882 5646 540 1882 5647 545 1882 5648 548 1883 5649 549 1883 5650 550 1883 5651 555 1884 5652 553 1884 5653 554 1884 5654 554 1885 5655 550 1885 5656 555 1885 5657 549 1886 5658 548 1886 5659 553 1886 5660 557 1887 5661 559 1887 5662 556 1887 5663 561 1888 5664 560 1888 5665 563 1888 5666 558 1889 5667 559 1889 5668 562 1889 5669 561 1890 5670 557 1890 5671 560 1890 5672 565 1891 5673 567 1891 5674 564 1891 5675 569 1892 5676 568 1892 5677 571 1892 5678 566 1893 5679 567 1893 5680 570 1893 5681 569 1894 5682 565 1894 5683 568 1894 5684 573 1895 5685 575 1895 5686 572 1895 5687 577 1896 5688 576 1896 5689 579 1896 5690 574 1897 5691 575 1897 5692 578 1897 5693 577 1898 5694 573 1898 5695 576 1898 5696 581 1899 5697 583 1899 5698 580 1899 5699 585 1900 5700 584 1900 5701 587 1900 5702 582 1901 5703 583 1901 5704 586 1901 5705 585 1902 5706 581 1902 5707 584 1902 5708 589 1903 5709 591 1903 5710 588 1903 5711 593 1904 5712 592 1904 5713 595 1904 5714 590 1905 5715 591 1905 5716 594 1905 5717 593 1906 5718 589 1906 5719 592 1906 5720 597 1907 5721 599 1907 5722 596 1907 5723 601 1908 5724 600 1908 5725 603 1908 5726 598 1909 5727 599 1909 5728 602 1909 5729 601 1910 5730 597 1910 5731 600 1910 5732 605 1911 5733 607 1911 5734 604 1911 5735 609 1912 5736 608 1912 5737 611 1912 5738 606 1913 5739 607 1913 5740 610 1913 5741 609 1914 5742 605 1914 5743 608 1914 5744 613 1915 5745 615 1915 5746 612 1915 5747 617 1916 5748 616 1916 5749 619 1916 5750 614 1917 5751 615 1917 5752 618 1917 5753 617 1918 5754 613 1918 5755 616 1918 5756 621 1919 5757 623 1919 5758 620 1919 5759 625 1920 5760 624 1920 5761 627 1920 5762 622 1921 5763 623 1921 5764 626 1921 5765 625 1922 5766 621 1922 5767 624 1922 5768 629 1923 5769 631 1923 5770 628 1923 5771 633 1924 5772 632 1924 5773 635 1924 5774 630 1925 5775 631 1925 5776 634 1925 5777 633 1926 5778 629 1926 5779 632 1926 5780 637 1927 5781 639 1927 5782 636 1927 5783 641 1928 5784 640 1928 5785 643 1928 5786 638 1929 5787 639 1929 5788 642 1929 5789 641 1930 5790 637 1930 5791 640 1930 5792 645 1931 5793 647 1931 5794 644 1931 5795 649 1932 5796 648 1932 5797 651 1932 5798 646 1933 5799 647 1933 5800 650 1933 5801 649 1934 5802 645 1934 5803 648 1934 5804 653 1935 5805 655 1935 5806 652 1935 5807 657 1936 5808 656 1936 5809 659 1936 5810 654 1937 5811 655 1937 5812 658 1937 5813 657 1938 5814 653 1938 5815 656 1938 5816 661 1939 5817 663 1939 5818 660 1939 5819 665 1940 5820 664 1940 5821 667 1940 5822 662 1941 5823 663 1941 5824 666 1941 5825 665 1942 5826 661 1942 5827 664 1942 5828 668 1943 5829 669 1943 5830 670 1943 5831 675 1944 5832 673 1944 5833 674 1944 5834 670 1945 5835 671 1945 5836 674 1945 5837 673 1946 5838 669 1946 5839 672 1946 5840 676 1947 5841 677 1947 5842 678 1947 5843 683 1948 5844 681 1948 5845 682 1948 5846 678 1949 5847 679 1949 5848 682 1949 5849 681 1950 5850 677 1950 5851 680 1950 5852 684 1951 5853 685 1951 5854 686 1951 5855 691 1952 5856 689 1952 5857 690 1952 5858 686 1953 5859 687 1953 5860 690 1953 5861 689 1954 5862 685 1954 5863 688 1954 5864 692 1955 5865 693 1955 5866 694 1955 5867 699 1956 5868 697 1956 5869 698 1956 5870 694 1957 5871 695 1957 5872 698 1957 5873 697 1958 5874 693 1958 5875 696 1958 5876 700 1959 5877 701 1959 5878 702 1959 5879 707 1960 5880 705 1960 5881 706 1960 5882 702 1961 5883 703 1961 5884 706 1961 5885 705 1962 5886 701 1962 5887 704 1962 5888 708 1963 5889 709 1963 5890 710 1963 5891 715 1964 5892 713 1964 5893 714 1964 5894 710 1965 5895 711 1965 5896 714 1965 5897 713 1966 5898 709 1966 5899 712 1966 5900 716 1967 5901 717 1967 5902 718 1967 5903 723 1968 5904 721 1968 5905 722 1968 5906 718 1969 5907 719 1969 5908 722 1969 5909 721 1970 5910 717 1970 5911 720 1970 5912 724 1971 5913 725 1971 5914 726 1971 5915 731 1972 5916 729 1972 5917 730 1972 5918 726 1973 5919 727 1973 5920 730 1973 5921 729 1974 5922 725 1974 5923 728 1974 5924 733 1975 5925 735 1975 5926 732 1975 5927 737 1976 5928 736 1976 5929 739 1976 5930 734 1977 5931 735 1977 5932 738 1977 5933 737 1978 5934 733 1978 5935 736 1978 5936 741 1979 5937 743 1979 5938 740 1979 5939 745 1980 5940 744 1980 5941 747 1980 5942 746 1981 5943 742 1981 5944 747 1981 5945 745 1982 5946 741 1982 5947 744 1982 5948 749 1983 5949 751 1983 5950 748 1983 5951 753 1984 5952 752 1984 5953 755 1984 5954 750 1985 5955 751 1985 5956 754 1985 5957 753 1986 5958 749 1986 5959 752 1986 5960 757 1987 5961 759 1987 5962 756 1987 5963 761 1988 5964 760 1988 5965 763 1988 5966 762 1989 5967 758 1989 5968 763 1989 5969 761 1990 5970 757 1990 5971 760 1990 5972 765 1991 5973 767 1991 5974 764 1991 5975 769 1992 5976 768 1992 5977 771 1992 5978 766 1993 5979 767 1993 5980 770 1993 5981 769 1994 5982 765 1994 5983 768 1994 5984 773 1995 5985 775 1995 5986 772 1995 5987 777 1996 5988 776 1996 5989 779 1996 5990 778 1997 5991 774 1997 5992 779 1997 5993 777 1998 5994 773 1998 5995 776 1998 5996 781 1999 5997 783 1999 5998 780 1999 5999 785 2000 6000 784 2000 6001 787 2000 6002 782 2001 6003 783 2001 6004 786 2001 6005 785 2002 6006 781 2002 6007 784 2002 6008 789 2003 6009 791 2003 6010 788 2003 6011 793 2004 6012 792 2004 6013 795 2004 6014 794 2005 6015 790 2005 6016 795 2005 6017 793 2006 6018 789 2006 6019 792 2006 6020 797 2007 6021 799 2007 6022 796 2007 6023 801 2008 6024 800 2008 6025 803 2008 6026 798 2009 6027 799 2009 6028 802 2009 6029 801 2010 6030 797 2010 6031 800 2010 6032 805 2011 6033 807 2011 6034 804 2011 6035 809 2012 6036 808 2012 6037 811 2012 6038 810 2013 6039 806 2013 6040 811 2013 6041 809 2014 6042 805 2014 6043 808 2014 6044 813 2015 6045 815 2015 6046 812 2015 6047 817 2016 6048 816 2016 6049 819 2016 6050 814 2017 6051 815 2017 6052 818 2017 6053 817 2018 6054 813 2018 6055 816 2018 6056 821 2019 6057 823 2019 6058 820 2019 6059 825 2020 6060 824 2020 6061 827 2020 6062 826 2021 6063 822 2021 6064 827 2021 6065 825 2022 6066 821 2022 6067 824 2022 6068 829 2023 6069 831 2023 6070 828 2023 6071 833 2024 6072 832 2024 6073 835 2024 6074 830 2025 6075 831 2025 6076 834 2025 6077 833 2026 6078 829 2026 6079 832 2026 6080 837 2027 6081 839 2027 6082 836 2027 6083 841 2028 6084 840 2028 6085 843 2028 6086 842 2029 6087 838 2029 6088 843 2029 6089 841 2030 6090 837 2030 6091 840 2030 6092 844 2031 6093 845 2031 6094 846 2031 6095 851 2032 6096 849 2032 6097 850 2032 6098 846 2033 6099 847 2033 6100 850 2033 6101 849 2034 6102 845 2034 6103 848 2034 6104 852 2035 6105 853 2035 6106 854 2035 6107 859 2036 6108 857 2036 6109 858 2036 6110 854 2037 6111 855 2037 6112 858 2037 6113 857 2038 6114 853 2038 6115 856 2038 6116 860 2039 6117 861 2039 6118 862 2039 6119 867 2040 6120 865 2040 6121 866 2040 6122 862 2041 6123 863 2041 6124 866 2041 6125 865 2042 6126 861 2042 6127 864 2042 6128 868 2043 6129 869 2043 6130 870 2043 6131 875 2044 6132 873 2044 6133 874 2044 6134 870 2045 6135 871 2045 6136 874 2045 6137 873 2046 6138 869 2046 6139 872 2046 6140 876 2047 6141 877 2047 6142 878 2047 6143 883 2048 6144 881 2048 6145 882 2048 6146 878 2049 6147 879 2049 6148 882 2049 6149 881 2050 6150 877 2050 6151 880 2050 6152 884 2051 6153 885 2051 6154 886 2051 6155 891 2052 6156 889 2052 6157 890 2052 6158 886 2053 6159 887 2053 6160 890 2053 6161 889 2054 6162 885 2054 6163 888 2054 6164 892 2055 6165 893 2055 6166 894 2055 6167 899 2056 6168 897 2056 6169 898 2056 6170 894 2057 6171 895 2057 6172 898 2057 6173 897 2058 6174 893 2058 6175 896 2058 6176 900 2059 6177 901 2059 6178 902 2059 6179 907 2060 6180 905 2060 6181 906 2060 6182 902 2061 6183 903 2061 6184 906 2061 6185 905 2062 6186 901 2062 6187 904 2062 6188 909 2063 6189 911 2063 6190 908 2063 6191 913 2064 6192 912 2064 6193 915 2064 6194 910 2065 6195 911 2065 6196 914 2065 6197 913 2066 6198 909 2066 6199 912 2066 6200 917 2067 6201 919 2067 6202 916 2067 6203 921 2068 6204 920 2068 6205 923 2068 6206 918 2069 6207 919 2069 6208 922 2069 6209 921 2070 6210 917 2070 6211 920 2070 6212 925 2071 6213 927 2071 6214 924 2071 6215 929 2072 6216 928 2072 6217 931 2072 6218 926 2073 6219 927 2073 6220 930 2073 6221 929 2074 6222 925 2074 6223 928 2074 6224 933 2075 6225 935 2075 6226 932 2075 6227 937 2076 6228 936 2076 6229 939 2076 6230 934 2077 6231 935 2077 6232 938 2077 6233 937 2078 6234 933 2078 6235 936 2078 6236 941 2079 6237 943 2079 6238 940 2079 6239 945 2080 6240 944 2080 6241 947 2080 6242 942 2081 6243 943 2081 6244 946 2081 6245 945 2082 6246 941 2082 6247 944 2082 6248 949 2083 6249 951 2083 6250 948 2083 6251 953 2084 6252 952 2084 6253 955 2084 6254 950 2085 6255 951 2085 6256 954 2085 6257 953 2086 6258 949 2086 6259 952 2086 6260 957 2087 6261 959 2087 6262 956 2087 6263 961 2088 6264 960 2088 6265 963 2088 6266 958 2089 6267 959 2089 6268 962 2089 6269 961 2090 6270 957 2090 6271 960 2090 6272 965 2091 6273 967 2091 6274 964 2091 6275 969 2092 6276 968 2092 6277 971 2092 6278 966 2093 6279 967 2093 6280 970 2093 6281 969 2094 6282 965 2094 6283 968 2094 6284 973 2095 6285 975 2095 6286 972 2095 6287 977 2096 6288 976 2096 6289 979 2096 6290 974 2097 6291 975 2097 6292 978 2097 6293 977 2098 6294 973 2098 6295 976 2098 6296 981 2099 6297 983 2099 6298 980 2099 6299 985 2100 6300 984 2100 6301 987 2100 6302 982 2101 6303 983 2101 6304 986 2101 6305 985 2102 6306 981 2102 6307 984 2102 6308 989 2103 6309 991 2103 6310 988 2103 6311 993 2104 6312 992 2104 6313 995 2104 6314 990 2105 6315 991 2105 6316 994 2105 6317 993 2106 6318 989 2106 6319 992 2106 6320 997 2107 6321 999 2107 6322 996 2107 6323 1001 2108 6324 1000 2108 6325 1003 2108 6326 998 2109 6327 999 2109 6328 1002 2109 6329 1001 2110 6330 997 2110 6331 1000 2110 6332 1005 2111 6333 1007 2111 6334 1004 2111 6335 1009 2112 6336 1008 2112 6337 1011 2112 6338 1006 2113 6339 1007 2113 6340 1010 2113 6341 1009 2114 6342 1005 2114 6343 1008 2114 6344 1013 2115 6345 1015 2115 6346 1012 2115 6347 1017 2116 6348 1016 2116 6349 1019 2116 6350 1014 2117 6351 1015 2117 6352 1018 2117 6353 1017 2118 6354 1013 2118 6355 1016 2118 6356 1020 2119 6357 1021 2119 6358 1022 2119 6359 1027 2120 6360 1025 2120 6361 1026 2120 6362 1022 2121 6363 1023 2121 6364 1026 2121 6365 1025 2122 6366 1021 2122 6367 1024 2122 6368 1028 2123 6369 1029 2123 6370 1030 2123 6371 1035 2124 6372 1033 2124 6373 1034 2124 6374 1030 2125 6375 1031 2125 6376 1034 2125 6377 1033 2126 6378 1029 2126 6379 1032 2126 6380 1036 2127 6381 1037 2127 6382 1038 2127 6383 1043 2128 6384 1041 2128 6385 1042 2128 6386 1038 2129 6387 1039 2129 6388 1042 2129 6389 1041 2130 6390 1037 2130 6391 1040 2130 6392 1044 2131 6393 1045 2131 6394 1046 2131 6395 1051 2132 6396 1049 2132 6397 1050 2132 6398 1050 2133 6399 1046 2133 6400 1051 2133 6401 1045 2134 6402 1044 2134 6403 1049 2134 6404 1052 2135 6405 1053 2135 6406 1054 2135 6407 1059 2136 6408 1057 2136 6409 1058 2136 6410 1054 2137 6411 1055 2137 6412 1058 2137 6413 1057 2138 6414 1053 2138 6415 1056 2138 6416 1060 2139 6417 1061 2139 6418 1062 2139 6419 1067 2140 6420 1065 2140 6421 1066 2140 6422 1066 2141 6423 1062 2141 6424 1067 2141 6425 1065 2142 6426 1061 2142 6427 1064 2142 6428 1068 2143 6429 1069 2143 6430 1070 2143 6431 1075 2144 6432 1073 2144 6433 1074 2144 6434 1074 2145 6435 1070 2145 6436 1075 2145 6437 1069 2146 6438 1068 2146 6439 1073 2146 6440 1076 2147 6441 1077 2147 6442 1078 2147 6443 1083 2148 6444 1081 2148 6445 1082 2148 6446 1082 2149 6447 1078 2149 6448 1083 2149 6449 1077 2150 6450 1076 2150 6451 1081 2150 6452 1093 2151 6453 1090 2151 6454 1094 2151 6455 1096 2152 6456 1098 2152 6457 1095 2152 6458 1100 2153 6459 1097 2153 6460 1101 2153 6461 1103 2154 6462 1105 2154 6463 1102 2154 6464 1107 2155 6465 1106 2155 6466 1109 2155 6467 1108 2156 6468 1104 2156 6469 1109 2156 6470 1107 2157 6471 1103 2157 6472 1106 2157 6473 1114 2158 6474 1113 2158 6475 1116 2158 6476 1114 2159 6477 1111 2159 6478 1113 2159 6479 1118 2160 6480 1120 2160 6481 1117 2160 6482 1122 2161 6483 1121 2161 6484 1124 2161 6485 1123 2162 6486 1119 2162 6487 1124 2162 6488 1122 2163 6489 1118 2163 6490 1121 2163 6491 1134 2164 6492 1131 2164 6493 1135 2164 6494 1137 2165 6495 1139 2165 6496 1136 2165 6497 1141 2166 6498 1140 2166 6499 1143 2166 6500 1142 2167 6501 1138 2167 6502 1143 2167 6503 1141 2168 6504 1137 2168 6505 1140 2168 6506 1145 2169 6507 1147 2169 6508 1144 2169 6509 1149 2170 6510 1148 2170 6511 1151 2170 6512 1150 2171 6513 1146 2171 6514 1151 2171 6515 1149 2172 6516 1145 2172 6517 1148 2172 6518 1153 2173 6519 1155 2173 6520 1152 2173 6521 1157 2174 6522 1156 2174 6523 1159 2174 6524 1158 2175 6525 1154 2175 6526 1159 2175 6527 1157 2176 6528 1153 2176 6529 1156 2176 6530 1161 2177 6531 1163 2177 6532 1160 2177 6533 1165 2178 6534 1164 2178 6535 1167 2178 6536 1162 2179 6537 1163 2179 6538 1166 2179 6539 1165 2180 6540 1161 2180 6541 1164 2180 6542 1169 2181 6543 1171 2181 6544 1168 2181 6545 1173 2182 6546 1172 2182 6547 1175 2182 6548 1174 2183 6549 1170 2183 6550 1175 2183 6551 1173 2184 6552 1169 2184 6553 1172 2184 6554 1177 2185 6555 1179 2185 6556 1176 2185 6557 1181 2186 6558 1180 2186 6559 1183 2186 6560 1178 2187 6561 1179 2187 6562 1182 2187 6563 1181 2188 6564 1177 2188 6565 1180 2188 6566 1185 2189 6567 1187 2189 6568 1184 2189 6569 1189 2190 6570 1188 2190 6571 1191 2190 6572 1190 2191 6573 1186 2191 6574 1191 2191 6575 1189 2192 6576 1185 2192 6577 1188 2192 6578 1193 2193 6579 1195 2193 6580 1192 2193 6581 1197 2194 6582 1196 2194 6583 1199 2194 6584 1194 2195 6585 1195 2195 6586 1198 2195 6587 1197 2196 6588 1193 2196 6589 1196 2196 6590 1201 2197 6591 1203 2197 6592 1200 2197 6593 1205 2198 6594 1204 2198 6595 1207 2198 6596 1206 2199 6597 1202 2199 6598 1207 2199 6599 1205 2200 6600 1201 2200 6601 1204 2200 6602 1209 2201 6603 1211 2201 6604 1208 2201 6605 1213 2202 6606 1212 2202 6607 1215 2202 6608 1210 2203 6609 1211 2203 6610 1214 2203 6611 1213 2204 6612 1209 2204 6613 1212 2204 6614 1217 2205 6615 1219 2205 6616 1216 2205 6617 1221 2206 6618 1220 2206 6619 1223 2206 6620 1222 2207 6621 1218 2207 6622 1223 2207 6623 1221 2208 6624 1217 2208 6625 1220 2208 6626 1225 2209 6627 1227 2209 6628 1224 2209 6629 1229 2210 6630 1228 2210 6631 1231 2210 6632 1226 2211 6633 1227 2211 6634 1230 2211 6635 1229 2212 6636 1225 2212 6637 1228 2212 6638 1233 2213 6639 1235 2213 6640 1232 2213 6641 1237 2214 6642 1236 2214 6643 1239 2214 6644 1238 2215 6645 1234 2215 6646 1239 2215 6647 1237 2216 6648 1233 2216 6649 1236 2216 6650 1241 2217 6651 1243 2217 6652 1240 2217 6653 1245 2218 6654 1244 2218 6655 1247 2218 6656 1242 2219 6657 1243 2219 6658 1246 2219 6659 1245 2220 6660 1241 2220 6661 1244 2220 6662 1253 2221 6663 1252 2221 6664 1249 2221 6665 1254 2222 6666 1252 2222 6667 1255 2222 6668 1250 2223 6669 1251 2223 6670 1248 2223 6671 1250 2224 6672 1254 2224 6673 1251 2224 6674 1257 2225 6675 1261 2225 6676 1256 2225 6677 1262 2226 6678 1260 2226 6679 1263 2226 6680 1258 2227 6681 1259 2227 6682 1256 2227 6683 1258 2228 6684 1262 2228 6685 1259 2228 6686 1269 2229 6687 1268 2229 6688 1265 2229 6689 1270 2230 6690 1268 2230 6691 1271 2230 6692 1266 2231 6693 1267 2231 6694 1264 2231 6695 1266 2232 6696 1270 2232 6697 1267 2232 6698 1273 2233 6699 1277 2233 6700 1272 2233 6701 1278 2234 6702 1276 2234 6703 1279 2234 6704 1274 2235 6705 1275 2235 6706 1272 2235 6707 1274 2236 6708 1278 2236 6709 1275 2236 6710 1285 2237 6711 1284 2237 6712 1281 2237 6713 1286 2238 6714 1284 2238 6715 1287 2238 6716 1282 2239 6717 1283 2239 6718 1280 2239 6719 1282 2240 6720 1286 2240 6721 1283 2240 6722 1289 2241 6723 1293 2241 6724 1288 2241 6725 1294 2242 6726 1292 2242 6727 1295 2242 6728 1290 2243 6729 1291 2243 6730 1288 2243 6731 1290 2244 6732 1294 2244 6733 1291 2244 6734 1301 2245 6735 1300 2245 6736 1297 2245 6737 1302 2246 6738 1300 2246 6739 1303 2246 6740 1298 2247 6741 1299 2247 6742 1296 2247 6743 1298 2248 6744 1302 2248 6745 1299 2248 6746 1305 2249 6747 1309 2249 6748 1304 2249 6749 1310 2250 6750 1308 2250 6751 1311 2250 6752 1306 2251 6753 1307 2251 6754 1304 2251 6755 1306 2252 6756 1310 2252 6757 1307 2252 6758 1313 2253 6759 1316 2253 6760 1312 2253 6761 1319 2254 6762 1323 2254 6763 1318 2254 6764 1320 2255 6765 1321 2255 6766 1318 2255 6767 1327 2256 6768 1328 2256 6769 1325 2256 6770 1327 2257 6771 1330 2257 6772 1328 2257 6773 1333 2258 6774 1336 2258 6775 1334 2258 6776 1339 2259 6777 1343 2259 6778 1338 2259 6779 1338 2260 6780 1340 2260 6781 1339 2260 6782 1346 2261 6783 1348 2261 6784 1345 2261 6785 1350 2262 6786 1349 2262 6787 1352 2262 6788 1351 2263 6789 1347 2263 6790 1352 2263 6791 1350 2264 6792 1346 2264 6793 1349 2264 6794 1354 2265 6795 1356 2265 6796 1353 2265 6797 1358 2266 6798 1357 2266 6799 1360 2266 6800 1355 2267 6801 1356 2267 6802 1359 2267 6803 1358 2268 6804 1354 2268 6805 1357 2268 6806 1103 2269 6807 1107 2269 6808 1105 2269 6809 1374 2270 6810 1086 2270 6811 1084 2270 6812 1376 2271 6813 1375 2271 6814 1088 2271 6815 1088 2272 6816 1085 2272 6817 1376 2272 6818 1375 2273 6819 1374 2273 6820 1087 2273 6821 1089 2274 6822 1377 2274 6823 1090 2274 6824 1094 2275 6825 1378 2275 6826 1093 2275 6827 1378 2276 6828 1377 2276 6829 1092 2276 6830 1101 2277 6831 1379 2277 6832 1100 2277 6833 1096 2278 6834 1095 2278 6835 1379 2278 6836 1111 2279 6837 1361 2279 6838 1110 2279 6839 1115 2280 6840 1112 2280 6841 1116 2280 6842 1125 2281 6843 1362 2281 6844 1126 2281 6845 1364 2282 6846 1363 2282 6847 1129 2282 6848 1129 2283 6849 1126 2283 6850 1364 2283 6851 1363 2284 6852 1362 2284 6853 1128 2284 6854 1372 2285 6855 1132 2285 6856 1130 2285 6857 1373 2286 6858 1133 2286 6859 1135 2286 6860 1373 2287 6861 1372 2287 6862 1133 2287 6863 1317 2288 6864 1370 2288 6865 1316 2288 6866 1312 2289 6867 1371 2289 6868 1313 2289 6869 1371 2290 6870 1370 2290 6871 1314 2290 6872 1369 2291 6873 1322 2291 6874 1324 2291 6875 1320 2292 6876 1369 2292 6877 1321 2292 6878 1326 2293 6879 1329 2293 6880 1325 2293 6881 1330 2294 6882 1368 2294 6883 1331 2294 6884 1332 2295 6885 1335 2295 6886 1367 2295 6887 1336 2296 6888 1366 2296 6889 1337 2296 6890 1333 2297 6891 1334 2297 6892 1367 2297 6893 1344 2298 6894 1365 2298 6895 1343 2298 6896 1340 2299 6897 1365 2299 6898 1341 2299 6899 1361 2300 6900 1111 2300 6901 1116 2300 6902 1120 2301 6903 1118 2301 6904 1124 2301 6905 1362 2302 6906 1363 2302 6907 1127 2302 6908 1342 2303 6909 1365 2303 6910 1338 2303 6911 1366 2304 6912 1336 2304 6913 1367 2304 6914 1368 2305 6915 1330 2305 6916 1325 2305 6917 1369 2306 6918 1320 2306 6919 1322 2306 6920 1315 2307 6921 1370 2307 6922 1312 2307 6923 1132 2308 6924 1372 2308 6925 1135 2308 6926 1374 2309 6927 1375 2309 6928 1086 2309 6929 1091 2310 6930 1377 2310 6931 1094 2310 6932 1098 2311 6933 1096 2311 6934 1101 2311 6935 1389 2312 6936 1386 2312 6937 1390 2312 6938 1391 2313 6939 1392 2313 6940 1393 2313 6941 1396 2314 6942 1393 2314 6943 1397 2314 6944 1398 2315 6945 1399 2315 6946 1400 2315 6947 1405 2316 6948 1403 2316 6949 1404 2316 6950 1404 2317 6951 1400 2317 6952 1405 2317 6953 1399 2318 6954 1398 2318 6955 1403 2318 6956 1412 2319 6957 1410 2319 6958 1411 2319 6959 1407 2320 6960 1406 2320 6961 1410 2320 6962 1413 2321 6963 1414 2321 6964 1415 2321 6965 1420 2322 6966 1418 2322 6967 1419 2322 6968 1419 2323 6969 1415 2323 6970 1420 2323 6971 1414 2324 6972 1413 2324 6973 1418 2324 6974 1430 2325 6975 1427 2325 6976 1431 2325 6977 1433 2326 6978 1435 2326 6979 1432 2326 6980 1437 2327 6981 1436 2327 6982 1439 2327 6983 1434 2328 6984 1435 2328 6985 1438 2328 6986 1437 2329 6987 1433 2329 6988 1436 2329 6989 1441 2330 6990 1443 2330 6991 1440 2330 6992 1445 2331 6993 1444 2331 6994 1447 2331 6995 1442 2332 6996 1443 2332 6997 1446 2332 6998 1445 2333 6999 1441 2333 7000 1444 2333 7001 1449 2334 7002 1451 2334 7003 1448 2334 7004 1453 2335 7005 1452 2335 7006 1455 2335 7007 1450 2336 7008 1451 2336 7009 1454 2336 7010 1453 2337 7011 1449 2337 7012 1452 2337 7013 1457 2338 7014 1459 2338 7015 1456 2338 7016 1461 2339 7017 1460 2339 7018 1463 2339 7019 1462 2340 7020 1458 2340 7021 1463 2340 7022 1461 2341 7023 1457 2341 7024 1460 2341 7025 1465 2342 7026 1467 2342 7027 1464 2342 7028 1469 2343 7029 1468 2343 7030 1471 2343 7031 1466 2344 7032 1467 2344 7033 1470 2344 7034 1469 2345 7035 1465 2345 7036 1468 2345 7037 1473 2346 7038 1475 2346 7039 1472 2346 7040 1477 2347 7041 1476 2347 7042 1479 2347 7043 1474 2348 7044 1475 2348 7045 1478 2348 7046 1473 2349 7047 1472 2349 7048 1477 2349 7049 1481 2350 7050 1483 2350 7051 1480 2350 7052 1485 2351 7053 1484 2351 7054 1487 2351 7055 1482 2352 7056 1483 2352 7057 1486 2352 7058 1485 2353 7059 1481 2353 7060 1484 2353 7061 1489 2354 7062 1491 2354 7063 1488 2354 7064 1493 2355 7065 1492 2355 7066 1495 2355 7067 1490 2356 7068 1491 2356 7069 1494 2356 7070 1493 2357 7071 1489 2357 7072 1492 2357 7073 1497 2358 7074 1499 2358 7075 1496 2358 7076 1501 2359 7077 1500 2359 7078 1503 2359 7079 1498 2360 7080 1499 2360 7081 1502 2360 7082 1501 2361 7083 1497 2361 7084 1500 2361 7085 1505 2362 7086 1507 2362 7087 1504 2362 7088 1509 2363 7089 1508 2363 7090 1511 2363 7091 1510 2364 7092 1506 2364 7093 1511 2364 7094 1505 2365 7095 1504 2365 7096 1509 2365 7097 1513 2366 7098 1515 2366 7099 1512 2366 7100 1517 2367 7101 1516 2367 7102 1519 2367 7103 1514 2368 7104 1515 2368 7105 1518 2368 7106 1517 2369 7107 1513 2369 7108 1516 2369 7109 1521 2370 7110 1523 2370 7111 1520 2370 7112 1525 2371 7113 1524 2371 7114 1527 2371 7115 1522 2372 7116 1523 2372 7117 1526 2372 7118 1525 2373 7119 1521 2373 7120 1524 2373 7121 1529 2374 7122 1531 2374 7123 1528 2374 7124 1533 2375 7125 1532 2375 7126 1535 2375 7127 1530 2376 7128 1531 2376 7129 1534 2376 7130 1533 2377 7131 1529 2377 7132 1532 2377 7133 1537 2378 7134 1539 2378 7135 1536 2378 7136 1541 2379 7137 1540 2379 7138 1543 2379 7139 1538 2380 7140 1539 2380 7141 1542 2380 7142 1541 2381 7143 1537 2381 7144 1540 2381 7145 1549 2382 7146 1548 2382 7147 1545 2382 7148 1550 2383 7149 1548 2383 7150 1551 2383 7151 1546 2384 7152 1547 2384 7153 1544 2384 7154 1546 2385 7155 1550 2385 7156 1547 2385 7157 1557 2386 7158 1556 2386 7159 1553 2386 7160 1558 2387 7161 1556 2387 7162 1559 2387 7163 1554 2388 7164 1555 2388 7165 1552 2388 7166 1554 2389 7167 1558 2389 7168 1555 2389 7169 1565 2390 7170 1564 2390 7171 1561 2390 7172 1566 2391 7173 1564 2391 7174 1567 2391 7175 1562 2392 7176 1563 2392 7177 1560 2392 7178 1562 2393 7179 1566 2393 7180 1563 2393 7181 1573 2394 7182 1572 2394 7183 1569 2394 7184 1574 2395 7185 1572 2395 7186 1575 2395 7187 1570 2396 7188 1571 2396 7189 1568 2396 7190 1570 2397 7191 1574 2397 7192 1571 2397 7193 1581 2398 7194 1580 2398 7195 1577 2398 7196 1582 2399 7197 1580 2399 7198 1583 2399 7199 1578 2400 7200 1579 2400 7201 1576 2400 7202 1578 2401 7203 1582 2401 7204 1579 2401 7205 1589 2402 7206 1588 2402 7207 1585 2402 7208 1590 2403 7209 1588 2403 7210 1591 2403 7211 1586 2404 7212 1587 2404 7213 1584 2404 7214 1586 2405 7215 1590 2405 7216 1587 2405 7217 1597 2406 7218 1596 2406 7219 1593 2406 7220 1598 2407 7221 1596 2407 7222 1599 2407 7223 1594 2408 7224 1595 2408 7225 1592 2408 7226 1594 2409 7227 1598 2409 7228 1595 2409 7229 1605 2410 7230 1604 2410 7231 1601 2410 7232 1606 2411 7233 1604 2411 7234 1607 2411 7235 1602 2412 7236 1603 2412 7237 1600 2412 7238 1602 2413 7239 1606 2413 7240 1603 2413 7241 1609 2414 7242 1612 2414 7243 1608 2414 7244 1615 2415 7245 1619 2415 7246 1614 2415 7247 1614 2416 7248 1616 2416 7249 1615 2416 7250 1621 2417 7251 1623 2417 7252 1622 2417 7253 1626 2418 7254 1627 2418 7255 1623 2418 7256 1632 2419 7257 1633 2419 7258 1629 2419 7259 1635 2420 7260 1639 2420 7261 1634 2420 7262 1634 2421 7263 1636 2421 7264 1635 2421 7265 1642 2422 7266 1644 2422 7267 1641 2422 7268 1646 2423 7269 1645 2423 7270 1648 2423 7271 1643 2424 7272 1644 2424 7273 1647 2424 7274 1646 2425 7275 1642 2425 7276 1645 2425 7277 1650 2426 7278 1652 2426 7279 1649 2426 7280 1654 2427 7281 1653 2427 7282 1656 2427 7283 1651 2428 7284 1652 2428 7285 1655 2428 7286 1654 2429 7287 1650 2429 7288 1653 2429 7289 1401 2430 7290 1399 2430 7291 1405 2430 7292 1670 2431 7293 1382 2431 7294 1380 2431 7295 1672 2432 7296 1671 2432 7297 1384 2432 7298 1381 2433 7299 1382 2433 7300 1384 2433 7301 1670 2434 7302 1380 2434 7303 1671 2434 7304 1385 2435 7305 1673 2435 7306 1386 2435 7307 1390 2436 7308 1674 2436 7309 1389 2436 7310 1673 2437 7311 1385 2437 7312 1674 2437 7313 1397 2438 7314 1675 2438 7315 1396 2438 7316 1392 2439 7317 1391 2439 7318 1675 2439 7319 1406 2440 7320 1407 2440 7321 1408 2440 7322 1411 2441 7323 1408 2441 7324 1412 2441 7325 1658 2442 7326 1423 2442 7327 1421 2442 7328 1660 2443 7329 1659 2443 7330 1425 2443 7331 1425 2444 7332 1422 2444 7333 1660 2444 7334 1658 2445 7335 1421 2445 7336 1659 2445 7337 1668 2446 7338 1428 2446 7339 1426 2446 7340 1669 2447 7341 1429 2447 7342 1431 2447 7343 1668 2448 7344 1426 2448 7345 1669 2448 7346 1613 2449 7347 1666 2449 7348 1612 2449 7349 1608 2450 7350 1667 2450 7351 1609 2450 7352 1666 2451 7353 1613 2451 7354 1667 2451 7355 1620 2452 7356 1665 2452 7357 1619 2452 7358 1665 2453 7359 1620 2453 7360 1616 2453 7361 1622 2454 7362 1625 2454 7363 1621 2454 7364 1626 2455 7365 1664 2455 7366 1627 2455 7367 1628 2456 7368 1631 2456 7369 1663 2456 7370 1632 2457 7371 1662 2457 7372 1633 2457 7373 1629 2458 7374 1630 2458 7375 1663 2458 7376 1640 2459 7377 1661 2459 7378 1639 2459 7379 1661 2460 7380 1640 2460 7381 1636 2460 7382 1657 2461 7383 1407 2461 7384 1412 2461 7385 1416 2462 7386 1414 2462 7387 1420 2462 7388 1658 2463 7389 1659 2463 7390 1423 2463 7391 1638 2464 7392 1661 2464 7393 1634 2464 7394 1662 2465 7395 1632 2465 7396 1663 2465 7397 1626 2466 7398 1623 2466 7399 1664 2466 7400 1618 2467 7401 1665 2467 7402 1614 2467 7403 1611 2468 7404 1666 2468 7405 1608 2468 7406 1428 2469 7407 1668 2469 7408 1431 2469 7409 1670 2470 7410 1671 2470 7411 1382 2470 7412 1387 2471 7413 1673 2471 7414 1390 2471 7415 1394 2472 7416 1392 2472 7417 1397 2472 7418 1682 2473 7419 1683 2473 7420 1685 2473 7421 1687 2474 7422 1688 2474 7423 1689 2474 7424 1692 2475 7425 1689 2475 7426 1693 2475 7427 1695 2476 7428 1697 2476 7429 1694 2476 7430 1699 2477 7431 1698 2477 7432 1701 2477 7433 1696 2478 7434 1697 2478 7435 1700 2478 7436 1699 2479 7437 1695 2479 7438 1698 2479 7439 1706 2480 7440 1705 2480 7441 1708 2480 7442 1706 2481 7443 1703 2481 7444 1705 2481 7445 1710 2482 7446 1712 2482 7447 1709 2482 7448 1714 2483 7449 1713 2483 7450 1716 2483 7451 1715 2484 7452 1711 2484 7453 1716 2484 7454 1710 2485 7455 1709 2485 7456 1714 2485 7457 1723 2486 7458 1724 2486 7459 1726 2486 7460 1729 2487 7461 1731 2487 7462 1728 2487 7463 1733 2488 7464 1732 2488 7465 1735 2488 7466 1734 2489 7467 1730 2489 7468 1735 2489 7469 1733 2490 7470 1729 2490 7471 1732 2490 7472 1737 2491 7473 1739 2491 7474 1736 2491 7475 1741 2492 7476 1740 2492 7477 1743 2492 7478 1742 2493 7479 1738 2493 7480 1743 2493 7481 1741 2494 7482 1737 2494 7483 1740 2494 7484 1745 2495 7485 1747 2495 7486 1744 2495 7487 1749 2496 7488 1748 2496 7489 1751 2496 7490 1750 2497 7491 1746 2497 7492 1751 2497 7493 1749 2498 7494 1745 2498 7495 1748 2498 7496 1753 2499 7497 1755 2499 7498 1752 2499 7499 1757 2500 7500 1756 2500 7501 1759 2500 7502 1754 2501 7503 1755 2501 7504 1758 2501 7505 1757 2502 7506 1753 2502 7507 1756 2502 7508 1761 2503 7509 1763 2503 7510 1760 2503 7511 1765 2504 7512 1764 2504 7513 1767 2504 7514 1762 2505 7515 1763 2505 7516 1766 2505 7517 1765 2506 7518 1761 2506 7519 1764 2506 7520 1769 2507 7521 1771 2507 7522 1768 2507 7523 1773 2508 7524 1772 2508 7525 1775 2508 7526 1770 2509 7527 1771 2509 7528 1774 2509 7529 1769 2510 7530 1768 2510 7531 1773 2510 7532 1777 2511 7533 1779 2511 7534 1776 2511 7535 1781 2512 7536 1780 2512 7537 1783 2512 7538 1782 2513 7539 1778 2513 7540 1783 2513 7541 1777 2514 7542 1776 2514 7543 1781 2514 7544 1785 2515 7545 1787 2515 7546 1784 2515 7547 1789 2516 7548 1788 2516 7549 1791 2516 7550 1790 2517 7551 1786 2517 7552 1791 2517 7553 1789 2518 7554 1785 2518 7555 1788 2518 7556 1793 2519 7557 1795 2519 7558 1792 2519 7559 1797 2520 7560 1796 2520 7561 1799 2520 7562 1798 2521 7563 1794 2521 7564 1799 2521 7565 1793 2522 7566 1792 2522 7567 1797 2522 7568 1801 2523 7569 1803 2523 7570 1800 2523 7571 1805 2524 7572 1804 2524 7573 1807 2524 7574 1802 2525 7575 1803 2525 7576 1806 2525 7577 1805 2526 7578 1801 2526 7579 1804 2526 7580 1809 2527 7581 1811 2527 7582 1808 2527 7583 1813 2528 7584 1812 2528 7585 1815 2528 7586 1810 2529 7587 1811 2529 7588 1814 2529 7589 1809 2530 7590 1808 2530 7591 1813 2530 7592 1817 2531 7593 1819 2531 7594 1816 2531 7595 1821 2532 7596 1820 2532 7597 1823 2532 7598 1822 2533 7599 1818 2533 7600 1823 2533 7601 1821 2534 7602 1817 2534 7603 1820 2534 7604 1825 2535 7605 1827 2535 7606 1824 2535 7607 1829 2536 7608 1828 2536 7609 1831 2536 7610 1826 2537 7611 1827 2537 7612 1830 2537 7613 1825 2538 7614 1824 2538 7615 1829 2538 7616 1833 2539 7617 1835 2539 7618 1832 2539 7619 1837 2540 7620 1836 2540 7621 1839 2540 7622 1834 2541 7623 1835 2541 7624 1838 2541 7625 1837 2542 7626 1833 2542 7627 1836 2542 7628 1845 2543 7629 1844 2543 7630 1841 2543 7631 1846 2544 7632 1844 2544 7633 1847 2544 7634 1842 2545 7635 1843 2545 7636 1840 2545 7637 1842 2546 7638 1846 2546 7639 1843 2546 7640 1853 2547 7641 1852 2547 7642 1849 2547 7643 1854 2548 7644 1852 2548 7645 1855 2548 7646 1850 2549 7647 1851 2549 7648 1848 2549 7649 1854 2550 7650 1855 2550 7651 1850 2550 7652 1861 2551 7653 1860 2551 7654 1857 2551 7655 1862 2552 7656 1860 2552 7657 1863 2552 7658 1858 2553 7659 1859 2553 7660 1856 2553 7661 1858 2554 7662 1862 2554 7663 1859 2554 7664 1865 2555 7665 1869 2555 7666 1864 2555 7667 1870 2556 7668 1868 2556 7669 1871 2556 7670 1866 2557 7671 1867 2557 7672 1864 2557 7673 1870 2558 7674 1871 2558 7675 1866 2558 7676 1877 2559 7677 1876 2559 7678 1873 2559 7679 1878 2560 7680 1876 2560 7681 1879 2560 7682 1874 2561 7683 1875 2561 7684 1872 2561 7685 1874 2562 7686 1878 2562 7687 1875 2562 7688 1881 2563 7689 1885 2563 7690 1880 2563 7691 1886 2564 7692 1884 2564 7693 1887 2564 7694 1882 2565 7695 1883 2565 7696 1880 2565 7697 1886 2566 7698 1887 2566 7699 1882 2566 7700 1893 2567 7701 1892 2567 7702 1889 2567 7703 1894 2568 7704 1892 2568 7705 1895 2568 7706 1890 2569 7707 1891 2569 7708 1888 2569 7709 1890 2570 7710 1894 2570 7711 1891 2570 7712 1897 2571 7713 1901 2571 7714 1896 2571 7715 1902 2572 7716 1900 2572 7717 1903 2572 7718 1898 2573 7719 1899 2573 7720 1896 2573 7721 1902 2574 7722 1903 2574 7723 1898 2574 7724 1908 2575 7725 1907 2575 7726 1905 2575 7727 1915 2576 7728 1914 2576 7729 1911 2576 7730 1912 2577 7731 1913 2577 7732 1910 2577 7733 1919 2578 7734 1920 2578 7735 1917 2578 7736 1919 2579 7737 1922 2579 7738 1920 2579 7739 1925 2580 7740 1928 2580 7741 1926 2580 7742 1935 2581 7743 1934 2581 7744 1931 2581 7745 1932 2582 7746 1933 2582 7747 1930 2582 7748 1938 2583 7749 1940 2583 7750 1937 2583 7751 1942 2584 7752 1941 2584 7753 1944 2584 7754 1939 2585 7755 1940 2585 7756 1943 2585 7757 1938 2586 7758 1937 2586 7759 1942 2586 7760 1946 2587 7761 1948 2587 7762 1945 2587 7763 1950 2588 7764 1949 2588 7765 1952 2588 7766 1947 2589 7767 1948 2589 7768 1951 2589 7769 1950 2590 7770 1946 2590 7771 1949 2590 7772 1695 2591 7773 1699 2591 7774 1697 2591 7775 1966 2592 7776 1678 2592 7777 1676 2592 7778 1968 2593 7779 1967 2593 7780 1680 2593 7781 1677 2594 7782 1678 2594 7783 1680 2594 7784 1967 2595 7785 1966 2595 7786 1679 2595 7787 1681 2596 7788 1969 2596 7789 1682 2596 7790 1686 2597 7791 1970 2597 7792 1685 2597 7793 1970 2598 7794 1969 2598 7795 1684 2598 7796 1693 2599 7797 1971 2599 7798 1692 2599 7799 1688 2600 7800 1687 2600 7801 1971 2600 7802 1702 2601 7803 1703 2601 7804 1704 2601 7805 1707 2602 7806 1704 2602 7807 1708 2602 7808 1954 2603 7809 1719 2603 7810 1717 2603 7811 1955 2604 7812 1720 2604 7813 1956 2604 7814 1721 2605 7815 1718 2605 7816 1956 2605 7817 1954 2606 7818 1717 2606 7819 1955 2606 7820 1964 2607 7821 1724 2607 7822 1722 2607 7823 1965 2608 7824 1725 2608 7825 1727 2608 7826 1965 2609 7827 1964 2609 7828 1725 2609 7829 1962 2610 7830 1907 2610 7831 1909 2610 7832 1963 2611 7833 1906 2611 7834 1904 2611 7835 1963 2612 7836 1962 2612 7837 1906 2612 7838 1961 2613 7839 1914 2613 7840 1916 2613 7841 1912 2614 7842 1961 2614 7843 1913 2614 7844 1921 2615 7845 1960 2615 7846 1918 2615 7847 1922 2616 7848 1960 2616 7849 1923 2616 7850 1927 2617 7851 1958 2617 7852 1924 2617 7853 1928 2618 7854 1958 2618 7855 1929 2618 7856 1925 2619 7857 1926 2619 7858 1959 2619 7859 1957 2620 7860 1934 2620 7861 1936 2620 7862 1932 2621 7863 1957 2621 7864 1933 2621 7865 1953 2622 7866 1703 2622 7867 1708 2622 7868 1710 2623 7869 1714 2623 7870 1712 2623 7871 1954 2624 7872 1955 2624 7873 1719 2624 7874 1957 2625 7875 1932 2625 7876 1934 2625 7877 1928 2626 7878 1925 2626 7879 1958 2626 7880 1922 2627 7881 1919 2627 7882 1960 2627 7883 1961 2628 7884 1912 2628 7885 1914 2628 7886 1907 2629 7887 1962 2629 7888 1904 2629 7889 1964 2630 7890 1965 2630 7891 1724 2630 7892 1966 2631 7893 1967 2631 7894 1678 2631 7895 1683 2632 7896 1969 2632 7897 1686 2632 7898 1690 2633 7899 1688 2633 7900 1693 2633 7901 1981 2634 7902 1978 2634 7903 1982 2634 7904 1983 2635 7905 1984 2635 7906 1985 2635 7907 1988 2636 7908 1985 2636 7909 1989 2636 7910 1990 2637 7911 1991 2637 7912 1992 2637 7913 1997 2638 7914 1995 2638 7915 1996 2638 7916 1996 2639 7917 1992 2639 7918 1997 2639 7919 1995 2640 7920 1991 2640 7921 1994 2640 7922 2004 2641 7923 2002 2641 7924 2003 2641 7925 2002 2642 7926 1999 2642 7927 2001 2642 7928 2006 2643 7929 2008 2643 7930 2005 2643 7931 2010 2644 7932 2009 2644 7933 2012 2644 7934 2011 2645 7935 2007 2645 7936 2012 2645 7937 2010 2646 7938 2006 2646 7939 2009 2646 7940 2022 2647 7941 2019 2647 7942 2023 2647 7943 2025 2648 7944 2027 2648 7945 2024 2648 7946 2029 2649 7947 2028 2649 7948 2031 2649 7949 2030 2650 7950 2026 2650 7951 2031 2650 7952 2029 2651 7953 2025 2651 7954 2028 2651 7955 2033 2652 7956 2035 2652 7957 2032 2652 7958 2037 2653 7959 2036 2653 7960 2039 2653 7961 2034 2654 7962 2035 2654 7963 2038 2654 7964 2037 2655 7965 2033 2655 7966 2036 2655 7967 2041 2656 7968 2043 2656 7969 2040 2656 7970 2045 2657 7971 2044 2657 7972 2047 2657 7973 2046 2658 7974 2042 2658 7975 2047 2658 7976 2045 2659 7977 2041 2659 7978 2044 2659 7979 2049 2660 7980 2051 2660 7981 2048 2660 7982 2053 2661 7983 2052 2661 7984 2055 2661 7985 2050 2662 7986 2051 2662 7987 2054 2662 7988 2053 2663 7989 2049 2663 7990 2052 2663 7991 2057 2664 7992 2059 2664 7993 2056 2664 7994 2061 2665 7995 2060 2665 7996 2063 2665 7997 2062 2666 7998 2058 2666 7999 2063 2666 8000 2061 2667 8001 2057 2667 8002 2060 2667 8003 2065 2668 8004 2067 2668 8005 2064 2668 8006 2069 2669 8007 2068 2669 8008 2071 2669 8009 2070 2670 8010 2066 2670 8011 2071 2670 8012 2069 2671 8013 2065 2671 8014 2068 2671 8015 2073 2672 8016 2075 2672 8017 2072 2672 8018 2077 2673 8019 2076 2673 8020 2079 2673 8021 2078 2674 8022 2074 2674 8023 2079 2674 8024 2077 2675 8025 2073 2675 8026 2076 2675 8027 2081 2676 8028 2083 2676 8029 2080 2676 8030 2085 2677 8031 2084 2677 8032 2087 2677 8033 2082 2678 8034 2083 2678 8035 2086 2678 8036 2085 2679 8037 2081 2679 8038 2084 2679 8039 2089 2680 8040 2091 2680 8041 2088 2680 8042 2093 2681 8043 2092 2681 8044 2095 2681 8045 2094 2682 8046 2090 2682 8047 2095 2682 8048 2089 2683 8049 2088 2683 8050 2093 2683 8051 2097 2684 8052 2099 2684 8053 2096 2684 8054 2101 2685 8055 2100 2685 8056 2103 2685 8057 2098 2686 8058 2099 2686 8059 2102 2686 8060 2101 2687 8061 2097 2687 8062 2100 2687 8063 2105 2688 8064 2107 2688 8065 2104 2688 8066 2109 2689 8067 2108 2689 8068 2111 2689 8069 2110 2690 8070 2106 2690 8071 2111 2690 8072 2109 2691 8073 2105 2691 8074 2108 2691 8075 2113 2692 8076 2115 2692 8077 2112 2692 8078 2117 2693 8079 2116 2693 8080 2119 2693 8081 2114 2694 8082 2115 2694 8083 2118 2694 8084 2117 2695 8085 2113 2695 8086 2116 2695 8087 2121 2696 8088 2123 2696 8089 2120 2696 8090 2125 2697 8091 2124 2697 8092 2127 2697 8093 2126 2698 8094 2122 2698 8095 2127 2698 8096 2125 2699 8097 2121 2699 8098 2124 2699 8099 2129 2700 8100 2131 2700 8101 2128 2700 8102 2133 2701 8103 2132 2701 8104 2135 2701 8105 2130 2702 8106 2131 2702 8107 2134 2702 8108 2133 2703 8109 2129 2703 8110 2132 2703 8111 2141 2704 8112 2140 2704 8113 2137 2704 8114 2142 2705 8115 2140 2705 8116 2143 2705 8117 2138 2706 8118 2139 2706 8119 2136 2706 8120 2138 2707 8121 2142 2707 8122 2139 2707 8123 2145 2708 8124 2149 2708 8125 2144 2708 8126 2150 2709 8127 2148 2709 8128 2151 2709 8129 2146 2710 8130 2147 2710 8131 2144 2710 8132 2150 2711 8133 2151 2711 8134 2146 2711 8135 2157 2712 8136 2156 2712 8137 2153 2712 8138 2158 2713 8139 2156 2713 8140 2159 2713 8141 2154 2714 8142 2155 2714 8143 2152 2714 8144 2154 2715 8145 2158 2715 8146 2155 2715 8147 2161 2716 8148 2165 2716 8149 2160 2716 8150 2166 2717 8151 2164 2717 8152 2167 2717 8153 2162 2718 8154 2163 2718 8155 2160 2718 8156 2162 2719 8157 2166 2719 8158 2163 2719 8159 2173 2720 8160 2172 2720 8161 2169 2720 8162 2174 2721 8163 2172 2721 8164 2175 2721 8165 2170 2722 8166 2171 2722 8167 2168 2722 8168 2170 2723 8169 2174 2723 8170 2171 2723 8171 2177 2724 8172 2181 2724 8173 2176 2724 8174 2182 2725 8175 2180 2725 8176 2183 2725 8177 2178 2726 8178 2179 2726 8179 2176 2726 8180 2178 2727 8181 2182 2727 8182 2179 2727 8183 2189 2728 8184 2188 2728 8185 2185 2728 8186 2190 2729 8187 2188 2729 8188 2191 2729 8189 2186 2730 8190 2187 2730 8191 2184 2730 8192 2186 2731 8193 2190 2731 8194 2187 2731 8195 2193 2732 8196 2197 2732 8197 2192 2732 8198 2198 2733 8199 2196 2733 8200 2199 2733 8201 2194 2734 8202 2195 2734 8203 2192 2734 8204 2198 2735 8205 2199 2735 8206 2194 2735 8207 2201 2736 8208 2204 2736 8209 2200 2736 8210 2207 2737 8211 2211 2737 8212 2206 2737 8213 2206 2738 8214 2208 2738 8215 2207 2738 8216 2213 2739 8217 2215 2739 8218 2214 2739 8219 2215 2740 8220 2218 2740 8221 2216 2740 8222 2221 2741 8223 2224 2741 8224 2222 2741 8225 2227 2742 8226 2231 2742 8227 2226 2742 8228 2226 2743 8229 2228 2743 8230 2227 2743 8231 2234 2744 8232 2236 2744 8233 2233 2744 8234 2238 2745 8235 2237 2745 8236 2240 2745 8237 2239 2746 8238 2235 2746 8239 2240 2746 8240 2234 2747 8241 2233 2747 8242 2238 2747 8243 2242 2748 8244 2244 2748 8245 2241 2748 8246 2246 2749 8247 2245 2749 8248 2248 2749 8249 2243 2750 8250 2244 2750 8251 2247 2750 8252 2246 2751 8253 2242 2751 8254 2245 2751 8255 1993 2752 8256 1991 2752 8257 1997 2752 8258 2262 2753 8259 1974 2753 8260 1972 2753 8261 2264 2754 8262 2263 2754 8263 1976 2754 8264 1973 2755 8265 1974 2755 8266 1976 2755 8267 2262 2756 8268 1972 2756 8269 2263 2756 8270 1977 2757 8271 2265 2757 8272 1978 2757 8273 1982 2758 8274 2266 2758 8275 1981 2758 8276 2266 2759 8277 2265 2759 8278 1980 2759 8279 1989 2760 8280 2267 2760 8281 1988 2760 8282 1984 2761 8283 1983 2761 8284 2267 2761 8285 1998 2762 8286 1999 2762 8287 2000 2762 8288 2003 2763 8289 2000 2763 8290 2004 2763 8291 2250 2764 8292 2015 2764 8293 2013 2764 8294 2252 2765 8295 2251 2765 8296 2017 2765 8297 2017 2766 8298 2014 2766 8299 2252 2766 8300 2250 2767 8301 2013 2767 8302 2251 2767 8303 2260 2768 8304 2020 2768 8305 2018 2768 8306 2261 2769 8307 2021 2769 8308 2023 2769 8309 2260 2770 8310 2018 2770 8311 2261 2770 8312 2205 2771 8313 2258 2771 8314 2204 2771 8315 2200 2772 8316 2259 2772 8317 2201 2772 8318 2259 2773 8319 2258 2773 8320 2202 2773 8321 2212 2774 8322 2257 2774 8323 2211 2774 8324 2208 2775 8325 2257 2775 8326 2209 2775 8327 2214 2776 8328 2217 2776 8329 2213 2776 8330 2218 2777 8331 2256 2777 8332 2219 2777 8333 2220 2778 8334 2223 2778 8335 2255 2778 8336 2224 2779 8337 2254 2779 8338 2225 2779 8339 2221 2780 8340 2222 2780 8341 2255 2780 8342 2232 2781 8343 2253 2781 8344 2231 2781 8345 2228 2782 8346 2253 2782 8347 2229 2782 8348 2249 2783 8349 1999 2783 8350 2004 2783 8351 2008 2784 8352 2006 2784 8353 2012 2784 8354 2250 2785 8355 2251 2785 8356 2015 2785 8357 2230 2786 8358 2253 2786 8359 2226 2786 8360 2254 2787 8361 2224 2787 8362 2255 2787 8363 2256 2788 8364 2218 2788 8365 2213 2788 8366 2210 2789 8367 2257 2789 8368 2206 2789 8369 2203 2790 8370 2258 2790 8371 2200 2790 8372 2020 2791 8373 2260 2791 8374 2023 2791 8375 2262 2792 8376 2263 2792 8377 1974 2792 8378 1979 2793 8379 2265 2793 8380 1982 2793 8381 1986 2794 8382 1984 2794 8383 1989 2794 8384 2268 2795 8385 2269 2795 8386 2270 2795 8387 2275 2796 8388 2273 2796 8389 2274 2796 8390 2270 2797 8391 2271 2797 8392 2274 2797 8393 2273 2798 8394 2269 2798 8395 2272 2798 8396 2276 2799 8397 2277 2799 8398 2278 2799 8399 2283 2800 8400 2281 2800 8401 2282 2800 8402 2278 2801 8403 2279 2801 8404 2282 2801 8405 2281 2802 8406 2277 2802 8407 2280 2802 8408 2284 2803 8409 2285 2803 8410 2286 2803 8411 2291 2804 8412 2289 2804 8413 2290 2804 8414 2286 2805 8415 2287 2805 8416 2290 2805 8417 2289 2806 8418 2285 2806 8419 2288 2806 8420 2292 2807 8421 2293 2807 8422 2294 2807 8423 2299 2808 8424 2297 2808 8425 2298 2808 8426 2298 2809 8427 2294 2809 8428 2299 2809 8429 2293 2810 8430 2292 2810 8431 2297 2810 8432 2300 2811 8433 2301 2811 8434 2302 2811 8435 2307 2812 8436 2305 2812 8437 2306 2812 8438 2302 2813 8439 2303 2813 8440 2306 2813 8441 2305 2814 8442 2301 2814 8443 2304 2814 8444 2308 2815 8445 2309 2815 8446 2310 2815 8447 2315 2816 8448 2313 2816 8449 2314 2816 8450 2314 2817 8451 2310 2817 8452 2315 2817 8453 2313 2818 8454 2309 2818 8455 2312 2818 8456 2316 2819 8457 2317 2819 8458 2318 2819 8459 2323 2820 8460 2321 2820 8461 2322 2820 8462 2322 2821 8463 2318 2821 8464 2323 2821 8465 2317 2822 8466 2316 2822 8467 2321 2822 8468 2324 2823 8469 2325 2823 8470 2326 2823 8471 2331 2824 8472 2329 2824 8473 2330 2824 8474 2330 2825 8475 2326 2825 8476 2331 2825 8477 2325 2826 8478 2324 2826 8479 2329 2826 8480 2332 2827 8481 2333 2827 8482 2334 2827 8483 2339 2828 8484 2337 2828 8485 2338 2828 8486 2338 2829 8487 2334 2829 8488 2339 2829 8489 2337 2830 8490 2333 2830 8491 2336 2830 8492 2340 2831 8493 2341 2831 8494 2342 2831 8495 2347 2832 8496 2345 2832 8497 2346 2832 8498 2346 2833 8499 2342 2833 8500 2347 2833 8501 2345 2834 8502 2341 2834 8503 2344 2834 8504 2348 2835 8505 2349 2835 8506 2350 2835 8507 2355 2836 8508 2353 2836 8509 2354 2836 8510 2354 2837 8511 2350 2837 8512 2355 2837 8513 2353 2838 8514 2349 2838 8515 2352 2838 8516 2356 2839 8517 2357 2839 8518 2358 2839 8519 2363 2840 8520 2361 2840 8521 2362 2840 8522 2362 2841 8523 2358 2841 8524 2363 2841 8525 2361 2842 8526 2357 2842 8527 2360 2842 8528 2364 2843 8529 2365 2843 8530 2366 2843 8531 2371 2844 8532 2369 2844 8533 2370 2844 8534 2370 2845 8535 2366 2845 8536 2371 2845 8537 2369 2846 8538 2365 2846 8539 2368 2846 8540 2372 2847 8541 2373 2847 8542 2374 2847 8543 2379 2848 8544 2377 2848 8545 2378 2848 8546 2378 2849 8547 2374 2849 8548 2379 2849 8549 2377 2850 8550 2373 2850 8551 2376 2850 8552 2380 2851 8553 2381 2851 8554 2382 2851 8555 2387 2852 8556 2385 2852 8557 2386 2852 8558 2386 2853 8559 2382 2853 8560 2387 2853 8561 2385 2854 8562 2381 2854 8563 2384 2854 8564 2388 2855 8565 2389 2855 8566 2390 2855 8567 2395 2856 8568 2393 2856 8569 2394 2856 8570 2394 2857 8571 2390 2857 8572 2395 2857 8573 2393 2858 8574 2389 2858 8575 2392 2858 8576 2397 2859 8577 2399 2859 8578 2396 2859 8579 2401 2860 8580 2400 2860 8581 2403 2860 8582 2402 2861 8583 2398 2861 8584 2403 2861 8585 2401 2862 8586 2397 2862 8587 2400 2862 8588 2405 2863 8589 2407 2863 8590 2404 2863 8591 2409 2864 8592 2408 2864 8593 2411 2864 8594 2406 2865 8595 2407 2865 8596 2410 2865 8597 2409 2866 8598 2405 2866 8599 2408 2866 8600 2413 2867 8601 2415 2867 8602 2412 2867 8603 2417 2868 8604 2416 2868 8605 2419 2868 8606 2418 2869 8607 2414 2869 8608 2419 2869 8609 2417 2870 8610 2413 2870 8611 2416 2870 8612 2421 2871 8613 2423 2871 8614 2420 2871 8615 2425 2872 8616 2424 2872 8617 2427 2872 8618 2422 2873 8619 2423 2873 8620 2426 2873 8621 2425 2874 8622 2421 2874 8623 2424 2874 8624 2429 2875 8625 2431 2875 8626 2428 2875 8627 2433 2876 8628 2432 2876 8629 2435 2876 8630 2434 2877 8631 2430 2877 8632 2435 2877 8633 2433 2878 8634 2429 2878 8635 2432 2878 8636 2437 2879 8637 2439 2879 8638 2436 2879 8639 2441 2880 8640 2440 2880 8641 2443 2880 8642 2438 2881 8643 2439 2881 8644 2442 2881 8645 2441 2882 8646 2437 2882 8647 2440 2882 8648 2445 2883 8649 2447 2883 8650 2444 2883 8651 2449 2884 8652 2448 2884 8653 2451 2884 8654 2450 2885 8655 2446 2885 8656 2451 2885 8657 2449 2886 8658 2445 2886 8659 2448 2886 8660 2453 2887 8661 2455 2887 8662 2452 2887 8663 2457 2888 8664 2456 2888 8665 2459 2888 8666 2454 2889 8667 2455 2889 8668 2458 2889 8669 2457 2890 8670 2453 2890 8671 2456 2890 8672 2461 2891 8673 2463 2891 8674 2460 2891 8675 2465 2892 8676 2464 2892 8677 2467 2892 8678 2466 2893 8679 2462 2893 8680 2467 2893 8681 2465 2894 8682 2461 2894 8683 2464 2894 8684 2469 2895 8685 2471 2895 8686 2468 2895 8687 2473 2896 8688 2472 2896 8689 2475 2896 8690 2470 2897 8691 2471 2897 8692 2474 2897 8693 2473 2898 8694 2469 2898 8695 2472 2898 8696 2477 2899 8697 2479 2899 8698 2476 2899 8699 2481 2900 8700 2480 2900 8701 2483 2900 8702 2482 2901 8703 2478 2901 8704 2483 2901 8705 2481 2902 8706 2477 2902 8707 2480 2902 8708 2485 2903 8709 2487 2903 8710 2484 2903 8711 2489 2904 8712 2488 2904 8713 2491 2904 8714 2486 2905 8715 2487 2905 8716 2490 2905 8717 2489 2906 8718 2485 2906 8719 2488 2906 8720 2493 2907 8721 2495 2907 8722 2492 2907 8723 2497 2908 8724 2496 2908 8725 2499 2908 8726 2498 2909 8727 2494 2909 8728 2499 2909 8729 2497 2910 8730 2493 2910 8731 2496 2910 8732 2501 2911 8733 2503 2911 8734 2500 2911 8735 2505 2912 8736 2504 2912 8737 2507 2912 8738 2502 2913 8739 2503 2913 8740 2506 2913 8741 2505 2914 8742 2501 2914 8743 2504 2914 8744 2508 2915 8745 2509 2915 8746 2510 2915 8747 2515 2916 8748 2513 2916 8749 2514 2916 8750 2514 2917 8751 2510 2917 8752 2515 2917 8753 2509 2918 8754 2508 2918 8755 2513 2918 8756 2516 2919 8757 2517 2919 8758 2518 2919 8759 2523 2920 8760 2521 2920 8761 2522 2920 8762 2522 2921 8763 2518 2921 8764 2523 2921 8765 2517 2922 8766 2516 2922 8767 2521 2922 8768 2524 2923 8769 2525 2923 8770 2526 2923 8771 2531 2924 8772 2529 2924 8773 2530 2924 8774 2530 2925 8775 2526 2925 8776 2531 2925 8777 2525 2926 8778 2524 2926 8779 2529 2926 8780 2532 2927 8781 2533 2927 8782 2534 2927 8783 2539 2928 8784 2537 2928 8785 2538 2928 8786 2538 2929 8787 2534 2929 8788 2539 2929 8789 2533 2930 8790 2532 2930 8791 2537 2930 8792 2540 2931 8793 2541 2931 8794 2542 2931 8795 2547 2932 8796 2545 2932 8797 2546 2932 8798 2546 2933 8799 2542 2933 8800 2547 2933 8801 2541 2934 8802 2540 2934 8803 2545 2934 8804 2548 2935 8805 2549 2935 8806 2550 2935 8807 2555 2936 8808 2553 2936 8809 2554 2936 8810 2554 2937 8811 2550 2937 8812 2555 2937 8813 2549 2938 8814 2548 2938 8815 2553 2938 8816 2556 2939 8817 2557 2939 8818 2558 2939 8819 2563 2940 8820 2561 2940 8821 2562 2940 8822 2562 2941 8823 2558 2941 8824 2563 2941 8825 2557 2942 8826 2556 2942 8827 2561 2942 8828 2564 2943 8829 2565 2943 8830 2566 2943 8831 2571 2944 8832 2569 2944 8833 2570 2944 8834 2570 2945 8835 2566 2945 8836 2571 2945 8837 2565 2946 8838 2564 2946 8839 2569 2946 8840 2573 2947 8841 2575 2947 8842 2572 2947 8843 2577 2948 8844 2576 2948 8845 2579 2948 8846 2574 2949 8847 2575 2949 8848 2578 2949 8849 2577 2950 8850 2573 2950 8851 2576 2950 8852 2581 2951 8853 2583 2951 8854 2580 2951 8855 2585 2952 8856 2584 2952 8857 2587 2952 8858 2582 2953 8859 2583 2953 8860 2586 2953 8861 2585 2954 8862 2581 2954 8863 2584 2954 8864 2589 2955 8865 2591 2955 8866 2588 2955 8867 2593 2956 8868 2592 2956 8869 2595 2956 8870 2590 2957 8871 2591 2957 8872 2594 2957 8873 2593 2958 8874 2589 2958 8875 2592 2958 8876 2597 2959 8877 2599 2959 8878 2596 2959 8879 2601 2960 8880 2600 2960 8881 2603 2960 8882 2598 2961 8883 2599 2961 8884 2602 2961 8885 2601 2962 8886 2597 2962 8887 2600 2962 8888 2605 2963 8889 2607 2963 8890 2604 2963 8891 2609 2964 8892 2608 2964 8893 2611 2964 8894 2606 2965 8895 2607 2965 8896 2610 2965 8897 2609 2966 8898 2605 2966 8899 2608 2966 8900 2613 2967 8901 2615 2967 8902 2612 2967 8903 2617 2968 8904 2616 2968 8905 2619 2968 8906 2614 2969 8907 2615 2969 8908 2618 2969 8909 2617 2970 8910 2613 2970 8911 2616 2970 8912 2621 2971 8913 2623 2971 8914 2620 2971 8915 2625 2972 8916 2624 2972 8917 2627 2972 8918 2622 2973 8919 2623 2973 8920 2626 2973 8921 2625 2974 8922 2621 2974 8923 2624 2974 8924 2629 2975 8925 2631 2975 8926 2628 2975 8927 2633 2976 8928 2632 2976 8929 2635 2976 8930 2630 2977 8931 2631 2977 8932 2634 2977 8933 2633 2978 8934 2629 2978 8935 2632 2978 8936 2637 2979 8937 2639 2979 8938 2636 2979 8939 2641 2980 8940 2640 2980 8941 2643 2980 8942 2638 2981 8943 2639 2981 8944 2642 2981 8945 2641 2982 8946 2637 2982 8947 2640 2982 8948 2645 2983 8949 2647 2983 8950 2644 2983 8951 2649 2984 8952 2648 2984 8953 2651 2984 8954 2646 2985 8955 2647 2985 8956 2650 2985 8957 2649 2986 8958 2645 2986 8959 2648 2986 8960 2653 2987 8961 2655 2987 8962 2652 2987 8963 2657 2988 8964 2656 2988 8965 2659 2988 8966 2654 2989 8967 2655 2989 8968 2658 2989 8969 2657 2990 8970 2653 2990 8971 2656 2990 8972 2661 2991 8973 2663 2991 8974 2660 2991 8975 2665 2992 8976 2664 2992 8977 2667 2992 8978 2662 2993 8979 2663 2993 8980 2666 2993 8981 2665 2994 8982 2661 2994 8983 2664 2994 8984 2669 2995 8985 2671 2995 8986 2668 2995 8987 2673 2996 8988 2672 2996 8989 2675 2996 8990 2670 2997 8991 2671 2997 8992 2674 2997 8993 2673 2998 8994 2669 2998 8995 2672 2998 8996 2677 2999 8997 2679 2999 8998 2676 2999 8999 2681 3000 9000 2680 3000 9001 2683 3000 9002 2678 3001 9003 2679 3001 9004 2682 3001 9005 2681 3002 9006 2677 3002 9007 2680 3002 9008 2684 3003 9009 2685 3003 9010 2686 3003 9011 2691 3004 9012 2689 3004 9013 2690 3004 9014 2686 3005 9015 2687 3005 9016 2690 3005 9017 2689 3006 9018 2685 3006 9019 2688 3006 9020 2692 3007 9021 2693 3007 9022 2694 3007 9023 2699 3008 9024 2697 3008 9025 2698 3008 9026 2694 3009 9027 2695 3009 9028 2698 3009 9029 2697 3010 9030 2693 3010 9031 2696 3010 9032 2700 3011 9033 2701 3011 9034 2702 3011 9035 2707 3012 9036 2705 3012 9037 2706 3012 9038 2702 3013 9039 2703 3013 9040 2706 3013 9041 2705 3014 9042 2701 3014 9043 2704 3014 9044 2708 3015 9045 2709 3015 9046 2710 3015 9047 2715 3016 9048 2713 3016 9049 2714 3016 9050 2710 3017 9051 2711 3017 9052 2714 3017 9053 2713 3018 9054 2709 3018 9055 2712 3018 9056 2716 3019 9057 2717 3019 9058 2718 3019 9059 2723 3020 9060 2721 3020 9061 2722 3020 9062 2718 3021 9063 2719 3021 9064 2722 3021 9065 2721 3022 9066 2717 3022 9067 2720 3022 9068 2724 3023 9069 2725 3023 9070 2726 3023 9071 2731 3024 9072 2729 3024 9073 2730 3024 9074 2726 3025 9075 2727 3025 9076 2730 3025 9077 2729 3026 9078 2725 3026 9079 2728 3026 9080 2732 3027 9081 2733 3027 9082 2734 3027 9083 2739 3028 9084 2737 3028 9085 2738 3028 9086 2734 3029 9087 2735 3029 9088 2738 3029 9089 2737 3030 9090 2733 3030 9091 2736 3030 9092 2740 3031 9093 2741 3031 9094 2742 3031 9095 2747 3032 9096 2745 3032 9097 2746 3032 9098 2742 3033 9099 2743 3033 9100 2746 3033 9101 2745 3034 9102 2741 3034 9103 2744 3034 9104 2749 3035 9105 2751 3035 9106 2748 3035 9107 2753 3036 9108 2752 3036 9109 2755 3036 9110 2750 3037 9111 2751 3037 9112 2754 3037 9113 2753 3038 9114 2749 3038 9115 2752 3038 9116 2757 3039 9117 2759 3039 9118 2756 3039 9119 2761 3040 9120 2760 3040 9121 2763 3040 9122 2762 3041 9123 2758 3041 9124 2763 3041 9125 2761 3042 9126 2757 3042 9127 2760 3042 9128 2765 3043 9129 2767 3043 9130 2764 3043 9131 2769 3044 9132 2768 3044 9133 2771 3044 9134 2766 3045 9135 2767 3045 9136 2770 3045 9137 2769 3046 9138 2765 3046 9139 2768 3046 9140 2773 3047 9141 2775 3047 9142 2772 3047 9143 2777 3048 9144 2776 3048 9145 2779 3048 9146 2778 3049 9147 2774 3049 9148 2779 3049 9149 2777 3050 9150 2773 3050 9151 2776 3050 9152 2781 3051 9153 2783 3051 9154 2780 3051 9155 2785 3052 9156 2784 3052 9157 2787 3052 9158 2782 3053 9159 2783 3053 9160 2786 3053 9161 2785 3054 9162 2781 3054 9163 2784 3054 9164 2789 3055 9165 2791 3055 9166 2788 3055 9167 2793 3056 9168 2792 3056 9169 2795 3056 9170 2794 3057 9171 2790 3057 9172 2795 3057 9173 2793 3058 9174 2789 3058 9175 2792 3058 9176 2797 3059 9177 2799 3059 9178 2796 3059 9179 2801 3060 9180 2800 3060 9181 2803 3060 9182 2798 3061 9183 2799 3061 9184 2802 3061 9185 2801 3062 9186 2797 3062 9187 2800 3062 9188 2805 3063 9189 2807 3063 9190 2804 3063 9191 2809 3064 9192 2808 3064 9193 2811 3064 9194 2810 3065 9195 2806 3065 9196 2811 3065 9197 2809 3066 9198 2805 3066 9199 2808 3066 9200 2813 3067 9201 2815 3067 9202 2812 3067 9203 2817 3068 9204 2816 3068 9205 2819 3068 9206 2814 3069 9207 2815 3069 9208 2818 3069 9209 2817 3070 9210 2813 3070 9211 2816 3070 9212 2821 3071 9213 2823 3071 9214 2820 3071 9215 2825 3072 9216 2824 3072 9217 2827 3072 9218 2826 3073 9219 2822 3073 9220 2827 3073 9221 2825 3074 9222 2821 3074 9223 2824 3074 9224 2829 3075 9225 2831 3075 9226 2828 3075 9227 2833 3076 9228 2832 3076 9229 2835 3076 9230 2830 3077 9231 2831 3077 9232 2834 3077 9233 2833 3078 9234 2829 3078 9235 2832 3078 9236 2837 3079 9237 2839 3079 9238 2836 3079 9239 2841 3080 9240 2840 3080 9241 2843 3080 9242 2842 3081 9243 2838 3081 9244 2843 3081 9245 2841 3082 9246 2837 3082 9247 2840 3082 9248 2845 3083 9249 2847 3083 9250 2844 3083 9251 2849 3084 9252 2848 3084 9253 2851 3084 9254 2846 3085 9255 2847 3085 9256 2850 3085 9257 2849 3086 9258 2845 3086 9259 2848 3086 9260 2853 3087 9261 2855 3087 9262 2852 3087 9263 2857 3088 9264 2856 3088 9265 2859 3088 9266 2858 3089 9267 2854 3089 9268 2859 3089 9269 2857 3090 9270 2853 3090 9271 2856 3090 9272 2860 3091 9273 2861 3091 9274 2862 3091 9275 2867 3092 9276 2865 3092 9277 2866 3092 9278 2862 3093 9279 2863 3093 9280 2866 3093 9281 2865 3094 9282 2861 3094 9283 2864 3094 9284 2868 3095 9285 2869 3095 9286 2870 3095 9287 2875 3096 9288 2873 3096 9289 2874 3096 9290 2870 3097 9291 2871 3097 9292 2874 3097 9293 2873 3098 9294 2869 3098 9295 2872 3098 9296 2876 3099 9297 2877 3099 9298 2878 3099 9299 2883 3100 9300 2881 3100 9301 2882 3100 9302 2878 3101 9303 2879 3101 9304 2882 3101 9305 2881 3102 9306 2877 3102 9307 2880 3102 9308 2884 3103 9309 2885 3103 9310 2886 3103 9311 2891 3104 9312 2889 3104 9313 2890 3104 9314 2886 3105 9315 2887 3105 9316 2890 3105 9317 2889 3106 9318 2885 3106 9319 2888 3106 9320 2892 3107 9321 2893 3107 9322 2894 3107 9323 2899 3108 9324 2897 3108 9325 2898 3108 9326 2894 3109 9327 2895 3109 9328 2898 3109 9329 2897 3110 9330 2893 3110 9331 2896 3110 9332 2900 3111 9333 2901 3111 9334 2902 3111 9335 2907 3112 9336 2905 3112 9337 2906 3112 9338 2902 3113 9339 2903 3113 9340 2906 3113 9341 2905 3114 9342 2901 3114 9343 2904 3114 9344 2908 3115 9345 2909 3115 9346 2910 3115 9347 2915 3116 9348 2913 3116 9349 2914 3116 9350 2910 3117 9351 2911 3117 9352 2914 3117 9353 2913 3118 9354 2909 3118 9355 2912 3118 9356 2916 3119 9357 2917 3119 9358 2918 3119 9359 2923 3120 9360 2921 3120 9361 2922 3120 9362 2918 3121 9363 2919 3121 9364 2922 3121 9365 2921 3122 9366 2917 3122 9367 2920 3122 9368 2925 3123 9369 2927 3123 9370 2924 3123 9371 2929 3124 9372 2928 3124 9373 2931 3124 9374 2926 3125 9375 2927 3125 9376 2930 3125 9377 2929 3126 9378 2925 3126 9379 2928 3126 9380 2933 3127 9381 2935 3127 9382 2932 3127 9383 2937 3128 9384 2936 3128 9385 2939 3128 9386 2934 3129 9387 2935 3129 9388 2938 3129 9389 2937 3130 9390 2933 3130 9391 2936 3130 9392 2941 3131 9393 2943 3131 9394 2940 3131 9395 2945 3132 9396 2944 3132 9397 2947 3132 9398 2942 3133 9399 2943 3133 9400 2946 3133 9401 2945 3134 9402 2941 3134 9403 2944 3134 9404 2949 3135 9405 2951 3135 9406 2948 3135 9407 2953 3136 9408 2952 3136 9409 2955 3136 9410 2950 3137 9411 2951 3137 9412 2954 3137 9413 2953 3138 9414 2949 3138 9415 2952 3138 9416 2957 3139 9417 2959 3139 9418 2956 3139 9419 2961 3140 9420 2960 3140 9421 2963 3140 9422 2958 3141 9423 2959 3141 9424 2962 3141 9425 2961 3142 9426 2957 3142 9427 2960 3142 9428 2965 3143 9429 2967 3143 9430 2964 3143 9431 2969 3144 9432 2968 3144 9433 2971 3144 9434 2966 3145 9435 2967 3145 9436 2970 3145 9437 2969 3146 9438 2965 3146 9439 2968 3146 9440 2973 3147 9441 2975 3147 9442 2972 3147 9443 2977 3148 9444 2976 3148 9445 2979 3148 9446 2974 3149 9447 2975 3149 9448 2978 3149 9449 2977 3150 9450 2973 3150 9451 2976 3150 9452 2981 3151 9453 2983 3151 9454 2980 3151 9455 2985 3152 9456 2984 3152 9457 2987 3152 9458 2982 3153 9459 2983 3153 9460 2986 3153 9461 2985 3154 9462 2981 3154 9463 2984 3154 9464 2989 3155 9465 2991 3155 9466 2988 3155 9467 2993 3156 9468 2992 3156 9469 2995 3156 9470 2990 3157 9471 2991 3157 9472 2994 3157 9473 2993 3158 9474 2989 3158 9475 2992 3158 9476 2997 3159 9477 2999 3159 9478 2996 3159 9479 3001 3160 9480 3000 3160 9481 3003 3160 9482 2998 3161 9483 2999 3161 9484 3002 3161 9485 3001 3162 9486 2997 3162 9487 3000 3162 9488 3005 3163 9489 3007 3163 9490 3004 3163 9491 3009 3164 9492 3008 3164 9493 3011 3164 9494 3006 3165 9495 3007 3165 9496 3010 3165 9497 3009 3166 9498 3005 3166 9499 3008 3166 9500 3013 3167 9501 3015 3167 9502 3012 3167 9503 3017 3168 9504 3016 3168 9505 3019 3168 9506 3014 3169 9507 3015 3169 9508 3018 3169 9509 3017 3170 9510 3013 3170 9511 3016 3170 9512 3021 3171 9513 3023 3171 9514 3020 3171 9515 3025 3172 9516 3024 3172 9517 3027 3172 9518 3022 3173 9519 3023 3173 9520 3026 3173 9521 3025 3174 9522 3021 3174 9523 3024 3174 9524 3029 3175 9525 3031 3175 9526 3028 3175 9527 3033 3176 9528 3032 3176 9529 3035 3176 9530 3030 3177 9531 3031 3177 9532 3034 3177 9533 3033 3178 9534 3029 3178 9535 3032 3178 9536 3037 3179 9537 3036 3179 9538 3039 3179 9539 3043 3180 9540 3039 3180 9541 3042 3180 9542 3037 3181 9543 3039 3181 9544 3041 3181 9545 3040 3182 9546 3036 3182 9547 3041 3182 9548 3042 3183 9549 3038 3183 9550 3040 3183 9551</p>
        </polylist>
        <polylist material="race_rally_start_finish-material" count="2">
          <input semantic="VERTEX" source="#Cube_026-mesh-vertices" offset="0"/>
          <input semantic="NORMAL" source="#Cube_026-mesh-normals" offset="1"/>
          <input semantic="TEXCOORD" source="#Cube_026-mesh-map-0" offset="2" set="0"/>
          <vcount>3 3 </vcount>
          <p>0 0 0 1 0 1 3 0 2 2 1708 4836 0 1708 4837 3 1708 4838</p>
        </polylist>
      </mesh>
    </geometry>
  </library_geometries>
  <library_controllers/>
  <library_visual_scenes>
    <visual_scene id="Scene" name="Scene">
      <node id="race_rally_gate_011" name="race_rally_gate_011" type="NODE">
        <matrix sid="transform">1 0 0 0 0 1 0 0 0 0 1 0 0 0 0 1</matrix>
        <instance_geometry url="#Cube_026-mesh">
          <bind_material>
            <technique_common>
              <instance_material symbol="ind_concreteleak-material" target="#ind_concreteleak-material"/>
              <instance_material symbol="ind_metalplates-material" target="#ind_metalplates-material"/>
              <instance_material symbol="ind_bld__2__Tin-01-material" target="#ind_bld__2__Tin-01-material"/>
              <instance_material symbol="race_rally_start_finish-material" target="#race_rally_start_finish-material"/>
            </technique_common>
          </bind_material>
        </instance_geometry>
      </node>
    </visual_scene>
  </library_visual_scenes>
  <scene>
    <instance_visual_scene url="#Scene"/>
  </scene>
</COLLADA>