<?xml version="1.0" encoding="utf-8"?>
<COLLADA xmlns="http://www.collada.org/2005/11/COLLADASchema" version="1.4.1">
  <asset>
    <contributor>
      <author>Blender User</author>
      <authoring_tool>Blender 2.77.0 commit date:2016-03-18, commit time:12:34, hash:22a2853</authoring_tool>
    </contributor>
    <created>2016-04-19T12:35:59</created>
    <modified>2016-04-19T12:35:59</modified>
    <unit name="meter" meter="1"/>
    <up_axis>Z_UP</up_axis>
  </asset>
  <library_images/>
  <library_effects>
    <effect id="tro_tree_2_trunk-effect">
      <profile_COMMON>
        <technique sid="common">
          <lambert>
            <emission>
              <color sid="emission">0 0 0 1</color>
            </emission>
            <ambient>
              <color sid="ambient">0 0 0 1</color>
            </ambient>
            <diffuse>
              <color sid="diffuse">0.64 0.64 0.64 1</color>
            </diffuse>
            <index_of_refraction>
              <float sid="index_of_refraction">1</float>
            </index_of_refraction>
          </lambert>
        </technique>
        <extra>
          <technique profile="GOOGLEEARTH">
            <double_sided>1</double_sided>
          </technique>
        </extra>
      </profile_COMMON>
      <extra><technique profile="MAX3D"><double_sided>1</double_sided></technique></extra>
    </effect>
    <effect id="tro_vines_2d-effect">
      <profile_COMMON>
        <technique sid="common">
          <lambert>
            <emission>
              <color sid="emission">0 0 0 1</color>
            </emission>
            <ambient>
              <color sid="ambient">0 0 0 1</color>
            </ambient>
            <diffuse>
              <color sid="diffuse">0.64 0.64 0.64 1</color>
            </diffuse>
            <transparency>
              <float sid="transparency">0</float>
            </transparency>
            <index_of_refraction>
              <float sid="index_of_refraction">1</float>
            </index_of_refraction>
          </lambert>
        </technique>
        <extra>
          <technique profile="GOOGLEEARTH">
            <double_sided>1</double_sided>
          </technique>
        </extra>
      </profile_COMMON>
      <extra><technique profile="MAX3D"><double_sided>1</double_sided></technique></extra>
    </effect>
    <effect id="tro_tree_1_branches-effect">
      <profile_COMMON>
        <technique sid="common">
          <lambert>
            <emission>
              <color sid="emission">0 0 0 1</color>
            </emission>
            <ambient>
              <color sid="ambient">0 0 0 1</color>
            </ambient>
            <diffuse>
              <color sid="diffuse">0.64 0.64 0.64 1</color>
            </diffuse>
            <transparency>
              <float sid="transparency">0</float>
            </transparency>
            <index_of_refraction>
              <float sid="index_of_refraction">1</float>
            </index_of_refraction>
          </lambert>
        </technique>
        <extra>
          <technique profile="GOOGLEEARTH">
            <double_sided>1</double_sided>
          </technique>
        </extra>
      </profile_COMMON>
      <extra><technique profile="MAX3D"><double_sided>1</double_sided></technique></extra>
    </effect>
    <effect id="tro_hangingplants-effect">
      <profile_COMMON>
        <technique sid="common">
          <lambert>
            <emission>
              <color sid="emission">0 0 0 1</color>
            </emission>
            <ambient>
              <color sid="ambient">0 0 0 1</color>
            </ambient>
            <diffuse>
              <color sid="diffuse">0.64 0.64 0.64 1</color>
            </diffuse>
            <transparency>
              <float sid="transparency">0</float>
            </transparency>
            <index_of_refraction>
              <float sid="index_of_refraction">1</float>
            </index_of_refraction>
          </lambert>
        </technique>
        <extra>
          <technique profile="GOOGLEEARTH">
            <double_sided>1</double_sided>
          </technique>
        </extra>
      </profile_COMMON>
      <extra><technique profile="MAX3D"><double_sided>1</double_sided></technique></extra>
    </effect>
    <effect id="ColorEffectR27G177B88-material-effect">
      <profile_COMMON>
        <technique sid="common">
          <phong>
            <emission>
              <color sid="emission">0 0 0 1</color>
            </emission>
            <ambient>
              <color sid="ambient">0 0 0 1</color>
            </ambient>
            <diffuse>
              <color sid="diffuse">0.64 0.64 0.64 1</color>
            </diffuse>
            <specular>
              <color sid="specular">0.5 0.5 0.5 1</color>
            </specular>
            <shininess>
              <float sid="shininess">50</float>
            </shininess>
            <index_of_refraction>
              <float sid="index_of_refraction">1</float>
            </index_of_refraction>
          </phong>
        </technique>
        <extra>
          <technique profile="GOOGLEEARTH">
            <double_sided>1</double_sided>
          </technique>
        </extra>
      </profile_COMMON>
      <extra><technique profile="MAX3D"><double_sided>1</double_sided></technique></extra>
    </effect>
    <effect id="leaves_strong-effect">
      <profile_COMMON>
        <technique sid="common">
          <phong>
            <emission>
              <color sid="emission">0 0 0 1</color>
            </emission>
            <ambient>
              <color sid="ambient">0 0 0 1</color>
            </ambient>
            <diffuse>
              <color sid="diffuse">0.64 0.1921665 0.09282804 1</color>
            </diffuse>
            <specular>
              <color sid="specular">0.5 0.5 0.5 1</color>
            </specular>
            <shininess>
              <float sid="shininess">50</float>
            </shininess>
            <transparency>
              <float sid="transparency">0.4949495</float>
            </transparency>
            <index_of_refraction>
              <float sid="index_of_refraction">1</float>
            </index_of_refraction>
          </phong>
        </technique>
        <extra>
          <technique profile="GOOGLEEARTH">
            <double_sided>1</double_sided>
          </technique>
        </extra>
      </profile_COMMON>
      <extra><technique profile="MAX3D"><double_sided>1</double_sided></technique></extra>
    </effect>
    <effect id="leaves_thin-effect">
      <profile_COMMON>
        <technique sid="common">
          <lambert>
            <emission>
              <color sid="emission">0 0 0 1</color>
            </emission>
            <ambient>
              <color sid="ambient">0 0 0 1</color>
            </ambient>
            <diffuse>
              <color sid="diffuse">0.5394552 1 0.2873878 1</color>
            </diffuse>
            <transparency>
              <float sid="transparency">0.3535354</float>
            </transparency>
            <index_of_refraction>
              <float sid="index_of_refraction">1</float>
            </index_of_refraction>
          </lambert>
        </technique>
        <extra>
          <technique profile="GOOGLEEARTH">
            <double_sided>1</double_sided>
          </technique>
        </extra>
      </profile_COMMON>
      <extra><technique profile="MAX3D"><double_sided>1</double_sided></technique></extra>
    </effect>
  </library_effects>
  <library_materials>
    <material id="tro_tree_2_trunk-material" name="tro_tree_2_trunk">
      <instance_effect url="#tro_tree_2_trunk-effect"/>
    </material>
    <material id="tro_vines_2d-material" name="tro_vines_2d">
      <instance_effect url="#tro_vines_2d-effect"/>
    </material>
    <material id="tro_tree_1_branches-material" name="tro_tree_1_branches">
      <instance_effect url="#tro_tree_1_branches-effect"/>
    </material>
    <material id="tro_hangingplants-material" name="tro_hangingplants">
      <instance_effect url="#tro_hangingplants-effect"/>
    </material>
    <material id="ColorEffectR27G177B88-material-material" name="ColorEffectR27G177B88-material">
      <instance_effect url="#ColorEffectR27G177B88-material-effect"/>
    </material>
    <material id="leaves_strong-material" name="leaves_strong">
      <instance_effect url="#leaves_strong-effect"/>
    </material>
    <material id="leaves_thin-material" name="leaves_thin">
      <instance_effect url="#leaves_thin-effect"/>
    </material>
  </library_materials>
  <library_geometries>
    <geometry id="tree_oak_large_b200-mesh" name="tree_oak_large_b200">
      <mesh>
        <source id="tree_oak_large_b200-mesh-positions">
          <float_array id="tree_oak_large_b200-mesh-positions-array" count="1539">2.126932 0.8123886 0.399074 1.615139 0.02087038 -0.5402214 1.508169 0.5210234 -0.2129858 4.41523 -0.4509854 -0.1533077 -3.0212 1.395378 0.2062843 2.134225 0.8043663 0.4492002 1.154809 -0.4126579 0.3964698 1.014751 0.01467859 0.6993161 0.9259616 0.9519182 0.4549758 1.258411 0.4390795 0.5202429 1.353241 0.4028405 0.02519571 0.9259616 0.9519182 0.4549758 3.017364 0.4869213 0.2448897 -1.856196 0.4881152 0.1382125 2.067724 -0.6825683 0.02544772 4.686127 0.478068 0.04641962 0.3725739 -0.8381905 0.0904302 0.8189841 -0.5126944 0.247928 6.175409 0.4080399 -0.313041 1.394871 -0.4755808 -0.2394229 3.492475 0.03991132 0.4951842 18.03129 0.2850894 0.5055018 6.896053 0.2322478 0.397507 5.303352 -0.3611818 0.2681924 6.57749 -0.2206054 -0.4454735 18.04422 -0.06195718 0.392044 17.85348 -0.01233613 -0.05033802 11.05958 0.256412 0.3629295 10.07887 -0.1816833 -0.4398932 9.977154 -0.4283016 0.0979225 10.05031 0.3467424 -0.2333905 9.643317 0.05011105 0.3336663 14.44069 0.105252 -0.314728 14.44069 0.2898375 0.08464479 14.44069 -0.2803044 -0.1343163 14.44069 -0.09031522 0.2638444 -0.4250334 1.255595 0.3782359 -0.4250334 1.255595 0.3782359 -3.083913 1.999422 -0.3823885 -0.9505116 1.413626 0.2112271 -0.9505116 1.413626 0.2112271 0.4598779 1.104234 0.4520227 0.4598779 1.104234 0.4520227 18.24031 0.4503281 0.1184952 19.90252 0.2248876 0.8442377 19.72348 -0.03928399 1.011823 19.89918 -0.1951768 0.7334509 22.48633 -0.9385198 4.169424 22.16979 -0.8053671 2.875109 22.13115 -0.712502 3.052614 22.23858 -0.5973325 2.998018 22.46191 -0.9529423 4.160177 22.48179 -0.9749739 4.156676 18.3011 0.02838736 0.1241877 18.2855 0.2253662 -0.2337752 19.01198 0.1244458 -0.505165 18.92553 0.2561205 -0.6751395 19.00974 0.415052 -0.5266188 20.15377 0.01378875 -0.9256508 20.13159 0.05184942 -1.001189 20.14906 0.1132615 -0.9447241 0.2748333 0.1317629 -0.7554663 -2.141602 0.07963788 1.147244 -2.759903 -0.3983787 1.528672 -2.039343 -0.1757357 -1.085919 -3.238316 0.121131 -1.672864 -2.010018 0.6719902 0.3065585 -2.69836 -1.485799 0.1591351 -1.741951 0.6336165 0.7126922 -2.369144 -1.204591 -0.3125345 -1.800432 -0.6401953 0.8196936 -3.036979 1.535616 0.396677 -2.646001 1.035051 -0.5545189 -1.664788 -0.5322875 -0.6367147 -1.650315 -0.7164357 0.3405489 -2.769976 -1.371507 -0.7458321 -1.067148 -0.6240882 0.9548917 -1.432707 -0.9799982 -0.9979498 -3.852048 -1.301272 -0.1139116 -3.861454 -1.118442 0.8336656 -1.263678 -0.7265776 0.1509681 -2.707444 -1.493156 0.07611954 -2.737077 -1.377423 1.279706 -3.53363 -0.9651135 -1.328226 -1.325226 -0.3793655 0.019477 -1.530259 -1.289311 -0.2672731 -3.343355 -1.075223 0.3980402 -3.229747 -0.2805423 0.1449905 -1.394738 -0.7201613 -0.05799812 -2.265049 -0.804618 0.4362757 -2.276645 -0.4188684 0.8035165 -2.393438 -1.330636 0.5351286 -2.12431 0.5233305 -1.210491 -2.323647 -0.3059087 -1.524966 -4.142778 0.002069532 -1.244828 -4.122629 0.5552377 -0.4878776 -2.22853 0.1239902 -1.194508 -3.369763 0.1856235 -1.643324 -3.250581 0.5740234 -1.77622 -3.481939 -0.2634484 -1.405944 -1.732495 0.5468415 -0.943468 -1.902289 0.02019423 0.2534993 -4.249526 0.4820326 0.3284578 -4.230808 1.023582 -0.4040601 -1.791234 0.4608122 -0.3209035 -3.29025 0.5829294 -0.5683425 -3.347695 0.5855404 -1.207721 -3.260816 0.611036 0.2226976 -1.682705 -0.3399012 1.19263 -1.607549 0.4853383 0.8145425 -3.806279 0.4676934 0.7964045 -3.559073 -0.2396702 1.203778 -1.8227 0.01765638 0.9538162 -2.743133 0.3032419 1.403948 -2.585805 0.007043182 1.767634 -2.975025 0.660692 0.9431976 -1.765939 -0.850583 1.03631 -1.965276 -0.09052324 1.55061 -3.920068 -0.02687072 1.152961 -3.899918 -0.443493 0.2740764 -1.870159 -0.4568975 1.120036 -3.003149 -0.5690915 1.582741 -2.962604 -1.005721 1.643021 -3.156441 -0.02814483 1.417104 -1.126149 0.2841851 -1.163901 -1.601992 1.031635 0.5882608 -4.086455 1.178553 -0.4484648 -4.037702 0.7813468 -1.290079 -1.358538 0.5442146 -0.4257363 -2.932048 1.108087 -0.5959705 -2.915014 0.7011684 -1.706936 -3.61326 0.7635911 0.8893673 -1.994578 1.614143 -0.2464689 -2.760569 1.272952 0.8354161 -3.974852 1.623618 0.04371452 -3.830956 2.639705 -0.7832995 -2.333039 1.449599 0.1681699 -3.229245 1.811002 0.1194341 -2.97767 2.228937 -0.5744115 -3.981899 1.162131 0.3530534 -2.765397 1.141316 0.3470215 -2.361154 1.978647 -0.497411 -4.228425 2.459482 -0.6622431 -4.29052 1.399003 -0.02793365 -2.602112 1.510153 0.03768992 -3.40603 1.824948 -0.2991689 -3.789975 1.410501 0.1407217 -3.110549 2.9744 -0.2501686 -1.096987 1.124407 0.3033766 -1.478981 0.1521762 0.905758 -3.506345 0.7923724 1.09692 -3.442311 1.48135 0.5376276 -1.272801 0.7135328 0.5084776 -2.436563 0.7922598 0.8185205 -2.424072 1.413549 0.4583119 -2.873296 -0.09445238 0.4927645 -0.6496067 0.2653716 0.6071544 -1.422119 -0.1654456 -0.9796802 -3.749107 -0.3974417 -0.1096552 -3.666198 -0.1275651 0.9200376 -1.176801 0.06807255 -0.07786464 -2.561475 -0.2455766 -0.04439008 -2.546613 -0.06240677 0.9334964 -3.083065 0.2843925 -1.223571 -1.846416 -1.498163 0.003608047 -2.66659 -0.5245438 -1.562685 -4.218425 -1.23743 -0.4107872 -3.899839 -1.376035 0.4896066 -2.228232 -1.071916 -0.6029819 -3.101688 -1.474324 -0.6933214 -2.726123 -1.760508 0.4202049 -4.277715 -0.5192059 -1.492263 15.52566 0.7648857 2.402624 15.85917 -0.8093846 2.848434 19.34699 -0.7018848 3.081371 19.23229 0.9972839 2.154294 15.68977 0.0113058 2.35909 17.85874 0.1298283 3.290076 17.68221 0.9005394 3.514062 18.06263 -0.8259258 2.987347 13.18741 0.9403321 0.7459906 13.21417 -1.172461 1.4839 17.97535 -1.060702 3.442522 18.52135 1.198476 2.279581 13.44172 -0.005185365 0.7629339 15.53144 0.06882202 2.68228 15.21841 1.114132 2.832481 15.91802 -1.227383 2.456992 -3.061757 -0.3940952 -5.357698 -2.514659 -0.4720315 -5.251895 -3.233721 -0.4716668 1.590661 -2.626221 -0.4593876 1.554301 -2.183957 1.675933 -5.112401 -2.67358 1.932173 -5.006597 -2.787918 -0.3026616 1.676222 -3.39369 -0.3327605 1.727832 -2.058625 1.686374 -0.05070757 -2.121291 1.681153 -1.937373 -2.639938 1.915777 -1.878957 -2.606295 1.89938 -0.03967893 -2.764306 -0.4516982 1.707243 -3.370077 -0.481797 1.758853 -2.768477 -0.5764376 1.650371 -3.374249 -0.6065365 1.701981 -2.17618 -1.375144 0.2611984 -2.766757 -1.519888 0.2894005 -2.14484 -1.134711 -5.183466 -2.735418 -1.279455 -5.155264 -3.13163 -0.885183 0.7827743 -2.558347 -1.031637 0.9129508 -3.174939 0.6082804 0.8492571 -2.598217 0.5168268 0.8179377 -2.26834 1.44539 0.4884871 -2.839475 1.564481 0.49296 21.88397 -2.576987 0.8787434 20.58055 -3.578674 1.172042 22.47824 -6.89881 0.8029273 24.03265 -6.022315 0.0444135 15.79825 1.188747 0.5679147 17.28054 -0.3098556 1.320338 21.22429 2.960265 1.840557 19.99637 4.827757 0.5142355 16.57975 0.5995282 0.5354731 18.51619 2.261063 1.778763 17.66331 2.926668 1.985594 19.56445 1.427162 1.485323 22.77507 -0.09956085 2.158322 22.36265 0.9240593 2.187489 24.17989 2.583446 4.372405 25.07059 0.9087297 4.277125 21.967 0.08694994 2.734572 21.36728 -1.462814 2.898488 23.20635 -2.30919 6.163797 24.34871 -0.7487631 6.022775 21.98155 -0.6435125 2.73109 18.35336 0.8857372 -0.3992099 19.67991 0.3327484 0.01709866 21.61566 2.62417 -1.672404 20.25493 3.222293 -2.572184 18.93837 0.9338462 -0.495389 19.12256 -0.6671104 -0.05799669 22.62874 -1.137881 -1.556614 22.53128 0.5392803 -2.524829 20.30917 2.436186 -1.592783 20.47732 2.957386 -1.721849 17.85002 0.1314493 3.282277 17.24425 0.1013505 3.333887 18.57931 2.120485 1.555348 18.90241 1.928277 -0.1332682 18.68772 2.455865 -0.188164 18.03164 2.333491 1.566376 17.87363 -0.01758718 3.313298 17.26786 -0.0476861 3.364908 17.86946 -0.1423265 3.256426 17.26369 -0.1724255 3.308036 18.08088 -0.4031447 0.7003529 17.4903 -0.5478886 0.7285552 17.96793 -0.27768 -3.438748 17.90794 -0.8827699 -3.410546 17.50066 -0.3943259 2.020787 18.07394 -0.5407801 2.150964 17.463 1.042391 2.455312 18.03972 0.9509378 2.423993 18.37758 1.958443 1.869332 17.80644 2.077533 1.873806 20.89774 0.9250727 -9.150766 21.25129 1.032176 -9.198639 20.85652 1.716966 -5.053045 20.80731 2.145104 -5.14027 17.99441 -0.6429573 -1.355096 20.64787 2.616955 -2.911883 20.74032 2.163893 -2.740975 17.74835 -0.2306964 -6.28672 17.68835 -0.8357863 -6.258518 21.34152 0.987093 -1.145238 21.97682 0.8667591 -4.747065 21.31627 0.4917116 -1.082319 21.75496 0.4336051 -4.632355 21.51074 -0.4629967 2.415148 21.21323 -0.1255668 2.196904 16.95315 0.1109622 2.743228 17.33172 0.1418982 3.06839 2.365616 2.7793 -5.663041 8.164752 2.804763 2.542488 7.946057 2.762413 2.956421 2.301338 2.623238 -5.224322 12.55895 1.457863 0.1687182 12.63889 1.452155 0.5382654 10.60092 2.167989 1.048591 10.36185 2.131313 0.6855236 14.75605 0.7844126 0.6054874 14.74449 0.8890808 0.9878416 7.322833 2.763334 0.04888242 6.956677 2.693421 0.3227312 19.09128 -0.3583936 1.438881 19.08247 -0.2197534 1.884323 18.09201 2.017988 1.871569 16.12669 0.3549911 1.680267 15.88643 0.5621589 2.004707 8.345588 -0.2263468 -0.8523315 8.350661 1.578073 -0.8378174 12.38755 1.728039 0.448362 8.460759 0.4879861 -0.4865069 10.31899 1.020685 -0.4085537 10.71663 -0.1293841 -0.1567075 10.47185 1.963235 -0.03425496 8.324413 -1.357673 -0.8117627 8.952598 0.3291299 -0.6843003 12.41374 -0.9346526 1.412502 11.95545 -2.387504 0.2783425 8.599114 -0.7244856 -0.4302189 10.46369 -0.8799505 0.259168 10.37321 -2.09252 0.3619287 10.85024 -0.04638445 0.5612714 7.151193 2.307448 2.150663 8.642951 1.789445 2.693467 9.223914 4.295656 4.458484 7.768795 5.276433 3.633554 7.691879 1.999944 2.793197 8.59999 2.667441 1.988718 8.935954 4.675999 3.584473 7.654181 4.250678 4.457187 8.300873 3.686318 3.33743 7.227483 0.4249464 2.871777 7.995747 1.560557 3.065595 7.723511 1.624563 5.637638 6.530004 0.5486058 5.579972 7.395731 1.039264 2.939923 7.71946 1.287948 1.258842 6.421435 1.343279 1.737883 7.054486 1.11173 4.235731 8.552366 0.6655715 3.857881 20.73756 -0.3460339 1.73896 20.65753 -0.2449424 1.708132 20.72695 -0.2511976 1.594966 22.51435 0.6081205 2.487102 22.44857 0.6868937 2.481571 22.51897 0.6912801 2.40649 23.47515 1.030598 3.112448 23.45584 1.052737 3.111722 23.4764 1.0531 3.090636 19.97058 -0.05819994 0.8879062 19.89351 -0.1082953 0.9829459 19.97745 -0.03947985 1.059026 21.26612 -2.267825 0.5906534 21.18939 -2.319554 0.6618834 21.27109 -2.25428 0.7144592 21.74129 -3.771065 0.8031485 21.72996 -3.77843 0.8171208 21.7423 -3.768313 0.828306 18.5301 0.3233478 -0.1058636 18.48377 0.272886 -0.3124337 18.68166 0.171247 -0.2960945 19.9127 2.008119 -0.8753842 19.83198 2.001134 -1.004525 19.97616 1.9554 -1.02624 12.33064 0.05236881 0.07494831 12.62643 0.2013729 0.03587812 12.35517 -0.06223303 0.05798494 13.86385 0.05564969 1.310739 14.00983 0.2165126 1.249499 13.88781 -0.05199855 1.290947 14.08261 -0.1065695 1.189649 16.00942 0.08152544 2.506398 15.97045 0.0383951 2.530322 16.01442 0.01768392 2.490337 12.65486 -0.1238645 0.01774162 4.39546 -0.19761 -0.1244217 4.30945 -0.02948194 -0.1811453 4.162047 -0.06469243 -0.278357 4.102392 -0.2014482 -0.3176999 4.163474 -0.3174045 -0.2774165 4.308147 -0.3604145 -0.1820041 6.579068 -0.1849681 -0.6090911 6.570009 -0.09014713 -0.6619228 6.552808 -0.1061445 -0.7585645 6.54521 -0.1802469 -0.7999889 6.551661 -0.2456851 -0.7624041 6.568142 -0.2728049 -0.6690142 6.861321 -0.1778064 -0.7078945 6.839264 -0.09786844 -0.747431 6.800046 -0.1114228 -0.8203337 6.783639 -0.1739476 -0.8517879 6.799318 -0.229114 -0.8236552 6.83747 -0.2519267 -0.7533366 7.986223 -0.1803782 -0.8594824 7.962404 -0.1884307 -0.9107349 8.196732 -0.2040021 -1.014499 7.968727 -0.2679749 -0.9180374 7.993971 -0.2844781 -0.8701241 9.646863 0.1151287 -0.6161847 9.64357 0.1056802 -0.6320007 9.648396 0.09477144 -0.6182721 6.043512 0.09047442 0.04265522 5.975002 0.03020447 0.1704975 5.85759 0.1054555 0.2039605 5.810072 0.2035538 0.1471732 5.858726 0.2444547 0.05836021 5.973964 0.2134276 -0.01901501 6.891407 0.9348953 0.8560256 6.853563 0.9016029 0.9266441 6.788706 0.9431707 0.9451286 6.762458 0.997359 0.9137603 6.789334 1.019952 0.8647009 6.85299 1.002813 0.8219597 7.5175 1.615078 1.520452 7.475043 1.630841 1.524537 7.451027 1.663999 1.577123 7.476269 1.679596 1.483365 7.518188 1.679116 1.466747 7.92563 2.185442 2.201784 7.875028 2.234171 2.196344 7.926292 2.244677 2.152188 8.106102 2.993158 2.86361 8.087086 3.009938 2.85943 8.105982 3.012736 2.843338 6.444573 -0.1751518 -0.646703 6.452326 -0.1438789 -0.7141709 6.394795 -0.1509953 -0.750231 6.344684 -0.1768771 -0.7346796 6.339933 -0.1984397 -0.6876128 6.37941 -0.2060195 -0.6331331 7.222373 -0.4144828 -0.7148442 7.198191 -0.4427812 -0.7426462 7.195879 -0.5180802 -0.7526285 7.19287 -0.4956309 -0.7048144 7.214901 -0.4841401 -0.6660122 8.153831 -0.6125532 -0.7124696 8.140748 -0.683297 -0.7151025 8.148828 -0.6600468 -0.6496178 9.250093 -0.7804064 -0.1774708 9.243065 -0.80571 -0.1774072 9.24567 -0.7962609 -0.1538439 6.984903 1.088756 0.9733361 6.949994 1.041755 0.9729588 6.898705 1.056831 0.9727009 6.881182 1.099163 0.9727441 6.926432 1.130866 1.020272 6.968252 1.139258 0.9976674 7.312657 1.061725 1.838274 7.275732 1.071768 1.840311 7.244312 1.11716 1.869995 7.280003 1.125066 1.846162 7.317446 1.131577 1.845964 7.426034 1.003684 2.816537 7.371324 1.047171 2.833812 7.431409 1.081958 2.825222 7.372735 1.026969 3.891384 7.35292 1.043746 3.895332 7.375164 1.055662 3.891525 16.33883 -0.003322303 0.2145791 16.14648 0.05821371 0.2237913 16.14384 0.1845317 0.0298193 16.33215 0.1634709 -0.03424704 17.22055 1.185752 0.9671415 17.10612 1.219557 0.9703359 17.10466 1.28952 0.8650829 17.21685 1.277886 0.8296929 18.22002 2.017394 1.580105 18.20256 2.024092 1.5927 18.19483 2.05118 1.578281 18.20954 2.052929 1.561537 17.1705 1.174368 0.8705795 17.06642 1.169626 0.89158 17.04662 1.116903 0.8243119 17.14244 1.115054 0.7934318 17.65549 2.205414 0.8443307 17.63386 2.20142 0.8183752 17.66187 2.196936 0.8210153 10.29621 0.004820168 -0.03501147 10.24327 0.07546275 0.07466864 10.15965 0.1642979 0.03413718 10.1285 0.1880397 -0.06883794 10.16602 0.1382143 -0.1442962 10.24979 0.04329103 -0.1593305 12.52369 0.5148472 0.05094671 12.52742 0.5367386 0.04259651 12.52313 0.5177563 0.02745318 11.20647 0.5237686 -0.007018506 11.16367 0.548635 -0.106931 11.08724 0.6149581 -0.09346371 11.05326 0.650815 -0.03180229 11.08205 0.6358748 0.05106925 11.15852 0.574648 0.08258277 11.85366 0.6474819 -0.04020494 11.86058 0.6029157 0.03095632 11.83937 0.7213698 -0.02177101 11.83246 0.7525804 0.02864438 11.83696 0.7221347 0.08839005 11.85081 0.6468641 0.1040605 -2.328555 -0.386666 1.344615 -1.886832 -0.4735572 0.8631928 -1.925498 -0.3848906 0.7088284 -1.925503 -0.2714481 0.7161406 -1.892809 -0.2255414 0.8544734 -2.464672 -0.2792384 1.404596 -2.901581 -0.4605549 1.674864 -2.937875 -0.5132295 1.521184 -2.967955 -0.4442536 1.401101 -2.967959 -0.356004 1.406788 -2.942526 -0.3202922 1.514401 -2.905297 -0.3497884 1.666637 -3.206969 -0.4771531 1.585426 -3.216559 -0.4313613 1.536563 -3.271857 -0.4294878 1.468776 -3.207 -0.3567624 1.578792 -3.194686 -0.3787028 1.63955 -3.486946 -0.5001082 1.515107 -3.479815 -0.4299288 1.409137 -3.478052 -0.4285057 1.575798 -3.932926 -0.5398117 1.235448 -3.935646 -0.5173868 1.219417 -3.928441 -0.5173438 1.255436</float_array>
          <technique_common>
            <accessor source="#tree_oak_large_b200-mesh-positions-array" count="513" stride="3">
              <param name="X" type="float"/>
              <param name="Y" type="float"/>
              <param name="Z" type="float"/>
            </accessor>
          </technique_common>
        </source>
        <source id="tree_oak_large_b200-mesh-normals">
          <float_array id="tree_oak_large_b200-mesh-normals-array" count="1521">0.1637681 -0.8157582 0.554724 0.1025133 -0.7660269 0.6345816 0.05554407 0.06582885 0.9962839 0.2659466 0.5874691 0.7642988 0.08871978 0.2243784 0.9704551 0.06131279 0.8660702 0.4961485 0.1954158 0.2105534 -0.9578518 -0.3380246 -0.909456 -0.242135 -0.8294141 -0.1645888 -0.5338379 -0.8863651 -0.1493908 0.4382232 -0.4522943 -0.8895122 0.06479221 0.1520464 -0.07336801 0.9856466 -0.3512102 0.3973241 0.8478119 0.01208561 0.2671347 0.9635834 -0.6557168 0.226487 0.7202355 -0.7028661 0.6082859 0.3687377 0.1579959 0.8842829 -0.43941 0.03149604 0.09482395 0.9949957 0.430136 -0.8807197 -0.1982825 0.0102238 -0.9165733 0.3997362 0.05444556 0.4892776 0.870427 0.03808826 0.9651784 -0.2588051 -0.9245934 0.3786575 0.04178142 9.1558e-5 0.9994167 0.03415113 0.1659322 -0.9419407 0.2919149 -0.9370869 -0.3069909 0.1662066 0.07446789 -0.6522658 -0.7543234 0.07580882 -0.8135719 0.5765014 0.04678583 -0.9227465 -0.3825575 0.08563607 -0.003357052 -0.9963209 0.001892149 -0.5353096 -0.8446538 0.05527043 0.8272261 -0.5591443 0.03906452 -0.9990761 0.01791471 0.01422166 0.951755 0.3065294 0.04040729 0.4962102 0.8672617 0.0199902 -0.9365492 0.3499661 0.008575916 0.2710732 0.9625205 0.001556456 -0.3538073 0.9353172 -0.03137385 -0.888113 0.4585532 -0.1145094 0.4733892 0.8733787 0.0548737 -0.936821 -0.3454787 0.06778246 -0.5725653 -0.8170523 -0.01049846 0.9453212 0.3259718 0.1308354 0.9783812 -0.1601642 0.04275786 0.3315338 -0.942474 -0.6036093 -0.3011943 -0.7381991 -0.523406 -0.19688 0.8290262 0.3057075 0.9325041 -0.1922994 -0.02704024 0.9163476 -0.3994696 0.01586967 -0.3780955 -0.9256306 -0.01663273 0.5107622 0.8595612 0.06131374 0.9896267 0.1299217 0.3147425 0.8863633 0.3395544 0.02899336 0.1281509 0.9913309 0.389971 -0.82099 -0.4170108 0.2647811 -0.7121563 -0.6501726 0.6153365 0.7880166 0.0197767 0.5299909 -0.8178145 -0.2242527 -0.8683938 0.02395755 0.4952963 0.6518784 0.7545126 0.07593035 -0.9451459 0.1125239 0.3066558 -0.5217343 -0.02670472 -0.85269 0.2365523 -0.9015602 0.3622599 0.38766 -0.8419442 -0.3752995 -0.4248277 -0.02511727 -0.9049258 0.3000387 0.9293234 0.2152551 -0.2715895 -0.2467164 -0.9302527 0.2563299 0.9539355 0.1558915 -0.6946169 -0.4838207 0.5323768 -0.8515529 -0.4630101 0.2459255 -0.8621373 -0.3868616 -0.3271965 -0.7238011 0.6715822 0.1583963 -0.4425691 0.5681585 -0.6937784 -0.6878639 -0.6830419 -0.2455545 0.2959744 0.5037485 -0.8115644 0.1550374 0.9859833 0.06164872 0.2240399 0.9650409 -0.1360231 -0.1007725 0.9931373 0.05935871 -0.2956078 0.9497535 0.1028798 0.02096694 0.9398201 0.3410258 -0.4511927 0.8915511 -0.03952205 -0.4663264 0.8831819 -0.05029487 -0.1121892 0.9888579 -0.09784507 -0.104833 0.2830643 0.9533545 0.2338958 -0.2829396 0.9301818 -0.2580379 0.06085479 0.9642164 0.5532821 -0.2930756 0.7797344 0.2839813 0.109686 0.9525353 0.5122618 -0.3746516 0.7728028 0.4890996 -0.340502 0.8030194 -0.02652108 -0.6897014 0.7236081 -0.486016 0.5169624 -0.7046546 -0.594114 0.5685696 -0.5689968 -0.2867249 -0.1162159 -0.9509378 0.25932 0.3336643 -0.906323 -0.2433619 -0.4050538 -0.8813095 0.3684254 -0.1932768 -0.9093442 0.3688512 0.1488711 -0.9174891 -0.1361158 -0.283066 -0.9493926 -0.2193688 -0.9153489 -0.3376594 -0.4449362 -0.7986207 -0.4052615 -0.2194349 -0.9707022 -0.09790641 -0.1044068 -0.893974 -0.4357864 -0.1364814 -0.9898257 0.04022413 -0.04904443 -0.9929131 -0.1082518 -0.009857714 -0.919121 -0.3938523 -0.1951708 -0.9806762 0.01352 -0.3838121 0.4653295 0.7975944 -0.4530588 0.3843599 0.8043664 -0.03534138 0.694864 0.7182723 0.38903 0.3422133 0.8553045 -0.114907 0.7560364 0.6443644 0.5092716 0.6570754 0.5557827 0.4970929 0.3521278 0.7930352 0.1454253 0.7970165 0.5861879 -0.6015897 -0.593899 0.5342039 -0.6878775 -0.5960751 0.4141487 -0.2662829 -0.01861691 0.9637151 0.2553546 -0.4981658 0.8286283 -0.2336262 0.2235243 0.9462853 0.3974178 -0.03329616 0.9170336 0.3839685 -0.344537 0.8566578 -0.1308959 0.1236323 0.9836571 -0.04919689 -0.9947121 0.09015369 0.02923703 -0.9215479 0.3871624 -0.1067545 -0.9842289 0.1410575 -0.161631 -0.9797357 0.1182934 0.01867777 -0.9758247 -0.2177553 -0.333205 -0.907265 0.2566027 -0.3505448 -0.898641 0.2637478 -0.1389859 -0.9305706 0.3387056 0.2260852 -0.5848063 -0.7790296 -0.02029508 -0.7432276 -0.6687308 -0.003295958 -0.7466994 -0.6651536 -0.03271597 -0.809172 -0.5866604 0.277635 -0.5939075 -0.755111 -0.289264 -0.7782173 -0.5574085 -0.299519 -0.8105996 -0.5032066 -0.2639273 -0.7809476 -0.5660947 -0.1976146 0.2811773 0.939089 -0.08072489 0.6492479 0.7562808 -0.0430932 0.4521737 0.8908883 0.1225958 0.3595473 0.9250385 -0.09000152 -0.01928818 0.9957548 -0.01580876 0.6789543 0.7340104 -0.0258193 0.6988915 0.7147616 -0.1067571 0.7685106 0.6308679 -0.2458657 -0.2169942 -0.944703 -0.1637632 -0.5678609 -0.8066695 -0.1135308 -0.1811305 -0.9768841 -0.08032542 -0.2516273 -0.9644851 -0.006714105 0.3477319 -0.93757 -0.2426586 -0.395316 -0.8859132 -0.2611791 -0.3983913 -0.879244 -0.1510726 -0.4935343 -0.8565052 -0.1300714 0.9893915 0.0647 -0.08557629 0.9724082 -0.2170232 -0.08264493 0.9957988 0.03943032 -0.04205536 0.9985262 0.03430354 0.04193282 0.9181281 0.394059 -0.2106412 0.9674173 -0.1404783 -0.2219687 0.9653332 -0.1373379 -0.1243973 0.975616 -0.1808279 0.2713124 0.9119331 0.3078434 0.2696999 0.9574851 0.1023926 0.007324457 0.8775056 0.4795106 -0.1320884 0.7015212 0.7003005 0.1636425 0.7436857 0.6481919 -0.2450376 0.8477894 0.4703295 -0.3752933 0.6710845 0.6393751 0.07504665 0.9716085 0.2243769 0.2482711 0.2067959 0.9463599 0.4805635 0.3120946 0.819546 0.08307391 -0.09500706 0.9920043 -0.3218533 0.2566953 0.9113277 -0.04986828 -0.3112344 0.949024 -0.3925105 -0.1822316 0.9015138 -0.3970547 0.1015679 0.9121577 0.0767551 -0.2619745 0.9620177 -0.1664189 0.2768664 0.9463877 -9.4609e-4 0.3379984 0.9411463 -0.3184035 -0.07980686 0.9445899 -0.5650383 0.3210042 0.760058 -0.3688815 -0.2648732 0.890937 -0.667033 -0.1987426 0.718031 -0.6728264 0.135078 0.7273642 -0.3361945 -0.2318204 0.9128158 -0.130316 -0.9913788 -0.01364195 0.01171934 -0.9999305 0.001281797 -0.1382526 -0.9902914 -0.01446616 0.1114251 0.5354267 0.8371993 0.05380487 0.4474689 0.8926795 0.06811904 0.4779323 0.8757515 0.4567146 0.8895633 -0.009430289 0.4066647 0.9135537 -0.006592035 0.4142952 0.9101067 -0.008087515 0.3177717 0.902347 0.291189 0.3614991 0.901993 0.2360655 0.08942067 -0.1012926 0.9908299 -0.1503986 -0.8718118 0.4661809 0.2291972 -0.8390265 0.4934606 0.1443867 -0.9480513 0.2834632 0.2359446 -0.9708797 -0.04150623 -0.3064727 -0.8823679 0.3570733 0.1267777 0.5519136 0.824208 0.1213753 0.5032942 0.8555483 0.1774357 0.6235886 0.7613501 0.4618507 0.8868948 -0.01055967 0.08984839 -0.111395 0.9897062 0.09451764 -0.7153679 0.692326 0.01440507 -0.7505291 0.6606804 0.3706833 0.03466951 0.9281121 0.2747982 0.02090585 0.9612748 0.2108231 0.01184123 0.9774525 -0.100103 0.3039712 0.9474076 -0.01373374 0.4482698 0.8937929 0.005279779 -0.0657078 0.997825 -0.468046 0.06784468 0.881096 0.07046926 -0.2511135 0.9653891 -0.2321905 -0.4082866 0.8828305 -0.4413695 -0.1478658 0.8850586 0.07931846 -0.2016685 0.9762369 -0.5780605 -0.329117 0.7466781 -0.5862097 -0.2871232 0.7575742 -0.5908507 -0.2598095 0.7638028 -0.7624413 0.3041586 0.5711138 -0.7041734 0.4815346 0.5217896 -0.812011 -0.01895207 0.5833345 -0.09650045 0.6996132 0.7079754 -0.04049843 0.6387583 0.768341 -0.003814816 0.5955429 0.8033145 0.4606607 0.4200698 0.781878 0.4307464 0.3387924 0.8364672 0.408837 0.2839824 0.8672984 0.1185355 0.5912435 0.7977346 0.874424 -0.05410975 0.4821357 0.7553415 0.4395019 0.4861042 0.803907 0.3486211 0.4818681 0.2794983 0.8272029 0.4874588 0.4153976 0.8353425 0.3600662 -0.1554009 -0.9832193 0.09555387 0.2414974 -0.9644029 0.1077323 0.22535 -0.9711354 0.07818889 0.9881846 -0.145394 -0.04849517 0.7568137 -0.6521331 0.04422223 -0.2684777 -0.9575411 0.1050472 0.126989 0.5638667 0.8160442 0.1321171 0.573759 0.8082982 0.1313226 0.6005501 0.7887294 0.1879383 0.6292181 0.7541643 0.8116296 -0.1202765 0.5716565 0.9933521 -0.1010473 -0.05514723 0.0924732 -0.7618514 0.6411173 0.03366315 -0.7990959 0.6002604 0.9955175 0.09103703 0.0256356 0.3713285 -0.8859452 0.2778784 0.3129471 -0.9066738 0.2828549 0.9768626 0.2096372 0.04233026 0.9923105 0.1229324 0.01440519 0.9831042 0.1590643 0.09057998 0.9917154 -0.101964 -0.07812863 -0.9068166 0.3862508 -0.1688016 -0.993137 0.08774101 -0.07733416 -0.8945478 0.4127414 -0.1715483 0.1398098 0.6006544 0.7871896 -0.03686732 -0.9337088 0.3561302 0.2129029 0.6560437 0.7240713 -0.1540595 -0.9732488 -0.1704483 0.141426 -0.9880293 -0.06161826 0.1429811 -0.9872872 -0.06943053 -0.3581116 -0.9060523 0.2254449 -0.3095258 -0.9488727 0.06192344 -0.3059861 -0.9497594 0.06579953 -0.1990741 -0.9592974 0.2002949 -0.07556486 -0.9871351 -0.1409059 -0.4669461 -0.8604932 0.2037472 -0.3878671 -0.891951 0.2323418 0.3106245 -0.9109068 -0.2715904 0.3157765 -0.9076249 -0.2765906 -0.01941001 -0.9565547 0.2909064 -0.5173072 -0.5851523 0.624492 -0.4770835 -0.8492709 0.2261202 -0.177532 0.1248248 0.9761666 -0.2465029 -0.1351386 0.9596738 -0.2753784 -0.3158779 0.9079582 -0.0508452 -0.2624052 0.9636174 0.005249261 -0.1627286 0.9866569 -0.2839479 0.1103869 0.9524645 -0.2681118 -0.317675 0.9095047 -0.4850181 -0.3446277 0.8037346 -0.4228173 -0.04269677 0.9052087 -0.3063201 -0.2915794 0.906173 -0.3803882 0.2246194 0.8971349 -0.5285691 -0.06171059 0.8466444 -0.4042526 -0.193581 0.8939275 -0.3518908 -0.08811002 0.931885 -0.1706312 0.09582936 0.980664 0.7295238 -0.4340398 0.5285874 0.7280974 -0.4595282 0.5086336 0.6522349 -0.4938686 0.5750508 -0.557408 -0.3119702 0.7693965 -0.4999092 -0.381402 0.7775754 -0.4388665 -0.4471372 0.7794001 0.6062024 -0.5357336 0.5877994 0.6252509 -0.4895007 0.6078244 0.8066542 -0.5672612 0.1659026 0.7200945 -0.6853029 0.108739 0.9260511 -0.2815112 0.251358 0.2433592 0.9635183 0.1113947 0.156869 0.9832087 0.09323632 0.06988865 0.9947693 0.07449704 0.3226466 0.4010194 -0.8573697 0.1717919 -0.789193 0.5896287 0.1860177 0.4127793 -0.8916338 -0.5579884 0.6310216 0.5389442 -0.5572572 0.6986851 0.4486685 -0.5758404 0.5292067 0.6231759 0.4953318 0.2578594 -0.8295511 0.2535262 -0.9116506 0.3234466 0.2785134 -0.9381135 0.2058484 0.235274 -0.07629847 -0.9689297 -0.9085307 -0.4165281 0.0328083 0.3933027 0.1623628 -0.9049593 -0.8313103 -0.5213581 0.1926367 0.5847753 0.2239487 0.7796698 0.495049 0.1561658 0.8547157 0.3022663 0.3069968 -0.9024345 0.2958498 0.1493287 0.9434903 0.6950099 -0.6494449 -0.3085169 0.3297332 0.2091199 0.9206221 -0.2043274 0.5105895 0.8351939 -0.7142463 0.3260086 -0.6193309 -0.690474 0.2698842 -0.6711246 -0.5221546 -0.5502629 0.6515869 -0.5689694 0.2175103 0.7930719 -0.6163022 0.190439 0.7641366 0.1069082 0.9904034 -0.08758956 0.1246694 0.985636 -0.1139268 -0.4006541 -0.6954377 0.5965254 -0.4615461 -0.2033818 0.8634877 0.4335616 -0.7303953 -0.5277756 0.2661573 0.9094699 -0.3194131 0.2915193 -0.9045583 -0.3111127 0.2234573 -0.01406908 0.9746122 0.1380083 -0.9344707 0.3282046 0.2725356 -0.04785394 0.960955 -0.09451806 -0.7924014 -0.6026328 0.05160713 -0.9958254 0.0752896 -0.144079 -0.6017078 -0.7856138 -0.1986491 -0.008819997 -0.9800311 -0.1934007 -0.02511733 -0.9807984 -0.1548548 0.580721 -0.7992391 0.05197376 0.9884786 0.1421573 -0.1066043 0.8231396 -0.5577427 0.1369705 0.8931773 0.4283381 0.08789527 -0.9515883 0.2945407 0.2115901 -0.03479194 0.9767391 -0.08920776 -0.7612114 -0.6423389 -0.1521686 0.006561577 -0.9883329 -0.06347948 0.7981631 -0.5990877 0.1336111 0.9183093 0.372634 0.004852592 -0.8675541 -0.4973191 0.1986822 -0.07559686 -0.9771441 0.1414276 -0.7861533 0.6016321 0.0174877 0.9866362 -0.1619978 -0.004486262 0.7504668 0.660893 0.1359005 -0.8932264 0.4285765 0.2089372 0.204817 -0.9562402 -0.2008464 0.6952872 0.690099 0.8102542 -0.4147254 -0.414115 0.3236609 0.4932585 -0.8074278 0.8230155 -0.401299 -0.402001 -0.4532977 0.8293521 -0.3266441 0.2936925 0.524392 -0.7992233 -0.4480896 0.8440516 -0.2946062 -0.7721477 0.4821497 0.4139078 -0.7564262 0.4977733 0.4243128 -0.4589521 -0.2453767 0.8539047 0.3190826 -0.7838963 0.5326284 -0.4457292 -0.2680174 0.8541032 0.3502421 -0.7802011 0.5182825 -0.4685891 0.8089373 -0.3550279 -0.08340942 -0.7737576 0.6279667 -0.7815604 -0.1024827 0.6153541 0.5084494 0.505306 -0.6972411 -0.9453806 0.1967852 0.2598675 0.3265576 0.5871629 -0.7406754 0.6040726 -0.7733339 0.1924865 0.5404945 0.3661079 -0.7575162 0.3765771 -0.634648 0.6748419 -0.9787216 0.1723421 0.1113647 0.5062628 -0.6945701 0.511146 -0.2542272 -0.8859192 0.3879635 -0.1406337 -0.7700979 -0.6222311 -0.2682052 -0.1467682 0.9521162 -0.2804441 -0.847894 0.4499191 -0.3242032 -0.9170346 -0.2322495 -0.2688088 -0.7118183 -0.6488888 -0.04080384 -0.04431354 -0.9981842 0.331408 0.9140194 -0.2339602 0.3879591 0.2707046 -0.881026 0.06726479 -0.932918 -0.3537507 -0.4021517 0.08108949 0.9119751 -0.04306256 -0.3077558 0.9504905 0.2959713 0.8175682 -0.4939468 0.3915888 0.9171863 -0.07367277 0.0423904 -0.787687 -0.6146157 0.2031383 0.5102568 0.8356871 0.2439387 0.9455105 -0.2156475 -0.1691371 0.9827475 0.07483297 -0.8988627 0.3073322 0.3123984 0.5711578 0.8201296 0.03415042 0.49169 0.8487917 -0.1944054 -0.5344303 0.8179582 0.2129053 -0.9145774 -0.1027591 0.3911377 -0.3655276 -0.8002423 0.4753966 -0.6850023 -0.6597629 0.3090063 0.1746593 -0.9832867 -0.05139368 -0.9968181 0.05939036 0.05316442 0.4608026 0.886417 0.04388594 0.6700122 0.730104 -0.1342832 0.4338039 -0.9003553 -0.03427338 0.5702447 -0.8192785 -0.06003057 0.282638 -0.9585459 0.03613466 -0.9944869 0.1034893 -0.01690739 0.9137244 -0.1709704 -0.3686149 -0.5933872 0.06790548 0.8020478 -0.6526462 0.7207949 0.2334694 -0.582401 0.7896274 -0.1931265 0.457881 0.2876139 -0.8412035 -0.6650407 0.7221419 -0.1903473 0.5007623 -0.7594448 0.415308 0.1837579 0.4877628 -0.853417 0.6881976 -0.7069971 -0.162909 0.506437 -0.6966636 0.5081155 -0.6646756 0.07068222 0.7437812 0.5035985 0.2328925 -0.8319553 -0.2537089 -0.3239954 0.9114049 0.861639 -0.3803871 -0.3359822 0.09509617 -0.03149527 -0.9949698 -0.7327751 0.4762886 -0.4859938 -0.650581 0.3485615 -0.6747218 0.7262113 -0.3322657 0.6018444 0.2708836 -0.02737522 0.9622228 -0.814644 0.4595858 0.3537458 0.02230942 -0.3425768 0.939225 0.3631169 0.9135298 0.1833285 0.05816924 0.6344298 0.7707889 0.4881016 -0.8670341 0.1000435 0.06857591 -0.2092984 0.9754443 0.09561735 -0.1903496 0.9770488 -0.2350578 0.7202194 0.6527112 -0.352403 0.6681832 0.6552431 -0.3074804 0.9367852 -0.1670007 -0.4328778 0.8804962 -0.1932446 -0.2034735 0.4865419 -0.8496326 -0.1118839 0.5596331 -0.8211533 0.2332273 -0.3232282 -0.9171307 0.2285258 -0.3523411 -0.9075416 0.2798012 -0.9524168 0.1208871 0.07809734 0.9964664 -0.03091543 0.1107854 0.6282722 -0.7700653 0.08783459 -0.3134945 -0.9455191 0.08697807 -0.4320523 -0.8976446 -0.01904398 -0.9998096 -0.004272639 0.0067752 -0.6174299 0.7865967 0.2325289 0.8075491 0.5420285 0.194408 -0.5184926 0.8326891 0.3784424 -0.7276166 0.5721499 -0.1423089 0.9897841 -0.008697807 -0.2287397 0.9464242 -0.2279462 -0.4340786 0.6044993 -0.6679494 -0.4953798 0.5382586 -0.6818186 -0.4873928 -0.4129563 -0.7693604 -0.1742349 -0.926262 -0.3341868 -0.4476829 -0.492729 -0.7461891 -0.0501424 -0.998057 -0.03698879 -0.22447 0.3882675 0.8937906 0.1146311 0.606361 0.7868838 -0.2125055 0.9771045 0.01040703 0.2500457 -0.7884697 -0.5619544 0.0631746 -0.01321476 -0.997915 -0.4040154 0.4022758 0.8215509 0.2721695 0.3811838 -0.8835285 -0.5672926 0.4401493 0.6960229 -0.1030626 -0.9583875 0.2662171 0.2136932 -0.9000324 -0.379838 0.3334507 0.2398183 -0.9117554 -0.06174021 -0.9725236 0.2244684 -0.1815898 -0.9592521 0.2164734 0.1242425 -0.8231869 0.55401 0.02032542 -0.9997912 0.002166807 0.4190596 0.04168927 0.9070012 -0.5740717 -0.347495 0.7414101 -0.6358102 0.5806006 0.5085749 -0.6689545 0.5464802 0.5038446 -0.1252495 0.7283943 0.6736129 0.4743337 0.460661 0.7501993 -0.9968978 0.04239064 -0.06631743 -0.1669697 -0.9441069 0.284224 -0.6007743 -0.2536772 0.7581017 0.6429099 -0.7609873 0.08697867 0.661235 -0.7457435 0.08145648 0.3121447 0.9417139 0.1254621 -0.9375299 -0.3391027 0.07776379 0.6344138 -0.6385645 -0.4356082 0.4760762 -0.5917152 -0.6505571</float_array>
          <technique_common>
            <accessor source="#tree_oak_large_b200-mesh-normals-array" count="507" stride="3">
              <param name="X" type="float"/>
              <param name="Y" type="float"/>
              <param name="Z" type="float"/>
            </accessor>
          </technique_common>
        </source>
        <source id="tree_oak_large_b200-mesh-map-0">
          <float_array id="tree_oak_large_b200-mesh-map-0-array" count="3774">-0.1393526 -4.737361 0.003638505 -4.85291 -0.3950609 -3.900387 -0.591349 -4.462114 -0.4339337 -4.66627 -0.6164508 -4.043348 -1.400839 -4.90662 -1.914252 -5.49741 -1.935472 -5.895431 -0.1393526 -4.737361 -0.2696326 -6.128804 0.0829277 -5.788342 -0.1393526 -4.737361 -0.3344711 -4.794333 -0.2696326 -6.128804 0.3868784 -5.687117 -0.3572776 -5.403909 0.143493 -7.238327 -0.3344711 -4.794333 -0.6270883 -5.444633 -0.5734679 -5.784039 -0.6164508 -4.043348 -0.3344711 -4.794333 -0.3950609 -3.900387 -0.6223551 -4.461554 -0.5649923 -4.861686 -0.591349 -4.462114 -0.5630868 -5.417147 -0.5614781 -6.610636 -0.5076531 -6.61945 -0.6223551 -4.461554 -0.591349 -4.462114 -0.6164508 -4.043348 -0.591349 -4.462114 -0.5649923 -4.861686 -0.4339337 -4.66627 -0.9646099 -4.514508 -0.7133114 -5.551797 -0.8591594 -4.590804 0.2543726 -4.966019 0.8955632 -5.423265 0.2804574 -4.591218 -0.858186 -4.590886 -0.6164508 -4.043348 -0.9646099 -4.514508 -0.3950609 -3.900387 0.003638505 -4.85291 -0.2161783 -3.270476 -1.072711 -3.471632 -1.228078 -4.425372 -0.7680371 -2.764703 -1.228078 -4.425372 -0.6200255 -2.942706 -0.7680371 -2.764703 0.03516858 -4.39157 0.2543726 -4.966019 0.2804574 -4.591218 0.2804574 -4.591218 -0.03352642 -3.593868 0.03516858 -4.39157 -0.9646099 -4.514508 -0.6164508 -4.043348 -0.5651299 -3.438806 -0.3690846 -2.741397 -0.1180921 -1.811782 -0.2816674 -1.897418 0.003638505 -4.85291 0.03516858 -4.39157 -0.2161783 -3.270476 -0.2161783 -3.270476 0.03516858 -4.39157 -0.03352642 -3.593868 -0.03352642 -3.593868 0.02548503 -2.717583 -0.2161783 -3.270476 0.0424773 1.302584 0.2358245 3.22921 0.136839 3.246614 0.1825063 1.301697 0.3745776 3.213665 0.2358245 3.22921 -0.09443026 1.306644 0.136839 3.246614 0.04094594 3.353559 -0.2328894 1.316824 0.04094594 3.353559 -0.1124059 3.255064 -0.5651299 -3.438806 -0.3690846 -2.741397 -0.6200255 -2.942706 -0.5651299 -3.438806 -0.3950609 -3.900387 -0.3690846 -2.741397 -1.536631 -4.353744 -2.040272 -5.117969 -1.228078 -4.425372 0.02548503 -2.717583 -0.1180921 -1.811782 -0.2161783 -3.270476 0.04094594 3.353559 0.3286008 4.034346 0.2055231 4.056419 -0.3690846 -2.741397 -0.2816674 -1.897418 -0.4464582 -1.714935 -0.6200255 -2.942706 -0.4464582 -1.714935 -0.6396477 -1.66227 -0.245493 -1.299791 -0.1180921 -1.811782 0.0424773 1.302584 -0.1180921 -1.811782 0.07535713 -1.721026 0.1825063 1.301697 -0.4464582 -1.714935 -0.245493 -1.299791 -0.09443026 1.306644 -0.6396477 -1.66227 -0.4464582 -1.714935 -0.2328894 1.316824 -0.6195608 -4.859561 -0.6291714 -5.100446 -0.5188764 -5.082132 -0.6291714 -5.100446 -0.5630868 -5.417147 -0.3572776 -5.403909 0.3868784 -5.687117 -0.5188764 -5.082132 -0.3572776 -5.403909 0.136839 3.246614 0.2358245 3.22921 0.3286008 4.034346 0.6280536 5.186801 0.3286008 4.034346 0.4569658 4.018344 0.3286008 4.034346 0.4897212 5.27111 0.2055231 4.056419 0.7225136 5.229634 0.704183 5.691157 0.6280536 5.186801 0.5618525 5.244955 0.5977236 5.721427 0.4897212 5.27111 0.5618525 5.244955 0.704183 5.691157 0.6459525 5.686848 -0.07266598 3.461426 -0.2477536 3.96711 -0.1817757 3.359114 -0.137533 3.940043 -0.1224441 4.414407 -0.2252823 4.392721 -0.2252823 4.392721 -0.2477536 3.96711 -0.137533 3.940043 0.05115765 4.01358 -0.1224441 4.414407 -0.03516048 3.961339 -0.1124059 3.255064 0.04094594 3.353559 -0.07266598 3.461426 -0.07266598 3.461426 -0.1817757 3.359114 -0.1124059 3.255064 0.5761124 3.993555 0.6280536 5.186801 0.4569658 4.018344 0.332803 3.342149 0.3286008 4.034346 0.2358245 3.22921 -0.9646099 -4.514508 -1.228078 -4.425372 -1.400839 -4.90662 0.332803 3.342149 0.5761124 3.993555 0.4569658 4.018344 -0.07266598 3.461426 -0.03516048 3.961339 -0.137533 3.940043 -0.03516048 3.961339 0.1673532 3.410683 0.05115765 4.01358 0.003638505 -4.85291 0.0829277 -5.788342 0.3302115 -5.675059 0.3745776 3.213665 0.332803 3.342149 0.2358245 3.22921 -0.6200255 -2.942706 -0.3690846 -2.741397 -0.4464582 -1.714935 -0.7680371 -2.764703 -0.6200255 -2.942706 -0.6396477 -1.66227 -0.4339337 -4.66627 -0.5649923 -4.861686 0.3868784 -5.687117 -0.6200255 -2.942706 -0.9646099 -4.514508 -0.5651299 -3.438806 -0.5651299 -3.438806 -0.6164508 -4.043348 -0.3950609 -3.900387 -0.3344711 -4.794333 -0.1393526 -4.737361 -0.3950609 -3.900387 0.03516858 -4.39157 0.003638505 -4.85291 0.2543726 -4.966019 -0.3601413 1.350024 -0.6396477 -1.66227 -0.2328894 1.316824 0.0424773 1.302584 -0.1180921 -1.811782 0.1825063 1.301697 -0.09443026 1.306644 -0.245493 -1.299791 0.0424773 1.302584 -0.2328894 1.316824 -0.4464582 -1.714935 -0.09443026 1.306644 -0.2328894 1.316824 -0.09443026 1.306644 0.04094594 3.353559 -0.3601413 1.350024 -0.2328894 1.316824 -0.1124059 3.255064 -0.09443026 1.306644 0.0424773 1.302584 0.136839 3.246614 0.0424773 1.302584 0.1825063 1.301697 0.2358245 3.22921 -0.2696326 -6.128804 -0.3344711 -4.794333 -0.5734679 -5.784039 0.8975662 -5.952127 0.2543726 -4.966019 0.3302115 -5.675059 0.2543726 -4.966019 0.003638505 -4.85291 0.3302115 -5.675059 -0.1344277 0.6539763 -0.07333588 0.2245969 0.6360493 0.2036126 -0.1344277 0.6539763 -1.027978 0.8616055 -0.6678469 0.6119539 1.036508 0.5071405 0.379975 1.235984 0.01884192 0.8661589 -0.1344277 0.6539763 -0.6678469 0.6119539 -0.07333588 0.2245969 1.036508 0.5071405 0.01884192 0.8661589 0.6360493 0.2036126 0.6360493 0.2036126 0.01884192 0.8661589 -0.1344277 0.6539763 1.615451 0.09009063 1.742868 0.4211558 1.453119 0.2110497 1.615451 0.09009063 1.453119 0.2110497 0.8995229 -0.07859742 0.8995229 -0.07859742 1.453119 0.2110497 0.6360493 0.2036126 0.5135896 -0.5486815 0.6893691 -0.2545638 0.08933961 -0.02276504 -0.07333588 0.2245969 0.08933961 -0.02276504 0.6893691 -0.2545638 -0.9285575 0.4648363 -0.07333588 0.2245969 -0.6678469 0.6119539 0.8995229 -0.07859742 0.6360493 0.2036126 0.6893691 -0.2545638 -0.07333588 0.2245969 0.6893691 -0.2545638 0.6360493 0.2036126 -0.5630868 -5.417147 -1.275386 -7.125882 -0.5614781 -6.610636 -1.219272 -5.668299 -1.36593 -5.55335 -1.280142 -7.094049 -0.5630868 -5.417147 -1.219272 -5.668299 -1.280142 -7.094049 -0.9646099 -4.514508 -1.400839 -4.90662 -1.92656 -5.8943 -1.106461 -6.040198 -0.9646099 -4.514508 -1.92656 -5.8943 -0.6195608 -4.859561 -1.36593 -5.55335 -0.6291714 -5.100446 -0.6291714 -5.100446 -1.219272 -5.668299 -0.5630868 -5.417147 0.143493 -7.238327 -0.3572776 -5.403909 -0.5076531 -6.61945 -0.5076531 -6.61945 -0.5614781 -6.610636 -0.578028 -7.77233 -1.275386 -7.125882 -0.6517084 -7.764005 -0.5614781 -6.610636 -0.578028 -7.77233 0.1361583 -7.278884 -0.5076531 -6.61945 -1.072711 -3.471632 -1.536631 -4.353744 -1.228078 -4.425372 -0.3572776 -5.403909 -0.5630868 -5.417147 -0.5076531 -6.61945 -0.6195608 -4.859561 -0.6223551 -4.461554 -0.6164508 -4.043348 -0.6164508 -4.043348 -0.858186 -4.590886 -1.36593 -5.55335 -2.564997 -4.99358 -1.536631 -4.353744 -2.496192 -4.763704 -1.914252 -5.49741 -1.228078 -4.425372 -2.040272 -5.117969 -0.3950609 -3.900387 -0.2161783 -3.270476 -0.3690846 -2.741397 -0.5649923 -4.861686 -0.6195608 -4.859561 -0.5188764 -5.082132 -0.5649923 -4.861686 -0.5188764 -5.082132 0.3868784 -5.687117 -0.5188764 -5.082132 -0.6291714 -5.100446 -0.3572776 -5.403909 -0.245493 -1.299791 -0.2816674 -1.897418 -0.1180921 -1.811782 -0.245493 -1.299791 -0.4464582 -1.714935 -0.2816674 -1.897418 0.2378866 0.001106619 0.6708162 0.001106619 0.551374 0.5313483 0.3759027 0.9995645 0.3095951 0.5195625 0.551374 0.5313483 0.8107848 0.9995645 0.6226554 0.9995645 0.551374 0.5313483 0.7390388 0.4874166 0.8107848 0.9995645 0.551374 0.5313483 0.6226554 0.9995645 0.3759027 0.9995645 0.551374 0.5313483 0.3095951 0.5195625 0.2378866 0.001106619 0.551374 0.5313483 0.6708162 0.001106619 0.7390388 0.4874166 0.551374 0.5313483 0.2378866 0.001106619 0.551374 0.5313483 0.6708162 0.001106619 0.3759027 0.9995645 0.551374 0.5313483 0.3095951 0.5195625 0.8107848 0.9995645 0.551374 0.5313483 0.6226554 0.9995645 0.7390388 0.4874166 0.551374 0.5313483 0.8107848 0.9995645 0.6226554 0.9995645 0.551374 0.5313483 0.3759027 0.9995645 0.3095951 0.5195625 0.551374 0.5313483 0.2378866 0.001106619 0.6708162 0.001106619 0.551374 0.5313483 0.7390388 0.4874166 0.2378866 0.001106619 0.6708162 0.001106619 0.551374 0.5313483 0.3759027 0.9995645 0.3095951 0.5195625 0.551374 0.5313483 0.8107848 0.9995645 0.6226554 0.9995645 0.551374 0.5313483 0.7390388 0.4874166 0.8107848 0.9995645 0.551374 0.5313483 0.6226554 0.9995645 0.3759027 0.9995645 0.551374 0.5313483 0.3095951 0.5195625 0.2378866 0.001106619 0.551374 0.5313483 0.6708162 0.001106619 0.7390388 0.4874166 0.551374 0.5313483 0.2378866 0.001106619 0.6708162 0.001106619 0.551374 0.5313483 0.3759027 0.9995645 0.3095951 0.5195625 0.551374 0.5313483 0.8107848 0.9995645 0.6226554 0.9995645 0.551374 0.5313483 0.7390388 0.4874166 0.8107848 0.9995645 0.551374 0.5313483 0.6226554 0.9995645 0.3759027 0.9995645 0.551374 0.5313483 0.3095951 0.5195625 0.2378866 0.001106619 0.551374 0.5313483 0.6708162 0.001106619 0.7390388 0.4874166 0.551374 0.5313483 0.2378866 0.001106619 0.6708162 0.001106619 0.551374 0.5313483 0.3759027 0.9995645 0.3095951 0.5195625 0.551374 0.5313483 0.8107848 0.9995645 0.6226554 0.9995645 0.551374 0.5313483 0.7390388 0.4874166 0.8107848 0.9995645 0.551374 0.5313483 0.6226554 0.9995645 0.3759027 0.9995645 0.551374 0.5313483 0.3095951 0.5195625 0.2378866 0.001106619 0.551374 0.5313483 0.6708162 0.001106619 0.7390388 0.4874166 0.551374 0.5313483 0.2378866 0.001106619 0.6708162 0.001106619 0.551374 0.5313483 0.3759027 0.9995645 0.3095951 0.5195625 0.551374 0.5313483 0.8107848 0.9995645 0.6226554 0.9995645 0.551374 0.5313483 0.7390388 0.4874166 0.8107848 0.9995645 0.551374 0.5313483 0.6226554 0.9995645 0.3759027 0.9995645 0.551374 0.5313483 0.3095951 0.5195625 0.2378866 0.001106619 0.551374 0.5313483 0.6708162 0.001106619 0.7390388 0.4874166 0.551374 0.5313483 0.2378866 0.001106619 0.6708162 0.001106619 0.551374 0.5313483 0.3759027 0.9995645 0.3095951 0.5195625 0.551374 0.5313483 0.8107848 0.9995645 0.6226554 0.9995645 0.551374 0.5313483 0.7390388 0.4874166 0.8107848 0.9995645 0.551374 0.5313483 0.6226554 0.9995645 0.3759027 0.9995645 0.551374 0.5313483 0.3095951 0.5195625 0.2378866 0.001106619 0.551374 0.5313483 0.6708162 0.001106619 0.7390388 0.4874166 0.551374 0.5313483 0.2378866 0.001106619 0.6708162 0.001106619 0.551374 0.5313483 0.3759027 0.9995645 0.3095951 0.5195625 0.551374 0.5313483 0.8107848 0.9995645 0.6226554 0.9995645 0.551374 0.5313483 0.7390388 0.4874166 0.8107848 0.9995645 0.551374 0.5313483 0.6226554 0.9995645 0.3759027 0.9995645 0.551374 0.5313483 0.3095951 0.5195625 0.2378866 0.001106619 0.551374 0.5313483 0.6708162 0.001106619 0.7390388 0.4874166 0.551374 0.5313483 0.2378866 0.001106619 0.6708162 0.001106619 0.551374 0.5313483 0.3759027 0.9995645 0.3095951 0.5195625 0.551374 0.5313483 0.8107848 0.9995645 0.6226554 0.9995645 0.551374 0.5313483 0.7390388 0.4874166 0.8107848 0.9995645 0.551374 0.5313483 0.6226554 0.9995645 0.3759027 0.9995645 0.551374 0.5313483 0.3095951 0.5195625 0.2378866 0.001106619 0.551374 0.5313483 0.6708162 0.001106619 0.7390388 0.4874166 0.551374 0.5313483 0.2378866 0.001106619 0.6708162 0.001106619 0.551374 0.5313483 0.3759027 0.9995645 0.3095951 0.5195625 0.551374 0.5313483 0.8107848 0.9995645 0.6226554 0.9995645 0.551374 0.5313483 0.7390388 0.4874166 0.8107848 0.9995645 0.551374 0.5313483 0.6226554 0.9995645 0.3759027 0.9995645 0.551374 0.5313483 0.3095951 0.5195625 0.2378866 0.001106619 0.551374 0.5313483 0.6708162 0.001106619 0.7390388 0.4874166 0.551374 0.5313483 0.2378866 0.001106619 0.6708162 0.001106619 0.551374 0.5313483 0.3759027 0.9995645 0.3095951 0.5195625 0.551374 0.5313483 0.8107848 0.9995645 0.6226554 0.9995645 0.551374 0.5313483 0.7390388 0.4874166 0.8107848 0.9995645 0.551374 0.5313483 0.6226554 0.9995645 0.3759027 0.9995645 0.551374 0.5313483 0.3095951 0.5195625 0.2378866 0.001106619 0.551374 0.5313483 0.6708162 0.001106619 0.7390388 0.4874166 0.551374 0.5313483 0.2378866 0.001106619 0.6708162 0.001106619 0.551374 0.5313483 0.3759027 0.9995645 0.3095951 0.5195625 0.551374 0.5313483 0.8107848 0.9995645 0.6226554 0.9995645 0.551374 0.5313483 0.7390388 0.4874166 0.8107848 0.9995645 0.551374 0.5313483 0.6226554 0.9995645 0.3759027 0.9995645 0.551374 0.5313483 0.3095951 0.5195625 0.2378866 0.001106619 0.551374 0.5313483 0.6708162 0.001106619 0.7390388 0.4874166 0.551374 0.5313483 0.2378866 0.001106619 0.6708162 0.001106619 0.551374 0.5313483 0.3759027 0.9995645 0.3095951 0.5195625 0.551374 0.5313483 0.8107848 0.9995645 0.6226554 0.9995645 0.551374 0.5313483 0.7390388 0.4874166 0.8107848 0.9995645 0.551374 0.5313483 0.6226554 0.9995645 0.3759027 0.9995645 0.551374 0.5313483 0.3095951 0.5195625 0.2378866 0.001106619 0.551374 0.5313483 0.6708162 0.001106619 0.7390388 0.4874166 0.551374 0.5313483 0.2378866 0.001106619 0.6708162 0.001106619 0.551374 0.5313483 0.3759027 0.9995645 0.3095951 0.5195625 0.551374 0.5313483 0.8107848 0.9995645 0.6226554 0.9995645 0.551374 0.5313483 0.7390388 0.4874166 0.8107848 0.9995645 0.551374 0.5313483 0.6226554 0.9995645 0.3759027 0.9995645 0.551374 0.5313483 0.3095951 0.5195625 0.2378866 0.001106619 0.551374 0.5313483 0.6708162 0.001106619 0.7390388 0.4874166 0.551374 0.5313483 0.8580978 -10.29549 0.6072908 -8.022356 0.6072908 -10.33438 0.8566935 0.4572523 0.8566935 0.7223318 0.6146925 0.7144011 0.8566935 -0.6219256 0.8566935 -0.2523231 0.6146925 -0.2330781 0.8566935 -0.2523231 0.8566935 0.1172378 0.6146925 0.146998 0.6146925 0.7144011 0.8566935 0.7223318 0.8566935 0.7538735 0.8566935 0.9730616 0.8566935 1.125808 0.6146925 1.085789 0.6146925 1.085789 0.8566935 1.125808 0.8566935 1.621926 0.6146925 0.9444797 0.8566935 0.9730616 0.6146925 1.085789 0.8566935 0.2444123 0.8566935 0.4572523 0.6146925 0.4702314 0.8566935 0.1172378 0.8566935 0.2444123 0.6146925 0.2646068 0.6146925 0.4702314 0.8566935 0.4572523 0.6146925 0.7144011 0.6146925 -0.6131111 0.8566935 -0.6219256 0.6146925 -0.2330781 0.6146925 -0.2330781 0.8566935 -0.2523231 0.6146925 0.146998 0.6146925 0.7459429 0.6146925 0.7144011 0.8566935 0.7538735 0.6146925 1.621926 0.6146925 1.085789 0.8566935 1.621926 0.6146925 0.2646068 0.8566935 0.2444123 0.6146925 0.4702314 0.6146925 0.146998 0.8566935 0.1172378 0.6146925 0.2646068 0.8566935 0.7538735 0.8566935 0.7822703 0.6146925 0.7743397 0.6146925 0.7743397 0.8566935 0.7822703 0.8566935 0.9730616 0.6146925 0.7743397 0.8566935 0.9730616 0.6146925 0.9444797 0.6146925 0.7459429 0.8566935 0.7538735 0.6146925 0.7743397 0.2378866 0.001106619 0.8107848 0.9995645 0.3759027 0.9995645 0.2378866 0.001106619 0.6708162 0.001106619 0.551374 0.5313483 0.3759027 0.9995645 0.3095951 0.5195625 0.551374 0.5313483 0.8107848 0.9995645 0.6226554 0.9995645 0.551374 0.5313483 0.7390388 0.4874166 0.8107848 0.9995645 0.551374 0.5313483 0.6226554 0.9995645 0.3759027 0.9995645 0.551374 0.5313483 0.3095951 0.5195625 0.2378866 0.001106619 0.551374 0.5313483 0.6708162 0.001106619 0.7390388 0.4874166 0.551374 0.5313483 0.6708162 0.001106619 0.3759027 0.9995645 0.8107848 0.9995645 0.6226554 0.9995645 0.6708162 0.001106619 0.8107848 0.9995645 0.2378866 0.001106619 0.8107848 0.9995645 0.3759027 0.9995645 0.2378866 0.001106619 0.8107848 0.9995645 0.3759027 0.9995645 0.8566935 0.4572523 0.8566935 0.7223318 0.6146925 0.7144011 0.8566935 -0.6219256 0.8566935 -0.2523231 0.6146925 -0.2330781 0.8566935 -0.2523231 0.8566935 0.1172378 0.6146925 0.146998 0.6146925 0.7144011 0.8566935 0.7223318 0.8566935 0.7538735 0.8566935 0.9730616 0.8566935 1.125808 0.6146925 1.085789 0.8566935 1.125808 0.8566935 1.621926 0.735693 1.353857 0.6146925 0.9444797 0.8566935 0.9730616 0.6146925 1.085789 0.8566935 0.2444123 0.8566935 0.4572523 0.6146925 0.4702314 0.8566935 0.1172378 0.735693 0.2545096 0.6146925 0.2646068 0.6146925 0.4702314 0.8566935 0.4572523 0.6146925 0.7144011 0.6146925 -0.6131111 0.8566935 -0.6219256 0.6146925 -0.2330781 0.6146925 -0.2330781 0.8566935 -0.2523231 0.6146925 0.146998 0.6146925 0.7459429 0.6146925 0.7144011 0.8566935 0.7538735 0.6146925 1.621926 0.6146925 1.085789 0.735693 1.353857 0.6146925 0.2646068 0.8566935 0.2444123 0.6146925 0.4702314 0.6146925 0.146998 0.8566935 0.1172378 0.6146925 0.2646068 0.8566935 0.7538735 0.8566935 0.7822703 0.6146925 0.7743397 0.6146925 0.7743397 0.8566935 0.7822703 0.8566935 0.9730616 0.6146925 0.7743397 0.8566935 0.9730616 0.6146925 0.9444797 0.6146925 0.7459429 0.8566935 0.7538735 0.6146925 0.7743397 0.8566935 -0.6219256 0.6146925 -0.6131111 0.8566935 -0.6219256 0.8566935 -0.6219256 0.6146925 -0.6131111 0.8566935 -0.6219256 0.8566935 -0.6219256 0.6146925 -0.6131111 0.6146925 -0.6131111 0.8566935 -0.6219256 0.8566935 -0.6219256 0.6146925 -0.6131111 0.6146925 1.085789 0.8566935 1.125808 0.735693 1.353857 0.8566935 1.621926 0.6146925 1.621926 0.735693 1.353857 0.6146925 1.621926 0.8566935 1.621926 0.6146925 1.621926 0.8706021 -5.990451 0.6157711 -5.000867 0.6157711 -5.903864 0.8706021 -3.159389 0.6157711 -2.231912 0.6157711 -3.115286 0.6157711 -0.5077202 0.8706021 -0.2986882 0.6157711 -0.2975161 0.6157711 -1.138333 0.8706021 -0.9389086 0.6157711 -0.9281285 0.6157711 -0.5077202 0.8706021 -0.7255018 0.8706021 -0.512095 0.6157711 -1.243435 0.8706021 -1.152315 0.6157711 -1.138333 0.6157711 -0.2975161 0.8706021 0.3415321 0.6157711 0.3330964 0.8706021 -2.262556 0.6157711 -1.348537 0.6157711 -2.231912 0.6157711 -5.000867 0.8706021 -3.159389 0.6157711 -3.115286 0.6157711 -1.348537 0.8706021 -1.259019 0.6157711 -1.243435 0.3759027 0.9995645 0.551374 0.5313483 0.3095951 0.5195625 0.8107848 0.9995645 0.551374 0.5313483 0.6226554 0.9995645 0.7390388 0.4874166 0.551374 0.5313483 0.8107848 0.9995645 0.6226554 0.9995645 0.551374 0.5313483 0.3759027 0.9995645 0.3095951 0.5195625 0.551374 0.5313483 0.2378866 0.001106619 0.2378866 0.001106619 0.551374 0.5313483 0.6708162 0.001106619 0.3759027 0.9995645 0.551374 0.5313483 0.3095951 0.5195625 0.8107848 0.9995645 0.551374 0.5313483 0.6226554 0.9995645 0.7390388 0.4874166 0.551374 0.5313483 0.8107848 0.9995645 0.6226554 0.9995645 0.551374 0.5313483 0.3759027 0.9995645 0.3095951 0.5195625 0.551374 0.5313483 0.2378866 0.001106619 0.6708162 0.001106619 0.551374 0.5313483 0.7390388 0.4874166 0.8107848 0.9995645 0.3759027 0.9995645 0.551374 0.5313483 0.2378866 0.001106619 0.8107848 0.9995645 0.3759027 0.9995645 0.2378866 0.001106619 0.6708162 0.001106619 0.551374 0.5313483 0.6708162 0.001106619 0.8107848 0.9995645 0.551374 0.5313483 0.2378866 0.001106619 0.551374 0.5313483 0.3759027 0.9995645 0.6226554 0.9995645 0.6708162 0.001106619 0.8107848 0.9995645 0.2378866 0.001106619 0.8107848 0.9995645 0.3759027 0.9995645 1.143082 -5.998275 1.09644 -6.543458 1.153853 -6.551627 1.233136 -6.539887 1.179554 -6.005105 1.192385 -6.537518 1.143082 -5.998275 1.191216 -5.66195 1.155912 -5.657789 1.102035 -6.002506 1.155912 -5.657789 1.117983 -5.655845 1.217691 -6.004581 1.191216 -5.66195 1.179554 -6.005105 0.904398 -4.336585 1.903923 -4.36372 1.913682 -4.322178 2.878001 -4.369757 1.917591 -4.404897 2.885435 -4.418847 1.917635 -4.2781 2.872919 -4.322748 2.885435 -4.259402 1.179554 -6.005105 1.153853 -6.551627 1.192385 -6.537518 1.903923 -4.36372 0.9029663 -4.368072 1.917591 -4.404897 1.917635 -4.2781 0.904398 -4.336585 1.913682 -4.322178 0.9772967 -6.551627 0.9468292 -5.756396 0.902276 -6.514809 1.093308 -6.519113 1.0375 -5.76033 1.04093 -6.541056 2.872919 -4.322748 1.903923 -4.36372 2.878001 -4.369757 0.2119358 3.324235 0.2936592 4.017456 0.1640568 3.332093 0.04996424 3.385871 0.2936592 4.017456 0.2055231 4.056419 0.3572092 4.010516 0.5352254 5.142329 0.2936592 4.017456 0.4548281 4.034757 0.5352254 5.142329 0.3572092 4.010516 0.5352254 5.142329 0.2055231 4.056419 0.2936592 4.017456 0.7166418 5.100288 0.4548281 4.034757 0.5761124 3.993555 0.332803 3.342149 0.3572092 4.010516 0.2119358 3.324235 0.332803 3.342149 0.5761124 3.993555 0.4548281 4.034757 0.2638254 -1.237882 0.422505 -0.4355813 0.3775929 -0.4078291 0.4682469 -0.4468938 0.3534252 -1.252338 0.4339222 -1.264206 0.508625 -0.4492881 0.4339222 -1.264206 0.4952583 -1.26921 0.5643397 -1.266173 0.508625 -0.4492881 0.4952583 -1.26921 0.6451513 -1.25633 0.5520758 -0.4472111 0.5643397 -1.266173 0.7361747 -1.24432 0.598517 -0.4371743 0.6451513 -1.25633 0.3775929 -0.4078291 0.4409334 -0.2790011 0.3979805 -0.2748206 0.4785127 -0.2911417 0.422505 -0.4355813 0.4682469 -0.4468938 0.5110419 -0.2978935 0.4682469 -0.4468938 0.508625 -0.4492881 0.5520758 -0.4472111 0.5110419 -0.2978935 0.508625 -0.4492881 0.598517 -0.4371743 0.5465761 -0.2926638 0.5520758 -0.4472111 0.6449603 -0.4117652 0.5847536 -0.2813302 0.598517 -0.4371743 0.4857069 0.2189096 0.5151431 0.3306345 0.4752416 0.8048374 0.4857069 0.2189096 0.4409334 -0.2790011 0.4785127 -0.2911417 0.5110419 -0.2978935 0.4857069 0.2189096 0.4785127 -0.2911417 0.5392242 0.2125883 0.5110419 -0.2978935 0.5465761 -0.2926638 0.5847536 -0.2813302 0.5392242 0.2125883 0.5465761 -0.2926638 0.4752416 0.8048374 0.4250739 0.2240657 0.4612603 0.2258293 0.4612603 0.2258293 0.4857069 0.2189096 0.4752416 0.8048374 0.5650735 0.2196933 0.5847536 -0.2813302 0.6284213 -0.2777336 0.4409334 -0.2790011 0.4612603 0.2258293 0.3979805 -0.2748206 0.4612603 0.2258293 0.4250739 0.2240657 0.3979805 -0.2748206 0.4752416 0.8048374 0.5151431 0.3306345 0.5172916 0.8092234 0.5151431 0.3306345 0.559669 0.8028257 0.5172916 0.8092234 0.5650735 0.2196933 0.5151431 0.3306345 0.5392242 0.2125883 0.2638254 -1.237882 0.4262158 -0.4135342 0.3775929 -0.4078291 0.4709129 -0.4238361 0.372518 -1.262953 0.4700163 -1.273285 0.5093275 -0.4280277 0.4700163 -1.273285 0.5513935 -1.287574 0.6494495 -1.330992 0.5093275 -0.4280277 0.5513935 -1.287574 0.7937127 -1.493842 0.5507915 -0.4247525 0.6494495 -1.330992 0.9579124 -1.670729 0.5947757 -0.4151552 0.7937127 -1.493842 0.4937708 0.2147274 0.4262158 -0.4135342 0.4709129 -0.4238361 0.5093275 -0.4280277 0.4937708 0.2147274 0.4709129 -0.4238361 0.5445144 0.2081841 0.5093275 -0.4280277 0.5507915 -0.4247525 0.5947757 -0.4151552 0.5445144 0.2081841 0.5507915 -0.4247525 0.4937708 0.2147274 0.5235234 0.2383382 0.4757364 0.8052516 0.5174924 0.8086091 0.4892179 1.442712 0.4757364 0.8052516 0.4757364 0.8052516 0.4250739 0.2240657 0.4741815 0.2213012 0.5174924 0.8086091 0.5190822 1.443409 0.5038562 1.441653 0.4741815 0.2213012 0.4937708 0.2147274 0.4757364 0.8052516 0.4757364 0.8052516 0.5235234 0.2383382 0.5174924 0.8086091 0.5235234 0.2383382 0.559669 0.8028257 0.5174924 0.8086091 0.4757364 0.8052516 0.4724282 1.443409 0.4314308 0.8029102 0.5650735 0.2196933 0.5235234 0.2383382 0.5445144 0.2081841 0.5650735 0.2196933 0.5947757 -0.4151552 0.3775929 -0.4078291 0.4838023 0.2218704 0.5092527 0.2327464 0.4761025 0.8053625 0.4838023 0.2218704 0.4389871 -0.2824593 0.4788668 -0.2898585 0.51017 -0.292854 0.4838023 0.2218704 0.4788668 -0.2898585 0.5455932 -0.2901805 0.5092527 0.2327464 0.51017 -0.292854 0.5859283 -0.2835361 0.5412193 0.2050866 0.5455932 -0.2901805 0.4761025 0.8053625 0.5038562 1.441653 0.4892179 1.442712 0.4599981 0.2283436 0.4314307 0.8029102 0.4250739 0.2240657 0.559669 0.8028257 0.5038562 1.441653 0.5176792 0.8087968 0.4599981 0.2283436 0.4838023 0.2218704 0.4761025 0.8053625 0.5650735 0.2196933 0.5859283 -0.2835361 0.6284213 -0.2777336 0.4389871 -0.2824593 0.4599981 0.2283436 0.3979805 -0.2748206 0.4599981 0.2283436 0.4250739 0.2240657 0.3979805 -0.2748206 0.4761025 0.8053625 0.5092527 0.2327464 0.5176792 0.8087968 0.5092527 0.2327464 0.559669 0.8028257 0.5176792 0.8087968 0.4761025 0.8053625 0.4724282 1.443409 0.4314307 0.8029102 0.5650735 0.2196933 0.5092527 0.2327464 0.5412193 0.2050866 0.4835733 0.2219513 0.509078 0.2300667 0.4761824 0.8056281 0.4835733 0.2219513 0.4389871 -0.2824593 0.4788668 -0.2898585 0.509078 0.2300667 0.4788668 -0.2898585 0.51017 -0.292854 0.5414735 0.2067789 0.51017 -0.292854 0.5455932 -0.2901805 0.5859283 -0.2835361 0.5414735 0.2067789 0.5455932 -0.2901805 0.5177031 0.8090608 0.4892179 1.442712 0.4761824 0.8056281 0.4600694 0.2275246 0.4314307 0.8029102 0.4250739 0.2240657 0.5177031 0.8090608 0.5190822 1.443409 0.5038562 1.441653 0.4600694 0.2275246 0.4835733 0.2219513 0.4761824 0.8056281 0.5650735 0.2196933 0.5859283 -0.2835361 0.6284213 -0.2777336 0.4389871 -0.2824593 0.4600694 0.2275246 0.3979805 -0.2748206 0.4600694 0.2275246 0.4250739 0.2240657 0.3979805 -0.2748206 0.4761824 0.8056281 0.509078 0.2300667 0.5177031 0.8090608 0.509078 0.2300667 0.559669 0.8028257 0.5177031 0.8090608 0.4761824 0.8056281 0.4724282 1.443409 0.4314307 0.8029102 0.5650735 0.2196933 0.509078 0.2300667 0.5414735 0.2067789 0.540513 -0.4432499 0.5012506 0.210036 0.4797209 -0.4446387 0.4797209 -0.4446387 0.3534252 -1.252338 0.4339222 -1.264206 0.5947757 -0.4151552 0.4741815 0.2213012 0.5650735 0.2196933 0.6451513 -1.25633 0.540513 -0.4432499 0.5643397 -1.266173 0.5012506 0.210036 0.4262158 -0.4135342 0.4797209 -0.4446387 0.6451513 -1.25633 0.4262158 -0.4135342 0.5947757 -0.4151552 0.5947757 -0.4151552 0.5361772 0.2058852 0.540513 -0.4432499 0.4741815 0.2213012 0.4389871 -0.2824593 0.519658 0.3354192 0.51017 -0.292854 0.519658 0.3354192 0.4389871 -0.2824593 0.6284213 -0.2777336 0.5650735 0.2196933 0.5455932 -0.2901805 0.5455932 -0.2901805 0.5650735 0.2196933 0.519658 0.3354192 0.51017 -0.292854 0.5455932 -0.2901805 0.519658 0.3354192 0.4389871 -0.2824593 0.4741815 0.2213012 0.3979805 -0.2748206 0.4741815 0.2213012 0.4250739 0.2240657 0.3979805 -0.2748206 0.5643397 -1.266173 0.4797209 -0.4446387 0.4339222 -1.264206 0.6001223 -0.5283234 0.5455932 -0.2901805 0.5502799 -0.5341787 0.7361747 -1.24432 0.6156943 -0.801644 0.6451513 -1.25633 0.6451513 -1.25633 0.5596522 -0.8343749 0.5643397 -1.266173 0.5643397 -1.266173 0.5028092 -0.8464485 0.4952583 -1.26921 0.5028092 -0.8464485 0.4339222 -1.264206 0.4952583 -1.26921 0.449315 -0.8357325 0.3534252 -1.252338 0.4339222 -1.264206 0.3929938 -0.8023555 0.2638254 -1.237882 0.3534252 -1.252338 0.682298 -0.7610267 0.6001223 -0.5283234 0.6156943 -0.801644 0.6156943 -0.801644 0.5502799 -0.5341787 0.5596522 -0.8343749 0.5596522 -0.8343749 0.5074313 -0.539054 0.5028092 -0.8464485 0.5074313 -0.539054 0.449315 -0.8357325 0.5028092 -0.8464485 0.4676306 -0.5334453 0.3929938 -0.8023555 0.449315 -0.8357325 0.4175966 -0.5249289 0.3309029 -0.7563513 0.3929938 -0.8023555 0.4175966 -0.5249289 0.3979805 -0.2748206 0.3644417 -0.515586 0.4676306 -0.5334453 0.4389871 -0.2824593 0.4175966 -0.5249289 0.51017 -0.292854 0.4676306 -0.5334453 0.5074313 -0.539054 0.5502799 -0.5341787 0.51017 -0.292854 0.5074313 -0.539054 0.6553596 -0.5193802 0.5859283 -0.2835361 0.6001223 -0.5283234 0.3534252 -1.252338 0.3775929 -0.4078291 0.2638254 -1.237882 0.4616085 -0.4832277 0.3534252 -1.252338 0.4339222 -1.264206 0.5015554 -0.4974418 0.4339222 -1.264206 0.4952583 -1.26921 0.5643397 -1.266173 0.5015554 -0.4974418 0.4952583 -1.26921 0.6451513 -1.25633 0.5439421 -0.4810667 0.5643397 -1.266173 0.7361747 -1.24432 0.5947757 -0.4151552 0.6451513 -1.25633 0.4616085 -0.4832277 0.4741815 0.2213012 0.4155027 -0.4428268 0.5015554 -0.4974418 0.494717 0.2263866 0.4616085 -0.4832277 0.5341126 0.1321388 0.5015554 -0.4974418 0.5439421 -0.4810667 0.5947757 -0.4151552 0.5341126 0.1321388 0.5439421 -0.4810667 0.494717 0.2263866 0.5219286 0.3600832 0.4670748 0.7342272 0.510897 0.8478047 0.4118999 1.422102 0.4670748 0.7342272 0.4670748 0.7342272 0.4250739 0.2240657 0.4741815 0.2213012 0.510897 0.8478047 0.5190822 1.443409 0.4650235 1.434969 0.4741815 0.2213012 0.494717 0.2263866 0.4670748 0.7342272 0.4670748 0.7342272 0.5219286 0.3600832 0.510897 0.8478047 0.5219286 0.3600832 0.559669 0.8028257 0.510897 0.8478047 0.4118999 1.422102 0.4314307 0.8029102 0.4670748 0.7342272 0.5553275 0.1397258 0.5219286 0.3600832 0.5341126 0.1321388 0.3775929 -0.4078291 0.5553275 0.1397258 0.5947757 -0.4151552 0.4741815 0.2213012 0.5553275 0.1397258 0.3775929 -0.4078291 0.4155027 -0.4428268 0.4741815 0.2213012 0.3775929 -0.4078291 0.6157711 -0.9281285 0.8706021 -0.7255018 0.6157711 -0.7179244 1.0375 -5.76033 0.9772967 -6.551627 1.04093 -6.541056 -1.400839 -4.90662 -1.228078 -4.425372 -1.914252 -5.49741 -0.3344711 -4.794333 -0.512659 -4.684203 -0.6270883 -5.444633 -0.6164508 -4.043348 -0.4339337 -4.66627 -0.3344711 -4.794333 -0.6223551 -4.461554 -0.6195608 -4.859561 -0.5649923 -4.861686 -0.9646099 -4.514508 -1.106461 -6.040198 -0.7133114 -5.551797 0.2543726 -4.966019 0.8975662 -5.952127 0.8955632 -5.423265 -1.228078 -4.425372 -0.9646099 -4.514508 -0.6200255 -2.942706 -0.3690846 -2.741397 -0.2161783 -3.270476 -0.1180921 -1.811782 -1.536631 -4.353744 -2.564997 -4.99358 -2.040272 -5.117969 0.02548503 -2.717583 0.07535713 -1.721026 -0.1180921 -1.811782 0.04094594 3.353559 0.136839 3.246614 0.3286008 4.034346 0.6280536 5.186801 0.5618525 5.244955 0.3286008 4.034346 0.3286008 4.034346 0.5618525 5.244955 0.4897212 5.27111 0.7225136 5.229634 0.7819903 5.688283 0.704183 5.691157 0.5618525 5.244955 0.6459525 5.686848 0.5977236 5.721427 0.5618525 5.244955 0.6280536 5.186801 0.704183 5.691157 -0.07266598 3.461426 -0.137533 3.940043 -0.2477536 3.96711 -0.137533 3.940043 -0.03516048 3.961339 -0.1224441 4.414407 -0.2252823 4.392721 -0.3288905 4.386614 -0.2477536 3.96711 0.05115765 4.01358 -2.992e-4 4.427289 -0.1224441 4.414407 0.5761124 3.993555 0.7225136 5.229634 0.6280536 5.186801 0.332803 3.342149 0.4569658 4.018344 0.3286008 4.034346 0.332803 3.342149 0.4570536 3.310718 0.5761124 3.993555 -0.07266598 3.461426 0.04094594 3.353559 -0.03516048 3.961339 -0.03516048 3.961339 0.04094594 3.353559 0.1673532 3.410683 0.003638505 -4.85291 -0.1393526 -4.737361 0.0829277 -5.788342 -0.6195608 -4.859561 -0.6164508 -4.043348 -1.36593 -5.55335 -1.36593 -5.55335 -1.230761 -5.661046 -0.6291714 -5.100446 0.8580978 -10.29549 0.8580978 -7.979419 0.6072908 -8.022356 0.2378866 0.001106619 0.6708162 0.001106619 0.8107848 0.9995645 0.6708162 0.001106619 0.2378866 0.001106619 0.3759027 0.9995645 0.6226554 0.9995645 0.3759027 0.9995645 0.2378866 0.001106619 0.2378866 0.001106619 0.6708162 0.001106619 0.6226554 0.9995645 0.2378866 0.001106619 0.6708162 0.001106619 0.8107848 0.9995645 0.2378866 0.001106619 0.6708162 0.001106619 0.8107848 0.9995645 0.8566935 0.1172378 0.8566935 0.2444123 0.735693 0.2545096 0.6146925 0.2646068 0.735693 0.2545096 0.8566935 0.2444123 0.8566935 -0.6219256 0.6146925 -0.6131111 0.6146925 -0.6131111 0.8566935 -0.6219256 0.6146925 -0.6131111 0.6146925 -0.6131111 0.6146925 1.621926 0.8566935 1.621926 0.8566935 1.621926 0.8706021 -5.990451 0.8706021 -5.073698 0.6157711 -5.000867 0.8706021 -3.159389 0.8706021 -2.262556 0.6157711 -2.231912 0.6157711 -0.5077202 0.8706021 -0.512095 0.8706021 -0.2986882 0.6157711 -1.138333 0.8706021 -1.152315 0.8706021 -0.9389086 0.6157711 -0.5077202 0.6157711 -0.7179244 0.8706021 -0.7255018 0.6157711 -1.243435 0.8706021 -1.259019 0.8706021 -1.152315 0.6157711 -0.2975161 0.8706021 -0.2986882 0.8706021 0.3415321 0.8706021 -2.262556 0.8706021 -1.365722 0.6157711 -1.348537 0.6157711 -5.000867 0.8706021 -5.073698 0.8706021 -3.159389 0.6157711 -1.348537 0.8706021 -1.365722 0.8706021 -1.259019 0.2378866 0.001106619 0.6708162 0.001106619 0.8107848 0.9995645 0.6226554 0.9995645 0.3759027 0.9995645 0.2378866 0.001106619 0.2378866 0.001106619 0.6708162 0.001106619 0.6226554 0.9995645 0.2378866 0.001106619 0.6708162 0.001106619 0.8107848 0.9995645 1.143082 -5.998275 1.102035 -6.002506 1.09644 -6.543458 1.233136 -6.539887 1.217691 -6.004581 1.179554 -6.005105 1.143082 -5.998275 1.179554 -6.005105 1.191216 -5.66195 1.102035 -6.002506 1.143082 -5.998275 1.155912 -5.657789 1.217691 -6.004581 1.225794 -5.660501 1.191216 -5.66195 0.904398 -4.336585 0.902276 -4.352243 1.903923 -4.36372 2.878001 -4.369757 1.903923 -4.36372 1.917591 -4.404897 1.917635 -4.2781 1.913682 -4.322178 2.872919 -4.322748 1.179554 -6.005105 1.143082 -5.998275 1.153853 -6.551627 1.903923 -4.36372 0.902276 -4.352243 0.9029663 -4.368072 1.917635 -4.2781 0.9027579 -4.317749 0.904398 -4.336585 0.9772967 -6.551627 0.9975993 -5.753189 0.9468292 -5.756396 1.093308 -6.519113 1.077986 -5.757317 1.0375 -5.76033 2.872919 -4.322748 1.913682 -4.322178 1.903923 -4.36372 0.2119358 3.324235 0.3572092 4.010516 0.2936592 4.017456 0.04996424 3.385871 0.1640568 3.332093 0.2936592 4.017456 0.4548281 4.034757 0.6086822 5.104012 0.5352254 5.142329 0.5352254 5.142329 0.4525754 5.146355 0.2055231 4.056419 0.7166418 5.100288 0.6086822 5.104012 0.4548281 4.034757 0.332803 3.342149 0.4548281 4.034757 0.3572092 4.010516 0.332803 3.342149 0.4570536 3.310718 0.5761124 3.993555 0.2638254 -1.237882 0.3534252 -1.252338 0.422505 -0.4355813 0.4682469 -0.4468938 0.422505 -0.4355813 0.3534252 -1.252338 0.508625 -0.4492881 0.4682469 -0.4468938 0.4339222 -1.264206 0.5643397 -1.266173 0.5520758 -0.4472111 0.508625 -0.4492881 0.6451513 -1.25633 0.598517 -0.4371743 0.5520758 -0.4472111 0.7361747 -1.24432 0.6449603 -0.4117652 0.598517 -0.4371743 0.3775929 -0.4078291 0.422505 -0.4355813 0.4409334 -0.2790011 0.4785127 -0.2911417 0.4409334 -0.2790011 0.422505 -0.4355813 0.5110419 -0.2978935 0.4785127 -0.2911417 0.4682469 -0.4468938 0.5520758 -0.4472111 0.5465761 -0.2926638 0.5110419 -0.2978935 0.598517 -0.4371743 0.5847536 -0.2813302 0.5465761 -0.2926638 0.6449603 -0.4117652 0.6284213 -0.2777336 0.5847536 -0.2813302 0.4857069 0.2189096 0.4612603 0.2258293 0.4409334 -0.2790011 0.5110419 -0.2978935 0.5151431 0.3306345 0.4857069 0.2189096 0.5392242 0.2125883 0.5151431 0.3306345 0.5110419 -0.2978935 0.5847536 -0.2813302 0.5650735 0.2196933 0.5392242 0.2125883 0.4752416 0.8048374 0.4314308 0.8029102 0.4250739 0.2240657 0.5650735 0.2196933 0.559669 0.8028257 0.5151431 0.3306345 0.2638254 -1.237882 0.372518 -1.262953 0.4262158 -0.4135342 0.4709129 -0.4238361 0.4262158 -0.4135342 0.372518 -1.262953 0.5093275 -0.4280277 0.4709129 -0.4238361 0.4700163 -1.273285 0.6494495 -1.330992 0.5507915 -0.4247525 0.5093275 -0.4280277 0.7937127 -1.493842 0.5947757 -0.4151552 0.5507915 -0.4247525 0.9579124 -1.670729 0.6449603 -0.4117652 0.5947757 -0.4151552 0.4937708 0.2147274 0.4741815 0.2213012 0.4262158 -0.4135342 0.5093275 -0.4280277 0.5235234 0.2383382 0.4937708 0.2147274 0.5445144 0.2081841 0.5235234 0.2383382 0.5093275 -0.4280277 0.5947757 -0.4151552 0.5650735 0.2196933 0.5445144 0.2081841 0.5174924 0.8086091 0.5038562 1.441653 0.4892179 1.442712 0.4757364 0.8052516 0.4314308 0.8029102 0.4250739 0.2240657 0.5174924 0.8086091 0.559669 0.8028257 0.5190822 1.443409 0.4757364 0.8052516 0.4892179 1.442712 0.4724282 1.443409 0.5650735 0.2196933 0.559669 0.8028257 0.5235234 0.2383382 0.3775929 -0.4078291 0.4262158 -0.4135342 0.5650735 0.2196933 0.4741815 0.2213012 0.5650735 0.2196933 0.4262158 -0.4135342 0.4838023 0.2218704 0.4599981 0.2283436 0.4389871 -0.2824593 0.51017 -0.292854 0.5092527 0.2327464 0.4838023 0.2218704 0.5455932 -0.2901805 0.5412193 0.2050866 0.5092527 0.2327464 0.5859283 -0.2835361 0.5650735 0.2196933 0.5412193 0.2050866 0.4761025 0.8053625 0.5176792 0.8087968 0.5038562 1.441653 0.4599981 0.2283436 0.4761025 0.8053625 0.4314307 0.8029102 0.559669 0.8028257 0.5190822 1.443409 0.5038562 1.441653 0.4761025 0.8053625 0.4892179 1.442712 0.4724282 1.443409 0.5650735 0.2196933 0.559669 0.8028257 0.5092527 0.2327464 0.4835733 0.2219513 0.4600694 0.2275246 0.4389871 -0.2824593 0.509078 0.2300667 0.4835733 0.2219513 0.4788668 -0.2898585 0.5414735 0.2067789 0.509078 0.2300667 0.51017 -0.292854 0.5859283 -0.2835361 0.5650735 0.2196933 0.5414735 0.2067789 0.5177031 0.8090608 0.5038562 1.441653 0.4892179 1.442712 0.4600694 0.2275246 0.4761824 0.8056281 0.4314307 0.8029102 0.5177031 0.8090608 0.559669 0.8028257 0.5190822 1.443409 0.4761824 0.8056281 0.4892179 1.442712 0.4724282 1.443409 0.5650735 0.2196933 0.559669 0.8028257 0.509078 0.2300667 0.540513 -0.4432499 0.5361772 0.2058852 0.5012506 0.210036 0.4797209 -0.4446387 0.4262158 -0.4135342 0.3534252 -1.252338 0.5947757 -0.4151552 0.4262158 -0.4135342 0.4741815 0.2213012 0.6451513 -1.25633 0.5947757 -0.4151552 0.540513 -0.4432499 0.5012506 0.210036 0.4741815 0.2213012 0.4262158 -0.4135342 0.6451513 -1.25633 0.3534252 -1.252338 0.4262158 -0.4135342 0.5947757 -0.4151552 0.5650735 0.2196933 0.5361772 0.2058852 0.5643397 -1.266173 0.540513 -0.4432499 0.4797209 -0.4446387 0.6001223 -0.5283234 0.5859283 -0.2835361 0.5455932 -0.2901805 0.7361747 -1.24432 0.682298 -0.7610267 0.6156943 -0.801644 0.6451513 -1.25633 0.6156943 -0.801644 0.5596522 -0.8343749 0.5643397 -1.266173 0.5596522 -0.8343749 0.5028092 -0.8464485 0.5028092 -0.8464485 0.449315 -0.8357325 0.4339222 -1.264206 0.449315 -0.8357325 0.3929938 -0.8023555 0.3534252 -1.252338 0.3929938 -0.8023555 0.3309029 -0.7563513 0.2638254 -1.237882 0.682298 -0.7610267 0.6553596 -0.5193802 0.6001223 -0.5283234 0.6156943 -0.801644 0.6001223 -0.5283234 0.5502799 -0.5341787 0.5596522 -0.8343749 0.5502799 -0.5341787 0.5074313 -0.539054 0.5074313 -0.539054 0.4676306 -0.5334453 0.449315 -0.8357325 0.4676306 -0.5334453 0.4175966 -0.5249289 0.3929938 -0.8023555 0.4175966 -0.5249289 0.3644417 -0.515586 0.3309029 -0.7563513 0.51017 -0.292854 0.4788668 -0.2898585 0.4676306 -0.5334453 0.6553596 -0.5193802 0.6284213 -0.2777336 0.5859283 -0.2835361 0.3534252 -1.252338 0.4155027 -0.4428268 0.3775929 -0.4078291 0.4616085 -0.4832277 0.4155027 -0.4428268 0.3534252 -1.252338 0.5015554 -0.4974418 0.4616085 -0.4832277 0.4339222 -1.264206 0.5643397 -1.266173 0.5439421 -0.4810667 0.5015554 -0.4974418 0.6451513 -1.25633 0.5947757 -0.4151552 0.5439421 -0.4810667 0.7361747 -1.24432 0.6449603 -0.4117652 0.5947757 -0.4151552 0.4616085 -0.4832277 0.494717 0.2263866 0.4741815 0.2213012 0.5015554 -0.4974418 0.5219286 0.3600832 0.494717 0.2263866 0.5341126 0.1321388 0.5219286 0.3600832 0.5015554 -0.4974418 0.5947757 -0.4151552 0.5553275 0.1397258 0.5341126 0.1321388 0.510897 0.8478047 0.4650235 1.434969 0.4118999 1.422102 0.4670748 0.7342272 0.4314307 0.8029102 0.4250739 0.2240657 0.510897 0.8478047 0.559669 0.8028257 0.5190822 1.443409 0.4118999 1.422102 0.3412272 1.487225 0.4314307 0.8029102 0.5553275 0.1397258 0.559669 0.8028257 0.5219286 0.3600832 0.6157711 -0.9281285 0.8706021 -0.9389086 0.8706021 -0.7255018 1.0375 -5.76033 0.9975993 -5.753189 0.9772967 -6.551627</float_array>
          <technique_common>
            <accessor source="#tree_oak_large_b200-mesh-map-0-array" count="1887" stride="2">
              <param name="S" type="float"/>
              <param name="T" type="float"/>
            </accessor>
          </technique_common>
        </source>
        <source id="tree_oak_large_b200-mesh-colors-Col" name="Col">
          <float_array id="tree_oak_large_b200-mesh-colors-Col-array" count="5661">0 0 0 0 0 0 0 0 0 0 0 0 0 0 0 0 0 0 0 0 0 0 0 0 0 0 0 0 0 0 0 0 0 0 0 0 0 0 0 0 0 0 0 0 0 0 0 0 0 0 0 0 0 0 0 0 0 0 0 0 0 0 0 0 0 0 0 0 0 0 0 0 0 0 0 0 0 0 0 0 0 0 0 0 0 0 0 0 0 0 0 0 0 0 0 0 0 0 0 0 0 0 0 0 0 0 0 0 0 0 0 0 0 0 0 0 0 0 0 0 0 0 0 0 0 0 0 0 0 0 0 0 0 0 0 0 0 0 0 0 0 0 0 0 0 0 0 0 0 0 0 0 0 0 0 0 0 0 0 0 0 0 0 0 0 0 0 0 0 0 0 0 0 0 0 0 0 0 0 0 0 0 0 0 0 0 0 0 0 0 0 0 0 0 0 0 0 0 0 0 0 0 0 0 0 0 0 0 0 0 0 0 0 0 0 0 0 0 0 0 0 0 0 0 0 0 0 0 0 0 0 0 0 0 0 0 0 0 0 0 0 0 0 0 0 0 0 0 0 0 0 0 0 0 0 0 0 0 0 0 0 0 0 0 0 0 0 0 0 0 0 0 0 0 0 0 0 0 0 0 0 0 0 0 0 0 0 0 0 0 0 0 0 0 0 0 0 0 0 0 0 0 0 0 0 0 0 0 0 0 0 0 0 0 0 0 0 0 0 0 0 0 0 0 0 0 0 0 0 0 0 0 0 0 0 0 0 0 0 0 0 0 0 0 0 0 0 0 0 0 0 0 0 0 0 0 0 0 0 0 0 0 0 0 0 0 0 0 0 0 0 0 0 0 0 0 0 0 0 0 0 0 0 0 0 0 0 0 0 0 0 0 0 0 0 0 0 0 0 0 0 0 0 0 0 0 0 0 0 0 0 0 0 0 0 0 0 0 0 0 0 0 0 0 0 0 0 0 0 0 0 0 0 0 0 0 0 0 0 0 0 0 0 0 0 0 0 0 0 0 0 0 0 0 0 0 0 0 0 0 0 0 0 0 0 0 0 0 0 0 0 0 0 0 0 0 0 0 0 0 0 0 0 0 0 0 0 0 0 0 0 0 0 0 0 0 0 0 0 0 0 0 0 0 0 0 0 0 0 0 0 0 0 0 0 0 0 0 0 0 0 0 0 0 0 0 0 0 0 0 0 0 0 0 0 0 0 0 0 0 0 0 0 0 0 0 0 0 0 0 0 0 0 0 0 0 0 0 0 0 0 0 0 0 0 0 0 0 0 0 0 0 0 0 0 0 0 0 0 0 0 0 0 0 0 0 0 0 0 0 0 0 0 0 0 0 0 0 0 0 0 0 0 0 0 0 0 0 0 0 0 0 0 0 0 0 0 0 0 0 0 0 0 0 0 0 0 0 0 0 0 0 0 0 0 0 0 0 0 0 0 0 0 0 0 0 0 0 0 0 0 0 0 0 0 0 0 0 0 0 0 0 0 0 0 0 0 0 0 0 0 0 0 0 0 0 0 0 0 0 0 0 0 0 0 0 0 0 0 0 0 0 0 0 0 0 0 0 0 0 0 0 0 0 0 0 0 0 0 0 0 0 0 0 0 0 0 0 0 0 0 0 0 0 0 0 0 0 0 0 0 0 0 0 0 0 0 0 0 0 0 0 0 0 0 0 0 0 0 0 0 0 0 0 0 0 0 0 0 0 0 0 0 0 0 0 0 0 0 0 0 0 0 0 0 0 0 0 0 0 0 0 0 0 0 0 0 0 0 0 0 0 0 0 0 0 0 0 0 0 0 0 0 0 0 0 0 0 0 0 0 0 0 0 0 0 0 0 0 0 0 0 0 0 0 0 0 0 0 0 0 0 0 0 0 0 0 0 0 0 0 0 0 0 0 0 0 0 0 0 0 0 0 0 0 0 0 0 0 0 0 0 0 0 0 0 0 0 0 0 0 0 0 0 0 0 0 0 0 0 0 0 0 0 0 0 0 0 0 0 0 0 0 0 0 0 0 0 0 0 0 0 0 0 0 0 0 0 0 0 0 0 0 0 0 0 0 0 0 0 0 0 0 0 0 0 0 0 0 0 0 0 0 0 0 0 0 0 0 0 0 0 0 0 0 0 0 0 0 0 0 0 0 0 0 0 0 0 0 0 0 0 0 0 0 0 0 0 0 0 0 0 0 0 0 0 0 0 0 0 0 0 0 0 0 0 0 0 0 0 0 0 0 0 0 0 0 0 0 0 0 0 0 0 0 0 0 0 0 0 0 0 0 0 0 0 0 0 0 0 0 0 0 0 0 0 0 0 0 0 0 0 0 0 0 0 0 0 0 0 0 0 0 0 0 0 0 0 0 0 0 0 0 0 0 0 0 0 0 0 0 0 0 0.06666666 0 0 0.06666666 0 0 0.145098 0 0 0.0117647 0 0 0.03529411 0 0 0.145098 0 0 0.4 0 0 0.2313725 0 0 0.145098 0 0 0.227451 0 0 0.4 0 0 0.145098 0 0 0.2313725 0 0 0.0117647 0 0 0.145098 0 0 0.03529411 0 0 0.06666666 0 0 0.145098 0 0 0.06666666 0 0 0.227451 0 0 0.145098 0 0 0.06666666 0 0 0.145098 0 0 0.06666666 0 0 0.0117647 0 0 0.145098 0 0 0.03529411 0 0 0.4 0 0 0.145098 0 0 0.2313725 0 0 0.227451 0 0 0.145098 0 0 0.4 0 0 0.2313725 0 0 0.145098 0 0 0.0117647 0 0 0.03529411 0 0 0.145098 0 0 0.06666666 0 0 0.06666666 0 0 0.145098 0 0 0.227451 0 0 0.06666666 0 0 0.06666666 0 0 0.145098 0 0 0.0117647 0 0 0.03529411 0 0 0.145098 0 0 0.4 0 0 0.2313725 0 0 0.145098 0 0 0.227451 0 0 0.4 0 0 0.145098 0 0 0.2313725 0 0 0.0117647 0 0 0.145098 0 0 0.03529411 0 0 0.06666666 0 0 0.145098 0 0 0.06666666 0 0 0.227451 0 0 0.145098 0 0 0.06666666 0 0 0.06666666 0 0 0.145098 0 0 0.0117647 0 0 0.03529411 0 0 0.145098 0 0 0.4 0 0 0.2313725 0 0 0.145098 0 0 0.227451 0 0 0.4 0 0 0.145098 0 0 0.2313725 0 0 0.0117647 0 0 0.145098 0 0 0.03529411 0 0 0.06666666 0 0 0.145098 0 0 0.06666666 0 0 0.227451 0 0 0.145098 0 0 0.06666666 0 0 0.06666666 0 0 0.145098 0 0 0.0117647 0 0 0.03529411 0 0 0.145098 0 0 0.4 0 0 0.2313725 0 0 0.145098 0 0 0.227451 0 0 0.4 0 0 0.145098 0 0 0.2313725 0 0 0.0117647 0 0 0.145098 0 0 0.03529411 0 0 0.06666666 0 0 0.145098 0 0 0.06666666 0 0 0.227451 0 0 0.145098 0 0 0.06666666 0 0 0.06666666 0 0 0.145098 0 0 0.0117647 0 0 0.03529411 0 0 0.145098 0 0 0.4 0 0 0.2313725 0 0 0.145098 0 0 0.227451 0 0 0.4 0 0 0.145098 0 0 0.2313725 0 0 0.0117647 0 0 0.145098 0 0 0.03529411 0 0 0.06666666 0 0 0.145098 0 0 0.06666666 0 0 0.227451 0 0 0.145098 0 0 0.06666666 0 0 0.06666666 0 0 0.145098 0 0 0.0117647 0 0 0.03529411 0 0 0.145098 0 0 0.4 0 0 0.2313725 0 0 0.145098 0 0 0.227451 0 0 0.4 0 0 0.145098 0 0 0.2313725 0 0 0.0117647 0 0 0.145098 0 0 0.03529411 0 0 0.06666666 0 0 0.145098 0 0 0.06666666 0 0 0.227451 0 0 0.145098 0 0 0.06666666 0 0 0.06666666 0 0 0.145098 0 0 0.0117647 0 0 0.03529411 0 0 0.145098 0 0 0.4 0 0 0.2313725 0 0 0.145098 0 0 0.227451 0 0 0.4 0 0 0.145098 0 0 0.2313725 0 0 0.0117647 0 0 0.145098 0 0 0.03529411 0 0 0.06666666 0 0 0.145098 0 0 0.06666666 0 0 0.227451 0 0 0.145098 0 0 0.06666666 0 0 0.06666666 0 0 0.145098 0 0 0.0117647 0 0 0.03529411 0 0 0.145098 0 0 0.4 0 0 0.2313725 0 0 0.145098 0 0 0.227451 0 0 0.4 0 0 0.145098 0 0 0.2313725 0 0 0.0117647 0 0 0.145098 0 0 0.03529411 0 0 0.06666666 0 0 0.145098 0 0 0.06666666 0 0 0.227451 0 0 0.145098 0 0 0.06666666 0 0 0.06666666 0 0 0.145098 0 0 0.0117647 0 0 0.03529411 0 0 0.145098 0 0 0.4 0 0 0.2313725 0 0 0.145098 0 0 0.227451 0 0 0.4 0 0 0.145098 0 0 0.2313725 0 0 0.0117647 0 0 0.145098 0 0 0.03529411 0 0 0.06666666 0 0 0.145098 0 0 0.06666666 0 0 0.227451 0 0 0.145098 0 0 0.06666666 0 0 0.06666666 0 0 0.145098 0 0 0.0117647 0 0 0.03529411 0 0 0.145098 0 0 0.4 0 0 0.2313725 0 0 0.145098 0 0 0.227451 0 0 0.4 0 0 0.145098 0 0 0.2313725 0 0 0.0117647 0 0 0.145098 0 0 0.03529411 0 0 0.06666666 0 0 0.145098 0 0 0.06666666 0 0 0.227451 0 0 0.145098 0 0 0.06666666 0 0 0.06666666 0 0 0.145098 0 0 0.0117647 0 0 0.03529411 0 0 0.145098 0 0 0.4 0 0 0.2313725 0 0 0.145098 0 0 0.227451 0 0 0.4 0 0 0.145098 0 0 0.2313725 0 0 0.0117647 0 0 0.145098 0 0 0.03529411 0 0 0.06666666 0 0 0.145098 0 0 0.06666666 0 0 0.227451 0 0 0.145098 0 0 0.06666666 0 0 0.06666666 0 0 0.145098 0 0 0.0117647 0 0 0.03529411 0 0 0.145098 0 0 0.4 0 0 0.2313725 0 0 0.145098 0 0 0.227451 0 0 0.4 0 0 0.145098 0 0 0.2313725 0 0 0.0117647 0 0 0.145098 0 0 0.03529411 0 0 0.06666666 0 0 0.145098 0 0 0.06666666 0 0 0.227451 0 0 0.145098 0 0 0.06666666 0 0 0.06666666 0 0 0.145098 0 0 0.0117647 0 0 0.03529411 0 0 0.145098 0 0 0.4 0 0 0.2313725 0 0 0.145098 0 0 0.227451 0 0 0.4 0 0 0.145098 0 0 0.2313725 0 0 0.0117647 0 0 0.145098 0 0 0.03529411 0 0 0.06666666 0 0 0.145098 0 0 0.06666666 0 0 0.227451 0 0 0.145098 0 0 0 0.4196078 0 0 0.4196078 0 0 0.4196078 0 0 0.4196078 0 0 0.4196078 0 0 0.4196078 0 0 0.4196078 0 0 0.4196078 0 0 0.4196078 0 0 0.4196078 0 0 0.4196078 0 0 0.4196078 0 0 0.4196078 0 0 0.4196078 0 0 0.4196078 0 0 0.4196078 0 0 0.4196078 0 0 0.4196078 0 0 0.4196078 0 0 0.4196078 0 0 0.4196078 0 0 0.4196078 0 0 0.4196078 0 0 0.4196078 0 0 0.4196078 0 0 0.4196078 0 0 0.4196078 0 0 0.4196078 0 0 0.4196078 0 0 0.4196078 0 0 0.4196078 0 0 0.4196078 0 0 0.4196078 0 0 0.4196078 0 0 0.4196078 0 0 0.4196078 0 0 0.4196078 0 0 0.4196078 0 0 0.4196078 0 0 0.4196078 0 0 0.4196078 0 0 0.4196078 0 0 0.4196078 0 0 0.4196078 0 0 0.4196078 0 0 0.4196078 0 0 0.4196078 0 0 0.4196078 0 0 0.4196078 0 0 0.4196078 0 0 0.4196078 0 0 0.4196078 0 0 0.4196078 0 0 0.4196078 0 0 0.4196078 0 0 0.4196078 0 0 0.4196078 0 0 0.4196078 0 0 0.4196078 0 0 0.4196078 0 0 0.4196078 0 0 0.4196078 0 0 0.4196078 0 0.06666666 0 0 0.4 0 0 0.0117647 0 0 0.06666666 0 0 0.06666666 0 0 0.145098 0 0 0.0117647 0 0 0.03529411 0 0 0.145098 0 0 0.4 0 0 0.2313725 0 0 0.145098 0 0 0.227451 0 0 0.4 0 0 0.145098 0 0 0.2313725 0 0 0.0117647 0 0 0.145098 0 0 0.03529411 0 0 0.06666666 0 0 0.145098 0 0 0.06666666 0 0 0.227451 0 0 0.145098 0 0 0.06666666 0 0 0.0117647 0 0 0.4 0 0 0.2313725 0 0 0.06666666 0 0 0.4 0 0 0.06666666 0 0 0.4 0 0 0.0117647 0 0 0.06666666 0 0 0.4 0 0 0.0117647 0 0 0 0.4196078 0 0 0.4196078 0 0 0.4196078 0 0 0.4196078 0 0 0.4196078 0 0 0.4196078 0 0 0.4196078 0 0 0.4196078 0 0 0.4196078 0 0 0.4196078 0 0 0.4196078 0 0 0.4196078 0 0 0.4196078 0 0 0.4196078 0 0 0.4196078 0 0 0.4196078 0 0 0.4196078 0 0 0.4196078 0 0 0.4196078 0 0 0.4196078 0 0 0.4196078 0 0 0.4196078 0 0 0.4196078 0 0 0.4196078 0 0 0.4196078 0 0 0.4196078 0 0 0.4196078 0 0 0.4196078 0 0 0.4196078 0 0 0.4196078 0 0 0.4196078 0 0 0.4196078 0 0 0.4196078 0 0 0.4196078 0 0 0.4196078 0 0 0.4196078 0 0 0.4196078 0 0 0.4196078 0 0 0.4196078 0 0 0.4196078 0 0 0.4196078 0 0 0.4196078 0 0 0.4196078 0 0 0.4196078 0 0 0.4196078 0 0 0.4196078 0 0 0.4196078 0 0 0.4196078 0 0 0.4196078 0 0 0.4196078 0 0 0.4196078 0 0 0.4196078 0 0 0.4196078 0 0 0.4196078 0 0 0.4196078 0 0 0.4196078 0 0 0.4196078 0 0 0.4196078 0 0 0.4196078 0 0 0.4196078 0 0 0.4196078 0 0 0.4196078 0 0 0.4196078 0 0 0.4196078 0 0 0.4196078 0 0 0.4196078 0 0 0.4196078 0 0 0.4196078 0 0 0.4196078 0 0 0.4196078 0 0 0.4196078 0 0 0.4196078 0 0 0.4196078 0 0 0.4196078 0 0 0.4196078 0 0 0.4196078 0 0 0.4196078 0 0 0.4196078 0 0 0.4196078 0 0 0.4196078 0 0 0.4196078 0 0 0.4196078 0 0 0.4196078 0 0 0.4196078 0 0 0.4196078 0 0 0.4196078 0 0 0.4196078 0 0 0.4196078 0 0 0.4196078 0 0 0.4196078 0 0 0.4196078 0 0 0.4196078 0 0 0.4196078 0 0 0.4196078 0 0 0.4196078 0 0 0.4196078 0 0 0.4196078 0 0 0.4196078 0 0 0.4196078 0 0 0.4196078 0 0 0.4196078 0 0 0.4196078 0 0 0.4196078 0 0 0.4196078 0 0 0.4196078 0 0 0.4196078 0 0 0.4196078 0 0 0.4196078 0 0 0.4196078 0 0 0.4196078 0 0 0.4196078 0 0.0117647 0 0 0.145098 0 0 0.03529411 0 0 0.4 0 0 0.145098 0 0 0.2313725 0 0 0.227451 0 0 0.145098 0 0 0.4 0 0 0.2313725 0 0 0.145098 0 0 0.0117647 0 0 0.03529411 0 0 0.145098 0 0 0.06666666 0 0 0.06666666 0 0 0.145098 0 0 0.06666666 0 0 0.0117647 0 0 0.145098 0 0 0.03529411 0 0 0.4 0 0 0.145098 0 0 0.2313725 0 0 0.227451 0 0 0.145098 0 0 0.4 0 0 0.2313725 0 0 0.145098 0 0 0.0117647 0 0 0.03529411 0 0 0.145098 0 0 0.06666666 0 0 0.06666666 0 0 0.145098 0 0 0.227451 0 0 0.4 0 0 0.0117647 0 0 0.145098 0 0 0.06666666 0 0 0.4 0 0 0.0117647 0 0 0.06666666 0 0 0.06666666 0 0 0.145098 0 0 0.06666666 0 0 0.4 0 0 0.145098 0 0 0.06666666 0 0 0.145098 0 0 0.0117647 0 0 0.2313725 0 0 0.06666666 0 0 0.4 0 0 0.06666666 0 0 0.4 0 0 0.0117647 0 0 0 0 0 0 0 0 0 0 0 0 0 0 0 0 0 0 0 0 0 0 0 0 0 0 0 0 0 0 0 0 0 0 0 0 0 0 0 0 0 0 0 0 0 0 0 0 0 0 0 0 0 0 0 0 0 0 0 0 0 0 0 0 0 0 0 0 0 0 0 0 0 0 0 0 0 0 0 0 0 0 0 0 0 0 0 0 0 0 0 0 0 0 0 0 0 0 0 0 0 0 0 0 0 0 0 0 0 0 0 0 0 0 0 0 0 0 0 0 0 0 0 0 0 0 0 0 0 0 0 0 0 0 0 0 0 0 0 0 0 0 0 0 0 0 0 0 0 0 0 0 0 0 0 0 0 0 0 0 0 0 0 0 0 0 0 0 0 0 0 0 0 0 0 0 0 0 0 0 0 0 0 0 0 0 0 0 0 0 0 0 0 0 0 0 0 0 0 0 0 0 0 0 0 0 0 0 0 0 0 0 0 0 0 0 0 0 0 0 0 0 0 0 0 0 0 0 0 0 0 0 0 0 0 0 0 0 0 0 0 0 0 0 0 0 0 0 0 0 0 0 0 0 0 0 0 0 0 0 0 0 0 0 0 0 0 0 0 0 0 0 0 0 0 0 0 0 0 0 0 0 0 0 0 0 0 0 0 0 0 0 0 0 0 0 0 0 0 0 0 0 0 0 0 0 0 0 0 0 0 0 0 0 0 0 0 0 0 0 0 0 0 0 0 0 0 0 0 0 0 0 0 0 0 0 0 0 0 0 0 0 0 0 0 0 0 0 0 0 0 0 0 0 0 0 0 0 0 0 0 0 0 0 0 0 0 0 0 0 0 0 0 0 0 0 0 0 0 0 0 0 0 0 0 0 0 0 0 0 0 0 0 0 0 0 0 0 0 0 0 0 0 0 0 0 0 0 0 0 0 0 0 0 0 0 0 0 0 0 0 0 0 0 0 0 0 0 0 0 0 0 0 0 0 0 0 0 0 0 0 0 0 0 0 0 0 0 0 0 0 0 0 0 0 0 0 0 0 0 0 0 0 0 0 0 0 0 0 0 0 0 0 0 0 0 0 0 0 0 0 0 0 0 0 0 0 0 0 0 0 0 0 0 0 0 0 0 0 0 0 0 0 0 0 0 0 0 0 0 0 0 0 0 0 0 0 0 0 0 0 0 0 0 0 0 0 0 0 0 0 0 0 0 0 0 0 0 0 0 0 0 0 0 0 0 0 0 0 0 0 0 0 0 0 0 0 0 0 0 0 0 0 0 0 0 0 0 0 0 0 0 0 0 0 0 0 0 0 0 0 0 0 0 0 0 0 0 0 0 0 0 0 0 0 0 0 0 0 0 0 0 0 0 0 0 0 0 0 0 0 0 0 0 0 0 0 0 0 0 0 0 0 0 0 0 0 0 0 0 0 0 0 0 0 0 0 0 0 0 0 0 0 0 0 0 0 0 0 0 0 0 0 0 0 0 0 0 0 0 0 0 0 0 0 0 0 0 0 0 0 0 0 0 0 0 0 0 0 0 0 0 0 0 0 0 0 0 0 0 0 0 0 0 0 0 0 0 0 0 0 0 0 0 0 0 0 0 0 0 0 0 0 0 0 0 0 0 0 0 0 0 0 0 0 0 0 0 0 0 0 0 0 0 0 0 0 0 0 0 0 0 0 0 0 0 0 0 0 0 0 0 0 0 0 0 0 0 0 0 0 0 0 0 0 0 0 0 0 0 0 0 0 0 0 0 0 0 0 0 0 0 0 0 0 0 0 0 0 0 0 0 0 0 0 0 0 0 0 0 0 0 0 0 0 0 0 0 0 0 0 0 0 0 0 0 0 0 0 0 0 0 0 0 0 0 0 0 0 0 0 0 0 0 0 0 0 0 0 0 0 0 0 0 0 0 0 0 0 0 0 0 0 0 0 0 0 0 0 0 0 0 0 0 0 0 0 0 0 0 0 0 0 0 0 0 0 0 0 0 0 0 0 0 0 0 0 0 0 0 0 0 0 0 0 0 0 0 0 0 0 0 0 0 0 0 0 0 0 0 0 0 0 0 0 0 0 0 0 0 0 0 0 0 0 0 0 0 0 0 0 0 0 0 0 0 0 0 0 0 0 0 0 0 0 0 0 0 0 0 0 0 0 0 0 0 0 0 0 0 0 0 0 0 0 0 0 0 0 0 0 0 0 0 0 0 0 0 0 0 0 0 0 0 0 0 0 0 0 0 0 0 0 0 0 0 0 0 0 0 0 0 0 0 0 0 0 0 0 0 0 0 0 0 0 0 0 0 0 0 0 0 0 0 0 0 0 0 0 0 0 0 0 0 0 0 0 0 0 0 0 0 0 0 0 0 0 0 0 0 0 0 0 0 0 0 0 0 0 0 0 0 0 0 0 0 0 0 0 0 0 0 0 0 0 0 0 0 0 0 0 0 0 0 0 0 0 0 0 0 0 0 0 0 0 0 0 0 0 0 0 0 0 0 0 0 0 0 0 0 0 0 0 0 0 0 0 0 0 0 0 0 0 0 0 0 0 0 0 0 0 0 0 0 0 0 0 0 0 0 0 0 0 0 0 0 0 0 0 0 0 0 0 0 0 0 0 0 0 0 0 0 0 0 0 0 0 0 0 0 0 0 0 0 0 0 0 0 0 0 0 0 0 0 0 0 0 0 0 0 0 0 0 0 0 0 0 0 0 0 0 0 0 0 0 0 0 0 0 0 0 0 0 0 0 0 0 0 0 0 0 0 0 0 0 0 0 0 0 0 0 0 0 0 0 0 0 0 0 0 0 0 0 0 0 0 0 0 0 0 0 0 0 0 0 0 0 0 0 0 0 0 0 0 0 0 0 0 0 0 0 0 0 0 0 0 0 0 0 0 0 0 0 0 0 0 0 0 0 0 0 0 0 0 0 0 0 0 0 0 0 0 0 0 0 0 0 0 0 0 0 0 0 0 0 0 0 0 0 0 0 0 0 0 0 0 0 0 0 0 0 0 0 0 0 0 0 0 0 0 0 0 0 0 0 0 0 0 0 0 0 0 0 0 0 0 0 0 0 0 0 0 0 0 0 0 0 0 0 0 0 0 0 0 0 0 0 0 0 0 0 0 0 0 0 0 0 0 0 0.4196078 0 0 0.4196078 0 0 0.4196078 0 0 0 0 0 0 0 0 0 0 0 0 0 0 0 0 0 0 0 0 0 0 0 0 0 0 0 0 0 0 0 0 0 0 0 0 0 0 0 0 0 0 0 0 0 0 0 0 0 0 0 0 0 0 0 0 0 0 0 0 0 0 0 0 0 0 0 0 0 0 0 0 0 0 0 0 0 0 0 0 0 0 0 0 0 0 0 0 0 0 0 0 0 0 0 0 0 0 0 0 0 0 0 0 0 0 0 0 0 0 0 0 0 0 0 0 0 0 0 0 0 0 0 0 0 0 0 0 0 0 0 0 0 0 0 0 0 0 0 0 0 0 0 0 0 0 0 0 0 0 0 0 0 0 0 0 0 0 0 0 0 0 0 0 0 0 0 0 0 0 0 0 0 0 0 0 0 0 0 0 0 0 0 0 0 0 0 0 0 0 0 0 0 0 0 0 0 0 0 0 0 0 0 0 0 0 0 0 0 0 0 0 0 0 0 0 0 0 0 0 0 0 0 0 0 0 0 0 0 0 0 0 0 0 0 0 0 0 0 0 0 0 0 0 0 0 0 0 0 0 0 0 0 0 0 0 0 0 0 0 0 0 0 0.4196078 0 0 0.4196078 0 0 0.4196078 0 0.06666666 0 0 0.06666666 0 0 0.4 0 0 0.06666666 0 0 0.06666666 0 0 0.0117647 0 0 0.2313725 0 0 0.0117647 0 0 0.06666666 0 0 0.06666666 0 0 0.06666666 0 0 0.2313725 0 0 0.06666666 0 0 0.06666666 0 0 0.4 0 0 0.06666666 0 0 0.06666666 0 0 0.4 0 0 0 0.4196078 0 0 0.4196078 0 0 0.4196078 0 0 0.4196078 0 0 0.4196078 0 0 0.4196078 0 0 0.4196078 0 0 0.4196078 0 0 0.4196078 0 0 0.4196078 0 0 0.4196078 0 0 0.4196078 0 0 0.4196078 0 0 0.4196078 0 0 0.4196078 0 0 0.4196078 0 0 0.4196078 0 0 0.4196078 0 0 0.4196078 0 0 0.4196078 0 0 0.4196078 0 0 0.4196078 0 0 0.4196078 0 0 0.4196078 0 0 0.4196078 0 0 0.4196078 0 0 0.4196078 0 0 0.4196078 0 0 0.4196078 0 0 0.4196078 0 0 0.4196078 0 0 0.4196078 0 0 0.4196078 0 0 0.4196078 0 0 0.4196078 0 0 0.4196078 0 0 0.4196078 0 0 0.4196078 0 0 0.4196078 0 0 0.4196078 0 0 0.4196078 0 0 0.4196078 0 0 0.4196078 0 0 0.4196078 0 0 0.4196078 0 0.06666666 0 0 0.06666666 0 0 0.4 0 0 0.2313725 0 0 0.0117647 0 0 0.06666666 0 0 0.06666666 0 0 0.06666666 0 0 0.2313725 0 0 0.06666666 0 0 0.06666666 0 0 0.4 0 0 0 0 0 0 0 0 0 0 0 0 0 0 0 0 0 0 0 0 0 0 0 0 0 0 0 0 0 0 0 0 0 0 0 0 0 0 0 0 0 0 0 0 0 0 0 0 0 0 0 0 0 0 0 0 0 0 0 0 0 0 0 0 0 0 0 0 0 0 0 0 0 0 0 0 0 0 0 0 0 0 0 0 0 0 0 0 0 0 0 0 0 0 0 0 0 0 0 0 0 0 0 0 0 0 0 0 0 0 0 0 0 0 0 0 0 0 0 0 0 0 0 0 0 0 0 0 0 0 0 0 0 0 0 0 0 0 0 0 0 0 0 0 0 0 0 0 0 0 0 0 0 0 0 0 0 0 0 0 0 0 0 0 0 0 0 0 0 0 0 0 0 0 0 0 0 0 0 0 0 0 0 0 0 0 0 0 0 0 0 0 0 0 0 0 0 0 0 0 0 0 0 0 0 0 0 0 0 0 0 0 0 0 0 0 0 0 0 0 0 0 0 0 0 0 0 0 0 0 0 0 0 0 0 0 0 0 0 0 0 0 0 0 0 0 0 0 0 0 0 0 0 0 0 0 0 0 0 0 0 0 0 0 0 0 0 0 0 0 0 0 0 0 0 0 0 0 0 0 0 0 0 0 0 0 0 0 0 0 0 0 0 0 0 0 0 0 0 0 0 0 0 0 0 0 0 0 0 0 0 0 0 0 0 0 0 0 0 0 0 0 0 0 0 0 0 0 0 0 0 0 0 0 0 0 0 0 0 0 0 0 0 0 0 0 0 0 0 0 0 0 0 0 0 0 0 0 0 0 0 0 0 0 0 0 0 0 0 0 0 0 0 0 0 0 0 0 0 0 0 0 0 0 0 0 0 0 0 0 0 0 0 0 0 0 0 0 0 0 0 0 0 0 0 0 0 0 0 0 0 0 0 0 0 0 0 0 0 0 0 0 0 0 0 0 0 0 0 0 0 0 0 0 0 0 0 0 0 0 0 0 0 0 0 0 0 0 0 0 0 0 0 0 0 0 0 0 0 0 0 0 0 0 0 0 0 0 0 0 0 0 0 0 0 0 0 0 0 0 0 0 0 0 0 0 0 0 0 0 0 0 0 0 0 0 0 0 0 0 0 0 0 0 0 0 0 0 0 0 0 0 0 0 0 0 0 0 0 0 0 0 0 0 0 0 0 0 0 0 0 0 0 0 0 0 0 0 0 0 0 0 0 0 0 0 0 0 0 0 0 0 0 0 0 0 0 0 0 0 0 0 0 0 0 0 0 0 0 0 0 0 0 0 0 0 0 0 0 0 0 0 0 0 0 0 0 0 0 0 0 0 0 0 0 0 0 0 0 0 0 0 0 0 0 0 0 0 0 0 0 0 0 0 0 0 0 0 0 0 0 0 0 0 0 0 0 0 0 0 0 0 0 0 0 0 0 0 0 0 0 0 0 0 0 0 0 0 0 0 0 0 0 0 0 0 0 0 0 0 0 0 0 0 0 0 0 0 0 0 0 0 0 0 0 0 0 0 0 0 0 0 0 0 0 0 0 0 0 0 0 0 0 0 0 0 0 0 0 0 0 0 0 0 0 0 0 0 0 0 0 0 0 0 0 0 0 0 0 0 0 0 0 0 0 0 0 0 0 0 0 0 0 0 0 0 0 0 0 0 0 0 0 0 0 0 0 0 0 0 0 0 0 0 0 0 0 0 0 0 0 0 0 0 0 0 0 0 0 0 0 0 0 0 0 0 0 0 0 0 0 0 0 0 0 0 0 0 0 0 0 0 0 0 0 0 0 0 0 0 0 0 0 0 0 0 0 0 0 0 0 0 0 0 0 0 0 0 0 0 0 0 0 0 0 0 0 0 0 0 0 0 0 0 0 0 0 0 0 0 0 0 0 0 0 0 0 0 0 0 0 0 0 0 0 0 0 0 0 0 0 0 0 0 0 0 0 0 0 0 0 0 0 0 0 0 0 0 0 0 0 0 0 0 0 0 0 0 0 0 0 0 0 0 0 0 0 0 0 0 0 0 0 0 0 0 0 0 0 0 0 0 0 0 0 0 0 0 0 0 0 0 0 0 0 0 0 0 0 0 0 0 0 0 0 0 0 0 0 0 0 0 0 0 0 0 0 0 0 0 0 0 0 0 0 0 0 0 0 0 0 0 0 0 0 0 0 0 0 0 0 0 0 0 0 0 0 0 0 0 0 0 0 0 0 0 0 0 0 0 0 0 0 0 0 0 0 0 0 0 0 0 0 0 0 0 0 0 0 0 0 0.4196078 0 0 0.4196078 0 0 0.4196078 0 0 0 0 0 0 0 0 0</float_array>
          <technique_common>
            <accessor source="#tree_oak_large_b200-mesh-colors-Col-array" count="1887" stride="3">
              <param name="R" type="float"/>
              <param name="G" type="float"/>
              <param name="B" type="float"/>
            </accessor>
          </technique_common>
        </source>
        <vertices id="tree_oak_large_b200-mesh-vertices">
          <input semantic="POSITION" source="#tree_oak_large_b200-mesh-positions"/>
        </vertices>
        <polylist material="tro_tree_2_trunk-material" count="414">
          <input semantic="VERTEX" source="#tree_oak_large_b200-mesh-vertices" offset="0"/>
          <input semantic="NORMAL" source="#tree_oak_large_b200-mesh-normals" offset="1"/>
          <input semantic="TEXCOORD" source="#tree_oak_large_b200-mesh-map-0" offset="2" set="0"/>
          <input semantic="COLOR" source="#tree_oak_large_b200-mesh-colors-Col" offset="3" set="0"/>
          <vcount>3 3 3 3 3 3 3 3 3 3 3 3 3 3 3 3 3 3 3 3 3 3 3 3 3 3 3 3 3 3 3 3 3 3 3 3 3 3 3 3 3 3 3 3 3 3 3 3 3 3 3 3 3 3 3 3 3 3 3 3 3 3 3 3 3 3 3 3 3 3 3 3 3 3 3 3 3 3 3 3 3 3 3 3 3 3 3 3 3 3 3 3 3 3 3 3 3 3 3 3 3 3 3 3 3 3 3 3 3 3 3 3 3 3 3 3 3 3 3 3 3 3 3 3 3 3 3 3 3 3 3 3 3 3 3 3 3 3 3 3 3 3 3 3 3 3 3 3 3 3 3 3 3 3 3 3 3 3 3 3 3 3 3 3 3 3 3 3 3 3 3 3 3 3 3 3 3 3 3 3 3 3 3 3 3 3 3 3 3 3 3 3 3 3 3 3 3 3 3 3 3 3 3 3 3 3 3 3 3 3 3 3 3 3 3 3 3 3 3 3 3 3 3 3 3 3 3 3 3 3 3 3 3 3 3 3 3 3 3 3 3 3 3 3 3 3 3 3 3 3 3 3 3 3 3 3 3 3 3 3 3 3 3 3 3 3 3 3 3 3 3 3 3 3 3 3 3 3 3 3 3 3 3 3 3 3 3 3 3 3 3 3 3 3 3 3 3 3 3 3 3 3 3 3 3 3 3 3 3 3 3 3 3 3 3 3 3 3 3 3 3 3 3 3 3 3 3 3 3 3 3 3 3 3 3 3 3 3 3 3 3 3 3 3 3 3 3 3 3 3 3 3 3 3 3 3 3 3 3 3 3 3 3 3 3 3 3 3 3 3 3 3 3 3 3 3 3 3 3 3 3 3 3 3 3 3 3 3 3 3 3 3 3 3 3 3 3 3 3 3 3 3 3 3 3 3 3 3 3 3 3 3 3 3 </vcount>
          <p>6 0 0 0 17 1 1 1 20 2 2 2 5 3 3 3 9 4 4 4 12 5 5 5 61 6 6 6 64 7 7 7 65 8 8 8 6 0 9 9 63 9 10 10 70 10 11 11 6 0 12 12 7 11 13 13 63 9 14 14 68 12 15 15 37 13 16 16 71 14 17 17 7 11 18 18 68 12 19 19 62 15 20 20 12 5 21 21 7 11 22 22 20 2 23 23 0 16 24 24 11 17 25 25 5 3 26 26 36 18 27 27 39 19 28 28 40 20 29 29 0 16 30 30 5 3 31 31 12 5 32 32 5 3 33 33 11 17 34 34 9 4 35 35 2 21 36 36 13 22 37 37 10 23 38 38 16 24 39 39 69 25 40 40 19 26 41 41 10 23 42 42 12 5 43 43 2 21 44 44 20 2 45 45 17 1 46 46 23 27 47 47 3 28 48 48 1 29 49 49 24 30 50 50 1 29 51 51 18 31 52 52 24 30 53 53 14 32 54 54 16 24 55 55 19 26 56 56 19 26 57 57 3 28 58 58 14 32 59 59 2 21 60 60 12 5 61 61 15 33 62 62 22 34 63 63 29 35 64 64 31 36 65 65 17 1 66 66 14 32 67 67 23 27 68 68 23 27 69 69 14 32 70 70 3 28 71 71 3 28 72 72 24 30 73 73 23 27 74 74 35 37 75 75 25 38 76 76 21 39 77 77 34 40 78 78 26 41 79 79 25 38 80 80 33 42 81 81 21 39 82 82 43 43 83 83 32 44 84 84 43 43 85 85 26 41 86 86 15 33 87 87 22 34 88 88 18 31 89 89 15 33 90 90 20 2 91 91 22 34 92 92 19 26 93 93 73 45 94 94 1 29 95 95 24 30 96 96 29 35 97 97 23 27 98 98 43 43 99 99 45 46 100 100 44 47 101 101 22 34 102 102 31 36 103 103 30 48 104 104 18 31 105 105 30 48 106 106 28 49 107 107 27 50 108 108 29 35 109 109 35 37 110 110 29 35 111 111 28 49 112 112 34 40 113 113 30 48 114 114 27 50 115 115 33 42 116 116 28 49 117 117 30 48 118 118 32 44 119 119 8 51 120 120 41 52 121 121 42 53 122 122 41 52 123 123 36 18 124 124 37 13 125 125 68 12 126 126 42 53 127 127 37 13 128 128 21 39 129 129 25 38 130 130 45 46 131 131 48 54 132 132 45 46 133 133 46 55 134 134 45 46 135 135 50 56 136 136 44 47 137 137 50 56 138 138 52 57 139 139 48 54 140 140 49 58 141 141 47 59 142 142 50 56 143 143 49 58 144 144 52 57 145 145 51 60 146 146 54 61 147 147 55 62 148 148 53 63 149 149 56 64 150 150 60 65 151 151 59 66 152 152 59 66 153 153 55 62 154 154 56 64 155 155 55 62 156 156 60 65 157 157 57 67 158 158 26 41 159 159 43 43 160 160 54 61 161 161 54 61 162 162 53 63 163 163 26 41 164 164 44 47 165 165 48 54 166 166 46 55 167 167 53 63 168 168 45 46 169 169 25 38 170 170 2 21 171 171 1 29 172 172 61 6 173 173 53 63 174 174 44 47 175 175 46 55 176 176 54 61 177 177 57 67 178 178 56 64 179 179 57 67 180 180 53 63 181 181 55 62 182 182 17 1 183 183 70 10 184 184 74 68 185 185 26 41 186 186 53 63 187 187 25 38 188 188 18 31 189 189 22 34 190 190 30 48 191 191 24 30 192 192 18 31 193 193 28 49 194 194 9 4 195 195 11 17 196 196 68 12 197 197 18 31 198 198 2 21 199 199 15 33 200 200 15 33 201 201 12 5 202 202 20 2 203 203 7 11 204 204 6 0 205 205 20 2 206 206 14 32 207 207 17 1 208 208 16 24 209 209 34 40 210 210 28 49 211 211 32 44 212 212 35 37 213 213 29 35 214 214 34 40 215 215 33 42 216 216 27 50 217 217 35 37 218 218 32 44 219 219 30 48 220 220 33 42 221 221 32 44 222 222 33 42 223 223 43 43 224 224 34 40 225 225 32 44 226 226 26 41 227 227 33 42 228 228 35 37 229 229 21 39 230 230 35 37 231 231 34 40 232 232 25 38 233 233 63 9 234 234 7 11 235 235 62 15 236 236 67 69 237 237 16 24 238 238 74 68 239 239 16 24 240 240 17 1 241 241 74 68 242 242 73 45 243 243 74 68 244 244 13 22 245 245 73 45 246 246 75 70 247 247 69 25 248 248 72 71 249 249 65 8 250 250 64 7 251 251 73 45 252 252 69 25 253 253 74 68 254 254 72 71 255 255 64 7 256 256 13 22 257 257 13 22 258 258 64 7 259 259 73 45 260 260 71 14 261 261 38 72 262 262 4 73 263 263 71 14 264 264 4 73 265 265 68 12 266 266 68 12 267 267 4 73 268 268 13 22 269 269 63 9 270 270 62 15 271 271 70 10 272 272 74 68 273 273 70 10 274 274 62 15 275 275 67 69 276 276 74 68 277 277 69 25 278 278 68 12 279 279 13 22 280 280 62 15 281 281 74 68 282 282 62 15 283 283 13 22 284 284 36 18 285 285 4 73 286 286 39 19 287 287 66 74 288 288 13 22 289 289 4 73 290 290 36 18 291 291 66 74 292 292 4 73 293 293 2 21 294 294 61 6 295 295 65 8 296 296 72 71 297 297 2 21 298 298 65 8 299 299 8 51 300 300 13 22 301 301 41 52 302 302 41 52 303 303 66 74 304 304 36 18 305 305 71 14 306 306 37 13 307 307 40 20 308 308 40 20 309 309 39 19 310 310 38 72 311 311 4 73 312 312 38 72 313 313 39 19 314 314 38 72 315 315 71 14 316 316 40 20 317 317 3 28 318 318 19 26 319 319 1 29 320 320 37 13 321 321 36 18 322 322 40 20 323 323 8 51 324 324 0 16 325 325 12 5 326 326 12 5 327 327 10 23 328 328 13 22 329 329 75 70 330 330 19 26 331 331 69 25 332 332 64 7 333 333 1 29 334 334 73 45 335 335 20 2 336 336 23 27 337 337 22 34 338 338 11 17 339 339 8 51 340 340 42 53 341 341 11 17 342 342 42 53 343 343 68 12 344 344 42 53 345 345 41 52 346 346 37 13 347 347 27 50 348 348 31 36 349 349 29 35 350 350 27 50 351 351 30 48 352 352 31 36 353 353 337 311 915 915 332 312 916 916 334 313 917 917 332 312 918 918 336 314 919 919 333 315 920 920 337 311 921 921 339 316 922 922 340 317 923 923 335 318 924 924 340 317 925 925 338 319 926 926 335 318 927 927 339 316 928 928 336 314 929 929 347 320 930 930 345 321 931 931 344 322 932 932 342 323 933 933 346 324 934 934 343 325 935 935 346 324 936 936 341 326 937 937 343 325 938 938 336 314 939 939 334 313 940 940 333 315 941 941 345 321 942 942 349 327 943 943 346 324 944 944 346 324 945 945 347 320 946 946 344 322 947 947 352 328 948 948 353 329 949 949 350 330 950 950 350 330 951 951 354 331 952 952 351 332 953 953 341 326 954 954 345 321 955 955 342 323 956 956 358 333 957 957 359 334 958 958 356 335 959 959 357 336 960 960 359 334 961 961 360 337 962 962 361 338 963 963 364 339 964 964 359 334 965 965 362 340 966 966 364 339 967 967 361 338 968 968 364 339 969 969 360 337 970 970 359 334 971 971 363 341 972 972 362 340 973 973 360 337 974 974 366 342 975 975 361 338 976 976 358 333 977 977 366 342 978 978 360 337 979 979 362 340 980 980 367 343 981 981 378 344 982 982 373 345 983 983 377 346 984 984 372 347 985 985 371 348 986 986 376 349 987 987 371 348 988 988 370 350 989 989 369 351 990 990 376 349 991 991 370 350 992 992 368 352 993 993 375 353 994 994 369 351 995 995 367 343 996 996 374 354 997 997 368 352 998 998 373 345 999 999 384 355 1000 1000 379 356 1001 1001 383 357 1002 1002 378 344 1003 1003 377 346 1004 1004 382 358 1005 1005 377 346 1006 1006 376 349 1007 1007 375 353 1008 1008 382 358 1009 1009 376 349 1010 1010 374 354 1011 1011 381 359 1012 1012 375 353 1013 1013 373 345 1014 1014 380 360 1015 1015 374 354 1016 1016 388 361 1017 1017 387 362 1018 1018 392 363 1019 1019 388 361 1020 1020 384 355 1021 1021 383 357 1022 1022 382 358 1023 1023 388 361 1024 1024 383 357 1025 1025 386 364 1026 1026 382 358 1027 1027 381 359 1028 1028 380 360 1029 1029 386 364 1030 1030 381 359 1031 1031 392 363 1032 1032 385 365 1033 1033 389 366 1034 1034 389 366 1035 1035 388 361 1036 1036 392 363 1037 1037 385 365 1038 1038 380 360 1039 1039 379 356 1040 1040 384 355 1041 1041 389 366 1042 1042 379 356 1043 1043 389 366 1044 1044 385 365 1045 1045 379 356 1046 1046 392 363 1047 1047 387 362 1048 1048 391 367 1049 1049 387 362 1050 1050 390 368 1051 1051 391 367 1052 1052 385 365 1053 1053 387 362 1054 1054 386 364 1055 1055 393 369 1056 1056 404 370 1057 1057 399 371 1058 1058 403 372 1059 1059 398 373 1060 1060 397 374 1061 1061 402 375 1062 1062 397 374 1063 1063 396 376 1064 1064 395 377 1065 1065 402 375 1066 1066 396 376 1067 1067 394 378 1068 1068 401 379 1069 1069 395 377 1070 1070 393 369 1071 1071 400 380 1072 1072 394 378 1073 1073 408 381 1074 1074 404 370 1075 1075 403 372 1076 1076 402 375 1077 1077 408 381 1078 1078 403 372 1079 1079 406 382 1080 1080 402 375 1081 1081 401 379 1082 1082 400 380 1083 1083 406 382 1084 1084 401 379 1085 1085 408 381 1086 1086 407 383 1087 1087 412 384 1088 1088 411 385 1089 1089 415 386 1090 1090 412 384 1091 1091 412 384 1092 1092 405 387 1093 1093 409 388 1094 1094 411 385 1095 1095 413 389 1096 1096 414 390 1097 1097 409 388 1098 1098 408 381 1099 1099 412 384 1100 1100 412 384 1101 1101 407 383 1102 1102 411 385 1103 1103 407 383 1104 1104 410 391 1105 1105 411 385 1106 1106 412 384 1107 1107 413 389 1108 1108 410 391 1109 1109 405 387 1110 1110 407 383 1111 1111 406 382 1112 1112 405 387 1113 1113 400 380 1114 1114 399 371 1115 1115 425 392 1116 1116 424 393 1117 1117 429 394 1118 1118 425 392 1119 1119 421 395 1120 1120 420 396 1121 1121 419 397 1122 1122 425 392 1123 1123 420 396 1124 1124 418 398 1125 1125 424 393 1126 1126 419 397 1127 1127 417 399 1128 1128 423 400 1129 1129 418 398 1130 1130 429 394 1131 1131 431 401 1132 1132 432 402 1133 1133 426 403 1134 1134 427 404 1135 1135 422 405 1136 1136 427 404 1137 1137 431 401 1138 1138 428 406 1139 1139 426 403 1140 1140 425 392 1141 1141 429 394 1142 1142 422 405 1143 1143 417 399 1144 1144 416 407 1145 1145 421 395 1146 1146 426 403 1147 1147 416 407 1148 1148 426 403 1149 1149 422 405 1150 1150 416 407 1151 1151 429 394 1152 1152 424 393 1153 1153 428 406 1154 1154 424 393 1155 1155 427 404 1156 1156 428 406 1157 1157 429 394 1158 1158 430 408 1159 1159 427 404 1160 1160 422 405 1161 1161 424 393 1162 1162 423 400 1163 1163 442 409 1164 1164 441 410 1165 1165 446 411 1166 1166 442 409 1167 1167 438 412 1168 1168 437 413 1169 1169 441 410 1170 1170 437 413 1171 1171 436 414 1172 1172 440 415 1173 1173 436 414 1174 1174 435 416 1175 1175 434 417 1176 1176 440 415 1177 1177 435 416 1178 1178 445 418 1179 1179 449 419 1180 1180 446 411 1181 1181 443 420 1182 1182 444 421 1183 1183 439 422 1184 1184 445 418 1185 1185 447 423 1186 1186 448 424 1187 1187 443 420 1188 1188 442 409 1189 1189 446 411 1190 1190 439 422 1191 1191 434 417 1192 1192 433 425 1193 1193 438 412 1194 1194 443 420 1195 1195 433 425 1196 1196 443 420 1197 1197 439 422 1198 1198 433 425 1199 1199 446 411 1200 1200 441 410 1201 1201 445 418 1202 1202 441 410 1203 1203 444 421 1204 1204 445 418 1205 1205 446 411 1206 1206 447 423 1207 1207 444 421 1208 1208 439 422 1209 1209 441 410 1210 1210 440 415 1211 1211 455 426 1212 1212 460 427 1213 1213 456 428 1214 1214 456 428 1215 1215 453 429 1216 1216 452 430 1217 1217 454 431 1218 1218 461 432 1219 1219 458 433 1220 1220 450 434 1221 1221 455 426 1222 1222 451 435 1223 1223 460 427 1224 1224 457 436 1225 1225 456 428 1226 1226 450 434 1227 1227 457 436 1228 1228 454 431 1229 1229 454 431 1230 1230 459 437 1231 1231 455 426 1232 1232 468 438 1233 1233 465 439 1234 1234 467 440 1235 1235 464 441 1236 1236 467 440 1237 1237 465 439 1238 1238 462 442 1239 1239 466 443 1240 1240 463 444 1241 1241 463 444 1242 1242 466 443 1243 1243 467 440 1244 1244 464 441 1245 1245 463 444 1246 1246 467 440 1247 1247 465 439 1248 1248 468 438 1249 1249 462 442 1250 1250 468 438 1251 1251 466 443 1252 1252 462 442 1253 1253 451 435 1254 1254 456 428 1255 1255 452 430 1256 1256 489 445 1257 1257 476 446 1258 1258 488 447 1259 1259 469 448 1260 1260 483 449 1261 1261 470 450 1262 1262 470 450 1263 1263 482 451 1264 1264 471 452 1265 1265 471 452 1266 1266 481 453 1267 1267 472 454 1268 1268 481 453 1269 1269 473 455 1270 1270 472 454 1271 1271 480 456 1272 1272 474 457 1273 1273 473 455 1274 1274 479 458 1275 1275 469 448 1276 1276 474 457 1277 1277 478 459 1278 1278 489 445 1279 1279 483 449 1280 1280 483 449 1281 1281 488 447 1282 1282 482 451 1283 1283 482 451 1284 1284 487 460 1285 1285 481 453 1286 1286 487 460 1287 1287 480 456 1288 1288 481 453 1289 1289 486 461 1290 1290 479 458 1291 1291 480 456 1292 1292 484 462 1293 1293 478 459 1294 1294 479 458 1295 1295 484 462 1296 1296 477 463 1297 1297 485 464 1298 1298 486 461 1299 1299 477 463 1300 1300 484 462 1301 1301 476 446 1302 1302 486 461 1303 1303 487 460 1304 1304 488 447 1305 1305 476 446 1306 1306 487 460 1307 1307 485 464 1308 1308 475 465 1309 1309 489 445 1310 1310 495 466 1311 1311 496 467 1312 1312 490 468 1313 1313 500 469 1314 1314 495 466 1315 1315 494 470 1316 1316 499 471 1317 1317 494 470 1318 1318 493 472 1319 1319 492 473 1320 1320 499 471 1321 1321 493 472 1322 1322 491 474 1323 1323 498 475 1324 1324 492 473 1325 1325 490 468 1326 1326 497 476 1327 1327 491 474 1328 1328 500 469 1329 1329 506 477 1330 1330 501 478 1331 1331 499 471 1332 1332 505 479 1333 1333 500 469 1334 1334 503 480 1335 1335 499 471 1336 1336 498 475 1337 1337 497 476 1338 1338 503 480 1339 1339 498 475 1340 1340 505 479 1341 1341 504 481 1342 1342 509 482 1343 1343 508 483 1344 1344 512 484 1345 1345 509 482 1346 1346 509 482 1347 1347 502 485 1348 1348 506 477 1349 1349 508 483 1350 1350 510 486 1351 1351 511 487 1352 1352 506 477 1353 1353 505 479 1354 1354 509 482 1355 1355 509 482 1356 1356 504 481 1357 1357 508 483 1358 1358 504 481 1359 1359 507 488 1360 1360 508 483 1361 1361 512 484 1362 1362 507 488 1363 1363 509 482 1364 1364 502 485 1365 1365 504 481 1366 1366 503 480 1367 1367 496 467 1368 1368 502 485 1369 1369 497 476 1370 1370 506 477 1371 1371 502 485 1372 1372 496 467 1373 1373 501 478 1374 1374 506 477 1375 1375 496 467 1376 1376 354 331 1380 1380 352 328 1381 1381 351 332 1382 1382 61 6 1383 1383 1 29 1384 1384 64 7 1385 1385 7 11 1386 1386 9 4 1387 1387 68 12 1388 1388 12 5 1389 1389 9 4 1390 1390 7 11 1391 1391 0 16 1392 1392 8 51 1393 1393 11 17 1394 1394 2 21 1395 1395 72 71 1396 1396 13 22 1397 1397 16 24 1398 1398 67 69 1399 1399 69 25 1400 1400 1 29 1401 1401 2 21 1402 1402 18 31 1403 1403 22 34 1404 1404 23 27 1405 1405 29 35 1406 1406 19 26 1407 1407 75 70 1408 1408 73 45 1409 1409 24 30 1410 1410 28 49 1411 1411 29 35 1412 1412 43 43 1413 1413 21 39 1414 1414 45 46 1415 1415 48 54 1416 1416 49 58 1417 1417 45 46 1418 1418 45 46 1419 1419 49 58 1420 1420 50 56 1421 1421 50 56 1422 1422 47 59 1423 1423 52 57 1424 1424 49 58 1425 1425 51 60 1426 1426 47 59 1427 1427 49 58 1428 1428 48 54 1429 1429 52 57 1430 1430 54 61 1431 1431 56 64 1432 1432 55 62 1433 1433 56 64 1434 1434 57 67 1435 1435 60 65 1436 1436 59 66 1437 1437 58 490 1438 1438 55 62 1439 1439 55 62 1440 1440 58 490 1441 1441 60 65 1442 1442 44 47 1443 1443 50 56 1444 1444 48 54 1445 1445 53 63 1446 1446 46 55 1447 1447 45 46 1448 1448 53 63 1449 1449 43 43 1450 1450 44 47 1451 1451 54 61 1452 1452 43 43 1453 1453 57 67 1454 1454 57 67 1455 1455 43 43 1456 1456 53 63 1457 1457 17 1 1458 1458 6 0 1459 1459 70 10 1460 1460 8 51 1461 1461 12 5 1462 1462 13 22 1463 1463 13 22 1464 1464 66 74 1465 1465 41 52 1466 1466 337 311 1545 1545 335 318 1546 1546 332 312 1547 1547 332 312 1548 1548 335 318 1549 1549 336 314 1550 1550 337 311 1551 1551 336 314 1552 1552 339 316 1553 1553 335 318 1554 1554 337 311 1555 1555 340 317 1556 1556 335 318 1557 1557 338 319 1558 1558 339 316 1559 1559 347 320 1560 1560 348 504 1561 1561 345 321 1562 1562 342 323 1563 1563 345 321 1564 1564 346 324 1565 1565 346 324 1566 1566 344 322 1567 1567 341 326 1568 1568 336 314 1569 1569 337 311 1570 1570 334 313 1571 1571 345 321 1572 1572 348 504 1573 1573 349 327 1574 1574 346 324 1575 1575 349 327 1576 1576 347 320 1577 1577 352 328 1578 1578 355 505 1579 1579 353 329 1580 1580 350 330 1581 1581 353 329 1582 1582 354 331 1583 1583 341 326 1584 1584 344 322 1585 1585 345 321 1586 1586 358 333 1587 1587 361 338 1588 1588 359 334 1589 1589 357 336 1590 1590 356 335 1591 1591 359 334 1592 1592 362 340 1593 1593 365 506 1594 1594 364 339 1595 1595 364 339 1596 1596 363 341 1597 1597 360 337 1598 1598 363 341 1599 1599 365 506 1600 1600 362 340 1601 1601 366 342 1602 1602 362 340 1603 1603 361 338 1604 1604 366 342 1605 1605 357 336 1606 1606 360 337 1607 1607 367 343 1608 1608 372 347 1609 1609 378 344 1610 1610 377 346 1611 1611 378 344 1612 1612 372 347 1613 1613 376 349 1614 1614 377 346 1615 1615 371 348 1616 1616 369 351 1617 1617 375 353 1618 1618 376 349 1619 1619 368 352 1620 1620 374 354 1621 1621 375 353 1622 1622 367 343 1623 1623 373 345 1624 1624 374 354 1625 1625 373 345 1626 1626 378 344 1627 1627 384 355 1628 1628 383 357 1629 1629 384 355 1630 1630 378 344 1631 1631 382 358 1632 1632 383 357 1633 1633 377 346 1634 1634 375 353 1635 1635 381 359 1636 1636 382 358 1637 1637 374 354 1638 1638 380 360 1639 1639 381 359 1640 1640 373 345 1641 1641 379 356 1642 1642 380 360 1643 1643 388 361 1644 1644 389 366 1645 1645 384 355 1646 1646 382 358 1647 1647 387 362 1648 1648 388 361 1649 1649 386 364 1650 1650 387 362 1651 1651 382 358 1652 1652 380 360 1653 1653 385 365 1654 1654 386 364 1655 1655 392 363 1656 1656 390 368 1657 1657 385 365 1658 1658 385 365 1659 1659 390 368 1660 1660 387 362 1661 1661 393 369 1662 1662 398 373 1663 1663 404 370 1664 1664 403 372 1665 1665 404 370 1666 1666 398 373 1667 1667 402 375 1668 1668 403 372 1669 1669 397 374 1670 1670 395 377 1671 1671 401 379 1672 1672 402 375 1673 1673 394 378 1674 1674 400 380 1675 1675 401 379 1676 1676 393 369 1677 1677 399 371 1678 1678 400 380 1679 1679 408 381 1680 1680 409 388 1681 1681 404 370 1682 1682 402 375 1683 1683 407 383 1684 1684 408 381 1685 1685 406 382 1686 1686 407 383 1687 1687 402 375 1688 1688 400 380 1689 1689 405 387 1690 1690 406 382 1691 1691 411 385 1692 1692 414 390 1693 1693 415 386 1694 1694 412 384 1695 1695 410 391 1696 1696 405 387 1697 1697 411 385 1698 1698 410 391 1699 1699 413 389 1700 1700 412 384 1701 1701 415 386 1702 1702 413 389 1703 1703 405 387 1704 1704 410 391 1705 1705 407 383 1706 1706 399 371 1707 1707 404 370 1708 1708 405 387 1709 1709 409 388 1710 1710 405 387 1711 1711 404 370 1712 1712 425 392 1713 1713 426 403 1714 1714 421 395 1715 1715 419 397 1716 1716 424 393 1717 1717 425 392 1718 1718 418 398 1719 1719 423 400 1720 1720 424 393 1721 1721 417 399 1722 1722 422 405 1723 1723 423 400 1724 1724 429 394 1725 1725 428 406 1726 1726 431 401 1727 1727 426 403 1728 1728 429 394 1729 1729 427 404 1730 1730 427 404 1731 1731 430 408 1732 1732 431 401 1733 1733 429 394 1734 1734 432 402 1735 1735 430 408 1736 1736 422 405 1737 1737 427 404 1738 1738 424 393 1739 1739 442 409 1740 1740 443 420 1741 1741 438 412 1742 1742 441 410 1743 1743 442 409 1744 1744 437 413 1745 1745 440 415 1746 1746 441 410 1747 1747 436 414 1748 1748 434 417 1749 1749 439 422 1750 1750 440 415 1751 1751 445 418 1752 1752 448 424 1753 1753 449 419 1754 1754 443 420 1755 1755 446 411 1756 1756 444 421 1757 1757 445 418 1758 1758 444 421 1759 1759 447 423 1760 1760 446 411 1761 1761 449 419 1762 1762 447 423 1763 1763 439 422 1764 1764 444 421 1765 1765 441 410 1766 1766 455 426 1767 1767 459 437 1768 1768 460 427 1769 1769 456 428 1770 1770 457 436 1771 1771 453 429 1772 1772 454 431 1773 1773 457 436 1774 1774 461 432 1775 1775 450 434 1776 1776 454 431 1777 1777 455 426 1778 1778 460 427 1779 1779 461 432 1780 1780 457 436 1781 1781 450 434 1782 1782 453 429 1783 1783 457 436 1784 1784 454 431 1785 1785 458 433 1786 1786 459 437 1787 1787 451 435 1788 1788 455 426 1789 1789 456 428 1790 1790 489 445 1791 1791 475 465 1792 1792 476 446 1793 1793 469 448 1794 1794 478 459 1795 1795 483 449 1796 1796 470 450 1797 1797 483 449 1798 1798 482 451 1799 1799 471 452 1800 1800 482 451 1801 1801 481 453 1802 1802 481 453 1803 1803 480 456 1804 1804 473 455 1805 1805 480 456 1806 1806 479 458 1807 1807 474 457 1808 1808 479 458 1809 1809 478 459 1810 1810 469 448 1811 1811 478 459 1812 1812 485 464 1813 1813 489 445 1814 1814 483 449 1815 1815 489 445 1816 1816 488 447 1817 1817 482 451 1818 1818 488 447 1819 1819 487 460 1820 1820 487 460 1821 1821 486 461 1822 1822 480 456 1823 1823 486 461 1824 1824 484 462 1825 1825 479 458 1826 1826 484 462 1827 1827 485 464 1828 1828 478 459 1829 1829 476 446 1830 1830 477 463 1831 1831 486 461 1832 1832 485 464 1833 1833 477 463 1834 1834 475 465 1835 1835 495 466 1836 1836 501 478 1837 1837 496 467 1838 1838 500 469 1839 1839 501 478 1840 1840 495 466 1841 1841 499 471 1842 1842 500 469 1843 1843 494 470 1844 1844 492 473 1845 1845 498 475 1846 1846 499 471 1847 1847 491 474 1848 1848 497 476 1849 1849 498 475 1850 1850 490 468 1851 1851 496 467 1852 1852 497 476 1853 1853 500 469 1854 1854 505 479 1855 1855 506 477 1856 1856 499 471 1857 1857 504 481 1858 1858 505 479 1859 1859 503 480 1860 1860 504 481 1861 1861 499 471 1862 1862 497 476 1863 1863 502 485 1864 1864 503 480 1865 1865 508 483 1866 1866 511 487 1867 1867 512 484 1868 1868 509 482 1869 1869 507 488 1870 1870 502 485 1871 1871 508 483 1872 1872 507 488 1873 1873 510 486 1874 1874 512 484 1875 1875 510 486 1876 1876 507 488 1877 1877 502 485 1878 1878 507 488 1879 1879 504 481 1880 1880 354 331 1884 1884 355 505 1885 1885 352 328 1886 1886</p>
        </polylist>
        <polylist material="tro_vines_2d-material" count="76">
          <input semantic="VERTEX" source="#tree_oak_large_b200-mesh-vertices" offset="0"/>
          <input semantic="NORMAL" source="#tree_oak_large_b200-mesh-normals" offset="1"/>
          <input semantic="TEXCOORD" source="#tree_oak_large_b200-mesh-map-0" offset="2" set="0"/>
          <input semantic="COLOR" source="#tree_oak_large_b200-mesh-colors-Col" offset="3" set="0"/>
          <vcount>3 3 3 3 3 3 3 3 3 3 3 3 3 3 3 3 3 3 3 3 3 3 3 3 3 3 3 3 3 3 3 3 3 3 3 3 3 3 3 3 3 3 3 3 3 3 3 3 3 3 3 3 3 3 3 3 3 3 3 3 3 3 3 3 3 3 3 3 3 3 3 3 3 3 3 3 </vcount>
          <p>189 187 648 648 190 188 649 649 188 189 650 650 210 190 651 651 195 191 652 652 194 192 653 653 193 193 654 654 198 194 655 655 197 195 656 656 198 194 657 657 199 196 658 658 196 197 659 659 194 192 660 660 195 191 661 661 201 198 662 662 208 199 663 663 205 200 664 664 204 201 665 665 204 201 666 666 205 200 667 667 207 202 668 668 209 203 669 669 208 199 670 670 204 201 671 671 213 204 672 672 210 190 673 673 211 205 674 674 199 196 675 675 213 204 676 676 212 206 677 677 211 205 678 678 210 190 679 679 194 192 680 680 192 207 681 681 193 193 682 682 197 195 683 683 197 195 684 684 198 194 685 685 196 197 686 686 200 208 687 687 194 192 688 688 201 198 689 689 206 202 690 690 204 201 691 691 207 202 692 692 212 206 693 693 213 204 694 694 211 205 695 695 196 197 696 696 199 196 697 697 212 206 698 698 201 198 699 699 203 209 700 700 202 210 701 701 202 210 702 702 203 209 703 703 208 199 704 704 202 210 705 705 208 199 706 706 209 203 707 707 200 208 708 708 201 198 709 709 202 210 710 710 261 234 747 747 246 191 748 748 245 192 749 749 244 235 750 750 249 236 751 751 248 237 752 752 249 236 753 753 250 238 754 754 247 239 755 755 245 192 756 756 246 191 757 757 252 198 758 758 259 240 759 759 256 241 760 760 255 242 761 761 256 241 762 762 258 243 763 763 269 244 764 764 260 245 765 765 259 240 766 766 255 242 767 767 264 246 768 768 261 234 769 769 262 247 770 770 250 238 771 771 296 248 772 772 263 249 773 773 262 247 774 774 261 234 775 775 245 192 776 776 243 250 777 777 244 235 778 778 248 237 779 779 248 237 780 780 249 236 781 781 247 239 782 782 251 208 783 783 245 192 784 784 252 198 785 785 257 251 786 786 255 242 787 787 269 244 788 788 263 249 789 789 264 246 790 790 262 247 791 791 247 239 792 792 250 238 793 793 263 249 794 794 252 198 795 795 254 252 796 796 253 253 797 797 253 253 798 798 254 252 799 799 259 240 800 800 253 253 801 801 259 240 802 802 260 245 803 803 251 208 804 804 252 198 805 805 253 253 806 806 268 254 807 807 265 255 808 808 266 256 809 809 270 257 810 810 267 258 811 811 268 254 812 812 244 235 813 813 243 250 814 814 271 259 815 815 270 257 816 816 244 235 817 817 271 259 818 818 255 242 819 819 256 241 820 820 269 244 821 821 258 243 822 822 257 251 823 823 269 244 824 824 257 251 825 825 273 260 826 826 272 260 827 827 277 261 828 828 274 262 829 829 275 263 830 830 279 264 831 831 294 265 832 832 278 266 833 833 283 267 834 834 293 268 835 835 292 269 836 836 290 270 837 837 287 271 838 838 286 272 839 839 283 267 840 840 288 273 841 841 284 274 842 842 297 275 843 843 291 276 844 844 290 270 845 845 292 269 846 846 285 277 847 847 282 278 848 848 295 279 849 849 280 280 850 850 294 265 851 851 274 262 852 852 279 264 853 853 278 266 854 854 280 280 855 855 298 281 856 856 297 275 857 857 286 272 1377 1377 288 273 1378 1378 289 489 1379 1379 189 187 1467 1467 191 491 1468 1468 190 188 1469 1469 250 238 1488 1488 264 246 1489 1489 296 248 1490 1490 263 249 1491 1491 296 248 1492 1492 264 246 1493 1493 268 254 1494 1494 267 258 1495 1495 265 255 1496 1496 270 257 1497 1497 271 259 1498 1498 267 258 1499 1499 257 251 1500 1500 258 243 1501 1501 273 260 1502 1502 277 261 1503 1503 276 498 1504 1504 274 262 1505 1505 279 264 1506 1506 295 279 1507 1507 294 265 1508 1508 283 267 1509 1509 284 274 1510 1510 293 268 1511 1511 290 270 1512 1512 291 276 1513 1513 287 271 1514 1514 283 267 1515 1515 289 489 1516 1516 288 273 1517 1517 297 275 1518 1518 298 281 1519 1519 291 276 1520 1520 292 269 1521 1521 293 268 1522 1522 285 277 1523 1523 295 279 1524 1524 281 499 1525 1525 280 280 1526 1526 274 262 1527 1527 276 498 1528 1528 279 264 1529 1529 280 280 1530 1530 281 499 1531 1531 298 281 1532 1532 286 272 1881 1881 287 271 1882 1882 288 273 1883 1883</p>
        </polylist>
        <polylist material="tro_tree_1_branches-material" count="139">
          <input semantic="VERTEX" source="#tree_oak_large_b200-mesh-vertices" offset="0"/>
          <input semantic="NORMAL" source="#tree_oak_large_b200-mesh-normals" offset="1"/>
          <input semantic="TEXCOORD" source="#tree_oak_large_b200-mesh-map-0" offset="2" set="0"/>
          <input semantic="COLOR" source="#tree_oak_large_b200-mesh-colors-Col" offset="3" set="0"/>
          <vcount>3 3 3 3 3 3 3 3 3 3 3 3 3 3 3 3 3 3 3 3 3 3 3 3 3 3 3 3 3 3 3 3 3 3 3 3 3 3 3 3 3 3 3 3 3 3 3 3 3 3 3 3 3 3 3 3 3 3 3 3 3 3 3 3 3 3 3 3 3 3 3 3 3 3 3 3 3 3 3 3 3 3 3 3 3 3 3 3 3 3 3 3 3 3 3 3 3 3 3 3 3 3 3 3 3 3 3 3 3 3 3 3 3 3 3 3 3 3 3 3 3 3 3 3 3 3 3 3 3 3 3 3 3 3 3 3 3 3 3 </vcount>
          <p>78 75 354 354 79 76 355 355 81 77 356 356 77 78 357 357 83 79 358 358 81 77 359 359 76 80 360 360 80 81 361 361 81 77 362 362 82 82 363 363 76 80 364 364 81 77 365 365 80 81 366 366 77 78 367 367 81 77 368 368 83 79 369 369 78 75 370 370 81 77 371 371 79 76 372 372 82 82 373 373 81 77 374 374 86 83 375 375 89 84 376 376 87 85 377 377 85 86 378 378 89 84 379 379 91 87 380 380 84 88 381 381 89 84 382 382 88 89 383 383 90 90 384 384 89 84 385 385 84 88 386 386 88 89 387 387 89 84 388 388 85 86 389 389 91 87 390 390 89 84 391 391 86 83 392 392 87 85 393 393 89 84 394 394 90 90 395 395 94 91 396 396 95 92 397 397 97 93 398 398 93 94 399 399 99 95 400 400 97 93 401 401 92 96 402 402 96 97 403 403 97 93 404 404 98 98 405 405 92 96 406 406 97 93 407 407 96 97 408 408 93 94 409 409 97 93 410 410 99 95 411 411 94 91 412 412 97 93 413 413 95 92 414 414 98 98 415 415 97 93 416 416 102 99 417 417 103 100 418 418 105 101 419 419 101 102 420 420 107 103 421 421 105 101 422 422 100 104 423 423 104 105 424 424 105 101 425 425 106 106 426 426 100 104 427 427 105 101 428 428 104 105 429 429 101 102 430 430 105 101 431 431 107 103 432 432 102 99 433 433 105 101 434 434 103 100 435 435 106 106 436 436 105 101 437 437 110 107 438 438 111 108 439 439 113 109 440 440 109 110 441 441 115 111 442 442 113 109 443 443 108 112 444 444 112 113 445 445 113 109 446 446 114 114 447 447 108 112 448 448 113 109 449 449 112 113 450 450 109 110 451 451 113 109 452 452 115 111 453 453 110 107 454 454 113 109 455 455 111 108 456 456 114 114 457 457 113 109 458 458 118 115 459 459 119 116 460 460 121 117 461 461 117 118 462 462 123 119 463 463 121 117 464 464 116 120 465 465 120 121 466 466 121 117 467 467 122 122 468 468 116 120 469 469 121 117 470 470 120 121 471 471 117 118 472 472 121 117 473 473 123 119 474 474 118 115 475 475 121 117 476 476 119 116 477 477 122 122 478 478 121 117 479 479 126 123 480 480 127 124 481 481 129 125 482 482 125 126 483 483 131 127 484 484 129 125 485 485 124 128 486 486 128 129 487 487 129 125 488 488 130 130 489 489 124 128 490 490 129 125 491 491 128 129 492 492 125 126 493 493 129 125 494 494 131 127 495 495 126 123 496 496 129 125 497 497 127 124 498 498 130 130 499 499 129 125 500 500 134 131 501 501 135 132 502 502 137 133 503 503 133 134 504 504 139 135 505 505 137 133 506 506 132 136 507 507 136 137 508 508 137 133 509 509 138 138 510 510 132 136 511 511 137 133 512 512 136 137 513 513 133 134 514 514 137 133 515 515 139 135 516 516 134 131 517 517 137 133 518 518 135 132 519 519 138 138 520 520 137 133 521 521 142 139 522 522 143 140 523 523 145 141 524 524 141 142 525 525 147 143 526 526 145 141 527 527 140 144 528 528 144 145 529 529 145 141 530 530 146 146 531 531 140 144 532 532 145 141 533 533 144 145 534 534 141 142 535 535 145 141 536 536 147 143 537 537 142 139 538 538 145 141 539 539 143 140 540 540 146 146 541 541 145 141 542 542 150 147 543 543 151 148 544 544 153 149 545 545 149 150 546 546 155 151 547 547 153 149 548 548 148 152 549 549 152 153 550 550 153 149 551 551 154 154 552 552 148 152 553 553 153 149 554 554 152 153 555 555 149 150 556 556 153 149 557 557 155 151 558 558 150 147 559 559 153 149 560 560 151 148 561 561 154 154 562 562 153 149 563 563 158 155 564 564 159 156 565 565 161 157 566 566 157 158 567 567 163 159 568 568 161 157 569 569 156 160 570 570 160 161 571 571 161 157 572 572 162 162 573 573 156 160 574 574 161 157 575 575 160 161 576 576 157 158 577 577 161 157 578 578 163 159 579 579 158 155 580 580 161 157 581 581 159 156 582 582 162 162 583 583 161 157 584 584 166 163 585 585 167 164 586 586 169 165 587 587 165 166 588 588 171 167 589 589 169 165 590 590 164 168 591 591 168 169 592 592 169 165 593 593 170 170 594 594 164 168 595 595 169 165 596 596 168 169 597 597 165 166 598 598 169 165 599 599 171 167 600 600 166 163 601 601 169 165 602 602 167 164 603 603 170 170 604 604 169 165 605 605 174 171 606 606 175 172 607 607 177 173 608 608 173 174 609 609 179 175 610 610 177 173 611 611 172 176 612 612 176 177 613 613 177 173 614 614 178 178 615 615 172 176 616 616 177 173 617 617 176 177 618 618 173 174 619 619 177 173 620 620 179 175 621 621 174 171 622 622 177 173 623 623 175 172 624 624 178 178 625 625 177 173 626 626 182 179 627 627 183 180 628 628 185 181 629 629 181 182 630 630 187 183 631 631 185 181 632 632 180 184 633 633 184 185 634 634 185 181 635 635 186 186 636 636 180 184 637 637 185 181 638 638 184 185 639 639 181 182 640 640 185 181 641 641 187 183 642 642 182 179 643 643 185 181 644 644 183 180 645 645 186 186 646 646 185 181 647 647 216 211 711 711 214 212 712 712 215 213 713 713 220 214 714 714 221 215 715 715 223 216 716 716 219 217 717 717 225 218 718 718 223 216 719 719 218 219 720 720 222 220 721 721 223 216 722 722 224 221 723 723 218 219 724 724 223 216 725 725 222 220 726 726 219 217 727 727 223 216 728 728 225 218 729 729 220 214 730 730 223 216 731 731 221 215 732 732 224 221 733 733 223 216 734 734 229 222 735 735 227 223 736 736 226 224 737 737 234 225 738 738 233 226 739 739 230 227 740 740 237 228 741 741 235 229 742 742 236 230 743 743 241 231 744 744 239 232 745 745 240 233 746 746 300 282 858 858 303 283 859 859 305 284 860 860 299 285 861 861 303 283 862 862 302 286 863 863 304 287 864 864 303 283 865 865 299 285 866 866 302 286 867 867 303 283 868 868 300 282 869 869 305 284 870 870 303 283 871 871 301 288 872 872 308 289 873 873 311 290 874 874 309 291 875 875 307 292 876 876 311 290 877 877 313 293 878 878 306 294 879 879 311 290 880 880 310 295 881 881 312 296 882 882 311 290 883 883 306 294 884 884 310 295 885 885 311 290 886 886 307 292 887 887 313 293 888 888 311 290 889 889 308 289 890 890 309 291 891 891 311 290 892 892 312 296 893 893 318 297 894 894 319 298 895 895 322 299 896 896 316 300 897 897 314 301 898 898 315 302 899 899 320 303 900 900 321 304 901 901 322 299 902 902 321 304 903 903 318 297 904 904 322 299 905 905 320 303 906 906 322 299 907 907 319 298 908 908 327 305 909 909 326 306 910 910 323 307 911 911 330 308 912 912 328 309 913 913 329 310 914 914 216 211 1470 1470 217 492 1471 1471 214 212 1472 1472 229 222 1473 1473 228 493 1474 1474 227 223 1475 1475 234 225 1476 1476 231 494 1477 1477 232 495 1478 1478 232 495 1479 1479 233 226 1480 1480 234 225 1481 1481 237 228 1482 1482 238 496 1483 1483 235 229 1484 1484 241 231 1485 1485 242 497 1486 1486 239 232 1487 1487 316 300 1533 1533 317 500 1534 1534 314 301 1535 1535 327 305 1536 1536 324 501 1537 1537 325 502 1538 1538 325 502 1539 1539 326 306 1540 1540 327 305 1541 1541 330 308 1542 1542 331 503 1543 1543 328 309 1544 1544</p>
        </polylist>
      </mesh>
      <extra><technique profile="MAYA"><double_sided>1</double_sided></technique></extra>
    </geometry>
    <geometry id="Colmesh-1-mesh" name="Colmesh-1">
      <mesh>
        <source id="Colmesh-1-mesh-positions">
          <float_array id="Colmesh-1-mesh-positions-array" count="1143">1.370234 0.0238381 -0.5823673 1.34096 0.5301322 -0.2741324 2.126932 0.8123886 0.399074 1.415742 0.009642422 0.637728 1.389639 -0.3898204 0.3774283 1.444985 -0.5050449 -0.2888244 3.140046 -2.80312e-7 -0.5122891 3.140046 0.4436554 -0.2561448 3.140046 0.4436558 0.2561444 3.140046 4.97309e-7 0.5122893 3.140046 -0.4243173 0.2011118 3.140046 -0.4243175 -0.199828 -2.199265 -0.09238809 -0.86064 -2.839988 0.6944553 -0.4199332 -3.040296 1.295005 0.1661871 -3.476258 -0.3571522 1.298121 -3.494531 -0.5658797 1.232558 -2.863045 -1.054989 -0.5611598 2.125286 0.4363058 0.4125471 -1.85617 0.4462962 0.09261745 1.345376 0.4079517 0.02258592 -1.852753 0.577409 0.6537362 2.134225 0.8043663 0.4492002 -3.047432 1.520698 0.3845975 0.2947069 -0.02224487 -0.7827436 0.3130293 -0.6919662 -0.3628823 0.2113836 -0.5100683 0.602187 0.3115878 -0.01616734 0.8378627 0.9274094 0.9505479 0.4246851 0.250835 0.639272 -0.3493205 0.9324017 0.4872367 0.5429891 0.2178354 0.4184185 0.05373442 0.9245138 0.9532885 0.4852666 2.10126 0.5967836 0.2891685 0.9063297 0.6771638 0.3207936 -1.993486 0.6337272 0.3432447 -2.680202 0.7993404 -0.2632715 1.343293 0.5665636 -0.2133836 0.2511319 0.6604119 -0.2594202 1.424898 -0.7011163 -0.01569443 1.423469 -0.7023107 0.06486099 3.140046 -0.66152 0.002566337 4.686127 0.478068 0.04641956 -2.775062 -1.132868 0.06961584 -2.775062 -1.132868 0.1853978 0.2520177 -0.8404479 0.1165604 0.2546287 -0.8410673 0.007174611 1.42885 -0.4735341 0.1974505 4.686127 0.3175548 -0.3958654 -1.71734 -0.516668 0.3144903 0.310316 -0.4412284 0.2150143 0.2868241 -0.6578081 -0.176581 1.437238 -0.4693461 -0.1521826 4.686127 -0.1446757 -0.4726238 -2.477905 -0.8832241 -0.2689983 1.377117 -0.1287903 -0.4384001 0.3114361 -0.3381313 -0.5339121 -1.725737 -0.3854302 -0.430168 4.686127 0.1259473 0.4305455 4.686127 -0.2884141 0.3395725 4.686127 -0.4612473 -0.1322848 17.85348 0.2865366 0.504895 6.896053 0.4220725 -0.2692223 17.85348 0.4109217 0.06801205 6.896053 0.2322478 0.3975068 6.896053 -0.405988 0.2209957 6.896053 -0.2238637 -0.4498375 17.85348 -0.1316754 0.3892338 17.85348 -0.01233613 -0.05033826 11.05959 0.4198781 -0.2112196 11.05958 -0.1363651 -0.366755 11.05958 0.256412 0.3629294 11.05959 -0.2932001 0.2109281 8.83558 -0.1749064 -0.4446229 8.835581 -0.485452 0.09344053 8.835581 0.3419888 -0.1410664 8.83558 0.02572667 0.3916927 14.44069 0.105252 -0.3147282 14.44069 0.2898375 0.08464455 14.44069 -0.2803044 -0.1343165 14.44069 -0.09031522 0.2638443 -0.3965455 1.246631 0.3311917 -0.4535213 1.264559 0.4252801 -3.170137 1.887336 -0.4910535 -3.170137 1.954239 -0.4039044 -0.9499433 1.397294 0.1997284 -0.95108 1.429958 0.2227259 0.4670615 1.09575 0.4131665 0.4526943 1.112717 0.4908789 18.14102 0.2558865 0.5178871 18.30141 0.4482354 0.1677186 18.12744 0.02143311 0.4207077 19.74966 0.04000073 1.032523 19.95571 0.2670804 0.7438883 19.74809 -0.1242815 0.9896107 19.95244 -0.1446966 0.6352872 18.2624 -0.1184116 0.1647014 22.16846 -0.3650785 2.635477 21.84191 -0.6471018 2.844751 22.11455 -0.8167034 2.519421 22.41838 -0.9437386 4.236636 22.62382 -0.77902 4.194628 20.09404 0.1197702 0.5480695 22.57281 -1.107357 4.092808 22.28317 -0.5397145 2.433872 18.23545 0.1531966 -0.1760289 18.3011 0.02838736 0.1241874 18.23398 0.2848823 -0.1862131 18.91812 0.1464396 -0.6484726 19.05234 0.1369596 -0.3996617 18.91604 0.3702937 -0.6655303 19.0501 0.4275657 -0.4211155 20.13552 0.03545963 -0.9874628 20.15377 0.01378875 -0.9256511 20.13393 0.06855762 -0.9939046 20.14906 0.1132615 -0.9447244 0.2748333 0.1317629 -0.7554663 -3.251197 0.05529206 -1.20011 9.977274 -0.1997276 -0.4812875 9.977275 -0.4334179 0.07658582 9.977275 0.3368417 -0.2517414 9.977274 0.09697753 0.3017125 -2.132886 0.08931553 1.072248 -1.878768 -0.5013644 0.7640381 -1.964017 -0.8207703 0.229739 -1.791776 -0.9523589 0.2952744 -2.012555 0.1582027 1.132886 -3.356115 -0.6593305 1.644296 -1.646577 -0.6716672 0.3794599 -1.923741 -0.2105678 -1.076541 -3.013531 1.891446 -0.5874726 -1.984881 0.6399769 0.3022212 -3.402138 -0.4280024 1.717683 -3.226618 0.1270387 -1.685094 -1.716492 0.6460665 0.7196719 -3.009201 2.050812 -0.3790921 -2.010018 0.6719902 0.3065586 -1.864573 0.484567 0.08692371 -2.63382 -1.508066 0.01874089 -1.709024 0.6289585 0.7212582 -2.321625 -1.219772 -0.3131616 -1.77506 -0.6679909 0.8567363 -2.601228 1.017652 -0.6989246 -3.019273 1.538377 0.4009764 -2.632515 -1.507692 0.2348226 -1.720185 0.6545778 0.7184868 -2.975518 1.260349 0.1041557 -2.579165 1.063043 -0.5245649 -1.621391 -0.5423023 -0.6469674 -1.727843 0.6748636 0.709037 -1.805576 -0.9807053 0.2892667 -2.760195 -1.394893 -0.7576992 7.685527 1.70659 1.558341 7.486599 1.709157 1.695678 7.499422 1.860272 1.531508 6.329296 0.2543784 0.220704 6.07141 0.2577056 0.398746 6.088032 0.453608 0.1859186 16.90201 0.06502234 3.194851 16.72547 0.08343124 3.413907 16.81133 0.3069452 3.310885 12.64348 -0.1860178 -0.2600439 12.25347 -0.1779997 0.2341059 12.46268 0.3666421 -0.01692914 19.42574 2.958919 2.066636 19.34526 2.909559 2.25692 19.27309 3.068784 2.167436 16.08349 -0.02338832 -0.1205951 15.90666 -0.131833 0.2974593 15.74811 0.2179856 0.100862 18.31256 -0.07081621 0.2925565 18.17682 -0.04154139 0.1559361 18.20162 0.02914851 0.2815321 19.21692 0.659583 -0.7381122 19.36963 0.8044925 -0.3488425 18.95636 0.8936232 -0.7647992 19.03186 1.108847 -0.3824074 20.1567 1.90773 -1.098908 20.21972 1.953335 -0.773917 19.95778 2.082567 -1.113404 19.9617 2.180526 -0.7918073 14.48947 -0.04728418 1.824006 8.122992 2.213339 2.183137 7.911865 2.212875 2.30089 7.928709 2.345482 2.121771 8.486409 3.80189 3.529895 8.275282 3.801426 3.647648 8.292126 3.934033 3.468528 7.52791 0.9155649 4.094806 7.290784 0.8727177 4.114183 7.356711 1.08624 4.117923 7.419282 1.058709 1.855368 7.185513 1.010049 1.867687 7.25264 1.228231 1.885826 7.045275 1.021024 0.9268646 6.798898 1.003843 1.065451 6.838178 1.201238 0.9010884 -1.924555 -0.3893434 1.334541 -1.938442 -0.1938704 1.429154 1.370234 0.0238381 -0.5823673 1.34096 0.5301322 -0.2741324 2.126932 0.8123886 0.399074 1.415742 0.009642422 0.637728 1.389639 -0.3898204 0.3774283 1.444985 -0.5050449 -0.2888244 3.140046 -2.80312e-7 -0.5122891 3.140046 0.4436554 -0.2561448 3.140046 0.4436558 0.2561444 3.140046 4.97309e-7 0.5122893 3.140046 -0.4243173 0.2011118 3.140046 -0.4243175 -0.199828 -2.199265 -0.09238809 -0.86064 -2.839988 0.6944553 -0.4199332 -3.040296 1.295005 0.1661871 -3.476258 -0.3571522 1.298121 -3.494531 -0.5658797 1.232558 -2.863045 -1.054989 -0.5611598 2.125286 0.4363058 0.4125471 -1.85617 0.4462962 0.09261745 1.345376 0.4079517 0.02258592 -1.852753 0.577409 0.6537362 2.134225 0.8043663 0.4492002 -3.047432 1.520698 0.3845975 0.2947069 -0.02224487 -0.7827436 0.3130293 -0.6919662 -0.3628823 0.2113836 -0.5100683 0.602187 0.3115878 -0.01616734 0.8378627 0.9274094 0.9505479 0.4246851 0.250835 0.639272 -0.3493205 0.9324017 0.4872367 0.5429891 0.2178354 0.4184185 0.05373442 0.9245138 0.9532885 0.4852666 2.10126 0.5967836 0.2891685 0.9063297 0.6771638 0.3207936 -1.993486 0.6337272 0.3432447 -2.680202 0.7993404 -0.2632715 1.343293 0.5665636 -0.2133836 0.2511319 0.6604119 -0.2594202 1.424898 -0.7011163 -0.01569443 1.423469 -0.7023107 0.06486099 3.140046 -0.66152 0.002566337 4.686127 0.478068 0.04641956 -2.775062 -1.132868 0.06961584 -2.775062 -1.132868 0.1853978 0.2520177 -0.8404479 0.1165604 0.2546287 -0.8410673 0.007174611 1.42885 -0.4735341 0.1974505 4.686127 0.3175548 -0.3958654 -1.71734 -0.516668 0.3144903 0.310316 -0.4412284 0.2150143 0.2868241 -0.6578081 -0.176581 1.437238 -0.4693461 -0.1521826 4.686127 -0.1446757 -0.4726238 -2.477905 -0.8832241 -0.2689983 1.377117 -0.1287903 -0.4384001 0.3114361 -0.3381313 -0.5339121 -1.725737 -0.3854302 -0.430168 4.686127 0.1259473 0.4305455 4.686127 -0.2884141 0.3395725 4.686127 -0.4612473 -0.1322848 17.85348 0.2865366 0.504895 6.896053 0.4220725 -0.2692223 17.85348 0.4109217 0.06801205 6.896053 0.2322478 0.3975068 6.896053 -0.405988 0.2209957 6.896053 -0.2238637 -0.4498375 17.85348 -0.1316754 0.3892338 17.85348 -0.01233613 -0.05033826 11.05959 0.4198781 -0.2112196 11.05958 -0.1363651 -0.366755 11.05958 0.256412 0.3629294 11.05959 -0.2932001 0.2109281 8.83558 -0.1749064 -0.4446229 8.835581 -0.485452 0.09344053 8.835581 0.3419888 -0.1410664 8.83558 0.02572667 0.3916927 14.44069 0.105252 -0.3147282 14.44069 0.2898375 0.08464455 14.44069 -0.2803044 -0.1343165 14.44069 -0.09031522 0.2638443 -0.3965455 1.246631 0.3311917 -0.4535213 1.264559 0.4252801 -3.170137 1.887336 -0.4910535 -3.170137 1.954239 -0.4039044 -0.9499433 1.397294 0.1997284 -0.95108 1.429958 0.2227259 0.4670615 1.09575 0.4131665 0.4526943 1.112717 0.4908789 18.14102 0.2558865 0.5178871 18.30141 0.4482354 0.1677186 18.12744 0.02143311 0.4207077 19.74966 0.04000073 1.032523 19.95571 0.2670804 0.7438883 19.74809 -0.1242815 0.9896107 19.95244 -0.1446966 0.6352872 20.09404 0.1197702 0.5480695 18.23545 0.1531966 -0.1760289 18.3011 0.02838736 0.1241874 18.23398 0.2848823 -0.1862131 19.05234 0.1369596 -0.3996617 0.2748333 0.1317629 -0.7554663 -3.251197 0.05529206 -1.20011 9.977274 -0.1997276 -0.4812875 9.977275 -0.4334179 0.07658582 9.977275 0.3368417 -0.2517414 9.977274 0.09697753 0.3017125 -2.132886 0.08931553 1.072248 -1.878768 -0.5013644 0.7640381 -1.964017 -0.8207703 0.229739 -1.791776 -0.9523589 0.2952744 -2.012555 0.1582027 1.132886 -3.356115 -0.6593305 1.644296 -1.646577 -0.6716672 0.3794599 -1.923741 -0.2105678 -1.076541 -3.013531 1.891446 -0.5874726 -1.984881 0.6399769 0.3022212 -3.402138 -0.4280024 1.717683 -3.226618 0.1270387 -1.685094 -1.716492 0.6460665 0.7196719 -3.009201 2.050812 -0.3790921 -2.010018 0.6719902 0.3065586 -1.864573 0.484567 0.08692371 -2.63382 -1.508066 0.01874089 -1.709024 0.6289585 0.7212582 -2.321625 -1.219772 -0.3131616 -1.77506 -0.6679909 0.8567363 -2.601228 1.017652 -0.6989246 -3.019273 1.538377 0.4009764 -2.632515 -1.507692 0.2348226 -1.720185 0.6545778 0.7184868 -2.975518 1.260349 0.1041557 -2.579165 1.063043 -0.5245649 -1.621391 -0.5423023 -0.6469674 -1.727843 0.6748636 0.709037 -1.805576 -0.9807053 0.2892667 -2.760195 -1.394893 -0.7576992 6.329296 0.2543784 0.220704 6.07141 0.2577056 0.398746 6.088032 0.453608 0.1859186 12.64348 -0.1860178 -0.2600439 12.25347 -0.1779997 0.2341059 12.46268 0.3666421 -0.01692914 16.08349 -0.02338832 -0.1205951 15.90666 -0.131833 0.2974593 15.74811 0.2179856 0.100862 19.74376 2.807404 -1.578183 19.74376 -2.312187 -1.578182 21.18013 1.339391 2.329844 21.30702 1.247609 -0.4245278 21.18013 -0.6606087 2.329844 21.30702 -0.7523914 -0.4245272 16.77618 1.19188 3.263901 12.10864 1.247608 -0.09537965 16.77618 -0.8081199 3.263901 12.10864 -0.7523913 -0.09537971 -1.924555 -0.3893434 1.334541 -1.938442 -0.1938704 1.429154 8.544486 4.909955 4.000112 6.464535 -0.1820925 -0.5715661 9.393361 3.34534 4.329335 6.907268 -0.7442465 -0.2279016 6.109764 -0.2158837 -0.169804 6.552496 -0.7780378 0.1738603 6.939411 0.8071123 5.446772 7.871323 0.7305606 5.035739 22.34739 -6.234531 0.4260317 22.34739 -6.23453 0.8666689 19.30394 -0.8256003 0.05507349 19.30394 -0.8256004 1.170438 23.5163 -5.639862 0.4260317 23.5163 -5.639861 0.8666689 20.47285 -0.2309316 0.05507349 20.47285 -0.2309308 1.170438 19.96331 -0.1078168 1.751064 23.79098 -1.988957 6.049142 19.9589 0.8920907 1.72744 23.91006 1.573318 4.924226 20.61708 -0.1228169 0.9942654 24.76298 -1.418826 4.617292 20.61268 0.8770904 0.9706414 24.88206 2.143449 3.492377</float_array>
          <technique_common>
            <accessor source="#Colmesh-1-mesh-positions-array" count="381" stride="3">
              <param name="X" type="float"/>
              <param name="Y" type="float"/>
              <param name="Z" type="float"/>
            </accessor>
          </technique_common>
        </source>
        <source id="Colmesh-1-mesh-normals">
          <float_array id="Colmesh-1-mesh-normals-array" count="1266">-0.01179444 -0.3712287 -0.9284666 0.005056977 0.4999942 0.8660141 0.06940466 -0.5899513 0.8044505 0.1522595 -0.1016 0.9831045 0.03800737 0.4502277 -0.8921045 0.03357619 0.5211382 -0.8528116 0.1405454 -0.05936986 -0.9882926 0.1055747 -0.969176 0.2226027 0.2656528 -0.4046583 0.8750317 0.03149849 0.3773017 0.9255546 0.1133067 0.1874372 -0.9757197 0.08362966 0.4248611 0.9013875 0.06939589 0.3729225 0.9252638 0.1588754 0.9503666 -0.2675107 0.04629027 0.8558999 -0.5150657 0.2674099 0.9633401 -0.02163213 0.352514 0.9306966 0.09766203 0.1296016 -0.4310451 -0.8929746 0.07056033 -0.9850565 -0.1571148 0.1692962 -0.4522062 0.8756989 0.04476386 0.1235382 0.9913297 0.006917417 0.4534872 -0.891236 0.1716924 0.1932518 -0.9660102 0.1163835 0.3052658 0.9451284 0.1125431 0.9671812 -0.2278044 0.1135007 0.992753 -0.03948515 0.01666319 0.8151103 -0.5790662 0.07942456 0.6932759 -0.7162824 -0.01196885 0.7333904 -0.6797024 0.0477752 0.8291833 0.5569313 0.04526543 0.7515707 0.6580978 -0.01989048 0.9998022 -7.77814e-7 -0.02023017 -0.5912564 0.80623 -0.03480702 -0.5926014 -0.8047435 0.1876838 -0.8220892 -0.5375353 0.2253796 -0.974271 3.22947e-4 0.07156491 -0.7124881 -0.6980252 0.117471 -0.9930406 0.008427679 0.1185225 -0.341005 0.93256 0.008292436 -0.2405753 0.9705951 0.1960108 -0.9592641 0.2034508 0.1543135 -0.967745 0.1991412 0.1955975 -0.6682292 -0.7177822 0.1104174 -0.6113987 -0.7835814 0.01958197 -0.6855661 -0.7277471 0.03267669 -0.9665539 0.2543732 0.04304045 -0.6412605 0.7661153 0.02323102 -0.9996263 -0.01440936 0.02509826 -0.9043275 0.4261009 -0.004120886 -0.6490798 -0.7607092 -0.02225226 0.9997525 -6.01887e-7 -0.03745651 0.4996485 -0.8654181 -0.01225268 -0.6418067 0.7667686 0.01772624 -0.6489832 -0.7605962 0.1499181 -0.9283807 0.3400499 0.06587249 -0.9629703 -0.2614365 -0.03861331 -0.2663559 0.963101 0.08194625 -0.9618207 -0.2611241 -0.03277128 0.9612621 0.273681 0.03750729 -0.2663674 0.9631416 0.08359324 0.2683466 -0.9596887 0.04241544 0.2690462 -0.962193 0.06335288 0.9598465 0.2732784 -0.02534747 0.7369124 0.6755129 -0.01921111 -0.7320759 -0.6809521 0.09445929 -0.9182218 -0.3846378 -0.08104014 0.5047343 -0.8594624 0.03569662 -0.5036312 0.8631809 -0.01343238 0.859822 0.5104173 0.03613328 -0.5036234 0.8631674 0.02319961 -0.865866 -0.4997379 0.09269165 0.856198 0.508265 0.07765126 0.5048723 -0.8596943 9.10468e-4 -0.2665548 0.9638193 -0.0230664 -0.9648097 -0.2619358 0.01302844 0.9616969 0.2738052 -0.004424452 0.2692859 -0.9630501 0.3013384 0.9530848 -0.02871346 0.06794863 0.1664519 0.9837056 0.4099351 0.5345936 -0.7390284 0.08143728 -0.7340068 -0.6742419 -0.5238151 -0.8487112 -0.07284969 0.1856483 0.9665943 -0.176721 0.005478024 0.4239605 0.9056641 -0.3384109 -0.3435235 0.8760535 -0.03195238 0.8821291 0.4699229 -0.6771254 -0.1799107 0.7135358 -0.3729677 -0.9133144 0.1635606 -0.2694328 0.7552984 0.5974364 0.4803842 0.8295598 -0.2847132 -0.6479424 0.7611314 -0.02915167 0.4767609 -0.4948635 -0.7265049 0.9541495 -0.05711364 -0.2938312 -0.5301214 -0.8479189 -0.002236783 -0.529726 0.7578283 0.3809024 0.0382142 -0.2663621 0.9631152 0.0689584 0.8607224 0.5043824 -0.5679531 -0.06777262 -0.820266 -0.02639067 -0.9993674 -0.02384066 -0.2795967 -0.1964285 -0.9398094 0.001822888 0.7397029 -0.6729311 -0.2294955 -0.9376644 -0.2609928 -0.5700514 -0.06966412 -0.8186504 0.2423369 -0.8759325 -0.4171513 0.4402998 0.1891308 0.8777048 0.8253264 -0.5459035 0.1443122 0.1830745 0.5189284 -0.8349834 -0.103512 -0.9946254 -0.00238949 0.3368041 0.09686076 -0.9365795 0.4515304 -0.8581547 0.2443173 -0.2608964 0.8944683 -0.3631246 0.5781279 -0.08455836 0.8115529 0.01839566 0.9064685 -0.4218726 0.1866173 -0.948113 -0.257402 -0.1396892 0.9523488 0.2711434 -0.02489978 0.9397187 -0.3410409 0.02161359 0.9615539 0.2737644 -0.004208087 0.2692863 -0.963051 0.0160396 0.1637963 -0.9863638 -0.0314868 -0.9385274 0.343766 0.103881 -0.1010563 0.9894425 0.07342797 0.1238118 0.9895853 0.04579079 0.9390241 -0.340789 0.07504284 0.7350707 0.6738247 0.06988698 0.8281919 0.5560702 0.2104781 -0.543332 0.812705 0.05765974 -0.5476784 0.8346998 0.09701091 -0.5007746 0.8601243 0.01257646 -0.5016144 0.865 0.0208984 -0.5081574 -0.8610107 0.01226347 -0.7321562 -0.6810265 0.07406252 0.3922425 -0.9168756 -0.06351214 -0.3899238 0.9186543 -0.08497446 0.9142164 0.396217 0.04418069 -0.423408 -0.9048612 0.04736292 -0.9015054 0.4301685 0.07006108 0.4253427 0.9023165 0.0714417 0.9054155 -0.4184721 -0.03423053 0.9072028 -0.4192988 0.05547988 -0.4231694 -0.9043505 -0.1102953 0.4237878 0.8990211 -0.0267508 -0.9021951 0.4304981 0.03207737 -0.8656535 -0.499615 0.04593873 0.6488273 0.7595478 0.08303725 -0.996094 0.03002625 0.09804612 -0.2532809 0.9624115 0.09797632 -0.2517544 0.9628191 -0.9891822 -0.1459671 -0.01457136 -0.5143029 0.837252 0.1857466 -0.3150682 -0.6459882 0.6952923 -0.4566218 0.8094695 0.3691286 -0.4638019 -0.6893565 0.5564849 -0.5009059 -0.3905544 0.7723733 -0.9890473 -0.1170791 0.08987772 -0.737854 -0.438327 0.513265 -0.98904 -0.1176297 0.08923679 -0.6700622 -0.7219198 0.1727672 -0.5830065 -0.5744482 0.5745545 -0.2761768 0.3099402 -0.9097601 -0.5430786 -0.8343104 0.09482514 -0.2679314 0.3525718 -0.896608 -0.9189808 -0.227205 -0.322261 -0.3592394 0.896921 0.2578368 -0.6432402 0.7656645 0 -0.8965208 0.4325605 -0.09561336 -0.918272 -0.2097617 -0.3358222 -0.7869358 0.6060924 0.1156903 -0.6808004 -0.1593456 -0.7149265 -0.4740416 -0.3273873 0.8173752 -0.3618167 -0.6984615 -0.6174466 -0.3676051 -0.01809686 0.9298059 -0.312964 -0.1325385 0.9404718 -0.5187677 0.1922141 0.8330269 -0.9108272 -0.2489593 -0.3292615 -0.4771171 0.1454712 0.8667165 -0.119331 0.0850557 0.9892047 -0.9635831 -0.2332118 0.1308441 -0.3679672 0.7375635 -0.5662158 -0.3972791 -0.08873146 0.9133981 -0.8213627 0.5686979 -0.04411482 -0.7760407 -0.5966717 -0.2043133 -0.7817743 -0.6194006 0.07191586 -0.02303308 -0.9765821 -0.2139086 -0.4133117 -0.05275356 0.9090604 0.07400155 -0.4873653 -0.8700568 -0.02881878 0.7091115 0.7045073 -0.4356735 0.8883978 -0.1446994 -0.2381663 0.431148 -0.8702805 -0.4867113 0.7314385 0.4776084 -0.3125333 -0.7242958 -0.6145882 -0.9346894 -0.3554657 0 0.08494424 -0.1966339 -0.9767905 -0.3044359 -0.9438734 0.1281479 0.2009908 0.6178504 -0.7601735 0.1772872 0.6718381 -0.7191683 -0.8372231 0.5455208 0.0382716 0.01731407 0.1475762 -0.9888992 0.06778967 -0.1480446 -0.9866546 -0.777584 -0.5765416 -0.2509247 0.08779448 0.8663065 0.4917369 0.0907998 0.8318036 0.5475931 -0.644415 0.6429057 0.4140069 0.8652823 -0.4383593 -0.2431617 0.4407029 0.6430412 0.6263219 0.8082425 -0.463356 -0.3633804 -0.3419764 0.7892173 -0.5100866 -0.4230509 -0.3677116 0.8281401 -0.7781996 0.00948137 -0.6279456 0.7847445 -0.01583874 0.6196171 0.5168191 -0.5140519 -0.6845791 0.005562484 0.9968363 -0.07928884 -0.5235985 -0.5199698 0.6748896 -0.6976242 -0.5642933 -0.4414675 0.6976292 0.5642904 0.4414633 0.5970783 -0.1699697 -0.7839692 -0.6378844 0.7668623 -0.07089203 0.05673921 -0.6310178 0.7736906 0.07034236 -0.5914919 -0.8032369 0.04099178 0.4995791 -0.8652979 0.09812951 -0.4327301 -0.8961671 0.2685318 -0.4417549 0.8560042 0.2062562 -0.5988793 -0.7738229 0.1449561 0.5966794 0.7892791 0.1287756 0.4958375 0.8588144 0.1579468 0.9611133 -0.226526 0.4646559 0.5205259 -0.7163434 0.1502699 -0.3416987 -0.9277182 -0.0196641 -0.9081713 0.4181367 0.02077966 0.3537571 -0.9351065 0.1595872 0.344985 0.9249418 0.09491598 0.852121 -0.5146659 0.1250783 0.9823587 0.1390209 -0.004890143 0.7244601 -0.6892995 0.03460097 0.7666348 -0.6411505 0.0242629 0.7897897 0.6128977 0.03483921 0.7889965 0.6134092 0.06894612 -0.2139323 0.9744123 0.188754 -0.7116724 -0.676679 0.2250264 -0.9742919 0.01088929 0.101487 -0.5088284 -0.854865 0.11849 -0.9928752 -0.01261729 0.1963835 -0.9628123 0.1855427 0.1409837 -0.9558774 0.2577248 0.1708984 -0.6040933 -0.7783735 0.1503551 -0.7284671 -0.668378 0.04060453 0.1636824 -0.9856771 0.02490955 -0.2143759 0.9764336 0.1556301 -0.9533074 -0.2588133 -0.0209701 0.3932356 -0.9191985 0.09647959 -0.3888894 0.9162187 0.04264611 0.9167003 0.3972933 -0.02548527 -0.2664682 0.9635068 -0.05667936 -0.9635149 -0.2615846 0.3151041 0.9376855 -0.1464767 0.06794655 0.1664543 0.9837054 0.3853347 0.7291061 -0.565616 0.1705675 0.9817771 -0.08378869 0.005478799 0.4239578 0.9056654 -0.3246952 -0.236137 0.915867 -0.1076723 0.8172684 0.5661089 -0.232899 -0.9693302 -0.07846647 -0.2004679 0.8344261 0.5133672 0.4342929 -0.3276731 0.839059 -0.24132 -0.3668892 -0.8984192 0.8512845 0.5238112 0.03060394 0.7597748 -0.5629673 -0.3252846 -0.6673272 -0.7350785 0.1197255 -0.4720456 0.8080752 0.3524025 -0.08192169 -0.377568 0.922351 -0.568149 -0.06976985 -0.8199627 -0.1167829 -0.9258604 -0.3593665 -0.2769943 -0.07555955 -0.9578961 0.1308909 0.9469017 -0.2936747 -0.08813089 -0.9960627 0.009592294 -0.397821 0.2470541 -0.883574 0.4451879 0.06933796 0.8927486 0.2293954 -0.4134253 -0.8811681 0.1157724 0.6239551 -0.7728369 -0.06746155 -0.9957396 -0.06286263 0.08973395 0.8253238 -0.5574842 -0.2034176 0.9721692 -0.1162264 0.6180486 0.06260323 0.7836433 0.07342958 0.1238073 0.9895858 0.01539504 0.2692565 -0.9629455 -0.01524698 -0.2665243 0.9637076 -0.1552607 0.9501159 0.2705067 -0.03244316 -0.92186 -0.3861628 0.103339 -0.9835039 -0.1484627 0.09797674 -0.2517574 0.9628182 -0.6263222 -0.1916834 -0.755631 -0.4806436 -0.5433986 0.6882585 -0.6988816 -0.5944737 -0.3977004 -0.380156 -0.2255337 0.897004 -0.9081981 -0.3411592 -0.2424595 -0.3994746 -0.06756085 0.9142515 -0.1382824 0.2222321 0.9651378 -0.9488407 -0.01598596 0.3153501 -0.360177 0.744614 -0.5619809 -0.723055 0.6058586 0.3318538 -0.8239609 -0.4931522 -0.2790867 -0.4568836 -0.8839796 -0.09918445 -0.3548302 -0.6133829 -0.7055898 -0.375903 0.05509334 0.9250198 -0.2769566 0.9382402 0.207365 -0.3273653 0.6836667 -0.6522513 -0.5993096 0.6908004 0.4045032 -0.9355853 -0.3530457 0.00625801 -0.0897516 -0.984573 -0.1502024 -0.818952 0.5726363 -0.0374878 0.1315425 0.3432685 -0.9299803 0.003451764 0.2189449 -0.9757312 -0.5055137 0.7204408 0.4747853 0.8082439 -0.4633529 -0.3633813 -0.3419761 0.7892171 -0.510087 -0.4230499 -0.367712 0.8281406 0.5168192 -0.5140509 -0.6845799 -0.03001779 0.9987528 -0.03989726 -0.5352118 -0.4806606 0.6946321 0.5970776 -0.1699776 -0.7839681 -0.6378848 0.7668625 -0.07088714 0.05673909 -0.6310147 0.7736932 0.3563668 0.4876614 0.7969876 0.1035105 0.1985759 0.9746041 0.7757847 -0.606189 0.1751942 -0.1344526 -0.2548226 -0.9575949 -0.7851845 0.6141503 0.07940381 -0.6521104 -0.7230527 0.2279188 0.9814933 -0.1860308 -0.04542565 -0.2718685 0.8316625 -0.4841749 -0.4898098 -0.4643086 0.7379052 -0.323254 -0.7457742 -0.5825184 -0.3719502 0.6483113 -0.6643385 -0.5398268 -0.4690772 0.6989662 0.0894435 -0.0450437 0.9949728 -0.8763973 0.2346782 0.42054 -0.955366 0.2887552 0.06242007 0.1996089 -0.9772162 -0.07214522 0.7067869 0.7073241 0.01204174 -0.3817143 -0.5453873 -0.7462217 0.2015172 -0.9786074 -0.04145419 0.6482496 0.7031658 -0.2921138 0.2621611 -0.4052776 0.8757977 0.2649333 -0.4585227 0.8482732 0.1433296 0.6547055 0.7421708 0.04027336 0.9401554 0.3383578 0.6843047 -0.7270616 0.05575394 0.10615 -0.9293079 0.3537217 -0.1522915 0.9617825 0.227556 -0.1906462 0 -0.9816588 0.2074798 4.23675e-7 0.9782394 0.5937912 0 -0.8046192 -0.1579075 -0.9662839 0.2033736 0.7030718 0.7110657 0.008696496 -0.584151 -5.22153e-7 0.8116451 0.8543713 -0.138975 0.5007352 0.731774 0.2648853 -0.627967 -0.8269631 -0.5188381 0.2166546 0.1445891 0.2782509 0.9495633 -0.5025421 -0.7032299 -0.5029109 0.8622397 -0.5062453 -0.01607871 -0.5902609 0.6592783 -0.4657728 0.404331 0.01171249 0.9145377 -0.921094 0.3836752 0.06617647 0.316682 -0.9268411 0.2016883 0.04679256 -0.9575549 0.284428 -0.1906462 -1.56912e-7 -0.9816588 0.2074798 0 0.9782393 0.5937911 6.63359e-7 -0.8046192 0.9989405 -4.67421e-7 0.04602187 -0.5841509 0 0.811645 0.7581236 0.2222889 -0.6130551 -0.5025405 -0.7032314 -0.5029103 -0.8715117 -0.4903748 6.97447e-7 0.8715124 0.4903735 -2.75534e-7 0.453433 -0.8912904 1.65027e-6 0.02707731 -0.05322426 -0.9982154 0.02218616 -0.04360991 0.9988023 -0.6686675 0.2441415 0.702338 -0.09121036 0.9909546 -0.09843546 0.5124435 -0.01802682 -0.8585317 -0.1829732 -0.9732741 -0.1387745 -0.7567858 -0.01877045 -0.6533934 0.7851074 0.1624897 0.5976651 -0.6305314 0.01555418 0.776008 -0.3518657 0.9269472 0.1302286 0.5874981 -0.261474 -0.7658182 -0.02323365 -0.9232881 -0.383405 -0.7567858 -0.01876813 -0.6533935 0.7851079 0.1624876 0.5976648 0.2259531 -0.2534415 0.9405916 0.5373061 0.7643731 -0.3564211 -0.6479445 0.7611296 -0.02915078 0.4701802 -0.5089169 -0.7210647 0.8253294 -0.5458987 0.1443123 0.8657175 -0.4001407 -0.3007003 0.5168191 -0.5140517 -0.6845794 -0.241319 -0.3669002 -0.898415 -0.03001791 0.9987528 -0.0398975 0.3563735 0.4876305 0.7970035 0.09124708 0.2125251 0.972886 0.7777045 -0.6008937 0.1846688 -0.1452795 -0.2405682 -0.9596983 -0.7898905 0.6095062 0.06763994 -0.6522769 -0.722837 0.2281261 0.9814938 -0.1860284 -0.04542481 -0.3125927 0.8264701 -0.4682234 -0.5283725 -0.4394924 0.7264084 -0.3719502 0.648312 -0.6643378 -0.5398249 -0.4690787 0.6989666 -0.8294441 0.4455665 0.3368873 -0.9538963 0.2934198 0.0631408 0.1720061 -0.9827367 -0.06813597 0.7140088 0.7000638 0.01011317 0.05817562 -0.9980997 -0.02031558 0.655245 0.6966115 -0.2922098 0.7355072 -0.1782408 0.6536509 0.8544088 -0.1388474 0.5007066 -0.8715122 -0.4903737 -2.75534e-7 0.8715125 0.4903734 -1.39489e-6 0.4534352 -0.8912894 1.65028e-6 0.02707731 -0.0532245 -0.9982154 0.02218592 -0.04360985 0.9988024</float_array>
          <technique_common>
            <accessor source="#Colmesh-1-mesh-normals-array" count="422" stride="3">
              <param name="X" type="float"/>
              <param name="Y" type="float"/>
              <param name="Z" type="float"/>
            </accessor>
          </technique_common>
        </source>
        <source id="Colmesh-1-mesh-map-0">
          <float_array id="Colmesh-1-mesh-map-0-array" count="4164">-1.432391 -4.320941 -1.30336 -4.412339 -0.9672999 -3.93625 -0.606731 -3.99465 -0.39675 -4.02977 -0.3893575 -3.463502 -0.1411365 -4.648028 -0.2089039 -4.033857 -0.39675 -4.02977 -0.591349 -4.462114 -0.4803161 -4.474968 -0.606731 -3.99465 -0.7001169 -4.412036 -0.6223551 -4.461554 -0.606731 -3.99465 -1.214646 -4.471148 -1.032042 -4.539774 -0.7832249 -3.96214 -1.717843 -4.587837 -2.543844 -4.983448 -2.029998 -5.108804 -0.1319993 -5.105617 -0.1779379 -6.081657 0.07390838 -5.766814 -0.377676 -5.647004 -0.1779379 -6.081657 -0.2613891 -5.669937 0.3658783 -5.693916 -0.3572776 -5.403909 0.1286044 -7.183787 -1.400839 -4.90662 -1.484867 -4.85579 -1.884191 -5.452491 -0.3911998 -5.029495 -0.5248249 -4.762907 -0.6267836 -5.437752 -0.4803161 -4.474968 -0.3024076 -4.661417 -0.39675 -4.02977 -1.153781 -4.97104 -1.182056 -5.995953 -1.089254 -5.988213 -1.032042 -4.539774 -0.9805521 -4.554805 -0.7832249 -3.96214 -0.3572776 -5.403909 -0.5630868 -5.417147 -0.5614781 -6.610636 -0.6223551 -4.461554 -0.591349 -4.462114 -0.606731 -3.99465 -1.432391 -4.320941 -1.717843 -4.587837 -1.606322 -4.730885 -0.1411365 -4.648028 -0.1319993 -5.105617 0.04571962 -5.021916 -0.3024076 -4.661417 -0.3911998 -5.029495 -0.1319993 -5.105617 -0.591349 -4.462114 -0.5649923 -4.861686 -0.4164869 -4.73823 -0.6223551 -4.461554 -0.7001169 -4.412036 -0.7633889 -4.840491 -1.214646 -4.471148 -1.484867 -4.85579 -1.400839 -4.90662 -0.3024076 -4.661417 -0.4803161 -4.474968 -0.5248249 -4.762907 -1.032042 -4.539774 -1.153781 -4.97104 -1.080109 -4.973361 -0.6223551 -4.461554 -0.6195608 -4.859561 -0.5649923 -4.861686 -0.9962154 -4.877191 -1.375032 -5.515772 -1.235706 -5.652831 -0.8591384 -4.592861 -0.7001169 -4.412036 -0.606731 -3.99465 -0.8591384 -4.592861 -0.9962154 -4.877191 -0.7633889 -4.840491 -0.8591384 -4.592861 -0.9805521 -4.554805 -1.080109 -4.973361 -1.080109 -4.973361 -1.089254 -5.988213 -0.7178232 -5.530853 -0.8591384 -4.592861 -0.606731 -3.99465 -0.7832249 -3.96214 -0.39675 -4.02977 -0.2089039 -4.033857 -0.2332608 -3.477281 -1.166385 -3.907423 -0.9672999 -3.93625 -0.8910587 -3.395876 0.3050502 -4.931029 0.9368708 -5.885514 0.8795002 -5.403194 0.2361094 -4.978629 0.8451609 -5.938107 0.9368708 -5.885514 0.1157415 -4.561691 0.3050502 -4.931029 0.395725 -4.798696 0.06245702 -4.581517 0.2361094 -4.978629 0.3050502 -4.931029 0.04571962 -5.021916 0.2993577 -5.681073 0.4415644 -5.592631 -0.04993826 -4.611371 0.04571962 -5.021916 0.2361094 -4.978629 -1.717843 -4.587837 -1.759563 -4.454314 -2.472519 -4.753762 -1.503358 -4.267268 -1.759563 -4.454314 -1.717843 -4.587837 -1.214646 -4.471148 -1.30336 -4.412339 -1.606322 -4.730885 -1.484867 -4.85579 -1.606322 -4.730885 -2.029998 -5.108804 -1.30336 -4.412339 -1.214646 -4.471148 -0.9672999 -3.93625 -1.503358 -4.267268 -1.432391 -4.320941 -1.166385 -3.907423 0.06245702 -4.581517 -0.07102364 -4.033893 -0.2089039 -4.033857 0.06245702 -4.581517 0.1157415 -4.561691 -0.07102364 -4.033893 -0.1411365 -4.648028 -0.04993826 -4.611371 -0.2089039 -4.033857 0.2414695 -4.521041 0.07925349 -4.037681 -0.07102364 -4.033893 -0.7832249 -3.96214 -0.606731 -3.99465 -0.5651299 -3.438806 -0.9672999 -3.93625 -0.7832249 -3.96214 -0.7295507 -3.416215 -0.2089039 -4.033857 -0.07102364 -4.033893 -0.2332608 -3.477281 -0.07102364 -4.033893 0.07925349 -4.037681 -0.05753779 -3.499378 -0.2332608 -3.477281 -0.07102364 -4.033893 -0.05753779 -3.499378 -0.05753779 -3.499378 0.02548503 -2.717583 -0.172507 -2.741781 0.0424773 1.302584 0.2435142 3.116163 0.1115362 3.12843 0.1825063 1.301697 0.3745776 3.213665 0.2435142 3.116163 -0.09443026 1.306644 0.1115362 3.12843 -0.009406208 3.173151 -0.2332608 -3.477281 -0.172507 -2.741781 -0.3690846 -2.741397 -0.2328894 1.316824 -0.009406208 3.173151 -0.1124059 3.255064 -0.7295507 -3.416215 -0.567115 -2.713958 -0.7473446 -2.658539 -0.5651299 -3.438806 -0.3690846 -2.741397 -0.567115 -2.713958 -0.5651299 -3.438806 -0.3893575 -3.463502 -0.3690846 -2.741397 -1.052767 -3.378851 -0.8910587 -3.395876 -0.7473446 -2.658539 -0.1343448 -1.843603 0.07607322 -1.870892 0.06943815 -1.375699 -0.6502051 -1.961008 -0.4761676 -2.112149 -0.4326325 -1.790013 -0.2968583 -2.159323 -0.1080114 -2.145937 -0.1343448 -1.843603 -0.4761676 -2.112149 -0.2968583 -2.159323 -0.2753322 -1.788193 -0.172507 -2.741781 -0.1080114 -2.145937 -0.2968583 -2.159323 0.02548503 -2.717583 0.08270829 -2.019015 -0.1080114 -2.145937 -0.3690846 -2.741397 -0.2968583 -2.159323 -0.4761676 -2.112149 -0.567115 -2.713958 -0.4761676 -2.112149 -0.6502051 -1.961008 -0.245493 -1.299791 -0.07057315 -1.38233 0.0424773 1.302584 -0.07057315 -1.38233 0.06943815 -1.375699 0.1825063 1.301697 -0.4355276 -1.340408 -0.245493 -1.299791 -0.09443026 1.306644 -0.631147 -1.31634 -0.4355276 -1.340408 -0.2328894 1.316824 -0.5649923 -4.861686 -0.6195608 -4.859561 -0.6291714 -5.100446 -0.5188764 -5.082132 0.3762453 -5.687354 0.3800432 -5.68313 -0.5076531 -6.61945 -0.5614781 -6.610636 -0.6517084 -7.764005 -1.25878 -7.113896 -0.6517084 -7.764005 -0.5614781 -6.610636 -1.251979 -5.680818 -1.301953 -7.145056 -1.266508 -7.062165 -0.5188764 -5.082132 -0.6291714 -5.100446 -0.5630868 -5.417147 0.3762453 -5.687354 -0.5188764 -5.082132 -0.3572776 -5.403909 0.1529596 3.321911 0.2313742 3.294636 0.3605981 4.029628 0.04996424 3.385871 0.1529596 3.321911 0.2988981 4.038724 0.3605981 4.029628 0.5346885 5.117477 0.2988981 4.038724 0.6131302 5.077223 0.5346885 5.117477 0.3605981 4.029628 0.2988981 4.038724 0.5346885 5.117477 0.4525753 5.146355 0.7166417 5.100288 0.5232358 4.004556 0.5761124 3.993555 0 0 0 0 0 0 0.6684941 5.08956 0.4569658 4.018344 0.5232358 4.004556 0.7166417 5.100288 0.7296543 5.38693 0.6546441 5.382048 0.5346885 5.117477 0.6131302 5.077223 0.6546441 5.382048 0.5346885 5.117477 0.5955333 5.403016 0.5348939 5.422823 0.1115362 3.12843 0.2435142 3.116163 0.2313742 3.294636 0.1529596 3.321911 0.04996424 3.385871 0.1115362 3.12843 -0.04852586 3.46754 -0.1111671 3.941047 -0.162897 3.939077 -0.1052213 3.453181 -0.162897 3.939077 -0.2477536 3.96711 -0.2077567 4.395386 -0.2475112 4.389342 -0.162897 3.939077 -0.1224441 4.414407 -0.2077567 4.395386 -0.1111671 3.941047 -0.2475112 4.389342 -0.3288905 4.386614 -0.2477536 3.96711 -0.009406208 3.173151 -0.04852586 3.46754 -0.1052213 3.453181 -0.1052213 3.453181 -0.1817757 3.359114 -0.1124059 3.255064 0.05115765 4.01358 -2.992e-4 4.427289 -0.1224441 4.414407 0 0 0 0 0 0 -1.032042 -4.539774 -1.214646 -4.471148 -1.400839 -4.90662 0.332803 3.342149 0.4569658 4.018344 0.3605981 4.029628 0.332803 3.342149 0.4570536 3.310718 0.5761124 3.993555 0.2313742 3.294636 0.2435142 3.116163 0.332803 3.342149 -0.04852586 3.46754 0.04996424 3.385871 -0.03516048 3.961339 0.04996424 3.385871 0.1673532 3.410683 0.05115765 4.01358 -0.04852586 3.46754 -0.009406208 3.173151 0.04996424 3.385871 0.3745776 3.213665 0.332803 3.342149 0.2435142 3.116163 -0.009406208 3.173151 0.1115362 3.12843 0.04996424 3.385871 -0.7295507 -3.416215 -0.5651299 -3.438806 -0.567115 -2.713958 -0.567115 -2.713958 -0.3690846 -2.741397 -0.4761676 -2.112149 -0.7473446 -2.658539 -0.567115 -2.713958 -0.6502051 -1.961008 -0.8910587 -3.395876 -0.7295507 -3.416215 -0.7473446 -2.658539 -0.2332608 -3.477281 -0.05753779 -3.499378 -0.172507 -2.741781 -0.4803161 -4.474968 -0.591349 -4.462114 -0.4164869 -4.73823 -0.5649923 -4.861686 0.3800432 -5.68313 0.3831967 -5.676149 -0.7295507 -3.416215 -0.7832249 -3.96214 -0.5651299 -3.438806 -0.5651299 -3.438806 -0.606731 -3.99465 -0.3893575 -3.463502 -0.9805521 -4.554805 -0.8591384 -4.592861 -0.7832249 -3.96214 -0.1411365 -4.648028 -0.3024076 -4.661417 -0.1319993 -5.105617 -0.3024076 -4.661417 -0.1411365 -4.648028 -0.39675 -4.02977 0.06245702 -4.581517 -0.04993826 -4.611371 0.2361094 -4.978629 -0.04993826 -4.611371 0.06245702 -4.581517 -0.2089039 -4.033857 0.1157415 -4.561691 0.2414695 -4.521041 -0.07102364 -4.033893 -1.052767 -3.378851 -1.166385 -3.907423 -0.8910587 -3.395876 -0.631147 -1.31634 -0.6406761 -1.81221 -0.4326325 -1.790013 -0.2753322 -1.788193 -0.1343448 -1.843603 -0.07057315 -1.38233 -0.4355276 -1.340408 -0.4326325 -1.790013 -0.2753322 -1.788193 -0.3601413 1.350024 -0.631147 -1.31634 -0.2328894 1.316824 0.0424773 1.302584 -0.07057315 -1.38233 0.1825063 1.301697 -0.09443026 1.306644 -0.245493 -1.299791 0.0424773 1.302584 -0.2328894 1.316824 -0.4355276 -1.340408 -0.09443026 1.306644 -0.2328894 1.316824 -0.09443026 1.306644 -0.009406208 3.173151 -0.3601413 1.350024 -0.2328894 1.316824 -0.1124059 3.255064 -0.09443026 1.306644 0.0424773 1.302584 0.1115362 3.12843 0.0424773 1.302584 0.1825063 1.301697 0.2435142 3.116163 -0.1343448 -1.843603 -0.1080114 -2.145937 0.08270829 -2.019015 -0.3687642 -6.053921 -0.377676 -5.647004 -0.5536687 -5.747262 -0.1319993 -5.105617 0.07390838 -5.766814 0.2993577 -5.681073 0.8451609 -5.938107 0.2361094 -4.978629 0.4558076 -5.59254 0.2361094 -4.978629 0.04571962 -5.021916 0.4415644 -5.592631 -0.1344277 0.6539763 -0.03178226 0.21151 0.6054738 0.2193164 -0.1344277 0.6539763 -1.027978 0.8616055 -0.6678469 0.6119539 0.9769795 0.5735611 0.379975 1.235984 0.01884192 0.8661589 -0.1344277 0.6539763 -0.6678469 0.6119539 -0.2692652 0.2863024 0.9769795 0.5735611 0.01884192 0.8661589 0.6054738 0.2193164 0.6054738 0.2193164 1.052413 0.4893938 0.9769795 0.5735611 1.742868 0.4211558 1.668792 0.4763527 1.453119 0.2110497 0.6054738 0.2193164 0.01884192 0.8661589 -0.1344277 0.6539763 1.615451 0.09009063 1.742868 0.4211558 1.453119 0.2110497 0.8203714 0.1089435 0.6054738 0.2193164 0.8995229 -0.07859742 1.615451 0.09009063 1.453119 0.2110497 0.8995229 -0.07859742 0.4812054 -0.5449787 0.5637419 -0.554416 0.08933961 -0.02276504 0.8995229 -0.07859742 1.453119 0.2110497 0.8203714 0.1089435 0.5637419 -0.554416 0.6893691 -0.2545638 0.08933961 -0.02276504 -0.03178226 0.21151 0.08933961 -0.02276504 0.6893691 -0.2545638 -0.9184562 0.4404652 -0.2692652 0.2863024 -0.6678469 0.6119539 -0.6678469 0.6119539 -0.9591745 0.5387058 -0.9184562 0.4404652 0.8995229 -0.07859742 0.6054738 0.2193164 0.6893691 -0.2545638 -0.03178226 0.21151 0.6893691 -0.2545638 0.6054738 0.2193164 -0.1344277 0.6539763 -0.2692652 0.2863024 -0.03178226 0.21151 0.9368708 -5.885514 0.9761176 -5.944804 0.900361 -5.429261 -2.472519 -4.753762 -2.503262 -4.766674 -2.597953 -5.009364 -0.6568486 -7.82971 -0.6517084 -7.764005 -1.25878 -7.113896 0.4558076 -5.59254 0.4415644 -5.592631 0.4710567 -5.635151 0.4152142 -5.713701 0.3658783 -5.693916 0.1286044 -7.183787 0.4152142 -5.713701 0.3762453 -5.687354 0.3658783 -5.693916 -1.235706 -5.652831 -1.375032 -5.515772 -1.399293 -5.55667 0.2993577 -5.681073 0.311956 -5.713645 0.4710567 -5.635151 0.88332 -5.998221 0.8451609 -5.938107 0.4558076 -5.59254 -0.1779379 -6.081657 -0.3687642 -6.053921 -0.3824521 -6.126668 -0.6517084 -7.764005 -0.6568486 -7.82971 -0.5821153 -7.83929 0.3831967 -5.676149 0.3800432 -5.68313 0.4152142 -5.713701 -1.089254 -5.988213 -1.182056 -5.995953 -1.184158 -6.072142 0.2993577 -5.681073 0.07390838 -5.766814 0.0934239 -5.813396 -1.884191 -5.452491 -2.029998 -5.108804 -2.04823 -5.125068 -0.1779379 -6.081657 -0.1931241 -6.191998 0.0934239 -5.813396 0.3800432 -5.68313 0.3762453 -5.687354 0.4152142 -5.713701 -0.5630868 -5.417147 -1.25878 -7.113896 -0.5614781 -6.610636 -0.7178232 -5.530853 -1.089254 -5.988213 -1.09001 -6.072145 -0.3687642 -6.053921 -0.5536687 -5.747262 -0.5762618 -5.789228 -2.029998 -5.108804 -2.543844 -4.983448 -2.597953 -5.009364 -0.5536687 -5.747262 -0.6267836 -5.437752 -0.6283008 -5.472017 -1.219272 -5.668299 -1.251979 -5.680818 -1.266508 -7.062165 0.8451609 -5.938107 0.88332 -5.998221 0.9761176 -5.944804 -0.5630868 -5.417147 -1.219272 -5.668299 -1.266508 -7.062165 -1.930046 -5.885396 -1.884191 -5.452491 -1.926603 -5.515865 -1.153781 -4.97104 -1.400839 -4.90662 -1.917807 -5.883844 -1.182056 -5.995953 -1.153781 -4.97104 -1.917807 -5.883844 -1.182056 -5.995953 -1.917807 -5.883844 -1.950006 -5.922312 -1.235706 -5.652831 -1.230761 -5.661046 -0.6291714 -5.100446 -0.6291714 -5.100446 -1.219272 -5.668299 -0.5630868 -5.417147 -1.230761 -5.661046 -1.235706 -5.652831 -1.251979 -5.680818 0.1286044 -7.183787 -0.3572776 -5.403909 -0.5076531 -6.61945 -0.578028 -7.77233 0.1152745 -7.257493 -0.5076531 -6.61945 0.1617085 -7.305054 0.1152745 -7.257493 -0.578028 -7.77233 0.9558909 0.1295598 0.9408071 0.129079 0.9558909 0.1295598 0.8559873 0.04724115 0.8361712 0.04007923 0.8559873 0.03471946 0.9558909 0.1295598 0.9558907 0.3485798 0.9336368 0.3478704 1 0.346808 0.9851534 0.3467944 0.978096 0.129079 0.9755626 0.3477641 0.9605119 0.3477641 0.9558909 0.129079 0.8488093 0.07166802 0.8361712 0.06624728 0.8488093 0.06446284 0.8571313 0.03471946 0.8361712 0.02955663 0.8571313 0.01755887 0.8999142 0.2205679 0.8727165 0.3120569 0.8940227 0.129079 0.8727164 0.3354385 0.8592936 0.3375678 0.8432265 0.1337571 0.8073796 0.3343355 0.7914011 0.3353247 0.7722747 0.1312525 0.8495373 0.06446284 0.8361712 0.0595985 0.8495373 0.05587786 0.8638018 0.01755887 0.8361712 0.009537816 0.8638018 0 0.9336368 0.1307594 0.9336369 0.3261214 0.9058056 0.3224294 0.8841415 0.3120569 0.8936864 0.3131579 0.8936864 0.5137492 0.8267599 0.129079 0.8430764 0.1290791 0.8432265 0.3301872 -1.166385 -3.907423 -1.432391 -4.320941 -0.9672999 -3.93625 -0.9672999 -3.93625 -1.214646 -4.471148 -0.7832249 -3.96214 -1.606322 -4.730885 -1.717843 -4.587837 -2.029998 -5.108804 -0.1779379 -6.081657 -0.1319993 -5.105617 -0.2613891 -5.669937 -1.930046 -5.885396 -1.400839 -4.90662 -1.884191 -5.452491 -0.5536687 -5.747262 -0.3911998 -5.029495 -0.6267836 -5.437752 -0.606731 -3.99465 -0.4803161 -4.474968 -0.39675 -4.02977 -1.080109 -4.973361 -1.153781 -4.97104 -1.089254 -5.988213 -0.5076531 -6.61945 -0.3572776 -5.403909 -0.5614781 -6.610636 -1.30336 -4.412339 -1.432391 -4.320941 -1.606322 -4.730885 -0.04993826 -4.611371 -0.1411365 -4.648028 0.04571962 -5.021916 -0.6195608 -4.859561 -0.6223551 -4.461554 -0.7633889 -4.840491 -0.3911998 -5.029495 -0.3024076 -4.661417 -0.5248249 -4.762907 -0.9805521 -4.554805 -1.032042 -4.539774 -1.080109 -4.973361 -0.591349 -4.462114 -0.6223551 -4.461554 -0.5649923 -4.861686 -0.7633889 -4.840491 -0.9962154 -4.877191 -1.235706 -5.652831 -0.7001169 -4.412036 -0.8591384 -4.592861 -0.7633889 -4.840491 -0.8561165 -4.888883 -0.8591384 -4.592861 -1.080109 -4.973361 -0.8561165 -4.888883 -1.080109 -4.973361 -0.7178232 -5.530853 -0.3893575 -3.463502 -0.39675 -4.02977 -0.2332608 -3.477281 0.395725 -4.798696 0.3050502 -4.931029 0.8795002 -5.403194 0.3050502 -4.931029 0.2361094 -4.978629 0.9368708 -5.885514 0.2414695 -4.521041 0.1157415 -4.561691 0.395725 -4.798696 0.1157415 -4.561691 0.06245702 -4.581517 0.3050502 -4.931029 -2.543844 -4.983448 -1.717843 -4.587837 -2.472519 -4.753762 -1.432391 -4.320941 -1.503358 -4.267268 -1.717843 -4.587837 -1.484867 -4.85579 -1.214646 -4.471148 -1.606322 -4.730885 -1.884191 -5.452491 -1.484867 -4.85579 -2.029998 -5.108804 -0.8910587 -3.395876 -0.9672999 -3.93625 -0.7295507 -3.416215 -0.3893575 -3.463502 -0.2332608 -3.477281 -0.3690846 -2.741397 -0.07057315 -1.38233 -0.1343448 -1.843603 0.06943815 -1.375699 -0.6406761 -1.81221 -0.6502051 -1.961008 -0.4326325 -1.790013 -0.2753322 -1.788193 -0.2968583 -2.159323 -0.1343448 -1.843603 -0.4326325 -1.790013 -0.4761676 -2.112149 -0.2753322 -1.788193 -0.3690846 -2.741397 -0.172507 -2.741781 -0.2968583 -2.159323 -0.172507 -2.741781 0.02548503 -2.717583 -0.1080114 -2.145937 -0.5188764 -5.082132 -0.5649923 -4.861686 -0.6291714 -5.100446 -0.5649923 -4.861686 -0.5188764 -5.082132 0.3800432 -5.68313 -0.578028 -7.77233 -0.5076531 -6.61945 -0.6517084 -7.764005 -0.3572776 -5.403909 -0.5188764 -5.082132 -0.5630868 -5.417147 0.3658783 -5.693916 0.3762453 -5.687354 -0.3572776 -5.403909 0.2988981 4.038724 0.1529596 3.321911 0.3605981 4.029628 0.2055231 4.056419 0.04996424 3.385871 0.2988981 4.038724 0.4569658 4.018344 0.6131302 5.077223 0.3605981 4.029628 0.2055231 4.056419 0.2988981 4.038724 0.4525753 5.146355 0.5955333 5.403016 0.6546441 5.382048 0.7296543 5.38693 0 0 0 0 0 0 0.6684941 5.08956 0.7166417 5.100288 0.6546441 5.382048 0.6131302 5.077223 0.6684941 5.08956 0.6546441 5.382048 0.5955333 5.403016 0.5346885 5.117477 0.6546441 5.382048 0.4525753 5.146355 0.5346885 5.117477 0.5348939 5.422823 0.1529596 3.321911 0.1115362 3.12843 0.2313742 3.294636 -0.1052213 3.453181 -0.04852586 3.46754 -0.162897 3.939077 -0.1817757 3.359114 -0.1052213 3.453181 -0.2477536 3.96711 -0.1111671 3.941047 -0.2077567 4.395386 -0.162897 3.939077 -0.03516048 3.961339 -0.1224441 4.414407 -0.1111671 3.941047 -0.162897 3.939077 -0.2475112 4.389342 -0.2477536 3.96711 -0.1124059 3.255064 -0.009406208 3.173151 -0.1052213 3.453181 -0.03516048 3.961339 0.05115765 4.01358 -0.1224441 4.414407 0.4569658 4.018344 0.332803 3.342149 0.5232358 4.004556 -1.153781 -4.97104 -1.032042 -4.539774 -1.400839 -4.90662 0.2313742 3.294636 0.332803 3.342149 0.3605981 4.029628 0.332803 3.342149 0.5761124 3.993555 0.5232358 4.004556 -0.1111671 3.941047 -0.04852586 3.46754 -0.03516048 3.961339 -0.03516048 3.961339 0.04996424 3.385871 0.05115765 4.01358 -0.4164869 -4.73823 -0.5649923 -4.861686 0.3831967 -5.676149 -0.4355276 -1.340408 -0.631147 -1.31634 -0.4326325 -1.790013 -0.245493 -1.299791 -0.2753322 -1.788193 -0.07057315 -1.38233 -0.245493 -1.299791 -0.4355276 -1.340408 -0.2753322 -1.788193 0.07607322 -1.870892 -0.1343448 -1.843603 0.08270829 -2.019015 0.04571962 -5.021916 -0.1319993 -5.105617 0.2993577 -5.681073 0.4558076 -5.59254 0.2361094 -4.978629 0.4415644 -5.592631 0.8795002 -5.403194 0.9368708 -5.885514 0.900361 -5.429261 -2.543844 -4.983448 -2.472519 -4.753762 -2.597953 -5.009364 -1.301953 -7.145056 -0.6568486 -7.82971 -1.25878 -7.113896 0.1617085 -7.305054 0.4152142 -5.713701 0.1286044 -7.183787 -1.251979 -5.680818 -1.235706 -5.652831 -1.399293 -5.55667 0.4415644 -5.592631 0.2993577 -5.681073 0.4710567 -5.635151 0.4710567 -5.635151 0.88332 -5.998221 0.4558076 -5.59254 -0.1931241 -6.191998 -0.1779379 -6.081657 -0.3824521 -6.126668 -0.578028 -7.77233 -0.6517084 -7.764005 -0.5821153 -7.83929 -1.09001 -6.072145 -1.089254 -5.988213 -1.184158 -6.072142 0.311956 -5.713645 0.2993577 -5.681073 0.0934239 -5.813396 -1.926603 -5.515865 -1.884191 -5.452491 -2.04823 -5.125068 0.07390838 -5.766814 -0.1779379 -6.081657 0.0934239 -5.813396 -0.7089661 -5.571969 -0.7178232 -5.530853 -1.09001 -6.072145 -0.3824521 -6.126668 -0.3687642 -6.053921 -0.5762618 -5.789228 -2.04823 -5.125068 -2.029998 -5.108804 -2.597953 -5.009364 -0.5762618 -5.789228 -0.5536687 -5.747262 -0.6283008 -5.472017 0.9368708 -5.885514 0.8451609 -5.938107 0.9761176 -5.944804 -1.950006 -5.922312 -1.930046 -5.885396 -1.926603 -5.515865 -1.184158 -6.072142 -1.182056 -5.995953 -1.950006 -5.922312 -0.6291714 -5.100446 -0.6195608 -4.859561 -0.7633889 -4.840491 -0.7633889 -4.840491 -1.235706 -5.652831 -0.6291714 -5.100446 -0.5821153 -7.83929 0.1617085 -7.305054 -0.578028 -7.77233 0.9408071 0.129079 0.9558909 0.1295598 0.9336368 0.3478704 1 0.1290989 1 0.346808 0.978096 0.129079 0.978096 0.129079 0.9755626 0.3477641 0.9558909 0.129079 0.8789617 0.1290791 0.8940227 0.129079 0.8727165 0.3120569 0.8727164 0.2322587 0.8432265 0.1337571 0.8727165 0.129079 0.8073796 0.129079 0.8073796 0.3343355 0.7722747 0.1312525 0.920969 0.129079 0.9336368 0.1307594 0.9058056 0.3224294 0.8727165 0.5113303 0.8841415 0.3120569 0.8936864 0.5137492 0.8073796 0.3301872 0.8267599 0.129079 0.8432265 0.3301872 0 0 0 0 0 0 0 0 0 0 0 0 0 0 0 0 0 0 0 0 0 0 0 0 0 0 0 0 0 0 0 0 0 0 0 0 0.9558909 0.1295598 0.9408071 0.129079 0.9558909 0.1295598 0.9851534 0.3467944 1 0.346808 0.9851534 0.3467944 0.9755626 0.3477641 0.9605119 0.3477641 0.9605119 0.3477641 0.8494573 0.05587786 0.8361712 0.05103278 0.8494573 0.04724115 1 0.346808 0.9851534 0.3467944 0.9851534 0.3467944 0.9605119 0.3477641 0.9755626 0.3477641 0.9605119 0.3477641 0.8494573 0.05587786 0.8494573 0.04724115 0.8361712 0.05103278 0.8494573 0.04724115 0.8361712 0.05103278 0.8361712 0.05103278 0.8361712 0.05103278 0.8494573 0.04724115 0.8361712 0.05103278 0.8494573 0.05587786 0.8361712 0.05103278 0.8494573 0.05587786 0.8494573 0.05587786 0.8494573 0.04724115 0.8494573 0.04724115 0.8494573 0.05587786 0.8361712 0.05103278 0.8494573 0.04724115 0.8361712 0.05103278 0.8494573 0.05587786 0.8494573 0.05587786 0.8494573 0.04724115 0.8494573 0.05587786 0.8494573 0.04724115 -0.3911998 -5.029495 -0.377676 -5.647004 -0.2613891 -5.669937 -0.1319993 -5.105617 -0.3911998 -5.029495 -0.2613891 -5.669937 -0.377676 -5.647004 -0.3911998 -5.029495 -0.5536687 -5.747262 -1.432391 -4.320941 -1.30336 -4.412339 -0.9672999 -3.93625 -0.606731 -3.99465 -0.39675 -4.02977 -0.3893575 -3.463502 -0.1411365 -4.648028 -0.2089039 -4.033857 -0.39675 -4.02977 -0.591349 -4.462114 -0.4803161 -4.474968 -0.606731 -3.99465 -0.7001169 -4.412036 -0.6223551 -4.461554 -0.606731 -3.99465 -1.214646 -4.471148 -1.032042 -4.539774 -0.7832249 -3.96214 -1.717843 -4.587837 -2.543844 -4.983448 -2.029998 -5.108804 -0.1319993 -5.105617 -0.1779379 -6.081657 0.07390838 -5.766814 -0.377676 -5.647004 -0.1779379 -6.081657 -0.2613891 -5.669937 0.3658783 -5.693916 -0.3572776 -5.403909 0.1286044 -7.183787 -1.400839 -4.90662 -1.484867 -4.85579 -1.884191 -5.452491 -0.3911998 -5.029495 -0.5248249 -4.762907 -0.6267836 -5.437752 -0.4803161 -4.474968 -0.3024076 -4.661417 -0.39675 -4.02977 -1.153781 -4.97104 -1.182056 -5.995953 -1.089254 -5.988213 -1.032042 -4.539774 -0.9805521 -4.554805 -0.7832249 -3.96214 -0.3572776 -5.403909 -0.5630868 -5.417147 -0.5614781 -6.610636 -0.6223551 -4.461554 -0.591349 -4.462114 -0.606731 -3.99465 -1.432391 -4.320941 -1.717843 -4.587837 -1.606322 -4.730885 -0.1411365 -4.648028 -0.1319993 -5.105617 0.04571962 -5.021916 -0.3024076 -4.661417 -0.3911998 -5.029495 -0.1319993 -5.105617 -0.591349 -4.462114 -0.5649923 -4.861686 -0.4164869 -4.73823 -0.6223551 -4.461554 -0.7001169 -4.412036 -0.7633889 -4.840491 -1.214646 -4.471148 -1.484867 -4.85579 -1.400839 -4.90662 -0.3024076 -4.661417 -0.4803161 -4.474968 -0.5248249 -4.762907 -1.032042 -4.539774 -1.153781 -4.97104 -1.080109 -4.973361 -0.6223551 -4.461554 -0.6195608 -4.859561 -0.5649923 -4.861686 -0.9962154 -4.877191 -1.375032 -5.515772 -1.235706 -5.652831 -0.8591384 -4.592861 -0.7001169 -4.412036 -0.606731 -3.99465 -0.8591384 -4.592861 -0.9962154 -4.877191 -0.7633889 -4.840491 -0.8591384 -4.592861 -0.9805521 -4.554805 -1.080109 -4.973361 -1.080109 -4.973361 -1.089254 -5.988213 -0.7178232 -5.530853 -0.8591384 -4.592861 -0.606731 -3.99465 -0.7832249 -3.96214 -0.39675 -4.02977 -0.2089039 -4.033857 -0.2332608 -3.477281 -1.166385 -3.907423 -0.9672999 -3.93625 -0.8910587 -3.395876 0.3050502 -4.931029 0.9368708 -5.885514 0.8795002 -5.403194 0.2361094 -4.978629 0.8451609 -5.938107 0.9368708 -5.885514 0.1157415 -4.561691 0.3050502 -4.931029 0.395725 -4.798696 0.06245702 -4.581517 0.2361094 -4.978629 0.3050502 -4.931029 0.04571962 -5.021916 0.2993577 -5.681073 0.4415644 -5.592631 -0.04993826 -4.611371 0.04571962 -5.021916 0.2361094 -4.978629 -1.717843 -4.587837 -1.759563 -4.454314 -2.472519 -4.753762 -1.503358 -4.267268 -1.759563 -4.454314 -1.717843 -4.587837 -1.214646 -4.471148 -1.30336 -4.412339 -1.606322 -4.730885 -1.484867 -4.85579 -1.606322 -4.730885 -2.029998 -5.108804 -1.30336 -4.412339 -1.214646 -4.471148 -0.9672999 -3.93625 -1.503358 -4.267268 -1.432391 -4.320941 -1.166385 -3.907423 0.06245702 -4.581517 -0.07102364 -4.033893 -0.2089039 -4.033857 0.06245702 -4.581517 0.1157415 -4.561691 -0.07102364 -4.033893 -0.1411365 -4.648028 -0.04993826 -4.611371 -0.2089039 -4.033857 0.2414695 -4.521041 0.07925349 -4.037681 -0.07102364 -4.033893 -0.7832249 -3.96214 -0.606731 -3.99465 -0.5651299 -3.438806 -0.9672999 -3.93625 -0.7832249 -3.96214 -0.7295507 -3.416215 -0.2089039 -4.033857 -0.07102364 -4.033893 -0.2332608 -3.477281 -0.07102364 -4.033893 0.07925349 -4.037681 -0.05753779 -3.499378 -0.2332608 -3.477281 -0.07102364 -4.033893 -0.05753779 -3.499378 -0.05753779 -3.499378 0.02548503 -2.717583 -0.172507 -2.741781 0.0424773 1.302584 0.2435142 3.116163 0.1115362 3.12843 0.1825063 1.301697 0.3745776 3.213665 0.2435142 3.116163 -0.09443026 1.306644 0.1115362 3.12843 -0.009406208 3.173151 -0.2332608 -3.477281 -0.172507 -2.741781 -0.3690846 -2.741397 -0.2328894 1.316824 -0.009406208 3.173151 -0.1124059 3.255064 -0.7295507 -3.416215 -0.567115 -2.713958 -0.7473446 -2.658539 -0.5651299 -3.438806 -0.3690846 -2.741397 -0.567115 -2.713958 -0.5651299 -3.438806 -0.3893575 -3.463502 -0.3690846 -2.741397 -1.052767 -3.378851 -0.8910587 -3.395876 -0.7473446 -2.658539 -0.1343448 -1.843603 0.07607322 -1.870892 0.06943815 -1.375699 -0.6502051 -1.961008 -0.4761676 -2.112149 -0.4326325 -1.790013 -0.2968583 -2.159323 -0.1080114 -2.145937 -0.1343448 -1.843603 -0.4761676 -2.112149 -0.2968583 -2.159323 -0.2753322 -1.788193 -0.172507 -2.741781 -0.1080114 -2.145937 -0.2968583 -2.159323 0.02548503 -2.717583 0.08270829 -2.019015 -0.1080114 -2.145937 -0.3690846 -2.741397 -0.2968583 -2.159323 -0.4761676 -2.112149 -0.567115 -2.713958 -0.4761676 -2.112149 -0.6502051 -1.961008 -0.245493 -1.299791 -0.07057315 -1.38233 0.0424773 1.302584 -0.07057315 -1.38233 0.06943815 -1.375699 0.1825063 1.301697 -0.4355276 -1.340408 -0.245493 -1.299791 -0.09443026 1.306644 -0.631147 -1.31634 -0.4355276 -1.340408 -0.2328894 1.316824 -0.5649923 -4.861686 -0.6195608 -4.859561 -0.6291714 -5.100446 -0.5188764 -5.082132 0.3762453 -5.687354 0.3800432 -5.68313 -0.5076531 -6.61945 -0.5614781 -6.610636 -0.6517084 -7.764005 -1.25878 -7.113896 -0.6517084 -7.764005 -0.5614781 -6.610636 -1.251979 -5.680818 -1.301953 -7.145056 -1.266508 -7.062165 -0.5188764 -5.082132 -0.6291714 -5.100446 -0.5630868 -5.417147 0.3762453 -5.687354 -0.5188764 -5.082132 -0.3572776 -5.403909 0.1529596 3.321911 0.2313742 3.294636 0.3605981 4.029628 0.04996424 3.385871 0.1529596 3.321911 0.2988981 4.038724 0.1115362 3.12843 0.2435142 3.116163 0.2313742 3.294636 0.1529596 3.321911 0.04996424 3.385871 0.1115362 3.12843 -0.009406208 3.173151 -0.04852586 3.46754 -0.1052213 3.453181 -0.1052213 3.453181 -0.1817757 3.359114 -0.1124059 3.255064 -1.032042 -4.539774 -1.214646 -4.471148 -1.400839 -4.90662 0.332803 3.342149 0.4569658 4.018344 0.3605981 4.029628 0.332803 3.342149 0.4570536 3.310718 0.5761124 3.993555 0.2313742 3.294636 0.2435142 3.116163 0.332803 3.342149 0.04996424 3.385871 0.1673532 3.410683 0.05115765 4.01358 -0.04852586 3.46754 -0.009406208 3.173151 0.04996424 3.385871 0.3745776 3.213665 0.332803 3.342149 0.2435142 3.116163 -0.009406208 3.173151 0.1115362 3.12843 0.04996424 3.385871 -0.7295507 -3.416215 -0.5651299 -3.438806 -0.567115 -2.713958 -0.567115 -2.713958 -0.3690846 -2.741397 -0.4761676 -2.112149 -0.7473446 -2.658539 -0.567115 -2.713958 -0.6502051 -1.961008 -0.8910587 -3.395876 -0.7295507 -3.416215 -0.7473446 -2.658539 -0.2332608 -3.477281 -0.05753779 -3.499378 -0.172507 -2.741781 -0.4803161 -4.474968 -0.591349 -4.462114 -0.4164869 -4.73823 -0.5649923 -4.861686 0.3800432 -5.68313 0.3831967 -5.676149 -0.7295507 -3.416215 -0.7832249 -3.96214 -0.5651299 -3.438806 -0.5651299 -3.438806 -0.606731 -3.99465 -0.3893575 -3.463502 -0.9805521 -4.554805 -0.8591384 -4.592861 -0.7832249 -3.96214 -0.1411365 -4.648028 -0.3024076 -4.661417 -0.1319993 -5.105617 -0.3024076 -4.661417 -0.1411365 -4.648028 -0.39675 -4.02977 0.06245702 -4.581517 -0.04993826 -4.611371 0.2361094 -4.978629 -0.04993826 -4.611371 0.06245702 -4.581517 -0.2089039 -4.033857 0.1157415 -4.561691 0.2414695 -4.521041 -0.07102364 -4.033893 -1.052767 -3.378851 -1.166385 -3.907423 -0.8910587 -3.395876 -0.631147 -1.31634 -0.6406761 -1.81221 -0.4326325 -1.790013 -0.2753322 -1.788193 -0.1343448 -1.843603 -0.07057315 -1.38233 -0.4355276 -1.340408 -0.4326325 -1.790013 -0.2753322 -1.788193 -0.3601413 1.350024 -0.631147 -1.31634 -0.2328894 1.316824 0.0424773 1.302584 -0.07057315 -1.38233 0.1825063 1.301697 -0.09443026 1.306644 -0.245493 -1.299791 0.0424773 1.302584 -0.2328894 1.316824 -0.4355276 -1.340408 -0.09443026 1.306644 -0.2328894 1.316824 -0.09443026 1.306644 -0.009406208 3.173151 -0.3601413 1.350024 -0.2328894 1.316824 -0.1124059 3.255064 -0.09443026 1.306644 0.0424773 1.302584 0.1115362 3.12843 0.0424773 1.302584 0.1825063 1.301697 0.2435142 3.116163 -0.1343448 -1.843603 -0.1080114 -2.145937 0.08270829 -2.019015 -0.3687642 -6.053921 -0.377676 -5.647004 -0.5536687 -5.747262 -0.1319993 -5.105617 0.07390838 -5.766814 0.2993577 -5.681073 0.8451609 -5.938107 0.2361094 -4.978629 0.4558076 -5.59254 0.2361094 -4.978629 0.04571962 -5.021916 0.4415644 -5.592631 -0.1344277 0.6539763 -0.03178226 0.21151 0.6054738 0.2193164 -0.1344277 0.6539763 -1.027978 0.8616055 -0.6678469 0.6119539 0.9769795 0.5735611 0.379975 1.235984 0.01884192 0.8661589 -0.1344277 0.6539763 -0.6678469 0.6119539 -0.2692652 0.2863024 0.9769795 0.5735611 0.01884192 0.8661589 0.6054738 0.2193164 0.6054738 0.2193164 1.052413 0.4893938 0.9769795 0.5735611 1.742868 0.4211558 1.668792 0.4763527 1.453119 0.2110497 0.6054738 0.2193164 0.01884192 0.8661589 -0.1344277 0.6539763 1.615451 0.09009063 1.742868 0.4211558 1.453119 0.2110497 0.8203714 0.1089435 0.6054738 0.2193164 0.8995229 -0.07859742 1.615451 0.09009063 1.453119 0.2110497 0.8995229 -0.07859742 0.4812054 -0.5449787 0.5637419 -0.554416 0.08933961 -0.02276504 0.8995229 -0.07859742 1.453119 0.2110497 0.8203714 0.1089435 0.5637419 -0.554416 0.6893691 -0.2545638 0.08933961 -0.02276504 -0.03178226 0.21151 0.08933961 -0.02276504 0.6893691 -0.2545638 -0.9184562 0.4404652 -0.2692652 0.2863024 -0.6678469 0.6119539 -0.6678469 0.6119539 -0.9591745 0.5387058 -0.9184562 0.4404652 0.8995229 -0.07859742 0.6054738 0.2193164 0.6893691 -0.2545638 -0.03178226 0.21151 0.6893691 -0.2545638 0.6054738 0.2193164 -0.1344277 0.6539763 -0.2692652 0.2863024 -0.03178226 0.21151 0.9368708 -5.885514 0.9761176 -5.944804 0.900361 -5.429261 -2.472519 -4.753762 -2.503262 -4.766674 -2.597953 -5.009364 -0.6568486 -7.82971 -0.6517084 -7.764005 -1.25878 -7.113896 0.4558076 -5.59254 0.4415644 -5.592631 0.4710567 -5.635151 0.4152142 -5.713701 0.3658783 -5.693916 0.1286044 -7.183787 0.4152142 -5.713701 0.3762453 -5.687354 0.3658783 -5.693916 -1.235706 -5.652831 -1.375032 -5.515772 -1.399293 -5.55667 0.2993577 -5.681073 0.311956 -5.713645 0.4710567 -5.635151 0.88332 -5.998221 0.8451609 -5.938107 0.4558076 -5.59254 -0.1779379 -6.081657 -0.3687642 -6.053921 -0.3824521 -6.126668 -0.6517084 -7.764005 -0.6568486 -7.82971 -0.5821153 -7.83929 0.3831967 -5.676149 0.3800432 -5.68313 0.4152142 -5.713701 -1.089254 -5.988213 -1.182056 -5.995953 -1.184158 -6.072142 0.2993577 -5.681073 0.07390838 -5.766814 0.0934239 -5.813396 -1.884191 -5.452491 -2.029998 -5.108804 -2.04823 -5.125068 -0.1779379 -6.081657 -0.1931241 -6.191998 0.0934239 -5.813396 0.3800432 -5.68313 0.3762453 -5.687354 0.4152142 -5.713701 -0.5630868 -5.417147 -1.25878 -7.113896 -0.5614781 -6.610636 -0.7178232 -5.530853 -1.089254 -5.988213 -1.09001 -6.072145 -0.3687642 -6.053921 -0.5536687 -5.747262 -0.5762618 -5.789228 -2.029998 -5.108804 -2.543844 -4.983448 -2.597953 -5.009364 -0.5536687 -5.747262 -0.6267836 -5.437752 -0.6283008 -5.472017 -1.219272 -5.668299 -1.251979 -5.680818 -1.266508 -7.062165 0.8451609 -5.938107 0.88332 -5.998221 0.9761176 -5.944804 -0.5630868 -5.417147 -1.219272 -5.668299 -1.266508 -7.062165 -1.930046 -5.885396 -1.884191 -5.452491 -1.926603 -5.515865 -1.153781 -4.97104 -1.400839 -4.90662 -1.917807 -5.883844 -1.182056 -5.995953 -1.153781 -4.97104 -1.917807 -5.883844 -1.182056 -5.995953 -1.917807 -5.883844 -1.950006 -5.922312 -1.235706 -5.652831 -1.230761 -5.661046 -0.6291714 -5.100446 -0.6291714 -5.100446 -1.219272 -5.668299 -0.5630868 -5.417147 -1.230761 -5.661046 -1.235706 -5.652831 -1.251979 -5.680818 0.1286044 -7.183787 -0.3572776 -5.403909 -0.5076531 -6.61945 -0.578028 -7.77233 0.1152745 -7.257493 -0.5076531 -6.61945 0.1617085 -7.305054 0.1152745 -7.257493 -0.578028 -7.77233 0.8559873 0.04724115 0.8361712 0.04007923 0.8559873 0.03471946 0.8571313 0.03471946 0.8361712 0.02955663 0.8571313 0.01755887 0.8638018 0.01755887 0.8361712 0.009537816 0.8638018 0 -1.166385 -3.907423 -1.432391 -4.320941 -0.9672999 -3.93625 -0.9672999 -3.93625 -1.214646 -4.471148 -0.7832249 -3.96214 -1.606322 -4.730885 -1.717843 -4.587837 -2.029998 -5.108804 -0.1779379 -6.081657 -0.1319993 -5.105617 -0.2613891 -5.669937 -1.930046 -5.885396 -1.400839 -4.90662 -1.884191 -5.452491 -0.5536687 -5.747262 -0.3911998 -5.029495 -0.6267836 -5.437752 -0.606731 -3.99465 -0.4803161 -4.474968 -0.39675 -4.02977 -1.080109 -4.973361 -1.153781 -4.97104 -1.089254 -5.988213 -0.5076531 -6.61945 -0.3572776 -5.403909 -0.5614781 -6.610636 -1.30336 -4.412339 -1.432391 -4.320941 -1.606322 -4.730885 -0.04993826 -4.611371 -0.1411365 -4.648028 0.04571962 -5.021916 -0.6195608 -4.859561 -0.6223551 -4.461554 -0.7633889 -4.840491 -0.3911998 -5.029495 -0.3024076 -4.661417 -0.5248249 -4.762907 -0.9805521 -4.554805 -1.032042 -4.539774 -1.080109 -4.973361 -0.591349 -4.462114 -0.6223551 -4.461554 -0.5649923 -4.861686 -0.7633889 -4.840491 -0.9962154 -4.877191 -1.235706 -5.652831 -0.7001169 -4.412036 -0.8591384 -4.592861 -0.7633889 -4.840491 -0.8561165 -4.888883 -0.8591384 -4.592861 -1.080109 -4.973361 -0.8561165 -4.888883 -1.080109 -4.973361 -0.7178232 -5.530853 -0.3893575 -3.463502 -0.39675 -4.02977 -0.2332608 -3.477281 0.395725 -4.798696 0.3050502 -4.931029 0.8795002 -5.403194 0.3050502 -4.931029 0.2361094 -4.978629 0.9368708 -5.885514 0.2414695 -4.521041 0.1157415 -4.561691 0.395725 -4.798696 0.1157415 -4.561691 0.06245702 -4.581517 0.3050502 -4.931029 -2.543844 -4.983448 -1.717843 -4.587837 -2.472519 -4.753762 -1.432391 -4.320941 -1.503358 -4.267268 -1.717843 -4.587837 -1.484867 -4.85579 -1.214646 -4.471148 -1.606322 -4.730885 -1.884191 -5.452491 -1.484867 -4.85579 -2.029998 -5.108804 -0.8910587 -3.395876 -0.9672999 -3.93625 -0.7295507 -3.416215 -0.3893575 -3.463502 -0.2332608 -3.477281 -0.3690846 -2.741397 -0.07057315 -1.38233 -0.1343448 -1.843603 0.06943815 -1.375699 -0.6406761 -1.81221 -0.6502051 -1.961008 -0.4326325 -1.790013 -0.2753322 -1.788193 -0.2968583 -2.159323 -0.1343448 -1.843603 -0.4326325 -1.790013 -0.4761676 -2.112149 -0.2753322 -1.788193 -0.3690846 -2.741397 -0.172507 -2.741781 -0.2968583 -2.159323 -0.172507 -2.741781 0.02548503 -2.717583 -0.1080114 -2.145937 -0.5188764 -5.082132 -0.5649923 -4.861686 -0.6291714 -5.100446 -0.5649923 -4.861686 -0.5188764 -5.082132 0.3800432 -5.68313 -0.578028 -7.77233 -0.5076531 -6.61945 -0.6517084 -7.764005 -0.3572776 -5.403909 -0.5188764 -5.082132 -0.5630868 -5.417147 0.3658783 -5.693916 0.3762453 -5.687354 -0.3572776 -5.403909 0.2988981 4.038724 0.1529596 3.321911 0.3605981 4.029628 0.2055231 4.056419 0.04996424 3.385871 0.2988981 4.038724 0.1529596 3.321911 0.1115362 3.12843 0.2313742 3.294636 -0.1817757 3.359114 -0.1052213 3.453181 -0.2477536 3.96711 -0.1124059 3.255064 -0.009406208 3.173151 -0.1052213 3.453181 0.4569658 4.018344 0.332803 3.342149 0.5232358 4.004556 -1.153781 -4.97104 -1.032042 -4.539774 -1.400839 -4.90662 0.2313742 3.294636 0.332803 3.342149 0.3605981 4.029628 0.332803 3.342149 0.5761124 3.993555 0.5232358 4.004556 -0.4164869 -4.73823 -0.5649923 -4.861686 0.3831967 -5.676149 -0.4355276 -1.340408 -0.631147 -1.31634 -0.4326325 -1.790013 -0.245493 -1.299791 -0.2753322 -1.788193 -0.07057315 -1.38233 -0.245493 -1.299791 -0.4355276 -1.340408 -0.2753322 -1.788193 0.07607322 -1.870892 -0.1343448 -1.843603 0.08270829 -2.019015 0.04571962 -5.021916 -0.1319993 -5.105617 0.2993577 -5.681073 0.4558076 -5.59254 0.2361094 -4.978629 0.4415644 -5.592631 0.8795002 -5.403194 0.9368708 -5.885514 0.900361 -5.429261 -2.543844 -4.983448 -2.472519 -4.753762 -2.597953 -5.009364 -1.301953 -7.145056 -0.6568486 -7.82971 -1.25878 -7.113896 0.1617085 -7.305054 0.4152142 -5.713701 0.1286044 -7.183787 -1.251979 -5.680818 -1.235706 -5.652831 -1.399293 -5.55667 0.4415644 -5.592631 0.2993577 -5.681073 0.4710567 -5.635151 0.4710567 -5.635151 0.88332 -5.998221 0.4558076 -5.59254 -0.1931241 -6.191998 -0.1779379 -6.081657 -0.3824521 -6.126668 -0.578028 -7.77233 -0.6517084 -7.764005 -0.5821153 -7.83929 -1.09001 -6.072145 -1.089254 -5.988213 -1.184158 -6.072142 0.311956 -5.713645 0.2993577 -5.681073 0.0934239 -5.813396 -1.926603 -5.515865 -1.884191 -5.452491 -2.04823 -5.125068 0.07390838 -5.766814 -0.1779379 -6.081657 0.0934239 -5.813396 -0.7089661 -5.571969 -0.7178232 -5.530853 -1.09001 -6.072145 -0.3824521 -6.126668 -0.3687642 -6.053921 -0.5762618 -5.789228 -2.04823 -5.125068 -2.029998 -5.108804 -2.597953 -5.009364 -0.5762618 -5.789228 -0.5536687 -5.747262 -0.6283008 -5.472017 0.9368708 -5.885514 0.8451609 -5.938107 0.9761176 -5.944804 -1.950006 -5.922312 -1.930046 -5.885396 -1.926603 -5.515865 -1.184158 -6.072142 -1.182056 -5.995953 -1.950006 -5.922312 -0.6291714 -5.100446 -0.6195608 -4.859561 -0.7633889 -4.840491 -0.7633889 -4.840491 -1.235706 -5.652831 -0.6291714 -5.100446 -0.5821153 -7.83929 0.1617085 -7.305054 -0.578028 -7.77233 0 0 0 0 0 0 0 0 0 0 0 0 0 0 0 0 0 0 0 0 0 0 0 0 0 0 0 0 0 0 0 0 0 0 0 0 0 0 0 0 0 0 0 0 0 0 0 0 0 0 0 0 0 0 0 0 0 0 0 0 0.2988981 4.038724 0.3605981 4.029628 0.4569658 4.018344 -0.3911998 -5.029495 -0.377676 -5.647004 -0.2613891 -5.669937 -0.1319993 -5.105617 -0.3911998 -5.029495 -0.2613891 -5.669937 -0.377676 -5.647004 -0.3911998 -5.029495 -0.5536687 -5.747262 0 0 0 0 0 0 0 0 0 0 0 0 0 0 0 0 0 0 0 0 0 0 0 0 0 0 0 0 0 0 0 0 0 0 0 0 0 0 0 0 0 0 0 0 0 0 0 0 0 0 0 0 0 0 0 0 0 0 0 0 0 0 0 0 0 0 0 0 0 0 0 0 0 0 0 0 0 0 0 0 0 0 0 0 0 0 0 0 0 0 0 0 0 0 0 0 0 0 0 0 0 0 0 0 0 0 0 0 0 0 0 0 0 0 0 0 0 0 0 0 0 0 0 0 0 0 0 0 0 0 0 0 0 0 0 0 0 0 0 0 0 0 0 0 0 0 0 0 0 0 0 0 0 0 0 0 0 0 0 0 0 0 0 0 0 0 0 0 0 0 0 0 0 0 0 0 0 0 0 0 0 0 0 0 0 0 0 0 0 0 0 0 0 0 0 0 0 0 0 0 0 0 0 0 -0.377676 -5.647004 -0.3687642 -6.053921 -0.1779379 -6.081657 0.7166417 5.100288 0.6684941 5.08956 0.5232358 4.004556 0 0 0 0 0 0 0.6684941 5.08956 0.6131302 5.077223 0.4569658 4.018344 0 0 0 0 0 0 0.9558909 0.1295598 0.9408071 0.129079 0.9408071 0.129079 0.8999142 0.2205679 0.9058056 0.3120568 0.8727165 0.3120569 0 0 0 0 0 0 0.8727164 0.2322587 0.8727164 0.3354385 0.8432265 0.1337571 0 0 0 0 0 0 0 0 0 0 0 0 0 0 0 0 0 0 0 0 0 0 0 0 0 0 0 0 0 0 0 0 0 0 0 0 0.9558909 0.1295598 0.9408071 0.129079 0.9408071 0.129079 0.9851534 0.3467944 1 0.346808 1 0.346808 0.9755626 0.3477641 0.9755626 0.3477641 0.9605119 0.3477641 1 0.346808 1 0.346808 0.9851534 0.3467944 0.9605119 0.3477641 0.9755626 0.3477641 0.9755626 0.3477641 0.8494573 0.04724115 0.8494573 0.04724115 0.8361712 0.05103278 0.8361712 0.05103278 0.8494573 0.04724115 0.8494573 0.04724115 0.8494573 0.05587786 0.8361712 0.05103278 0.8361712 0.05103278 0.8494573 0.05587786 0.8494573 0.05587786 0.8494573 0.04724115 0.8361712 0.05103278 0.8361712 0.05103278 0.8494573 0.05587786 0.8494573 0.04724115 0.8494573 0.05587786 0.8494573 0.05587786 -0.377676 -5.647004 -0.3687642 -6.053921 -0.1779379 -6.081657 0.4569658 4.018344 0.5232358 4.004556 0.5761124 3.993555 0.5761124 3.993555 0.2988981 4.038724 0.4569658 4.018344 0 0 0 0 0 0 0 0 0 0 0 0 0 0 0 0 0 0 0 0 0 0 0 0 0 0 0 0 0 0</float_array>
          <technique_common>
            <accessor source="#Colmesh-1-mesh-map-0-array" count="2082" stride="2">
              <param name="S" type="float"/>
              <param name="T" type="float"/>
            </accessor>
          </technique_common>
        </source>
        <source id="Colmesh-1-mesh-colors-Col" name="Col">
          <float_array id="Colmesh-1-mesh-colors-Col-array" count="6246">0 0 0 0 0 0 0 0 0 0 0 0 0 0 0 0 0 0 0 0 0 0 0 0 0 0 0 0 0 0 0 0 0 0 0 0 0 0 0 0 0 0 0 0 0 0 0 0 0 0 0 0 0 0 0 0 0 0 0 0 0 0 0 0 0 0 0 0 0 0 0 0 0 0 0 0 0 0 0 0 0 0 0 0 0 0 0 0 0 0 0 0 0 0 0 0 0 0 0 0 0 0 0 0 0 0 0 0 0 0 0 0 0 0 0 0 0 0 0 0 0 0 0 0 0 0 0 0 0 0 0 0 0 0 0 0 0 0 0 0 0 0 0 0 0 0 0 0 0 0 0 0 0 0 0 0 0 0 0 0 0 0 0 0 0 0 0 0 0 0 0 0 0 0 0 0 0 0 0 0 0 0 0 0 0 0 0 0 0 0 0 0 0 0 0 0 0 0 0 0 0 0 0 0 0 0 0 0 0 0 0 0 0 0 0 0 0 0 0 0 0 0 0 0 0 0 0 0 0 0 0 0 0 0 0 0 0 0 0 0 0 0 0 0 0 0 0 0 0 0 0 0 0 0 0 0 0 0 0 0 0 0 0 0 0 0 0 0 0 0 0 0 0 0 0 0 0 0 0 0 0 0 0 0 0 0 0 0 0 0 0 0 0 0 0 0 0 0 0 0 0 0 0 0 0 0 0 0 0 0 0 0 0 0 0 0 0 0 0 0 0 0 0 0 0 0 0 0 0 0 0 0 0 0 0 0 0 0 0 0 0 0 0 0 0 0 0 0 0 0 0 0 0 0 0 0 0 0 0 0 0 0 0 0 0 0 0 0 0 0 0 0 0 0 0 0 0 0 0 0 0 0 0 0 0 0 0 0 0 0 0 0 0 0 0 0 0 0 0 0 0 0 0 0 0 0 0 0 0 0 0 0 0 0 0 0 0 0 0 0 0 0 0 0 0 0 0 0 0 0 0 0 0 0 0 0 0 0 0 0 0 0 0 0 0 0 0 0 0 0 0 0 0 0 0 0 0 0 0 0 0 0 0 0 0 0 0 0 0 0 0 0 0 0 0 0 0 0 0 0 0 0 0 0 0 0 0 0 0 0 0 0 0 0 0 0 0 0 0 0 0 0 0 0 0 0 0 0 0 0 0 0 0 0 0 0 0 0 0 0 0 0 0 0 0 0 0 0 0 0 0 0 0 0 0 0 0 0 0 0 0 0 0 0 0 0 0 0 0 0 0 0 0 0 0 0 0 0 0 0 0 0 0 0 0 0 0 0 0 0 0 0 0 0 0 0 0 0 0 0 0 0 0 0 0 0 0 0 0 0 0 0 0 0 0 0 0 0 0 0 0 0 0 0 0 0 0 0 0 0 0 0 0 0 0 0 0 0 0 0 0 0 0 0 0 0 0 0 0 0 0 0 0 0 0 0 0 0 0 0 0 0 0 0 0 0 0 0 0 0 0 0 0 0 0 0 0 0 0 0 0 0 0 0 0 0 0 0 0 0 0 0 0 0 0 0 0 0 0 0 0 0 0 0 0 0 0 0 0 0 0 0 0 0 0 0 0 0 0 0 0 0 0 0 0 0 0 0 0 0 0 0 0 0 0 0 0 0 0 0 0 0 0 0 0 0 0 0 0 0 0 0 0 0 0 0 0 0 0 0 0 0 0 0 0 0 0 0 0 0 0 0 0 0 0 0 0 0 0 0 0 0 0 0 0 0 0 0 0 0 0 0 0 0 0 0 0 0 0 0 0 0 0 0 0 0 0 0 0 0 0 0 0 0 0 0 0 0 0 0 0 0 0 0 0 0 0 0 0 0 1 1 1 1 1 1 1 1 1 0 0 0 0 0 0 0 0 0 0 0 0 0 0 0 0 0 0 0 0 0 0 0 0 0 0 0 0 0 0 0 0 0 0 0 0 0 0 0 0 0 0 0 0 0 0 0 0 0 0 0 0 0 0 0 0 0 0 0 0 0 0 0 0 0 0 0 0 0 0 0 0 0 0 0 0 0 0 0 0 0 0 0 0 0 0 0 0 0 0 0 0 0 0 0 0 0 0 0 0 0 0 0 0 0 0 0 0 0 0 0 0 0 0 0 0 0 0 0 0 0 0 0 0 0 0 1 1 1 1 1 1 1 1 1 0 0 0 0 0 0 0 0 0 0 0 0 0 0 0 0 0 0 0 0 0 0 0 0 0 0 0 0 0 0 0 0 0 0 0 0 0 0 0 0 0 0 0 0 0 0 0 0 0 0 0 0 0 0 0 0 0 0 0 0 0 0 0 0 0 0 0 0 0 0 0 0 0 0 0 0 0 0 0 0 0 0 0 0 0 0 0 0 0 0 0 0 0 0 0 0 0 0 0 0 0 0 0 0 0 0 0 0 0 0 0 0 0 0 0 0 0 0 0 0 0 0 0 0 0 0 0 0 0 0 0 0 0 0 0 0 0 0 0 0 0 0 0 0 0 0 0 0 0 0 0 0 0 0 0 0 0 0 0 0 0 0 0 0 0 0 0 0 0 0 0 0 0 0 0 0 0 0 0 0 0 0 0 0 0 0 0 0 0 0 0 0 0 0 0 0 0 0 0 0 0 0 0 0 0 0 0 0 0 0 0 0 0 0 0 0 0 0 0 0 0 0 0 0 0 0 0 0 0 0 0 0 0 0 0 0 0 0 0 0 0 0 0 0 0 0 0 0 0 0 0 0 0 0 0 0 0 0 0 0 0 0 0 0 0 0 0 0 0 0 0 0 0 0 0 0 0 0 0 0 0 0 0 0 0 0 0 0 0 0 0 0 0 0 0 0 0 0 0 0 0 0 0 0 0 0 0 0 0 0 0 0 0 0 0 0 0 0 0 0 0 0 0 0 0 0 0 0 0 0 0 0 0 0 0 0 0 0 0 0 0 0 0 0 0 0 0 0 0 0 0 0 0 0 0 0 0 0 0 0 0 0 0 0 0 0 0 0 0 0 0 0 0 0 0 0 0 0 0 0 0 0 0 0 0 0 0 0 0 0 0 0 0 0 0 0 0 0 0 0 0 0 0 0 0 0 0 0 0 0 0 0 0 0 0 0 0 0 0 0 0 0 0 0 0 0 0 0 0 0 0 0 0 0 0 0 0 0 0 0 0 0 0 0 0 0 0 0 0 0 0 0 0 0 0 0 0 0 0 0 0 0 0 0 0 0 0 0 0 0 0 0 0 0 0 0 0 0 0 0 0 0 0 0 0 0 0 0 0 0 0 0 0 0 0 0 0 0 0 0 0 0 0 0 0 0 0 0 0 0 0 0 0 0 0 0 0 0 0 0 0 0 0 0 0 0 0 0 0 0 0 0 0 0 0 0 0 0 0 0 0 0 0 0 0 0 0 0 0 0 0 0 0 0 0 0 0 0 0 0 0 0 0 0 0 0 0 0 0 0 0 0 0 0 0 0 0 0 0 0 0 0 0 0 0 0 0 0 0 0 0 0 0 0 0 0 0 0 0 0 0 0 0 0 0 0 0 0 0 0 0 0 0 0 0 0 0 0 0 0 0 0 0 0 0 0 0 0 0 0 0 0 0 0 0 0 0 0 0 0 0 0 0 0 0 0 0 0 0 0 0 0 0 0 0 0 0 0 0 0 0 0 0 0 0 0 0 0 0 0 0 0 0 0 0 0 0 0 0 0 0 0 0 0 0 0 0 0 0 0 0 0 0 0 0 0 0 0 0 0 0 0 0 0 0 0 0 0 0 0 0 0 0 0 0 0 0 0 0 0 0 0 0 0 0 0 0 0 0 0 0 0 0 0 0 0 0 0 0 0 0 0 0 0 0 0 0 0 0 0 0 0 0 0 0 0 0 0 0 0 0 0 0 0 0 0 0 0 0 0 0 0 0 0 0 0 0 0 0 0 0 0 0 0 0 0 0 0 0 0 0 0 0 0 0 0 0 0 0 0 0 0 0 0 0 0 0 0 0 0 0 0 0 0 0 0 0 0 0 0 0 0 0 0 0 0 0 0 0 0 0 0 0 0 0 0 0 0 0 0 0 0 0 0 0 0 0 0 0 0 0 0 0 0 0 0 0 0 0 0 0 0 0 0 1 1 1 1 1 1 1 1 1 1 1 1 1 1 1 1 1 1 1 1 1 1 1 1 1 1 1 1 1 1 1 1 1 1 1 1 1 1 1 1 1 1 1 1 1 1 1 1 1 1 1 1 1 1 1 1 1 1 1 1 1 1 1 1 1 1 1 1 1 1 1 1 1 1 1 1 1 1 1 1 1 1 1 1 1 1 1 1 1 1 1 1 1 1 1 1 1 1 1 1 1 1 1 1 1 1 1 1 1 1 1 1 1 1 1 1 1 1 1 1 1 1 1 1 1 1 1 1 1 1 1 1 1 1 1 0 0 0 0 0 0 0 0 0 0 0 0 0 0 0 0 0 0 0 0 0 0 0 0 0 0 0 0 0 0 0 0 0 0 0 0 0 0 0 0 0 0 0 0 0 0 0 0 0 0 0 0 0 0 0 0 0 0 0 0 0 0 0 0 0 0 0 0 0 0 0 0 0 0 0 0 0 0 0 0 0 0 0 0 0 0 0 0 0 0 0 0 0 0 0 0 0 0 0 0 0 0 0 0 0 0 0 0 0 0 0 0 0 0 0 0 0 0 0 0 0 0 0 0 0 0 0 0 0 0 0 0 0 0 0 0 0 0 0 0 0 0 0 0 0 0 0 0 0 0 0 0 0 0 0 0 0 0 0 0 0 0 0 0 0 0 0 0 0 0 0 0 0 0 0 0 0 0 0 0 0 0 0 0 0 0 0 0 0 0 0 0 0 0 0 0 0 0 0 0 0 0 0 0 0 0 0 0 0 0 0 0 0 0 0 0 0 0 0 0 0 0 0 0 0 0 0 0 0 0 0 0 0 0 0 0 0 0 0 0 0 0 0 0 0 0 0 0 0 0 0 0 0 0 0 0 0 0 0 0 0 0 0 0 0 0 0 0 0 0 0 0 0 0 0 0 0 0 0 0 0 0 0 0 0 0 0 0 0 0 0 0 0 0 0 0 0 0 0 0 0 0 0 0 0 0 0 0 0 0 0 0 0 0 0 0 0 0 0 0 0 0 0 0 0 0 0 0 0 0 0 0 0 0 0 0 0 0 0 0 0 0 0 0 0 0 0 0 0 0 0 0 0 0 0 0 0 0 0 0 0 0 0 0 0 0 0 0 0 0 0 0 0 0 0 0 0 0 0 0 0 0 0 0 0 0 0 0 0 0 0 0 0 0 0 0 0 0 0 0 0 0 0 0 0 0 0 0 0 0 0 0 0 0 1 1 1 1 1 1 1 1 1 0 0 0 0 0 0 0 0 0 0 0 0 0 0 0 0 0 0 0 0 0 0 0 0 0 0 0 0 0 0 0 0 0 0 0 0 0 0 0 0 0 0 0 0 0 0 0 0 0 0 0 0 0 0 0 0 0 0 0 0 0 0 0 0 0 0 0 0 0 0 0 0 0 0 0 0 0 0 0 0 0 0 0 0 0 0 0 0 0 0 0 0 0 0 0 0 0 0 0 0 0 0 0 0 0 0 0 0 0 0 0 0 0 0 0 0 0 0 0 0 0 0 0 0 0 0 0 0 0 0 0 0 0 0 0 0 0 0 0 0 0 0 0 0 0 0 0 0 0 0 0 0 0 0 0 0 0 0 0 0 0 0 0 0 0 0 0 0 0 0 0 0 0 0 0 0 0 0 0 0 0 0 0 0 0 0 0 0 0 0 0 0 0 0 0 0 0 0 0 0 0 0 0 0 0 0 0 0 0 0 0 0 0 0 0 0 0 0 0 0 0 0 0 0 0 0 0 0 0 0 0 0 0 0 0 0 0 0 0 0 0 0 0 0 0 0 0 0 0 0 0 0 0 0 0 0 0 0 0 0 0 0 0 0 0 0 0 0 0 0 0 0 0 0 0 0 0 0 0 0 0 0 0 0 0 0 0 0 0 0 0 0 0 0 0 0 0 0 0 0 0 0 0 0 0 0 0 0 0 0 0 0 0 0 0 0 0 0 0 0 0 0 0 0 0 0 0 0 0 0 0 0 0 0 0 0 0 0 0 0 0 0 0 0 0 0 0 0 0 0 0 0 0 0 0 0 0 0 0 0 0 0 0 0 0 0 0 0 0 0 0 0 0 0 0 0 0 0 0 0 0 0 0 0 0 0 0 0 0 0 0 0 0 0 0 0 0 0 0 0 0 0 0 0 0 0 0 0 0 0 0 0 0 0 0 0 0 0 0 0 0 0 0 0 0 0 0 0 0 0 0 0 1 1 1 1 1 1 1 1 1 1 1 1 1 1 1 1 1 1 1 1 1 1 1 1 1 1 1 1 1 1 1 1 1 1 1 1 1 1 1 1 1 1 1 1 1 1 1 1 1 1 1 1 1 1 1 1 1 1 1 1 1 1 1 1 1 1 1 1 1 1 1 1 1 1 1 1 1 1 1 1 1 1 1 1 1 1 1 1 1 1 1 1 1 1 1 1 1 1 1 1 1 1 1 1 1 1 1 1 1 1 1 1 1 1 1 1 1 1 1 1 1 1 1 1 1 1 1 1 1 1 1 1 1 1 1 1 1 1 1 1 1 1 1 1 1 1 1 1 1 1 1 1 1 1 1 1 1 1 1 1 1 1 1 1 1 1 1 1 1 1 1 1 1 1 1 1 1 1 1 1 1 1 1 1 1 1 1 1 1 1 1 1 1 1 1 1 1 1 1 1 1 1 1 1 1 1 1 1 1 1 1 1 1 1 1 1 1 1 1 1 1 1 1 1 1 1 1 1 1 1 1 1 1 1 1 1 1 1 1 1 1 1 1 1 1 1 1 1 1 1 1 1 1 1 1 1 1 1 1 1 1 0 0 0 0 0 0 0 0 0 0 0 0 0 0 0 0 0 0 0 0 0 0 0 0 0 0 0 0 0 0 0 0 0 0 0 0 0 0 0 0 0 0 0 0 0 0 0 0 0 0 0 0 0 0 0 0 0 0 0 0 0 0 0 0 0 0 0 0 0 0 0 0 0 0 0 0 0 0 0 0 0 0 0 0 0 0 0 0 0 0 0 0 0 0 0 0 0 0 0 0 0 0 0 0 0 0 0 0 0 0 0 0 0 0 0 0 0 0 0 0 0 0 0 0 0 0 0 0 0 0 0 0 0 0 0 0 0 0 0 0 0 0 0 0 0 0 0 0 0 0 0 0 0 0 0 0 0 0 0 0 0 0 0 0 0 0 0 0 0 0 0 0 0 0 0 0 0 0 0 0 0 0 0 0 0 0 0 0 0 0 0 0 0 0 0 0 0 0 0 0 0 0 0 0 0 0 0 0 0 0 0 0 0 0 0 0 0 0 0 0 0 0 0 0 0 0 0 0 0 0 0 0 0 0 0 0 0 0 0 0 0 0 0 0 0 0 0 0 0 0 0 0 0 0 0 0 0 0 0 0 0 0 0 0 0 0 0 0 0 0 0 0 0 0 0 0 0 0 0 0 0 0 0 0 0 0 0 0 0 0 0 0 0 0 0 0 0 0 0 0 0 0 0 0 0 0 0 0 0 0 0 0 0 0 0 0 0 0 0 0 0 0 0 0 0 0 0 0 0 0 0 0 0 0 0 0 0 0 0 0 0 0 0 0 0 0 0 0 0 0 0 0 0 0 0 0 0 0 0 0 0 0 0 0 0 0 0 0 0 0 0 0 0 0 0 0 0 0 0 0 0 0 0 0 0 0 0 0 0 0 0 0 0 0 0 0 0 0 0 0 0 0 0 0 0 0 0 0 0 0 0 0 0 0 0 0 0 0 0 0 0 0 0 0 0 0 0 0 0 0 0 0 0 0 0 0 0 0 0 0 0 0 0 0 0 0 0 0 0 0 0 0 0 0 0 0 0 0 0 0 0 0 0 0 0 0 0 0 0 0 0 0 0 0 0 0 0 0 0 0 0 0 0 0 0 0 0 0 0 0 0 0 0 0 0 0 0 0 0 0 0 0 0 0 0 0 0 0 0 0 0 0 0 0 0 0 0 0 0 0 0 0 0 0 0 0 0 0 0 0 0 0 0 0 0 0 0 0 0 0 0 0 0 0 0 0 0 0 0 0 0 0 0 0 0 0 0 0 0 0 0 0 0 0 0 0 0 0 0 0 0 0 0 0 0 0 0 0 0 0 0 0 0 0 0 0 0 0 0 0 0 0 0 0 0 0 0 0 0 0 0 0 0 0 0 0 0 0 0 0 0 0 0 0 0 0 0 0 0 0 0 0 0 0 0 0 0 0 0 0 0 0 0 0 0 0 0 0 0 0 0 0 0 0 0 0 0 0 0 0 0 0 0 0 0 0 0 0 0 0 0 0 0 0 0 0 0 0 0 0 0 0 0 0 0 0 0 0 0 0 0 0 0 0 0 0 0 0 0 0 0 0 0 0 0 0 0 0 0 0 0 0 0 0 0 0 0 0 0 0 0 0 0 0 0 0 0 0 0 0 0 0 0 0 0 0 0 0 0 0 0 0 0 0 0 0 0 0 0 0 0 0 0 0 0 0 0 0 0 0 0 0 0 0 0 0 0 0 0 0 0 0 0 0 0 0 0 0 0 0 0 0 0 0 0 0 0 0 0 0 0 0 0 0 0 0 0 0 0 0 0 0 0 0 0 0 0 0 0 0 0 0 0 0 0 0 0 0 0 0 0 0 0 0 0 0 0 0 0 0 0 0 0 0 0 0 0 0 0 0 0 0 0 0 0 0 0 0 0 0 0 0 0 0 0 0 0 0 0 0 0 0 0 0 0 0 0 0 0 0 0 0 0 0 0 0 0 0 0 0 0 0 0 0 0 0 0 0 0 0 0 0 0 0 0 0 0 0 0 0 0 0 0 0 0 0 0 0 0 0 0 0 0 0 0 0 0 0 0 0 0 0 0 0 0 0 0 0 0 0 0 0 0 0 0 0 0 0 0 0 0 0 0 0 0 0 0 0 0 0 0 0 0 0 0 0 0 0 0 0 0 0 0 0 0 0 0 0 0 0 0 0 0 0 0 0 0 0 0 0 0 0 0 0 0 0 0 0 0 0 0 0 0 0 0 0 0 0 0 0 0 0 0 0 0 0 0 0 0 0 0 0 0 0 0 0 0 0 0 0 0 0 0 0 0 0 0 0 0 0 0 0 0 0 0 0 0 0 0 0 0 0 0 0 0 0 0 0 0 0 0 0 0 0 0 0 0 0 0 0 0 0 0 0 0 0 0 0 0 0 0 0 0 0 0 0 0 0 0 0 0 0 0 0 0 0 0 0 0 0 0 0 0 0 0 0 0 0 0 0 0 0 0 0 0 0 0 0 0 0 0 0 0 0 0 0 0 0 0 0 0 0 0 0 0 0 0 0 0 0 0 0 0 0 0 0 0 0 0 0 0 0 0 0 0 0 0 0 0 0 0 0 0 0 0 0 0 0 0 0 0 0 0 0 0 0 0 0 0 0 0 0 0 0 0 0 0 0 0 0 0 0 0 0 0 0 0 0 0 0 0 0 0 0 0 0 0 0 0 0 0 0 0 0 0 0 0 0 0 0 0 0 0 0 0 0 0 0 0 0 0 0 0 0 0 0 0 0 0 0 0 0 0 0 0 0 0 0 0 0 0 0 0 0 0 0 0 0 0 0 0 0 0 0 0 0 0 0 0 0 0 0 0 0 0 0 0 0 0 0 0 0 0 0 0 0 0 0 0 0 0 0 0 0 0 0 0 0 0 0 0 0 0 0 0 0 0 0 0 0 0 0 0 0 0 0 0 0 0 0 0 0 0 0 0 0 0 0 0 0 0 0 0 0 0 0 0 0 0 0 0 0 0 0 0 0 0 0 0 0 0 0 0 0 0 0 0 0 0 0 0 0 0 0 0 0 0 0 0 0 0 0 0 0 0 0 0 0 0 0 0 0 0 0 0 0 0 0 0 0 0 0 0 0 0 0 0 0 0 0 0 0 0 0 0 0 0 0 0 0 0 0 0 0 0 0 0 0 0 0 0 0 0 0 0 0 0 0 0 0 0 0 0 0 0 0 0 0 0 0 0 0 0 0 0 0 0 0 0 0 0 0 0 0 0 0 0 0 0 0 0 0 0 0 0 0 0 0 0 0 0 0 0 0 0 0 0 0 0 0 0 0 0 0 0 0 0 0 0 0 0 0 0 0 0 0 0 0 0 0 0 0 0 0 0 0 0 0 0 0 0 0 0 0 0 0 0 0 0 0 0 0 0 0 0 0 0 0 0 0 0 0 0 0 0 0 0 0 0 0 0 0 0 0 0 0 0 0 0 0 0 0 0 0 0 0 0 0 0 0 0 0 0 0 0 0 0 0 0 0 0 0 0 0 0 0 0 0 0 0 0 0 0 0 0 0 0 0 0 0 0 0 0 0 0 0 0 0 0 0 0 0 0 0 0 0 0 0 0 0 0 0 0 0 0 0 0 0 0 0 0 0 0 0 0 0 0 0 0 0 0 0 0 0 0 0 0 0 0 0 0 0 0 0 0 0 0 0 0 0 0 0 0 0 0 0 0 0 0 0 0 0 0 0 0 0 0 0 0 0 0 0 0 0 0 0 0 0 0 0 0 0 0 0 0 0 0 0 0 0 0 0 0 0 0 0 0 0 0 0 0 0 0 0 0 0 0 0 0 0 0 0 1 1 1 1 1 1 1 1 1 1 1 1 1 1 1 1 1 1 1 1 1 1 1 1 1 1 1 0 0 0 0 0 0 0 0 0 0 0 0 0 0 0 0 0 0 0 0 0 0 0 0 0 0 0 0 0 0 0 0 0 0 0 0 0 0 0 0 0 0 0 0 0 0 0 0 0 0 0 0 0 0 0 0 0 0 0 0 0 0 0 0 0 0 0 0 0 0 0 0 0 0 0 0 0 0 0 0 0 0 0 0 0 0 0 0 0 0 0 0 0 0 0 0 0 0 0 0 0 0 0 0 0 0 0 0 0 0 0 0 0 0 0 0 0 0 0 0 0 0 0 0 0 0 0 0 0 0 0 0 0 0 0 0 0 0 0 0 0 0 0 0 0 0 0 0 0 0 0 0 0 0 0 0 0 0 0 0 0 0 0 0 0 0 0 0 0 0 0 0 0 0 0 0 0 0 0 0 0 0 0 0 0 0 0 0 0 0 0 0 0 0 0 0 0 0 0 0 0 0 0 0 0 0 0 0 0 0 0 0 0 0 0 0 0 0 0 0 0 0 0 0 0 0 0 0 0 0 0 0 0 0 0 0 0 0 0 0 0 0 0 0 0 0 0 0 0 0 0 0 0 0 0 0 0 0 0 0 0 0 0 0 0 0 0 0 0 0 0 0 0 0 0 0 0 0 0 0 0 0 0 0 0 0 0 0 0 0 0 0 0 0 0 0 0 0 0 0 0 0 0 0 0 0 0 0 0 0 0 0 0 0 0 0 0 0 0 0 0 0 0 0 0 0 0 0 0 0 0 0 0 0 0 0 0 0 0 0 0 0 0 0 0 0 0 0 0 0 0 0 0 0 0 0 0 0 0 0 0 0 0 0 0 0 0 0 0 0 0 0 0 0 0 0 0 0 0 0 0 0 0 0 0 0 0 0 0 0 0 0 0 0 0 0 0 0 0 0 0 0 0 0 0 0 0 0 0 0 0 0 0 0 0 0 0 0 0 0 0 0 0 0 0 0 0 0 0 0 0 0 0 0 0 0 0 0 0 0 0 0 0 0 0 0 0 0 0 0 0 0 0 0 0 0 0 0 0 0 0 0 0 0 0 0 0 0 0 0 0 0 0 0 0 0 0 0 0 0 0 0 0 0 0 0 0 0 0 0 0 0 0 0 0 0 0 0 0 0 0 0 0 0 0 0 0 0 0 0 0 0 0 0 0 0 0 0 0 0 0 0 0 0 0 0 0 0 0 0 0 0 0 0 0 0 0 0 0 0 0 0 0 0 0 0 0 0 0 0 0 0 0 0 0 0 0 0 0 0 0 0 0 0 0 0 0 0 0 0 0 0 0 0 0 0 0 0 0 0 0 0 0 0 0 0 0 0 0 0 0 0 0 0 0 0 0 0 0 0 0 0 0 0 0 0 0 0 0 0 0 0 0 0 0 0 0 0 0 0 0 0 0 0 0 0 0 0 0 0 0 0 0 0 0 0 0 0 0 0 0 0 0 0 0 0 0 0 0 0 0 0 0 0 0 0 0 0 0 0 0 0 0 0 0 0 0 0 0 0 0 0 0 0 0 0 0 0 0 0 0 0 0 0 0 0 0 0 0 0 0 0 0 0 0 0 0 0 0 0 0 0 0 0 0 0 0 0 0 0 0 0 0 0 0 0 0 0 0 0 1 1 1 1 1 1 1 1 1 1 1 1 1 1 1 1 1 1 1 1 1 1 1 1 1 1 1 1 1 1 1 1 1 1 1 1 1 1 1 1 1 1 1 1 1 1 1 1 1 1 1 1 1 1 1 1 1 1 1 1 1 1 1 1 1 1 1 1 1 1 1 1 1 1 1 1 1 1 1 1 1 1 1 1 1 1 1 1 1 1 0 0 0 0 0 0 0 0 0 0 0 0 0 0 0 0 0 0 0 0 0 0 0 0 0 0 0 0 0 0 0 0 0 0 0 0 1 1 1 1 1 1 1 1 1 1 1 1 1 1 1 1 1 1 1 1 1 1 1 1 1 1 1 1 1 1 1 1 1 1 1 1 1 1 1 1 1 1 1 1 1 1 1 1 1 1 1 1 1 1 1 1 1 1 1 1 1 1 1 1 1 1 1 1 1 1 1 1 1 1 1 1 1 1 1 1 1 1 1 1 1 1 1 1 1 1 1 1 1 1 1 1 1 1 1 1 1 1 1 1 1 1 1 1 1 1 1 1 1 1 1 1 1 1 1 1 1 1 1 1 1 1 1 1 1 1 1 1 1 1 1 1 1 1 1 1 1 1 1 1 1 1 1 1 1 1 1 1 1 1 1 1 1 1 1 1 1 1 1 1 1 1 1 1 1 1 1 1 1 1 1 1 1 1 1 1 1 1 1 1 1 1 1 1 1 1 1 1 1 1 1 1 1 1 1 1 1 1 1 1 1 1 1 1 1 1 1 1 1 1 1 1 1 1 1 1 1 1 1 1 1 1 1 1 1 1 1 1 1 1 1 1 1 1 1 1 1 1 1 1 1 1 1 1 1 1 1 1 1 1 1 1 1 1 1 1 1 1 1 1 1 1 1 1 1 1 1 1 1 1 1 1 1 1 1 1 1 1 1 1 1 1 1 1 1 1 1 1 1 1 1 1 1 1 1 1 1 1 1 1 1 1 0 0 0 0 0 0 0 0 0 0 0 0 0 0 0 0 0 0 1 1 1 1 1 1 1 1 1 0 0 0 0 0 0 0 0 0 1 1 1 1 1 1 1 1 1 1 1 1 1 1 1 1 1 1 1 1 1 1 1 1 1 1 1 1 1 1 1 1 1 1 1 1 1 1 1 1 1 1 1 1 1 1 1 1 1 1 1 1 1 1 1 1 1 1 1 1 1 1 1 1 1 1 1 1 1 1 1 1 1 1 1 1 1 1 1 1 1 1 1 1 1 1 1 1 1 1 1 1 1 1 1 1 1 1 1 1 1 1 1 1 1 1 1 1 1 1 1 1 1 1 1 1 1 1 1 1 1 1 1 1 1 1 1 1 1 1 1 1 1 1 1 1 1 1 1 1 1 1 1 1 1 1 1 1 1 1 1 1 1 1 1 1 1 1 1 1 1 1 1 1 1 1 1 1 1 1 1 1 1 1 1 1 1 1 1 1 1 1 1 1 1 1 1 1 1 1 1 1 1 1 1 1 1 1 0 0 0 0 0 0 0 0 0 0 0 0 0 0 0 0 0 0 0 0 0 0 0 0 0 0 0 1 1 1 1 1 1 1 1 1 1 1 1 1 1 1 1 1 1 1 1 1 1 1 1 1 1 1 1 1 1 1 1 1 1 1 1 1 1 1 1 1 1 1 1 1</float_array>
          <technique_common>
            <accessor source="#Colmesh-1-mesh-colors-Col-array" count="2082" stride="3">
              <param name="R" type="float"/>
              <param name="G" type="float"/>
              <param name="B" type="float"/>
            </accessor>
          </technique_common>
        </source>
        <vertices id="Colmesh-1-mesh-vertices">
          <input semantic="POSITION" source="#Colmesh-1-mesh-positions"/>
        </vertices>
        <polylist material="ColorEffectR27G177B88-material-material" count="645">
          <input semantic="VERTEX" source="#Colmesh-1-mesh-vertices" offset="0"/>
          <input semantic="NORMAL" source="#Colmesh-1-mesh-normals" offset="1"/>
          <input semantic="TEXCOORD" source="#Colmesh-1-mesh-map-0" offset="2" set="0"/>
          <input semantic="COLOR" source="#Colmesh-1-mesh-colors-Col" offset="3" set="0"/>
          <vcount>3 3 3 3 3 3 3 3 3 3 3 3 3 3 3 3 3 3 3 3 3 3 3 3 3 3 3 3 3 3 3 3 3 3 3 3 3 3 3 3 3 3 3 3 3 3 3 3 3 3 3 3 3 3 3 3 3 3 3 3 3 3 3 3 3 3 3 3 3 3 3 3 3 3 3 3 3 3 3 3 3 3 3 3 3 3 3 3 3 3 3 3 3 3 3 3 3 3 3 3 3 3 3 3 3 3 3 3 3 3 3 3 3 3 3 3 3 3 3 3 3 3 3 3 3 3 3 3 3 3 3 3 3 3 3 3 3 3 3 3 3 3 3 3 3 3 3 3 3 3 3 3 3 3 3 3 3 3 3 3 3 3 3 3 3 3 3 3 3 3 3 3 3 3 3 3 3 3 3 3 3 3 3 3 3 3 3 3 3 3 3 3 3 3 3 3 3 3 3 3 3 3 3 3 3 3 3 3 3 3 3 3 3 3 3 3 3 3 3 3 3 3 3 3 3 3 3 3 3 3 3 3 3 3 3 3 3 3 3 3 3 3 3 3 3 3 3 3 3 3 3 3 3 3 3 3 3 3 3 3 3 3 3 3 3 3 3 3 3 3 3 3 3 3 3 3 3 3 3 3 3 3 3 3 3 3 3 3 3 3 3 3 3 3 3 3 3 3 3 3 3 3 3 3 3 3 3 3 3 3 3 3 3 3 3 3 3 3 3 3 3 3 3 3 3 3 3 3 3 3 3 3 3 3 3 3 3 3 3 3 3 3 3 3 3 3 3 3 3 3 3 3 3 3 3 3 3 3 3 3 3 3 3 3 3 3 3 3 3 3 3 3 3 3 3 3 3 3 3 3 3 3 3 3 3 3 3 3 3 3 3 3 3 3 3 3 3 3 3 3 3 3 3 3 3 3 3 3 3 3 3 3 3 3 3 3 3 3 3 3 3 3 3 3 3 3 3 3 3 3 3 3 3 3 3 3 3 3 3 3 3 3 3 3 3 3 3 3 3 3 3 3 3 3 3 3 3 3 3 3 3 3 3 3 3 3 3 3 3 3 3 3 3 3 3 3 3 3 3 3 3 3 3 3 3 3 3 3 3 3 3 3 3 3 3 3 3 3 3 3 3 3 3 3 3 3 3 3 3 3 3 3 3 3 3 3 3 3 3 3 3 3 3 3 3 3 3 3 3 3 3 3 3 3 3 3 3 3 3 3 3 3 3 3 3 3 3 3 3 3 3 3 3 3 3 3 3 3 3 3 3 3 3 3 3 3 3 3 3 3 3 3 3 3 3 3 3 3 3 3 3 3 3 3 3 3 3 3 3 3 3 3 3 3 3 3 3 3 3 3 3 3 3 3 3 3 3 3 3 3 3 3 3 3 3 3 3 3 3 3 3 3 3 3 3 3 3 3 3 3 3 3 3 3 3 3 3 3 3 3 3 3 3 3 3 </vcount>
          <p>5 0 0 0 55 0 1 1 6 0 2 2 8 1 3 3 9 1 4 4 58 1 5 5 4 2 6 6 10 2 7 7 9 2 8 8 22 3 9 9 18 3 10 10 8 3 11 11 33 4 12 12 2 4 13 13 8 4 14 14 0 5 15 15 1 5 16 16 7 5 17 17 25 6 18 18 151 6 19 19 148 6 20 20 26 7 21 21 127 7 22 22 141 7 23 23 198 8 24 24 127 8 25 25 197 8 26 26 149 9 27 27 82 9 28 28 143 9 29 29 116 10 30 30 24 10 31 31 129 10 32 32 27 11 33 33 30 11 34 34 139 11 35 35 18 12 36 36 3 12 37 37 9 12 38 38 29 13 39 39 142 13 40 40 147 13 41 41 1 14 42 42 37 14 43 43 7 14 44 44 82 15 45 45 81 15 46 46 85 15 47 47 2 16 48 48 22 16 49 49 8 16 50 50 5 17 51 51 25 17 52 52 56 17 53 53 4 18 54 54 26 18 55 55 50 18 56 56 3 19 57 57 27 19 58 58 26 19 59 59 22 20 60 60 32 20 61 61 30 20 62 62 2 21 63 63 33 21 64 64 34 21 65 65 0 22 66 66 24 22 67 67 116 22 68 68 3 23 69 69 18 23 70 70 30 23 71 71 1 24 72 72 29 24 73 73 38 24 74 74 2 25 75 75 28 25 76 76 32 25 77 77 31 26 78 78 137 26 79 79 131 26 80 80 20 27 81 81 33 27 82 82 8 27 83 83 20 28 84 84 31 28 85 85 34 28 86 86 20 29 87 87 37 29 88 88 38 29 89 89 38 30 90 90 147 30 91 91 137 30 92 92 20 31 93 93 8 31 94 94 7 31 95 95 9 32 96 96 10 32 97 97 59 32 98 98 11 33 99 99 6 33 100 100 53 33 101 101 46 34 102 102 138 34 103 103 140 34 104 104 45 35 105 105 144 35 106 106 138 35 107 107 39 36 108 108 46 36 109 109 51 36 110 110 40 37 111 111 45 37 112 112 46 37 113 113 50 38 114 114 128 38 115 115 125 38 116 116 47 39 117 117 50 39 118 118 45 39 119 119 25 40 120 120 51 40 121 121 140 40 122 122 52 41 123 123 51 41 124 124 25 41 125 125 0 42 126 126 55 42 127 127 56 42 128 128 24 43 129 129 56 43 130 130 148 43 131 131 55 44 132 132 0 44 133 133 6 44 134 134 52 45 135 135 5 45 136 136 11 45 137 137 40 46 138 138 41 46 139 139 10 46 140 140 40 47 141 141 39 47 142 142 41 47 143 143 4 48 144 144 47 48 145 145 10 48 146 146 52 49 147 147 11 49 148 148 41 49 149 149 7 50 150 150 8 50 151 151 42 50 152 152 6 51 153 153 7 51 154 154 48 51 155 155 10 52 156 156 41 52 157 157 59 52 158 158 41 53 159 159 11 53 160 160 60 53 161 161 59 54 162 162 41 54 163 163 60 54 164 164 60 55 165 165 66 55 166 166 65 55 167 167 80 56 168 168 67 56 169 169 61 56 170 170 79 57 171 171 68 57 172 172 67 57 173 173 78 58 174 174 61 58 175 175 63 58 176 176 59 59 177 177 65 59 178 178 64 59 179 179 77 60 180 180 63 60 181 181 68 60 182 182 48 61 183 183 62 61 184 184 66 61 185 185 42 62 186 186 64 62 187 187 62 62 188 188 42 63 189 189 58 63 190 190 64 63 191 191 60 64 192 192 53 64 193 193 66 64 194 194 119 65 195 195 118 65 196 196 70 65 197 197 73 66 198 198 75 66 199 199 120 66 200 200 76 67 201 201 74 67 202 202 119 67 203 203 75 68 204 204 76 68 205 205 121 68 206 206 65 69 207 207 74 69 208 208 76 69 209 209 66 70 210 210 73 70 211 211 74 70 212 212 64 71 213 213 76 71 214 214 75 71 215 215 62 72 216 216 75 72 217 217 73 72 218 218 71 73 219 219 72 73 220 220 80 73 221 221 72 74 222 222 70 74 223 223 79 74 224 224 69 75 225 225 71 75 226 226 78 75 227 227 70 76 228 228 69 76 229 229 77 76 230 230 32 77 231 231 28 77 232 232 87 77 233 233 88 78 234 234 145 78 235 235 134 78 236 236 86 79 237 237 85 79 238 238 130 79 239 239 146 80 240 240 130 80 241 241 85 80 242 242 35 81 243 243 14 81 244 244 146 81 245 245 88 82 246 246 87 82 247 247 81 82 248 248 145 83 249 249 88 83 250 250 82 83 251 251 89 84 252 252 91 84 253 253 94 84 254 254 90 85 255 255 89 85 256 256 92 85 257 257 94 86 258 258 98 86 259 259 92 86 260 260 99 87 261 261 98 87 262 262 94 87 263 263 92 88 264 264 98 88 265 265 97 88 266 266 97 89 267 267 102 89 268 268 93 89 269 269 96 90 270 270 174 90 271 271 173 90 272 272 104 91 273 273 95 91 274 274 102 91 275 275 97 92 276 276 101 92 277 277 103 92 278 278 98 93 279 279 99 93 280 280 103 93 281 281 98 94 282 282 100 94 283 283 101 94 284 284 61 95 285 285 67 95 286 286 91 95 287 287 89 96 288 288 90 96 289 289 61 96 290 290 107 97 291 291 110 97 292 292 108 97 293 293 105 98 294 294 108 98 295 295 109 98 296 296 114 99 297 297 112 99 298 298 108 99 299 299 115 100 300 300 114 100 301 301 110 100 302 302 112 101 303 303 113 101 304 304 109 101 305 305 63 102 306 306 107 102 307 307 105 102 308 308 105 103 309 309 106 103 310 310 68 103 311 311 109 104 312 312 113 104 313 313 115 104 314 314 171 105 315 315 176 105 316 316 172 105 317 317 1 106 318 318 0 106 319 319 116 106 320 320 106 107 321 321 95 107 322 322 94 107 323 323 106 108 324 324 90 108 325 325 93 108 326 326 91 109 327 327 67 109 328 328 106 109 329 329 107 110 330 330 90 110 331 331 111 110 332 332 90 111 333 333 106 111 334 334 109 111 335 335 107 112 336 336 63 112 337 337 90 112 338 338 68 113 339 339 106 113 340 340 67 113 341 341 63 114 342 342 61 114 343 343 90 114 344 344 48 115 345 345 42 115 346 346 62 115 347 347 62 116 348 348 64 116 349 349 75 116 350 350 66 117 351 351 62 117 352 352 73 117 353 353 53 118 354 354 48 118 355 355 66 118 356 356 59 119 357 357 60 119 358 358 65 119 359 359 18 120 360 360 22 120 361 361 30 120 362 362 32 121 363 363 134 121 364 364 139 121 365 365 48 122 366 366 7 122 367 367 42 122 368 368 42 123 369 369 8 123 370 370 58 123 371 371 37 124 372 372 20 124 373 373 7 124 374 374 4 125 375 375 3 125 376 376 26 125 377 377 3 126 378 378 4 126 379 379 9 126 380 380 40 127 381 381 47 127 382 382 45 127 383 383 47 128 384 384 40 128 385 385 10 128 386 386 39 129 387 387 52 129 388 388 41 129 389 389 60 130 390 390 11 130 391 391 53 130 392 392 70 131 393 393 118 131 394 394 120 131 395 395 121 132 396 396 119 132 397 397 72 132 398 398 69 133 399 399 120 133 400 400 121 133 401 401 79 134 402 402 70 134 403 403 77 134 404 404 80 135 405 405 72 135 406 406 79 135 407 407 78 136 408 408 71 136 409 409 80 136 410 410 77 137 411 411 69 137 412 412 78 137 413 413 77 138 414 414 78 138 415 415 63 138 416 416 79 139 417 417 77 139 418 418 68 139 419 419 78 140 420 420 80 140 421 421 61 140 422 422 80 141 423 423 79 141 424 424 67 141 425 425 119 142 426 426 74 142 427 427 73 142 428 428 132 143 429 429 198 143 430 430 126 143 431 431 26 144 432 432 141 144 433 433 128 144 434 434 144 145 435 435 45 145 436 436 150 145 437 437 45 146 438 438 50 146 439 439 125 146 440 440 57 147 441 441 49 147 442 442 19 147 443 443 57 148 444 444 17 148 445 445 54 148 446 446 13 149 447 447 117 149 448 448 12 149 449 449 57 150 450 450 54 150 451 451 124 150 452 452 13 151 453 453 12 151 454 454 19 151 455 455 19 152 456 456 36 152 457 457 13 152 458 458 84 153 459 459 83 153 460 460 14 153 461 461 19 154 462 462 12 154 463 463 57 154 464 464 23 155 465 465 84 155 466 466 14 155 467 467 35 156 468 468 19 156 469 469 21 156 470 470 23 157 471 471 14 157 472 472 21 157 473 473 16 158 474 474 15 158 475 475 123 158 476 476 21 159 477 477 14 159 478 478 35 159 479 479 15 160 480 480 122 160 481 481 123 160 482 482 49 161 483 483 123 161 484 484 122 161 485 485 44 162 486 486 124 162 487 487 54 162 488 488 54 163 489 489 43 163 490 490 44 163 491 491 21 164 492 492 19 164 493 493 122 164 494 494 49 165 495 495 122 165 496 496 19 165 497 497 57 166 498 498 124 166 499 499 49 166 500 500 138 167 501 501 43 167 502 502 54 167 503 503 140 168 504 504 54 168 505 505 17 168 506 506 83 169 507 507 130 169 508 508 146 169 509 509 150 170 510 510 125 170 511 511 124 170 512 512 21 171 513 513 149 171 514 514 143 171 515 515 21 172 516 516 145 172 517 517 149 172 518 518 131 173 519 519 137 173 520 520 19 173 521 521 128 174 522 522 49 174 523 523 124 174 524 524 44 175 525 525 144 175 526 526 150 175 527 527 127 176 528 528 132 176 529 529 15 176 530 530 130 177 531 531 83 177 532 532 84 177 533 533 139 178 534 534 134 178 535 535 21 178 536 536 147 179 537 537 142 179 538 538 13 179 539 539 128 180 540 540 141 180 541 541 123 180 542 542 129 181 543 543 148 181 544 544 57 181 545 545 127 182 546 546 16 182 547 547 123 182 548 548 134 183 549 549 145 183 550 550 21 183 551 551 81 184 552 552 146 184 553 553 85 184 554 554 137 185 555 555 147 185 556 556 36 185 557 557 132 186 558 558 126 186 559 559 122 186 560 560 148 187 561 561 151 187 562 562 17 187 563 563 126 188 564 564 139 188 565 565 21 188 566 566 136 189 567 567 35 189 568 568 146 189 569 569 144 190 570 570 44 190 571 571 43 190 572 572 81 191 573 573 136 191 574 574 146 191 575 575 133 192 576 576 129 192 577 577 12 192 578 578 29 193 579 579 116 193 580 580 133 193 581 581 142 194 582 582 29 194 583 583 133 194 584 584 142 195 585 585 133 195 586 586 117 195 587 587 131 196 588 588 136 196 589 589 87 196 590 590 87 197 591 591 136 197 592 592 81 197 593 593 136 198 594 594 131 198 595 595 35 198 596 596 143 199 597 597 82 199 598 598 86 199 599 599 135 200 600 600 143 200 601 601 86 200 602 602 23 201 603 603 143 201 604 604 135 201 605 605 153 202 606 606 184 202 607 607 183 202 608 608 155 203 609 609 157 203 610 610 156 203 611 611 153 204 612 612 156 204 613 613 157 204 614 614 153 205 615 615 152 205 616 616 155 205 617 617 152 206 618 618 154 206 619 619 157 206 620 620 158 207 621 621 159 207 622 622 160 207 623 623 161 208 624 624 163 208 625 625 162 208 626 626 181 209 627 627 163 209 628 628 159 209 629 629 159 210 630 630 158 210 631 631 161 210 632 632 158 211 633 633 160 211 634 634 163 211 635 635 164 212 636 636 165 212 637 637 166 212 638 638 167 213 639 639 169 213 640 640 168 213 641 641 165 214 642 642 168 214 643 643 169 214 644 644 165 215 645 645 164 215 646 646 167 215 647 647 164 216 648 648 166 216 649 649 169 216 650 650 11 217 651 651 5 217 652 652 6 217 653 653 6 218 654 654 0 218 655 655 7 218 656 656 56 219 657 657 25 219 658 658 148 219 659 659 127 220 660 660 26 220 661 661 197 220 662 662 133 221 663 663 116 221 664 664 129 221 665 665 126 222 666 666 27 222 667 667 139 222 668 668 8 223 669 669 18 223 670 670 9 223 671 671 38 224 672 672 29 224 673 673 147 224 674 674 86 225 675 675 82 225 676 676 85 225 677 677 55 226 678 678 5 226 679 679 56 226 680 680 47 227 681 681 4 227 682 682 50 227 683 683 28 228 684 684 2 228 685 685 34 228 686 686 27 229 687 687 3 229 688 688 30 229 689 689 37 230 690 690 1 230 691 691 38 230 692 692 22 231 693 693 2 231 694 694 32 231 695 695 34 232 696 696 31 232 697 697 131 232 698 698 33 233 699 699 20 233 700 700 34 233 701 701 31 234 702 702 20 234 703 703 38 234 704 704 31 235 705 705 38 235 706 706 137 235 707 707 58 236 708 708 9 236 709 709 59 236 710 710 51 237 711 711 46 237 712 712 140 237 713 713 46 238 714 714 45 238 715 715 138 238 716 716 52 239 717 717 39 239 718 718 51 239 719 719 39 240 720 720 40 240 721 721 46 240 722 722 151 241 723 723 25 241 724 724 140 241 725 725 5 242 726 726 52 242 727 727 25 242 728 728 24 243 729 729 0 243 730 730 56 243 731 731 129 244 732 732 24 244 733 733 148 244 734 734 53 245 735 735 6 245 736 736 48 245 737 737 58 246 738 738 59 246 739 739 64 246 740 740 72 247 741 741 119 247 742 742 70 247 743 743 118 248 744 744 73 248 745 745 120 248 746 746 121 249 747 747 76 249 748 748 119 249 749 749 120 250 750 750 75 250 751 751 121 250 752 752 64 251 753 753 65 251 754 754 76 251 755 755 65 252 756 756 66 252 757 757 74 252 758 758 88 253 759 759 32 253 760 760 87 253 761 761 32 254 762 762 88 254 763 763 134 254 764 764 135 255 765 765 86 255 766 766 130 255 767 767 82 256 768 768 88 256 769 769 81 256 770 770 149 257 771 771 145 257 772 772 82 257 773 773 92 258 774 774 89 258 775 775 94 258 776 776 93 259 777 777 90 259 778 778 92 259 779 779 95 260 780 780 99 260 781 781 94 260 782 782 93 261 783 783 92 261 784 784 97 261 785 785 101 262 786 786 100 262 787 787 103 262 788 788 172 263 789 789 174 263 790 790 170 263 791 791 104 264 792 792 97 264 793 793 103 264 794 794 99 265 795 795 104 265 796 796 103 265 797 797 100 266 798 798 98 266 799 799 103 266 800 800 97 267 801 801 98 267 802 802 101 267 803 803 89 268 804 804 61 268 805 805 91 268 806 806 105 269 807 807 107 269 808 808 108 269 809 809 106 270 810 810 105 270 811 811 109 270 812 812 110 271 813 813 114 271 814 814 108 271 815 815 111 272 816 816 115 272 817 817 110 272 818 818 108 273 819 819 112 273 820 820 109 273 821 821 68 274 822 822 63 274 823 823 105 274 824 824 111 275 825 825 109 275 826 826 115 275 827 827 95 276 828 828 106 276 829 829 102 276 830 830 29 277 831 831 1 277 832 832 116 277 833 833 91 278 834 834 106 278 835 835 94 278 836 836 106 279 837 837 93 279 838 838 102 279 839 839 110 280 840 840 107 280 841 841 111 280 842 842 111 281 843 843 90 281 844 844 109 281 845 845 30 282 846 846 32 282 847 847 139 282 848 848 69 283 849 849 70 283 850 850 120 283 851 851 71 284 852 852 121 284 853 853 72 284 854 854 71 285 855 855 69 285 856 856 121 285 857 857 118 286 858 858 119 286 859 859 73 286 860 860 50 287 861 861 26 287 862 862 128 287 863 863 150 288 864 864 45 288 865 865 125 288 866 866 140 289 867 867 138 289 868 868 54 289 869 869 151 290 870 870 140 290 871 871 17 290 872 872 14 291 873 873 83 291 874 874 146 291 875 875 23 292 876 876 21 292 877 877 143 292 878 878 35 293 879 879 131 293 880 880 19 293 881 881 125 294 882 882 128 294 883 883 124 294 884 884 124 295 885 885 44 295 886 886 150 295 887 887 16 296 888 888 127 296 889 889 15 296 890 890 135 297 891 891 130 297 892 892 84 297 893 893 36 298 894 894 147 298 895 895 13 298 896 896 49 299 897 897 128 299 898 898 123 299 899 899 12 300 900 900 129 300 901 901 57 300 902 902 141 301 903 903 127 301 904 904 123 301 905 905 19 302 906 906 137 302 907 907 36 302 908 908 15 303 909 909 132 303 910 910 122 303 911 911 57 304 912 912 148 304 913 913 17 304 914 914 122 305 915 915 126 305 916 916 21 305 917 917 138 306 918 918 144 306 919 919 43 306 920 920 117 307 921 921 133 307 922 922 12 307 923 923 13 308 924 924 142 308 925 925 117 308 926 926 87 309 927 927 28 309 928 928 34 309 929 929 34 310 930 930 131 310 931 931 87 310 932 932 84 311 933 933 23 311 934 934 135 311 935 935 154 312 936 936 153 312 937 937 157 312 938 938 156 313 939 939 153 313 940 940 155 313 941 941 155 314 942 942 152 314 943 943 157 314 944 944 160 315 945 945 159 315 946 946 163 315 947 947 181 316 948 948 161 316 949 949 162 316 950 950 161 317 951 951 158 317 952 952 163 317 953 953 166 318 954 954 165 318 955 955 169 318 956 956 168 319 957 957 165 319 958 958 167 319 959 959 167 320 960 960 164 320 961 961 169 320 962 962 96 321 963 963 175 321 964 964 171 321 965 965 175 322 966 966 177 322 967 967 179 322 968 968 176 323 969 969 179 323 970 970 180 323 971 971 176 324 972 972 178 324 973 973 174 324 974 974 174 325 975 975 177 325 976 976 173 325 977 977 178 326 978 978 179 326 979 979 177 326 980 980 183 327 981 981 187 327 982 982 186 327 983 983 152 328 984 984 183 328 985 985 182 328 986 986 152 329 987 987 184 329 988 988 154 329 989 989 185 330 990 990 186 330 991 991 187 330 992 992 183 331 993 993 185 331 994 994 182 331 995 995 184 332 996 996 185 332 997 997 187 332 998 998 188 333 999 999 190 333 1000 1000 189 333 1001 1001 193 334 1002 1002 195 334 1003 1003 192 334 1004 1004 189 335 1005 1005 193 335 1006 1006 192 335 1007 1007 188 336 1008 1008 192 336 1009 1009 191 336 1010 1010 188 337 1011 1011 193 337 1012 1012 190 337 1013 1013 194 338 1014 1014 195 338 1015 1015 196 338 1016 1016 192 339 1017 1017 194 339 1018 1018 191 339 1019 1019 193 340 1020 1020 194 340 1021 1021 196 340 1022 1022 27 341 1023 1023 198 341 1024 1024 197 341 1025 1025 26 342 1026 1026 27 342 1027 1027 197 342 1028 1028 198 343 1029 1029 27 343 1030 1030 126 343 1031 1031 204 0 1032 1032 254 0 1033 1033 205 0 1034 1034 207 1 1035 1035 208 1 1036 1036 257 1 1037 1037 203 2 1038 1038 209 2 1039 1039 208 2 1040 1040 221 3 1041 1041 217 3 1042 1042 207 3 1043 1043 232 4 1044 1044 201 4 1045 1045 207 4 1046 1046 199 5 1047 1047 200 5 1048 1048 206 5 1049 1049 224 6 1050 1050 335 6 1051 1051 332 6 1052 1052 225 7 1053 1053 311 7 1054 1054 325 7 1055 1055 356 8 1056 1056 311 8 1057 1057 355 8 1058 1058 333 9 1059 1059 281 9 1060 1060 327 9 1061 1061 300 10 1062 1062 223 10 1063 1063 313 10 1064 1064 226 11 1065 1065 229 11 1066 1066 323 11 1067 1067 217 12 1068 1068 202 12 1069 1069 208 12 1070 1070 228 13 1071 1071 326 13 1072 1072 331 13 1073 1073 200 14 1074 1074 236 14 1075 1075 206 14 1076 1076 281 15 1077 1077 280 15 1078 1078 284 15 1079 1079 201 16 1080 1080 221 16 1081 1081 207 16 1082 1082 204 17 1083 1083 224 17 1084 1084 255 17 1085 1085 203 18 1086 1086 225 18 1087 1087 249 18 1088 1088 202 19 1089 1089 226 19 1090 1090 225 19 1091 1091 221 20 1092 1092 231 20 1093 1093 229 20 1094 1094 201 21 1095 1095 232 21 1096 1096 233 21 1097 1097 199 22 1098 1098 223 22 1099 1099 300 22 1100 1100 202 23 1101 1101 217 23 1102 1102 229 23 1103 1103 200 24 1104 1104 228 24 1105 1105 237 24 1106 1106 201 25 1107 1107 227 25 1108 1108 231 25 1109 1109 230 26 1110 1110 321 26 1111 1111 315 26 1112 1112 219 27 1113 1113 232 27 1114 1114 207 27 1115 1115 219 28 1116 1116 230 28 1117 1117 233 28 1118 1118 219 29 1119 1119 236 29 1120 1120 237 29 1121 1121 237 30 1122 1122 331 30 1123 1123 321 30 1124 1124 219 31 1125 1125 207 31 1126 1126 206 31 1127 1127 208 32 1128 1128 209 32 1129 1129 258 32 1130 1130 210 33 1131 1131 205 33 1132 1132 252 33 1133 1133 245 34 1134 1134 322 34 1135 1135 324 34 1136 1136 244 35 1137 1137 328 35 1138 1138 322 35 1139 1139 238 36 1140 1140 245 36 1141 1141 250 36 1142 1142 239 37 1143 1143 244 37 1144 1144 245 37 1145 1145 249 38 1146 1146 312 38 1147 1147 309 38 1148 1148 246 39 1149 1149 249 39 1150 1150 244 39 1151 1151 224 40 1152 1152 250 40 1153 1153 324 40 1154 1154 251 41 1155 1155 250 41 1156 1156 224 41 1157 1157 199 42 1158 1158 254 42 1159 1159 255 42 1160 1160 223 43 1161 1161 255 43 1162 1162 332 43 1163 1163 254 44 1164 1164 199 44 1165 1165 205 44 1166 1166 251 45 1167 1167 204 45 1168 1168 210 45 1169 1169 239 46 1170 1170 240 46 1171 1171 209 46 1172 1172 239 47 1173 1173 238 47 1174 1174 240 47 1175 1175 203 48 1176 1176 246 48 1177 1177 209 48 1178 1178 251 49 1179 1179 210 49 1180 1180 240 49 1181 1181 206 50 1182 1182 207 50 1183 1183 241 50 1184 1184 205 51 1185 1185 206 51 1186 1186 247 51 1187 1187 209 52 1188 1188 240 52 1189 1189 258 52 1190 1190 240 53 1191 1191 210 53 1192 1192 259 53 1193 1193 258 54 1194 1194 240 54 1195 1195 259 54 1196 1196 259 55 1197 1197 265 55 1198 1198 264 55 1199 1199 279 56 1200 1200 266 56 1201 1201 260 56 1202 1202 278 57 1203 1203 267 57 1204 1204 266 57 1205 1205 277 58 1206 1206 260 58 1207 1207 262 58 1208 1208 258 59 1209 1209 264 59 1210 1210 263 59 1211 1211 276 60 1212 1212 262 60 1213 1213 267 60 1214 1214 247 61 1215 1215 261 61 1216 1216 265 61 1217 1217 241 62 1218 1218 263 62 1219 1219 261 62 1220 1220 241 63 1221 1221 257 63 1222 1222 263 63 1223 1223 259 64 1224 1224 252 64 1225 1225 265 64 1226 1226 303 65 1227 1227 302 65 1228 1228 269 65 1229 1229 272 66 1230 1230 274 66 1231 1231 304 66 1232 1232 275 67 1233 1233 273 67 1234 1234 303 67 1235 1235 274 68 1236 1236 275 68 1237 1237 305 68 1238 1238 264 69 1239 1239 273 69 1240 1240 275 69 1241 1241 265 70 1242 1242 272 70 1243 1243 273 70 1244 1244 263 71 1245 1245 275 71 1246 1246 274 71 1247 1247 261 72 1248 1248 274 72 1249 1249 272 72 1250 1250 270 73 1251 1251 271 73 1252 1252 279 73 1253 1253 271 74 1254 1254 269 74 1255 1255 278 74 1256 1256 268 75 1257 1257 270 75 1258 1258 277 75 1259 1259 269 76 1260 1260 268 76 1261 1261 276 76 1262 1262 231 77 1263 1263 227 77 1264 1264 286 77 1265 1265 287 78 1266 1266 329 78 1267 1267 318 78 1268 1268 285 79 1269 1269 284 79 1270 1270 314 79 1271 1271 330 80 1272 1272 314 80 1273 1273 284 80 1274 1274 234 81 1275 1275 213 81 1276 1276 330 81 1277 1277 287 82 1278 1278 286 82 1279 1279 280 82 1280 1280 329 83 1281 1281 287 83 1282 1282 281 83 1283 1283 288 84 1284 1284 290 84 1285 1285 293 84 1286 1286 289 85 1287 1287 288 85 1288 1288 291 85 1289 1289 260 95 1290 1290 266 95 1291 1291 290 95 1292 1292 288 96 1293 1293 289 96 1294 1294 260 96 1295 1295 262 102 1296 1296 298 102 1297 1297 296 102 1298 1298 296 103 1299 1299 297 103 1300 1300 267 103 1301 1301 200 106 1302 1302 199 106 1303 1303 300 106 1304 1304 297 107 1305 1305 294 107 1306 1306 293 107 1307 1307 297 108 1308 1308 289 108 1309 1309 292 108 1310 1310 290 109 1311 1311 266 109 1312 1312 297 109 1313 1313 289 111 1314 1314 297 111 1315 1315 299 111 1316 1316 298 112 1317 1317 262 112 1318 1318 289 112 1319 1319 267 113 1320 1320 297 113 1321 1321 266 113 1322 1322 262 114 1323 1323 260 114 1324 1324 289 114 1325 1325 247 115 1326 1326 241 115 1327 1327 261 115 1328 1328 261 116 1329 1329 263 116 1330 1330 274 116 1331 1331 265 117 1332 1332 261 117 1333 1333 272 117 1334 1334 252 118 1335 1335 247 118 1336 1336 265 118 1337 1337 258 119 1338 1338 259 119 1339 1339 264 119 1340 1340 217 120 1341 1341 221 120 1342 1342 229 120 1343 1343 231 121 1344 1344 318 121 1345 1345 323 121 1346 1346 247 122 1347 1347 206 122 1348 1348 241 122 1349 1349 241 123 1350 1350 207 123 1351 1351 257 123 1352 1352 236 124 1353 1353 219 124 1354 1354 206 124 1355 1355 203 125 1356 1356 202 125 1357 1357 225 125 1358 1358 202 126 1359 1359 203 126 1360 1360 208 126 1361 1361 239 127 1362 1362 246 127 1363 1363 244 127 1364 1364 246 128 1365 1365 239 128 1366 1366 209 128 1367 1367 238 129 1368 1368 251 129 1369 1369 240 129 1370 1370 259 130 1371 1371 210 130 1372 1372 252 130 1373 1373 269 131 1374 1374 302 131 1375 1375 304 131 1376 1376 305 132 1377 1377 303 132 1378 1378 271 132 1379 1379 268 133 1380 1380 304 133 1381 1381 305 133 1382 1382 278 134 1383 1383 269 134 1384 1384 276 134 1385 1385 279 135 1386 1386 271 135 1387 1387 278 135 1388 1388 277 136 1389 1389 270 136 1390 1390 279 136 1391 1391 276 137 1392 1392 268 137 1393 1393 277 137 1394 1394 276 138 1395 1395 277 138 1396 1396 262 138 1397 1397 278 139 1398 1398 276 139 1399 1399 267 139 1400 1400 277 140 1401 1401 279 140 1402 1402 260 140 1403 1403 279 141 1404 1404 278 141 1405 1405 266 141 1406 1406 303 142 1407 1407 273 142 1408 1408 272 142 1409 1409 316 143 1410 1410 356 143 1411 1411 310 143 1412 1412 225 144 1413 1413 325 144 1414 1414 312 144 1415 1415 328 145 1416 1416 244 145 1417 1417 334 145 1418 1418 244 146 1419 1419 249 146 1420 1420 309 146 1421 1421 256 147 1422 1422 248 147 1423 1423 218 147 1424 1424 256 148 1425 1425 216 148 1426 1426 253 148 1427 1427 212 149 1428 1428 301 149 1429 1429 211 149 1430 1430 256 150 1431 1431 253 150 1432 1432 308 150 1433 1433 212 151 1434 1434 211 151 1435 1435 218 151 1436 1436 218 152 1437 1437 235 152 1438 1438 212 152 1439 1439 283 153 1440 1440 282 153 1441 1441 213 153 1442 1442 218 154 1443 1443 211 154 1444 1444 256 154 1445 1445 222 155 1446 1446 283 155 1447 1447 213 155 1448 1448 234 156 1449 1449 218 156 1450 1450 220 156 1451 1451 222 157 1452 1452 213 157 1453 1453 220 157 1454 1454 215 158 1455 1455 214 158 1456 1456 307 158 1457 1457 220 159 1458 1458 213 159 1459 1459 234 159 1460 1460 214 160 1461 1461 306 160 1462 1462 307 160 1463 1463 248 161 1464 1464 307 161 1465 1465 306 161 1466 1466 243 162 1467 1467 308 162 1468 1468 253 162 1469 1469 253 163 1470 1470 242 163 1471 1471 243 163 1472 1472 220 164 1473 1473 218 164 1474 1474 306 164 1475 1475 248 165 1476 1476 306 165 1477 1477 218 165 1478 1478 256 166 1479 1479 308 166 1480 1480 248 166 1481 1481 322 167 1482 1482 242 167 1483 1483 253 167 1484 1484 324 168 1485 1485 253 168 1486 1486 216 168 1487 1487 282 169 1488 1488 314 169 1489 1489 330 169 1490 1490 334 170 1491 1491 309 170 1492 1492 308 170 1493 1493 220 171 1494 1494 333 171 1495 1495 327 171 1496 1496 220 172 1497 1497 329 172 1498 1498 333 172 1499 1499 315 173 1500 1500 321 173 1501 1501 218 173 1502 1502 312 174 1503 1503 248 174 1504 1504 308 174 1505 1505 243 175 1506 1506 328 175 1507 1507 334 175 1508 1508 311 176 1509 1509 316 176 1510 1510 214 176 1511 1511 314 177 1512 1512 282 177 1513 1513 283 177 1514 1514 323 178 1515 1515 318 178 1516 1516 220 178 1517 1517 331 179 1518 1518 326 179 1519 1519 212 179 1520 1520 312 180 1521 1521 325 180 1522 1522 307 180 1523 1523 313 181 1524 1524 332 181 1525 1525 256 181 1526 1526 311 182 1527 1527 215 182 1528 1528 307 182 1529 1529 318 183 1530 1530 329 183 1531 1531 220 183 1532 1532 280 184 1533 1533 330 184 1534 1534 284 184 1535 1535 321 185 1536 1536 331 185 1537 1537 235 185 1538 1538 316 186 1539 1539 310 186 1540 1540 306 186 1541 1541 332 187 1542 1542 335 187 1543 1543 216 187 1544 1544 310 188 1545 1545 323 188 1546 1546 220 188 1547 1547 320 189 1548 1548 234 189 1549 1549 330 189 1550 1550 328 190 1551 1551 243 190 1552 1552 242 190 1553 1553 280 191 1554 1554 320 191 1555 1555 330 191 1556 1556 317 192 1557 1557 313 192 1558 1558 211 192 1559 1559 228 193 1560 1560 300 193 1561 1561 317 193 1562 1562 326 194 1563 1563 228 194 1564 1564 317 194 1565 1565 326 195 1566 1566 317 195 1567 1567 301 195 1568 1568 315 196 1569 1569 320 196 1570 1570 286 196 1571 1571 286 197 1572 1572 320 197 1573 1573 280 197 1574 1574 320 198 1575 1575 315 198 1576 1576 234 198 1577 1577 327 199 1578 1578 281 199 1579 1579 285 199 1580 1580 319 200 1581 1581 327 200 1582 1582 285 200 1583 1583 222 201 1584 1584 327 201 1585 1585 319 201 1586 1586 336 203 1587 1587 338 203 1588 1588 337 203 1589 1589 339 208 1590 1590 341 208 1591 1591 340 208 1592 1592 342 213 1593 1593 344 213 1594 1594 343 213 1595 1595 210 217 1596 1596 204 217 1597 1597 205 217 1598 1598 205 218 1599 1599 199 218 1600 1600 206 218 1601 1601 255 219 1602 1602 224 219 1603 1603 332 219 1604 1604 311 220 1605 1605 225 220 1606 1606 355 220 1607 1607 317 221 1608 1608 300 221 1609 1609 313 221 1610 1610 310 222 1611 1611 226 222 1612 1612 323 222 1613 1613 207 223 1614 1614 217 223 1615 1615 208 223 1616 1616 237 224 1617 1617 228 224 1618 1618 331 224 1619 1619 285 225 1620 1620 281 225 1621 1621 284 225 1622 1622 254 226 1623 1623 204 226 1624 1624 255 226 1625 1625 246 227 1626 1626 203 227 1627 1627 249 227 1628 1628 227 228 1629 1629 201 228 1630 1630 233 228 1631 1631 226 229 1632 1632 202 229 1633 1633 229 229 1634 1634 236 230 1635 1635 200 230 1636 1636 237 230 1637 1637 221 231 1638 1638 201 231 1639 1639 231 231 1640 1640 233 232 1641 1641 230 232 1642 1642 315 232 1643 1643 232 233 1644 1644 219 233 1645 1645 233 233 1646 1646 230 234 1647 1647 219 234 1648 1648 237 234 1649 1649 230 235 1650 1650 237 235 1651 1651 321 235 1652 1652 257 236 1653 1653 208 236 1654 1654 258 236 1655 1655 250 237 1656 1656 245 237 1657 1657 324 237 1658 1658 245 238 1659 1659 244 238 1660 1660 322 238 1661 1661 251 239 1662 1662 238 239 1663 1663 250 239 1664 1664 238 240 1665 1665 239 240 1666 1666 245 240 1667 1667 335 241 1668 1668 224 241 1669 1669 324 241 1670 1670 204 242 1671 1671 251 242 1672 1672 224 242 1673 1673 223 243 1674 1674 199 243 1675 1675 255 243 1676 1676 313 244 1677 1677 223 244 1678 1678 332 244 1679 1679 252 245 1680 1680 205 245 1681 1681 247 245 1682 1682 257 246 1683 1683 258 246 1684 1684 263 246 1685 1685 271 247 1686 1686 303 247 1687 1687 269 247 1688 1688 302 248 1689 1689 272 248 1690 1690 304 248 1691 1691 305 249 1692 1692 275 249 1693 1693 303 249 1694 1694 304 250 1695 1695 274 250 1696 1696 305 250 1697 1697 263 251 1698 1698 264 251 1699 1699 275 251 1700 1700 264 252 1701 1701 265 252 1702 1702 273 252 1703 1703 287 253 1704 1704 231 253 1705 1705 286 253 1706 1706 231 254 1707 1707 287 254 1708 1708 318 254 1709 1709 319 255 1710 1710 285 255 1711 1711 314 255 1712 1712 281 256 1713 1713 287 256 1714 1714 280 256 1715 1715 333 257 1716 1716 329 257 1717 1717 281 257 1718 1718 291 258 1719 1719 288 258 1720 1720 293 258 1721 1721 292 259 1722 1722 289 259 1723 1723 291 259 1724 1724 288 268 1725 1725 260 268 1726 1726 290 268 1727 1727 297 270 1728 1728 296 270 1729 1729 299 270 1730 1730 267 274 1731 1731 262 274 1732 1732 296 274 1733 1733 294 276 1734 1734 297 276 1735 1735 295 276 1736 1736 228 277 1737 1737 200 277 1738 1738 300 277 1739 1739 290 278 1740 1740 297 278 1741 1741 293 278 1742 1742 297 279 1743 1743 292 279 1744 1744 295 279 1745 1745 229 282 1746 1746 231 282 1747 1747 323 282 1748 1748 268 283 1749 1749 269 283 1750 1750 304 283 1751 1751 270 284 1752 1752 305 284 1753 1753 271 284 1754 1754 270 285 1755 1755 268 285 1756 1756 305 285 1757 1757 302 286 1758 1758 303 286 1759 1759 272 286 1760 1760 249 287 1761 1761 225 287 1762 1762 312 287 1763 1763 334 288 1764 1764 244 288 1765 1765 309 288 1766 1766 324 289 1767 1767 322 289 1768 1768 253 289 1769 1769 335 290 1770 1770 324 290 1771 1771 216 290 1772 1772 213 291 1773 1773 282 291 1774 1774 330 291 1775 1775 222 292 1776 1776 220 292 1777 1777 327 292 1778 1778 234 293 1779 1779 315 293 1780 1780 218 293 1781 1781 309 294 1782 1782 312 294 1783 1783 308 294 1784 1784 308 295 1785 1785 243 295 1786 1786 334 295 1787 1787 215 296 1788 1788 311 296 1789 1789 214 296 1790 1790 319 297 1791 1791 314 297 1792 1792 283 297 1793 1793 235 298 1794 1794 331 298 1795 1795 212 298 1796 1796 248 299 1797 1797 312 299 1798 1798 307 299 1799 1799 211 300 1800 1800 313 300 1801 1801 256 300 1802 1802 325 301 1803 1803 311 301 1804 1804 307 301 1805 1805 218 302 1806 1806 321 302 1807 1807 235 302 1808 1808 214 303 1809 1809 316 303 1810 1810 306 303 1811 1811 256 304 1812 1812 332 304 1813 1813 216 304 1814 1814 306 305 1815 1815 310 305 1816 1816 220 305 1817 1817 322 306 1818 1818 328 306 1819 1819 242 306 1820 1820 301 307 1821 1821 317 307 1822 1822 211 307 1823 1823 212 308 1824 1824 326 308 1825 1825 301 308 1826 1826 286 309 1827 1827 227 309 1828 1828 233 309 1829 1829 233 310 1830 1830 315 310 1831 1831 286 310 1832 1832 283 311 1833 1833 222 311 1834 1834 319 311 1835 1835 291 354 1866 1866 293 354 1867 1867 294 354 1868 1868 226 341 1869 1869 356 341 1870 1870 355 341 1871 1871 225 342 1872 1872 226 342 1873 1873 355 342 1874 1874 356 343 1875 1875 226 343 1876 1876 310 343 1877 1877 198 389 1980 1980 132 389 1981 1981 127 389 1982 1982 97 390 1983 1983 104 390 1984 1984 102 390 1985 1985 96 391 1986 1986 170 391 1987 1987 174 391 1988 1988 104 392 1989 1989 99 392 1990 1990 95 392 1991 1991 171 393 1992 1992 175 393 1993 1993 176 393 1994 1994 153 394 1995 1995 154 394 1996 1996 184 394 1997 1997 181 395 1998 1998 162 395 1999 1999 163 395 2000 2000 172 396 2001 2001 176 396 2002 2002 174 396 2003 2003 181 397 2004 2004 159 397 2005 2005 161 397 2006 2006 96 398 2007 2007 173 398 2008 2008 175 398 2009 2009 175 399 2010 2010 173 399 2011 2011 177 399 2012 2012 176 400 2013 2013 175 400 2014 2014 179 400 2015 2015 176 401 2016 2016 180 401 2017 2017 178 401 2018 2018 174 402 2019 2019 178 402 2020 2020 177 402 2021 2021 178 403 2022 2022 180 403 2023 2023 179 403 2024 2024 183 404 2025 2025 184 404 2026 2026 187 404 2027 2027 152 405 2028 2028 153 405 2029 2029 183 405 2030 2030 152 406 2031 2031 182 406 2032 2032 184 406 2033 2033 183 407 2034 2034 186 407 2035 2035 185 407 2036 2036 184 408 2037 2037 182 408 2038 2038 185 408 2039 2039 193 409 2040 2040 196 409 2041 2041 195 409 2042 2042 189 410 2043 2043 190 410 2044 2044 193 410 2045 2045 188 411 2046 2046 189 411 2047 2047 192 411 2048 2048 188 412 2049 2049 191 412 2050 2050 193 412 2051 2051 192 413 2052 2052 195 413 2053 2053 194 413 2054 2054 193 414 2055 2055 191 414 2056 2056 194 414 2057 2057 356 389 2058 2058 316 389 2059 2059 311 389 2060 2060 294 415 2061 2061 295 415 2062 2062 292 415 2063 2063 292 416 2064 2064 291 416 2065 2065 294 416 2066 2066</p>
        </polylist>
        <polylist material="leaves_strong-material" count="27">
          <input semantic="VERTEX" source="#Colmesh-1-mesh-vertices" offset="0"/>
          <input semantic="NORMAL" source="#Colmesh-1-mesh-normals" offset="1"/>
          <input semantic="TEXCOORD" source="#Colmesh-1-mesh-map-0" offset="2" set="0"/>
          <input semantic="COLOR" source="#Colmesh-1-mesh-colors-Col" offset="3" set="0"/>
          <vcount>3 3 3 3 3 3 3 3 3 3 3 3 3 3 3 3 3 3 3 3 3 3 3 3 3 3 3 </vcount>
          <p>351 344 1836 1836 347 344 1837 1837 345 344 1838 1838 350 345 1839 1839 349 345 1840 1840 346 345 1841 1841 349 346 1842 1842 353 346 1843 1843 346 346 1844 1844 352 347 1845 1845 351 347 1846 1846 345 347 1847 1847 352 348 1848 1848 346 348 1849 1849 354 348 1850 1850 347 349 1851 1851 353 349 1852 1852 349 349 1853 1853 345 350 1854 1854 350 350 1855 1855 346 350 1856 1856 353 351 1857 1857 354 351 1858 1858 346 351 1859 1859 347 352 1860 1860 348 352 1861 1861 345 352 1862 1862 353 353 1863 1863 352 353 1864 1864 354 353 1865 1865 359 355 1878 1878 358 355 1879 1879 357 355 1880 1880 363 356 1881 1881 361 356 1882 1882 362 356 1883 1883 359 357 1884 1884 357 357 1885 1885 363 357 1886 1886 358 358 1887 1887 362 358 1888 1888 361 358 1889 1889 360 359 1890 1890 359 359 1891 1891 364 359 1892 1892 357 360 1893 1893 358 360 1894 1894 361 360 1895 1895 364 361 1896 1896 359 361 1897 1897 363 361 1898 1898 363 362 1899 1899 357 362 1900 1900 361 362 1901 1901 362 363 1902 1902 360 363 1903 1903 364 363 1904 1904 364 364 1905 1905 363 364 1906 1906 362 364 1907 1907 352 365 1908 1908 345 365 1909 1909 346 365 1910 1910 347 366 1911 1911 351 366 1912 1912 353 366 1913 1913 345 367 1914 1914 348 367 1915 1915 350 367 1916 1916 349 368 1917 1917 350 368 1918 1918 348 368 1919 1919 353 369 1920 1920 351 369 1921 1921 352 369 1922 1922 359 370 1923 1923 360 370 1924 1924 358 370 1925 1925 358 371 1926 1926 360 371 1927 1927 362 371 1928 1928</p>
        </polylist>
        <polylist material="leaves_thin-material" count="22">
          <input semantic="VERTEX" source="#Colmesh-1-mesh-vertices" offset="0"/>
          <input semantic="NORMAL" source="#Colmesh-1-mesh-normals" offset="1"/>
          <input semantic="TEXCOORD" source="#Colmesh-1-mesh-map-0" offset="2" set="0"/>
          <input semantic="COLOR" source="#Colmesh-1-mesh-colors-Col" offset="3" set="0"/>
          <vcount>3 3 3 3 3 3 3 3 3 3 3 3 3 3 3 3 3 3 3 3 3 3 </vcount>
          <p>368 372 1929 1929 365 372 1930 1930 366 372 1931 1931 372 373 1932 1932 369 373 1933 1933 371 373 1934 1934 366 374 1935 1935 369 374 1936 1936 370 374 1937 1937 365 375 1938 1938 371 375 1939 1939 369 375 1940 1940 372 376 1941 1941 366 376 1942 1942 370 376 1943 1943 376 377 1944 1944 373 377 1945 1945 374 377 1946 1946 376 378 1947 1947 379 378 1948 1948 375 378 1949 1949 380 379 1950 1950 377 379 1951 1951 379 379 1952 1952 378 380 1953 1953 373 380 1954 1954 377 380 1955 1955 375 381 1956 1956 377 381 1957 1957 373 381 1958 1958 378 382 1959 1959 376 382 1960 1960 374 382 1961 1961 376 383 1962 1962 375 383 1963 1963 373 383 1964 1964 376 384 1965 1965 380 384 1966 1966 379 384 1967 1967 380 385 1968 1968 378 385 1969 1969 377 385 1970 1970 378 386 1971 1971 374 386 1972 1972 373 386 1973 1973 375 387 1974 1974 379 387 1975 1975 377 387 1976 1976 378 388 1977 1977 380 388 1978 1978 376 388 1979 1979 368 417 2067 2067 367 417 2068 2068 365 417 2069 2069 372 418 2070 2070 370 418 2071 2071 369 418 2072 2072 366 419 2073 2073 365 419 2074 2074 369 419 2075 2075 365 420 2076 2076 367 420 2077 2077 371 420 2078 2078 372 421 2079 2079 368 421 2080 2080 366 421 2081 2081</p>
        </polylist>
      </mesh>
      <extra><technique profile="MAYA"><double_sided>1</double_sided></technique></extra>
    </geometry>
    <geometry id="tree_oak_large_b200_001-mesh" name="tree_oak_large_b200.001">
      <mesh>
        <source id="tree_oak_large_b200_001-mesh-positions">
          <float_array id="tree_oak_large_b200_001-mesh-positions-array" count="126">-2.759903 -0.3983787 1.528672 -2.698364 -1.485799 0.1591346 -2.769973 -1.371507 -0.7458298 -3.238312 0.121131 -1.672862 -3.036972 1.535616 0.3966758 1.558034 0.2639714 0.7234859 1.558034 -0.4284113 0.2663015 1.558034 -0.318892 -0.2882734 1.558034 0.4518281 -0.4947825 1.558034 0.8100846 0.2206692 14.545 0.04821288 0.3772546 14.545 -0.2684294 0.1681738 14.545 -0.2183437 -0.08544588 14.545 0.1341241 -0.1798871 14.545 0.2979629 0.1473051 18.24128 0.04862862 0.5320558 20.01928 -0.179441 0.7420493 18.39053 -0.1222995 -0.04638391 19.80675 -0.0548591 1.125217 18.3346 0.4674897 0.1501467 19.95696 0.2525237 0.8796116 22.45875 -0.8668949 3.609083 22.31253 -0.7811862 3.872691 22.41587 -0.5697157 3.703722 8.719272 3.887492 3.374646 8.544476 3.889747 3.495324 8.555743 4.022531 3.351068 6.329296 0.2543784 0.220704 6.07141 0.2577056 0.398746 6.088032 0.453608 0.1859186 16.88005 0.08641934 3.222392 16.74704 0.1002891 3.387435 16.81172 0.2686904 3.309815 12.65649 -0.1416721 -0.09045481 12.36427 -0.1111997 0.272145 12.50639 0.2587797 0.101615 19.42574 2.958919 2.066636 19.34526 2.909559 2.25692 19.27309 3.068784 2.167436 16.08349 -0.02338832 -0.1205951 15.90666 -0.131833 0.2974593 15.74811 0.2179856 0.100862</float_array>
          <technique_common>
            <accessor source="#tree_oak_large_b200_001-mesh-positions-array" count="42" stride="3">
              <param name="X" type="float"/>
              <param name="Y" type="float"/>
              <param name="Z" type="float"/>
            </accessor>
          </technique_common>
        </source>
        <source id="tree_oak_large_b200_001-mesh-normals">
          <float_array id="tree_oak_large_b200_001-mesh-normals-array" count="204">-0.9624634 -0.1711727 0.2106283 0.01708692 -0.2587756 -0.9657864 0.08300179 0.8189598 -0.5678164 0.2412513 -0.952075 -0.1880188 0.1137188 0.5139539 0.8502467 0.16286 -0.2553581 -0.9530314 0.2334975 -0.5357884 0.8114246 -0.3712568 -0.9237188 0.09440428 0.01309198 -0.5509728 0.8344205 0.03271305 0.8936833 -0.4475044 0.01062071 -0.9809974 -0.1937304 0.03085112 0.6770204 0.7353174 0.8696879 -0.03139144 0.4926029 -0.2220903 0.6834906 0.6953535 -0.0308448 0.6771829 0.735168 -0.1504313 -0.9616766 0.2292349 -0.4417363 0.6817955 0.5831157 0.05419081 0.3202902 -0.9457683 0.4206762 0.329832 -0.8451287 0.02646094 -0.9807091 -0.1936737 0.01627343 -0.2587794 -0.9657995 -0.03486549 -0.5506852 0.8339847 0.7616201 0.2938199 -0.5775853 -0.4407038 -0.6430434 -0.6263189 0.4407029 0.6430412 0.6263219 0.8873891 -0.3716539 -0.2727892 -0.3781014 0.7361026 -0.56142 -0.4463798 -0.4008685 0.800031 -0.7782006 0.009485721 -0.6279443 0.7782003 -0.009485125 0.6279447 0.5133191 -0.5139604 -0.6872758 0.007276892 0.9969334 -0.0779168 -0.5096623 -0.5198551 0.6855619 -0.6976242 -0.5642933 -0.4414675 0.6976292 0.5642904 0.4414633 0.5970776 -0.1699776 -0.7839681 -0.6378852 0.7668622 -0.0708872 0.05673909 -0.6310153 0.7736927 -0.9911888 -0.1160952 0.06377017 -0.992286 -0.1148698 0.04662001 0.01708692 -0.2587757 -0.9657863 0.1230906 0.8873622 -0.444339 0.2479878 -0.9584949 -0.1406757 0.03326386 0.676968 0.7352604 0.2418104 -0.4560559 -0.8564699 0.1750581 -0.7672146 0.6170385 -0.3712598 -0.9237174 0.09440553 0.01309198 -0.5509729 0.8344206 0.03271305 0.8936833 -0.4475045 0.01062071 -0.9809974 -0.1937307 0.03085112 0.6770205 0.7353172 -0.2228749 0.6726802 0.7055694 -0.03087133 0.67702 0.7353168 -0.1516762 -0.957863 0.2439119 -0.441739 0.6817908 0.5831193 -0.03963315 0.8934592 -0.4473925 0.4233988 0.3222855 -0.8466791 0.05273371 -0.9538924 0.2954801 0.7616189 0.2938245 -0.5775845 0.8873898 -0.3716516 -0.2727902 -0.3781033 0.7361007 -0.5614212 -0.4463799 -0.4008737 0.8000283 0.5133212 -0.5139551 -0.6872783 0.007276058 0.9969334 -0.07791554 -0.5096639 -0.5198507 0.685564 0.5970783 -0.1699697 -0.7839692 -0.6378844 0.7668623 -0.07089203 0.05673921 -0.6310178 0.7736906</float_array>
          <technique_common>
            <accessor source="#tree_oak_large_b200_001-mesh-normals-array" count="68" stride="3">
              <param name="X" type="float"/>
              <param name="Y" type="float"/>
              <param name="Z" type="float"/>
            </accessor>
          </technique_common>
        </source>
        <source id="tree_oak_large_b200_001-mesh-map-0">
          <float_array id="tree_oak_large_b200_001-mesh-map-0-array" count="408">0.4732913 0.7447108 0.433437 0.6925395 0.5664983 0.6703637 0.556167 0.5512306 0.5996084 0.1292149 0.6236273 0.1254289 0.2441012 0.9382895 0.36763 0.7537893 0.433437 0.9518386 0.7722747 0.01456141 0.8361712 0.122204 0.7955393 0.129079 0.2441012 0.02295845 0.08254712 0.1881194 0.0786283 0 0.5664983 0.6703637 0.5036463 0.5595088 0.556167 0.5512306 0.7722747 0.9178664 0.7038463 0.7481134 0.7672427 0.7481785 0.8050551 0.4517505 0.7825031 0.3356114 0.8050551 0.3353247 0.7038463 0.7481134 0.7253315 0.2235472 0.7672427 0.7481785 0.36763 0.7537893 0.3865946 0.2240647 0.4134607 0.2249062 0.5926508 0.5594196 0.6236273 0.1254289 0.6403121 0.1291741 0.139487 0.1905136 0.03127837 0.7028129 0.08254712 0.1881194 0.835582 0.3387015 0.8161796 0.3357798 0.8352774 0.3301872 0.04401606 0.8480294 0.04128408 0.9114525 0 0.8498324 0.03127837 0.7028129 0.04401606 0.8480294 0 0.8498324 0.7296124 0.07338953 0.7249794 0 0.7515193 0.007413208 0.07221484 0.9071164 0.2228218 1 0.04128408 0.9114525 0.4134607 0.2249062 0.3909537 0.06993389 0.433437 0.06821513 0.433437 0.06821513 0.3677263 0.002143383 0.3985638 0 0.6403121 0.1291741 0.6236273 0.1254289 0.6389078 0 0.6236273 0.1254289 0.5996084 0.1292149 0.6389078 0 0.6963388 0.2235175 0.7296124 0.07338953 0.7253315 0.2235472 0.835582 0.4796059 0.8161796 0.3357798 0.835582 0.3387015 0.8494573 0.05587786 0.8361712 0.05103278 0.8494573 0.04724115 0.8559873 0.04724115 0.8361712 0.04007923 0.8559873 0.03471946 0.9558909 0.1295598 0.9336368 0.3478704 0.9408071 0.129079 1 0.346808 0.978096 0.129079 1 0.1290989 0.9755626 0.3477641 0.9558909 0.129079 0.978096 0.129079 0.8488093 0.07166802 0.8361712 0.06624728 0.8488093 0.06446284 0.8571313 0.03471946 0.8361712 0.02955663 0.8571313 0.01755887 0.8940227 0.129079 0.8727165 0.3120569 0.8789617 0.1290791 0.8727164 0.3354385 0.8432265 0.1337571 0.8727165 0.129079 0.8073796 0.3343355 0.7722747 0.1312525 0.8073796 0.129079 0.8495373 0.06446284 0.8361712 0.0595985 0.8495373 0.05587786 0.8638018 0.01755887 0.8361712 0.009537816 0.8638018 0 0.9336368 0.1307594 0.9058056 0.3224294 0.920969 0.129079 0.8841415 0.3120569 0.8936864 0.5137492 0.8727165 0.5113303 0.8267599 0.129079 0.8432265 0.3301872 0.8073796 0.3301872 0.5664983 0.6703637 0.6229364 0.68235 0.4732913 0.7447108 0.6403121 0.7256878 0.4732913 0.7447108 0.6229364 0.68235 0.556167 0.5512306 0.5036463 0.5595088 0.5996084 0.1292149 0.2441012 0.9382895 0.3088834 0.7519492 0.36763 0.7537893 0.7722747 0.01456141 0.8361712 0 0.8361712 0.122204 0.2441012 0.02295845 0.139487 0.1905136 0.08254712 0.1881194 0.5664983 0.6703637 0.433437 0.6925395 0.5036463 0.5595088 0.7722747 0.9178664 0.6403121 0.9178664 0.7038463 0.7481134 0.8050551 0.4517505 0.7722747 0.4521672 0.7825031 0.3356114 0.7038463 0.7481134 0.6963388 0.2235175 0.7253315 0.2235472 0.36763 0.7537893 0.3088834 0.7519492 0.3865946 0.2240647 0.5926508 0.5594196 0.556167 0.5512306 0.6236273 0.1254289 0.139487 0.1905136 0.05731832 0.7039079 0.03127837 0.7028129 0.04401606 0.8480294 0.07221484 0.9071164 0.04128408 0.9114525 0.03127837 0.7028129 0.05731832 0.7039079 0.04401606 0.8480294 0.7296124 0.07338953 0.690714 0.0691874 0.7249794 0 0.07221484 0.9071164 0.2441012 0.9970169 0.2228218 1 0.4134607 0.2249062 0.3865946 0.2240647 0.3909537 0.06993389 0.433437 0.06821513 0.3909537 0.06993389 0.3677263 0.002143383 0.6963388 0.2235175 0.690714 0.0691874 0.7296124 0.07338953 0.835582 0.4796059 0.8073796 0.4753592 0.8161796 0.3357798 0.9558909 0.1295598 0.9558907 0.3485798 0.9336368 0.3478704 1 0.346808 0.9851534 0.3467944 0.978096 0.129079 0.9755626 0.3477641 0.9605119 0.3477641 0.9558909 0.129079 0.8940227 0.129079 0.9058056 0.3120568 0.8727165 0.3120569 0.8727164 0.3354385 0.8592936 0.3375678 0.8432265 0.1337571 0.8073796 0.3343355 0.7914011 0.3353247 0.7722747 0.1312525 0.9336368 0.1307594 0.9336369 0.3261214 0.9058056 0.3224294 0.8841415 0.3120569 0.8936864 0.3131579 0.8936864 0.5137492 0.8267599 0.129079 0.8430764 0.1290791 0.8432265 0.3301872</float_array>
          <technique_common>
            <accessor source="#tree_oak_large_b200_001-mesh-map-0-array" count="204" stride="2">
              <param name="S" type="float"/>
              <param name="T" type="float"/>
            </accessor>
          </technique_common>
        </source>
        <source id="tree_oak_large_b200_001-mesh-colors-Col" name="Col">
          <float_array id="tree_oak_large_b200_001-mesh-colors-Col-array" count="612">1 1 1 1 1 1 1 1 1 1 1 1 1 1 1 1 1 1 1 1 1 1 1 1 1 1 1 1 1 1 1 1 1 1 1 1 1 1 1 1 1 1 1 1 1 1 1 1 1 1 1 1 1 1 1 1 1 1 1 1 1 1 1 1 1 1 1 1 1 1 1 1 1 1 1 1 1 1 1 1 1 1 1 1 1 1 1 1 1 1 1 1 1 1 1 1 1 1 1 1 1 1 1 1 1 1 1 1 1 1 1 1 1 1 1 1 1 1 1 1 1 1 1 1 1 1 1 1 1 1 1 1 1 1 1 1 1 1 1 1 1 1 1 1 1 1 1 1 1 1 1 1 1 1 1 1 1 1 1 1 1 1 1 1 1 1 1 1 1 1 1 1 1 1 1 1 1 1 1 1 1 1 1 1 1 1 1 1 1 1 1 1 1 1 1 1 1 1 1 1 1 1 1 1 1 1 1 1 1 1 1 1 1 1 1 1 1 1 1 1 1 1 1 1 1 1 1 1 1 1 1 1 1 1 1 1 1 1 1 1 1 1 1 1 1 1 1 1 1 1 1 1 1 1 1 1 1 1 1 1 1 1 1 1 1 1 1 1 1 1 1 1 1 1 1 1 1 1 1 1 1 1 1 1 1 1 1 1 1 1 1 1 1 1 1 1 1 1 1 1 1 1 1 1 1 1 1 1 1 1 1 1 1 1 1 1 1 1 1 1 1 1 1 1 1 1 1 1 1 1 1 1 1 1 1 1 1 1 1 1 1 1 1 1 1 1 1 1 1 1 1 1 1 1 1 1 1 1 1 1 1 1 1 1 1 1 1 1 1 1 1 1 1 1 1 1 1 1 1 1 1 1 1 1 1 1 1 1 1 1 1 1 1 1 1 1 1 1 1 1 1 1 1 1 1 1 1 1 1 1 1 1 1 1 1 1 1 1 1 1 1 1 1 1 1 1 1 1 1 1 1 1 1 1 1 1 1 1 1 1 1 1 1 1 1 1 1 1 1 1 1 1 1 1 1 1 1 1 1 1 1 1 1 1 1 1 1 1 1 1 1 1 1 1 1 1 1 1 1 1 1 1 1 1 1 1 1 1 1 1 1 1 1 1 1 1 1 1 1 1 1 1 1 1 1 1 1 1 1 1 1 1 1 1 1 1 1 1 1 1 1 1 1 1 1 1 1 1 1 1 1 1 1 1 1 1 1 1 1 1 1 1 1 1 1 1 1 1 1 1 1 1 1 1 1 1 1 1 1 1 1 1 1 1 1 1 1 1 1 1 1 1 1 1 1 1 1 1 1 1 1 1 1 1 1 1 1 1 1 1 1 1 1 1 1 1 1 1 1 1 1 1 1 1 1 1 1 1 1 1 1 1</float_array>
          <technique_common>
            <accessor source="#tree_oak_large_b200_001-mesh-colors-Col-array" count="204" stride="3">
              <param name="R" type="float"/>
              <param name="G" type="float"/>
              <param name="B" type="float"/>
            </accessor>
          </technique_common>
        </source>
        <vertices id="tree_oak_large_b200_001-mesh-vertices">
          <input semantic="POSITION" source="#tree_oak_large_b200_001-mesh-positions"/>
        </vertices>
        <polylist material="tro_tree_2_trunk-material" count="68">
          <input semantic="VERTEX" source="#tree_oak_large_b200_001-mesh-vertices" offset="0"/>
          <input semantic="NORMAL" source="#tree_oak_large_b200_001-mesh-normals" offset="1"/>
          <input semantic="TEXCOORD" source="#tree_oak_large_b200_001-mesh-map-0" offset="2" set="0"/>
          <input semantic="COLOR" source="#tree_oak_large_b200_001-mesh-colors-Col" offset="3" set="0"/>
          <vcount>3 3 3 3 3 3 3 3 3 3 3 3 3 3 3 3 3 3 3 3 3 3 3 3 3 3 3 3 3 3 3 3 3 3 3 3 3 3 3 3 3 3 3 3 3 3 3 3 3 3 3 3 3 3 3 3 3 3 3 3 3 3 3 3 3 3 3 3 </vcount>
          <p>4 0 0 0 3 0 1 1 2 0 2 2 7 1 3 3 13 1 4 4 12 1 5 5 4 2 6 6 8 2 7 7 3 2 8 8 1 3 9 9 7 3 10 10 6 3 11 11 0 4 12 12 9 4 13 13 4 4 14 14 2 5 15 15 8 5 16 16 7 5 17 17 0 6 18 18 6 6 19 19 5 6 20 20 18 7 21 21 21 7 22 22 22 7 23 23 6 8 24 24 10 8 25 25 5 8 26 26 8 9 27 27 14 9 28 28 13 9 29 29 6 10 30 30 12 10 31 31 11 10 32 32 5 11 33 33 14 11 34 34 9 11 35 35 21 12 36 36 23 12 37 37 22 12 38 38 15 13 39 39 20 13 40 40 19 13 41 41 14 14 42 42 15 14 43 43 19 14 44 44 15 15 45 45 16 15 46 46 18 15 47 47 18 16 48 48 23 16 49 49 20 16 50 50 13 17 51 51 19 17 52 52 17 17 53 53 17 18 54 54 20 18 55 55 16 18 56 56 11 19 57 57 12 19 58 58 17 19 59 59 12 20 60 60 13 20 61 61 17 20 62 62 11 21 63 63 15 21 64 64 10 21 65 65 16 22 66 66 23 22 67 67 21 22 68 68 24 23 69 69 25 23 70 70 26 23 71 71 27 24 72 72 29 24 73 73 28 24 74 74 25 25 75 75 29 25 76 76 26 25 77 77 25 26 78 78 27 26 79 79 28 26 80 80 24 27 81 81 29 27 82 82 27 27 83 83 30 28 84 84 31 28 85 85 32 28 86 86 33 29 87 87 35 29 88 88 34 29 89 89 31 30 90 90 35 30 91 91 32 30 92 92 31 31 93 93 33 31 94 94 34 31 95 95 30 32 96 96 35 32 97 97 33 32 98 98 36 33 99 99 37 33 100 100 38 33 101 101 39 34 102 102 41 34 103 103 40 34 104 104 37 35 105 105 41 35 106 106 38 35 107 107 37 36 108 108 39 36 109 109 40 36 110 110 36 37 111 111 41 37 112 112 39 37 113 113 2 38 114 114 1 38 115 115 4 38 116 116 0 39 117 117 4 39 118 118 1 39 119 119 7 40 120 120 8 40 121 121 13 40 122 122 4 41 123 123 9 41 124 124 8 41 125 125 1 42 126 126 2 42 127 127 7 42 128 128 0 43 129 129 5 43 130 130 9 43 131 131 2 44 132 132 3 44 133 133 8 44 134 134 0 45 135 135 1 45 136 136 6 45 137 137 18 46 138 138 16 46 139 139 21 46 140 140 6 47 141 141 11 47 142 142 10 47 143 143 8 48 144 144 9 48 145 145 14 48 146 146 6 49 147 147 7 49 148 148 12 49 149 149 5 50 150 150 10 50 151 151 14 50 152 152 15 51 153 153 18 51 154 154 20 51 155 155 14 52 156 156 10 52 157 157 15 52 158 158 15 53 159 159 17 53 160 160 16 53 161 161 18 54 162 162 22 54 163 163 23 54 164 164 13 55 165 165 14 55 166 166 19 55 167 167 17 56 168 168 19 56 169 169 20 56 170 170 11 57 171 171 17 57 172 172 15 57 173 173 16 58 174 174 20 58 175 175 23 58 176 176 25 59 177 177 28 59 178 178 29 59 179 179 25 60 180 180 24 60 181 181 27 60 182 182 24 61 183 183 26 61 184 184 29 61 185 185 31 62 186 186 34 62 187 187 35 62 188 188 31 63 189 189 30 63 190 190 33 63 191 191 30 64 192 192 32 64 193 193 35 64 194 194 37 65 195 195 40 65 196 196 41 65 197 197 37 66 198 198 36 66 199 199 39 66 200 200 36 67 201 201 38 67 202 202 41 67 203 203</p>
        </polylist>
      </mesh>
      <extra><technique profile="MAYA"><double_sided>1</double_sided></technique></extra>
    </geometry>
    <geometry id="tree_oak_large_b200_002-mesh" name="tree_oak_large_b200.002">
      <mesh>
        <source id="tree_oak_large_b200_002-mesh-positions">
          <float_array id="tree_oak_large_b200_002-mesh-positions-array" count="4452">-1.067148 -0.6240882 0.9548917 -1.432707 -0.9799982 -0.9979498 -3.852048 -1.301272 -0.1139116 -3.861454 -1.118442 0.8336657 -1.263678 -0.7265776 0.1509682 -2.707444 -1.493156 0.0761196 -2.737077 -1.377423 1.279706 -3.53363 -0.9651135 -1.328226 -1.325226 -0.3793655 0.01947706 -1.530259 -1.289311 -0.267273 -3.343355 -1.075223 0.3980403 -3.229747 -0.2805423 0.1449905 -1.394738 -0.7201613 -0.05799812 -2.265049 -0.804618 0.4362758 -2.276645 -0.4188684 0.8035166 -2.393438 -1.330636 0.5351287 -2.12431 0.5233305 -1.210491 -2.323647 -0.3059087 -1.524966 -4.142778 0.002069532 -1.244828 -4.122629 0.5552377 -0.4878775 -2.22853 0.1239902 -1.194508 -3.369763 0.1856235 -1.643324 -3.250581 0.5740234 -1.77622 -3.481939 -0.2634484 -1.405944 -1.732495 0.5468415 -0.943468 -1.902289 0.02019423 0.2534993 -4.249526 0.4820326 0.3284579 -4.230808 1.023582 -0.40406 -1.791234 0.4608122 -0.3209035 -3.29025 0.5829294 -0.5683424 -3.347695 0.5855404 -1.207721 -3.260816 0.611036 0.2226976 -1.682705 -0.3399012 1.19263 -1.607549 0.4853383 0.8145425 -3.806279 0.4676934 0.7964046 -3.559073 -0.2396702 1.203778 -1.8227 0.01765638 0.9538162 -2.743133 0.3032419 1.403948 -2.585805 0.007043182 1.767634 -2.975025 0.660692 0.9431976 -1.765939 -0.850583 1.03631 -1.965276 -0.09052324 1.55061 -3.920068 -0.02687072 1.152961 -3.899918 -0.443493 0.2740764 -1.870159 -0.4568975 1.120036 -3.003149 -0.5690915 1.582741 -2.962604 -1.005721 1.643021 -3.156441 -0.02814483 1.417104 -1.126149 0.2841851 -1.163901 -1.601992 1.031635 0.5882608 -4.086455 1.178553 -0.4484647 -4.037702 0.7813468 -1.290079 -1.358538 0.5442146 -0.4257362 -2.932048 1.108087 -0.5959704 -2.915014 0.7011684 -1.706936 -3.61326 0.7635911 0.8893674 -1.994578 1.614143 -0.2464689 -2.760569 1.272952 0.8354162 -3.974852 1.623618 0.04371458 -3.830956 2.639705 -0.7832995 -2.333039 1.449599 0.1681699 -3.229245 1.811002 0.1194342 -2.97767 2.228937 -0.5744115 -3.981899 1.162131 0.3530535 -2.765397 1.141316 0.3470216 -2.361154 1.978647 -0.497411 -4.228425 2.459482 -0.6622431 -4.29052 1.399003 -0.02793359 -2.602112 1.510153 0.03768998 -3.40603 1.824948 -0.2991688 -3.789975 1.410501 0.1407218 -3.110549 2.9744 -0.2501686 -1.096987 1.124407 0.3033766 -1.478981 0.1521762 0.905758 -3.506345 0.7923724 1.09692 -3.442311 1.48135 0.5376277 -1.272801 0.7135328 0.5084776 -2.436563 0.7922598 0.8185206 -2.424072 1.413549 0.4583119 -2.873296 -0.09445238 0.4927646 -0.6496067 0.2653716 0.6071544 -1.422119 -0.1654456 -0.9796802 -3.749107 -0.3974417 -0.1096551 -3.666198 -0.1275651 0.9200376 -1.176801 0.06807255 -0.07786464 -2.561475 -0.2455766 -0.04439002 -2.546613 -0.06240677 0.9334965 -3.083065 0.2843925 -1.223571 -1.846416 -1.498163 0.003608047 -2.66659 -0.5245438 -1.562685 -4.218425 -1.23743 -0.4107872 -3.899839 -1.376035 0.4896067 -2.228232 -1.071916 -0.6029818 -3.101688 -1.474324 -0.6933214 -2.726123 -1.760508 0.420205 -4.277715 -0.5192059 -1.492263 15.52566 0.7648857 2.402624 15.85917 -0.8093846 2.848433 19.34699 -0.7018848 3.08137 19.23229 0.9972839 2.154294 15.68977 0.0113058 2.35909 17.85874 0.1298283 3.290076 17.68221 0.9005394 3.514061 18.06263 -0.8259258 2.987347 13.18741 0.9403321 0.7459904 13.21417 -1.172461 1.483899 17.97535 -1.060702 3.442522 18.52135 1.198476 2.279581 13.44172 -0.005185365 0.7629337 15.53144 0.06882202 2.68228 15.21841 1.114132 2.83248 15.91802 -1.227383 2.456992 -3.061757 -0.3940952 -5.357698 -2.514659 -0.4720315 -5.251895 -3.233721 -0.4716668 1.590661 -2.626221 -0.4593876 1.554301 -2.183957 1.675933 -5.112401 -2.67358 1.932173 -5.006596 -2.787918 -0.3026616 1.676222 -3.39369 -0.3327605 1.727832 -2.058625 1.686374 -0.05070757 -2.121291 1.681153 -1.937373 -2.639938 1.915777 -1.878957 -2.606295 1.89938 -0.03967893 -2.764306 -0.4516982 1.707243 -3.370077 -0.481797 1.758853 -2.768477 -0.5764376 1.650371 -3.374249 -0.6065365 1.701981 -2.17618 -1.375144 0.2611984 -2.766757 -1.519888 0.2894006 -2.14484 -1.134711 -5.183466 -2.735418 -1.279455 -5.155264 -3.13163 -0.885183 0.7827743 -2.558347 -1.031637 0.9129509 -3.174939 0.6082804 0.8492572 -2.598217 0.5168268 0.8179377 -2.26834 1.44539 0.4884871 -2.839475 1.564481 0.4929601 8.026676 2.744421 2.853785 8.077349 2.866888 2.800472 4.767422 0.03114134 0.4197033 4.763307 -0.01662665 0.5196889 7.305077 0.9742242 3.855712 8.022227 2.6928 1.638352 7.198796 0.9742242 3.951173 7.988776 2.597638 1.799206 7.204438 0.9742242 3.674467 7.082921 0.9742242 3.742856 7.377495 1.068014 3.924044 7.440553 1.09828 2.507765 7.420376 1.068014 4.060317 7.56153 1.09828 2.5983 7.507587 1.161193 3.836589 7.612577 1.161193 3.87615 7.560084 1.501791 1.625598 7.858722 2.375248 1.129365 7.592188 1.501791 1.832051 7.837322 2.316308 1.215229 7.694067 1.947186 1.304698 7.697626 1.955415 1.480427 7.954247 2.568771 1.356561 7.924813 2.488846 1.464641 7.376418 1.213621 2.06748 7.476431 1.213621 2.160937 6.93388 0.8926502 1.62949 6.809381 0.8926502 1.712368 5.594943 0.8276234 -0.1307172 6.197328 0.8701707 0.4660448 5.542538 0.7470762 0.01585257 6.097807 0.8701707 0.5547828 5.253272 0.5088412 0.3481729 5.254875 0.4715265 0.4391919 4.104599 -0.5979895 -0.05111449 4.019458 -0.5714235 0.06048125 4.67688 -0.2358774 0.3182728 4.683527 -0.3396006 0.4134309 3.985856 -0.5439085 -0.4608469 3.848247 -0.5674911 -0.4305816 3.829608 -0.6804904 -1.374287 3.686469 -0.7231972 -1.345567 4.008764 0.1539211 -5.542387 3.885877 0.08559101 -5.517116 8.075044 2.842683 2.966433 8.095026 2.903151 2.838557 8.131047 3.033458 2.969649 8.114759 3.012032 2.82935 8.159252 3.171218 2.850769 8.104217 3.050967 2.796733 6.122334 2.144425 -5.372576 6.032161 2.110845 -5.357925 7.710921 2.617395 -1.468574 8.164172 2.92346 0.2561918 8.078389 2.844146 0.1784411 7.591381 2.550817 -1.442445 7.862552 2.720975 -0.93884 7.769175 2.647069 -0.8711035 7.042715 2.234562 -2.696255 7.120596 2.259065 -2.731817 8.193845 3.062477 2.217797 8.105395 2.956961 2.157541 21.88397 -2.576987 0.8787431 20.58055 -3.578674 1.172042 22.47824 -6.89881 0.8029269 24.03265 -6.022315 0.04441314 21.35327 -3.053586 0.7206 22.27393 -4.790387 0.8231163 22.86618 -4.303876 1.119562 21.53519 -5.379302 0.4305363 15.79825 1.188747 0.5679144 17.28054 -0.3098556 1.320338 21.22429 2.960265 1.840557 19.99637 4.827757 0.5142352 16.57975 0.5995282 0.5354728 18.51619 2.261063 1.778762 17.66331 2.926668 1.985594 19.56445 1.427162 1.485323 22.77507 -0.09956085 2.158322 22.36265 0.9240593 2.187488 24.17989 2.583446 4.372405 25.07059 0.9087297 4.277125 22.48126 0.6275251 2.450547 23.8094 1.294427 3.398079 23.94319 0.5740092 3.921977 23.4141 2.251157 3.632743 21.967 0.08694994 2.734572 21.36728 -1.462814 2.898488 23.20635 -2.30919 6.163797 24.34871 -0.7487631 6.022775 21.98155 -0.6435125 2.731089 22.65295 -1.080821 4.529032 22.54085 -0.2715846 4.617923 22.80901 -2.083026 4.395213 18.35336 0.8857372 -0.3992102 19.67991 0.3327484 0.01709836 21.61566 2.62417 -1.672405 20.25493 3.222293 -2.572184 18.92473 0.5738025 -0.4687628 19.94311 1.898317 -0.9665362 19.35264 2.306927 -0.8033489 20.66315 1.374277 -1.184159 18.93837 0.9338462 -0.4953893 19.12256 -0.6671104 -0.05799698 22.62874 -1.137881 -1.556615 22.53128 0.5392803 -2.52483 18.9806 0.2109217 -0.5923308 20.86877 -0.06041383 -1.227538 20.89483 0.7329512 -0.8652563 20.81503 -1.042001 -1.361242 20.30917 2.436186 -1.592783 20.47732 2.957386 -1.72185 17.85002 0.1314493 3.282277 17.24425 0.1013505 3.333887 18.57931 2.120485 1.555347 18.90241 1.928277 -0.1332685 18.68772 2.455865 -0.1881643 18.03164 2.333491 1.566376 17.87363 -0.01758718 3.313298 17.26786 -0.0476861 3.364908 17.86946 -0.1423265 3.256426 17.26369 -0.1724255 3.308036 18.08088 -0.4031447 0.7003526 17.4903 -0.5478886 0.7285549 17.96793 -0.27768 -3.438748 17.90794 -0.8827699 -3.410546 17.50066 -0.3943259 2.020787 18.07394 -0.5407801 2.150964 17.463 1.042391 2.455312 18.03972 0.9509378 2.423993 18.37758 1.958443 1.869332 17.80644 2.077533 1.873805 20.89774 0.9250727 -9.150766 21.25129 1.032176 -9.198639 20.85652 1.716966 -5.053046 20.80731 2.145104 -5.14027 17.99441 -0.6429573 -1.355097 20.64787 2.616955 -2.911883 20.74032 2.163893 -2.740976 4.333473 0.3155258 -5.46936 4.333474 0.3155258 -5.379269 17.94322 2.046256 -5.265366 18.02883 2.035161 -5.278413 17.80456 0.1555948 3.348036 17.79616 0.1555948 3.229592 13.2777 -0.1457011 0.687554 13.2735 -0.1457011 0.5832862 15.54066 0.0236392 1.069595 15.54696 0.0236392 1.180951 14.75344 -0.008263945 0.9428797 14.74819 -0.008263945 0.8350676 16.59571 0.08722841 1.731035 16.52398 0.07549661 1.820326 17.54777 0.1617683 3.236673 17.54472 0.1600924 3.350953 21.77509 -3.972367 0.7407502 21.77929 -3.972367 0.843624 22.32492 -0.8687618 3.804071 22.32753 -0.8870515 3.694784 17.19904 0.2677021 0.4103767 17.1831 0.2841858 0.5026833 17.62768 1.050819 -2.432417 17.55053 1.07676 -2.392786 19.35345 -1.768365 -0.5358394 19.35932 -1.776607 -0.6334295 20.4332 -2.749284 -0.2530897 20.43403 -2.753405 -0.3533217 18.56532 -1.053045 -0.5065383 18.55442 -1.040682 -0.41159 17.45085 0.02750152 0.4442937 17.43575 0.04329836 0.5370405 17.04677 0.3544549 0.254332 16.99448 0.3884035 0.3046073 22.18072 -2.11756 1.797135 22.17166 -2.149027 1.898891 22.04409 -2.897323 1.179055 22.04166 -2.913056 1.28137 22.24651 -1.50824 2.643347 22.27934 -1.422345 2.587905 20.81385 -0.5306991 2.749218 19.30921 -0.1875521 2.587206 19.30151 -0.1875522 2.471357 20.80685 -0.5306991 2.635964 20.06153 -0.3591256 2.485385 20.05418 -0.3591257 2.370834 22.2225 -0.7757748 3.737108 22.23365 -0.7949625 3.635215 22.39823 -1.003635 3.633855 22.39018 -1.006376 3.728505 17.74835 -0.2306964 -6.286721 17.68835 -0.8357863 -6.258518 21.34152 0.987093 -1.145238 21.97682 0.8667591 -4.747066 21.31627 0.4917116 -1.082319 21.75496 0.4336051 -4.632355 21.51074 -0.4629967 2.415148 21.21323 -0.1255668 2.196904 16.95315 0.1109622 2.743228 17.33172 0.1418982 3.06839 2.365616 2.7793 -5.663041 8.164752 2.804763 2.542488 7.946057 2.762413 2.956421 2.301338 2.623238 -5.224322 12.55895 1.457863 0.168718 12.63889 1.452155 0.5382652 10.60092 2.167989 1.048591 10.36185 2.131313 0.6855235 14.75605 0.7844126 0.6054872 14.74449 0.8890808 0.9878413 11.4604 1.794588 0.2724869 11.46568 1.77972 0.6531304 9.267619 2.320004 1.949642 9.207263 2.652959 1.625396 6.090022 2.752542 -1.929441 5.713658 2.654569 -1.683747 7.322833 2.763334 0.04888236 6.956677 2.693421 0.3227311 8.062474 2.709784 2.947885 7.852631 2.751851 2.869219 8.07301 2.795714 2.439386 8.263792 2.781178 2.532712 19.09128 -0.3583936 1.43888 19.08247 -0.2197534 1.884322 20.89746 -0.7112285 1.979126 21.01213 -0.3109533 2.228168 21.47883 -0.1938648 1.668763 21.07319 -0.005714178 1.603404 19.81908 -0.6045122 1.515682 19.82203 -0.340393 1.870954 18.09201 2.017988 1.871569 18.2536 -0.1097021 2.139812 18.06872 -0.1944901 1.754511 16.12669 0.3549911 1.680267 15.88643 0.5621589 2.004707 7.812848 1.624815 1.73568 7.76638 1.63939 1.57615 4.482009 1.946283 -5.79396 4.343201 1.943455 -5.721362 6.565822 2.205726 0.1035578 6.41478 2.190414 0.1593115 7.431208 1.685348 1.662542 7.46056 1.670666 1.819757 13.94786 -0.07716 1.381886 13.91235 -0.104426 1.232766 18.07848 -0.4476957 -5.179923 18.12629 -0.3318483 -5.263852 11.44905 0.5744297 0.09496754 9.406667 1.295515 0.3400448 9.368623 1.32387 0.1840059 11.41258 0.6020764 -0.05771416 10.38451 0.9780238 -0.03193849 10.34725 1.006025 -0.1862984 13.74967 -2.72569e-4 1.344228 13.72853 -0.02473664 1.201356 14.0258 -0.231347 1.110188 14.05716 -0.2350533 1.23989 17.7698 -0.7033086 -1.343873 17.87479 -0.6747673 -1.289113 15.7968 -0.4142375 -0.2469543 15.7262 -0.4237464 -0.3355405 16.72772 -0.532689 -0.9587768 16.79084 -0.5121833 -0.8659156 17.69182 -0.7021729 -1.231712 17.77162 -0.6736946 -1.156273 10.16468 -0.4353045 0.1446441 10.18534 -0.4352983 0.0496636 8.082592 -0.6877037 -0.6023567 8.092925 -0.6877006 -0.6948926 7.278801 -0.3476368 -2.624622 6.127969 0.09672325 -4.17728 6.13788 0.09869527 -4.267689 7.292205 -0.3456667 -2.715598 8.862526 -0.4951093 -0.5717694 9.548711 -0.3408435 -0.2073767 9.531491 -0.3408486 -0.113211 8.84875 -0.4951134 -0.4784188 8.345588 -0.2263468 -0.8523316 8.350661 1.578073 -0.8378176 12.38755 1.728039 0.4483618 12.24776 0.1389091 -0.5822924 8.460759 0.4879861 -0.4865071 10.31899 1.020685 -0.4085538 10.71663 -0.1293841 -0.1567077 10.47185 1.963235 -0.03425508 8.324413 -1.357673 -0.8117629 8.952598 0.3291299 -0.6843004 12.41374 -0.9346526 1.412502 11.95545 -2.387504 0.2783423 8.599114 -0.7244856 -0.4302191 10.46369 -0.8799505 0.2591679 10.37321 -2.09252 0.3619285 10.85024 -0.04638445 0.5612712 7.98201 -0.6549293 -0.6798976 8.049441 -0.671692 -0.7412903 7.151193 2.307448 2.150662 8.642951 1.789445 2.693466 9.223914 4.295656 4.458483 7.768795 5.276433 3.633554 7.914025 2.195313 2.197864 8.366326 3.693145 3.457911 7.559408 3.803848 3.415186 9.387192 3.770354 3.16837 7.691879 1.999944 2.793197 8.59999 2.667441 1.988717 8.935954 4.675999 3.584473 7.654181 4.250678 4.457187 7.935407 2.39444 2.351152 8.300873 3.686318 3.33743 8.051442 3.265594 3.804552 8.29131 4.291929 2.695908 7.227483 0.4249464 2.871777 7.995747 1.560557 3.065595 7.723511 1.624563 5.637638 6.530004 0.5486058 5.579972 7.395731 1.039264 2.939922 7.367781 1.127192 4.603275 7.198584 0.4764488 4.530242 7.252728 2.001028 4.643022 7.71946 1.287948 1.258842 6.421435 1.343279 1.737883 7.054486 1.11173 4.235731 8.552366 0.6655715 3.857881 7.137724 1.107361 1.45711 7.431794 1.058815 3.09614 8.043165 1.257763 2.886202 6.775884 0.5002736 3.286454 6.629969 0.2196439 -0.3133526 7.846945 0.06433475 -0.9323076 6.633388 0.2037898 -0.7428885 7.834297 0.1229958 -0.3524486 7.840461 0.09441059 -0.3524486 7.859945 0.004039645 -0.8524485 4.643678 -0.1258098 -0.3909884 6.620387 0.264084 -0.8133525 4.718113 -0.1710014 -0.8836145 6.623806 0.2482289 -0.3133526 5.705136 -0.01484841 -0.3759089 5.716295 0.06750023 -0.711968 8.621383 -0.04385703 -0.3550403 8.618761 -0.05986219 -0.8174594 9.712702 -0.002100646 -0.3625763 9.731442 0.1122776 -0.8625764 5.711024 0.01378399 -0.3766833 5.72871 0.1278958 -0.713602 8.626111 -0.01500004 -0.3550403 8.628733 0.001005172 -0.8550404 9.717431 0.02675557 -0.3625763 9.741415 0.173146 -0.8625763 2.406951 0.2636576 -0.4095178 3.426336 -0.1159028 -0.952109 2.378144 0.2465106 -0.8380503 3.413689 -0.05724138 -0.3722494 3.419852 -0.08582639 -0.3722494 3.439337 -0.1761974 -0.8722493 0.4955934 0.4138084 -0.4180021 2.363264 0.3072299 -0.9077744 0.4695386 0.3671222 -0.6069898 2.402337 0.2925328 -0.4092565 1.430172 0.0470665 -0.4335529 1.423227 0.1090803 -0.6919938 0.5012235 0.4355233 -0.4190678 0.4814132 0.4129246 -0.6092386 1.435801 0.06878095 -0.4346187 1.435104 0.1548832 -0.6942436 4.649566 -0.09717738 -0.3917637 4.730528 -0.1106057 -0.8852487 10.56766 0.3200469 -0.8477314 10.57108 0.3041918 -0.3477314 10.64515 0.1533809 -0.3477314 10.64856 0.137527 -0.8477314 11.46513 0.1252902 -0.2487086 11.46855 0.1094363 -0.711129 11.94237 0.06034231 -0.07063627 11.91794 0.1736413 -0.5706363 11.45897 0.1538755 -0.2487086 11.45555 0.1697301 -0.7487086 11.93621 0.08892655 -0.07063627 11.90494 0.2339355 -0.5706363 20.84326 -0.3628216 1.648607 19.8318 0.06852155 -0.05031365 20.84366 -0.3466075 1.457927 19.8136 0.01133805 0.9122717 19.82246 0.0392037 0.9122717 19.85051 0.1272953 0.02954649 22.25163 -0.7297298 3.195856 20.84214 -0.4082688 1.387463 22.39788 -0.6763064 2.72044 20.84254 -0.3920529 1.648607 21.7973 -0.530627 2.570061 21.76712 -0.6080569 2.234003 19.14695 0.05810356 0.548273 19.15719 0.07068467 -0.1617928 18.18884 0.1682108 0.3342739 18.14378 0.06142717 -0.165726 21.78486 -0.5570778 2.569287 21.74088 -0.6638508 2.232368 19.1285 0.03542101 0.548273 19.11826 0.02283895 -0.1993728 18.17748 0.1412696 0.334274 18.1198 0.004599988 -0.165726 22.48781 -0.8785299 3.589564 22.48633 -0.9385199 4.169424 22.48705 -0.9092875 4.169424 22.48932 -0.8168684 3.669424 22.23971 -0.7558389 3.190252 22.37274 -0.7313776 2.708622 17.29993 0.1200516 -0.3997833 17.30033 0.1362658 0.1002166 17.30105 0.1654999 0.1002166 17.30145 0.1817136 -0.3997833 16.51057 -0.01470732 -0.0658459 16.51096 0.001506507 -0.5282659 16.07325 0.09284746 0.1491369 16.03457 0.1070473 -0.3624641 16.50985 -0.04394042 -0.0658459 16.50945 -0.06015515 -0.5658459 16.07252 0.06455534 0.1417825 16.03302 0.04737061 -0.3779769 -3.923817 -0.5269477 1.233202 -3.080784 -0.4598133 0.8404138 -3.926875 -0.5351688 1.098757 -3.093522 -0.4011706 1.618152 -3.087315 -0.4297457 1.618152 -3.06769 -0.5200877 0.920273 -3.939968 -0.525258 1.028292 -3.930022 -0.5222492 1.233202 -2.246776 -0.2422575 1.027434 -2.247493 -0.2584601 0.3671358 -1.176418 -0.2702717 0.6306236 -1.171293 -0.1544812 0.3381551 -2.245482 -0.2130444 1.027434 -2.244765 -0.19684 0.3295553 -1.175126 -0.2410587 0.6306236 -1.168565 -0.09286129 0.3381551 -3.120263 2.029685 -0.3087306 -2.639202 1.352504 -0.4372816 -3.128463 2.026573 -0.4431756 -2.603459 1.400709 0.3404572 -2.620876 1.377219 0.3404572 -2.675939 1.302957 -0.3574223 -3.129627 2.042953 -0.5136399 -3.120814 2.037449 -0.3087306 -1.353705 1.201486 0.3853148 -1.36637 1.191356 -0.2749837 -0.02110958 0.49232 0.4014426 -0.02005422 0.4317419 0.09273445 -1.330868 1.21975 0.3853148 -1.318202 1.229882 -0.3125641 -3.40851e-4 0.507513 0.3875536 0.02375429 0.4637883 0.06343799 16.97134 0.1075586 2.996032 14.82172 -0.06090611 1.275764 17.0073 0.1563783 2.784138 14.81754 0.02451306 1.849923 14.80613 0.0585919 1.84374 14.83873 0.07004505 1.229808 16.97982 0.07995194 2.723473 16.97935 0.07239562 2.990627 13.32633 0.08465415 0.7278973 13.35061 0.02468895 0.1586402 12.54485 -0.09080469 0.110869 12.75703 -0.1152967 -0.08730715 13.32883 0.04876428 0.7335717 13.34677 -0.05844783 0.137233 12.54628 -0.1230415 0.0939781 12.76005 -0.1832929 -0.1229378 21.75838 -3.756215 0.8225257 21.0458 -2.009251 0.4106724 21.81786 -3.76797 0.6106327 21.12131 -1.969102 0.6963133 21.14729 -1.94427 0.6901304 21.17153 -1.968888 0.3647164 21.737 -3.775636 0.5499671 21.72997 -3.77843 0.8171208 20.41901 -0.7830161 0.84915 20.51591 -0.731255 0.4183915 19.88609 0.07384705 1.047944 19.85465 0.05152738 0.7591443 20.38922 -0.8033221 0.8439574 20.45017 -0.7638813 0.3736861 19.85263 0.06461876 1.036923 19.78406 0.03206616 0.7358959 21.37573 -3.078641 0.3904423 21.38491 -3.114073 0.6710726 21.38488 -3.067093 0.5464864 21.47203 -3.031098 0.3993651 21.40672 -3.078045 0.6731629 21.44407 -3.07638 0.5754729 20.13718 0.07881939 -0.9377533 18.97625 0.1802747 -0.9164449 20.15985 0.1242538 -1.149646 18.97371 0.2655383 -0.630804 18.96657 0.3003914 -0.6369869 18.98709 0.3089748 -0.9624009 20.14248 0.05065011 -1.210312 20.14218 0.04318135 -0.9431583 18.11049 0.2956378 -0.06407397 18.1071 0.4051692 -0.4948325 17.45937 0.3660244 0.1347202 17.46361 0.3277163 -0.1540796 18.11403 0.2597669 -0.06926649 18.10799 0.3321068 -0.5395379 17.45562 0.3325265 0.1236986 17.45571 0.2570619 -0.1773281 18.42348 2.178353 1.749404 17.85593 1.670608 0.8659334 18.41294 2.140103 1.669495 17.78978 1.741711 1.305556 17.76394 1.754976 1.302232 17.79418 1.764757 0.8420733 18.47525 2.130053 1.600319 18.44959 2.16519 1.74876 16.99765 1.067331 0.7657585 17.10456 1.116406 0.144953 16.33799 0.2109569 0.1743855 16.50069 0.3270742 -0.04760563 17.01953 1.048425 0.7700839 17.1534 1.071141 0.11698 16.35942 0.1919571 0.1684855 16.54589 0.286996 -0.06005191 1.370234 0.0238381 -0.5823673 1.34096 0.5301322 -0.2741324 2.126932 0.8123886 0.399074 1.415742 0.009642422 0.637728 1.389639 -0.3898204 0.3774283 1.444985 -0.5050449 -0.2888244 3.140046 -2.80312e-7 -0.5122891 3.140046 0.4436554 -0.2561448 3.140046 0.4436558 0.2561444 3.140046 4.97309e-7 0.5122893 3.140046 -0.4243173 0.2011118 3.140046 -0.4243175 -0.199828 -2.083226 -0.1512339 -1.079265 -2.687175 0.9697986 -0.6295579 -3.047432 1.421837 0.2558188 -2.75705 -0.3479629 1.506868 -2.768043 -0.4496941 1.496368 -2.762223 -1.340173 -0.7189402 2.125286 0.4363058 0.4125471 -1.85617 0.4462962 0.09261745 1.345376 0.4079517 0.02258592 -1.821093 0.6059076 0.6314265 2.134225 0.8043663 0.4492002 -3.047432 1.520698 0.3845975 0.2947069 -0.02224487 -0.7827436 0.3130293 -0.6919662 -0.3628823 0.2113836 -0.5100683 0.602187 0.3115878 -0.01616734 0.8378627 0.9274094 0.9505479 0.4246851 0.250835 0.639272 -0.3493205 0.9324017 0.4872367 0.5429891 0.2178354 0.4184185 0.05373442 0.9245138 0.9532885 0.4852666 2.10126 0.5967836 0.2891685 0.9063297 0.6771638 0.3207936 -1.993486 0.6337272 0.3432447 -2.687175 0.9965173 -0.5352755 1.343293 0.5665636 -0.2133836 0.2511319 0.6604119 -0.2594202 1.424898 -0.7011163 -0.01569443 1.423469 -0.7023107 0.06486099 3.140046 -0.66152 0.002566337 4.686127 0.478068 0.04641956 -2.691985 -1.438108 0.06301879 -2.691985 -1.438108 0.1945604 0.2520177 -0.8404479 0.1165604 0.2546287 -0.8410673 0.007174611 1.42885 -0.4735341 0.1974505 4.686127 0.3175548 -0.3958654 -1.670973 -0.6047084 0.3711927 0.310316 -0.4412284 0.2150143 0.2868241 -0.6578081 -0.176581 1.437238 -0.4693461 -0.1521826 4.686127 -0.1446757 -0.4726238 -2.376172 -1.19022 -0.3027383 1.377117 -0.1287903 -0.4384001 0.3114361 -0.3381313 -0.5339121 -1.670161 -0.5242345 -0.5997313 4.686127 0.1259473 0.4305455 4.686127 -0.2884141 0.3395725 4.686127 -0.4612473 -0.1322848 17.85348 0.2865366 0.504895 6.896053 0.4220725 -0.2692223 17.85348 0.4109217 0.06801211 6.896053 0.2322478 0.3975068 6.896053 -0.405988 0.2209957 6.896053 -0.2238637 -0.4498375 17.85348 -0.1316754 0.3892339 17.85348 -0.01233613 -0.05033826 11.05959 0.4198781 -0.2112196 11.05958 -0.1363651 -0.366755 11.05958 0.256412 0.3629294 11.05959 -0.2932001 0.2109281 8.83558 -0.1749064 -0.4446229 8.835581 -0.485452 0.09344053 8.835581 0.3419888 -0.1410664 8.83558 0.02572667 0.3916927 14.44069 0.105252 -0.3147282 14.44069 0.2898375 0.08464455 14.44069 -0.2803044 -0.1343165 14.44069 -0.09031522 0.2638443 -0.3965455 1.246631 0.3311917 -0.4535213 1.264559 0.4252801 -3.123152 1.970446 -0.3950781 -3.123152 2.003515 -0.3520017 -0.9499433 1.397294 0.1997284 -0.95108 1.429958 0.2227259 0.4670615 1.09575 0.4131665 0.4526943 1.112717 0.4908789 18.14102 0.2558865 0.5178871 18.30141 0.4482354 0.1677186 18.12744 0.02143311 0.4207077 19.76171 0.03238868 1.011559 19.90252 0.2248876 0.8442374 19.76037 -0.1075466 0.9750056 19.89918 -0.1951768 0.7334506 22.48633 -0.9385198 4.169424 22.04066 -0.4921739 2.726376 21.9223 -0.650269 2.824541 21.997 -0.7664063 2.65218 22.27135 -0.7913604 3.406248 22.36278 -0.7180542 3.387552 22.46191 -0.9529423 4.160176 22.34008 -0.8641769 3.342239 22.48179 -0.9749739 4.156676 18.23545 0.1531966 -0.1760289 18.3011 0.02838736 0.1241874 18.23398 0.2848823 -0.1862131 18.91753 0.2100006 -0.6533159 19.01198 0.1244458 -0.5051652 18.91663 0.3067326 -0.6606869 19.00974 0.415052 -0.526619 20.13552 0.03545963 -0.9874628 20.15377 0.01378875 -0.9256511 20.13393 0.06855762 -0.9939046 20.14906 0.1132615 -0.9447244 20.73756 -0.3460339 1.73896 20.65753 -0.2449424 1.708132 20.72695 -0.2511976 1.594966 22.51435 0.6081205 2.487102 22.44857 0.6868937 2.481571 22.51897 0.6912801 2.40649 23.47515 1.030598 3.112448 23.45584 1.052737 3.111722 23.4764 1.0531 3.090636 21.66268 0.2734854 2.113505 21.75562 0.2949513 2.062649 21.73874 0.2130653 2.157212 19.97058 -0.05819994 0.8879062 19.89351 -0.1082953 0.9829459 19.97745 -0.03947985 1.059026 20.90657 -1.434269 0.6745727 20.8288 -1.486278 0.752119 20.91203 -1.419376 0.8107056 21.26612 -2.267825 0.5906534 21.18939 -2.319554 0.6618834 21.27109 -2.25428 0.7144592 21.40024 -3.090256 0.6292589 21.33387 -3.134579 0.6961618 21.40496 -3.077388 0.7468793 21.74129 -3.771065 0.8031485 21.72996 -3.77843 0.8171208 21.7423 -3.768313 0.828306 0.2748333 0.1317629 -0.7554663 -3.247621 0.1061035 -1.631205 18.5301 0.3233478 -0.1058636 18.48377 0.272886 -0.3124337 18.68166 0.171247 -0.2960945 19.9127 2.008119 -0.8753842 19.83198 2.001134 -1.004525 19.97616 1.9554 -1.02624 19.41534 1.230578 -0.747711 19.52412 1.177524 -0.7289714 19.45122 1.25782 -0.6357441 12.33064 0.05236881 0.07494831 12.62643 0.2013729 0.03587812 12.35517 -0.06223303 0.05798494 13.86385 0.05564969 1.310739 14.00983 0.2165126 1.249499 13.88781 -0.05199855 1.290947 14.08261 -0.1065695 1.189649 16.00942 0.08152544 2.506398 15.97045 0.0383951 2.530322 16.01442 0.01768392 2.490337 12.65486 -0.1238645 0.01774162 4.39546 -0.19761 -0.1244217 4.30945 -0.02948194 -0.1811453 4.162047 -0.06469243 -0.278357 4.102392 -0.2014482 -0.3176999 4.163474 -0.3174045 -0.2774165 4.308147 -0.3604145 -0.1820041 6.579068 -0.1849681 -0.6090911 6.570009 -0.09014713 -0.6619228 6.552808 -0.1061445 -0.7585645 6.54521 -0.1802469 -0.7999889 6.551661 -0.2456851 -0.7624041 6.568142 -0.2728049 -0.6690142 6.861321 -0.1778064 -0.7078945 6.839264 -0.09786844 -0.747431 6.800046 -0.1114228 -0.8203337 6.783639 -0.1739476 -0.8517879 6.799318 -0.229114 -0.8236552 6.83747 -0.2519267 -0.7533366 7.986223 -0.1803782 -0.8594824 7.962404 -0.1884307 -0.9107349 8.196732 -0.2040021 -1.014499 7.968727 -0.2679749 -0.9180374 7.993971 -0.2844781 -0.8701241 9.646863 0.1151287 -0.6161847 9.64357 0.1056802 -0.6320007 9.648396 0.09477144 -0.6182721 6.043512 0.09047442 0.04265522 5.975002 0.03020447 0.1704975 5.85759 0.1054555 0.2039605 5.810072 0.2035538 0.1471732 5.858726 0.2444547 0.05836021 5.973964 0.2134276 -0.01901501 6.891407 0.9348953 0.8560256 6.853563 0.9016029 0.9266441 6.788706 0.9431707 0.9451286 6.762458 0.997359 0.9137603 6.789334 1.019952 0.8647009 6.85299 1.002813 0.8219597 7.5175 1.615078 1.520452 7.475043 1.630841 1.524537 7.451027 1.663999 1.577123 7.476269 1.679596 1.483365 7.518188 1.679116 1.466747 7.92563 2.185442 2.201784 7.875028 2.234171 2.196344 7.926292 2.244677 2.152188 8.106102 2.993158 2.86361 8.087086 3.009938 2.85943 8.105982 3.012736 2.843338 6.444573 -0.1751518 -0.646703 6.452326 -0.1438789 -0.7141709 6.394795 -0.1509953 -0.750231 6.344684 -0.1768771 -0.7346796 6.339933 -0.1984397 -0.6876128 6.37941 -0.2060195 -0.6331331 7.222373 -0.4144828 -0.7148442 7.198191 -0.4427812 -0.7426462 7.195879 -0.5180802 -0.7526285 7.19287 -0.4956309 -0.7048144 7.214901 -0.4841401 -0.6660122 8.153831 -0.6125532 -0.7124696 8.140748 -0.683297 -0.7151025 8.148828 -0.6600468 -0.6496178 9.250093 -0.7804064 -0.1774708 9.243065 -0.80571 -0.1774072 9.24567 -0.7962609 -0.1538439 6.984903 1.088756 0.9733361 6.949994 1.041755 0.9729588 6.898705 1.056831 0.9727009 6.881182 1.099163 0.9727441 6.926432 1.130866 1.020272 6.968252 1.139258 0.9976674 7.312657 1.061725 1.838274 7.275732 1.071768 1.840311 7.244312 1.11716 1.869995 7.280003 1.125066 1.846162 7.317446 1.131577 1.845964 7.426034 1.003684 2.816537 7.371324 1.047171 2.833812 7.431409 1.081958 2.825222 7.372735 1.026969 3.891384 7.35292 1.043746 3.895332 7.375164 1.055662 3.891525 7.279088 -0.1737294 -0.7933833 7.229639 -0.1419206 -0.7934586 7.202155 -0.1504493 -0.8387822 7.212728 -0.1777862 -0.8742481 7.247236 -0.1997047 -0.873713 7.287947 -0.2064571 -0.8400705 7.832264 0.2346372 -0.6042848 7.809351 0.2456817 -0.6305119 7.816481 0.2666538 -0.6860166 7.835482 0.2321863 -0.6725237 7.865915 0.2172415 -0.6597379 8.462022 0.5241212 -0.4488165 8.445473 0.5301216 -0.5026248 8.485339 0.4926327 -0.4969656 9.457599 0.7401009 -0.4455695 9.450521 0.7399535 -0.4649705 9.464509 0.7259138 -0.4618104 16.33883 -0.003322303 0.2145791 16.14648 0.05821371 0.2237913 16.14384 0.1845317 0.0298193 16.33215 0.1634709 -0.03424704 17.22055 1.185752 0.9671415 17.10612 1.219557 0.9703359 17.10466 1.28952 0.8650829 17.21685 1.277886 0.8296929 18.22002 2.017394 1.580105 18.20256 2.024092 1.5927 18.19483 2.05118 1.578281 18.20954 2.052929 1.561537 17.1705 1.174368 0.8705795 17.06642 1.169626 0.89158 17.04662 1.116903 0.8243119 17.14244 1.115054 0.7934318 17.65549 2.205414 0.8443307 17.63386 2.20142 0.8183752 17.66187 2.196936 0.8210153 10.29621 0.004820168 -0.03501147 10.24327 0.07546275 0.07466864 10.15965 0.1642979 0.03413718 10.1285 0.1880397 -0.06883794 10.16602 0.1382143 -0.1442962 10.24979 0.04329103 -0.1593305 12.52369 0.5148472 0.05094671 12.52742 0.5367386 0.04259651 12.52313 0.5177563 0.02745318 11.20647 0.5237686 -0.007018506 11.16367 0.548635 -0.106931 11.08724 0.6149581 -0.09346371 11.05326 0.650815 -0.03180229 11.08205 0.6358748 0.05106925 11.15852 0.574648 0.08258277 9.977274 -0.1997276 -0.4812875 9.977275 -0.4334179 0.07658582 9.977275 0.3368417 -0.2517414 9.977274 0.09697753 0.3017125 11.85366 0.6474819 -0.04020494 11.86058 0.6029157 0.03095632 11.83937 0.7213698 -0.02177101 11.83246 0.7525804 0.02864438 11.83696 0.7221347 0.08839005 11.85081 0.6468641 0.1040605 -2.132886 0.08931553 1.072248 -1.832401 -0.5894048 0.8207405 -1.824868 -0.9064491 0.2493994 -2.328555 -0.386666 1.344615 -1.886832 -0.4735572 0.8631928 -1.925498 -0.3848906 0.7088284 -1.925503 -0.2714481 0.7161406 -1.892809 -0.2255414 0.8544734 -2.464672 -0.2792384 1.404596 -2.901581 -0.4605549 1.674864 -2.937875 -0.5132295 1.521184 -2.967955 -0.4442536 1.401101 -2.967959 -0.356004 1.406788 -2.942526 -0.3202922 1.514401 -2.905297 -0.3497884 1.666637 -3.206969 -0.4771531 1.585426 -3.216559 -0.4313613 1.536563 -3.271857 -0.4294878 1.468776 -3.207 -0.3567624 1.578792 -3.194686 -0.3787028 1.63955 -3.486946 -0.5001082 1.515107 -3.479815 -0.4299288 1.409137 -3.478052 -0.4285057 1.575798 -3.932926 -0.5398117 1.235448 -3.935646 -0.5173868 1.219417 -3.928441 -0.5173438 1.255436 -1.791776 -0.9523589 0.2952744 -2.012555 0.1582027 1.132886 -2.65558 -0.4754704 1.52196 -1.646577 -0.6716672 0.3794599 -1.923741 -0.2105678 -1.076541 -3.045744 1.972477 -0.4427365 -1.984881 0.6399769 0.3022212 -2.673683 -0.3006113 1.571964 -3.226618 0.1270387 -1.685094 -1.716492 0.6460665 0.7196719 -3.043604 2.051249 -0.3397373 -2.010018 0.6719902 0.3065586 -1.864573 0.484567 0.08692371 -2.63382 -1.508066 0.01874089 -1.709024 0.6289585 0.7212582 -2.321625 -1.219772 -0.3131616 -1.77506 -0.6679909 0.8567363 -2.601228 1.017652 -0.6989246 -3.019273 1.538377 0.4009764 -2.632515 -1.507692 0.2348226 -1.720185 0.6545778 0.7184868 -2.982654 1.387181 0.1937875 -2.579165 1.063043 -0.5245649 -1.621391 -0.5423023 -0.6469674 -1.727843 0.6748636 0.709037 -1.805576 -0.9807053 0.2892667 -2.760195 -1.394893 -0.7576992 -1.067148 -0.6240882 0.9548917 -1.432707 -0.9799982 -0.9979498 -3.852048 -1.301272 -0.1139116 -3.861454 -1.118442 0.8336657 -1.263678 -0.7265776 0.1509682 -2.707444 -1.493156 0.0761196 -2.737077 -1.377423 1.279706 -3.53363 -0.9651135 -1.328226 -1.325226 -0.3793655 0.01947706 -1.530259 -1.289311 -0.267273 -3.343355 -1.075223 0.3980403 -3.229747 -0.2805423 0.1449905 -1.394738 -0.7201613 -0.05799812 -2.265049 -0.804618 0.4362758 -2.276645 -0.4188684 0.8035166 -2.393438 -1.330636 0.5351287 -2.12431 0.5233305 -1.210491 -2.323647 -0.3059087 -1.524966 -4.142778 0.002069532 -1.244828 -4.122629 0.5552377 -0.4878775 -2.22853 0.1239902 -1.194508 -3.369763 0.1856235 -1.643324 -3.250581 0.5740234 -1.77622 -3.481939 -0.2634484 -1.405944 -1.732495 0.5468415 -0.943468 -1.902289 0.02019423 0.2534993 -4.249526 0.4820326 0.3284579 -4.230808 1.023582 -0.40406 -1.791234 0.4608122 -0.3209035 -3.29025 0.5829294 -0.5683424 -3.347695 0.5855404 -1.207721 -3.260816 0.611036 0.2226976 -1.682705 -0.3399012 1.19263 -1.607549 0.4853383 0.8145425 -3.806279 0.4676934 0.7964046 -3.559073 -0.2396702 1.203778 -1.8227 0.01765638 0.9538162 -2.743133 0.3032419 1.403948 -2.585805 0.007043182 1.767634 -2.975025 0.660692 0.9431976 -1.765939 -0.850583 1.03631 -1.965276 -0.09052324 1.55061 -3.920068 -0.02687072 1.152961 -3.899918 -0.443493 0.2740764 -1.870159 -0.4568975 1.120036 -3.003149 -0.5690915 1.582741 -2.962604 -1.005721 1.643021 -3.156441 -0.02814483 1.417104 -1.126149 0.2841851 -1.163901 -1.601992 1.031635 0.5882608 -4.086455 1.178553 -0.4484647 -4.037702 0.7813468 -1.290079 -1.358538 0.5442146 -0.4257362 -2.932048 1.108087 -0.5959704 -2.915014 0.7011684 -1.706936 -3.61326 0.7635911 0.8893674 -1.994578 1.614143 -0.2464689 -2.760569 1.272952 0.8354162 -3.974852 1.623618 0.04371458 -3.830956 2.639705 -0.7832995 -2.333039 1.449599 0.1681699 -3.229245 1.811002 0.1194342 -2.97767 2.228937 -0.5744115 -3.981899 1.162131 0.3530535 -2.765397 1.141316 0.3470216 -2.361154 1.978647 -0.497411 -4.228425 2.459482 -0.6622431 -4.29052 1.399003 -0.02793359 -2.602112 1.510153 0.03768998 -3.40603 1.824948 -0.2991688 -3.789975 1.410501 0.1407218 -3.110549 2.9744 -0.2501686 -1.096987 1.124407 0.3033766 -1.478981 0.1521762 0.905758 -3.506345 0.7923724 1.09692 -3.442311 1.48135 0.5376277 -1.272801 0.7135328 0.5084776 -2.436563 0.7922598 0.8185206 -2.424072 1.413549 0.4583119 -2.873296 -0.09445238 0.4927646 -0.6496067 0.2653716 0.6071544 -1.422119 -0.1654456 -0.9796802 -3.749107 -0.3974417 -0.1096551 -3.666198 -0.1275651 0.9200376 -1.176801 0.06807255 -0.07786464 -2.561475 -0.2455766 -0.04439002 -2.546613 -0.06240677 0.9334965 -3.083065 0.2843925 -1.223571 -1.846416 -1.498163 0.003608047 -2.66659 -0.5245438 -1.562685 -4.218425 -1.23743 -0.4107872 -3.899839 -1.376035 0.4896067 -2.228232 -1.071916 -0.6029818 -3.101688 -1.474324 -0.6933214 -2.726123 -1.760508 0.420205 -4.277715 -0.5192059 -1.492263 15.52566 0.7648857 2.402624 15.85917 -0.8093846 2.848433 19.34699 -0.7018848 3.08137 19.23229 0.9972839 2.154294 15.68977 0.0113058 2.35909 17.85874 0.1298283 3.290076 17.68221 0.9005394 3.514061 18.06263 -0.8259258 2.987347 13.18741 0.9403321 0.7459904 13.21417 -1.172461 1.483899 17.97535 -1.060702 3.442522 18.52135 1.198476 2.279581 13.44172 -0.005185365 0.7629337 15.53144 0.06882202 2.68228 15.21841 1.114132 2.83248 15.91802 -1.227383 2.456992 -3.061757 -0.3940952 -5.357698 -2.514659 -0.4720315 -5.251895 -3.233721 -0.4716668 1.590661 -2.626221 -0.4593876 1.554301 -2.183957 1.675933 -5.112401 -2.67358 1.932173 -5.006596 -2.787918 -0.3026616 1.676222 -3.39369 -0.3327605 1.727832 -2.058625 1.686374 -0.05070757 -2.121291 1.681153 -1.937373 -2.639938 1.915777 -1.878957 -2.606295 1.89938 -0.03967893 -2.764306 -0.4516982 1.707243 -3.370077 -0.481797 1.758853 -2.768477 -0.5764376 1.650371 -3.374249 -0.6065365 1.701981 -2.17618 -1.375144 0.2611984 -2.766757 -1.519888 0.2894006 -2.14484 -1.134711 -5.183466 -2.735418 -1.279455 -5.155264 -3.13163 -0.885183 0.7827743 -2.558347 -1.031637 0.9129509 -3.174939 0.6082804 0.8492572 -2.598217 0.5168268 0.8179377 -2.26834 1.44539 0.4884871 -2.839475 1.564481 0.4929601 8.026676 2.744421 2.853785 8.077349 2.866888 2.800472 4.767422 0.03114134 0.4197033 4.763307 -0.01662665 0.5196889 7.305077 0.9742242 3.855712 8.022227 2.6928 1.638352 7.198796 0.9742242 3.951173 7.988776 2.597638 1.799206 7.204438 0.9742242 3.674467 7.082921 0.9742242 3.742856 7.377495 1.068014 3.924044 7.440553 1.09828 2.507765 7.420376 1.068014 4.060317 7.56153 1.09828 2.5983 7.507587 1.161193 3.836589 7.612577 1.161193 3.87615 7.560084 1.501791 1.625598 7.858722 2.375248 1.129365 7.592188 1.501791 1.832051 7.837322 2.316308 1.215229 7.694067 1.947186 1.304698 7.697626 1.955415 1.480427 7.954247 2.568771 1.356561 7.924813 2.488846 1.464641 7.376418 1.213621 2.06748 7.476431 1.213621 2.160937 6.93388 0.8926502 1.62949 6.809381 0.8926502 1.712368 5.594943 0.8276234 -0.1307172 6.197328 0.8701707 0.4660448 5.542538 0.7470762 0.01585257 6.097807 0.8701707 0.5547828 5.253272 0.5088412 0.3481729 5.254875 0.4715265 0.4391919 4.104599 -0.5979895 -0.05111449 4.019458 -0.5714235 0.06048125 4.67688 -0.2358774 0.3182728 4.683527 -0.3396006 0.4134309 3.985856 -0.5439085 -0.4608469 3.848247 -0.5674911 -0.4305816 3.829608 -0.6804904 -1.374287 3.686469 -0.7231972 -1.345567 4.008764 0.1539211 -5.542387 3.885877 0.08559101 -5.517116 8.075044 2.842683 2.966433 8.095026 2.903151 2.838557 8.131047 3.033458 2.969649 8.114759 3.012032 2.82935 8.159252 3.171218 2.850769 8.104217 3.050967 2.796733 6.122334 2.144425 -5.372576 6.032161 2.110845 -5.357925 7.710921 2.617395 -1.468574 8.164172 2.92346 0.2561918 8.078389 2.844146 0.1784411 7.591381 2.550817 -1.442445 7.862552 2.720975 -0.93884 7.769175 2.647069 -0.8711035 7.042715 2.234562 -2.696255 7.120596 2.259065 -2.731817 8.193845 3.062477 2.217797 8.105395 2.956961 2.157541 21.88397 -2.576987 0.8787431 20.58055 -3.578674 1.172042 22.47824 -6.89881 0.8029269 24.03265 -6.022315 0.04441314 21.35327 -3.053586 0.7206 22.27393 -4.790387 0.8231163 22.86618 -4.303876 1.119562 21.53519 -5.379302 0.4305363 15.79825 1.188747 0.5679144 17.28054 -0.3098556 1.320338 21.22429 2.960265 1.840557 19.99637 4.827757 0.5142352 16.57975 0.5995282 0.5354728 18.51619 2.261063 1.778762 17.66331 2.926668 1.985594 19.56445 1.427162 1.485323 22.77507 -0.09956085 2.158322 22.36265 0.9240593 2.187488 24.17989 2.583446 4.372405 25.07059 0.9087297 4.277125 22.48126 0.6275251 2.450547 23.8094 1.294427 3.398079 23.94319 0.5740092 3.921977 23.4141 2.251157 3.632743 21.967 0.08694994 2.734572 21.36728 -1.462814 2.898488 23.20635 -2.30919 6.163797 24.34871 -0.7487631 6.022775 21.98155 -0.6435125 2.731089 22.65295 -1.080821 4.529032 22.54085 -0.2715846 4.617923 22.80901 -2.083026 4.395213 18.35336 0.8857372 -0.3992102 19.67991 0.3327484 0.01709836 21.61566 2.62417 -1.672405 20.25493 3.222293 -2.572184 18.92473 0.5738025 -0.4687628 19.94311 1.898317 -0.9665362 19.35264 2.306927 -0.8033489 20.66315 1.374277 -1.184159 18.93837 0.9338462 -0.4953893 19.12256 -0.6671104 -0.05799698 22.62874 -1.137881 -1.556615 22.53128 0.5392803 -2.52483 18.9806 0.2109217 -0.5923308 20.86877 -0.06041383 -1.227538 20.89483 0.7329512 -0.8652563 20.81503 -1.042001 -1.361242 20.30917 2.436186 -1.592783 20.47732 2.957386 -1.72185 17.85002 0.1314493 3.282277 17.24425 0.1013505 3.333887 18.57931 2.120485 1.555347 18.90241 1.928277 -0.1332685 18.68772 2.455865 -0.1881643 18.03164 2.333491 1.566376 17.87363 -0.01758718 3.313298 17.26786 -0.0476861 3.364908 17.86946 -0.1423265 3.256426 17.26369 -0.1724255 3.308036 18.08088 -0.4031447 0.7003526 17.4903 -0.5478886 0.7285549 17.96793 -0.27768 -3.438748 17.90794 -0.8827699 -3.410546 17.50066 -0.3943259 2.020787 18.07394 -0.5407801 2.150964 17.463 1.042391 2.455312 18.03972 0.9509378 2.423993 18.37758 1.958443 1.869332 17.80644 2.077533 1.873805 20.89774 0.9250727 -9.150766 21.25129 1.032176 -9.198639 20.85652 1.716966 -5.053046 20.80731 2.145104 -5.14027 17.99441 -0.6429573 -1.355097 20.64787 2.616955 -2.911883 20.74032 2.163893 -2.740976 4.333473 0.3155258 -5.46936 4.333474 0.3155258 -5.379269 17.94322 2.046256 -5.265366 18.02883 2.035161 -5.278413 17.80456 0.1555948 3.348036 17.79616 0.1555948 3.229592 13.2777 -0.1457011 0.687554 13.2735 -0.1457011 0.5832862 15.54066 0.0236392 1.069595 15.54696 0.0236392 1.180951 14.75344 -0.008263945 0.9428797 14.74819 -0.008263945 0.8350676 16.59571 0.08722841 1.731035 16.52398 0.07549661 1.820326 17.54777 0.1617683 3.236673 17.54472 0.1600924 3.350953 21.77509 -3.972367 0.7407502 21.77929 -3.972367 0.843624 22.32492 -0.8687618 3.804071 22.32753 -0.8870515 3.694784 17.19904 0.2677021 0.4103767 17.1831 0.2841858 0.5026833 17.62768 1.050819 -2.432417 17.55053 1.07676 -2.392786 19.35345 -1.768365 -0.5358394 19.35932 -1.776607 -0.6334295 20.4332 -2.749284 -0.2530897 20.43403 -2.753405 -0.3533217 18.56532 -1.053045 -0.5065383 18.55442 -1.040682 -0.41159 17.45085 0.02750152 0.4442937 17.43575 0.04329836 0.5370405 17.04677 0.3544549 0.254332 16.99448 0.3884035 0.3046073 22.18072 -2.11756 1.797135 22.17166 -2.149027 1.898891 22.04409 -2.897323 1.179055 22.04166 -2.913056 1.28137 22.24651 -1.50824 2.643347 22.27934 -1.422345 2.587905 20.81385 -0.5306991 2.749218 19.30921 -0.1875521 2.587206 19.30151 -0.1875522 2.471357 20.80685 -0.5306991 2.635964 20.06153 -0.3591256 2.485385 20.05418 -0.3591257 2.370834 22.2225 -0.7757748 3.737108 22.23365 -0.7949625 3.635215 22.39823 -1.003635 3.633855 22.39018 -1.006376 3.728505 17.74835 -0.2306964 -6.286721 17.68835 -0.8357863 -6.258518 21.34152 0.987093 -1.145238 21.97682 0.8667591 -4.747066 21.31627 0.4917116 -1.082319 21.75496 0.4336051 -4.632355 21.51074 -0.4629967 2.415148 21.21323 -0.1255668 2.196904 16.95315 0.1109622 2.743228 17.33172 0.1418982 3.06839 2.365616 2.7793 -5.663041 8.164752 2.804763 2.542488 7.946057 2.762413 2.956421 2.301338 2.623238 -5.224322 12.55895 1.457863 0.168718 12.63889 1.452155 0.5382652 10.60092 2.167989 1.048591 10.36185 2.131313 0.6855235 14.75605 0.7844126 0.6054872 14.74449 0.8890808 0.9878413 11.4604 1.794588 0.2724869 11.46568 1.77972 0.6531304 9.267619 2.320004 1.949642 9.207263 2.652959 1.625396 6.090022 2.752542 -1.929441 5.713658 2.654569 -1.683747 7.322833 2.763334 0.04888236 6.956677 2.693421 0.3227311 8.062474 2.709784 2.947885 7.852631 2.751851 2.869219 8.07301 2.795714 2.439386 8.263792 2.781178 2.532712 19.09128 -0.3583936 1.43888 19.08247 -0.2197534 1.884322 20.89746 -0.7112285 1.979126 21.01213 -0.3109533 2.228168 21.47883 -0.1938648 1.668763 21.07319 -0.005714178 1.603404 19.81908 -0.6045122 1.515682 19.82203 -0.340393 1.870954 18.09201 2.017988 1.871569 18.2536 -0.1097021 2.139812 18.06872 -0.1944901 1.754511 16.12669 0.3549911 1.680267 15.88643 0.5621589 2.004707 7.812848 1.624815 1.73568 7.76638 1.63939 1.57615 4.482009 1.946283 -5.79396 4.343201 1.943455 -5.721362 6.565822 2.205726 0.1035578 6.41478 2.190414 0.1593115 7.431208 1.685348 1.662542 7.46056 1.670666 1.819757 13.94786 -0.07716 1.381886 13.91235 -0.104426 1.232766 18.07848 -0.4476957 -5.179923 18.12629 -0.3318483 -5.263852 11.44905 0.5744297 0.09496754 9.406667 1.295515 0.3400448 9.368623 1.32387 0.1840059 11.41258 0.6020764 -0.05771416 10.38451 0.9780238 -0.03193849 10.34725 1.006025 -0.1862984 13.74967 -2.72569e-4 1.344228 13.72853 -0.02473664 1.201356 14.0258 -0.231347 1.110188 14.05716 -0.2350533 1.23989 17.7698 -0.7033086 -1.343873 17.87479 -0.6747673 -1.289113 15.7968 -0.4142375 -0.2469543 15.7262 -0.4237464 -0.3355405 16.72772 -0.532689 -0.9587768 16.79084 -0.5121833 -0.8659156 17.69182 -0.7021729 -1.231712 17.77162 -0.6736946 -1.156273 10.16468 -0.4353045 0.1446441 10.18534 -0.4352983 0.0496636 8.082592 -0.6877037 -0.6023567 8.092925 -0.6877006 -0.6948926 7.278801 -0.3476368 -2.624622 6.127969 0.09672325 -4.17728 6.13788 0.09869527 -4.267689 7.292205 -0.3456667 -2.715598 8.862526 -0.4951093 -0.5717694 9.548711 -0.3408435 -0.2073767 9.531491 -0.3408486 -0.113211 8.84875 -0.4951134 -0.4784188 8.345588 -0.2263468 -0.8523316 8.350661 1.578073 -0.8378176 12.38755 1.728039 0.4483618 12.24776 0.1389091 -0.5822924 8.460759 0.4879861 -0.4865071 10.31899 1.020685 -0.4085538 10.71663 -0.1293841 -0.1567077 10.47185 1.963235 -0.03425508 8.324413 -1.357673 -0.8117629 8.952598 0.3291299 -0.6843004 12.41374 -0.9346526 1.412502 11.95545 -2.387504 0.2783423 8.599114 -0.7244856 -0.4302191 10.46369 -0.8799505 0.2591679 10.37321 -2.09252 0.3619285 10.85024 -0.04638445 0.5612712 7.98201 -0.6549293 -0.6798976 8.049441 -0.671692 -0.7412903 7.151193 2.307448 2.150662 8.642951 1.789445 2.693466 9.223914 4.295656 4.458483 7.768795 5.276433 3.633554 7.914025 2.195313 2.197864 8.366326 3.693145 3.457911 7.559408 3.803848 3.415186 9.387192 3.770354 3.16837 7.691879 1.999944 2.793197 8.59999 2.667441 1.988717 8.935954 4.675999 3.584473 7.654181 4.250678 4.457187 7.935407 2.39444 2.351152 8.300873 3.686318 3.33743 8.051442 3.265594 3.804552 8.29131 4.291929 2.695908 7.227483 0.4249464 2.871777 7.995747 1.560557 3.065595 7.723511 1.624563 5.637638 6.530004 0.5486058 5.579972 7.395731 1.039264 2.939922 7.367781 1.127192 4.603275 7.198584 0.4764488 4.530242 7.252728 2.001028 4.643022 7.71946 1.287948 1.258842 6.421435 1.343279 1.737883 7.054486 1.11173 4.235731 8.552366 0.6655715 3.857881 7.137724 1.107361 1.45711 7.431794 1.058815 3.09614 8.043165 1.257763 2.886202 6.775884 0.5002736 3.286454</float_array>
          <technique_common>
            <accessor source="#tree_oak_large_b200_002-mesh-positions-array" count="1484" stride="3">
              <param name="X" type="float"/>
              <param name="Y" type="float"/>
              <param name="Z" type="float"/>
            </accessor>
          </technique_common>
        </source>
        <source id="tree_oak_large_b200_002-mesh-normals">
          <float_array id="tree_oak_large_b200_002-mesh-normals-array" count="4410">0.1550374 0.9859833 0.06164872 0.2240399 0.9650409 -0.1360231 -0.1007725 0.9931373 0.05935871 -0.2956078 0.9497535 0.1028798 0.02096694 0.9398201 0.3410258 -0.4511927 0.8915511 -0.03952205 -0.4663264 0.8831819 -0.05029487 -0.1121892 0.9888579 -0.09784507 -0.104833 0.2830643 0.9533545 0.2338958 -0.2829396 0.9301818 -0.2580379 0.06085479 0.9642164 0.5532821 -0.2930756 0.7797344 0.2839813 0.109686 0.9525353 0.5122618 -0.3746516 0.7728028 0.4890996 -0.340502 0.8030194 -0.02652108 -0.6897014 0.7236081 -0.486016 0.5169624 -0.7046546 -0.594114 0.5685696 -0.5689968 -0.2867249 -0.1162159 -0.9509378 0.25932 0.3336643 -0.906323 -0.2433619 -0.4050538 -0.8813095 0.3684254 -0.1932768 -0.9093442 0.3688512 0.1488711 -0.9174891 -0.1361158 -0.283066 -0.9493926 -0.2193688 -0.9153489 -0.3376594 -0.4449362 -0.7986207 -0.4052615 -0.2194349 -0.9707022 -0.09790641 -0.1044068 -0.893974 -0.4357864 -0.1364814 -0.9898257 0.04022413 -0.04904443 -0.9929131 -0.1082518 -0.009857714 -0.919121 -0.3938523 -0.1951708 -0.9806762 0.01352 -0.3838176 0.4653056 0.7976057 -0.4530588 0.3843599 0.8043664 -0.03534138 0.694864 0.7182723 0.38903 0.3422133 0.8553045 -0.114907 0.7560364 0.6443644 0.5092716 0.6570754 0.5557827 0.4970929 0.3521278 0.7930352 0.1454253 0.7970165 0.5861879 -0.6015897 -0.593899 0.5342039 -0.6878775 -0.5960751 0.4141487 -0.2662829 -0.01861691 0.9637151 0.2553546 -0.4981658 0.8286283 -0.2336262 0.2235243 0.9462853 0.3974178 -0.03329616 0.9170336 0.3839685 -0.344537 0.8566578 -0.1308959 0.1236323 0.9836571 -0.04919689 -0.9947121 0.09015369 0.02923703 -0.9215479 0.3871624 -0.1067545 -0.9842289 0.1410575 -0.161631 -0.9797357 0.1182934 0.01867777 -0.9758247 -0.2177553 -0.333205 -0.907265 0.2566027 -0.3505448 -0.898641 0.2637478 -0.1389859 -0.9305706 0.3387056 0.2260852 -0.5848063 -0.7790296 -0.02029508 -0.7432276 -0.6687308 -0.003295958 -0.7466994 -0.6651536 -0.03271597 -0.809172 -0.5866604 0.277635 -0.5939075 -0.755111 -0.289264 -0.7782173 -0.5574085 -0.299519 -0.8105996 -0.5032066 -0.2639273 -0.7809476 -0.5660947 -0.1976146 0.2811773 0.939089 -0.08072489 0.6492479 0.7562808 -0.0430932 0.4521737 0.8908883 0.1225958 0.3595473 0.9250385 -0.09000152 -0.01928818 0.9957548 -0.01580876 0.6789543 0.7340104 -0.0258193 0.6988915 0.7147616 -0.1067571 0.7685106 0.6308679 -0.2458657 -0.2169942 -0.944703 -0.1637632 -0.5678609 -0.8066695 -0.1135308 -0.1811305 -0.9768841 -0.08032542 -0.2516273 -0.9644851 -0.006714105 0.3477319 -0.93757 -0.2426586 -0.395316 -0.8859132 -0.2611791 -0.3983913 -0.879244 -0.1510726 -0.4935343 -0.8565052 -0.1300714 0.9893915 0.0647 -0.08557629 0.9724082 -0.2170232 -0.08264493 0.9957988 0.03943032 -0.04205536 0.9985262 0.03430354 0.04193282 0.9181281 0.394059 -0.2106412 0.9674173 -0.1404783 -0.2219687 0.9653332 -0.1373379 -0.1243973 0.975616 -0.1808279 0.2713124 0.9119331 0.3078434 0.2696999 0.9574851 0.1023926 0.007324457 0.8775056 0.4795106 -0.1320884 0.7015212 0.7003005 0.1636425 0.7436857 0.6481919 -0.2450376 0.8477894 0.4703295 -0.3752933 0.6710845 0.6393751 0.07504665 0.9716085 0.2243769 0.2482711 0.2067959 0.9463599 0.4805635 0.3120946 0.819546 0.08307391 -0.09500706 0.9920043 -0.3218533 0.2566953 0.9113277 -0.04986828 -0.3112344 0.949024 -0.3925105 -0.1822316 0.9015138 -0.3970547 0.1015679 0.9121577 0.0767551 -0.2619745 0.9620177 -0.1664189 0.2768664 0.9463877 -9.4609e-4 0.3379984 0.9411463 -0.3184035 -0.07980686 0.9445899 -0.5650383 0.3210042 0.760058 -0.3688815 -0.2648732 0.890937 -0.667033 -0.1987426 0.718031 -0.6728264 0.135078 0.7273642 -0.3361945 -0.2318204 0.9128158 -0.130316 -0.9913788 -0.01364195 0.01171934 -0.9999305 0.001281797 -0.1382526 -0.9902914 -0.01446616 0.1114251 0.5354267 0.8371993 0.05380487 0.4474689 0.8926795 0.06811904 0.4779323 0.8757515 0.4567146 0.8895633 -0.009430289 0.4066647 0.9135537 -0.006592035 0.4142952 0.9101067 -0.008087515 0.3177717 0.902347 0.291189 0.3614991 0.901993 0.2360655 0.08942067 -0.1012926 0.9908299 -0.1503986 -0.8718118 0.4661809 0.2291972 -0.8390265 0.4934606 0.1443867 -0.9480513 0.2834632 0.2359446 -0.9708797 -0.04150623 -0.3064727 -0.8823679 0.3570733 0.1267777 0.5519136 0.824208 0.1213753 0.5032942 0.8555483 0.1774357 0.6235886 0.7613501 0.4618507 0.8868948 -0.01055967 0.08984839 -0.111395 0.9897062 0.09451764 -0.7153679 0.692326 0.01440507 -0.7505291 0.6606804 0.9374829 -0.3479167 -0.008942067 0.9222375 -0.3863155 -0.01544284 0.9222069 -0.3865292 -0.01138371 0.00903356 -0.9998304 0.0160529 0.2350594 -0.936087 0.2617027 0.2379868 -0.9638193 0.1200616 0.9159295 -0.3987583 -0.0454424 0.9241495 -0.380604 -0.03299117 0.01776182 -0.999484 0.02676481 0.01171934 -0.9997172 0.02069199 0.4123158 -0.9095363 -0.05234056 0.3893052 -0.9129261 -0.1225048 0.1031557 -0.9559 -0.2749803 0.02853536 -0.9988912 -0.03744697 0.1330323 -0.9777681 -0.1620864 0.4525628 -0.7998054 -0.394333 0.7955098 -0.5834939 -0.163399 0.3283873 -0.8748957 -0.3559767 0.9411714 -0.3379049 -0.004089474 0.9250857 -0.3787077 -0.02822983 0.9475497 -0.3189831 -0.01998984 0.900605 -0.4164104 -0.1245508 0.152718 -0.968099 -0.1986494 0.05652087 -0.9963794 0.0635097 0.015473 -0.9996127 0.02313321 0.4208307 -0.8365952 -0.3507279 0.3199633 -0.8812114 -0.3479799 0.5768527 -0.7519747 -0.3190224 0.08081322 -0.9960663 0.03634762 0.8069609 -0.5452884 -0.2268805 0.8677517 -0.4502799 -0.2103686 0.8257605 -0.4046248 -0.3929359 0.1142619 -0.9669539 0.2279135 0.01901346 -0.9789659 0.2031361 0.1400832 -0.9901351 -0.003051877 0.1627893 -0.9862578 -0.02819967 0.2745469 -0.9605787 -0.04373341 0.4517484 -0.8783489 -0.1562899 0.4553415 -0.8765629 -0.1558904 0.9389216 -0.3437677 -0.01580888 0.9477134 -0.3172473 -0.03454774 0.9677001 -0.2474795 -0.04806756 0.9605229 -0.210184 -0.1822592 0.9345593 -0.354206 -0.03372371 0.3065958 -0.9517408 0.01373362 0.3346678 -0.9386323 -0.08346855 0.3106862 -0.9504315 0.0124213 0.7470985 -0.6622564 0.05710053 0.675482 -0.7372834 0.01171934 0.7530313 -0.6531418 0.07968568 0.5965074 -0.8017828 -0.03637945 0.4952002 -0.8685689 0.01910483 0.4905659 -0.8710491 0.02487313 0.6913741 -0.721771 -0.03238046 0.9169846 -0.3582362 -0.1755168 0.1829627 0.008301198 0.9830848 0.3330273 -0.1160041 0.9357542 -0.08783417 -0.2246211 0.9704795 0.2366465 0.05133342 0.9702388 -0.3088228 -0.2281302 0.9233554 -0.2726868 -0.07214677 0.9593939 0.03500539 0.07736593 0.9963881 -0.2219044 -0.2959743 0.9290628 -0.100103 0.3039712 0.9474076 -0.01373374 0.4482698 0.8937929 0.005279779 -0.0657078 0.997825 -0.468046 0.06784468 0.881096 0.07046926 -0.2511135 0.9653891 -0.2321905 -0.4082866 0.8828305 -0.4413695 -0.1478658 0.8850586 0.07931846 -0.2016685 0.9762369 -0.5771501 -0.3803312 0.722666 -0.6455719 -0.1307746 0.7524195 -0.579559 -0.04004114 0.8139461 -0.6543956 0.1119754 0.7478154 -0.5337257 -0.4028885 0.7435171 -0.5514588 -0.2873116 0.7831637 -0.5570977 -0.06659293 0.8277727 -0.6200359 0.3828377 0.684829 -0.7884547 0.3330218 0.517142 -0.656471 0.3525899 0.6668781 -0.8430916 -0.01962381 0.5374118 -0.7634688 0.3978485 0.5087553 -0.8949902 -0.193061 0.4021444 -0.9445007 -0.05783337 0.3233789 -0.8778468 0.2722595 0.39403 -0.8485772 -0.1724621 0.5001738 0.05310326 0.6305861 0.7743006 0.0874077 0.7601785 0.6438078 0.3367775 0.4209184 0.8422641 -0.08389693 0.5401878 0.8373522 0.4317811 0.2312415 0.8718329 0.2427784 0.1553416 0.9575635 -0.02798634 0.3704453 0.9284327 0.4449348 0.3069589 0.841314 0.3514925 0.3036381 0.8855829 0.5275487 0.2757377 0.8035305 0.4362433 -0.1000729 0.8942468 0.4307879 0.3574486 0.8286449 0.3344579 -0.1451485 0.9311659 0.2580071 -0.1956874 0.9461177 0.337447 0.1899799 0.9219746 0.3599676 -0.3972919 0.8441461 0.1185355 0.5912435 0.7977346 0.874424 -0.05410975 0.4821357 0.7553527 0.4395084 0.486081 0.803907 0.3486211 0.4818681 0.2794983 0.8272029 0.4874588 0.4153976 0.8353425 0.3600662 -0.1554009 -0.9832193 0.09555387 0.2414974 -0.9644029 0.1077323 0.2253567 -0.9711337 0.07819122 0.9881846 -0.145394 -0.04849517 0.7568137 -0.6521331 0.04422223 -0.2684777 -0.9575411 0.1050472 0.1269902 0.5638111 0.8160825 0.1321171 0.573759 0.8082982 0.1472551 0.4082247 0.9009265 0.1879376 0.6291851 0.754192 0.8116296 -0.1202765 0.5716565 0.9933521 -0.1010473 -0.05514723 0.0924732 -0.7618514 0.6411173 0.03366315 -0.7990959 0.6002604 0.9955175 0.09103703 0.0256356 0.3713285 -0.8859452 0.2778784 0.3129471 -0.9066738 0.2828549 0.9768626 0.2096372 0.04233026 0.9923105 0.1229324 0.01440519 0.9831042 0.1590643 0.09057998 -0.1538142 -0.9873714 -0.03793472 -0.1189622 -0.9928987 -5.49338e-4 -0.1193004 -0.9928582 0 -0.217541 -0.9759441 0.0144661 -0.1272351 -0.9918482 0.006958365 -0.2183002 -0.9757745 0.01446586 0.07199484 -0.997399 -0.003479182 0.09335798 -0.9956256 -0.00375384 0.0932976 -0.9956322 -0.0035097 0.1057173 -0.9934502 -0.04336726 0.05548292 -0.998449 -0.004608273 0.04800575 -0.9988435 -0.002685606 0.06265538 -0.9980306 -0.003051877 0.01242119 -0.9998626 -0.0109868 0.0518524 -0.9985633 -0.01352006 0.1084941 -0.9931707 -0.04290932 0.6802403 0.7325806 -0.02447628 0.169535 0.9855007 -0.006805777 0.6785931 0.7341074 -0.02444583 -0.9463639 -0.3196256 -0.04727393 -0.8134975 -0.5798707 0.04440587 -0.9851953 0.1525662 -0.07819056 0.448417 0.8334763 0.3228614 0.6408649 0.7501223 0.1631231 0.4467108 0.8310706 0.3313173 0.1763414 0.922359 0.3437406 0.172006 0.9232354 0.3435848 0.6771645 0.7356091 -0.01809799 0.6734318 0.7389255 -0.02188205 0.6735916 0.7387807 -0.02185177 0.6055608 0.7950236 -0.03512752 0.6910044 0.7227743 -0.0104984 0.6910973 0.7226842 -0.01058995 0.6829931 0.730237 -0.01657199 0.6096257 0.7866995 0.09726542 -0.9804841 0.1965118 0.005859613 -0.982336 0.1848518 -0.02908432 -0.9774264 0.2110376 0.01004064 -0.7218922 0.6914345 0.02810782 -0.9821592 0.1848224 -0.03469997 -0.9490013 0.3047059 -0.0809375 -0.5617617 -0.8206537 0.1046494 -0.4631298 -0.8791379 0.1123719 -0.2240405 -0.9744739 0.01437443 -0.2233406 -0.9746354 0.01431357 -0.2153404 -0.976448 0.01333665 -0.2041758 -0.9788233 0.01474094 -0.9475685 0.3077278 -0.08612591 0.9917154 -0.101964 -0.07812863 -0.9068166 0.3862508 -0.1688016 -0.9902941 0.1031861 -0.09311473 -0.8945478 0.4127414 -0.1715483 -0.3101726 -0.4893543 0.8150615 0.121037 0.4228665 0.8980725 -0.3397431 -0.2077157 0.9172943 -0.05670374 -0.970526 0.2342312 -0.5043367 -0.6095073 0.6116742 -0.05536085 -0.9670451 0.2485135 -0.5369588 -0.6438683 -0.545077 -0.4849172 -0.7861097 -0.3832582 -0.5165746 -0.6925505 -0.5035122 0.1753907 -0.9759257 -0.1296433 0.2745813 -0.9200013 -0.2796474 0.2793141 -0.9168655 -0.2852043 -0.3581116 -0.9060523 0.2254449 -0.2863623 -0.9564129 0.0571931 -0.2835202 -0.9582313 0.03753817 -0.2970079 -0.9548384 0.008362114 -0.2583783 -0.93875 0.2280113 -0.2994252 -0.9535461 -0.03308296 -0.4669461 -0.8604932 0.2037472 -0.3878671 -0.891951 0.2323418 -0.2861768 -0.9377579 0.1967561 0.1511318 -0.9868736 -0.05691856 0.1682205 -0.9777364 -0.125433 0.1408761 -0.9895818 -0.02969503 0.1501528 -0.9874075 -0.04980677 -0.4348384 -0.8394019 -0.3260678 -0.07947182 -0.9824725 -0.1686183 0.1392573 -0.9898468 -0.02847403 0.3228014 0.7635595 0.5592641 -0.2882843 -0.772105 0.5663446 -0.1454545 -0.9251592 0.3506046 -0.3178253 -0.7596496 0.5673796 -0.9942321 0.03793567 -0.1003174 0.3241176 0.9128397 0.2483376 0.4434518 0.8678288 0.2241064 -0.09900456 -0.9528732 0.2867592 -0.4770835 -0.8492709 0.2261202 -0.3033935 -0.9479941 -0.0962277 -0.188362 -0.9813321 -0.0388199 -0.3139787 -0.9446524 -0.09512746 0.0408653 -0.9865053 -0.1585476 0.03756886 -0.9988251 0.0306105 0.03656148 -0.9988503 0.03100711 -0.2122575 -0.976049 -0.0477007 -0.332415 -0.9426463 -0.0303055 0.04184174 -0.9890642 -0.1414257 -0.4910806 -0.8615503 0.1287289 -0.544766 -0.8028049 0.2423521 -0.3199602 -0.9459639 0.05270612 -0.3848478 -0.8958622 0.2220886 -0.370355 -0.9058209 0.2057324 -0.3412093 -0.9359146 -0.08740818 -0.3405586 -0.9361318 -0.0876193 -0.3001289 -0.9486381 -0.1000429 -0.246506 -0.9627074 -0.1114878 -0.02041709 -0.9921978 0.1229909 -0.02020388 -0.9922509 0.1225969 -0.9399822 0.339889 -0.03015267 -0.9308974 0.3642469 -0.02746725 0.226877 -0.972483 0.05295014 0.2471128 -0.9682782 0.03705012 -0.02777218 -0.9727894 0.2300208 0.07211619 -0.9574092 0.2795838 -0.03567659 -0.9693415 0.2431136 0.0961349 -0.9618376 0.2561767 -0.01791459 -0.9998307 -0.004211604 -0.02725321 -0.9996117 -0.005798518 0.2233092 -0.9742046 0.03253346 0.03354012 -0.999429 0.004089474 -0.07831192 -0.9968141 -0.01513743 -0.2860263 -0.9567476 -0.05313396 -0.2664028 -0.9619982 -0.05990934 -0.2804399 -0.9578722 -0.0619232 -0.234785 -0.9709104 -0.04699969 0.004181087 -0.9999912 4.88307e-4 0.05948084 -0.9981737 0.01055943 0.2193384 -0.9751052 0.0325635 -0.1978851 -0.4659944 0.8623751 -0.1803073 -0.1380993 0.9738675 -0.0438559 -0.2846513 0.9576275 -0.177532 0.1248248 0.9761666 -0.2753784 -0.3158779 0.9079582 -0.0508452 -0.2624052 0.9636174 0.005249261 -0.1627286 0.9866569 5.49338e-4 0.214089 0.976814 -0.4850181 -0.3446277 0.8037346 -0.4228173 -0.04269677 0.9052087 -0.3063201 -0.2915794 0.906173 -0.3803882 0.2246194 0.8971349 -0.5285691 -0.06171059 0.8466444 -0.4042526 -0.193581 0.8939275 -0.3518908 -0.08811002 0.931885 -0.1706312 0.09582936 0.980664 -0.2858136 -0.957178 -0.04605364 -0.3231394 -0.6624235 0.6758521 -0.4310176 -0.2585557 0.8645073 -0.1298889 -0.5109494 0.8497409 -0.4305365 -0.3895184 0.8141952 0.2497701 -0.6658096 0.7030737 -0.1351081 -0.6146551 0.7771389 -0.3850311 -0.523253 0.7602351 -0.1034898 -0.4035216 0.9090986 0.8008646 -0.5640937 0.2010325 0.7335339 -0.3339433 0.5919544 0.9228076 -0.2933806 0.2497077 0.755389 -0.4312715 0.4933483 0.9752688 -0.153267 -0.1592487 0.9113292 -0.3801147 0.1580886 0.7873296 -0.4990774 0.3619861 0.9269871 -0.1912937 0.3226479 0.899462 -0.4240949 -0.1054133 0.7521516 -0.5885064 0.2965269 0.9479398 -0.2789405 0.1536309 0.8036392 -0.5711417 0.1672163 0.9914521 0.130043 0.01055967 0.9641345 -0.2638391 0.02887123 0.8598259 -0.5089127 0.04132336 0.9221708 -0.2707671 0.2761995 -0.1372119 0.9863325 -0.09122025 0.1605007 0.953269 0.255965 -0.2277011 0.9542329 0.1938862 0.09204626 0.9861404 0.1380389 -0.6194408 0.7733778 0.1348322 -0.2750375 0.9583892 0.07645016 -0.01528978 0.9993607 0.03231912 -0.195141 0.9296209 0.3126102 0.01254314 -0.998448 0.0542621 -0.1431961 -0.9788428 0.1461565 -0.1522916 -0.9760705 0.1552215 -0.007049858 0.9998907 0.01300102 -0.03415119 0.9973439 0.06433492 0.1547317 0.9846981 -0.08017361 0.07318544 -0.9951756 0.06534194 0.2452521 -0.9509779 -0.1883949 0.2370707 -0.955394 -0.1761245 -0.009582936 -0.9999541 2.44152e-4 0.08322459 -0.9721135 -0.2192466 0.09589165 -0.9841867 -0.1489342 -0.03998011 -0.9973974 0.06000071 0.03543263 -0.9993481 0.006927788 0.006164729 0.9978381 0.06543201 0.03940057 0.9992061 0.005920767 -0.1674869 0.9653389 0.2001725 0.1442641 0.9868676 -0.0726661 -0.2474192 0.9341013 0.2573685 -0.2416782 0.9376288 0.2498878 0.0446496 -0.9930033 0.1093198 -0.1600718 0.949383 0.2702757 0.3501117 0.9338448 -0.07318407 0.3592112 0.9216193 -0.1469195 0.02902388 0.957178 0.2880415 -0.1032751 -0.9928324 0.06015223 -0.1842157 -0.9703065 0.1567481 -0.2007556 -0.9672465 0.1553429 0.1056277 0.9943843 0.006531119 0.09988737 0.9939911 0.04477077 0.198984 0.9765478 -0.08221822 -0.3414442 -0.9196226 0.194191 -0.02594149 -0.979795 -0.198315 -0.02868813 -0.9787554 -0.2030147 -0.1011717 -0.9945649 0.02459859 0.1930648 0.9774711 -0.08530133 -0.04318481 0.9980428 -0.04522961 0.01666349 0.9613583 0.2747958 -0.3478562 -0.8979014 0.269758 -0.07345908 0.9972983 3.35708e-4 -0.009369432 -0.9996921 -0.02298104 0.2065842 -0.9520149 -0.2258113 0.03454709 -0.9942069 -0.1017798 0.0469377 -0.9988453 -0.01025426 -0.1003773 -0.9944034 0.03296059 0.06998068 0.9938604 0.08569812 0.1407236 0.9895823 0.03039699 -0.05905437 0.9854609 0.1593095 -0.06308346 0.9952057 0.07474189 -0.06497567 0.9973723 0.0320453 0.05929839 -0.9977268 0.03201436 -0.2450063 0.9269527 0.2841316 0.2849899 0.9547681 0.08484387 0.0397666 0.9966994 0.07077425 0.1942828 0.9755648 0.1026043 -0.3735872 -0.9267501 0.03958356 -0.3574724 -0.9307466 0.07696962 -0.2409511 -0.9689622 -0.05527073 0.1945877 0.9767532 0.08993875 0.3531414 0.9075896 -0.2270957 0.2955487 0.9420691 -0.1586087 7.93484e-4 0.9997901 -0.02047795 0.10813 0.9701797 -0.2169315 0.07217842 0.9889817 -0.1292497 0.01239067 0.998915 0.04489332 0.2505924 0.9661434 0.0614044 -0.009552359 -0.998211 0.05902343 -0.03067117 -0.9994845 -0.009491264 -0.07214778 -0.9812287 0.1788436 -0.07522845 -0.9966475 -0.03216665 -0.4204917 -0.8529774 0.3092192 -0.3576229 -0.9034572 0.2363705 0.1092284 0.9828422 0.1486288 -0.1082512 -0.9557054 0.2736952 -0.3038761 -0.9472132 -0.1022076 -0.3090035 -0.9459322 -0.09863698 -0.2715889 -0.954849 -0.1204281 -0.2787968 -0.9595982 -0.03799688 0.009033679 0.9842494 0.1765545 -0.001617491 0.9833455 0.1817393 -0.01080363 0.9995222 0.02896237 0.2197355 0.9755038 0.01043742 0.2354236 0.971664 0.0210886 -0.1057497 0.9943833 -0.004333734 0.02984774 0.9989541 0.03463923 0.01522892 -0.999222 0.03637862 -0.01907449 -0.9992926 0.03241145 -0.213539 -0.9761087 0.0401625 0.0943641 -0.9931732 0.06857573 0.09082448 -0.9953464 0.03219753 -0.1053519 0.9939156 0.03213661 -0.2019463 -0.9782358 0.04767113 0.06930786 -0.9935659 0.08957231 0.207652 -0.9720338 0.1096857 0.1662375 -0.9778627 0.1270815 -0.1174374 0.9922667 -0.04019361 -0.1397463 0.9901571 -0.007751762 -0.1769199 0.981651 -0.07114028 0.1247027 -0.9920062 -0.01931881 0.07971709 -0.9273064 -0.3657159 0.05111902 -0.9665923 -0.2511699 0.19694 -0.9792678 0.0474267 -0.108586 0.9914344 0.07257372 -0.1693211 0.9855602 -0.001220762 -0.05072236 0.94633 0.3191972 -0.2039573 0.9773959 -0.05566632 0.08847481 -0.9943426 0.05877977 -0.08948373 0.8892525 0.4485785 -0.8344798 -0.5436341 0.0900309 -0.5626162 -0.8185479 0.1159414 -0.432428 -0.8927201 0.1267161 0.801197 0.5967167 -0.04486358 0.7844657 0.6199367 -0.01709073 0.4142126 0.9073185 -0.07211792 -0.2660658 -0.9635197 0.02896261 -0.518214 -0.8395799 0.1629719 -0.5074197 -0.8520475 0.1286098 -0.2963103 -0.9544252 0.03567683 0.27003 0.9627754 0.01214641 0.2962501 0.9550991 0.004669427 0.5012463 0.8637222 -0.05230975 0.5397298 0.8394576 -0.06326603 -0.8218848 -0.5661331 0.06323599 0.5105793 0.8563266 -0.0775482 -0.1210672 0.9758317 0.1819213 -0.01007133 0.9999307 0.006103813 -0.03561508 0.999116 0.02233952 0.03018367 -0.999481 -0.01126164 0.03698903 -0.9989186 -0.02816903 -0.06030559 -0.9882367 0.1405401 -0.07330662 0.9895785 -0.1239376 -0.1228098 0.9603825 -0.250167 -0.1280905 0.9730243 -0.1918764 -0.01434379 0.9956148 -0.09244143 0.002075254 -0.9806888 0.195564 -0.07367426 -0.9823953 0.1716727 0.06351119 -0.9629231 0.2621936 -0.09778273 -0.9840839 0.1483832 -0.1293087 0.9708678 0.20173 0.05893224 -0.9453582 0.3206636 0.853655 0.4724996 0.2191284 0.9061847 0.3519813 0.2343897 0.8858817 0.3726398 0.2763211 -0.8867257 -0.4614147 -0.02853512 -0.9235117 -0.3639112 -0.1212223 -0.9399063 -0.3413901 -0.005371391 0.85191 0.4763115 0.2176622 0.7284012 0.6724595 -0.131263 0.7750549 0.6310978 -0.03170901 0.9233325 0.3774633 0.07056069 0.8541361 0.4652016 0.2324634 -0.8685877 -0.4811414 -0.1185686 -0.8710302 -0.4751295 -0.1247337 -0.7519043 -0.6463379 0.1299512 -0.8884153 -0.3949801 0.2338995 -0.87004 -0.4096586 0.2742451 0.8515191 0.4746362 0.2227909 0.8732427 0.349291 0.339769 -0.9262198 -0.3680586 0.0815466 0.9125627 0.4063972 0.04550451 -0.6916236 -0.6841465 0.2315178 7.93506e-4 -0.9718621 0.2355493 -0.1693789 -0.9852665 0.02368253 0.09821009 -0.9583269 0.268262 0.1793004 0.9617218 0.2072255 -0.1869909 0.97347 -0.1318733 -0.04959356 0.9987084 0.01104789 0.1323324 0.9895328 0.05755966 0.1803662 0.9574368 0.225351 -0.1658085 -0.9800496 -0.1095929 -0.1513131 -0.9815215 -0.1171319 0.08981901 -0.9919768 0.08896446 0.07034611 0.9967479 0.03930836 0.2241943 0.9550995 0.1937056 0.2372899 0.9443377 0.2278594 0.2394813 -0.9417506 0.2361243 -0.1939808 -0.9806164 -0.02761995 -0.3376403 0.8821436 -0.3283622 -0.6177974 0.7858049 -0.02893203 -0.5584742 0.829059 -0.02771157 0.3877159 -0.8836224 0.2624651 0.3817296 -0.8824522 0.2748832 0.4681099 -0.8576012 0.2130574 -0.7196669 0.6895753 -0.08102774 -0.7479216 0.62603 -0.2206806 -0.755158 0.6339067 -0.1670295 -0.6999458 0.7116039 -0.06079316 0.6812808 -0.7200402 0.1319041 0.648806 -0.7509536 0.1229615 0.7264459 -0.6416333 0.2461364 0.5309397 -0.8260283 0.189157 -0.3046791 0.874148 -0.3782013 0.7120665 -0.6242332 0.3213943 0.104497 -0.8896281 -0.4445699 0.01174974 -0.05142426 -0.9986078 0.01461857 -0.6369617 -0.7707569 0.04724317 0.8750061 0.4818012 0.05380576 -0.06021481 0.9967343 0.03775262 0.2930483 0.9553521 0.07550477 -0.7770832 0.6248527 0.01889133 -0.6211572 0.7834583 0.2486351 0.6170559 0.7466074 0.1106312 0.1476507 0.9828327 0.04764032 0.5832513 -0.8108935 0.1634302 0.8806921 -0.4446035 0.1370936 -0.09467142 -0.9860237 -0.004242122 0.8719945 -0.4894974 0.1869916 -0.8745605 -0.4474126 -0.1171618 -0.3890542 -0.9137341 0.1300446 -0.5187135 -0.845 0.1847629 -0.8847501 0.4278784 -0.09949296 -0.7531557 0.6502751 -0.2400943 -0.9699298 0.03988856 -0.3295184 0.3955625 0.8572911 -0.2541016 0.2072243 0.9447172 0.1417329 0.8337343 0.5336656 -0.3273833 0.4210173 0.8459106 0.1648945 0.3972972 -0.902754 -0.02999985 -0.7908617 -0.6112592 -0.4939534 -0.04046845 -0.8685462 0.1759436 -0.001586973 0.984399 -0.1919972 0.3786232 0.9054179 -0.2026153 0.7345913 0.6475512 0.1547942 0.8403508 -0.5194702 -0.2347563 0.9214766 0.3094682 0.09174162 0.9712834 0.2195268 0.08881181 0.7187349 -0.6895887 0.07626664 0.9964413 0.03589016 0.2769886 -0.05606299 -0.9592363 0.3394351 0.9235126 -0.1786292 0.09335708 -0.5297155 -0.8430219 0.08511871 -0.8260087 0.5571934 0.02716201 -0.7242807 0.6889701 0.1381914 -0.1121585 0.9840344 0.1810712 0.724041 0.6655659 0.09870004 0.2316735 0.9677736 0.02404874 0.5442718 -0.8385643 0.1697454 0.7879946 -0.59182 0.1572018 -0.2289208 -0.960668 0.01608371 0.9986866 -0.04864794 -0.6438353 -0.0736736 -0.7616092 0.04880046 0.9973118 -0.05466014 -0.7334954 0.6062309 0.3073576 0.04925888 -0.6402745 0.7665653 0.01095628 -0.3217608 -0.9467576 0.1667565 -0.916276 -0.3641849 0.003479182 -0.9836764 -0.1799129 0.170207 -0.9428071 -0.2866082 0.1492693 -0.7725014 0.6172198 -0.4013871 -0.808054 -0.4312043 0.07532221 -0.8617499 -0.5017108 0.09055078 -0.9233007 -0.3732511 0.07538241 -0.8665623 0.4933429 -0.4113665 -0.6419687 0.6470348 -0.3478294 -0.05243229 0.9360906 -0.6526138 -0.592858 -0.4718205 0.03009152 -0.999522 -0.007110834 0.02093625 0.9814103 0.1907764 0.01944047 0.6333873 -0.7735908 0.03689765 -0.9742935 -0.2222405 0.01693785 -0.4833848 -0.8752442 0.007385671 -0.8638859 0.5036334 -0.007812857 -0.3526775 0.9357123 0.1318104 -0.8602316 0.4925724 -0.04803711 0.471307 0.8806602 0.0423296 -0.9361044 -0.349166 0.02084457 -0.5879822 -0.8086053 -0.001892149 0.9440839 0.3296999 -0.138345 0.9015467 -0.4099687 0.0345481 0.4923416 0.8697161 0.04861772 0.3252779 -0.9443679 0.04455834 0.8717877 -0.4878532 0.0455659 -0.9410452 0.3351981 0.05404931 -0.4705433 -0.88072 0.03369319 -0.8514555 0.5233435 0.0112614 -0.279674 -0.960029 -0.009002923 0.915251 -0.4027836 0.0394001 -0.3796266 -0.9243004 0.05432307 0.2330399 0.9709488 -0.01345896 0.3748378 0.9269928 0.02908462 0.9702914 -0.2401847 0.03781366 -0.9663085 0.2545937 -0.05407935 0.5081082 0.8595938 -0.03845405 0.8849936 -0.4640128 0.1807969 0.7179077 -0.6722507 0.2086607 0.8019568 0.5597553 -0.2839189 -0.01083421 0.9587871 -0.0994001 0.994001 -0.04562574 -0.4433838 -0.7396954 -0.506223 -0.09946262 0.09164965 -0.9908117 -0.6769428 -0.734288 0.05069208 -0.8371799 -0.543613 0.06012332 0.2011546 0.5935451 -0.7792568 -0.3270478 0.1470128 0.9335025 -0.1141121 0.3620824 0.9251351 -0.4482108 -0.6969761 0.55976 -0.4066672 0.3429738 0.8467531 0.2396079 0.9705174 0.02615511 0.334646 0.9131426 -0.232772 -0.7717756 -0.0686382 0.6321797 0.3415726 -0.8388854 -0.4237917 0.28856 -0.6720656 -0.6819538 0.5239294 0.8492985 -0.06473195 0.5711057 0.817182 0.07779341 0.5072673 -0.840786 -0.1890998 0.3878653 -0.8849579 -0.257702 -0.9242636 0.02148526 0.38115 0.6389834 0.7605114 0.1154241 -0.9552898 0.1245805 0.268144 0.05328702 -0.7480943 0.6614494 -0.4051985 0.5017295 -0.7642524 -0.3809126 -0.5144655 -0.7682648 -0.2544064 -0.5777553 -0.775549 0.2915524 -0.8659895 0.406275 0.372733 -0.8955908 -0.2428731 -0.2020044 0.2767756 -0.9394624 -0.3571599 0.4393771 -0.824248 0.3112313 0.9304283 0.1934895 -0.2739396 -0.6804544 -0.6796609 0.3107181 0.914087 0.2605748 -0.5597278 0.6282746 0.5403479 0.2581316 0.2844087 -0.9232984 -0.5593853 0.7037103 0.4380412 0.2516301 -0.9118198 0.3244488 0.1622706 -0.8105903 0.5626827 0.3260062 0.4029756 -0.8551787 -0.5758404 0.5292067 0.6231759 0.4953318 0.2578594 -0.8295511 0.2785134 -0.9381135 0.2058484 0.1871456 0.4111588 -0.8921464 -0.5463826 0.7011752 0.4580605 0.1917497 -0.7709664 0.6073244 -0.7919799 -0.5781607 0.1962096 0.5649141 0.2034728 0.7996693 0.4633112 0.1568379 0.8722068 0.2485464 0.3212425 -0.9137986 -0.8663185 -0.4897418 0.09821081 0.5982354 0.1348333 0.7898953 0.3289024 0.2804079 -0.9017731 0.4166757 0.1321777 -0.8993945 -0.9645372 -0.2572486 0.05908566 0.4149104 0.2056698 0.8863123 0.3170318 -0.003112912 -0.9484099 -0.9276503 -0.3714141 0.03894197 0.3237486 0.247725 0.913137 0.368184 -0.07001107 -0.9271133 -0.7945808 0.2490714 -0.5537192 0.7363042 -0.6266185 -0.2553535 -0.6407259 0.1916928 -0.7434544 0.2427805 0.2120782 0.9466153 -0.08090609 0.4061177 0.9102323 0.6630968 -0.6904729 -0.2890501 -0.6625383 0.3498705 -0.6622942 -0.1723098 0.6089136 0.7742956 -0.5221546 -0.5502629 0.6515869 -0.5689694 0.2175103 0.7930719 -0.6163022 0.190439 0.7641366 0.1069082 0.9904034 -0.08758956 0.1246694 0.985636 -0.1139268 -0.4006541 -0.6954377 0.5965254 -0.4615461 -0.2033818 0.8634877 0.4335616 -0.7303953 -0.5277756 0.2661573 0.9094699 -0.3194131 0.2915193 -0.9045583 -0.3111127 0.2234573 -0.01406908 0.9746122 0.1380083 -0.9344707 0.3282046 0.2725356 -0.04785394 0.960955 -0.09451806 -0.7924014 -0.6026328 0.05160713 -0.9958254 0.0752896 -0.144079 -0.6017078 -0.7856138 -0.1986491 -0.008819997 -0.9800311 -0.1934007 -0.02511733 -0.9807984 -0.1548548 0.580721 -0.7992391 0.05197376 0.9884786 0.1421573 -0.1066043 0.8231396 -0.5577427 0.1369705 0.8931773 0.4283381 0.08789527 -0.9515883 0.2945407 0.2115901 -0.03479194 0.9767391 -0.08920776 -0.7612114 -0.6423389 -0.1521686 0.006561577 -0.9883329 -0.06347948 0.7981631 -0.5990877 0.1336111 0.9183093 0.372634 0.004852592 -0.8675541 -0.4973191 0.1986822 -0.07559686 -0.9771441 0.1414276 -0.7861533 0.6016321 0.0174877 0.9866362 -0.1619978 -0.004486262 0.7504668 0.660893 0.1359005 -0.8932264 0.4285765 0.2089372 0.204817 -0.9562402 -0.2008464 0.6952872 0.690099 0.8102542 -0.4147254 -0.414115 0.3236609 0.4932585 -0.8074278 0.8230155 -0.401299 -0.402001 -0.4532977 0.8293521 -0.3266441 0.2936925 0.524392 -0.7992233 -0.4480896 0.8440516 -0.2946062 -0.7721477 0.4821497 0.4139078 -0.7564262 0.4977733 0.4243128 -0.4589521 -0.2453767 0.8539047 0.3190826 -0.7838963 0.5326284 -0.4457292 -0.2680174 0.8541032 0.3502421 -0.7802011 0.5182825 -0.4685891 0.8089373 -0.3550279 -0.08340942 -0.7737576 0.6279667 -0.7815604 -0.1024827 0.6153541 0.5084494 0.505306 -0.6972411 -0.9453806 0.1967852 0.2598675 0.3265576 0.5871629 -0.7406754 0.6040726 -0.7733339 0.1924865 0.5404945 0.3661079 -0.7575162 0.3765771 -0.634648 0.6748419 -0.9787216 0.1723421 0.1113647 0.5062628 -0.6945701 0.511146 -0.2542272 -0.8859192 0.3879635 -0.1406337 -0.7700979 -0.6222311 -0.2682052 -0.1467682 0.9521162 -0.2804441 -0.847894 0.4499191 -0.3242032 -0.9170346 -0.2322495 -0.2688088 -0.7118183 -0.6488888 -0.04080384 -0.04431354 -0.9981842 0.331408 0.9140194 -0.2339602 0.3879591 0.2707046 -0.881026 0.06726479 -0.932918 -0.3537507 -0.4021517 0.08108949 0.9119751 -0.04306256 -0.3077558 0.9504905 0.2959713 0.8175682 -0.4939468 0.3915888 0.9171863 -0.07367277 0.0423904 -0.787687 -0.6146157 0.2031383 0.5102568 0.8356871 0.2439387 0.9455105 -0.2156475 -0.1691371 0.9827475 0.07483297 -0.8988627 0.3073322 0.3123984 0.5711578 0.8201296 0.03415042 0.49169 0.8487917 -0.1944054 -0.5344303 0.8179582 0.2129053 -0.9145774 -0.1027591 0.3911377 -0.3655276 -0.8002423 0.4753966 -0.6850023 -0.6597629 0.3090063 0.1746593 -0.9832867 -0.05139368 -0.9968181 0.05939036 0.05316442 0.4608026 0.886417 0.04388594 0.6700122 0.730104 -0.1342832 0.4338039 -0.9003553 -0.03427338 0.5702447 -0.8192785 -0.06003057 0.282638 -0.9585459 0.03613466 -0.9944869 0.1034893 -0.01690739 0.9137244 -0.1709704 -0.3686149 0.3554226 -0.1358394 -0.9247825 -0.1487827 0.7517574 -0.6424364 0.3173052 -0.8673475 -0.3834396 0.631471 -0.6652252 -0.3983966 0.287522 0.02490371 -0.9574503 -0.09280836 0.4925771 -0.865306 -0.4388042 0.7981671 -0.4127714 -0.5683739 0.5776826 0.5858619 -0.3537797 0.8097992 0.468044 -0.1023898 0.6214193 -0.7767589 0.2322529 -0.9725324 -0.0154733 0.532163 -0.7521758 -0.3886313 -0.1516479 0.2226957 0.9630211 -0.09857565 -0.02221763 0.9948815 -0.1606844 0.8086713 -0.5658899 0.1177738 -0.536681 0.8355255 -0.004364192 -0.03842335 0.9992521 -0.5933872 0.06790548 0.8020478 -0.6526462 0.7207949 0.2334694 -0.582401 0.7896274 -0.1931265 0.457881 0.2876139 -0.8412035 -0.6650407 0.7221419 -0.1903473 0.5007623 -0.7594448 0.415308 0.1837579 0.4877628 -0.853417 0.6881976 -0.7069971 -0.162909 0.506437 -0.6966636 0.5081155 -0.6646756 0.07068222 0.7437812 0.5035985 0.2328925 -0.8319553 -0.2537089 -0.3239954 0.9114049 0.861639 -0.3803871 -0.3359822 0.09509617 -0.03149527 -0.9949698 -0.7327751 0.4762886 -0.4859938 -0.650581 0.3485615 -0.6747218 0.7262113 -0.3322657 0.6018444 0.2708836 -0.02737522 0.9622228 -0.814644 0.4595858 0.3537458 0.02230942 -0.3425768 0.939225 0.3631169 0.9135298 0.1833285 0.05816924 0.6344298 0.7707889 0.4881016 -0.8670341 0.1000435 0.06857591 -0.2092984 0.9754443 0.09561735 -0.1903496 0.9770488 -0.2350578 0.7202194 0.6527112 -0.352403 0.6681832 0.6552431 -0.3074804 0.9367852 -0.1670007 -0.4328778 0.8804962 -0.1932446 -0.2034735 0.4865419 -0.8496326 -0.1118839 0.5596331 -0.8211533 0.2332273 -0.3232282 -0.9171307 0.2285258 -0.3523411 -0.9075416 0.2798012 -0.9524168 0.1208871 0.07809734 0.9964664 -0.03091543 0.1107854 0.6282722 -0.7700653 0.08783459 -0.3134945 -0.9455191 0.08697807 -0.4320523 -0.8976446 -0.01904398 -0.9998096 -0.004272639 0.0067752 -0.6174299 0.7865967 -0.3373308 -0.6441116 0.6865336 -0.1420959 -0.008240044 0.9898186 -0.9849075 0.03839284 -0.1687698 -0.990933 -0.127815 -0.04141473 -0.9482018 -0.2922216 0.1245794 -0.9711521 0.2339298 0.04626709 -0.9456073 0.3090986 0.1014153 -0.9635483 0.2295034 0.1374884 -0.8907469 -0.454102 -0.0190137 -0.53846 -0.7815499 0.3150249 -0.7094849 0.4956659 0.5009457 -0.918244 0.1994457 0.342125 -0.8083208 0.5872122 -0.0424211 -0.7866249 0.006439447 -0.6173976 -0.8087824 -0.04245179 0.586574 -0.8413332 0.04275792 0.5388231 -0.9002254 -0.4202802 0.1138367 -0.9611001 0.2553819 0.1051985 -0.7663711 -0.4621849 -0.4461622 -0.8495296 0.481164 -0.2162888 -0.8870923 0.1560735 0.4344058 -0.9720013 0.08569747 -0.2187911 0.2325289 0.8075491 0.5420285 0.194408 -0.5184926 0.8326891 0.3784424 -0.7276166 0.5721499 -0.1423089 0.9897841 -0.008697807 -0.2287397 0.9464242 -0.2279462 -0.4340786 0.6044993 -0.6679494 -0.4953798 0.5382586 -0.6818186 -0.4873928 -0.4129563 -0.7693604 -0.1742349 -0.926262 -0.3341868 -0.4476829 -0.492729 -0.7461891 -0.0501424 -0.998057 -0.03698879 -0.22447 0.3882675 0.8937906 0.1146311 0.606361 0.7868838 -0.2125055 0.9771045 0.01040703 0.2500457 -0.7884697 -0.5619544 0.0631746 -0.01321476 -0.997915 -0.4040154 0.4022758 0.8215509 0.2721695 0.3811838 -0.8835285 -0.5672926 0.4401493 0.6960229 -0.1030626 -0.9583875 0.2662171 0.2136932 -0.9000324 -0.379838 0.3334507 0.2398183 -0.9117554 -0.06174021 -0.9725236 0.2244684 -0.2894159 -0.3991333 -0.8700179 -0.1855285 0.8769801 -0.4432663 -0.1550374 -0.9859833 -0.06164872 0.1007725 -0.9931373 -0.05935871 -0.2240399 -0.9650409 0.1360231 0.2956078 -0.9497535 -0.1028798 -0.02096694 -0.9398201 -0.3410258 0.4511927 -0.8915511 0.03952205 0.4663264 -0.8831819 0.05029487 0.1121892 -0.9888579 0.09784507 0.104833 -0.2830643 -0.9533545 0.2580379 -0.06085479 -0.9642164 -0.2338958 0.2829396 -0.9301818 -0.5532821 0.2930756 -0.7797344 -0.2839813 -0.109686 -0.9525353 -0.5122618 0.3746516 -0.7728028 -0.4890996 0.340502 -0.8030194 0.02652108 0.6897014 -0.7236081 0.486016 -0.5169624 0.7046546 0.2867249 0.1162159 0.9509378 0.594114 -0.5685696 0.5689968 -0.25932 -0.3336643 0.906323 0.2433619 0.4050538 0.8813095 -0.3684254 0.1932768 0.9093442 -0.3688512 -0.1488711 0.9174891 0.1361158 0.283066 0.9493926 0.2193688 0.9153489 0.3376594 0.2194349 0.9707022 0.09790641 0.4449362 0.7986207 0.4052615 0.1044068 0.893974 0.4357864 0.1364814 0.9898257 -0.04022413 0.04904443 0.9929131 0.1082518 0.009857714 0.919121 0.3938523 0.1951708 0.9806762 -0.01352 0.3838176 -0.4653056 -0.7976057 0.03534138 -0.694864 -0.7182723 0.4530588 -0.3843599 -0.8043664 -0.38903 -0.3422133 -0.8553045 0.114907 -0.7560364 -0.6443644 -0.5092716 -0.6570754 -0.5557827 -0.4970929 -0.3521278 -0.7930352 -0.1454253 -0.7970165 -0.5861879 0.6015897 0.593899 -0.5342039 0.2662829 0.01861691 -0.9637151 0.6878775 0.5960751 -0.4141487 -0.2553546 0.4981658 -0.8286283 0.2336262 -0.2235243 -0.9462853 -0.3974178 0.03329616 -0.9170336 -0.3839685 0.344537 -0.8566578 0.1308959 -0.1236323 -0.9836571 0.04919689 0.9947121 -0.09015369 0.1067545 0.9842289 -0.1410575 -0.02923703 0.9215479 -0.3871624 0.161631 0.9797357 -0.1182934 -0.01867777 0.9758247 0.2177553 0.333205 0.907265 -0.2566027 0.3505448 0.898641 -0.2637478 0.1389859 0.9305706 -0.3387056 -0.2260852 0.5848063 0.7790296 0.003295958 0.7466994 0.6651536 0.02029508 0.7432276 0.6687308 0.03271597 0.809172 0.5866604 -0.277635 0.5939075 0.755111 0.289264 0.7782173 0.5574085 0.299519 0.8105996 0.5032066 0.2639273 0.7809476 0.5660947 0.1976146 -0.2811773 -0.939089 0.0430932 -0.4521737 -0.8908883 0.08072489 -0.6492479 -0.7562808 -0.1225958 -0.3595473 -0.9250385 0.09000152 0.01928818 -0.9957548 0.01580876 -0.6789543 -0.7340104 0.0258193 -0.6988915 -0.7147616 0.1067571 -0.7685106 -0.6308679 0.2458657 0.2169942 0.944703 0.1135308 0.1811305 0.9768841 0.1637632 0.5678609 0.8066695 0.08032542 0.2516273 0.9644851 0.006714105 -0.3477319 0.93757 0.2426586 0.395316 0.8859132 0.2611791 0.3983913 0.879244 0.1510726 0.4935343 0.8565052 0.1300714 -0.9893915 -0.0647 0.08264493 -0.9957988 -0.03943032 0.08557629 -0.9724082 0.2170232 0.04205536 -0.9985262 -0.03430354 -0.04193282 -0.9181281 -0.394059 0.2106412 -0.9674173 0.1404783 0.2219687 -0.9653332 0.1373379 0.1243973 -0.975616 0.1808279 -0.2713124 -0.9119331 -0.3078434 -0.007324457 -0.8775056 -0.4795106 -0.2696999 -0.9574851 -0.1023926 0.1320884 -0.7015212 -0.7003005 -0.1636425 -0.7436857 -0.6481919 0.2450376 -0.8477894 -0.4703295 0.3752933 -0.6710845 -0.6393751 -0.07504665 -0.9716085 -0.2243769 -0.2482711 -0.2067959 -0.9463599 -0.08307391 0.09500706 -0.9920043 -0.4805635 -0.3120946 -0.819546 0.3218533 -0.2566953 -0.9113277 0.04986828 0.3112344 -0.949024 0.3925105 0.1822316 -0.9015138 0.3970547 -0.1015679 -0.9121577 -0.0767551 0.2619745 -0.9620177 0.1664189 -0.2768664 -0.9463877 0.3184035 0.07980686 -0.9445899 9.4609e-4 -0.3379984 -0.9411463 0.5650383 -0.3210042 -0.760058 0.3688815 0.2648732 -0.890937 0.667033 0.1987426 -0.718031 0.6728264 -0.135078 -0.7273642 0.3361945 0.2318204 -0.9128158 -0.01171934 0.9999305 -0.001281797 0.130316 0.9913788 0.01364195 0.1382526 0.9902914 0.01446616 -0.1114251 -0.5354267 -0.8371993 -0.06811904 -0.4779323 -0.8757515 -0.05380487 -0.4474689 -0.8926795 -0.4567146 -0.8895633 0.009430289 -0.4142952 -0.9101067 0.008087515 -0.4066647 -0.9135537 0.006592035 -0.3614991 -0.901993 -0.2360655 -0.3177717 -0.902347 -0.291189 -0.08942067 0.1012926 -0.9908299 0.1503986 0.8718118 -0.4661809 -0.1443867 0.9480513 -0.2834632 -0.2291972 0.8390265 -0.4934606 -0.2359446 0.9708797 0.04150623 0.3064727 0.8823679 -0.3570733 -0.1267777 -0.5519136 -0.824208 -0.1213753 -0.5032942 -0.8555483 -0.1774357 -0.6235886 -0.7613501 -0.4618507 -0.8868948 0.01055967 -0.08984839 0.111395 -0.9897062 -0.01440507 0.7505291 -0.6606804 -0.09451764 0.7153679 -0.692326 -0.9374829 0.3479167 0.008942067 -0.9222375 0.3863155 0.01544284 -0.9241495 0.380604 0.03299117 -0.00903356 0.9998304 -0.0160529 -0.2350594 0.936087 -0.2617027 -0.01171934 0.9997172 -0.02069199 -0.9159295 0.3987583 0.0454424 -0.01776182 0.999484 -0.02676481 -0.015473 0.9996127 -0.02313321 -0.2379868 0.9638193 -0.1200616 -0.4123158 0.9095363 0.05234056 -0.02853536 0.9988912 0.03744697 -0.1031557 0.9559 0.2749803 -0.1330323 0.9777681 0.1620864 -0.3893052 0.9129261 0.1225048 -0.7955098 0.5834939 0.163399 -0.4525628 0.7998054 0.394333 -0.3283873 0.8748957 0.3559767 -0.9250857 0.3787077 0.02822983 -0.9411714 0.3379049 0.004089474 -0.9475497 0.3189831 0.01998984 -0.900605 0.4164104 0.1245508 -0.9203892 0.3891771 0.03775185 -0.1527189 0.9681049 0.19862 -0.05652087 0.9963794 -0.0635097 -0.08081322 0.9960663 -0.03634762 -0.3199633 0.8812114 0.3479799 -0.4208307 0.8365952 0.3507279 -0.5768527 0.7519747 0.3190224 -0.3730008 0.8629495 0.3408644 -0.8069609 0.5452884 0.2268805 -0.8677517 0.4502799 0.2103686 -0.8257605 0.4046248 0.3929359 -0.1142619 0.9669539 -0.2279135 -0.7637888 0.4090875 0.4992736 -0.01901346 0.9789659 -0.2031361 -0.1400832 0.9901351 0.003051877 -0.2745469 0.9605787 0.04373341 -0.1627893 0.9862578 0.02819967 -0.4517484 0.8783489 0.1562899 -0.2821514 0.9591622 0.01995962 -0.9389216 0.3437677 0.01580888 -0.9222069 0.3865292 0.01138371 -0.9677001 0.2474795 0.04806756 -0.9477134 0.3172473 0.03454774 -0.9345593 0.354206 0.03372371 -0.9605229 0.210184 0.1822592 -0.3346678 0.9386323 0.08346855 -0.3065958 0.9517408 -0.01373362 -0.3106862 0.9504315 -0.0124213 -0.675482 0.7372834 -0.01171934 -0.7470985 0.6622564 -0.05710053 -0.7530313 0.6531418 -0.07968568 -0.5965074 0.8017828 0.03637945 -0.4952002 0.8685689 -0.01910483 -0.602561 0.7971177 0.03903335 -0.6913894 0.7217563 0.03238117 -0.4905659 0.8710491 -0.02487313 -0.9169846 0.3582362 0.1755168 -0.1829627 -0.008301198 -0.9830848 0.08783417 0.2246211 -0.9704795 -0.3330273 0.1160041 -0.9357542 -0.2366465 -0.05133342 -0.9702388 0.3088228 0.2281302 -0.9233554 0.2726868 0.07214677 -0.9593939 -0.03500539 -0.07736593 -0.9963881 0.2219044 0.2959743 -0.9290628 0.100103 -0.3039712 -0.9474076 -0.005279779 0.0657078 -0.997825 0.01373374 -0.4482698 -0.8937929 0.468046 -0.06784468 -0.881096 -0.07046926 0.2511135 -0.9653891 0.2321905 0.4082866 -0.8828305 0.4413695 0.1478658 -0.8850586 -0.07931846 0.2016685 -0.9762369 0.5771501 0.3803312 -0.722666 0.579559 0.04004114 -0.8139461 0.6455719 0.1307746 -0.7524195 0.6543956 -0.1119754 -0.7478154 0.5337257 0.4028885 -0.7435171 0.5514588 0.2873116 -0.7831637 0.5570977 0.06659293 -0.8277727 0.6200359 -0.3828377 -0.684829 0.7884547 -0.3330218 -0.517142 0.8430916 0.01962381 -0.5374118 0.656471 -0.3525899 -0.6668781 0.7634688 -0.3978485 -0.5087553 0.8949902 0.193061 -0.4021444 0.9445007 0.05783337 -0.3233789 0.8778468 -0.2722595 -0.39403 0.8485772 0.1724621 -0.5001738 -0.05310326 -0.6305861 -0.7743006 -0.3367775 -0.4209184 -0.8422641 -0.0874077 -0.7601785 -0.6438078 0.08389693 -0.5401878 -0.8373522 -0.4317811 -0.2312415 -0.8718329 -0.2427784 -0.1553416 -0.9575635 0.02798634 -0.3704453 -0.9284327 -0.4449348 -0.3069589 -0.841314 -0.3514925 -0.3036381 -0.8855829 -0.4362433 0.1000729 -0.8942468 -0.5275487 -0.2757377 -0.8035305 -0.4307879 -0.3574486 -0.8286449 -0.3344579 0.1451485 -0.9311659 -0.2580071 0.1956874 -0.9461177 -0.337447 -0.1899799 -0.9219746 -0.3599676 0.3972919 -0.8441461 -0.1185355 -0.5912435 -0.7977346 -0.874424 0.05410975 -0.4821357 -0.803907 -0.3486211 -0.4818681 -0.7553527 -0.4395084 -0.486081 -0.4153976 -0.8353425 -0.3600662 -0.2794983 -0.8272029 -0.4874588 0.1554009 0.9832193 -0.09555387 -0.2253567 0.9711337 -0.07819122 -0.2414974 0.9644029 -0.1077323 -0.7568137 0.6521331 -0.04422223 -0.9881846 0.145394 0.04849517 0.2684777 0.9575411 -0.1050472 -0.1269902 -0.5638111 -0.8160825 -0.1321171 -0.573759 -0.8082982 -0.1472551 -0.4082247 -0.9009265 -0.8116296 0.1202765 -0.5716565 -0.9933521 0.1010473 0.05514723 -0.1879376 -0.6291851 -0.754192 -0.03366315 0.7990959 -0.6002604 -0.0924732 0.7618514 -0.6411173 -0.9955175 -0.09103703 -0.0256356 -0.3713285 0.8859452 -0.2778784 -0.9923105 -0.1229324 -0.01440519 -0.9768626 -0.2096372 -0.04233026 -0.9831042 -0.1590643 -0.09057998 0.1538142 0.9873714 0.03793472 0.1189622 0.9928987 5.49338e-4 0.234785 0.9709104 0.04699969 0.1272351 0.9918482 -0.006958365 0.217541 0.9759441 -0.0144661 0.2183002 0.9757745 -0.01446586 -0.07199484 0.997399 0.003479182 -0.09335798 0.9956256 0.00375384 -0.06265538 0.9980306 0.003051877 -0.1057173 0.9934502 0.04336726 -0.05548292 0.998449 0.004608273 -0.1084941 0.9931707 0.04290932 -0.04800575 0.9988435 0.002685606 -0.01242119 0.9998626 0.0109868 0.104558 0.9944915 -0.007385551 -0.0518524 0.9985633 0.01352006 -0.169535 -0.9855005 0.006836295 -0.6802238 -0.7325958 0.02447682 -0.6785931 -0.7341074 0.02444583 0.8134975 0.5798707 -0.04440587 0.9463639 0.3196256 0.04727393 0.9851999 -0.1525364 0.07819092 -0.6408649 -0.7501223 -0.1631231 -0.448417 -0.8334763 -0.3228614 -0.4467108 -0.8310706 -0.3313173 -0.1763414 -0.922359 -0.3437406 -0.1720078 -0.9232451 -0.3435579 -0.6771645 -0.7356091 0.01809799 -0.6734318 -0.7389255 0.02188205 -0.6829931 -0.730237 0.01657199 -0.6735916 -0.7387807 0.02185177 -0.6055608 -0.7950236 0.03512752 -0.6910044 -0.7227743 0.0104984 -0.6254209 -0.7796628 0.03122067 -0.6910973 -0.7226842 0.01058995 -0.6096257 -0.7866995 -0.09726542 0.982336 -0.1848518 0.02908432 0.9804841 -0.1965118 -0.005859613 0.9774264 -0.2110376 -0.01004064 0.7218928 -0.691435 -0.0280773 0.9490132 -0.3046694 0.08093589 0.9821592 -0.1848224 0.03469997 0.5617617 0.8206537 -0.1046494 0.7942884 0.6020184 -0.08172994 0.2240405 0.9744739 -0.01437443 0.2233406 0.9746354 -0.01431357 0.2153404 0.976448 -0.01333665 0.2041758 0.9788233 -0.01474094 0.4631298 0.8791379 -0.1123719 0.9475685 -0.3077278 0.08612591 -0.9917154 0.101964 0.07812863 0.9902941 -0.1031861 0.09311473 0.9068166 -0.3862508 0.1688016 0.8945478 -0.4127414 0.1715483 0.3101726 0.4893543 -0.8150615 0.3397431 0.2077157 -0.9172943 -0.121037 -0.4228665 -0.8980725 0.5043367 0.6095073 -0.6116742 0.05670374 0.970526 -0.2342312 0.05536085 0.9670451 -0.2485135 0.4849172 0.7861097 0.3832582 0.5369588 0.6438683 0.545077 0.5165746 0.6925505 0.5035122 -0.1753907 0.9759257 0.1296433 -0.2745813 0.9200013 0.2796474 -0.1682205 0.9777364 0.125433 0.3581116 0.9060523 -0.2254449 0.2863623 0.9564129 -0.0571931 0.3878671 0.891951 -0.2323418 0.2583783 0.93875 -0.2280113 0.2970079 0.9548384 -0.008362114 0.2994252 0.9535461 0.03308296 0.4669461 0.8604932 -0.2037472 0.4770835 0.8492709 -0.2261202 0.2835202 0.9582313 -0.03753817 0.2861768 0.9377579 -0.1967561 -0.1511318 0.9868736 0.05691856 -0.1501528 0.9874075 0.04980677 -0.1408761 0.9895818 0.02969503 -0.1392573 0.9898468 0.02847403 0.07947182 0.9824725 0.1686183 0.4348384 0.8394019 0.3260678 0.1189633 0.9794173 0.1630632 -0.3228014 -0.7635595 -0.5592641 0.1454545 0.9251592 -0.3506046 0.2882843 0.772105 -0.5663446 0.3178253 0.7596496 -0.5673796 -0.3241176 -0.9128397 -0.2483376 0.9942321 -0.03793567 0.1003174 -0.4434518 -0.8678288 -0.2241064 0.09900456 0.9528732 -0.2867592 0.1780193 0.9382866 -0.2965259 0.188362 0.9813321 0.0388199 0.3033935 0.9479941 0.0962277 0.3139787 0.9446524 0.09512746 -0.0408653 0.9865053 0.1585476 -0.03756886 0.9988251 -0.0306105 -0.04184174 0.9890642 0.1414257 0.2122575 0.976049 0.0477007 0.1762464 0.9835923 0.03851479 0.332415 0.9426463 0.0303055 0.544766 0.8028049 -0.2423521 0.4910806 0.8615503 -0.1287289 0.3199602 0.9459639 -0.05270612 0.3848478 0.8958622 -0.2220886 0.5093329 0.8169041 -0.2706432 0.3412093 0.9359146 0.08740818 0.3405586 0.9361318 0.0876193 0.3001289 0.9486381 0.1000429 0.246506 0.9627074 0.1114878 0.370355 0.9058209 -0.2057324 0.02041709 0.9921978 -0.1229909 0.02020388 0.9922509 -0.1225969 0.9399822 -0.339889 0.03015267 -0.226877 0.972483 -0.05295014 0.9308974 -0.3642469 0.02746725 -0.2471128 0.9682782 -0.03705012 0.02777218 0.9727894 -0.2300208 0.03567659 0.9693415 -0.2431136 -0.07211619 0.9574092 -0.2795838 -0.0961349 0.9618376 -0.2561767 -0.0932976 0.9956322 0.0035097 0.01791459 0.9998307 0.004211604 -0.2233092 0.9742046 -0.03253346 -0.03354012 0.999429 -0.004089474 -0.2193384 0.9751052 -0.0325635 0.2860263 0.9567476 0.05313396 0.2664028 0.9619982 0.05990934 0.2858136 0.957178 0.04605364 0.2804399 0.9578722 0.0619232 0.02725321 0.9996117 0.005798518 -0.004181087 0.9999912 -4.88307e-4 -0.05948084 0.9981737 -0.01055943 0.1978851 0.4659944 -0.8623751 0.0438559 0.2846513 -0.9576275 0.1803073 0.1380993 -0.9738675 0.177532 -0.1248248 -0.9761666 0.2753784 0.3158779 -0.9079582 0.0508452 0.2624052 -0.9636174 -0.005249261 0.1627286 -0.9866569 -5.49338e-4 -0.214089 -0.976814 0.4850181 0.3446277 -0.8037346 0.3063201 0.2915794 -0.906173 0.4228173 0.04269677 -0.9052087 0.3803882 -0.2246194 -0.8971349 0.5285691 0.06171059 -0.8466444 0.4042526 0.193581 -0.8939275 0.3518908 0.08811002 -0.931885 0.1706312 -0.09582936 -0.980664 0.07831192 0.9968141 0.01513743 0.3231394 0.6624235 -0.6758521 0.1298889 0.5109494 -0.8497409 0.4310176 0.2585557 -0.8645073 0.4305365 0.3895184 -0.8141952 -0.2497701 0.6658096 -0.7030737 0.1351081 0.6146551 -0.7771389 0.3850311 0.523253 -0.7602351 0.1034898 0.4035216 -0.9090986 -0.8008646 0.5640937 -0.2010325 -0.9228076 0.2933806 -0.2497077 -0.7335339 0.3339433 -0.5919544 -0.755389 0.4312715 -0.4933483 -0.9752688 0.153267 0.1592487 -0.9113292 0.3801147 -0.1580886 -0.7873296 0.4990774 -0.3619861 -0.9269871 0.1912937 -0.3226479 -0.899462 0.4240949 0.1054133 -0.9479398 0.2789405 -0.1536309 -0.7521516 0.5885064 -0.2965269 -0.8036392 0.5711417 -0.1672163 -0.9914521 -0.130043 -0.01055967 -0.9641345 0.2638391 -0.02887123 -0.8598259 0.5089127 -0.04132336 -0.9221708 0.2707671 -0.2761995 0.1372119 -0.9863325 0.09122025 0.2277011 -0.9542329 -0.1938862 -0.1605007 -0.953269 -0.255965 -0.09204626 -0.9861404 -0.1380389 0.6194408 -0.7733778 -0.1348322 0.2750375 -0.9583892 -0.07645016 0.01528978 -0.9993607 -0.03231912 0.195141 -0.9296209 -0.3126102 0.02032542 -0.9997912 0.002166807 0.9203892 -0.3891771 -0.03775185 0.3730008 -0.8629495 -0.3408644 0.7637888 -0.4090875 -0.4992736 0.2821514 -0.9591622 -0.01995962 0.3357392 -0.9382142 -0.08386611 0.602561 -0.7971177 -0.03903335 -0.104558 -0.9944915 0.007385551 -0.7942884 -0.6020184 0.08172994 0.6254023 0.7796776 -0.03122127 -0.1780193 -0.9382866 0.2965259 -0.1189633 -0.9794173 -0.1630632 -0.1762464 -0.9835923 -0.03851479 -0.5093329 -0.8169041 0.2706432 -0.8845454 -0.4656048 -0.02813893 0.1453307 -0.7856158 0.6014041 -0.8553163 -0.5023248 0.1269012 0.6642268 -0.5705624 -0.4829714 0.4760762 -0.5917152 -0.6505571 -0.02032542 0.9997912 -0.002166807 -0.4553415 0.8765629 0.1558904 -0.3357392 0.9382142 0.08386611 -0.3129471 0.9066738 -0.2828549 0.1193004 0.9928582 0 -0.2793141 0.9168655 0.2852043 -0.03656148 0.9988503 -0.03100711</float_array>
          <technique_common>
            <accessor source="#tree_oak_large_b200_002-mesh-normals-array" count="1470" stride="3">
              <param name="X" type="float"/>
              <param name="Y" type="float"/>
              <param name="Z" type="float"/>
            </accessor>
          </technique_common>
        </source>
        <source id="tree_oak_large_b200_002-mesh-map-0">
          <float_array id="tree_oak_large_b200_002-mesh-map-0-array" count="9780">0.2378866 0.001106619 0.6708162 0.001106619 0.551374 0.5313483 0.3759027 0.9995645 0.3095951 0.5195625 0.551374 0.5313483 0.8107848 0.9995645 0.6226554 0.9995645 0.551374 0.5313483 0.7390388 0.4874166 0.8107848 0.9995645 0.551374 0.5313483 0.6226554 0.9995645 0.3759027 0.9995645 0.551374 0.5313483 0.3095951 0.5195625 0.2378866 0.001106619 0.551374 0.5313483 0.6708162 0.001106619 0.7390388 0.4874166 0.551374 0.5313483 0.2378866 0.001106619 0.551374 0.5313483 0.6708162 0.001106619 0.3759027 0.9995645 0.551374 0.5313483 0.3095951 0.5195625 0.8107848 0.9995645 0.551374 0.5313483 0.6226554 0.9995645 0.7390388 0.4874166 0.551374 0.5313483 0.8107848 0.9995645 0.6226554 0.9995645 0.551374 0.5313483 0.3759027 0.9995645 0.3095951 0.5195625 0.551374 0.5313483 0.2378866 0.001106619 0.6708162 0.001106619 0.551374 0.5313483 0.7390388 0.4874166 0.2378866 0.001106619 0.6708162 0.001106619 0.551374 0.5313483 0.3759027 0.9995645 0.3095951 0.5195625 0.551374 0.5313483 0.8107848 0.9995645 0.6226554 0.9995645 0.551374 0.5313483 0.7390388 0.4874166 0.8107848 0.9995645 0.551374 0.5313483 0.6226554 0.9995645 0.3759027 0.9995645 0.551374 0.5313483 0.3095951 0.5195625 0.2378866 0.001106619 0.551374 0.5313483 0.6708162 0.001106619 0.7390388 0.4874166 0.551374 0.5313483 0.2378866 0.001106619 0.6708162 0.001106619 0.551374 0.5313483 0.3759027 0.9995645 0.3095951 0.5195625 0.551374 0.5313483 0.8107848 0.9995645 0.6226554 0.9995645 0.551374 0.5313483 0.7390388 0.4874166 0.8107848 0.9995645 0.551374 0.5313483 0.6226554 0.9995645 0.3759027 0.9995645 0.551374 0.5313483 0.3095951 0.5195625 0.2378866 0.001106619 0.551374 0.5313483 0.6708162 0.001106619 0.7390388 0.4874166 0.551374 0.5313483 0.2378866 0.001106619 0.6708162 0.001106619 0.551374 0.5313483 0.3759027 0.9995645 0.3095951 0.5195625 0.551374 0.5313483 0.8107848 0.9995645 0.6226554 0.9995645 0.551374 0.5313483 0.7390388 0.4874166 0.8107848 0.9995645 0.551374 0.5313483 0.6226554 0.9995645 0.3759027 0.9995645 0.551374 0.5313483 0.3095951 0.5195625 0.2378866 0.001106619 0.551374 0.5313483 0.6708162 0.001106619 0.7390388 0.4874166 0.551374 0.5313483 0.2378866 0.001106619 0.6708162 0.001106619 0.551374 0.5313483 0.3759027 0.9995645 0.3095951 0.5195625 0.551374 0.5313483 0.8107848 0.9995645 0.6226554 0.9995645 0.551374 0.5313483 0.7390388 0.4874166 0.8107848 0.9995645 0.551374 0.5313483 0.6226554 0.9995645 0.3759027 0.9995645 0.551374 0.5313483 0.3095951 0.5195625 0.2378866 0.001106619 0.551374 0.5313483 0.6708162 0.001106619 0.7390388 0.4874166 0.551374 0.5313483 0.2378866 0.001106619 0.6708162 0.001106619 0.551374 0.5313483 0.3759027 0.9995645 0.3095951 0.5195625 0.551374 0.5313483 0.8107848 0.9995645 0.6226554 0.9995645 0.551374 0.5313483 0.7390388 0.4874166 0.8107848 0.9995645 0.551374 0.5313483 0.6226554 0.9995645 0.3759027 0.9995645 0.551374 0.5313483 0.3095951 0.5195625 0.2378866 0.001106619 0.551374 0.5313483 0.6708162 0.001106619 0.7390388 0.4874166 0.551374 0.5313483 0.2378866 0.001106619 0.6708162 0.001106619 0.551374 0.5313483 0.3759027 0.9995645 0.3095951 0.5195625 0.551374 0.5313483 0.8107848 0.9995645 0.6226554 0.9995645 0.551374 0.5313483 0.7390388 0.4874166 0.8107848 0.9995645 0.551374 0.5313483 0.6226554 0.9995645 0.3759027 0.9995645 0.551374 0.5313483 0.3095951 0.5195625 0.2378866 0.001106619 0.551374 0.5313483 0.6708162 0.001106619 0.7390388 0.4874166 0.551374 0.5313483 0.2378866 0.001106619 0.6708162 0.001106619 0.551374 0.5313483 0.3759027 0.9995645 0.3095951 0.5195625 0.551374 0.5313483 0.8107848 0.9995645 0.6226554 0.9995645 0.551374 0.5313483 0.7390388 0.4874166 0.8107848 0.9995645 0.551374 0.5313483 0.6226554 0.9995645 0.3759027 0.9995645 0.551374 0.5313483 0.3095951 0.5195625 0.2378866 0.001106619 0.551374 0.5313483 0.6708162 0.001106619 0.7390388 0.4874166 0.551374 0.5313483 0.2378866 0.001106619 0.6708162 0.001106619 0.551374 0.5313483 0.3759027 0.9995645 0.3095951 0.5195625 0.551374 0.5313483 0.8107848 0.9995645 0.6226554 0.9995645 0.551374 0.5313483 0.7390388 0.4874166 0.8107848 0.9995645 0.551374 0.5313483 0.6226554 0.9995645 0.3759027 0.9995645 0.551374 0.5313483 0.3095951 0.5195625 0.2378866 0.001106619 0.551374 0.5313483 0.6708162 0.001106619 0.7390388 0.4874166 0.551374 0.5313483 0.2378866 0.001106619 0.6708162 0.001106619 0.551374 0.5313483 0.3759027 0.9995645 0.3095951 0.5195625 0.551374 0.5313483 0.8107848 0.9995645 0.6226554 0.9995645 0.551374 0.5313483 0.7390388 0.4874166 0.8107848 0.9995645 0.551374 0.5313483 0.6226554 0.9995645 0.3759027 0.9995645 0.551374 0.5313483 0.3095951 0.5195625 0.2378866 0.001106619 0.551374 0.5313483 0.6708162 0.001106619 0.7390388 0.4874166 0.551374 0.5313483 0.2378866 0.001106619 0.6708162 0.001106619 0.551374 0.5313483 0.3759027 0.9995645 0.3095951 0.5195625 0.551374 0.5313483 0.8107848 0.9995645 0.6226554 0.9995645 0.551374 0.5313483 0.7390388 0.4874166 0.8107848 0.9995645 0.551374 0.5313483 0.6226554 0.9995645 0.3759027 0.9995645 0.551374 0.5313483 0.3095951 0.5195625 0.2378866 0.001106619 0.551374 0.5313483 0.6708162 0.001106619 0.7390388 0.4874166 0.551374 0.5313483 0.2378866 0.001106619 0.6708162 0.001106619 0.551374 0.5313483 0.3759027 0.9995645 0.3095951 0.5195625 0.551374 0.5313483 0.8107848 0.9995645 0.6226554 0.9995645 0.551374 0.5313483 0.7390388 0.4874166 0.8107848 0.9995645 0.551374 0.5313483 0.6226554 0.9995645 0.3759027 0.9995645 0.551374 0.5313483 0.3095951 0.5195625 0.2378866 0.001106619 0.551374 0.5313483 0.6708162 0.001106619 0.7390388 0.4874166 0.551374 0.5313483 0.2378866 0.001106619 0.6708162 0.001106619 0.551374 0.5313483 0.3759027 0.9995645 0.3095951 0.5195625 0.551374 0.5313483 0.8107848 0.9995645 0.6226554 0.9995645 0.551374 0.5313483 0.7390388 0.4874166 0.8107848 0.9995645 0.551374 0.5313483 0.6226554 0.9995645 0.3759027 0.9995645 0.551374 0.5313483 0.3095951 0.5195625 0.2378866 0.001106619 0.551374 0.5313483 0.6708162 0.001106619 0.7390388 0.4874166 0.551374 0.5313483 0.8580978 -10.29549 0.6072908 -8.022356 0.6072908 -10.33438 0.8566935 0.4572523 0.8566935 0.7223318 0.6146925 0.7144011 0.8566935 -0.6219256 0.8566935 -0.2523231 0.6146925 -0.2330781 0.8566935 -0.2523231 0.8566935 0.1172378 0.6146925 0.146998 0.6146925 0.7144011 0.8566935 0.7223318 0.8566935 0.7538735 0.8566935 0.9730616 0.8566935 1.125808 0.6146925 1.085789 0.6146925 1.085789 0.8566935 1.125808 0.8566935 1.621926 0.6146925 0.9444797 0.8566935 0.9730616 0.6146925 1.085789 0.8566935 0.2444123 0.8566935 0.4572523 0.6146925 0.4702314 0.8566935 0.1172378 0.8566935 0.2444123 0.6146925 0.2646068 0.6146925 0.4702314 0.8566935 0.4572523 0.6146925 0.7144011 0.6146925 -0.6131111 0.8566935 -0.6219256 0.6146925 -0.2330781 0.6146925 -0.2330781 0.8566935 -0.2523231 0.6146925 0.146998 0.6146925 0.7459429 0.6146925 0.7144011 0.8566935 0.7538735 0.6146925 1.621926 0.6146925 1.085789 0.8566935 1.621926 0.6146925 0.2646068 0.8566935 0.2444123 0.6146925 0.4702314 0.6146925 0.146998 0.8566935 0.1172378 0.6146925 0.2646068 0.8566935 0.7538735 0.8566935 0.7822703 0.6146925 0.7743397 0.6146925 0.7743397 0.8566935 0.7822703 0.8566935 0.9730616 0.6146925 0.7743397 0.8566935 0.9730616 0.6146925 0.9444797 0.6146925 0.7459429 0.8566935 0.7538735 0.6146925 0.7743397 0.9400542 1.972073 0.9800027 2.579754 0.9400542 2.5939 0.9400542 0.7990188 0.9800027 0.841551 0.9400542 0.8844719 0.9400542 1.854006 0.9800027 1.947459 0.9400542 1.972073 0.9400542 0.3721077 0.9800027 0.7546595 0.9400542 0.7990188 0.9400542 0.8844719 0.9800027 0.9197299 0.9400542 0.9613564 0.9800027 1.005362 0.9400542 1.34169 0.9400542 1.045571 0.9800027 0.9197299 0.9400542 1.045571 0.9400542 0.9613564 0.9800027 1.412711 0.9400542 1.549255 0.9400542 1.446178 0.9800027 1.607325 0.9400542 1.737946 0.9400542 1.63757 0.9800027 1.517523 0.9400542 1.63757 0.9400542 1.549255 0.9400542 1.737946 0.9800027 1.827405 0.9400542 1.854006 0.9800027 1.306465 0.9400542 1.446178 0.9400542 1.34169 0.9400542 0.2056125 0.9800027 0.3205627 0.9400542 0.3721077 0.9800027 -0.237914 0.9400542 0.03525078 0.9400542 -0.1771246 0.9400542 0.03525078 0.9800027 0.1512651 0.9400542 0.2056125 0.9800027 -0.3518568 0.9400542 -0.1771246 0.9400542 -0.2891815 0.9800027 -0.4822083 0.9400542 -0.7040328 0.9800027 -0.7736901 0.9400542 -0.2891815 0.9800027 -0.4822083 0.9800027 -0.3518568 0.9800027 -0.7736901 0.9400542 -1.019427 0.9800027 -1.094393 0.9400542 -1.019427 0.9800027 -1.554833 0.9800027 -1.094393 0.9800027 -1.554833 0.9400542 -3.438073 0.9800027 -3.553744 0.9800027 2.579754 0.9400542 2.63466 0.9400542 2.5939 0.9800027 2.6212 0.9400542 2.706966 0.9400542 2.63466 0.9800027 2.694722 0.9400542 2.752217 0.9400542 2.706966 0.9800027 4.108231 0.9400542 4.381323 0.9400542 4.097077 0.9800027 3.139374 0.9400542 3.388957 0.9400542 3.144258 0.9400542 3.610142 0.9800027 3.857909 0.9400542 3.850899 0.9800027 3.388191 0.9400542 3.610142 0.9400542 3.388957 0.9800027 3.857909 0.9400542 4.097077 0.9400542 3.850899 0.9800027 2.740735 0.9400542 3.144258 0.9400542 2.752217 0.2378866 0.001106619 0.6708162 0.001106619 0.551374 0.5313483 0.3759027 0.9995645 0.3095951 0.5195625 0.551374 0.5313483 0.8107848 0.9995645 0.6226554 0.9995645 0.551374 0.5313483 0.7390388 0.4874166 0.8107848 0.9995645 0.551374 0.5313483 0.6226554 0.9995645 0.3759027 0.9995645 0.551374 0.5313483 0.3095951 0.5195625 0.2378866 0.001106619 0.551374 0.5313483 0.6708162 0.001106619 0.7390388 0.4874166 0.551374 0.5313483 0.2378866 0.001106619 0.6708162 0.001106619 0.551374 0.5313483 0.3759027 0.9995645 0.3095951 0.5195625 0.551374 0.5313483 0.8107848 0.9995645 0.6226554 0.9995645 0.551374 0.5313483 0.7390388 0.4874166 0.8107848 0.9995645 0.551374 0.5313483 0.6226554 0.9995645 0.3759027 0.9995645 0.551374 0.5313483 0.3095951 0.5195625 0.2378866 0.001106619 0.551374 0.5313483 0.6708162 0.001106619 0.7390388 0.4874166 0.551374 0.5313483 0.2378866 0.001106619 0.551374 0.5313483 0.6708162 0.001106619 0.3759027 0.9995645 0.551374 0.5313483 0.3095951 0.5195625 0.8107848 0.9995645 0.551374 0.5313483 0.6226554 0.9995645 0.7390388 0.4874166 0.551374 0.5313483 0.8107848 0.9995645 0.6226554 0.9995645 0.551374 0.5313483 0.3759027 0.9995645 0.3095951 0.5195625 0.551374 0.5313483 0.2378866 0.001106619 0.6708162 0.001106619 0.551374 0.5313483 0.7390388 0.4874166 0.2378866 0.001106619 0.6708162 0.001106619 0.551374 0.5313483 0.3759027 0.9995645 0.3095951 0.5195625 0.551374 0.5313483 0.8107848 0.9995645 0.6226554 0.9995645 0.551374 0.5313483 0.7390388 0.4874166 0.8107848 0.9995645 0.551374 0.5313483 0.6226554 0.9995645 0.3759027 0.9995645 0.551374 0.5313483 0.3095951 0.5195625 0.2378866 0.001106619 0.551374 0.5313483 0.6708162 0.001106619 0.7390388 0.4874166 0.551374 0.5313483 0.2378866 0.001106619 0.6708162 0.001106619 0.551374 0.5313483 0.3759027 0.9995645 0.3095951 0.5195625 0.551374 0.5313483 0.8107848 0.9995645 0.6226554 0.9995645 0.551374 0.5313483 0.7390388 0.4874166 0.8107848 0.9995645 0.551374 0.5313483 0.6226554 0.9995645 0.3759027 0.9995645 0.551374 0.5313483 0.3095951 0.5195625 0.2378866 0.001106619 0.551374 0.5313483 0.6708162 0.001106619 0.7390388 0.4874166 0.551374 0.5313483 0.2378866 0.001106619 0.6708162 0.001106619 0.551374 0.5313483 0.3759027 0.9995645 0.3095951 0.5195625 0.551374 0.5313483 0.8107848 0.9995645 0.6226554 0.9995645 0.551374 0.5313483 0.7390388 0.4874166 0.8107848 0.9995645 0.551374 0.5313483 0.6226554 0.9995645 0.3759027 0.9995645 0.551374 0.5313483 0.3095951 0.5195625 0.2378866 0.001106619 0.551374 0.5313483 0.6708162 0.001106619 0.7390388 0.4874166 0.551374 0.5313483 0.8566935 0.4572523 0.8566935 0.7223318 0.6146925 0.7144011 0.8566935 -0.6219256 0.8566935 -0.2523231 0.6146925 -0.2330781 0.8566935 -0.2523231 0.8566935 0.1172378 0.6146925 0.146998 0.6146925 0.7144011 0.8566935 0.7223318 0.8566935 0.7538735 0.8566935 0.9730616 0.8566935 1.125808 0.6146925 1.085789 0.8566935 1.125808 0.8566935 1.621926 0.735693 1.353857 0.6146925 0.9444797 0.8566935 0.9730616 0.6146925 1.085789 0.8566935 0.2444123 0.8566935 0.4572523 0.6146925 0.4702314 0.8566935 0.1172378 0.735693 0.2545096 0.6146925 0.2646068 0.6146925 0.4702314 0.8566935 0.4572523 0.6146925 0.7144011 0.6146925 -0.6131111 0.8566935 -0.6219256 0.6146925 -0.2330781 0.6146925 -0.2330781 0.8566935 -0.2523231 0.6146925 0.146998 0.6146925 0.7459429 0.6146925 0.7144011 0.8566935 0.7538735 0.6146925 1.621926 0.6146925 1.085789 0.735693 1.353857 0.6146925 0.2646068 0.8566935 0.2444123 0.6146925 0.4702314 0.6146925 0.146998 0.8566935 0.1172378 0.6146925 0.2646068 0.8566935 0.7538735 0.8566935 0.7822703 0.6146925 0.7743397 0.6146925 0.7743397 0.8566935 0.7822703 0.8566935 0.9730616 0.6146925 0.7743397 0.8566935 0.9730616 0.6146925 0.9444797 0.6146925 0.7459429 0.8566935 0.7538735 0.6146925 0.7743397 0.8566935 -0.6219256 0.6146925 -0.6131111 0.8566935 -0.6219256 0.8566935 -0.6219256 0.6146925 -0.6131111 0.8566935 -0.6219256 0.8566935 -0.6219256 0.6146925 -0.6131111 0.6146925 -0.6131111 0.8566935 -0.6219256 0.8566935 -0.6219256 0.6146925 -0.6131111 0.9400541 7.123214 0.9800027 7.249358 0.9400542 7.249358 0.9800027 3.969616 0.9400542 4.221904 0.9400541 3.969616 0.9400542 5.357199 0.9800027 5.735631 0.9400542 5.735631 0.9400542 4.600336 0.9800027 4.978767 0.9400542 4.978767 0.9400542 4.978767 0.9800027 5.357199 0.9400542 5.357199 0.9400542 4.221904 0.9800027 4.275966 0.9400542 4.275966 0.9400542 4.275966 0.9800027 4.600336 0.9400542 4.600336 0.9800027 2.518961 0.9400542 2.708177 0.9400542 2.518961 0.9800027 3.433316 0.9400542 3.465041 0.9400542 3.434675 0.9800027 1.572882 0.9400542 1.897758 0.9400542 1.572882 0.9800027 1.19445 0.9400542 1.572882 0.9400542 1.19445 0.9400542 2.14053 0.9800027 2.329746 0.9400542 2.329746 0.9800027 2.329746 0.9400542 2.518961 0.9400542 2.329746 0.9400542 1.951314 0.9800027 1.98285 0.9400542 1.98285 0.9400542 1.98285 0.9800027 2.14053 0.9400542 2.14053 0.9800028 1.894733 0.9400542 1.951314 0.9400542 1.897758 0.9800027 2.897393 0.9400542 3.086609 0.9400542 2.897393 0.9800027 2.708177 0.9400542 2.897393 0.9400542 2.708177 0.9800027 3.086609 0.9400542 3.275825 0.9400542 3.086609 0.9400542 3.465041 0.9800027 3.480771 0.9400542 3.47924 0.9800027 3.843472 0.9400541 3.969616 0.9400542 3.843472 0.9400542 3.717329 0.9800027 3.843472 0.9400542 3.843472 0.9400542 3.47924 0.9800027 3.717328 0.9400542 3.717329 0.9800027 3.275825 0.9400542 3.434675 0.9400542 3.275825 0.6146925 1.085789 0.8566935 1.125808 0.735693 1.353857 0.8566935 1.621926 0.6146925 1.621926 0.735693 1.353857 0.6146925 1.621926 0.8566935 1.621926 0.6146925 1.621926 0.8706021 -5.990451 0.6157711 -5.000867 0.6157711 -5.903864 0.6157711 -3.026949 0.6157711 -3.115286 0.8706021 -3.069706 0.8706021 -1.814139 0.6157711 -1.348537 0.6157711 -1.790224 0.8706021 -0.6187984 0.6157711 -0.5201004 0.6157711 -0.6128223 0.6157711 -0.08731186 0.8706021 0.3415321 0.6157711 0.3330964 0.6157711 -1.138333 0.8706021 -0.9389086 0.6157711 -0.9281285 0.8706021 -0.8322052 0.6157711 -0.7179244 0.6157711 -0.8230264 0.6157711 -1.243435 0.8706021 -1.152315 0.6157711 -1.138333 0.6157711 -0.9281285 0.8706021 -0.8322052 0.6157711 -0.8230264 0.8706021 -0.7255018 0.6157711 -0.6128223 0.6157711 -0.7179244 0.6157711 -0.2975161 0.8706021 -0.08528143 0.6157711 -0.08731186 0.6157711 -0.4907467 0.8706021 -0.2986882 0.6157711 -0.2975161 0.8706021 -0.5234128 0.6157711 -0.5077202 0.6157711 -0.5201004 0.6157711 -0.5077202 0.8706021 -0.4970679 0.6157711 -0.4907467 0.6157711 -3.115286 0.8706021 -3.159389 0.8706021 -3.069706 0.8706021 -2.666131 0.6157711 -2.231912 0.6157711 -2.62943 0.6157711 -5.000867 0.8706021 -5.073698 0.8706021 -3.384602 0.6157711 -3.337119 0.8706021 -3.159389 0.6157711 -3.115286 0.6157711 -3.337119 0.6157711 -5.000867 0.8706021 -3.384602 0.6157711 -3.026949 0.8706021 -2.666131 0.6157711 -2.62943 0.8706021 -2.262556 0.6157711 -1.790224 0.6157711 -2.231912 0.6157711 -1.348537 0.8706021 -1.259019 0.6157711 -1.243435 0.9800027 3.969616 0.9400542 4.221904 0.9400541 3.969616 0.9400542 4.600336 0.9800027 4.978767 0.9400542 4.978767 0.9400542 4.221904 0.9800027 4.275966 0.9400542 4.275966 0.9400542 4.275966 0.9800027 4.600336 0.9400542 4.600336 0.9800027 3.433316 0.9400542 3.465041 0.9400542 3.434675 0.9400542 3.465041 0.9800027 3.480771 0.9400542 3.47924 0.9800027 3.843472 0.9400541 3.969616 0.9400542 3.843472 0.9400542 3.717329 0.9800027 3.843472 0.9400542 3.843472 0.9400542 3.47924 0.9800027 3.717328 0.9400542 3.717329 0.9800027 3.393943 0.9400542 3.434675 0.9400542 3.394963 0.9400542 3.275825 0.9800027 3.275825 0.9800027 3.35457 0.9400542 3.35525 0.9400542 3.275825 0.9800027 3.35457 0.9400542 3.375106 0.9800027 3.393943 0.9400542 3.394963 0.9400542 3.365178 0.9800027 3.374257 0.9400542 3.375106 0.9400542 3.35525 0.9800027 3.364413 0.9400542 3.365178 0.9400542 5.735631 0.9800027 6.492495 0.9400542 6.492495 0.9400541 6.744782 0.9800027 6.870926 0.9400542 6.870926 0.9400542 6.879462 0.9800027 6.99707 0.9400542 6.99707 0.9400542 6.99707 0.9800027 7.123214 0.9400541 7.123214 0.9400542 6.492495 0.9800027 6.618638 0.9400542 6.618638 0.9400542 6.618638 0.9800027 6.744782 0.9400541 6.744782 0.2378866 0.001106619 0.551374 0.5313483 0.6708162 0.001106619 0.3759027 0.9995645 0.551374 0.5313483 0.3095951 0.5195625 0.8107848 0.9995645 0.551374 0.5313483 0.6226554 0.9995645 0.7390388 0.4874166 0.551374 0.5313483 0.8107848 0.9995645 0.6226554 0.9995645 0.551374 0.5313483 0.3759027 0.9995645 0.3095951 0.5195625 0.551374 0.5313483 0.2378866 0.001106619 0.6708162 0.001106619 0.551374 0.5313483 0.7390388 0.4874166 0.2378866 0.001106619 0.551374 0.5313483 0.6708162 0.001106619 0.3759027 0.9995645 0.551374 0.5313483 0.3095951 0.5195625 0.8107848 0.9995645 0.551374 0.5313483 0.6226554 0.9995645 0.7390388 0.4874166 0.551374 0.5313483 0.8107848 0.9995645 0.6226554 0.9995645 0.551374 0.5313483 0.3759027 0.9995645 0.3095951 0.5195625 0.551374 0.5313483 0.2378866 0.001106619 0.6708162 0.001106619 0.551374 0.5313483 0.7390388 0.4874166 0.9400542 6.870926 0.9800027 6.879483 0.9400542 6.879462 0.2378866 0.001106619 0.6708162 0.001106619 0.551374 0.5313483 0.3759027 0.9995645 0.3095951 0.5195625 0.551374 0.5313483 0.8107848 0.9995645 0.6226554 0.9995645 0.551374 0.5313483 0.7390388 0.4874166 0.8107848 0.9995645 0.551374 0.5313483 0.6226554 0.9995645 0.3759027 0.9995645 0.551374 0.5313483 0.3095951 0.5195625 0.2378866 0.001106619 0.551374 0.5313483 0.6708162 0.001106619 0.7390388 0.4874166 0.551374 0.5313483 0.2378866 0.001106619 0.6708162 0.001106619 0.551374 0.5313483 0.3759027 0.9995645 0.3095951 0.5195625 0.551374 0.5313483 0.8107848 0.9995645 0.6226554 0.9995645 0.551374 0.5313483 0.7390388 0.4874166 0.8107848 0.9995645 0.551374 0.5313483 0.6226554 0.9995645 0.3759027 0.9995645 0.551374 0.5313483 0.3095951 0.5195625 0.2378866 0.001106619 0.551374 0.5313483 0.6708162 0.001106619 0.7390388 0.4874166 0.551374 0.5313483 0.2378866 0.001106619 0.6708162 0.001106619 0.551374 0.5313483 0.3759027 0.9995645 0.3095951 0.5195625 0.551374 0.5313483 0.8107848 0.9995645 0.6226554 0.9995645 0.551374 0.5313483 0.7390388 0.4874166 0.8107848 0.9995645 0.551374 0.5313483 0.6226554 0.9995645 0.3759027 0.9995645 0.551374 0.5313483 0.3095951 0.5195625 0.2378866 0.001106619 0.551374 0.5313483 0.6708162 0.001106619 0.7390388 0.4874166 0.551374 0.5313483 0.2378866 0.001106619 0.6708162 0.001106619 0.551374 0.5313483 0.3759027 0.9995645 0.3095951 0.5195625 0.551374 0.5313483 0.8107848 0.9995645 0.6226554 0.9995645 0.551374 0.5313483 0.7390388 0.4874166 0.8107848 0.9995645 0.551374 0.5313483 0.6226554 0.9995645 0.3759027 0.9995645 0.551374 0.5313483 0.3095951 0.5195625 0.2378866 0.001106619 0.551374 0.5313483 0.6708162 0.001106619 0.7390388 0.4874166 0.551374 0.5313483 0.5001 0.5 1 0.5 1 0.9999001 1.0004e-4 0.5 9.998e-5 0.9999001 0.5 0.9999001 0.5001 0.5 1 0.5 1 0.9999001 0.5001 0.5 1 0.5 1 0.9999001 1 0.5 1.4999 0.5000001 1.4999 0.9999001 1 0.5 1.4999 0.5000001 1.4999 0.9999001 1.0004e-4 0.5 9.998e-5 0.9999001 0.5 0.9999001 0.5000001 0.5 0.5 0.9999001 0.9999001 0.9999001 0.5000001 0.5 0.5 0.9999001 0.9999001 0.9999001 0.5001 0.9999001 0.5001 0.5 1 0.9999001 0.5000001 0.5 1.0004e-4 0.5 0.5 0.9999001 0.5001 0.9999001 0.5001 0.5 1 0.9999001 0.5001 0.9999001 0.5001 0.5 1 0.9999001 1 0.9999001 1 0.5 1.4999 0.9999001 1 0.9999001 1 0.5 1.4999 0.9999001 0.5000001 0.5 1.0004e-4 0.5 0.5 0.9999001 0.9999001 0.5000001 0.5000001 0.5 0.9999001 0.9999001 0.9999001 0.5000001 0.5000001 0.5 0.9999001 0.9999001 1.00046e-4 0.5058467 9.99868e-5 0.7499137 0.5 0.9999001 0.5001 0.5 1 0.5 1 0.9999001 1.0004e-4 0.5 9.998e-5 0.9999001 0.5 0.9999001 0.5001 0.5058467 1 0.5 1 0.9999001 1 0.5 1.4999 0.5000001 1.4999 0.9999001 0.5000001 0.5 0.5 0.9999001 0.9999001 0.9999001 0.5000001 0.5 0.5 0.9999001 0.9999001 0.9999001 0.5000001 0.5 1.00046e-4 0.5058467 0.5 0.9999001 0.5001 0.9999001 0.5001 0.5 1 0.9999001 0.5000001 0.5 1.0004e-4 0.5 0.5 0.9999001 0.5001 0.7499137 0.5001 0.5058467 1 0.9999001 1 0.9999001 1 0.5 1.4999 0.9999001 0.9999001 0.5000001 0.5000001 0.5 0.9999001 0.9999001 0.9999001 0.5000001 0.5000001 0.5 0.9999001 0.9999001 1.0004e-4 0.5 9.998e-5 0.9999001 0.5 0.9999001 0.5000001 0.5 1.0004e-4 0.5 0.5 0.9999001 1 0.5 1.4999 0.5000001 1.4999 0.9999001 1 0.9999001 1 0.5 1.4999 0.9999001 0.5001 0.5 1 0.5 1 0.9999001 1 0.5 1.4999 0.5000001 1.4999 0.9999001 1.0004e-4 0.5 9.998e-5 0.9999001 0.5 0.9999001 0.5000001 0.5 0.5 0.9999001 0.9999001 0.9999001 0.5001 0.9999001 0.5001 0.5 1 0.9999001 1 0.9999001 1 0.5 1.4999 0.9999001 0.5000001 0.5 1.0004e-4 0.5 0.5 0.9999001 0.9999001 0.5000001 0.5000001 0.5 0.9999001 0.9999001 1.4999 0.5000001 1.4999 0.9999001 1 0.9999001 0.5 0.9999001 0.9999001 0.9999001 0.9999001 0.5000001 1 0.5 1.4999 0.5000001 1 0.9999001 0.5000001 0.5 0.5 0.9999001 0.9999001 0.5000001 0.5001 0.5 1 0.5 1 0.9999001 1.0004e-4 0.5 9.998e-5 0.9999001 0.5 0.9999001 0.5001 0.5 1 0.5 1 0.9999001 0.5001 0.5 1 0.5 1 0.9999001 1 0.5 1.4999 0.5000001 1.4999 0.9999001 1 0.5 1.4999 0.5000001 1.4999 0.9999001 1.0004e-4 0.5 9.998e-5 0.9999001 0.5 0.9999001 0.5000001 0.5 0.5 0.9999001 0.9999001 0.9999001 0.5000001 0.5 0.5 0.9999001 0.9999001 0.9999001 0.5001 0.9999001 0.5001 0.5 1 0.9999001 0.5000001 0.5 1.0004e-4 0.5 0.5 0.9999001 0.5001 0.9999001 0.5001 0.5 1 0.9999001 0.5001 0.9999001 0.5001 0.5 1 0.9999001 1 0.9999001 1 0.5 1.4999 0.9999001 1 0.9999001 1 0.5 1.4999 0.9999001 0.5000001 0.5 1.0004e-4 0.5 0.5 0.9999001 0.9999001 0.5000001 0.5000001 0.5 0.9999001 0.9999001 0.9999001 0.5000001 0.5000001 0.5 0.9999001 0.9999001 0.5000001 0.5 0.5 0.9999001 0.9999001 0.9999001 0.9999001 0.5000001 0.5000001 0.5 0.9999001 0.9999001 1.0004e-4 0.5 9.998e-5 0.9999001 0.5 0.9999001 0.5000001 0.5 1.0004e-4 0.5 0.5 0.9999001 1 0.5 1.4999 0.5000001 1.4999 0.9999001 1 0.9999001 1 0.5 1.4999 0.9999001 0.5001 0.5 1 0.5 1 0.9999001 1 0.5 1.4999 0.5000001 1.4999 0.9999001 1.0004e-4 0.5 9.998e-5 0.9999001 0.5 0.9999001 0.5000001 0.5 0.5 0.9999001 0.9999001 0.9999001 0.5001 0.9999001 0.5001 0.5 1 0.9999001 1 0.9999001 1 0.5 1.4999 0.9999001 0.5000001 0.5 1.0004e-4 0.5 0.5 0.9999001 0.9999001 0.5000001 0.5000001 0.5 0.9999001 0.9999001 1.4999 0.5000001 1.4999 0.9999001 1 0.9999001 0.5 0.9999001 0.9999001 0.9999001 0.9999001 0.5000001 1 0.5 1.4999 0.5000001 1 0.9999001 0.5000001 0.5 0.5 0.9999001 0.9999001 0.5000001 0.5001 0.5 1 0.5 1 0.9999001 1.0004e-4 0.5 9.998e-5 0.9999001 0.5 0.9999001 0.5001 0.5 1 0.5 1 0.9999001 1 0.5 1.4999 0.5000001 1.4999 0.9999001 1.0004e-4 0.5 9.998e-5 0.9999001 0.5 0.9999001 0.5000001 0.5 0.5 0.9999001 0.9999001 0.9999001 0.5001 0.9999001 0.5001 0.5 1 0.9999001 0.5000001 0.5 1.0004e-4 0.5 0.5 0.9999001 0.5001 0.9999001 0.5001 0.5 1 0.9999001 1 0.9999001 1 0.5 1.4999 0.9999001 0.5000001 0.5 1.0004e-4 0.5 0.5 0.9999001 0.9999001 0.5000001 0.5000001 0.5 0.9999001 0.9999001 0.5001 0.5 1 0.5 1 0.9999001 1.0004e-4 0.5 9.998e-5 0.9999001 0.5 0.9999001 0.5001 0.5 1 0.5 1 0.9999001 1 0.5 1.4999 0.5000001 1.4999 0.9999001 1.0004e-4 0.5 9.998e-5 0.9999001 0.5 0.9999001 0.5000001 0.5 0.5 0.9999001 0.9999001 0.9999001 0.5001 0.9999001 0.5001 0.5 1 0.9999001 0.5000001 0.5 1.0004e-4 0.5 0.5 0.9999001 0.5001 0.9999001 0.5001 0.5 1 0.9999001 1 0.9999001 1 0.5 1.4999 0.9999001 0.5000001 0.5 1.0004e-4 0.5 0.5 0.9999001 0.9999001 0.5000001 0.5000001 0.5 0.9999001 0.9999001 0.5001 0.5 1 0.5 1 0.9999001 1.0004e-4 0.5 9.998e-5 0.9999001 0.5 0.9999001 0.5001 0.5 1 0.5 1 0.9999001 1 0.5 1.4999 0.5000001 1.4999 0.9999001 1.0004e-4 0.5 9.998e-5 0.9999001 0.5 0.9999001 0.5000001 0.5 0.5 0.9999001 0.9999001 0.9999001 0.5001 0.9999001 0.5001 0.5 1 0.9999001 0.5000001 0.5 1.0004e-4 0.5 0.5 0.9999001 0.5001 0.9999001 0.5001 0.5 1 0.9999001 1 0.9999001 1 0.5 1.4999 0.9999001 0.5000001 0.5 1.0004e-4 0.5 0.5 0.9999001 0.9999001 0.5000001 0.5000001 0.5 0.9999001 0.9999001 0.5001 0.5 0.7750968 0.5 0.7624225 0.7623225 1.0004e-4 0.5 0.2585694 0.9999001 0.2700007 0.7699008 0.5001 0.5 1 0.5 1 0.9999001 1 0.5 1.4999 0.5000001 1.4999 0.9999001 1.0004e-4 0.5 9.998e-5 0.9999001 0.5 0.9999001 0.5000001 0.5 0.5 0.9999001 0.9999001 0.9999001 0.5001 0.9999001 0.7624225 0.7623225 0.7617654 0.9999001 0.2699536 0.5 1.0004e-4 0.5 0.2700007 0.7699008 0.5001 0.9999001 0.5001 0.5 1 0.9999001 1 0.9999001 1 0.5 1.4999 0.9999001 0.5000001 0.5 1.0004e-4 0.5 0.5 0.9999001 0.9999001 0.5000001 0.5000001 0.5 0.9999001 0.9999001 0.2700007 0.7699008 0.2585694 0.9999001 0.5 0.9999001 0.5000001 0.5 0.2700007 0.7699008 0.5 0.9999001 0.7617654 0.9999001 0.7624225 0.7623225 1 0.9999001 1 0.5 0.7624225 0.7623225 0.7750968 0.5 0.5000001 0.5 1.0004e-4 0.5 0.5 0.9999001 0.5001 0.5 1 0.5 1 0.9999001 1 0.5 1.4999 0.5000001 1.4999 0.9999001 1.0004e-4 0.5 9.998e-5 0.9999001 0.5 0.9999001 0.5000001 0.5 0.5 0.9999001 0.9999001 0.9999001 1 0.5 1 0.9999001 0.5001 0.5 1 0.9999001 0.5001 0.9999001 0.5001 0.5 0.5001 0.9999001 0.5001 0.5 1 0.9999001 1 0.9999001 1 0.5 1.4999 0.9999001 0.5000001 0.5 1.0004e-4 0.5 0.5 0.9999001 0.9999001 0.5000001 0.5000001 0.5 0.9999001 0.9999001 9.998e-5 0.9999001 0.5 0.9999001 1.0004e-4 0.5 0.5001 0.5 1 0.5 1 0.9999001 1.0004e-4 0.5 9.998e-5 0.9999001 0.5 0.9999001 0.5001 0.5 1 0.5 1 0.9999001 1 0.5 1.4999 0.5000001 1.4999 0.9999001 1.0004e-4 0.5 9.998e-5 0.9999001 0.5 0.9999001 0.5000001 0.5 0.5 0.9999001 0.9999001 0.9999001 0.5001 0.9999001 0.5001 0.5 1 0.9999001 0.5000001 0.5 1.0004e-4 0.5 0.5 0.9999001 0.5001 0.9999001 0.5001 0.5 1 0.9999001 1 0.9999001 1 0.5 1.4999 0.9999001 0.5000001 0.5 1.0004e-4 0.5 0.5 0.9999001 0.9999001 0.5000001 0.5000001 0.5 0.9999001 0.9999001 -1.432391 -4.320941 -0.9672999 -3.93625 -1.166385 -3.907423 -0.606731 -3.99465 -0.39675 -4.02977 -0.3893575 -3.463502 -0.1411365 -4.648028 -0.2089039 -4.033857 -0.39675 -4.02977 -0.591349 -4.462114 -0.4803161 -4.474968 -0.606731 -3.99465 -0.7001169 -4.412036 -0.6223551 -4.461554 -0.606731 -3.99465 -1.214646 -4.471148 -0.7832249 -3.96214 -0.9672999 -3.93625 -1.717843 -4.587837 -2.029998 -5.108804 -1.606322 -4.730885 -0.1319993 -5.105617 -0.1779379 -6.081657 0.07390838 -5.766814 -0.1319993 -5.105617 -0.3687642 -6.053921 -0.1779379 -6.081657 0.3658783 -5.693916 -0.3572776 -5.403909 0.1286044 -7.183787 -1.400839 -4.90662 -1.884191 -5.452491 -1.930046 -5.885396 -0.3911998 -5.029495 -0.6267836 -5.437752 -0.5536687 -5.747262 -0.4803161 -4.474968 -0.39675 -4.02977 -0.606731 -3.99465 -1.153781 -4.97104 -1.089254 -5.988213 -1.080109 -4.973361 -1.032042 -4.539774 -0.9805521 -4.554805 -0.7832249 -3.96214 -0.3572776 -5.403909 -0.5614781 -6.610636 -0.5076531 -6.61945 -0.6223551 -4.461554 -0.591349 -4.462114 -0.606731 -3.99465 -1.432391 -4.320941 -1.606322 -4.730885 -1.30336 -4.412339 -0.1411365 -4.648028 0.04571962 -5.021916 -0.04993826 -4.611371 -0.3024076 -4.661417 -0.3911998 -5.029495 -0.1319993 -5.105617 -0.591349 -4.462114 -0.5649923 -4.861686 -0.4164869 -4.73823 -0.6223551 -4.461554 -0.7633889 -4.840491 -0.6195608 -4.859561 -1.214646 -4.471148 -1.484867 -4.85579 -1.400839 -4.90662 -0.3024076 -4.661417 -0.5248249 -4.762907 -0.3911998 -5.029495 -1.032042 -4.539774 -1.080109 -4.973361 -0.9805521 -4.554805 -0.6223551 -4.461554 -0.5649923 -4.861686 -0.591349 -4.462114 -0.9962154 -4.877191 -1.235706 -5.652831 -0.7633889 -4.840491 -0.8591384 -4.592861 -0.7001169 -4.412036 -0.606731 -3.99465 -0.8591384 -4.592861 -0.7633889 -4.840491 -0.7001169 -4.412036 -0.8591384 -4.592861 -1.080109 -4.973361 -0.8561165 -4.888883 -1.080109 -4.973361 -0.7178232 -5.530853 -0.8561165 -4.888883 -0.8591384 -4.592861 -0.606731 -3.99465 -0.7832249 -3.96214 -0.39675 -4.02977 -0.2332608 -3.477281 -0.3893575 -3.463502 -1.166385 -3.907423 -0.9672999 -3.93625 -0.8910587 -3.395876 0.3050502 -4.931029 0.8795002 -5.403194 0.395725 -4.798696 0.2361094 -4.978629 0.9368708 -5.885514 0.3050502 -4.931029 0.1157415 -4.561691 0.395725 -4.798696 0.2414695 -4.521041 0.06245702 -4.581517 0.3050502 -4.931029 0.1157415 -4.561691 0.04571962 -5.021916 0.2993577 -5.681073 0.4415644 -5.592631 -0.04993826 -4.611371 0.04571962 -5.021916 0.2361094 -4.978629 -1.717843 -4.587837 -2.472519 -4.753762 -2.543844 -4.983448 -1.503358 -4.267268 -1.717843 -4.587837 -1.432391 -4.320941 -1.214646 -4.471148 -1.606322 -4.730885 -1.484867 -4.85579 -1.484867 -4.85579 -2.029998 -5.108804 -1.884191 -5.452491 -1.30336 -4.412339 -1.214646 -4.471148 -0.9672999 -3.93625 -1.503358 -4.267268 -1.432391 -4.320941 -1.166385 -3.907423 0.06245702 -4.581517 -0.07102364 -4.033893 -0.2089039 -4.033857 0.06245702 -4.581517 0.1157415 -4.561691 -0.07102364 -4.033893 -0.1411365 -4.648028 -0.04993826 -4.611371 -0.2089039 -4.033857 0.2414695 -4.521041 0.07925349 -4.037681 -0.07102364 -4.033893 -0.7832249 -3.96214 -0.606731 -3.99465 -0.5651299 -3.438806 -0.9672999 -3.93625 -0.7295507 -3.416215 -0.8910587 -3.395876 -0.2089039 -4.033857 -0.07102364 -4.033893 -0.2332608 -3.477281 -0.07102364 -4.033893 0.07925349 -4.037681 -0.05753779 -3.499378 -0.2332608 -3.477281 -0.07102364 -4.033893 -0.05753779 -3.499378 -0.05753779 -3.499378 0.02548503 -2.717583 -0.172507 -2.741781 0.0424773 1.302584 0.2435142 3.116163 0.1115362 3.12843 0.1825063 1.301697 0.3745776 3.213665 0.2435142 3.116163 -0.09443026 1.306644 0.1115362 3.12843 -0.009406208 3.173151 -0.2332608 -3.477281 -0.3690846 -2.741397 -0.3893575 -3.463502 -0.2328894 1.316824 -0.009406208 3.173151 -0.1124059 3.255064 -0.7295507 -3.416215 -0.567115 -2.713958 -0.7473446 -2.658539 -0.5651299 -3.438806 -0.3690846 -2.741397 -0.567115 -2.713958 -0.5651299 -3.438806 -0.3893575 -3.463502 -0.3690846 -2.741397 -1.052767 -3.378851 -0.8910587 -3.395876 -0.7473446 -2.658539 -0.1343448 -1.843603 0.06943815 -1.375699 -0.07057315 -1.38233 -0.6502051 -1.961008 -0.4326325 -1.790013 -0.6406761 -1.81221 -0.2968583 -2.159323 -0.1343448 -1.843603 -0.2753322 -1.788193 -0.4761676 -2.112149 -0.2753322 -1.788193 -0.4326325 -1.790013 -0.172507 -2.741781 -0.2968583 -2.159323 -0.3690846 -2.741397 0.02548503 -2.717583 -0.1080114 -2.145937 -0.172507 -2.741781 -0.3690846 -2.741397 -0.2968583 -2.159323 -0.4761676 -2.112149 -0.567115 -2.713958 -0.4761676 -2.112149 -0.6502051 -1.961008 -0.245493 -1.299791 -0.07057315 -1.38233 0.0424773 1.302584 -0.07057315 -1.38233 0.06943815 -1.375699 0.1825063 1.301697 -0.4355276 -1.340408 -0.245493 -1.299791 -0.09443026 1.306644 -0.631147 -1.31634 -0.4355276 -1.340408 -0.2328894 1.316824 -0.5649923 -4.861686 -0.6291714 -5.100446 -0.5188764 -5.082132 -0.5188764 -5.082132 0.3800432 -5.68313 -0.5649923 -4.861686 -0.5614781 -6.610636 -0.578028 -7.77233 -0.5076531 -6.61945 -1.25878 -7.113896 -0.6517084 -7.764005 -0.5614781 -6.610636 -1.251979 -5.680818 -1.301953 -7.145056 -1.266508 -7.062165 -0.5188764 -5.082132 -0.5630868 -5.417147 -0.3572776 -5.403909 0.3762453 -5.687354 -0.3572776 -5.403909 0.3658783 -5.693916 0.1529596 3.321911 0.3605981 4.029628 0.2988981 4.038724 0.04996424 3.385871 0.2988981 4.038724 0.2055231 4.056419 0.3605981 4.029628 0.5346885 5.117477 0.2988981 4.038724 0.6131302 5.077223 0.3605981 4.029628 0.4569658 4.018344 0.2988981 4.038724 0.4525753 5.146355 0.2055231 4.056419 0.7296543 5.38693 0.704183 5.691157 0.6546441 5.382048 0.5955333 5.403016 0.5977236 5.721427 0.5348939 5.422823 0.5955333 5.403016 0.704183 5.691157 0.6459525 5.686848 0.7166417 5.100288 0.6546441 5.382048 0.6131302 5.077223 0.5346885 5.117477 0.6546441 5.382048 0.5955333 5.403016 0.5346885 5.117477 0.5348939 5.422823 0.4525753 5.146355 0.1115362 3.12843 0.2313742 3.294636 0.1529596 3.321911 0.1529596 3.321911 0.04996424 3.385871 0.1115362 3.12843 -0.04852586 3.46754 -0.162897 3.939077 -0.1052213 3.453181 -0.1052213 3.453181 -0.2477536 3.96711 -0.1817757 3.359114 -0.2077567 4.395386 -0.162897 3.939077 -0.1111671 3.941047 -0.03516048 3.961339 -0.2077567 4.395386 -0.1111671 3.941047 -0.2475112 4.389342 -0.2477536 3.96711 -0.162897 3.939077 -0.1124059 3.255064 -0.04852586 3.46754 -0.1052213 3.453181 -0.1052213 3.453181 -0.1817757 3.359114 -0.1124059 3.255064 0.05115765 4.01358 -0.1224441 4.414407 -0.03516048 3.961339 0.5761124 3.993555 0.6131302 5.077223 0.4569658 4.018344 1.179554 -6.005105 1.141957 -6.193552 1.177855 -6.208624 1.141957 -6.193552 1.102035 -6.002506 1.095223 -6.188762 1.215836 -6.189253 1.179554 -6.005105 1.177855 -6.208624 1.143082 -5.998275 1.191216 -5.66195 1.155912 -5.657789 1.102035 -6.002506 1.155912 -5.657789 1.117983 -5.655845 1.217691 -6.004581 1.191216 -5.66195 1.179554 -6.005105 1.177855 -6.208624 1.153853 -6.551627 1.192385 -6.537518 1.141957 -6.193552 1.09644 -6.543458 1.153853 -6.551627 1.233136 -6.539887 1.177855 -6.208624 1.192385 -6.537518 2.878001 -4.369757 2.254315 -4.413233 2.885435 -4.418847 2.254009 -4.271917 2.872919 -4.322748 2.885435 -4.259402 2.872919 -4.322748 2.248591 -4.367421 2.878001 -4.369757 2.248591 -4.367421 1.917591 -4.404897 2.254315 -4.413233 2.248477 -4.321117 1.917635 -4.2781 1.913682 -4.322178 2.248591 -4.367421 1.913682 -4.322178 1.903923 -4.36372 1.903923 -4.36372 1.607572 -4.395434 1.917591 -4.404897 1.913682 -4.322178 1.607742 -4.282373 1.602883 -4.322417 1.903923 -4.36372 1.602883 -4.322417 1.588801 -4.358766 1.588801 -4.358766 0.9029663 -4.368072 1.607572 -4.395434 1.607742 -4.282373 0.904398 -4.336585 1.602883 -4.322417 0.904398 -4.336585 1.588801 -4.358766 1.602883 -4.322417 -1.032042 -4.539774 -1.400839 -4.90662 -1.153781 -4.97104 0.332803 3.342149 0.3605981 4.029628 0.2313742 3.294636 0.332803 3.342149 0.5761124 3.993555 0.4569658 4.018344 0.2313742 3.294636 0.2435142 3.116163 0.332803 3.342149 -0.04852586 3.46754 -0.03516048 3.961339 -0.1111671 3.941047 0.04996424 3.385871 0.05115765 4.01358 -0.03516048 3.961339 -0.04852586 3.46754 -0.009406208 3.173151 0.04996424 3.385871 0.3745776 3.213665 0.332803 3.342149 0.2435142 3.116163 -0.009406208 3.173151 0.1115362 3.12843 0.04996424 3.385871 -0.7295507 -3.416215 -0.5651299 -3.438806 -0.567115 -2.713958 -0.567115 -2.713958 -0.3690846 -2.741397 -0.4761676 -2.112149 -0.7473446 -2.658539 -0.567115 -2.713958 -0.6502051 -1.961008 -0.8910587 -3.395876 -0.7295507 -3.416215 -0.7473446 -2.658539 -0.2332608 -3.477281 -0.05753779 -3.499378 -0.172507 -2.741781 1.0375 -5.76033 0.9871135 -6.057602 1.032222 -6.062281 0.9871135 -6.057602 0.9468292 -5.756396 0.9374323 -6.054403 1.077667 -6.056176 1.0375 -5.76033 1.032222 -6.062281 1.032222 -6.062281 0.9772967 -6.551627 1.04093 -6.541056 0.9772967 -6.551627 0.9374323 -6.054403 0.902276 -6.514809 1.077667 -6.056176 1.04093 -6.541056 1.093308 -6.519113 -0.4803161 -4.474968 -0.591349 -4.462114 -0.4164869 -4.73823 -0.4164869 -4.73823 0.3800432 -5.68313 0.3831967 -5.676149 -0.7295507 -3.416215 -0.7832249 -3.96214 -0.5651299 -3.438806 -0.5651299 -3.438806 -0.606731 -3.99465 -0.3893575 -3.463502 -0.9805521 -4.554805 -0.8591384 -4.592861 -0.7832249 -3.96214 -0.1411365 -4.648028 -0.3024076 -4.661417 -0.1319993 -5.105617 -0.3024076 -4.661417 -0.1411365 -4.648028 -0.39675 -4.02977 0.06245702 -4.581517 -0.04993826 -4.611371 0.2361094 -4.978629 -0.04993826 -4.611371 0.06245702 -4.581517 -0.2089039 -4.033857 0.1157415 -4.561691 0.2414695 -4.521041 -0.07102364 -4.033893 -1.052767 -3.378851 -1.166385 -3.907423 -0.8910587 -3.395876 -0.631147 -1.31634 -0.4326325 -1.790013 -0.4355276 -1.340408 -0.2753322 -1.788193 -0.07057315 -1.38233 -0.245493 -1.299791 -0.4355276 -1.340408 -0.2753322 -1.788193 -0.245493 -1.299791 -0.3601413 1.350024 -0.631147 -1.31634 -0.2328894 1.316824 0.0424773 1.302584 -0.07057315 -1.38233 0.1825063 1.301697 -0.09443026 1.306644 -0.245493 -1.299791 0.0424773 1.302584 -0.2328894 1.316824 -0.4355276 -1.340408 -0.09443026 1.306644 -0.2328894 1.316824 -0.09443026 1.306644 -0.009406208 3.173151 -0.3601413 1.350024 -0.2328894 1.316824 -0.1124059 3.255064 -0.09443026 1.306644 0.0424773 1.302584 0.1115362 3.12843 0.0424773 1.302584 0.1825063 1.301697 0.2435142 3.116163 0.2119358 3.324235 0.2936592 4.017456 0.1640568 3.332093 0.04996424 3.385871 0.2936592 4.017456 0.2055231 4.056419 0.3572092 4.010516 0.5352254 5.142329 0.2936592 4.017456 0.4548281 4.034757 0.5352254 5.142329 0.3572092 4.010516 0.5352254 5.142329 0.2055231 4.056419 0.2936592 4.017456 0.7166418 5.100288 0.4548281 4.034757 0.5761124 3.993555 0.332803 3.342149 0.3572092 4.010516 0.2119358 3.324235 0.332803 3.342149 0.5761124 3.993555 0.4548281 4.034757 0.2638254 -1.237882 0.422505 -0.4355813 0.3775929 -0.4078291 0.4682469 -0.4468938 0.3534252 -1.252338 0.4339222 -1.264206 0.508625 -0.4492881 0.4339222 -1.264206 0.4952583 -1.26921 0.5643397 -1.266173 0.508625 -0.4492881 0.4952583 -1.26921 0.6451513 -1.25633 0.5520758 -0.4472111 0.5643397 -1.266173 0.7361747 -1.24432 0.598517 -0.4371743 0.6451513 -1.25633 0.3775929 -0.4078291 0.4409334 -0.2790011 0.3979805 -0.2748206 0.4785127 -0.2911417 0.422505 -0.4355813 0.4682469 -0.4468938 0.5110419 -0.2978935 0.4682469 -0.4468938 0.508625 -0.4492881 0.5520758 -0.4472111 0.5110419 -0.2978935 0.508625 -0.4492881 0.598517 -0.4371743 0.5465761 -0.2926638 0.5520758 -0.4472111 0.6449603 -0.4117652 0.5847536 -0.2813302 0.598517 -0.4371743 0.4857069 0.2189096 0.5151431 0.3306345 0.4752416 0.8048374 0.4857069 0.2189096 0.4409334 -0.2790011 0.4785127 -0.2911417 0.5110419 -0.2978935 0.4857069 0.2189096 0.4785127 -0.2911417 0.5392242 0.2125883 0.5110419 -0.2978935 0.5465761 -0.2926638 0.5847536 -0.2813302 0.5392242 0.2125883 0.5465761 -0.2926638 0.4752416 0.8048374 0.4250739 0.2240657 0.4612603 0.2258293 0.4612603 0.2258293 0.4857069 0.2189096 0.4752416 0.8048374 0.5650735 0.2196933 0.5847536 -0.2813302 0.6284213 -0.2777336 0.4409334 -0.2790011 0.4612603 0.2258293 0.3979805 -0.2748206 0.4612603 0.2258293 0.4250739 0.2240657 0.3979805 -0.2748206 0.4752416 0.8048374 0.5151431 0.3306345 0.5172916 0.8092234 0.5151431 0.3306345 0.559669 0.8028257 0.5172916 0.8092234 0.5650735 0.2196933 0.5151431 0.3306345 0.5392242 0.2125883 0.2638254 -1.237882 0.4262158 -0.4135342 0.3775929 -0.4078291 0.4709129 -0.4238361 0.372518 -1.262953 0.4700163 -1.273285 0.5093275 -0.4280277 0.4700163 -1.273285 0.5513935 -1.287574 0.6494495 -1.330992 0.5093275 -0.4280277 0.5513935 -1.287574 0.7937127 -1.493842 0.5507915 -0.4247525 0.6494495 -1.330992 0.9579124 -1.670729 0.5947757 -0.4151552 0.7937127 -1.493842 0.4937708 0.2147274 0.4262158 -0.4135342 0.4709129 -0.4238361 0.5093275 -0.4280277 0.4937708 0.2147274 0.4709129 -0.4238361 0.5445144 0.2081841 0.5093275 -0.4280277 0.5507915 -0.4247525 0.5947757 -0.4151552 0.5445144 0.2081841 0.5507915 -0.4247525 0.4937708 0.2147274 0.5235234 0.2383382 0.4757364 0.8052516 0.5174924 0.8086091 0.4892179 1.442712 0.4757364 0.8052516 0.4757364 0.8052516 0.4250739 0.2240657 0.4741815 0.2213012 0.5174924 0.8086091 0.5190822 1.443409 0.5038562 1.441653 0.4741815 0.2213012 0.4937708 0.2147274 0.4757364 0.8052516 0.4757364 0.8052516 0.5235234 0.2383382 0.5174924 0.8086091 0.5235234 0.2383382 0.559669 0.8028257 0.5174924 0.8086091 0.4757364 0.8052516 0.4724282 1.443409 0.4314308 0.8029102 0.5650735 0.2196933 0.5235234 0.2383382 0.5445144 0.2081841 0.5650735 0.2196933 0.5947757 -0.4151552 0.3775929 -0.4078291 0.4838023 0.2218704 0.5092527 0.2327464 0.4761025 0.8053625 0.4838023 0.2218704 0.4389871 -0.2824593 0.4788668 -0.2898585 0.51017 -0.292854 0.4838023 0.2218704 0.4788668 -0.2898585 0.5455932 -0.2901805 0.5092527 0.2327464 0.51017 -0.292854 0.5859283 -0.2835361 0.5412193 0.2050866 0.5455932 -0.2901805 0.4761025 0.8053625 0.5038562 1.441653 0.4892179 1.442712 0.4599981 0.2283436 0.4314307 0.8029102 0.4250739 0.2240657 0.559669 0.8028257 0.5038562 1.441653 0.5176792 0.8087968 0.4599981 0.2283436 0.4838023 0.2218704 0.4761025 0.8053625 0.5650735 0.2196933 0.5859283 -0.2835361 0.6284213 -0.2777336 0.4389871 -0.2824593 0.4599981 0.2283436 0.3979805 -0.2748206 0.4599981 0.2283436 0.4250739 0.2240657 0.3979805 -0.2748206 0.4761025 0.8053625 0.5092527 0.2327464 0.5176792 0.8087968 0.5092527 0.2327464 0.559669 0.8028257 0.5176792 0.8087968 0.4761025 0.8053625 0.4724282 1.443409 0.4314307 0.8029102 0.5650735 0.2196933 0.5092527 0.2327464 0.5412193 0.2050866 0.4835733 0.2219513 0.509078 0.2300667 0.4761824 0.8056281 0.4835733 0.2219513 0.4389871 -0.2824593 0.4788668 -0.2898585 0.509078 0.2300667 0.4788668 -0.2898585 0.51017 -0.292854 0.5414735 0.2067789 0.51017 -0.292854 0.5455932 -0.2901805 0.5859283 -0.2835361 0.5414735 0.2067789 0.5455932 -0.2901805 0.5177031 0.8090608 0.4892179 1.442712 0.4761824 0.8056281 0.4600694 0.2275246 0.4314307 0.8029102 0.4250739 0.2240657 0.5177031 0.8090608 0.5190822 1.443409 0.5038562 1.441653 0.4600694 0.2275246 0.4835733 0.2219513 0.4761824 0.8056281 0.5650735 0.2196933 0.5859283 -0.2835361 0.6284213 -0.2777336 0.4389871 -0.2824593 0.4600694 0.2275246 0.3979805 -0.2748206 0.4600694 0.2275246 0.4250739 0.2240657 0.3979805 -0.2748206 0.4761824 0.8056281 0.509078 0.2300667 0.5177031 0.8090608 0.509078 0.2300667 0.559669 0.8028257 0.5177031 0.8090608 0.4761824 0.8056281 0.4724282 1.443409 0.4314307 0.8029102 0.5650735 0.2196933 0.509078 0.2300667 0.5414735 0.2067789 0.4837127 0.2256261 0.5096842 0.2343334 0.4760856 0.8071728 0.4837127 0.2256261 0.4389871 -0.2824593 0.4788668 -0.2898585 0.5096842 0.2343334 0.4788668 -0.2898585 0.51017 -0.292854 0.5455932 -0.2901805 0.5096842 0.2343334 0.51017 -0.292854 0.5859283 -0.2835361 0.5411782 0.2067608 0.5455932 -0.2901805 0.4760856 0.8071728 0.5038562 1.441653 0.4892179 1.442712 0.4600263 0.2327012 0.4314307 0.8029102 0.4250739 0.2240657 0.559669 0.8028257 0.5038562 1.441653 0.5179479 0.8089585 0.4600263 0.2327012 0.4837127 0.2256261 0.4760856 0.8071728 0.5650735 0.2196933 0.5859283 -0.2835361 0.6284213 -0.2777336 0.4389871 -0.2824593 0.4600263 0.2327012 0.3979805 -0.2748206 0.4600263 0.2327012 0.4250739 0.2240657 0.3979805 -0.2748206 0.4760856 0.8071728 0.5096842 0.2343334 0.5179479 0.8089585 0.5096842 0.2343334 0.559669 0.8028257 0.5179479 0.8089585 0.4760856 0.8071728 0.4724282 1.443409 0.4314307 0.8029102 0.5650735 0.2196933 0.5096842 0.2343334 0.5411782 0.2067608 0.540513 -0.4432499 0.5012506 0.210036 0.4797209 -0.4446387 0.4797209 -0.4446387 0.3534252 -1.252338 0.4339222 -1.264206 0.5947757 -0.4151552 0.4741815 0.2213012 0.5650735 0.2196933 0.6451513 -1.25633 0.540513 -0.4432499 0.5643397 -1.266173 0.5012506 0.210036 0.4262158 -0.4135342 0.4797209 -0.4446387 0.6451513 -1.25633 0.4262158 -0.4135342 0.5947757 -0.4151552 0.5947757 -0.4151552 0.5361772 0.2058852 0.540513 -0.4432499 0.4741815 0.2213012 0.4389871 -0.2824593 0.519658 0.3354192 0.51017 -0.292854 0.519658 0.3354192 0.4389871 -0.2824593 0.6284213 -0.2777336 0.5650735 0.2196933 0.5455932 -0.2901805 0.5455932 -0.2901805 0.5650735 0.2196933 0.519658 0.3354192 0.51017 -0.292854 0.5455932 -0.2901805 0.519658 0.3354192 0.4389871 -0.2824593 0.4741815 0.2213012 0.3979805 -0.2748206 0.4741815 0.2213012 0.4250739 0.2240657 0.3979805 -0.2748206 0.5643397 -1.266173 0.4797209 -0.4446387 0.4339222 -1.264206 0.6001223 -0.5283234 0.5455932 -0.2901805 0.5502799 -0.5341787 0.7361747 -1.24432 0.6156943 -0.801644 0.6451513 -1.25633 0.6451513 -1.25633 0.5596522 -0.8343749 0.5643397 -1.266173 0.5643397 -1.266173 0.5028092 -0.8464485 0.4952583 -1.26921 0.5028092 -0.8464485 0.4339222 -1.264206 0.4952583 -1.26921 0.449315 -0.8357325 0.3534252 -1.252338 0.4339222 -1.264206 0.3929938 -0.8023555 0.2638254 -1.237882 0.3534252 -1.252338 -0.1343448 -1.843603 0.08270829 -2.019015 0.07607322 -1.870892 0.682298 -0.7610267 0.6001223 -0.5283234 0.6156943 -0.801644 0.6156943 -0.801644 0.5502799 -0.5341787 0.5596522 -0.8343749 0.5596522 -0.8343749 0.5074313 -0.539054 0.5028092 -0.8464485 0.5074313 -0.539054 0.449315 -0.8357325 0.5028092 -0.8464485 0.4676306 -0.5334453 0.3929938 -0.8023555 0.449315 -0.8357325 0.4175966 -0.5249289 0.3309029 -0.7563513 0.3929938 -0.8023555 0.4175966 -0.5249289 0.3979805 -0.2748206 0.3644417 -0.515586 0.4676306 -0.5334453 0.4389871 -0.2824593 0.4175966 -0.5249289 0.51017 -0.292854 0.4676306 -0.5334453 0.5074313 -0.539054 0.5502799 -0.5341787 0.51017 -0.292854 0.5074313 -0.539054 0.6553596 -0.5193802 0.5859283 -0.2835361 0.6001223 -0.5283234 -0.3687642 -6.053921 -0.3911998 -5.029495 -0.5536687 -5.747262 -0.1319993 -5.105617 0.2993577 -5.681073 0.04571962 -5.021916 0.8451609 -5.938107 0.2361094 -4.978629 0.4558076 -5.59254 0.2361094 -4.978629 0.4415644 -5.592631 0.4558076 -5.59254 -0.1344277 0.6539763 -0.03178226 0.21151 0.6054738 0.2193164 -0.1344277 0.6539763 -1.027978 0.8616055 -0.6678469 0.6119539 0.9769795 0.5735611 0.379975 1.235984 0.01884192 0.8661589 -0.1344277 0.6539763 -0.6678469 0.6119539 -0.2692652 0.2863024 0.9769795 0.5735611 0.01884192 0.8661589 0.6054738 0.2193164 0.6054738 0.2193164 1.052413 0.4893938 0.9769795 0.5735611 1.742868 0.4211558 1.668792 0.4763527 1.453119 0.2110497 0.6054738 0.2193164 0.01884192 0.8661589 -0.1344277 0.6539763 1.615451 0.09009063 1.742868 0.4211558 1.453119 0.2110497 0.8203714 0.1089435 0.6054738 0.2193164 0.8995229 -0.07859742 1.615451 0.09009063 1.453119 0.2110497 0.8995229 -0.07859742 0.4812054 -0.5449787 0.5637419 -0.554416 0.08933961 -0.02276504 0.8995229 -0.07859742 1.453119 0.2110497 0.8203714 0.1089435 0.5637419 -0.554416 0.6893691 -0.2545638 0.08933961 -0.02276504 -0.03178226 0.21151 0.08933961 -0.02276504 0.6893691 -0.2545638 -0.9184562 0.4404652 -0.2692652 0.2863024 -0.6678469 0.6119539 -0.6678469 0.6119539 -0.9591745 0.5387058 -0.9184562 0.4404652 0.8995229 -0.07859742 0.6054738 0.2193164 0.6893691 -0.2545638 -0.03178226 0.21151 0.6893691 -0.2545638 0.6054738 0.2193164 -0.1344277 0.6539763 -0.2692652 0.2863024 -0.03178226 0.21151 0.3534252 -1.252338 0.3775929 -0.4078291 0.2638254 -1.237882 0.4616085 -0.4832277 0.3534252 -1.252338 0.4339222 -1.264206 0.5015554 -0.4974418 0.4339222 -1.264206 0.4952583 -1.26921 0.5643397 -1.266173 0.5015554 -0.4974418 0.4952583 -1.26921 0.6451513 -1.25633 0.5439421 -0.4810667 0.5643397 -1.266173 0.7361747 -1.24432 0.5947757 -0.4151552 0.6451513 -1.25633 0.4616085 -0.4832277 0.4741815 0.2213012 0.4155027 -0.4428268 0.5015554 -0.4974418 0.494717 0.2263866 0.4616085 -0.4832277 0.5341126 0.1321388 0.5015554 -0.4974418 0.5439421 -0.4810667 0.5947757 -0.4151552 0.5341126 0.1321388 0.5439421 -0.4810667 0.494717 0.2263866 0.5219286 0.3600832 0.4670748 0.7342272 0.510897 0.8478047 0.4118999 1.422102 0.4670748 0.7342272 0.4670748 0.7342272 0.4250739 0.2240657 0.4741815 0.2213012 0.510897 0.8478047 0.5190822 1.443409 0.4650235 1.434969 0.4741815 0.2213012 0.494717 0.2263866 0.4670748 0.7342272 0.4670748 0.7342272 0.5219286 0.3600832 0.510897 0.8478047 0.5219286 0.3600832 0.559669 0.8028257 0.510897 0.8478047 0.4118999 1.422102 0.4314307 0.8029102 0.4670748 0.7342272 0.5553275 0.1397258 0.5219286 0.3600832 0.5341126 0.1321388 0.3775929 -0.4078291 0.5553275 0.1397258 0.5947757 -0.4151552 0.4741815 0.2213012 0.5553275 0.1397258 0.3775929 -0.4078291 0.4155027 -0.4428268 0.4741815 0.2213012 0.3775929 -0.4078291 0.9368708 -5.885514 0.900361 -5.429261 0.8795002 -5.403194 -2.472519 -4.753762 -2.597953 -5.009364 -2.543844 -4.983448 -0.6568486 -7.82971 -1.25878 -7.113896 -1.301953 -7.145056 0.4558076 -5.59254 0.4415644 -5.592631 0.4710567 -5.635151 0.4152142 -5.713701 0.1286044 -7.183787 0.1617085 -7.305054 0.4152142 -5.713701 0.3762453 -5.687354 0.3658783 -5.693916 -1.235706 -5.652831 -1.399293 -5.55667 -1.251979 -5.680818 0.2993577 -5.681073 0.4710567 -5.635151 0.4415644 -5.592631 0.88332 -5.998221 0.4558076 -5.59254 0.4710567 -5.635151 -0.1779379 -6.081657 -0.3824521 -6.126668 -0.1931241 -6.191998 -0.6517084 -7.764005 -0.5821153 -7.83929 -0.578028 -7.77233 0.3831967 -5.676149 0.3800432 -5.68313 0.4152142 -5.713701 -1.089254 -5.988213 -1.184158 -6.072142 -1.09001 -6.072145 0.2993577 -5.681073 0.0934239 -5.813396 0.311956 -5.713645 -1.884191 -5.452491 -2.04823 -5.125068 -1.926603 -5.515865 -0.1779379 -6.081657 0.0934239 -5.813396 0.07390838 -5.766814 0.3800432 -5.68313 0.3762453 -5.687354 0.4152142 -5.713701 -0.5630868 -5.417147 -1.25878 -7.113896 -0.5614781 -6.610636 -1.089254 -5.988213 -0.7089661 -5.571969 -0.7178232 -5.530853 -0.3687642 -6.053921 -0.5762618 -5.789228 -0.3824521 -6.126668 -2.029998 -5.108804 -2.597953 -5.009364 -2.04823 -5.125068 -0.5536687 -5.747262 -0.6283008 -5.472017 -0.5762618 -5.789228 -1.219272 -5.668299 -1.251979 -5.680818 -1.266508 -7.062165 0.8451609 -5.938107 0.9761176 -5.944804 0.9368708 -5.885514 -0.5630868 -5.417147 -1.219272 -5.668299 -1.266508 -7.062165 -1.930046 -5.885396 -1.926603 -5.515865 -1.950006 -5.922312 -1.153781 -4.97104 -1.400839 -4.90662 -1.917807 -5.883844 -1.182056 -5.995953 -1.153781 -4.97104 -1.917807 -5.883844 -1.184158 -6.072142 -1.917807 -5.883844 -1.950006 -5.922312 -1.235706 -5.652831 -1.230761 -5.661046 -0.6291714 -5.100446 -0.6291714 -5.100446 -1.219272 -5.668299 -0.5630868 -5.417147 -1.230761 -5.661046 -1.235706 -5.652831 -1.251979 -5.680818 0.1286044 -7.183787 -0.3572776 -5.403909 -0.5076531 -6.61945 -0.578028 -7.77233 0.1152745 -7.257493 -0.5076531 -6.61945 -0.5821153 -7.83929 0.1152745 -7.257493 -0.578028 -7.77233 0.2378866 0.001106619 0.551374 0.5313483 0.6708162 0.001106619 0.3759027 0.9995645 0.551374 0.5313483 0.3095951 0.5195625 0.8107848 0.9995645 0.551374 0.5313483 0.6226554 0.9995645 0.7390388 0.4874166 0.551374 0.5313483 0.8107848 0.9995645 0.6226554 0.9995645 0.551374 0.5313483 0.3759027 0.9995645 0.3095951 0.5195625 0.551374 0.5313483 0.2378866 0.001106619 0.6708162 0.001106619 0.551374 0.5313483 0.7390388 0.4874166 0.2378866 0.001106619 0.6708162 0.001106619 0.551374 0.5313483 0.3759027 0.9995645 0.3095951 0.5195625 0.551374 0.5313483 0.8107848 0.9995645 0.6226554 0.9995645 0.551374 0.5313483 0.7390388 0.4874166 0.8107848 0.9995645 0.551374 0.5313483 0.6226554 0.9995645 0.3759027 0.9995645 0.551374 0.5313483 0.3095951 0.5195625 0.2378866 0.001106619 0.551374 0.5313483 0.6708162 0.001106619 0.7390388 0.4874166 0.551374 0.5313483 0.2378866 0.001106619 0.551374 0.5313483 0.6708162 0.001106619 0.3759027 0.9995645 0.551374 0.5313483 0.3095951 0.5195625 0.8107848 0.9995645 0.551374 0.5313483 0.6226554 0.9995645 0.7390388 0.4874166 0.551374 0.5313483 0.8107848 0.9995645 0.6226554 0.9995645 0.551374 0.5313483 0.3759027 0.9995645 0.3095951 0.5195625 0.551374 0.5313483 0.2378866 0.001106619 0.6708162 0.001106619 0.551374 0.5313483 0.7390388 0.4874166 0.2378866 0.001106619 0.551374 0.5313483 0.6708162 0.001106619 0.3759027 0.9995645 0.551374 0.5313483 0.3095951 0.5195625 0.8107848 0.9995645 0.551374 0.5313483 0.6226554 0.9995645 0.7390388 0.4874166 0.551374 0.5313483 0.8107848 0.9995645 0.6226554 0.9995645 0.551374 0.5313483 0.3759027 0.9995645 0.3095951 0.5195625 0.551374 0.5313483 0.2378866 0.001106619 0.6708162 0.001106619 0.551374 0.5313483 0.7390388 0.4874166 0.2378866 0.001106619 0.551374 0.5313483 0.6708162 0.001106619 0.3759027 0.9995645 0.551374 0.5313483 0.3095951 0.5195625 0.8107848 0.9995645 0.551374 0.5313483 0.6226554 0.9995645 0.7390388 0.4874166 0.551374 0.5313483 0.8107848 0.9995645 0.6226554 0.9995645 0.551374 0.5313483 0.3759027 0.9995645 0.3095951 0.5195625 0.551374 0.5313483 0.2378866 0.001106619 0.6708162 0.001106619 0.551374 0.5313483 0.7390388 0.4874166 0.2378866 0.001106619 0.551374 0.5313483 0.6708162 0.001106619 0.3759027 0.9995645 0.551374 0.5313483 0.3095951 0.5195625 0.8107848 0.9995645 0.551374 0.5313483 0.6226554 0.9995645 0.7390388 0.4874166 0.551374 0.5313483 0.8107848 0.9995645 0.6226554 0.9995645 0.551374 0.5313483 0.3759027 0.9995645 0.3095951 0.5195625 0.551374 0.5313483 0.2378866 0.001106619 0.6708162 0.001106619 0.551374 0.5313483 0.7390388 0.4874166 0.2378866 0.001106619 0.551374 0.5313483 0.6708162 0.001106619 0.3759027 0.9995645 0.551374 0.5313483 0.3095951 0.5195625 0.8107848 0.9995645 0.551374 0.5313483 0.6226554 0.9995645 0.7390388 0.4874166 0.551374 0.5313483 0.8107848 0.9995645 0.6226554 0.9995645 0.551374 0.5313483 0.3759027 0.9995645 0.3095951 0.5195625 0.551374 0.5313483 0.2378866 0.001106619 0.6708162 0.001106619 0.551374 0.5313483 0.7390388 0.4874166 0.2378866 0.001106619 0.551374 0.5313483 0.6708162 0.001106619 0.3759027 0.9995645 0.551374 0.5313483 0.3095951 0.5195625 0.8107848 0.9995645 0.551374 0.5313483 0.6226554 0.9995645 0.7390388 0.4874166 0.551374 0.5313483 0.8107848 0.9995645 0.6226554 0.9995645 0.551374 0.5313483 0.3759027 0.9995645 0.3095951 0.5195625 0.551374 0.5313483 0.2378866 0.001106619 0.6708162 0.001106619 0.551374 0.5313483 0.7390388 0.4874166 0.2378866 0.001106619 0.551374 0.5313483 0.6708162 0.001106619 0.3759027 0.9995645 0.551374 0.5313483 0.3095951 0.5195625 0.8107848 0.9995645 0.551374 0.5313483 0.6226554 0.9995645 0.7390388 0.4874166 0.551374 0.5313483 0.8107848 0.9995645 0.6226554 0.9995645 0.551374 0.5313483 0.3759027 0.9995645 0.3095951 0.5195625 0.551374 0.5313483 0.2378866 0.001106619 0.6708162 0.001106619 0.551374 0.5313483 0.7390388 0.4874166 0.2378866 0.001106619 0.551374 0.5313483 0.6708162 0.001106619 0.3759027 0.9995645 0.551374 0.5313483 0.3095951 0.5195625 0.8107848 0.9995645 0.551374 0.5313483 0.6226554 0.9995645 0.7390388 0.4874166 0.551374 0.5313483 0.8107848 0.9995645 0.6226554 0.9995645 0.551374 0.5313483 0.3759027 0.9995645 0.3095951 0.5195625 0.551374 0.5313483 0.2378866 0.001106619 0.6708162 0.001106619 0.551374 0.5313483 0.7390388 0.4874166 0.2378866 0.001106619 0.551374 0.5313483 0.6708162 0.001106619 0.3759027 0.9995645 0.551374 0.5313483 0.3095951 0.5195625 0.8107848 0.9995645 0.551374 0.5313483 0.6226554 0.9995645 0.7390388 0.4874166 0.551374 0.5313483 0.8107848 0.9995645 0.6226554 0.9995645 0.551374 0.5313483 0.3759027 0.9995645 0.3095951 0.5195625 0.551374 0.5313483 0.2378866 0.001106619 0.6708162 0.001106619 0.551374 0.5313483 0.7390388 0.4874166 0.2378866 0.001106619 0.551374 0.5313483 0.6708162 0.001106619 0.3759027 0.9995645 0.551374 0.5313483 0.3095951 0.5195625 0.8107848 0.9995645 0.551374 0.5313483 0.6226554 0.9995645 0.7390388 0.4874166 0.551374 0.5313483 0.8107848 0.9995645 0.6226554 0.9995645 0.551374 0.5313483 0.3759027 0.9995645 0.3095951 0.5195625 0.551374 0.5313483 0.2378866 0.001106619 0.6708162 0.001106619 0.551374 0.5313483 0.7390388 0.4874166 0.2378866 0.001106619 0.551374 0.5313483 0.6708162 0.001106619 0.3759027 0.9995645 0.551374 0.5313483 0.3095951 0.5195625 0.8107848 0.9995645 0.551374 0.5313483 0.6226554 0.9995645 0.7390388 0.4874166 0.551374 0.5313483 0.8107848 0.9995645 0.6226554 0.9995645 0.551374 0.5313483 0.3759027 0.9995645 0.3095951 0.5195625 0.551374 0.5313483 0.2378866 0.001106619 0.6708162 0.001106619 0.551374 0.5313483 0.7390388 0.4874166 0.2378866 0.001106619 0.551374 0.5313483 0.6708162 0.001106619 0.3759027 0.9995645 0.551374 0.5313483 0.3095951 0.5195625 0.8107848 0.9995645 0.551374 0.5313483 0.6226554 0.9995645 0.7390388 0.4874166 0.551374 0.5313483 0.8107848 0.9995645 0.6226554 0.9995645 0.551374 0.5313483 0.3759027 0.9995645 0.3095951 0.5195625 0.551374 0.5313483 0.2378866 0.001106619 0.6708162 0.001106619 0.551374 0.5313483 0.7390388 0.4874166 0.6072908 -8.022356 0.8580978 -10.29549 0.6072908 -10.33438 0.8566935 0.4572523 0.6146925 0.7144011 0.8566935 0.7223318 0.8566935 -0.6219256 0.6146925 -0.2330781 0.8566935 -0.2523231 0.8566935 -0.2523231 0.6146925 0.146998 0.8566935 0.1172378 0.6146925 0.7144011 0.8566935 0.7538735 0.8566935 0.7223318 0.8566935 0.9730616 0.6146925 1.085789 0.8566935 1.125808 0.6146925 1.085789 0.8566935 1.621926 0.8566935 1.125808 0.6146925 0.9444797 0.6146925 1.085789 0.8566935 0.9730616 0.8566935 0.2444123 0.6146925 0.4702314 0.8566935 0.4572523 0.8566935 0.1172378 0.6146925 0.2646068 0.8566935 0.2444123 0.6146925 0.4702314 0.6146925 0.7144011 0.8566935 0.4572523 0.6146925 -0.6131111 0.6146925 -0.2330781 0.8566935 -0.6219256 0.6146925 -0.2330781 0.6146925 0.146998 0.8566935 -0.2523231 0.6146925 0.7459429 0.8566935 0.7538735 0.6146925 0.7144011 0.6146925 1.621926 0.8566935 1.621926 0.6146925 1.085789 0.6146925 0.2646068 0.6146925 0.4702314 0.8566935 0.2444123 0.6146925 0.146998 0.6146925 0.2646068 0.8566935 0.1172378 0.8566935 0.7538735 0.6146925 0.7743397 0.8566935 0.7822703 0.6146925 0.7743397 0.8566935 0.9730616 0.8566935 0.7822703 0.6146925 0.7743397 0.6146925 0.9444797 0.8566935 0.9730616 0.6146925 0.7459429 0.6146925 0.7743397 0.8566935 0.7538735 0.9400542 1.972073 0.9800027 2.579754 0.9800027 1.947459 0.9400542 0.7990188 0.9800027 0.841551 0.9800027 0.7546595 0.9400542 1.854006 0.9800027 1.947459 0.9800027 1.827405 0.9400542 0.3721077 0.9800027 0.7546595 0.9800027 0.3205627 0.9400542 0.8844719 0.9800027 0.9197299 0.9800027 0.841551 0.9400542 1.34169 0.9800027 1.005362 0.9400542 1.045571 0.9400542 1.045571 0.9800027 0.9197299 0.9400542 0.9613564 0.9400542 1.549255 0.9800027 1.412711 0.9400542 1.446178 0.9400542 1.737946 0.9800027 1.607325 0.9400542 1.63757 0.9400542 1.63757 0.9800027 1.517523 0.9400542 1.549255 0.9400542 1.737946 0.9800027 1.827405 0.9800027 1.70939 0.9400542 1.446178 0.9800027 1.306465 0.9400542 1.34169 0.9400542 0.2056125 0.9800027 0.3205627 0.9800027 0.1512651 0.9400542 0.03525078 0.9800027 -0.237914 0.9400542 -0.1771246 0.9400542 0.03525078 0.9800027 0.1512651 0.9800027 -0.02196395 0.9400542 -0.1771246 0.9800027 -0.3518568 0.9400542 -0.2891815 0.9800027 -0.4822083 0.9400542 -0.7040328 0.9400542 -0.4173755 0.9800027 -0.4822083 0.9400542 -0.2891815 0.9800027 -0.3518568 0.9800027 -0.7736901 0.9400542 -1.019427 0.9400542 -0.7040328 0.9800027 -1.554833 0.9400542 -1.019427 0.9800027 -1.094393 0.9800027 -1.554833 0.9400542 -3.438073 0.9400542 -1.472247 0.9400542 2.63466 0.9800027 2.579754 0.9400542 2.5939 0.9400542 2.706966 0.9800027 2.6212 0.9400542 2.63466 0.9400542 2.752217 0.9800027 2.694722 0.9400542 2.706966 0.9400542 4.381323 0.9800027 4.108231 0.9400542 4.097077 0.9400542 3.388957 0.9800027 3.139374 0.9400542 3.144258 0.9400542 3.610142 0.9800027 3.857909 0.9800027 3.613099 0.9400542 3.610142 0.9800027 3.388191 0.9400542 3.388957 0.9400542 4.097077 0.9800027 3.857909 0.9400542 3.850899 0.9400542 3.144258 0.9800027 2.740735 0.9400542 2.752217 0.2378866 0.001106619 0.551374 0.5313483 0.6708162 0.001106619 0.3759027 0.9995645 0.551374 0.5313483 0.3095951 0.5195625 0.8107848 0.9995645 0.551374 0.5313483 0.6226554 0.9995645 0.7390388 0.4874166 0.551374 0.5313483 0.8107848 0.9995645 0.6226554 0.9995645 0.551374 0.5313483 0.3759027 0.9995645 0.3095951 0.5195625 0.551374 0.5313483 0.2378866 0.001106619 0.6708162 0.001106619 0.551374 0.5313483 0.7390388 0.4874166 0.2378866 0.001106619 0.551374 0.5313483 0.6708162 0.001106619 0.3759027 0.9995645 0.551374 0.5313483 0.3095951 0.5195625 0.8107848 0.9995645 0.551374 0.5313483 0.6226554 0.9995645 0.7390388 0.4874166 0.551374 0.5313483 0.8107848 0.9995645 0.6226554 0.9995645 0.551374 0.5313483 0.3759027 0.9995645 0.3095951 0.5195625 0.551374 0.5313483 0.2378866 0.001106619 0.6708162 0.001106619 0.551374 0.5313483 0.7390388 0.4874166 0.2378866 0.001106619 0.6708162 0.001106619 0.551374 0.5313483 0.3759027 0.9995645 0.3095951 0.5195625 0.551374 0.5313483 0.8107848 0.9995645 0.6226554 0.9995645 0.551374 0.5313483 0.7390388 0.4874166 0.8107848 0.9995645 0.551374 0.5313483 0.6226554 0.9995645 0.3759027 0.9995645 0.551374 0.5313483 0.3095951 0.5195625 0.2378866 0.001106619 0.551374 0.5313483 0.6708162 0.001106619 0.7390388 0.4874166 0.551374 0.5313483 0.2378866 0.001106619 0.551374 0.5313483 0.6708162 0.001106619 0.3759027 0.9995645 0.551374 0.5313483 0.3095951 0.5195625 0.8107848 0.9995645 0.551374 0.5313483 0.6226554 0.9995645 0.7390388 0.4874166 0.551374 0.5313483 0.8107848 0.9995645 0.6226554 0.9995645 0.551374 0.5313483 0.3759027 0.9995645 0.3095951 0.5195625 0.551374 0.5313483 0.2378866 0.001106619 0.6708162 0.001106619 0.551374 0.5313483 0.7390388 0.4874166 0.2378866 0.001106619 0.551374 0.5313483 0.6708162 0.001106619 0.3759027 0.9995645 0.551374 0.5313483 0.3095951 0.5195625 0.8107848 0.9995645 0.551374 0.5313483 0.6226554 0.9995645 0.7390388 0.4874166 0.551374 0.5313483 0.8107848 0.9995645 0.6226554 0.9995645 0.551374 0.5313483 0.3759027 0.9995645 0.3095951 0.5195625 0.551374 0.5313483 0.2378866 0.001106619 0.6708162 0.001106619 0.551374 0.5313483 0.7390388 0.4874166 0.2378866 0.001106619 0.551374 0.5313483 0.6708162 0.001106619 0.3759027 0.9995645 0.551374 0.5313483 0.3095951 0.5195625 0.8107848 0.9995645 0.551374 0.5313483 0.6226554 0.9995645 0.7390388 0.4874166 0.551374 0.5313483 0.8107848 0.9995645 0.6226554 0.9995645 0.551374 0.5313483 0.3759027 0.9995645 0.3095951 0.5195625 0.551374 0.5313483 0.2378866 0.001106619 0.6708162 0.001106619 0.551374 0.5313483 0.7390388 0.4874166 0.8566935 0.4572523 0.6146925 0.7144011 0.8566935 0.7223318 0.8566935 -0.6219256 0.6146925 -0.2330781 0.8566935 -0.2523231 0.8566935 -0.2523231 0.6146925 0.146998 0.8566935 0.1172378 0.6146925 0.7144011 0.8566935 0.7538735 0.8566935 0.7223318 0.8566935 0.9730616 0.6146925 1.085789 0.8566935 1.125808 0.8566935 1.125808 0.735693 1.353857 0.8566935 1.621926 0.6146925 0.9444797 0.6146925 1.085789 0.8566935 0.9730616 0.8566935 0.2444123 0.6146925 0.4702314 0.8566935 0.4572523 0.8566935 0.1172378 0.735693 0.2545096 0.8566935 0.2444123 0.6146925 0.4702314 0.6146925 0.7144011 0.8566935 0.4572523 0.6146925 -0.6131111 0.6146925 -0.2330781 0.8566935 -0.6219256 0.6146925 -0.2330781 0.6146925 0.146998 0.8566935 -0.2523231 0.6146925 0.7459429 0.8566935 0.7538735 0.6146925 0.7144011 0.6146925 1.621926 0.735693 1.353857 0.6146925 1.085789 0.6146925 0.2646068 0.8566935 0.2444123 0.735693 0.2545096 0.6146925 0.146998 0.6146925 0.2646068 0.8566935 0.1172378 0.8566935 0.7538735 0.6146925 0.7743397 0.8566935 0.7822703 0.6146925 0.7743397 0.8566935 0.9730616 0.8566935 0.7822703 0.6146925 0.7743397 0.6146925 0.9444797 0.8566935 0.9730616 0.6146925 0.7459429 0.6146925 0.7743397 0.8566935 0.7538735 0.8566935 -0.6219256 0.6146925 -0.6131111 0.6146925 -0.6131111 0.8566935 -0.6219256 0.6146925 -0.6131111 0.6146925 -0.6131111 0.8566935 -0.6219256 0.6146925 -0.6131111 0.6146925 -0.6131111 0.8566935 -0.6219256 0.6146925 -0.6131111 0.8566935 -0.6219256 0.9400541 7.123214 0.9800027 7.249358 0.9800027 7.123214 0.9400542 4.221904 0.9800027 3.969616 0.9400541 3.969616 0.9400542 5.357199 0.9800027 5.735631 0.9800027 5.357199 0.9400542 4.600336 0.9800027 4.978767 0.9800027 4.600336 0.9400542 4.978767 0.9800027 5.357199 0.9800027 4.978767 0.9400542 4.221904 0.9800027 4.275966 0.9800027 4.221904 0.9400542 4.275966 0.9800027 4.600336 0.9800027 4.275966 0.9400542 2.708177 0.9800027 2.518961 0.9400542 2.518961 0.9400542 3.465041 0.9800027 3.433316 0.9400542 3.434675 0.9400542 1.897758 0.9800027 1.572882 0.9400542 1.572882 0.9400542 1.572882 0.9800027 1.19445 0.9400542 1.19445 0.9400542 2.14053 0.9800027 2.329746 0.9800027 2.14053 0.9400542 2.518961 0.9800027 2.329746 0.9400542 2.329746 0.9400542 1.951314 0.9800027 1.98285 0.9800027 1.951314 0.9400542 1.98285 0.9800027 2.14053 0.9800027 1.98285 0.9400542 1.951314 0.9800028 1.894733 0.9400542 1.897758 0.9400542 3.086609 0.9800027 2.897393 0.9400542 2.897393 0.9400542 2.897393 0.9800027 2.708177 0.9400542 2.708177 0.9400542 3.275825 0.9800027 3.086609 0.9400542 3.086609 0.9400542 3.465041 0.9800027 3.480771 0.9800027 3.465041 0.9400541 3.969616 0.9800027 3.843472 0.9400542 3.843472 0.9400542 3.717329 0.9800027 3.843472 0.9800027 3.717328 0.9400542 3.47924 0.9800027 3.717328 0.9800027 3.480771 0.9400542 3.434675 0.9800027 3.275825 0.9400542 3.275825 0.6146925 1.085789 0.735693 1.353857 0.8566935 1.125808 0.8566935 1.621926 0.735693 1.353857 0.6146925 1.621926 0.6146925 1.621926 0.8566935 1.621926 0.8566935 1.621926 0.6157711 -5.000867 0.8706021 -5.990451 0.6157711 -5.903864 0.6157711 -3.026949 0.8706021 -3.069706 0.6157711 -3.115286 0.6157711 -1.348537 0.8706021 -1.814139 0.6157711 -1.790224 0.6157711 -0.5201004 0.8706021 -0.6187984 0.6157711 -0.6128223 0.6157711 -0.08731186 0.8706021 0.3415321 0.8706021 -0.08528143 0.6157711 -1.138333 0.8706021 -0.9389086 0.8706021 -1.152315 0.6157711 -0.7179244 0.8706021 -0.8322052 0.6157711 -0.8230264 0.6157711 -1.243435 0.8706021 -1.152315 0.8706021 -1.259019 0.6157711 -0.9281285 0.8706021 -0.8322052 0.8706021 -0.9389086 0.6157711 -0.6128223 0.8706021 -0.7255018 0.6157711 -0.7179244 0.6157711 -0.2975161 0.8706021 -0.08528143 0.8706021 -0.2986882 0.6157711 -0.4907467 0.8706021 -0.2986882 0.8706021 -0.4970679 0.6157711 -0.5077202 0.8706021 -0.5234128 0.6157711 -0.5201004 0.6157711 -0.5077202 0.8706021 -0.4970679 0.8706021 -0.512095 0.6157711 -3.115286 0.8706021 -3.069706 0.8706021 -3.159389 0.6157711 -2.231912 0.8706021 -2.666131 0.6157711 -2.62943 0.6157711 -5.000867 0.8706021 -3.384602 0.8706021 -5.073698 0.6157711 -3.337119 0.8706021 -3.159389 0.8706021 -3.384602 0.6157711 -3.337119 0.8706021 -3.384602 0.6157711 -5.000867 0.6157711 -3.026949 0.8706021 -2.666131 0.8706021 -3.069706 0.6157711 -1.790224 0.8706021 -2.262556 0.6157711 -2.231912 0.6157711 -1.348537 0.8706021 -1.259019 0.8706021 -1.365722 0.9400542 4.221904 0.9800027 3.969616 0.9400541 3.969616 0.9400542 4.600336 0.9800027 4.978767 0.9800027 4.600336 0.9400542 4.221904 0.9800027 4.275966 0.9800027 4.221904 0.9400542 4.275966 0.9800027 4.600336 0.9800027 4.275966 0.9400542 3.465041 0.9800027 3.433316 0.9400542 3.434675 0.9400542 3.465041 0.9800027 3.480771 0.9800027 3.465041 0.9400541 3.969616 0.9800027 3.843472 0.9400542 3.843472 0.9400542 3.717329 0.9800027 3.843472 0.9800027 3.717328 0.9400542 3.47924 0.9800027 3.717328 0.9800027 3.480771 0.9400542 3.434675 0.9800027 3.393943 0.9400542 3.394963 0.9400542 3.275825 0.9800027 3.35457 0.9800027 3.275825 0.9400542 3.35525 0.9800027 3.35457 0.9400542 3.275825 0.9400542 3.375106 0.9800027 3.393943 0.9800027 3.374257 0.9400542 3.365178 0.9800027 3.374257 0.9800027 3.364413 0.9400542 3.35525 0.9800027 3.364413 0.9800027 3.35457 0.9400542 5.735631 0.9800027 6.492495 0.9800027 5.735631 0.9400541 6.744782 0.9800027 6.870926 0.9800027 6.744782 0.9400542 6.879462 0.9800027 6.99707 0.9800027 6.879483 0.9400542 6.99707 0.9800027 7.123214 0.9800027 6.99707 0.9400542 6.492495 0.9800027 6.618638 0.9800027 6.492495 0.9400542 6.618638 0.9800027 6.744782 0.9800027 6.618638 0.2378866 0.001106619 0.6708162 0.001106619 0.551374 0.5313483 0.3759027 0.9995645 0.3095951 0.5195625 0.551374 0.5313483 0.8107848 0.9995645 0.6226554 0.9995645 0.551374 0.5313483 0.7390388 0.4874166 0.8107848 0.9995645 0.551374 0.5313483 0.6226554 0.9995645 0.3759027 0.9995645 0.551374 0.5313483 0.3095951 0.5195625 0.2378866 0.001106619 0.551374 0.5313483 0.6708162 0.001106619 0.7390388 0.4874166 0.551374 0.5313483 0.2378866 0.001106619 0.6708162 0.001106619 0.551374 0.5313483 0.3759027 0.9995645 0.3095951 0.5195625 0.551374 0.5313483 0.8107848 0.9995645 0.6226554 0.9995645 0.551374 0.5313483 0.7390388 0.4874166 0.8107848 0.9995645 0.551374 0.5313483 0.6226554 0.9995645 0.3759027 0.9995645 0.551374 0.5313483 0.3095951 0.5195625 0.2378866 0.001106619 0.551374 0.5313483 0.6708162 0.001106619 0.7390388 0.4874166 0.551374 0.5313483 0.9400542 6.870926 0.9800027 6.879483 0.9800027 6.870926 0.2378866 0.001106619 0.551374 0.5313483 0.6708162 0.001106619 0.3759027 0.9995645 0.551374 0.5313483 0.3095951 0.5195625 0.8107848 0.9995645 0.551374 0.5313483 0.6226554 0.9995645 0.7390388 0.4874166 0.551374 0.5313483 0.8107848 0.9995645 0.6226554 0.9995645 0.551374 0.5313483 0.3759027 0.9995645 0.3095951 0.5195625 0.551374 0.5313483 0.2378866 0.001106619 0.6708162 0.001106619 0.551374 0.5313483 0.7390388 0.4874166 0.2378866 0.001106619 0.551374 0.5313483 0.6708162 0.001106619 0.3759027 0.9995645 0.551374 0.5313483 0.3095951 0.5195625 0.8107848 0.9995645 0.551374 0.5313483 0.6226554 0.9995645 0.7390388 0.4874166 0.551374 0.5313483 0.8107848 0.9995645 0.6226554 0.9995645 0.551374 0.5313483 0.3759027 0.9995645 0.3095951 0.5195625 0.551374 0.5313483 0.2378866 0.001106619 0.6708162 0.001106619 0.551374 0.5313483 0.7390388 0.4874166 0.2378866 0.001106619 0.551374 0.5313483 0.6708162 0.001106619 0.3759027 0.9995645 0.551374 0.5313483 0.3095951 0.5195625 0.8107848 0.9995645 0.551374 0.5313483 0.6226554 0.9995645 0.7390388 0.4874166 0.551374 0.5313483 0.8107848 0.9995645 0.6226554 0.9995645 0.551374 0.5313483 0.3759027 0.9995645 0.3095951 0.5195625 0.551374 0.5313483 0.2378866 0.001106619 0.6708162 0.001106619 0.551374 0.5313483 0.7390388 0.4874166 0.2378866 0.001106619 0.551374 0.5313483 0.6708162 0.001106619 0.3759027 0.9995645 0.551374 0.5313483 0.3095951 0.5195625 0.8107848 0.9995645 0.551374 0.5313483 0.6226554 0.9995645 0.7390388 0.4874166 0.551374 0.5313483 0.8107848 0.9995645 0.6226554 0.9995645 0.551374 0.5313483 0.3759027 0.9995645 0.3095951 0.5195625 0.551374 0.5313483 0.2378866 0.001106619 0.6708162 0.001106619 0.551374 0.5313483 0.7390388 0.4874166 0.8580978 -10.29549 0.8580978 -7.979419 0.6072908 -8.022356 0.9400542 1.972073 0.9800027 1.947459 0.9800027 2.579754 0.9400542 0.7990188 0.9800027 0.7546595 0.9800027 0.841551 0.9400542 1.854006 0.9800027 1.827405 0.9800027 1.947459 0.9400542 0.3721077 0.9800027 0.3205627 0.9800027 0.7546595 0.9400542 0.8844719 0.9800027 0.841551 0.9800027 0.9197299 0.9800027 1.005362 0.9800027 1.306465 0.9400542 1.34169 0.9800027 0.9197299 0.9800027 1.005362 0.9400542 1.045571 0.9800027 1.412711 0.9800027 1.517523 0.9400542 1.549255 0.9800027 1.607325 0.9800027 1.70939 0.9400542 1.737946 0.9800027 1.517523 0.9800027 1.607325 0.9400542 1.63757 0.9400542 1.737946 0.9800027 1.70939 0.9800027 1.827405 0.9800027 1.306465 0.9800027 1.412711 0.9400542 1.446178 0.9400542 0.2056125 0.9800027 0.1512651 0.9800027 0.3205627 0.9800027 -0.237914 0.9800027 -0.02196395 0.9400542 0.03525078 0.9400542 0.03525078 0.9800027 -0.02196395 0.9800027 0.1512651 0.9800027 -0.3518568 0.9800027 -0.237914 0.9400542 -0.1771246 0.9800027 -0.4822083 0.9400542 -0.4173755 0.9400542 -0.7040328 0.9400542 -0.2891815 0.9400542 -0.4173755 0.9800027 -0.4822083 0.9800027 -0.7736901 0.9400542 -0.7040328 0.9400542 -1.019427 0.9400542 -1.019427 0.9400542 -1.472247 0.9800027 -1.554833 0.9800027 -1.554833 0.9400542 -1.472247 0.9400542 -3.438073 0.9800027 2.579754 0.9800027 2.6212 0.9400542 2.63466 0.9800027 2.6212 0.9800027 2.694722 0.9400542 2.706966 0.9800027 2.694722 0.9800027 2.740735 0.9400542 2.752217 0.9800027 4.108231 0.9800027 4.397261 0.9400542 4.381323 0.9800027 3.139374 0.9800027 3.388191 0.9400542 3.388957 0.9400542 3.610142 0.9800027 3.613099 0.9800027 3.857909 0.9800027 3.388191 0.9800027 3.613099 0.9400542 3.610142 0.9800027 3.857909 0.9800027 4.108231 0.9400542 4.097077 0.9800027 2.740735 0.9800027 3.139374 0.9400542 3.144258 0.8566935 0.1172378 0.8566935 0.2444123 0.735693 0.2545096 0.6146925 0.2646068 0.735693 0.2545096 0.8566935 0.2444123 0.8566935 -0.6219256 0.6146925 -0.6131111 0.6146925 -0.6131111 0.8566935 -0.6219256 0.6146925 -0.6131111 0.6146925 -0.6131111 0.9400541 7.123214 0.9800027 7.123214 0.9800027 7.249358 0.9800027 3.969616 0.9800027 4.221904 0.9400542 4.221904 0.9400542 5.357199 0.9800027 5.357199 0.9800027 5.735631 0.9400542 4.600336 0.9800027 4.600336 0.9800027 4.978767 0.9400542 4.978767 0.9800027 4.978767 0.9800027 5.357199 0.9400542 4.221904 0.9800027 4.221904 0.9800027 4.275966 0.9400542 4.275966 0.9800027 4.275966 0.9800027 4.600336 0.9800027 2.518961 0.9800027 2.708177 0.9400542 2.708177 0.9800027 3.433316 0.9800027 3.465041 0.9400542 3.465041 0.9800027 1.572882 0.9800028 1.894733 0.9400542 1.897758 0.9800027 1.19445 0.9800027 1.572882 0.9400542 1.572882 0.9400542 2.14053 0.9800027 2.14053 0.9800027 2.329746 0.9800027 2.329746 0.9800027 2.518961 0.9400542 2.518961 0.9400542 1.951314 0.9800027 1.951314 0.9800027 1.98285 0.9400542 1.98285 0.9800027 1.98285 0.9800027 2.14053 0.9800028 1.894733 0.9800027 1.951314 0.9400542 1.951314 0.9800027 2.897393 0.9800027 3.086609 0.9400542 3.086609 0.9800027 2.708177 0.9800027 2.897393 0.9400542 2.897393 0.9800027 3.086609 0.9800027 3.275825 0.9400542 3.275825 0.9400542 3.465041 0.9800027 3.465041 0.9800027 3.480771 0.9800027 3.843472 0.9800027 3.969616 0.9400541 3.969616 0.9400542 3.717329 0.9800027 3.717328 0.9800027 3.843472 0.9400542 3.47924 0.9800027 3.480771 0.9800027 3.717328 0.9800027 3.275825 0.9800027 3.433316 0.9400542 3.434675 0.6146925 1.621926 0.8566935 1.621926 0.8566935 1.621926 0.8706021 -5.990451 0.8706021 -5.073698 0.6157711 -5.000867 0.8706021 -1.814139 0.8706021 -1.365722 0.6157711 -1.348537 0.8706021 -0.6187984 0.8706021 -0.5234128 0.6157711 -0.5201004 0.6157711 -0.08731186 0.8706021 -0.08528143 0.8706021 0.3415321 0.6157711 -1.138333 0.8706021 -1.152315 0.8706021 -0.9389086 0.8706021 -0.8322052 0.8706021 -0.7255018 0.6157711 -0.7179244 0.6157711 -1.243435 0.8706021 -1.259019 0.8706021 -1.152315 0.6157711 -0.9281285 0.8706021 -0.9389086 0.8706021 -0.8322052 0.8706021 -0.7255018 0.8706021 -0.6187984 0.6157711 -0.6128223 0.6157711 -0.2975161 0.8706021 -0.2986882 0.8706021 -0.08528143 0.6157711 -0.4907467 0.8706021 -0.4970679 0.8706021 -0.2986882 0.8706021 -0.5234128 0.8706021 -0.512095 0.6157711 -0.5077202 0.6157711 -0.5077202 0.8706021 -0.512095 0.8706021 -0.4970679 0.8706021 -2.666131 0.8706021 -2.262556 0.6157711 -2.231912 0.6157711 -3.337119 0.8706021 -3.384602 0.8706021 -3.159389 0.6157711 -3.026949 0.8706021 -3.069706 0.8706021 -2.666131 0.8706021 -2.262556 0.8706021 -1.814139 0.6157711 -1.790224 0.6157711 -1.348537 0.8706021 -1.365722 0.8706021 -1.259019 0.9800027 3.969616 0.9800027 4.221904 0.9400542 4.221904 0.9400542 4.600336 0.9800027 4.600336 0.9800027 4.978767 0.9400542 4.221904 0.9800027 4.221904 0.9800027 4.275966 0.9400542 4.275966 0.9800027 4.275966 0.9800027 4.600336 0.9800027 3.433316 0.9800027 3.465041 0.9400542 3.465041 0.9400542 3.465041 0.9800027 3.465041 0.9800027 3.480771 0.9800027 3.843472 0.9800027 3.969616 0.9400541 3.969616 0.9400542 3.717329 0.9800027 3.717328 0.9800027 3.843472 0.9400542 3.47924 0.9800027 3.480771 0.9800027 3.717328 0.9800027 3.393943 0.9800027 3.433316 0.9400542 3.434675 0.9400542 3.375106 0.9800027 3.374257 0.9800027 3.393943 0.9400542 3.365178 0.9800027 3.364413 0.9800027 3.374257 0.9400542 3.35525 0.9800027 3.35457 0.9800027 3.364413 0.9400542 5.735631 0.9800027 5.735631 0.9800027 6.492495 0.9400541 6.744782 0.9800027 6.744782 0.9800027 6.870926 0.9400542 6.879462 0.9800027 6.879483 0.9800027 6.99707 0.9400542 6.99707 0.9800027 6.99707 0.9800027 7.123214 0.9400542 6.492495 0.9800027 6.492495 0.9800027 6.618638 0.9400542 6.618638 0.9800027 6.618638 0.9800027 6.744782 0.9400542 6.870926 0.9800027 6.870926 0.9800027 6.879483 1.0004e-4 0.5 9.998e-5 0.9999001 0.2585694 0.9999001 0.5001 0.9999001 0.5001 0.5 0.7624225 0.7623225 0.5000001 0.5 0.2699536 0.5 0.2700007 0.7699008 1 0.5 1 0.9999001 0.7624225 0.7623225 -1.432391 -4.320941 -1.30336 -4.412339 -0.9672999 -3.93625 -1.214646 -4.471148 -1.032042 -4.539774 -0.7832249 -3.96214 -1.717843 -4.587837 -2.543844 -4.983448 -2.029998 -5.108804 -0.1319993 -5.105617 -0.3911998 -5.029495 -0.3687642 -6.053921 -1.400839 -4.90662 -1.484867 -4.85579 -1.884191 -5.452491 -0.3911998 -5.029495 -0.5248249 -4.762907 -0.6267836 -5.437752 -0.4803161 -4.474968 -0.3024076 -4.661417 -0.39675 -4.02977 -1.153781 -4.97104 -1.182056 -5.995953 -1.089254 -5.988213 -0.3572776 -5.403909 -0.5630868 -5.417147 -0.5614781 -6.610636 -1.432391 -4.320941 -1.717843 -4.587837 -1.606322 -4.730885 -0.1411365 -4.648028 -0.1319993 -5.105617 0.04571962 -5.021916 -0.6223551 -4.461554 -0.7001169 -4.412036 -0.7633889 -4.840491 -0.3024076 -4.661417 -0.4803161 -4.474968 -0.5248249 -4.762907 -1.032042 -4.539774 -1.153781 -4.97104 -1.080109 -4.973361 -0.6223551 -4.461554 -0.6195608 -4.859561 -0.5649923 -4.861686 -0.9962154 -4.877191 -1.375032 -5.515772 -1.235706 -5.652831 -0.8591384 -4.592861 -0.9962154 -4.877191 -0.7633889 -4.840491 -0.8591384 -4.592861 -0.9805521 -4.554805 -1.080109 -4.973361 -1.080109 -4.973361 -1.089254 -5.988213 -0.7178232 -5.530853 -0.39675 -4.02977 -0.2089039 -4.033857 -0.2332608 -3.477281 0.3050502 -4.931029 0.9368708 -5.885514 0.8795002 -5.403194 0.2361094 -4.978629 0.8451609 -5.938107 0.9368708 -5.885514 0.1157415 -4.561691 0.3050502 -4.931029 0.395725 -4.798696 0.06245702 -4.581517 0.2361094 -4.978629 0.3050502 -4.931029 -1.717843 -4.587837 -1.759563 -4.454314 -2.472519 -4.753762 -1.503358 -4.267268 -1.759563 -4.454314 -1.717843 -4.587837 -1.214646 -4.471148 -1.30336 -4.412339 -1.606322 -4.730885 -1.484867 -4.85579 -1.606322 -4.730885 -2.029998 -5.108804 -0.9672999 -3.93625 -0.7832249 -3.96214 -0.7295507 -3.416215 -0.2332608 -3.477281 -0.172507 -2.741781 -0.3690846 -2.741397 -0.1343448 -1.843603 0.07607322 -1.870892 0.06943815 -1.375699 -0.6502051 -1.961008 -0.4761676 -2.112149 -0.4326325 -1.790013 -0.2968583 -2.159323 -0.1080114 -2.145937 -0.1343448 -1.843603 -0.4761676 -2.112149 -0.2968583 -2.159323 -0.2753322 -1.788193 -0.172507 -2.741781 -0.1080114 -2.145937 -0.2968583 -2.159323 0.02548503 -2.717583 0.08270829 -2.019015 -0.1080114 -2.145937 -0.5649923 -4.861686 -0.6195608 -4.859561 -0.6291714 -5.100446 -0.5188764 -5.082132 0.3762453 -5.687354 0.3800432 -5.68313 -0.5614781 -6.610636 -0.6517084 -7.764005 -0.578028 -7.77233 -0.5188764 -5.082132 -0.6291714 -5.100446 -0.5630868 -5.417147 0.3762453 -5.687354 -0.5188764 -5.082132 -0.3572776 -5.403909 0.1529596 3.321911 0.2313742 3.294636 0.3605981 4.029628 0.04996424 3.385871 0.1529596 3.321911 0.2988981 4.038724 0.6131302 5.077223 0.5346885 5.117477 0.3605981 4.029628 0.2988981 4.038724 0.5346885 5.117477 0.4525753 5.146355 0.7296543 5.38693 0.7819903 5.688283 0.704183 5.691157 0.5955333 5.403016 0.6459525 5.686848 0.5977236 5.721427 0.5955333 5.403016 0.6546441 5.382048 0.704183 5.691157 0.7166417 5.100288 0.7296543 5.38693 0.6546441 5.382048 0.5346885 5.117477 0.6131302 5.077223 0.6546441 5.382048 0.5346885 5.117477 0.5955333 5.403016 0.5348939 5.422823 0.1115362 3.12843 0.2435142 3.116163 0.2313742 3.294636 -0.04852586 3.46754 -0.1111671 3.941047 -0.162897 3.939077 -0.1052213 3.453181 -0.162897 3.939077 -0.2477536 3.96711 -0.2077567 4.395386 -0.2475112 4.389342 -0.162897 3.939077 -0.03516048 3.961339 -0.1224441 4.414407 -0.2077567 4.395386 -0.2475112 4.389342 -0.3288905 4.386614 -0.2477536 3.96711 -0.1124059 3.255064 -0.009406208 3.173151 -0.04852586 3.46754 0.05115765 4.01358 -2.992e-4 4.427289 -0.1224441 4.414407 0.5761124 3.993555 0.7166417 5.100288 0.6131302 5.077223 1.179554 -6.005105 1.143082 -5.998275 1.141957 -6.193552 1.141957 -6.193552 1.143082 -5.998275 1.102035 -6.002506 1.215836 -6.189253 1.217691 -6.004581 1.179554 -6.005105 1.143082 -5.998275 1.179554 -6.005105 1.191216 -5.66195 1.102035 -6.002506 1.143082 -5.998275 1.155912 -5.657789 1.217691 -6.004581 1.225794 -5.660501 1.191216 -5.66195 1.177855 -6.208624 1.141957 -6.193552 1.153853 -6.551627 1.141957 -6.193552 1.095223 -6.188762 1.09644 -6.543458 1.233136 -6.539887 1.215836 -6.189253 1.177855 -6.208624 2.878001 -4.369757 2.248591 -4.367421 2.254315 -4.413233 2.254009 -4.271917 2.248477 -4.321117 2.872919 -4.322748 2.872919 -4.322748 2.248477 -4.321117 2.248591 -4.367421 2.248591 -4.367421 1.903923 -4.36372 1.917591 -4.404897 2.248477 -4.321117 2.254009 -4.271917 1.917635 -4.2781 2.248591 -4.367421 2.248477 -4.321117 1.913682 -4.322178 1.903923 -4.36372 1.588801 -4.358766 1.607572 -4.395434 1.913682 -4.322178 1.917635 -4.2781 1.607742 -4.282373 1.903923 -4.36372 1.913682 -4.322178 1.602883 -4.322417 1.588801 -4.358766 0.902276 -4.352243 0.9029663 -4.368072 1.607742 -4.282373 0.9027579 -4.317749 0.904398 -4.336585 0.904398 -4.336585 0.902276 -4.352243 1.588801 -4.358766 -1.032042 -4.539774 -1.214646 -4.471148 -1.400839 -4.90662 0.332803 3.342149 0.4569658 4.018344 0.3605981 4.029628 0.332803 3.342149 0.4570536 3.310718 0.5761124 3.993555 -0.04852586 3.46754 0.04996424 3.385871 -0.03516048 3.961339 0.04996424 3.385871 0.1673532 3.410683 0.05115765 4.01358 1.0375 -5.76033 0.9975993 -5.753189 0.9871135 -6.057602 0.9871135 -6.057602 0.9975993 -5.753189 0.9468292 -5.756396 1.077667 -6.056176 1.077986 -5.757317 1.0375 -5.76033 1.032222 -6.062281 0.9871135 -6.057602 0.9772967 -6.551627 0.9772967 -6.551627 0.9871135 -6.057602 0.9374323 -6.054403 1.077667 -6.056176 1.032222 -6.062281 1.04093 -6.541056 -0.4164869 -4.73823 -0.5649923 -4.861686 0.3800432 -5.68313 -0.631147 -1.31634 -0.6406761 -1.81221 -0.4326325 -1.790013 -0.2753322 -1.788193 -0.1343448 -1.843603 -0.07057315 -1.38233 -0.4355276 -1.340408 -0.4326325 -1.790013 -0.2753322 -1.788193 0.2119358 3.324235 0.3572092 4.010516 0.2936592 4.017456 0.04996424 3.385871 0.1640568 3.332093 0.2936592 4.017456 0.4548281 4.034757 0.6086822 5.104012 0.5352254 5.142329 0.5352254 5.142329 0.4525754 5.146355 0.2055231 4.056419 0.7166418 5.100288 0.6086822 5.104012 0.4548281 4.034757 0.332803 3.342149 0.4548281 4.034757 0.3572092 4.010516 0.332803 3.342149 0.4570536 3.310718 0.5761124 3.993555 0.2638254 -1.237882 0.3534252 -1.252338 0.422505 -0.4355813 0.4682469 -0.4468938 0.422505 -0.4355813 0.3534252 -1.252338 0.508625 -0.4492881 0.4682469 -0.4468938 0.4339222 -1.264206 0.5643397 -1.266173 0.5520758 -0.4472111 0.508625 -0.4492881 0.6451513 -1.25633 0.598517 -0.4371743 0.5520758 -0.4472111 0.7361747 -1.24432 0.6449603 -0.4117652 0.598517 -0.4371743 0.3775929 -0.4078291 0.422505 -0.4355813 0.4409334 -0.2790011 0.4785127 -0.2911417 0.4409334 -0.2790011 0.422505 -0.4355813 0.5110419 -0.2978935 0.4785127 -0.2911417 0.4682469 -0.4468938 0.5520758 -0.4472111 0.5465761 -0.2926638 0.5110419 -0.2978935 0.598517 -0.4371743 0.5847536 -0.2813302 0.5465761 -0.2926638 0.6449603 -0.4117652 0.6284213 -0.2777336 0.5847536 -0.2813302 0.4857069 0.2189096 0.4612603 0.2258293 0.4409334 -0.2790011 0.5110419 -0.2978935 0.5151431 0.3306345 0.4857069 0.2189096 0.5392242 0.2125883 0.5151431 0.3306345 0.5110419 -0.2978935 0.5847536 -0.2813302 0.5650735 0.2196933 0.5392242 0.2125883 0.4752416 0.8048374 0.4314308 0.8029102 0.4250739 0.2240657 0.5650735 0.2196933 0.559669 0.8028257 0.5151431 0.3306345 0.2638254 -1.237882 0.372518 -1.262953 0.4262158 -0.4135342 0.4709129 -0.4238361 0.4262158 -0.4135342 0.372518 -1.262953 0.5093275 -0.4280277 0.4709129 -0.4238361 0.4700163 -1.273285 0.6494495 -1.330992 0.5507915 -0.4247525 0.5093275 -0.4280277 0.7937127 -1.493842 0.5947757 -0.4151552 0.5507915 -0.4247525 0.9579124 -1.670729 0.6449603 -0.4117652 0.5947757 -0.4151552 0.4937708 0.2147274 0.4741815 0.2213012 0.4262158 -0.4135342 0.5093275 -0.4280277 0.5235234 0.2383382 0.4937708 0.2147274 0.5445144 0.2081841 0.5235234 0.2383382 0.5093275 -0.4280277 0.5947757 -0.4151552 0.5650735 0.2196933 0.5445144 0.2081841 0.5174924 0.8086091 0.5038562 1.441653 0.4892179 1.442712 0.4757364 0.8052516 0.4314308 0.8029102 0.4250739 0.2240657 0.5174924 0.8086091 0.559669 0.8028257 0.5190822 1.443409 0.4757364 0.8052516 0.4892179 1.442712 0.4724282 1.443409 0.5650735 0.2196933 0.559669 0.8028257 0.5235234 0.2383382 0.3775929 -0.4078291 0.4262158 -0.4135342 0.5650735 0.2196933 0.4741815 0.2213012 0.5650735 0.2196933 0.4262158 -0.4135342 0.4838023 0.2218704 0.4599981 0.2283436 0.4389871 -0.2824593 0.51017 -0.292854 0.5092527 0.2327464 0.4838023 0.2218704 0.5455932 -0.2901805 0.5412193 0.2050866 0.5092527 0.2327464 0.5859283 -0.2835361 0.5650735 0.2196933 0.5412193 0.2050866 0.4761025 0.8053625 0.5176792 0.8087968 0.5038562 1.441653 0.4599981 0.2283436 0.4761025 0.8053625 0.4314307 0.8029102 0.559669 0.8028257 0.5190822 1.443409 0.5038562 1.441653 0.4761025 0.8053625 0.4892179 1.442712 0.4724282 1.443409 0.5650735 0.2196933 0.559669 0.8028257 0.5092527 0.2327464 0.4835733 0.2219513 0.4600694 0.2275246 0.4389871 -0.2824593 0.509078 0.2300667 0.4835733 0.2219513 0.4788668 -0.2898585 0.5414735 0.2067789 0.509078 0.2300667 0.51017 -0.292854 0.5859283 -0.2835361 0.5650735 0.2196933 0.5414735 0.2067789 0.5177031 0.8090608 0.5038562 1.441653 0.4892179 1.442712 0.4600694 0.2275246 0.4761824 0.8056281 0.4314307 0.8029102 0.5177031 0.8090608 0.559669 0.8028257 0.5190822 1.443409 0.4761824 0.8056281 0.4892179 1.442712 0.4724282 1.443409 0.5650735 0.2196933 0.559669 0.8028257 0.509078 0.2300667 0.4837127 0.2256261 0.4600263 0.2327012 0.4389871 -0.2824593 0.5096842 0.2343334 0.4837127 0.2256261 0.4788668 -0.2898585 0.5455932 -0.2901805 0.5411782 0.2067608 0.5096842 0.2343334 0.5859283 -0.2835361 0.5650735 0.2196933 0.5411782 0.2067608 0.4760856 0.8071728 0.5179479 0.8089585 0.5038562 1.441653 0.4600263 0.2327012 0.4760856 0.8071728 0.4314307 0.8029102 0.559669 0.8028257 0.5190822 1.443409 0.5038562 1.441653 0.4760856 0.8071728 0.4892179 1.442712 0.4724282 1.443409 0.5650735 0.2196933 0.559669 0.8028257 0.5096842 0.2343334 0.540513 -0.4432499 0.5361772 0.2058852 0.5012506 0.210036 0.4797209 -0.4446387 0.4262158 -0.4135342 0.3534252 -1.252338 0.5947757 -0.4151552 0.4262158 -0.4135342 0.4741815 0.2213012 0.6451513 -1.25633 0.5947757 -0.4151552 0.540513 -0.4432499 0.5012506 0.210036 0.4741815 0.2213012 0.4262158 -0.4135342 0.6451513 -1.25633 0.3534252 -1.252338 0.4262158 -0.4135342 0.5947757 -0.4151552 0.5650735 0.2196933 0.5361772 0.2058852 0.5643397 -1.266173 0.540513 -0.4432499 0.4797209 -0.4446387 0.6001223 -0.5283234 0.5859283 -0.2835361 0.5455932 -0.2901805 0.7361747 -1.24432 0.682298 -0.7610267 0.6156943 -0.801644 0.6451513 -1.25633 0.6156943 -0.801644 0.5596522 -0.8343749 0.5643397 -1.266173 0.5596522 -0.8343749 0.5028092 -0.8464485 0.5028092 -0.8464485 0.449315 -0.8357325 0.4339222 -1.264206 0.449315 -0.8357325 0.3929938 -0.8023555 0.3534252 -1.252338 0.3929938 -0.8023555 0.3309029 -0.7563513 0.2638254 -1.237882 -0.1343448 -1.843603 -0.1080114 -2.145937 0.08270829 -2.019015 0.682298 -0.7610267 0.6553596 -0.5193802 0.6001223 -0.5283234 0.6156943 -0.801644 0.6001223 -0.5283234 0.5502799 -0.5341787 0.5596522 -0.8343749 0.5502799 -0.5341787 0.5074313 -0.539054 0.5074313 -0.539054 0.4676306 -0.5334453 0.449315 -0.8357325 0.4676306 -0.5334453 0.4175966 -0.5249289 0.3929938 -0.8023555 0.4175966 -0.5249289 0.3644417 -0.515586 0.3309029 -0.7563513 0.51017 -0.292854 0.4788668 -0.2898585 0.4676306 -0.5334453 0.6553596 -0.5193802 0.6284213 -0.2777336 0.5859283 -0.2835361 -0.1319993 -5.105617 0.07390838 -5.766814 0.2993577 -5.681073 0.2361094 -4.978629 0.04571962 -5.021916 0.4415644 -5.592631 0.3534252 -1.252338 0.4155027 -0.4428268 0.3775929 -0.4078291 0.4616085 -0.4832277 0.4155027 -0.4428268 0.3534252 -1.252338 0.5015554 -0.4974418 0.4616085 -0.4832277 0.4339222 -1.264206 0.5643397 -1.266173 0.5439421 -0.4810667 0.5015554 -0.4974418 0.6451513 -1.25633 0.5947757 -0.4151552 0.5439421 -0.4810667 0.7361747 -1.24432 0.6449603 -0.4117652 0.5947757 -0.4151552 0.4616085 -0.4832277 0.494717 0.2263866 0.4741815 0.2213012 0.5015554 -0.4974418 0.5219286 0.3600832 0.494717 0.2263866 0.5341126 0.1321388 0.5219286 0.3600832 0.5015554 -0.4974418 0.5947757 -0.4151552 0.5553275 0.1397258 0.5341126 0.1321388 0.510897 0.8478047 0.4650235 1.434969 0.4118999 1.422102 0.4670748 0.7342272 0.4314307 0.8029102 0.4250739 0.2240657 0.510897 0.8478047 0.559669 0.8028257 0.5190822 1.443409 0.4118999 1.422102 0.3412272 1.487225 0.4314307 0.8029102 0.5553275 0.1397258 0.559669 0.8028257 0.5219286 0.3600832 0.9368708 -5.885514 0.9761176 -5.944804 0.900361 -5.429261 -2.472519 -4.753762 -2.503262 -4.766674 -2.597953 -5.009364 -0.6568486 -7.82971 -0.6517084 -7.764005 -1.25878 -7.113896 0.4152142 -5.713701 0.3658783 -5.693916 0.1286044 -7.183787 -1.235706 -5.652831 -1.375032 -5.515772 -1.399293 -5.55667 0.2993577 -5.681073 0.311956 -5.713645 0.4710567 -5.635151 0.88332 -5.998221 0.8451609 -5.938107 0.4558076 -5.59254 -0.1779379 -6.081657 -0.3687642 -6.053921 -0.3824521 -6.126668 -0.6517084 -7.764005 -0.6568486 -7.82971 -0.5821153 -7.83929 -1.089254 -5.988213 -1.182056 -5.995953 -1.184158 -6.072142 0.2993577 -5.681073 0.07390838 -5.766814 0.0934239 -5.813396 -1.884191 -5.452491 -2.029998 -5.108804 -2.04823 -5.125068 -0.1779379 -6.081657 -0.1931241 -6.191998 0.0934239 -5.813396 -1.089254 -5.988213 -1.09001 -6.072145 -0.7089661 -5.571969 -0.3687642 -6.053921 -0.5536687 -5.747262 -0.5762618 -5.789228 -2.029998 -5.108804 -2.543844 -4.983448 -2.597953 -5.009364 -0.5536687 -5.747262 -0.6267836 -5.437752 -0.6283008 -5.472017 0.8451609 -5.938107 0.88332 -5.998221 0.9761176 -5.944804 -1.930046 -5.885396 -1.884191 -5.452491 -1.926603 -5.515865 -1.184158 -6.072142 -1.182056 -5.995953 -1.917807 -5.883844 -0.6291714 -5.100446 -0.6195608 -4.859561 -0.7633889 -4.840491 -0.7633889 -4.840491 -1.235706 -5.652831 -0.6291714 -5.100446 -0.5821153 -7.83929 0.1617085 -7.305054 0.1152745 -7.257493 0.6072908 -8.022356 0.8580978 -7.979419 0.8580978 -10.29549 0.9400542 1.972073 0.9400542 2.5939 0.9800027 2.579754 0.9400542 0.7990188 0.9400542 0.8844719 0.9800027 0.841551 0.9400542 1.854006 0.9400542 1.972073 0.9800027 1.947459 0.9400542 0.3721077 0.9400542 0.7990188 0.9800027 0.7546595 0.9400542 0.8844719 0.9400542 0.9613564 0.9800027 0.9197299 0.9400542 1.34169 0.9800027 1.306465 0.9800027 1.005362 0.9400542 1.045571 0.9800027 1.005362 0.9800027 0.9197299 0.9400542 1.549255 0.9800027 1.517523 0.9800027 1.412711 0.9400542 1.737946 0.9800027 1.70939 0.9800027 1.607325 0.9400542 1.63757 0.9800027 1.607325 0.9800027 1.517523 0.9400542 1.737946 0.9400542 1.854006 0.9800027 1.827405 0.9400542 1.446178 0.9800027 1.412711 0.9800027 1.306465 0.9400542 0.2056125 0.9400542 0.3721077 0.9800027 0.3205627 0.9400542 0.03525078 0.9800027 -0.02196395 0.9800027 -0.237914 0.9400542 0.03525078 0.9400542 0.2056125 0.9800027 0.1512651 0.9400542 -0.1771246 0.9800027 -0.237914 0.9800027 -0.3518568 0.9800027 -0.4822083 0.9800027 -0.7736901 0.9400542 -0.7040328 0.9800027 -0.4822083 0.9400542 -0.4173755 0.9400542 -0.2891815 0.9800027 -0.7736901 0.9800027 -1.094393 0.9400542 -1.019427 0.9800027 -1.554833 0.9400542 -1.472247 0.9400542 -1.019427 0.9800027 -1.554833 0.9800027 -3.553744 0.9400542 -3.438073 0.9400542 2.63466 0.9800027 2.6212 0.9800027 2.579754 0.9400542 2.706966 0.9800027 2.694722 0.9800027 2.6212 0.9400542 2.752217 0.9800027 2.740735 0.9800027 2.694722 0.9400542 4.381323 0.9800027 4.397261 0.9800027 4.108231 0.9400542 3.388957 0.9800027 3.388191 0.9800027 3.139374 0.9400542 3.610142 0.9400542 3.850899 0.9800027 3.857909 0.9400542 3.610142 0.9800027 3.613099 0.9800027 3.388191 0.9400542 4.097077 0.9800027 4.108231 0.9800027 3.857909 0.9400542 3.144258 0.9800027 3.139374 0.9800027 2.740735 0.8566935 0.1172378 0.6146925 0.2646068 0.735693 0.2545096 0.6146925 0.2646068 0.6146925 0.4702314 0.8566935 0.2444123 0.8566935 -0.6219256 0.8566935 -0.6219256 0.6146925 -0.6131111 0.8566935 -0.6219256 0.8566935 -0.6219256 0.6146925 -0.6131111 0.9400541 7.123214 0.9400542 7.249358 0.9800027 7.249358 0.9400542 4.221904 0.9800027 4.221904 0.9800027 3.969616 0.9400542 5.357199 0.9400542 5.735631 0.9800027 5.735631 0.9400542 4.600336 0.9400542 4.978767 0.9800027 4.978767 0.9400542 4.978767 0.9400542 5.357199 0.9800027 5.357199 0.9400542 4.221904 0.9400542 4.275966 0.9800027 4.275966 0.9400542 4.275966 0.9400542 4.600336 0.9800027 4.600336 0.9400542 2.708177 0.9800027 2.708177 0.9800027 2.518961 0.9400542 3.465041 0.9800027 3.465041 0.9800027 3.433316 0.9400542 1.897758 0.9800028 1.894733 0.9800027 1.572882 0.9400542 1.572882 0.9800027 1.572882 0.9800027 1.19445 0.9400542 2.14053 0.9400542 2.329746 0.9800027 2.329746 0.9400542 2.518961 0.9800027 2.518961 0.9800027 2.329746 0.9400542 1.951314 0.9400542 1.98285 0.9800027 1.98285 0.9400542 1.98285 0.9400542 2.14053 0.9800027 2.14053 0.9400542 1.951314 0.9800027 1.951314 0.9800028 1.894733 0.9400542 3.086609 0.9800027 3.086609 0.9800027 2.897393 0.9400542 2.897393 0.9800027 2.897393 0.9800027 2.708177 0.9400542 3.275825 0.9800027 3.275825 0.9800027 3.086609 0.9400542 3.465041 0.9400542 3.47924 0.9800027 3.480771 0.9400541 3.969616 0.9800027 3.969616 0.9800027 3.843472 0.9400542 3.717329 0.9400542 3.843472 0.9800027 3.843472 0.9400542 3.47924 0.9400542 3.717329 0.9800027 3.717328 0.9400542 3.434675 0.9800027 3.433316 0.9800027 3.275825 0.6146925 1.621926 0.6146925 1.621926 0.8566935 1.621926 0.6157711 -5.000867 0.8706021 -5.073698 0.8706021 -5.990451 0.6157711 -1.348537 0.8706021 -1.365722 0.8706021 -1.814139 0.6157711 -0.5201004 0.8706021 -0.5234128 0.8706021 -0.6187984 0.6157711 -0.08731186 0.6157711 0.3330964 0.8706021 0.3415321 0.6157711 -1.138333 0.6157711 -0.9281285 0.8706021 -0.9389086 0.6157711 -0.7179244 0.8706021 -0.7255018 0.8706021 -0.8322052 0.6157711 -1.243435 0.6157711 -1.138333 0.8706021 -1.152315 0.6157711 -0.9281285 0.6157711 -0.8230264 0.8706021 -0.8322052 0.6157711 -0.6128223 0.8706021 -0.6187984 0.8706021 -0.7255018 0.6157711 -0.2975161 0.6157711 -0.08731186 0.8706021 -0.08528143 0.6157711 -0.4907467 0.6157711 -0.2975161 0.8706021 -0.2986882 0.6157711 -0.5077202 0.8706021 -0.512095 0.8706021 -0.5234128 0.6157711 -0.5077202 0.6157711 -0.4907467 0.8706021 -0.4970679 0.6157711 -2.231912 0.8706021 -2.262556 0.8706021 -2.666131 0.6157711 -3.337119 0.6157711 -3.115286 0.8706021 -3.159389 0.6157711 -3.026949 0.6157711 -2.62943 0.8706021 -2.666131 0.6157711 -1.790224 0.8706021 -1.814139 0.8706021 -2.262556 0.6157711 -1.348537 0.6157711 -1.243435 0.8706021 -1.259019 0.9400542 4.221904 0.9800027 4.221904 0.9800027 3.969616 0.9400542 4.600336 0.9400542 4.978767 0.9800027 4.978767 0.9400542 4.221904 0.9400542 4.275966 0.9800027 4.275966 0.9400542 4.275966 0.9400542 4.600336 0.9800027 4.600336 0.9400542 3.465041 0.9800027 3.465041 0.9800027 3.433316 0.9400542 3.465041 0.9400542 3.47924 0.9800027 3.480771 0.9400541 3.969616 0.9800027 3.969616 0.9800027 3.843472 0.9400542 3.717329 0.9400542 3.843472 0.9800027 3.843472 0.9400542 3.47924 0.9400542 3.717329 0.9800027 3.717328 0.9400542 3.434675 0.9800027 3.433316 0.9800027 3.393943 0.9400542 3.375106 0.9400542 3.394963 0.9800027 3.393943 0.9400542 3.365178 0.9400542 3.375106 0.9800027 3.374257 0.9400542 3.35525 0.9400542 3.365178 0.9800027 3.364413 0.9400542 5.735631 0.9400542 6.492495 0.9800027 6.492495 0.9400541 6.744782 0.9400542 6.870926 0.9800027 6.870926 0.9400542 6.879462 0.9400542 6.99707 0.9800027 6.99707 0.9400542 6.99707 0.9400541 7.123214 0.9800027 7.123214 0.9400542 6.492495 0.9400542 6.618638 0.9800027 6.618638 0.9400542 6.618638 0.9400541 6.744782 0.9800027 6.744782 0.9400542 6.870926 0.9400542 6.879462 0.9800027 6.879483</float_array>
          <technique_common>
            <accessor source="#tree_oak_large_b200_002-mesh-map-0-array" count="4890" stride="2">
              <param name="S" type="float"/>
              <param name="T" type="float"/>
            </accessor>
          </technique_common>
        </source>
        <source id="tree_oak_large_b200_002-mesh-colors-Col" name="Col">
          <float_array id="tree_oak_large_b200_002-mesh-colors-Col-array" count="14670">0 0.06666666 0 0 0.06666666 0 0 0.145098 0 0 0.0117647 0 0 0.03529411 0 0 0.145098 0 0 0.4 0 0 0.2313725 0 0 0.145098 0 0 0.227451 0 0 0.4 0 0 0.145098 0 0 0.2313725 0 0 0.0117647 0 0 0.145098 0 0 0.03529411 0 0 0.06666666 0 0 0.145098 0 0 0.06666666 0 0 0.227451 0 0 0.145098 0 0 0.06666666 0 0 0.145098 0 0 0.06666666 0 0 0.0117647 0 0 0.145098 0 0 0.03529411 0 0 0.4 0 0 0.145098 0 0 0.2313725 0 0 0.227451 0 0 0.145098 0 0 0.4 0 0 0.2313725 0 0 0.145098 0 0 0.0117647 0 0 0.03529411 0 0 0.145098 0 0 0.06666666 0 0 0.06666666 0 0 0.145098 0 0 0.227451 0 0 0.06666666 0 0 0.06666666 0 0 0.145098 0 0 0.0117647 0 0 0.03529411 0 0 0.145098 0 0 0.4 0 0 0.2313725 0 0 0.145098 0 0 0.227451 0 0 0.4 0 0 0.145098 0 0 0.2313725 0 0 0.0117647 0 0 0.145098 0 0 0.03529411 0 0 0.06666666 0 0 0.145098 0 0 0.06666666 0 0 0.227451 0 0 0.145098 0 0 0.06666666 0 0 0.06666666 0 0 0.145098 0 0 0.0117647 0 0 0.03529411 0 0 0.145098 0 0 0.4 0 0 0.2313725 0 0 0.145098 0 0 0.227451 0 0 0.4 0 0 0.145098 0 0 0.2313725 0 0 0.0117647 0 0 0.145098 0 0 0.03529411 0 0 0.06666666 0 0 0.145098 0 0 0.06666666 0 0 0.227451 0 0 0.145098 0 0 0.06666666 0 0 0.06666666 0 0 0.145098 0 0 0.0117647 0 0 0.03529411 0 0 0.145098 0 0 0.4 0 0 0.2313725 0 0 0.145098 0 0 0.227451 0 0 0.4 0 0 0.145098 0 0 0.2313725 0 0 0.0117647 0 0 0.145098 0 0 0.03529411 0 0 0.06666666 0 0 0.145098 0 0 0.06666666 0 0 0.227451 0 0 0.145098 0 0 0.06666666 0 0 0.06666666 0 0 0.145098 0 0 0.0117647 0 0 0.03529411 0 0 0.145098 0 0 0.4 0 0 0.2313725 0 0 0.145098 0 0 0.227451 0 0 0.4 0 0 0.145098 0 0 0.2313725 0 0 0.0117647 0 0 0.145098 0 0 0.03529411 0 0 0.06666666 0 0 0.145098 0 0 0.06666666 0 0 0.227451 0 0 0.145098 0 0 0.06666666 0 0 0.06666666 0 0 0.145098 0 0 0.0117647 0 0 0.03529411 0 0 0.145098 0 0 0.4 0 0 0.2313725 0 0 0.145098 0 0 0.227451 0 0 0.4 0 0 0.145098 0 0 0.2313725 0 0 0.0117647 0 0 0.145098 0 0 0.03529411 0 0 0.06666666 0 0 0.145098 0 0 0.06666666 0 0 0.227451 0 0 0.145098 0 0 0.06666666 0 0 0.06666666 0 0 0.145098 0 0 0.0117647 0 0 0.03529411 0 0 0.145098 0 0 0.4 0 0 0.2313725 0 0 0.145098 0 0 0.227451 0 0 0.4 0 0 0.145098 0 0 0.2313725 0 0 0.0117647 0 0 0.145098 0 0 0.03529411 0 0 0.06666666 0 0 0.145098 0 0 0.06666666 0 0 0.227451 0 0 0.145098 0 0 0.06666666 0 0 0.06666666 0 0 0.145098 0 0 0.0117647 0 0 0.03529411 0 0 0.145098 0 0 0.4 0 0 0.2313725 0 0 0.145098 0 0 0.227451 0 0 0.4 0 0 0.145098 0 0 0.2313725 0 0 0.0117647 0 0 0.145098 0 0 0.03529411 0 0 0.06666666 0 0 0.145098 0 0 0.06666666 0 0 0.227451 0 0 0.145098 0 0 0.06666666 0 0 0.06666666 0 0 0.145098 0 0 0.0117647 0 0 0.03529411 0 0 0.145098 0 0 0.4 0 0 0.2313725 0 0 0.145098 0 0 0.227451 0 0 0.4 0 0 0.145098 0 0 0.2313725 0 0 0.0117647 0 0 0.145098 0 0 0.03529411 0 0 0.06666666 0 0 0.145098 0 0 0.06666666 0 0 0.227451 0 0 0.145098 0 0 0.06666666 0 0 0.06666666 0 0 0.145098 0 0 0.0117647 0 0 0.03529411 0 0 0.145098 0 0 0.4 0 0 0.2313725 0 0 0.145098 0 0 0.227451 0 0 0.4 0 0 0.145098 0 0 0.2313725 0 0 0.0117647 0 0 0.145098 0 0 0.03529411 0 0 0.06666666 0 0 0.145098 0 0 0.06666666 0 0 0.227451 0 0 0.145098 0 0 0.06666666 0 0 0.06666666 0 0 0.145098 0 0 0.0117647 0 0 0.03529411 0 0 0.145098 0 0 0.4 0 0 0.2313725 0 0 0.145098 0 0 0.227451 0 0 0.4 0 0 0.145098 0 0 0.2313725 0 0 0.0117647 0 0 0.145098 0 0 0.03529411 0 0 0.06666666 0 0 0.145098 0 0 0.06666666 0 0 0.227451 0 0 0.145098 0 0 0.06666666 0 0 0.06666666 0 0 0.145098 0 0 0.0117647 0 0 0.03529411 0 0 0.145098 0 0 0.4 0 0 0.2313725 0 0 0.145098 0 0 0.227451 0 0 0.4 0 0 0.145098 0 0 0.2313725 0 0 0.0117647 0 0 0.145098 0 0 0.03529411 0 0 0.06666666 0 0 0.145098 0 0 0.06666666 0 0 0.227451 0 0 0.145098 0 0 0.06666666 0 0 0.06666666 0 0 0.145098 0 0 0.0117647 0 0 0.03529411 0 0 0.145098 0 0 0.4 0 0 0.2313725 0 0 0.145098 0 0 0.227451 0 0 0.4 0 0 0.145098 0 0 0.2313725 0 0 0.0117647 0 0 0.145098 0 0 0.03529411 0 0 0.06666666 0 0 0.145098 0 0 0.06666666 0 0 0.227451 0 0 0.145098 0 0 0 0.4196078 0 0 0.4196078 0 0 0.4196078 0 0 0.4196078 0 0 0.4196078 0 0 0.4196078 0 0 0.4196078 0 0 0.4196078 0 0 0.4196078 0 0 0.4196078 0 0 0.4196078 0 0 0.4196078 0 0 0.4196078 0 0 0.4196078 0 0 0.4196078 0 0 0.4196078 0 0 0.4196078 0 0 0.4196078 0 0 0.4196078 0 0 0.4196078 0 0 0.4196078 0 0 0.4196078 0 0 0.4196078 0 0 0.4196078 0 0 0.4196078 0 0 0.4196078 0 0 0.4196078 0 0 0.4196078 0 0 0.4196078 0 0 0.4196078 0 0 0.4196078 0 0 0.4196078 0 0 0.4196078 0 0 0.4196078 0 0 0.4196078 0 0 0.4196078 0 0 0.4196078 0 0 0.4196078 0 0 0.4196078 0 0 0.4196078 0 0 0.4196078 0 0 0.4196078 0 0 0.4196078 0 0 0.4196078 0 0 0.4196078 0 0 0.4196078 0 0 0.4196078 0 0 0.4196078 0 0 0.4196078 0 0 0.4196078 0 0 0.4196078 0 0 0.4196078 0 0 0.4196078 0 0 0.4196078 0 0 0.4196078 0 0 0.4196078 0 0 0.4196078 0 0 0.4196078 0 0 0.4196078 0 0 0.4196078 0 0 0.4196078 0 0 0.4196078 0 0 0.4196078 0 0 0.4196078 0 0 0.4196078 0 0 0.4196078 0 0 0.4196078 0 0 0.4196078 0 0 0.4196078 0 0 0.4196078 0 0 0.4196078 0 0 0.4196078 0 0 0.4196078 0 0 0.4196078 0 0 0.4196078 0 0 0.4196078 0 0 0.4196078 0 0 0.4196078 0 0 0.4196078 0 0 0.4196078 0 0 0.4196078 0 0 0.4196078 0 0 0.4196078 0 0 0.4196078 0 0 0.4196078 0 0 0.4196078 0 0 0.4196078 0 0 0.4196078 0 0 0.4196078 0 0 0.4196078 0 0 0.4196078 0 0 0.4196078 0 0 0.4196078 0 0 0.4196078 0 0 0.4196078 0 0 0.4196078 0 0 0.4196078 0 0 0.4196078 0 0 0.4196078 0 0 0.4196078 0 0 0.4196078 0 0 0.4196078 0 0 0.4196078 0 0 0.4196078 0 0 0.4196078 0 0 0.4196078 0 0 0.4196078 0 0 0.4196078 0 0 0.4196078 0 0 0.4196078 0 0 0.4196078 0 0 0.4196078 0 0 0.4196078 0 0 0.4196078 0 0 0.4196078 0 0 0.4196078 0 0 0.4196078 0 0 0.4196078 0 0 0.4196078 0 0 0.4196078 0 0 0.4196078 0 0 0.4196078 0 0 0.4196078 0 0 0.4196078 0 0 0.4196078 0 0 0.4196078 0 0 0.4196078 0 0 0.4196078 0 0 0.4196078 0 0 0.4196078 0 0 0.4196078 0 0 0.4196078 0 0 0.4196078 0 0 0.4196078 0 0 0.4196078 0 0 0.4196078 0 0 0.4196078 0 0 0.4196078 0 0 0.4196078 0 0 0.4196078 0 0 0.4196078 0 0 0.4196078 0 0 0.4196078 0 0 0.4196078 0 0 0.4196078 0 0 0.4196078 0 0 0.4196078 0 0 0.4196078 0 0 0.4196078 0 0 0.4196078 0 0 0.4196078 0 0 0.4196078 0 0 0.4196078 0 0.06666666 0 0 0.06666666 0 0 0.145098 0 0 0.0117647 0 0 0.03529411 0 0 0.145098 0 0 0.4 0 0 0.2313725 0 0 0.145098 0 0 0.227451 0 0 0.4 0 0 0.145098 0 0 0.2313725 0 0 0.0117647 0 0 0.145098 0 0 0.03529411 0 0 0.06666666 0 0 0.145098 0 0 0.06666666 0 0 0.227451 0 0 0.145098 0 0 0.06666666 0 0 0.06666666 0 0 0.145098 0 0 0.0117647 0 0 0.03529411 0 0 0.145098 0 0 0.4 0 0 0.2313725 0 0 0.145098 0 0 0.227451 0 0 0.4 0 0 0.145098 0 0 0.2313725 0 0 0.0117647 0 0 0.145098 0 0 0.03529411 0 0 0.06666666 0 0 0.145098 0 0 0.06666666 0 0 0.227451 0 0 0.145098 0 0 0.06666666 0 0 0.145098 0 0 0.06666666 0 0 0.0117647 0 0 0.145098 0 0 0.03529411 0 0 0.4 0 0 0.145098 0 0 0.2313725 0 0 0.227451 0 0 0.145098 0 0 0.4 0 0 0.2313725 0 0 0.145098 0 0 0.0117647 0 0 0.03529411 0 0 0.145098 0 0 0.06666666 0 0 0.06666666 0 0 0.145098 0 0 0.227451 0 0 0.06666666 0 0 0.06666666 0 0 0.145098 0 0 0.0117647 0 0 0.03529411 0 0 0.145098 0 0 0.4 0 0 0.2313725 0 0 0.145098 0 0 0.227451 0 0 0.4 0 0 0.145098 0 0 0.2313725 0 0 0.0117647 0 0 0.145098 0 0 0.03529411 0 0 0.06666666 0 0 0.145098 0 0 0.06666666 0 0 0.227451 0 0 0.145098 0 0 0.06666666 0 0 0.06666666 0 0 0.145098 0 0 0.0117647 0 0 0.03529411 0 0 0.145098 0 0 0.4 0 0 0.2313725 0 0 0.145098 0 0 0.227451 0 0 0.4 0 0 0.145098 0 0 0.2313725 0 0 0.0117647 0 0 0.145098 0 0 0.03529411 0 0 0.06666666 0 0 0.145098 0 0 0.06666666 0 0 0.227451 0 0 0.145098 0 0 0.06666666 0 0 0.06666666 0 0 0.145098 0 0 0.0117647 0 0 0.03529411 0 0 0.145098 0 0 0.4 0 0 0.2313725 0 0 0.145098 0 0 0.227451 0 0 0.4 0 0 0.145098 0 0 0.2313725 0 0 0.0117647 0 0 0.145098 0 0 0.03529411 0 0 0.06666666 0 0 0.145098 0 0 0.06666666 0 0 0.227451 0 0 0.145098 0 0 0 0.4196078 0 0 0.4196078 0 0 0.4196078 0 0 0.4196078 0 0 0.4196078 0 0 0.4196078 0 0 0.4196078 0 0 0.4196078 0 0 0.4196078 0 0 0.4196078 0 0 0.4196078 0 0 0.4196078 0 0 0.4196078 0 0 0.4196078 0 0 0.4196078 0 0 0.4196078 0 0 0.4196078 0 0 0.4196078 0 0 0.4196078 0 0 0.4196078 0 0 0.4196078 0 0 0.4196078 0 0 0.4196078 0 0 0.4196078 0 0 0.4196078 0 0 0.4196078 0 0 0.4196078 0 0 0.4196078 0 0 0.4196078 0 0 0.4196078 0 0 0.4196078 0 0 0.4196078 0 0 0.4196078 0 0 0.4196078 0 0 0.4196078 0 0 0.4196078 0 0 0.4196078 0 0 0.4196078 0 0 0.4196078 0 0 0.4196078 0 0 0.4196078 0 0 0.4196078 0 0 0.4196078 0 0 0.4196078 0 0 0.4196078 0 0 0.4196078 0 0 0.4196078 0 0 0.4196078 0 0 0.4196078 0 0 0.4196078 0 0 0.4196078 0 0 0.4196078 0 0 0.4196078 0 0 0.4196078 0 0 0.4196078 0 0 0.4196078 0 0 0.4196078 0 0 0.4196078 0 0 0.4196078 0 0 0.4196078 0 0 0.4196078 0 0 0.4196078 0 0 0.4196078 0 0 0.4196078 0 0 0.4196078 0 0 0.4196078 0 0 0.4196078 0 0 0.4196078 0 0 0.4196078 0 0 0.4196078 0 0 0.4196078 0 0 0.4196078 0 0 0.4196078 0 0 0.4196078 0 0 0.4196078 0 0 0.4196078 0 0 0.4196078 0 0 0.4196078 0 0 0.4196078 0 0 0.4196078 0 0 0.4196078 0 0 0.4196078 0 0 0.4196078 0 0 0.4196078 0 0 0.4196078 0 0 0.4196078 0 0 0.4196078 0 0 0.4196078 0 0 0.4196078 0 0 0.4196078 0 0 0.4196078 0 0 0.4196078 0 0 0.4196078 0 0 0.4196078 0 0 0.4196078 0 0 0.4196078 0 0 0.4196078 0 0 0.4196078 0 0 0.4196078 0 0 0.4196078 0 0 0.4196078 0 0 0.4196078 0 0 0.4196078 0 0 0.4196078 0 0 0.4196078 0 0 0.4196078 0 0 0.4196078 0 0 0.4196078 0 0 0.4196078 0 0 0.4196078 0 0 0.4196078 0 0 0.4196078 0 0 0.4196078 0 0 0.4196078 0 0 0.4196078 0 0 0.4196078 0 0 0.4196078 0 0 0.4196078 0 0 0.4196078 0 0 0.4196078 0 0 0.4196078 0 0 0.4196078 0 0 0.4196078 0 0 0.4196078 0 0 0.4196078 0 0 0.4196078 0 0 0.4196078 0 0 0.4196078 0 0 0.4196078 0 0 0.4196078 0 0 0.4196078 0 0 0.4196078 0 0 0.4196078 0 0 0.4196078 0 0 0.4196078 0 0 0.4196078 0 0 0.4196078 0 0 0.4196078 0 0 0.4196078 0 0 0.4196078 0 0 0.4196078 0 0 0.4196078 0 0 0.4196078 0 0 0.4196078 0 0 0.4196078 0 0 0.4196078 0 0 0.4196078 0 0 0.4196078 0 0 0.4196078 0 0 0.4196078 0 0 0.4196078 0 0 0.4196078 0 0 0.4196078 0 0 0.4196078 0 0 0.4196078 0 0 0.4196078 0 0 0.4156863 0 0 0.4196078 0 0 0.4156863 0 0 0.4196078 0 0 0.4196078 0 0 0.4196078 0 0 0.4196078 0 0 0.4196078 0 0 0.4196078 0 0 0.4196078 0 0 0.4196078 0 0 0.4196078 0 0 0.4196078 0 0 0.4196078 0 0 0.4196078 0 0 0.4196078 0 0 0.4196078 0 0 0.4196078 0 0 0.4196078 0 0 0.4196078 0 0 0.4196078 0 0 0.4196078 0 0 0.4196078 0 0 0.4196078 0 0 0.4196078 0 0 0.4196078 0 0 0.4196078 0 0 0.4196078 0 0 0.4196078 0 0 0.4196078 0 0 0.4196078 0 0 0.4196078 0 0 0.4196078 0 0 0.4196078 0 0 0.4196078 0 0 0.4196078 0 0 0.4196078 0 0 0.4196078 0 0 0.4196078 0 0 0.4196078 0 0 0.4196078 0 0 0.4156863 0 0 0.4156863 0 0 0.4196078 0 0 0.4156863 0 0 0.4196078 0 0 0.4196078 0 0 0.4156863 0 0 0.4196078 0 0 0.4196078 0 0 0.4196078 0 0 0.4196078 0 0 0.4196078 0 0 0.4156863 0 0 0.4156863 0 0 0.4156863 0 0 0.4156863 0 0 0.4196078 0 0 0.4196078 0 0 0.4196078 0 0 0.4196078 0 0 0.4196078 0 0 0.4196078 0 0 0.4196078 0 0 0.4196078 0 0 0.4196078 0 0 0.4196078 0 0 0.4196078 0 0 0.4196078 0 0 0.4196078 0 0 0.4196078 0 0 0.4196078 0 0 0.4196078 0 0 0.4196078 0 0 0.4196078 0 0 0.4196078 0 0 0.4196078 0 0 0.4196078 0 0 0.4196078 0 0 0.4196078 0 0 0.4196078 0 0 0.4196078 0 0 0.4196078 0 0 0.4196078 0 0 0.4196078 0 0 0.4196078 0 0 0.4196078 0 0 0.4196078 0 0 0.4196078 0 0 0.4196078 0 0 0.4196078 0 0 0.4196078 0 0 0.4196078 0 0 0.4196078 0 0 0.4196078 0 0 0.4196078 0 0 0.4196078 0 0 0.4196078 0 0 0.4196078 0 0 0.4196078 0 0 0.4196078 0 0 0.4196078 0 0 0.4196078 0 0 0.4196078 0 0 0.4196078 0 0 0.4196078 0 0 0.4196078 0 0 0.4196078 0 0 0.4196078 0 0 0.4196078 0 0 0.4196078 0 0 0.4196078 0 0 0.4196078 0 0 0.4196078 0 0 0.4196078 0 0 0.4196078 0 0 0.4196078 0 0 0.4196078 0 0 0.4196078 0 0 0.4196078 0 0 0.4196078 0 0 0.4196078 0 0 0.4196078 0 0 0.4196078 0 0 0.4196078 0 0 0.4196078 0 0.06666666 0 0 0.145098 0 0 0.06666666 0 0 0.0117647 0 0 0.145098 0 0 0.03529411 0 0 0.4 0 0 0.145098 0 0 0.2313725 0 0 0.227451 0 0 0.145098 0 0 0.4 0 0 0.2313725 0 0 0.145098 0 0 0.0117647 0 0 0.03529411 0 0 0.145098 0 0 0.06666666 0 0 0.06666666 0 0 0.145098 0 0 0.227451 0 0 0.06666666 0 0 0.145098 0 0 0.06666666 0 0 0.0117647 0 0 0.145098 0 0 0.03529411 0 0 0.4 0 0 0.145098 0 0 0.2313725 0 0 0.227451 0 0 0.145098 0 0 0.4 0 0 0.2313725 0 0 0.145098 0 0 0.0117647 0 0 0.03529411 0 0 0.145098 0 0 0.06666666 0 0 0.06666666 0 0 0.145098 0 0 0.227451 0 0 0 0.4196078 0 0 0.4196078 0 0 0.4196078 0 0.06666666 0 0 0.06666666 0 0 0.145098 0 0 0.0117647 0 0 0.03529411 0 0 0.145098 0 0 0.4 0 0 0.2313725 0 0 0.145098 0 0 0.227451 0 0 0.4 0 0 0.145098 0 0 0.2313725 0 0 0.0117647 0 0 0.145098 0 0 0.03529411 0 0 0.06666666 0 0 0.145098 0 0 0.06666666 0 0 0.227451 0 0 0.145098 0 0 0.06666666 0 0 0.06666666 0 0 0.145098 0 0 0.0117647 0 0 0.03529411 0 0 0.145098 0 0 0.4 0 0 0.2313725 0 0 0.145098 0 0 0.227451 0 0 0.4 0 0 0.145098 0 0 0.2313725 0 0 0.0117647 0 0 0.145098 0 0 0.03529411 0 0 0.06666666 0 0 0.145098 0 0 0.06666666 0 0 0.227451 0 0 0.145098 0 0 0.06666666 0 0 0.06666666 0 0 0.145098 0 0 0.0117647 0 0 0.03529411 0 0 0.145098 0 0 0.4 0 0 0.2313725 0 0 0.145098 0 0 0.227451 0 0 0.4 0 0 0.145098 0 0 0.2313725 0 0 0.0117647 0 0 0.145098 0 0 0.03529411 0 0 0.06666666 0 0 0.145098 0 0 0.06666666 0 0 0.227451 0 0 0.145098 0 0 0.06666666 0 0 0.06666666 0 0 0.145098 0 0 0.0117647 0 0 0.03529411 0 0 0.145098 0 0 0.4 0 0 0.2313725 0 0 0.145098 0 0 0.227451 0 0 0.4 0 0 0.145098 0 0 0.2313725 0 0 0.0117647 0 0 0.145098 0 0 0.03529411 0 0 0.06666666 0 0 0.145098 0 0 0.06666666 0 0 0.227451 0 0 0.145098 0 0 0 0 0 0 0 0 0 0 0 0 0 0 0 0 0 0 0 0 0 0 0 0 0 0 0 0 0 0 0 0 0 0 0 0 0 0 0 0 0 0 0 0 0 0 0 0 0 0 0 0 0 0 0 0 0 0 0 0 0 0 0 0 0 0 0 0 0 0 0 0 0 0 0 0 0 0 0 0 0 0 0 0 0 0 0 0 0 0 0 0 0 0 0 0 0 0 0 0 0 0 0 0 0 0 0 0 0 0 0 0 0 0 0 0 0 0 0 0 0 0 0 0 0 0 0 0 0 0 0 0 0 0 0 0 0 0 0 0 0 0 0 0 0 0 0 0 0 0 0 0 0 0 0 0 0 0 0 0 0 0 0 0 0 0 0 0 0 0 0 0 0 0 0 0 0 0 0 0 0 0 0 0 0 0 0 0 0 0 0 0 0 0 0 0 0 0 0 0 0 0 0 0 0 0 0 0 0 0 0 0 0 0 0 0 0 0 0 0 0 0 0 0 0 0 0 0 0 0 0 0 0 0 0 0 0 0 0 0 0 0 0 0 0 0 0 0 0 0 0 0 0 0 0 0 0 0 0 0 0 0 0 0 0 0 0 0 0 0 0 0 0 0 0 0 0 0 0 0 0 0 0 0 0 0 0 0 0 0 0 0 0 0 0 0 0 0 0 0 0 0 0 0 0 0 0 0 0 0 0 0 0 0 0 0 0 0 0 0 0 0 0 0 0 0 0 0 0 0 0 0 0 0 0 0 0 0 0 0 0 0 0 0 0 0 0 0 0 0 0 0 0 0 0 0 0 0 0 0 0 0 0 0 0 0 0 0 0 0 0 0 0 0 0 0 0 0 0 0 0 0 0 0 0 0 0 0 0 0 0 0 0 0 0 0 0 0 0 0 0 0 0 0 0 0 0 0 0 0 0 0 0 0 0 0 0 0 0 0 0 0 0 0 0 0 0 0 0 0 0 0 0 0 0 0 0 0 0 0 0 0 0 0 0 0 0 0 0 0 0 0 0 0 0 0 0 0 0 0 0 0 0 0 0 0 0 0 0 0 0 0 0 0 0 0 0 0 0 0 0 0 0 0 0 0 0 0 0 0 0 0 0 0 0 0 0 0 0 0 0 0 0 0 0 0 0 0 0 0 0 0 0 0 0 0 0 0 0 0 0 0 0 0 0 0 0 0 0 0 0 0 0 0 0 0 0 0 0 0 0 0 0 0 0 0 0 0 0 0 0 0 0 0 0 0 0 0 0 0 0 0 0 0 0 0 0 0 0 0 0 0 0 0 0 0 0 0 0 0 0 0 0 0 0 0 0 0 0 0 0 0 0 0 0 0 0 0 0 0 0 0 0 0 0 0 0 0 0 0 0 0 0 0 0 0 0 0 0 0 0 0 0 0 0 0 0 0 0 0 0 0 0 0 0 0 0 0 0 0 0 0 0 0 0 0 0 0 0 0 0 0 0 0 0 0 0 0 0 0 0 0 0 0 0 0 0 0 0 0 0 0 0 0 0 0 0 0 0 0 0 0 0 0 0 0 0 0 0 0 0 0 0 0 0 0 0 0 0 0 0 0 0 0 0 0 0 0 0 0 0 0 0 0 0 0 0 0 0 0 0 0 0 0 0 0 0 0 0 0 0 0 0 0 0 0 0 0 0 0 0 0 0 0 0 0 0 0 0 0 0 0 0 0 0 0 0 0 0 0 0 0 0 0 0 0 0 0 0 0 0 0 0 0 0 0 0 0 0 0 0 0 0 0 0 0 0 0 0 0 0 0 0 0 0 0 0 0 0 0 0 0 0 0 0 0 0 0 0 0 0 0 0 0 0 0 0 0 0 0 0 0 0 0 0 0 0 0 0 0 0 0 0 0 0 0 0 0 0 0 0 0 0 0 0 0 0 0 0 0 0 0 0 0 0 0 0 0 0 0 0 0 0 0 0 0 0 0 0 0 0 0 0 0 0 0 0 0 0 0 0 0 0 0 0 0 0 0 0 0 0 0 0 0 0 0 0 0 0 0 0 0 0 0 0 0 0 0 0 0 0 0 0 0 0 0 0 0 0 0 0 0 0 0 0 0 0 0 0 0 0 0 0 0 0 0 0 0 0 0 0 0 0 0 0 0 0 0 0 0 0 0 0 0 0 0 0 0 0 0 0 0 0 0 0 0 0 0 0 0 0 0 0 0 0 0 0 0 0 0 0 0 0 0 0 0 0 0 0 0 0 0 0 0 0 0 0 0 0 0 0 0 0 0 0 0 0 0 0 0 0 0 0 0 0 0 0 0 0 0 0 0 0 0 0 0 0 0 0 0 0 0 0 0 0 0 0 0 0 0 0 0 0 0 0 0 0 0 0 0 0 0 0 0 0 0 0 0 0 0 0 0 0 0 0 0 0 0 0 0 0 0 0 0 0 0 0 0 0 0 0 0 0 0 0 0 0 0 0 0 0 0 0 0 0 0 0 0 0 0 0 0 0 0 0 0 0 0 0 0 0 0 0 0 0 0 0 0 0 0 0 0 0 0 0 0 0 0 0 0 0 0 0 0 0 0 0 0 0 0 0 0 0 0 0 0 0 0 0 0 0 0 0 0 0 0 0 0 0 0 0 0 0 0 0 0 0 0 0 0 0 0 0 0 0 0 0 0 0 0 0 0 0 0 0 0 0 0 0 0 0 0 0 0 0 0 0 0 0 0 0 0 0 0 0 0 0 0 0 0 0 0 0 0 0 0 0 0 0 0 0 0 0 0 0 0 0 0 0 0 0 0 0 0 0 0 0 0 0 0 0 0 0 0 0 0 0 0 0 0 0 0 0 0 0 0 0 0 0 0 0 0 0 0 0 0 0 0 0 0 0 0 0 0 0 0 0 0 0 0 0 0 0 0 0 0 0 0 0 0 0 0 0 0 0 0 0 0 0 0 0 0 0 0 0 0 0 0 0 0 0 0 0 0 0 0 0 0 0 0 0 0 0 0 0 0 0 0 0 0 0 0 0 0 0 0 0 0 0 0 0 0 0 0 0 0 0 0 0 0 0 0 0 0 0 0 0 0 0 0 0 0 0 0 0 0 0 0 0 0 0 0 0 0 0 0 0 0 0 0 0 0 0 0 0 0 0 0 0 0 0 0 0 0 0 0 0 0 0 0 0 0 0 0 0 0 0 0 0 0 0 0 0 0 0 0 0 0 0 0 0 0 0 0 0 0 0 0 0 0 0 0 0 0 0 0 0 0 0 0 0 0 0 0 0 0 0 0 0 0 0 0 0 0 0 0 0 0 0 0 0 0 0 0 0 0 0 0 0 0 0 0 0 0 0 0 0 0 0 0 0 0 0 0 0 0 0 0 0 0 0 0 0 0 0 0 0 0 0 0 0 0 0 0 0 0 0 0 0 0 0 0 0 0 0 0 0 0 0 0 0 0 0 0 0 0 0 0 0 0 0 0 0 0 0 0 0 0 0 0 0 0 0 0 0 0 0 0 0 0 0 0 0 0 0 0 0 0 0 0 0 0 0 0 0 0 0 0 0 0 0 0 0 0 0 0 0 0 0 0 0 0 0 0 0 0 0 0 0 0 0 0 0 0 0 0 0 0 0 0 0 0 0 0 0 0 0 0 0 0 0 0 0 0 0 0 0 0 0 0 0 0 0 0 0 0 0 0 0 0 0 0 0 0 0 0 0 0 0 0 0 0 0 0 0 0 0 0 0 0 0 0 0 0 0 0 0 0 0 0 0 0 0 0 0 0 0 0 0 0 0 0 0 0 0 0 0 0 0 0 0 0 0 0 0 0 0 0 0 0 0 0 0 0 0 0 0 0 0 0 0 0 0 0 0 0 0 0 0 0 0 0 0 0 0 0 0 0 0 0 0 0 0 0 0 0 0 0 0 0 0 0 0 0 0 0 0 0 0 0 0 0 0 0 0 0 0 0 0 0 0 0 0 0 0 0 0 0 0 0 0 0 0 0 0 0 0 0 0 0 0 0 0 0 0 0 0 0 0 0 0 0 0 0 0 0 0 0 0 0 0 0 0 0 0 0 0 0 0 0 0 0 0 0 0 0 0 0 0 0 0 0 0 0 0 0 0 0 0 0 0 0 0 0 0 0 0 0 0 0 0 0 0 0 0 0 0 0 0 0 0 0 0 0 0 0 0 0 0 0 0 0 0 0 0 0 0 0 0 0 0 0 0 0 0 0 0 0 0 0 0 0 0 0 0 0 0 0 0 0 0 0 0 0 0 0 0 0 0 0 0 0 0 0 0 0 0 0 0 0 0 0 0 0 0 0 0 0 0 0 0 0 0 0 0 0 0 0 0 0 0 0 0 0 0 0 0 0 0 0 0 0 0 0 0 0 0 0 0 0 0 0 0 0 0 0 0 0 0 0 0 0 0 0 0 0 0 0 0 0 0 0 0 0 0 0 0 0 0 0 0 0 0 0 0 0 0 0 0 0 0 0 0 0 0 0 0 0 0 0 0 0 0 0 0 0 0 0 0 0 0 0 0 0 0 0 0 0 0 0 0 0 0 0 0 0 0 0 0 0 0 0 0 0 0 0 0 0 0 0 0 0 0 0 0 0 0 0 0 0 0 0 0 0 0 0 0 0 0 0 0 0 0 0 0 0 0 0 0 0 0 0 0 0 0 0 0 0 0 0 0 0 0 0 0 0 0 0 0 0 0 0 0 0 0 0 0 0 0 0 0 0 0 0 0 0 0 0 0 0 0 0 0 0 0 0 0 0 0 0 0 0 0 0 0 0 0 0 0 0 0 0 0 0 0 0 0 0 0 0 0 0 0 0 0 0 0 0 0 0 0 0 0 0 0 0 0 0 0 0 0 0 0 0 0 0 0 0 0 0 0 0 0 0 0 0 0 0 0 0 0 0 0 0 0 0 0 0 0 0 0 0 0 0 0 0 0 0 0 0 0 0 0 0 0 0 0 0 0 0 0 0 0 0 0 0 0 0 0 0 0 0 0 0 0 0 0 0 0 0 0 0 0 0 0 0 0 0 0 0 0 0 0 0 0 0 0 0 0 0 0 0 0 0 0 0 0 0 0 0 0 0 0 0 0 0 0 0 0 0 0 0 0 0 0 0 0 0 0 0 0 0 0 0 0 0 0 0 0 0 0 0 0 0 0 0 0 0 0 0 0 0 0 0 0 0 0 0 0 0 0 0 0 0 0 0 0 0 0 0 0 0 0 0 0 0 0 0 0 0 0 0 0 0 0 0 0 0 0 0 0 0 0 0 0 0 0 0 0 0 0 0 0 0 0 0 0 0 0 0 0 0 0 0 0 0 0 0 0 0 0 0 0 0 0 0 0 0 0 0 0 0 0 0 0 0 0 0 0 0 0 0 0 0 0 0 0 0 0 0 0 0 0 0 0 0 0 0 0 0 0 0 0 0 0 0 0 0 0 0 0 0 0 0 0 0 0 0 0 0 0 0 0 0 0 0 0 0 0 0 0 0 0 0 0 0 0 0 0 0 0 0 0 0 0 0 0 0 0 0 0 0 0 0 0 0 0 0 0 0 0 0 0 0 0 0 0 0 0 0 0 0 0 0 0 0 0 0 0 0 0 0 0 0 0 0 0 0 0 0 0 0 0 0 0 0 0 0 0 0 0 0 0 0 0 0 0 0 0 0 0 0 0 0 0 0 0 0 0 0 0 0 0 0 0 0 0 0 0 0 0 0 0 0 0 0 0 0 0 0 0 0 0 0 0 0 0 0 0 0 0 0 0 0 0 0 0 0 0 0 0 0 0 0 0 0 0 0 0 0 0 0 0 0 0 0 0 0 0 0 0 0 0 0 0 0 0 0 0 0 0 0 0 0 0 0 0 0 0 0 0 0 0 0 0 0 0 0 0 0 0 0 0 0 0 0 0 0 0 0 0 0 0 0 0 0 0 0 0 0 0 0 0 0 0 0 0 0 0 0 0 0 0 0 0 0 0 0 0 0 0 0 0 0 0 0 0 0 0 0 0 0 0 0 0 0 0 0 0 0 0 0 0 0 0 0 0 0 0 0 0 0 0 0 0 0 0 0 0 0 0 0 0 0 0 0 0 0 0 0 0 0 0 0 0 0 0 0 0 0 0 0 0 0 0 0 0 0 0 0 0 0 0 0 0 0 0 0 0 0 0 0 0 0 0 0 0 0 0 0 0 0 0 0 0 0 0 0 0 0 0 0 0 0 0 0 0 0 0 0 0 0 0 0 0 0 0 0 0 0 0 0 0 0 0 0 0 0 0 0 0 0 0 0 0 0 0 0 0 0 0 0 0 0 0 0 0 0 0 0 0 0 0 0 0 0 0 0 0 0 0 0 0 0 0 0 0 0 0 0 0 0 0 0 0 0 0 0 0 0 0 0 0 0 0 0 0 0 0 0 0 0 0 0 0 0 0 0 0 0 0 0 0 0 0 0 0 0 0 0 0 0 0 0 0 0 0 0 0 0 0 0 0 0 0 0 0 0 0 0 0 0 0 0 0 0 0 0 0 0 0 0 0 0 0 0 0 0 0 0 0 0 0 0 0 0 0 0 0 0 0 0 0 0 0 0 0 0 0 0 0 0 0 0 0 0 0 0 0 0 0 0 0 0 0 0 0 0 0 0 0 0 0 0 0 0 0 0 0 0 0 0 0 0 0 0 0 0 0 0 0 0 0 0 0 0 0 0 0 0 0 0 0 0 0 0 0 0 0 0 0 0 0 0 0 0 0 0 0 0 0 0 0 0 0 0 0 0 0 0 0 0 0 0 0 0 0 0 0 0 0 0 0 0 0 0 0 0 0 0 0 0 0 0 0 0 0 0 0 0 0 0 0 0 0 0 0 0 0 0 0 0 0 0 0 0 0 0 0 0 0 0 0 0 0 0 0 0 0 0 0 0 0 0 0 0 0 0 0 0 0 0 0 0 0 0 0 0 0 0 0 0 0 0 0 0 0 0 0 0 0 0 0 0 0 0 0 0 0 0 0 0 0 0 0 0 0 0 0 0 0 0 0 0 0 0 0 0 0 0 0 0 0 0 0 0 0 0 0 0 0 0 0 0 0 0 0 0 0 0 0 0 0 0 0 0 0 0 0 0 0 0 0 0 0 0 0 0 0 0 0 0 0 0 0 0 0 0 0 0 0 0 0 0 0 0 0 0 0 0 0 0 0 0 0 0 0 0 0 0 0 0 0 0 0 0 0 0 0 0 0 0 0 0 0 0 0 0 0 0 0 0 0 0 0 0 0 0 0 0 0 0 0 0 0 0 0 0 0 0 0 0 0 0 0 0 0 0 0 0 0 0 0 0 0 0 0 0 0 0 0 0 0 0 0 0 0 0 0 0 0 0 0 0 0 0 0 0 0 0 0 0 0 0 0 0 0 0 0 0 0 0 0 0 0 0 0 0 0 0 0 0 0 0 0 0 0 0 0 0 0 0 0 0 0 0 0 0 0 0 0 0 0 0 0 0 0 0 0 0 0 0 0 0 0 0 0 0 0 0 0 0 0 0 0 0 0 0 0 0 0 0 0 0 0 0 0 0 0 0 0 0 0 0 0 0 0 0 0 0 0 0 0 0 0 0 0 0 0 0 0 0 0 0 0 0 0 0 0 0 0 0 0 0 0 0 0 0 0 0 0 0 0 0 0 0 0 0 0 0 0 0 0 0 0 0 0 0 0 0 0 0 0 0 0 0 0 0 0 0 0 0 0 0 0 0 0 0 0 0 0 0 0 0 0 0 0 0 0 0 0 0 0 0 0 0 0 0 0 0 0 0 0 0 0 0 0 0 0 0 0 0 0 0 0 0 0 0 0 0 0 0 0 0 0 0 0 0 0 0 0 0 0 0 0 0 0 0 0 0 0 0 0 0 0 0 0 0 0 0 0 0 0 0 0 0 0 0 0 0 0 0 0 0 0 0 0 0 0 0 0 0 0 0 0 0 0 0 0 0 0 0 0 0 0 0 0 0 0 0 0 0 0 0 0 0 0 0 0 0 0 0 0 0 0 0 0 0 0 0 0 0 0 0 0 0 0 0 0 0 0 0 0 0 0 0 0 0 0 0 0 0 0 0 0 0 0 0 0 0 0 0 0 0 0 0 0 0 0 0 0 0 0 0 0 0 0 0 0 0 0 0 0 0 0 0 0 0 0 0 0 0 0 0 0 0 0 0 0 0 0 0 0 0 0 0 0 0 0 0 0 0 0 0 0 0 0 0 0 0 0 0 0 0 0 0 0 0 0 0 0 0 0 0 0 0 0 0 0 0 0 0 0 0 0 0 0 0 0 0 0 0 0 0 0 0 0 0 0 0 0 0 0 0 0 0 0 0 0 0 0 0 0 0 0 0 0 0 0 0 0 0 0 0 0 0 0 0 0 0 0 0 0 0 0 0 0 0 0 0 0 0 0 0 0 0 0 0 0 0 0 0 0 0 0 0 0 0 0 0 0 0 0 0 0 0 0 0 0 0 0 0 0 0 0 0 0 0 0 0 0 0 0 0 0 0 0 0 0 0 0 0 0 0 0 0 0 0 0 0 0 0 0 0 0 0 0 0 0 0 0 0 0 0 0 0 0 0 0 0 0 0 0 0 0 0 0 0 0 0 0 0 0 0 0 0 0 0 0 0 0 0 0 0 0 0 0 0 0 0 0 0 0 0 0 0 0 0 0 0 0 0 0 0 0 0 0 0 0 0 0 0 0 0 0 0 0 0 0 0 0 0 0 0 0 0 0 0 0 0 0 0 0 0 0 0 0 0 0 0 0 0 0 0 0 0 0 0 0 0 0 0 0 0 0 0 0 0 0 0 0 0 0 0 0 0 0 0 0 0 0 0 0 0 0 0 0 0 0 0 0 0 0 0 0 0 0 0 0 0 0 0 0 0 0 0 0 0 0 0 0 0 0 0 0 0 0 0 0 0 0 0 0 0 0 0 0 0 0 0 0 0 0 0 0 0 0 0 0 0 0 0 0 0 0 0 0 0 0 0 0 0 0 0 0 0 0 0 0 0 0 0 0 0 0 0 0 0 0 0 0 0 0 0 0 0 0 0 0 0 0 0 0 0 0 0 0 0 0 0 0 0 0 0 0 0 0 0 0 0 0 0 0 0 0 0 0 0 0 0 0 0 0 0 0 0 0 0 0 0 0 0 0 0 0 0 0 0 0 0 0 0 0 0 0 0 0 0 0 0 0 0 0 0 0 0 0 0 0 0 0 0 0 0 0 0 0 0 0 0 0 0 0 0 0 0 0 0 0 0 0 0 0 0 0 0 0 0 0 0 0 0 0 0 0 0 0 0 0 0 0 0 0 0 0 0 0 0 0 0 0 0 0 0 0 0 0 0 0 0 0 0 0 0 0 0 0 0 0 0 0 0 0 0 0 0 0 0 0 0 0 0 0 0 0 0 0 0 0 0 0 0 0 0 0 0 0 0 0 0 0 0 0 0 0 0 0 0 0 0 0 0 0 0 0 0 0 0 0 0 0 0 0 0 0 0 0 0 0 0 0 0 0 0 0 0 0 0 0 0 0 0 0 0 0 0 0 0 0 0 0 0 0 0 0 0 0 0 0 0 0 0 0 0 0 0 0 0 0 0 0 0 0 0 0 0 0 0 0 0 0 0 0 0 0 0 0 0 0 0 0 0 0 0 0 0 0 0 0 0 0 0 0 0 0 0 0 0 0 0 0 0 0 0 0 0 0 0 0 0 0 0 0 0 0 0 0 0 0 0 0 0 0 0 0 0 0 0 0 0 0 0 0 0 0 0 0 0 0 0 0 0 0 0 0 0 0 0 0 0 0 0 0 0 0 0 0 0 0 0 0 0 0 0 0 0 0 0 0 0 0 0 0 0 0 0 0 0 0 0 0 0 0 0 0 0 0 0 0 0 0 0 0 0 0 0 0 0 0 0 0 0 0 0 0 0 0 0 0 0 0 0 0 0 0 0 0 0 0 0 0 0 0 0 0 0 0 0 0 0 0 0 0 0 0 0 0 0 0 0 0 0 0 0 0 0 0 0 0 0 0 0 0 0 0 0 0 0 0 0 0 0 0 0 0 0 0 0 0 0 0 0 0 0 0 0 0 0 0 0 0 0 0 0 0 0 0 0 0 0 0 0 0 0 0 0 0 0 0 0 0 0 0 0 0 0 0 0 0 0 0 0 0 0 0 0 0 0 0 0 0 0 0 0 0 0 0 0 0 0 0 0 0 0 0 0 0 0 0 0 0 0 0 0 0 0 0 0 0 0 0 0 0 0 0 0 0 0 0 0 0 0 0 0 0 0 0 0 0 0 0 0 0 0 0 0 0 0 0 0 0 0 0 0 0 0 0 0 0 0 0 0 0 0 0 0 0 0 0 0 0 0 0 0 0 0 0 0 0 0 0 0 0 0 0 0 0 0 0 0 0 0 0 0 0 0 0 0 0 0 0 0 0 0 0 0 0 0 0 0 0 0 0 0 0 0 0 0 0 0 0 0 0 0 0 0 0 0 0 0 0 0 0 0 0 0 0 0 0 0 0 0 0 0 0 0 0 0 0 0 0 0 0 0 0 0 0 0 0 0 0 0 0 0 0 0 0 0 0 0 0 0 0 0 0 0 0 0 0 0 0 0 0 0 0 0 0 0 0 0 0 0 0 0 0 0 0 0 0 0 0 0 0 0 0 0 0 0 0 0 0 0 0 0 0 0 0 0 0 0 0 0 0 0 0 0 0 0 0 0 0 0 0 0 0 0 0 0 0 0 0 0 0 0 0 0 0 0 0 0 0 0 0 0 0 0 0 0 0 0 0 0 0 0 0 0 0 0 0 0 0 0 0 0 0 0 0 0 0 0 0 0 0 0 0 0 0 0 0 0 0 0 0 0 0 0 0 0 0 0 0 0 0 0 0 0 0 0 0 0 0 0 0 0 0 0 0 0 0 0 0 0 0 0 0 0 0 0 0 0 0 0 0 0 0 0 0 0 0 0 0 0 0 0 0 0 0 0 0 0 0 0 0 0 0 0 0 0 0 0 0 0 0 0 0 0 0 0 0 0 0 0 0 0 0 0 0 0.06666666 0 0 0.145098 0 0 0.06666666 0 0 0.0117647 0 0 0.145098 0 0 0.03529411 0 0 0.4 0 0 0.145098 0 0 0.2313725 0 0 0.227451 0 0 0.145098 0 0 0.4 0 0 0.2313725 0 0 0.145098 0 0 0.0117647 0 0 0.03529411 0 0 0.145098 0 0 0.06666666 0 0 0.06666666 0 0 0.145098 0 0 0.227451 0 0 0.06666666 0 0 0.06666666 0 0 0.145098 0 0 0.0117647 0 0 0.03529411 0 0 0.145098 0 0 0.4 0 0 0.2313725 0 0 0.145098 0 0 0.227451 0 0 0.4 0 0 0.145098 0 0 0.2313725 0 0 0.0117647 0 0 0.145098 0 0 0.03529411 0 0 0.06666666 0 0 0.145098 0 0 0.06666666 0 0 0.227451 0 0 0.145098 0 0 0.06666666 0 0 0.145098 0 0 0.06666666 0 0 0.0117647 0 0 0.145098 0 0 0.03529411 0 0 0.4 0 0 0.145098 0 0 0.2313725 0 0 0.227451 0 0 0.145098 0 0 0.4 0 0 0.2313725 0 0 0.145098 0 0 0.0117647 0 0 0.03529411 0 0 0.145098 0 0 0.06666666 0 0 0.06666666 0 0 0.145098 0 0 0.227451 0 0 0.06666666 0 0 0.145098 0 0 0.06666666 0 0 0.0117647 0 0 0.145098 0 0 0.03529411 0 0 0.4 0 0 0.145098 0 0 0.2313725 0 0 0.227451 0 0 0.145098 0 0 0.4 0 0 0.2313725 0 0 0.145098 0 0 0.0117647 0 0 0.03529411 0 0 0.145098 0 0 0.06666666 0 0 0.06666666 0 0 0.145098 0 0 0.227451 0 0 0.06666666 0 0 0.145098 0 0 0.06666666 0 0 0.0117647 0 0 0.145098 0 0 0.03529411 0 0 0.4 0 0 0.145098 0 0 0.2313725 0 0 0.227451 0 0 0.145098 0 0 0.4 0 0 0.2313725 0 0 0.145098 0 0 0.0117647 0 0 0.03529411 0 0 0.145098 0 0 0.06666666 0 0 0.06666666 0 0 0.145098 0 0 0.227451 0 0 0.06666666 0 0 0.145098 0 0 0.06666666 0 0 0.0117647 0 0 0.145098 0 0 0.03529411 0 0 0.4 0 0 0.145098 0 0 0.2313725 0 0 0.227451 0 0 0.145098 0 0 0.4 0 0 0.2313725 0 0 0.145098 0 0 0.0117647 0 0 0.03529411 0 0 0.145098 0 0 0.06666666 0 0 0.06666666 0 0 0.145098 0 0 0.227451 0 0 0.06666666 0 0 0.145098 0 0 0.06666666 0 0 0.0117647 0 0 0.145098 0 0 0.03529411 0 0 0.4 0 0 0.145098 0 0 0.2313725 0 0 0.227451 0 0 0.145098 0 0 0.4 0 0 0.2313725 0 0 0.145098 0 0 0.0117647 0 0 0.03529411 0 0 0.145098 0 0 0.06666666 0 0 0.06666666 0 0 0.145098 0 0 0.227451 0 0 0.06666666 0 0 0.145098 0 0 0.06666666 0 0 0.0117647 0 0 0.145098 0 0 0.03529411 0 0 0.4 0 0 0.145098 0 0 0.2313725 0 0 0.227451 0 0 0.145098 0 0 0.4 0 0 0.2313725 0 0 0.145098 0 0 0.0117647 0 0 0.03529411 0 0 0.145098 0 0 0.06666666 0 0 0.06666666 0 0 0.145098 0 0 0.227451 0 0 0.06666666 0 0 0.145098 0 0 0.06666666 0 0 0.0117647 0 0 0.145098 0 0 0.03529411 0 0 0.4 0 0 0.145098 0 0 0.2313725 0 0 0.227451 0 0 0.145098 0 0 0.4 0 0 0.2313725 0 0 0.145098 0 0 0.0117647 0 0 0.03529411 0 0 0.145098 0 0 0.06666666 0 0 0.06666666 0 0 0.145098 0 0 0.227451 0 0 0.06666666 0 0 0.145098 0 0 0.06666666 0 0 0.0117647 0 0 0.145098 0 0 0.03529411 0 0 0.4 0 0 0.145098 0 0 0.2313725 0 0 0.227451 0 0 0.145098 0 0 0.4 0 0 0.2313725 0 0 0.145098 0 0 0.0117647 0 0 0.03529411 0 0 0.145098 0 0 0.06666666 0 0 0.06666666 0 0 0.145098 0 0 0.227451 0 0 0.06666666 0 0 0.145098 0 0 0.06666666 0 0 0.0117647 0 0 0.145098 0 0 0.03529411 0 0 0.4 0 0 0.145098 0 0 0.2313725 0 0 0.227451 0 0 0.145098 0 0 0.4 0 0 0.2313725 0 0 0.145098 0 0 0.0117647 0 0 0.03529411 0 0 0.145098 0 0 0.06666666 0 0 0.06666666 0 0 0.145098 0 0 0.227451 0 0 0.06666666 0 0 0.145098 0 0 0.06666666 0 0 0.0117647 0 0 0.145098 0 0 0.03529411 0 0 0.4 0 0 0.145098 0 0 0.2313725 0 0 0.227451 0 0 0.145098 0 0 0.4 0 0 0.2313725 0 0 0.145098 0 0 0.0117647 0 0 0.03529411 0 0 0.145098 0 0 0.06666666 0 0 0.06666666 0 0 0.145098 0 0 0.227451 0 0 0.06666666 0 0 0.145098 0 0 0.06666666 0 0 0.0117647 0 0 0.145098 0 0 0.03529411 0 0 0.4 0 0 0.145098 0 0 0.2313725 0 0 0.227451 0 0 0.145098 0 0 0.4 0 0 0.2313725 0 0 0.145098 0 0 0.0117647 0 0 0.03529411 0 0 0.145098 0 0 0.06666666 0 0 0.06666666 0 0 0.145098 0 0 0.227451 0 0 0.06666666 0 0 0.145098 0 0 0.06666666 0 0 0.0117647 0 0 0.145098 0 0 0.03529411 0 0 0.4 0 0 0.145098 0 0 0.2313725 0 0 0.227451 0 0 0.145098 0 0 0.4 0 0 0.2313725 0 0 0.145098 0 0 0.0117647 0 0 0.03529411 0 0 0.145098 0 0 0.06666666 0 0 0.06666666 0 0 0.145098 0 0 0.227451 0 0 0 0.4196078 0 0 0.4196078 0 0 0.4196078 0 0 0.4196078 0 0 0.4196078 0 0 0.4196078 0 0 0.4196078 0 0 0.4196078 0 0 0.4196078 0 0 0.4196078 0 0 0.4196078 0 0 0.4196078 0 0 0.4196078 0 0 0.4196078 0 0 0.4196078 0 0 0.4196078 0 0 0.4196078 0 0 0.4196078 0 0 0.4196078 0 0 0.4196078 0 0 0.4196078 0 0 0.4196078 0 0 0.4196078 0 0 0.4196078 0 0 0.4196078 0 0 0.4196078 0 0 0.4196078 0 0 0.4196078 0 0 0.4196078 0 0 0.4196078 0 0 0.4196078 0 0 0.4196078 0 0 0.4196078 0 0 0.4196078 0 0 0.4196078 0 0 0.4196078 0 0 0.4196078 0 0 0.4196078 0 0 0.4196078 0 0 0.4196078 0 0 0.4196078 0 0 0.4196078 0 0 0.4196078 0 0 0.4196078 0 0 0.4196078 0 0 0.4196078 0 0 0.4196078 0 0 0.4196078 0 0 0.4196078 0 0 0.4196078 0 0 0.4196078 0 0 0.4196078 0 0 0.4196078 0 0 0.4196078 0 0 0.4196078 0 0 0.4196078 0 0 0.4196078 0 0 0.4196078 0 0 0.4196078 0 0 0.4196078 0 0 0.4196078 0 0 0.4196078 0 0 0.4196078 0 0 0.4196078 0 0 0.4196078 0 0 0.4196078 0 0 0.4196078 0 0 0.4196078 0 0 0.4196078 0 0 0.4196078 0 0 0.4196078 0 0 0.4196078 0 0 0.4196078 0 0 0.4196078 0 0 0.4196078 0 0 0.4196078 0 0 0.4196078 0 0 0.4196078 0 0 0.4196078 0 0 0.4196078 0 0 0.4196078 0 0 0.4196078 0 0 0.4196078 0 0 0.4196078 0 0 0.4196078 0 0 0.4196078 0 0 0.4196078 0 0 0.4196078 0 0 0.4196078 0 0 0.4196078 0 0 0.4196078 0 0 0.4196078 0 0 0.4196078 0 0 0.4196078 0 0 0.4196078 0 0 0.4196078 0 0 0.4196078 0 0 0.4196078 0 0 0.4196078 0 0 0.4196078 0 0 0.4196078 0 0 0.4196078 0 0 0.4196078 0 0 0.4196078 0 0 0.4196078 0 0 0.4196078 0 0 0.4196078 0 0 0.4196078 0 0 0.4196078 0 0 0.4196078 0 0 0.4196078 0 0 0.4196078 0 0 0.4196078 0 0 0.4196078 0 0 0.4196078 0 0 0.4196078 0 0 0.4196078 0 0 0.4196078 0 0 0.4196078 0 0 0.4196078 0 0 0.4196078 0 0 0.4196078 0 0 0.4196078 0 0 0.4196078 0 0 0.4196078 0 0 0.4196078 0 0 0.4196078 0 0 0.4196078 0 0 0.4196078 0 0 0.4196078 0 0 0.4196078 0 0 0.4196078 0 0 0.4196078 0 0 0.4196078 0 0 0.4196078 0 0 0.4196078 0 0 0.4196078 0 0 0.4196078 0 0 0.4196078 0 0 0.4196078 0 0 0.4196078 0 0 0.4196078 0 0 0.4196078 0 0 0.4196078 0 0 0.4196078 0 0 0.4196078 0 0 0.4196078 0 0 0.4196078 0 0 0.4196078 0 0 0.4196078 0 0 0.4196078 0 0 0.4196078 0 0 0.4196078 0 0.06666666 0 0 0.145098 0 0 0.06666666 0 0 0.0117647 0 0 0.145098 0 0 0.03529411 0 0 0.4 0 0 0.145098 0 0 0.2313725 0 0 0.227451 0 0 0.145098 0 0 0.4 0 0 0.2313725 0 0 0.145098 0 0 0.0117647 0 0 0.03529411 0 0 0.145098 0 0 0.06666666 0 0 0.06666666 0 0 0.145098 0 0 0.227451 0 0 0.06666666 0 0 0.145098 0 0 0.06666666 0 0 0.0117647 0 0 0.145098 0 0 0.03529411 0 0 0.4 0 0 0.145098 0 0 0.2313725 0 0 0.227451 0 0 0.145098 0 0 0.4 0 0 0.2313725 0 0 0.145098 0 0 0.0117647 0 0 0.03529411 0 0 0.145098 0 0 0.06666666 0 0 0.06666666 0 0 0.145098 0 0 0.227451 0 0 0.06666666 0 0 0.06666666 0 0 0.145098 0 0 0.0117647 0 0 0.03529411 0 0 0.145098 0 0 0.4 0 0 0.2313725 0 0 0.145098 0 0 0.227451 0 0 0.4 0 0 0.145098 0 0 0.2313725 0 0 0.0117647 0 0 0.145098 0 0 0.03529411 0 0 0.06666666 0 0 0.145098 0 0 0.06666666 0 0 0.227451 0 0 0.145098 0 0 0.06666666 0 0 0.145098 0 0 0.06666666 0 0 0.0117647 0 0 0.145098 0 0 0.03529411 0 0 0.4 0 0 0.145098 0 0 0.2313725 0 0 0.227451 0 0 0.145098 0 0 0.4 0 0 0.2313725 0 0 0.145098 0 0 0.0117647 0 0 0.03529411 0 0 0.145098 0 0 0.06666666 0 0 0.06666666 0 0 0.145098 0 0 0.227451 0 0 0.06666666 0 0 0.145098 0 0 0.06666666 0 0 0.0117647 0 0 0.145098 0 0 0.03529411 0 0 0.4 0 0 0.145098 0 0 0.2313725 0 0 0.227451 0 0 0.145098 0 0 0.4 0 0 0.2313725 0 0 0.145098 0 0 0.0117647 0 0 0.03529411 0 0 0.145098 0 0 0.06666666 0 0 0.06666666 0 0 0.145098 0 0 0.227451 0 0 0.06666666 0 0 0.145098 0 0 0.06666666 0 0 0.0117647 0 0 0.145098 0 0 0.03529411 0 0 0.4 0 0 0.145098 0 0 0.2313725 0 0 0.227451 0 0 0.145098 0 0 0.4 0 0 0.2313725 0 0 0.145098 0 0 0.0117647 0 0 0.03529411 0 0 0.145098 0 0 0.06666666 0 0 0.06666666 0 0 0.145098 0 0 0.227451 0 0 0 0.4196078 0 0 0.4196078 0 0 0.4196078 0 0 0.4196078 0 0 0.4196078 0 0 0.4196078 0 0 0.4196078 0 0 0.4196078 0 0 0.4196078 0 0 0.4196078 0 0 0.4196078 0 0 0.4196078 0 0 0.4196078 0 0 0.4196078 0 0 0.4196078 0 0 0.4196078 0 0 0.4196078 0 0 0.4196078 0 0 0.4196078 0 0 0.4196078 0 0 0.4196078 0 0 0.4196078 0 0 0.4196078 0 0 0.4196078 0 0 0.4196078 0 0 0.4196078 0 0 0.4196078 0 0 0.4196078 0 0 0.4196078 0 0 0.4196078 0 0 0.4196078 0 0 0.4196078 0 0 0.4196078 0 0 0.4196078 0 0 0.4196078 0 0 0.4196078 0 0 0.4196078 0 0 0.4196078 0 0 0.4196078 0 0 0.4196078 0 0 0.4196078 0 0 0.4196078 0 0 0.4196078 0 0 0.4196078 0 0 0.4196078 0 0 0.4196078 0 0 0.4196078 0 0 0.4196078 0 0 0.4196078 0 0 0.4196078 0 0 0.4196078 0 0 0.4196078 0 0 0.4196078 0 0 0.4196078 0 0 0.4196078 0 0 0.4196078 0 0 0.4196078 0 0 0.4196078 0 0 0.4196078 0 0 0.4196078 0 0 0.4196078 0 0 0.4196078 0 0 0.4196078 0 0 0.4196078 0 0 0.4196078 0 0 0.4196078 0 0 0.4196078 0 0 0.4196078 0 0 0.4196078 0 0 0.4196078 0 0 0.4196078 0 0 0.4196078 0 0 0.4196078 0 0 0.4196078 0 0 0.4196078 0 0 0.4196078 0 0 0.4196078 0 0 0.4196078 0 0 0.4196078 0 0 0.4196078 0 0 0.4196078 0 0 0.4196078 0 0 0.4196078 0 0 0.4196078 0 0 0.4196078 0 0 0.4196078 0 0 0.4196078 0 0 0.4196078 0 0 0.4196078 0 0 0.4196078 0 0 0.4196078 0 0 0.4196078 0 0 0.4196078 0 0 0.4196078 0 0 0.4196078 0 0 0.4196078 0 0 0.4196078 0 0 0.4196078 0 0 0.4196078 0 0 0.4196078 0 0 0.4196078 0 0 0.4196078 0 0 0.4196078 0 0 0.4196078 0 0 0.4196078 0 0 0.4196078 0 0 0.4196078 0 0 0.4196078 0 0 0.4196078 0 0 0.4196078 0 0 0.4196078 0 0 0.4196078 0 0 0.4196078 0 0 0.4196078 0 0 0.4196078 0 0 0.4196078 0 0 0.4196078 0 0 0.4196078 0 0 0.4196078 0 0 0.4196078 0 0 0.4196078 0 0 0.4196078 0 0 0.4196078 0 0 0.4196078 0 0 0.4196078 0 0 0.4196078 0 0 0.4196078 0 0 0.4196078 0 0 0.4196078 0 0 0.4196078 0 0 0.4196078 0 0 0.4196078 0 0 0.4196078 0 0 0.4196078 0 0 0.4196078 0 0 0.4196078 0 0 0.4196078 0 0 0.4196078 0 0 0.4196078 0 0 0.4196078 0 0 0.4196078 0 0 0.4196078 0 0 0.4196078 0 0 0.4196078 0 0 0.4196078 0 0 0.4196078 0 0 0.4196078 0 0 0.4196078 0 0 0.4196078 0 0 0.4196078 0 0 0.4196078 0 0 0.4196078 0 0 0.4196078 0 0 0.4196078 0 0 0.4196078 0 0 0.4196078 0 0 0.4156863 0 0 0.4156863 0 0 0.4196078 0 0 0.4196078 0 0 0.4196078 0 0 0.4196078 0 0 0.4196078 0 0 0.4196078 0 0 0.4196078 0 0 0.4196078 0 0 0.4196078 0 0 0.4196078 0 0 0.4196078 0 0 0.4196078 0 0 0.4196078 0 0 0.4196078 0 0 0.4196078 0 0 0.4196078 0 0 0.4196078 0 0 0.4196078 0 0 0.4196078 0 0 0.4196078 0 0 0.4196078 0 0 0.4196078 0 0 0.4196078 0 0 0.4196078 0 0 0.4196078 0 0 0.4196078 0 0 0.4196078 0 0 0.4196078 0 0 0.4196078 0 0 0.4196078 0 0 0.4196078 0 0 0.4196078 0 0 0.4196078 0 0 0.4196078 0 0 0.4196078 0 0 0.4196078 0 0 0.4196078 0 0 0.4196078 0 0 0.4156863 0 0 0.4196078 0 0 0.4196078 0 0 0.4156863 0 0 0.4156863 0 0 0.4196078 0 0 0.4156863 0 0 0.4196078 0 0 0.4196078 0 0 0.4196078 0 0 0.4156863 0 0 0.4196078 0 0 0.4156863 0 0 0.4196078 0 0 0.4156863 0 0 0.4156863 0 0 0.4156863 0 0 0.4196078 0 0 0.4196078 0 0 0.4196078 0 0 0.4196078 0 0 0.4196078 0 0 0.4196078 0 0 0.4196078 0 0 0.4196078 0 0 0.4196078 0 0 0.4196078 0 0 0.4196078 0 0 0.4196078 0 0 0.4196078 0 0 0.4196078 0 0 0.4196078 0 0 0.4196078 0 0 0.4196078 0 0 0.4196078 0 0 0.4196078 0 0 0.4196078 0 0 0.4196078 0 0 0.4196078 0 0 0.4196078 0 0 0.4196078 0 0 0.4196078 0 0 0.4196078 0 0 0.4196078 0 0 0.4196078 0 0 0.4196078 0 0 0.4196078 0 0 0.4196078 0 0 0.4196078 0 0 0.4196078 0 0 0.4196078 0 0 0.4196078 0 0 0.4196078 0 0 0.4196078 0 0 0.4196078 0 0 0.4196078 0 0 0.4196078 0 0 0.4196078 0 0 0.4196078 0 0 0.4196078 0 0 0.4196078 0 0 0.4196078 0 0 0.4196078 0 0 0.4196078 0 0 0.4196078 0 0 0.4196078 0 0 0.4196078 0 0 0.4196078 0 0 0.4196078 0 0 0.4196078 0 0 0.4196078 0 0 0.4196078 0 0 0.4196078 0 0 0.4196078 0 0 0.4196078 0 0 0.4196078 0 0 0.4196078 0 0 0.4196078 0 0 0.4196078 0 0 0.4196078 0 0 0.4196078 0 0 0.4196078 0 0 0.4196078 0 0 0.4196078 0 0 0.4196078 0 0 0.4196078 0 0.06666666 0 0 0.06666666 0 0 0.145098 0 0 0.0117647 0 0 0.03529411 0 0 0.145098 0 0 0.4 0 0 0.2313725 0 0 0.145098 0 0 0.227451 0 0 0.4 0 0 0.145098 0 0 0.2313725 0 0 0.0117647 0 0 0.145098 0 0 0.03529411 0 0 0.06666666 0 0 0.145098 0 0 0.06666666 0 0 0.227451 0 0 0.145098 0 0 0.06666666 0 0 0.06666666 0 0 0.145098 0 0 0.0117647 0 0 0.03529411 0 0 0.145098 0 0 0.4 0 0 0.2313725 0 0 0.145098 0 0 0.227451 0 0 0.4 0 0 0.145098 0 0 0.2313725 0 0 0.0117647 0 0 0.145098 0 0 0.03529411 0 0 0.06666666 0 0 0.145098 0 0 0.06666666 0 0 0.227451 0 0 0.145098 0 0 0 0.4196078 0 0 0.4196078 0 0 0.4196078 0 0.06666666 0 0 0.145098 0 0 0.06666666 0 0 0.0117647 0 0 0.145098 0 0 0.03529411 0 0 0.4 0 0 0.145098 0 0 0.2313725 0 0 0.227451 0 0 0.145098 0 0 0.4 0 0 0.2313725 0 0 0.145098 0 0 0.0117647 0 0 0.03529411 0 0 0.145098 0 0 0.06666666 0 0 0.06666666 0 0 0.145098 0 0 0.227451 0 0 0.06666666 0 0 0.145098 0 0 0.06666666 0 0 0.0117647 0 0 0.145098 0 0 0.03529411 0 0 0.4 0 0 0.145098 0 0 0.2313725 0 0 0.227451 0 0 0.145098 0 0 0.4 0 0 0.2313725 0 0 0.145098 0 0 0.0117647 0 0 0.03529411 0 0 0.145098 0 0 0.06666666 0 0 0.06666666 0 0 0.145098 0 0 0.227451 0 0 0.06666666 0 0 0.145098 0 0 0.06666666 0 0 0.0117647 0 0 0.145098 0 0 0.03529411 0 0 0.4 0 0 0.145098 0 0 0.2313725 0 0 0.227451 0 0 0.145098 0 0 0.4 0 0 0.2313725 0 0 0.145098 0 0 0.0117647 0 0 0.03529411 0 0 0.145098 0 0 0.06666666 0 0 0.06666666 0 0 0.145098 0 0 0.227451 0 0 0.06666666 0 0 0.145098 0 0 0.06666666 0 0 0.0117647 0 0 0.145098 0 0 0.03529411 0 0 0.4 0 0 0.145098 0 0 0.2313725 0 0 0.227451 0 0 0.145098 0 0 0.4 0 0 0.2313725 0 0 0.145098 0 0 0.0117647 0 0 0.03529411 0 0 0.145098 0 0 0.06666666 0 0 0.06666666 0 0 0.145098 0 0 0.227451 0 0 0 0.4196078 0 0 0.4196078 0 0 0.4196078 0 0 0.4196078 0 0 0.4196078 0 0 0.4196078 0 0 0.4196078 0 0 0.4196078 0 0 0.4196078 0 0 0.4196078 0 0 0.4196078 0 0 0.4196078 0 0 0.4196078 0 0 0.4196078 0 0 0.4196078 0 0 0.4196078 0 0 0.4196078 0 0 0.4196078 0 0 0.4196078 0 0 0.4196078 0 0 0.4196078 0 0 0.4196078 0 0 0.4196078 0 0 0.4196078 0 0 0.4196078 0 0 0.4196078 0 0 0.4196078 0 0 0.4196078 0 0 0.4196078 0 0 0.4196078 0 0 0.4196078 0 0 0.4196078 0 0 0.4196078 0 0 0.4196078 0 0 0.4196078 0 0 0.4196078 0 0 0.4196078 0 0 0.4196078 0 0 0.4196078 0 0 0.4196078 0 0 0.4196078 0 0 0.4196078 0 0 0.4196078 0 0 0.4196078 0 0 0.4196078 0 0 0.4196078 0 0 0.4196078 0 0 0.4196078 0 0 0.4196078 0 0 0.4196078 0 0 0.4196078 0 0 0.4196078 0 0 0.4196078 0 0 0.4196078 0 0 0.4196078 0 0 0.4196078 0 0 0.4196078 0 0 0.4196078 0 0 0.4196078 0 0 0.4196078 0 0 0.4196078 0 0 0.4196078 0 0 0.4196078 0 0 0.4196078 0 0 0.4196078 0 0 0.4196078 0 0 0.4196078 0 0 0.4196078 0 0 0.4196078 0 0 0.4196078 0 0 0.4196078 0 0 0.4196078 0 0 0.4196078 0 0 0.4196078 0 0 0.4196078 0 0 0.4196078 0 0 0.4196078 0 0 0.4196078 0 0 0.4196078 0 0 0.4196078 0 0 0.4196078 0 0 0.4196078 0 0 0.4196078 0 0 0.4196078 0 0 0.4196078 0 0 0.4196078 0 0 0.4196078 0 0 0.4196078 0 0 0.4196078 0 0 0.4196078 0 0 0.4196078 0 0 0.4196078 0 0 0.4196078 0 0 0.4196078 0 0 0.4196078 0 0 0.4196078 0 0 0.4196078 0 0 0.4196078 0 0 0.4196078 0 0 0.4196078 0 0 0.4196078 0 0 0.4196078 0 0 0.4196078 0 0 0.4196078 0 0 0.4196078 0 0 0.4196078 0 0 0.4196078 0 0 0.4196078 0 0 0.4196078 0 0 0.4196078 0 0 0.4196078 0 0 0.4196078 0 0 0.4196078 0 0 0.4196078 0 0 0.4196078 0 0 0.4196078 0 0 0.4196078 0 0 0.4196078 0 0 0.4196078 0 0 0.4196078 0 0 0.4196078 0 0 0.4196078 0 0 0.4196078 0 0 0.4196078 0 0 0.4196078 0 0 0.4196078 0 0 0.4196078 0 0 0.4196078 0 0 0.4196078 0 0 0.4196078 0 0 0.4196078 0 0 0.4196078 0 0 0.4196078 0 0 0.4196078 0 0 0.4196078 0 0 0.4196078 0 0 0.4196078 0 0 0.4196078 0 0 0.4196078 0 0 0.4196078 0 0 0.4196078 0 0 0.4196078 0 0 0.4196078 0 0 0.4196078 0 0 0.4196078 0 0 0.4196078 0 0 0.4196078 0 0 0.4196078 0 0 0.4196078 0 0 0.4196078 0 0 0.4196078 0 0 0.4196078 0 0 0.4196078 0 0 0.4196078 0 0 0.4196078 0 0 0.4196078 0 0 0.4196078 0 0 0.4196078 0 0 0.4196078 0 0 0.4196078 0 0 0.4196078 0 0 0.4196078 0 0 0.4196078 0 0 0.4196078 0 0 0.4196078 0 0 0.4196078 0 0 0.4196078 0 0 0.4196078 0 0 0.4196078 0 0 0.4196078 0 0 0.4196078 0 0 0.4196078 0 0 0.4196078 0 0 0.4196078 0 0 0.4196078 0 0 0.4196078 0 0 0.4196078 0 0 0.4196078 0 0 0.4196078 0 0 0.4196078 0 0 0.4196078 0 0 0.4196078 0 0 0.4196078 0 0 0.4196078 0 0 0.4196078 0 0 0.4196078 0 0 0.4196078 0 0 0.4196078 0 0 0.4196078 0 0 0.4196078 0 0 0.4196078 0 0 0.4196078 0 0 0.4196078 0 0 0.4196078 0 0 0.4196078 0 0 0.4196078 0 0 0.4196078 0 0 0.4196078 0 0 0.4196078 0 0 0.4196078 0 0 0.4196078 0 0 0.4196078 0 0 0.4196078 0 0 0.4196078 0 0 0.4196078 0 0 0.4196078 0 0 0.4196078 0 0 0.4196078 0 0 0.4196078 0 0 0.4196078 0 0 0.4196078 0 0 0.4196078 0 0 0.4196078 0 0 0.4196078 0 0 0.4196078 0 0 0.4196078 0 0 0.4196078 0 0 0.4196078 0 0 0.4196078 0 0 0.4156863 0 0 0.4196078 0 0 0.4196078 0 0 0.4196078 0 0 0.4156863 0 0 0.4196078 0 0 0.4156863 0 0 0.4156863 0 0 0.4156863 0 0 0.4196078 0 0 0.4196078 0 0 0.4196078 0 0 0.4196078 0 0 0.4196078 0 0 0.4196078 0 0 0.4196078 0 0 0.4196078 0 0 0.4196078 0 0 0.4196078 0 0 0.4196078 0 0 0.4196078 0 0 0.4196078 0 0 0.4196078 0 0 0.4196078 0 0 0.4196078 0 0 0.4196078 0 0 0.4196078 0 0 0.4196078 0 0 0.4196078 0 0 0.4196078 0 0 0.4196078 0 0 0.4196078 0 0 0.4196078 0 0 0.4196078 0 0 0.4196078 0 0 0.4196078 0 0 0.4196078 0 0 0.4196078 0 0 0.4196078 0 0 0.4196078 0 0 0.4196078 0 0 0.4196078 0 0 0.4196078 0 0 0.4196078 0 0 0.4196078 0 0 0.4196078 0 0 0.4196078 0 0 0.4196078 0 0 0.4196078 0 0 0.4196078 0 0 0.4196078 0 0 0.4196078 0 0 0.4196078 0 0 0.4196078 0 0 0.4196078 0 0 0.4196078 0 0 0.4196078 0 0 0.4196078 0 0 0.4196078 0 0 0.4196078 0 0 0.4196078 0 0 0.4196078 0 0 0.4196078 0 0 0.4196078 0 0 0.4196078 0 0 0.4196078 0 0 0.4196078 0 0 0.4196078 0 0 0.4196078 0 0 0.4196078 0 0 0.4196078 0 0 0.4196078 0 0 0.4196078 0 0 0.4196078 0 0 0.4196078 0 0 0 0 0 0 0 0 0 0 0 0 0 0 0 0 0 0 0 0 0 0 0 0 0 0 0 0 0 0 0 0 0 0 0 0 0 0 0 0 0 0 0 0 0 0 0 0 0 0 0 0 0 0 0 0 0 0 0 0 0 0 0 0 0 0 0 0 0 0 0 0 0 0 0 0 0 0 0 0 0 0 0 0 0 0 0 0 0 0 0 0 0 0 0 0 0 0 0 0 0 0 0 0 0 0 0 0 0 0 0 0 0 0 0 0 0 0 0 0 0 0 0 0 0 0 0 0 0 0 0 0 0 0 0 0 0 0 0 0 0 0 0 0 0 0 0 0 0 0 0 0 0 0 0 0 0 0 0 0 0 0 0 0 0 0 0 0 0 0 0 0 0 0 0 0 0 0 0 0 0 0 0 0 0 0 0 0 0 0 0 0 0 0 0 0 0 0 0 0 0 0 0 0 0 0 0 0 0 0 0 0 0 0 0 0 0 0 0 0 0 0 0 0 0 0 0 0 0 0 0 0 0 0 0 0 0 0 0 0 0 0 0 0 0 0 0 0 0 0 0 0 0 0 0 0 0 0 0 0 0 0 0 0 0 0 0 0 0 0 0 0 0 0 0 0 0 0 0 0 0 0 0 0 0 0 0 0 0 0 0 0 0 0 0 0 0 0 0 0 0 0 0 0 0 0 0 0 0 0 0 0 0 0 0 0 0 0 0 0 0 0 0 0 0 0 0 0 0 0 0 0 0 0 0 0 0 0 0 0 0 0 0 0 0 0 0 0 0 0 0 0 0 0 0 0 0 0 0 0 0 0 0 0 0 0 0 0 0 0 0 0 0 0 0 0 0 0 0 0 0 0 0 0 0 0 0 0 0 0 0 0 0 0 0 0 0 0 0 0 0 0 0 0 0 0 0 0 0 0 0 0 0 0 0 0 0 0 0 0 0 0 0 0 0 0 0 0 0 0 0 0 0 0 0 0 0 0 0 0 0 0 0 0 0 0 0 0 0 0 0 0 0 0 0 0 0 0 0 0 0 0 0 0 0 0 0 0 0 0 0 0 0 0 0 0 0 0 0 0 0 0 0 0 0 0 0 0 0 0 0 0 0 0 0 0 0 0 0 0 0 0 0 0 0 0 0 0 0 0 0 0 0 0 0 0 0 0 0 0 0 0 0 0 0 0 0 0 0 0 0 0 0 0 0 0 0 0 0 0 0 0 0 0 0 0 0 0 0 0 0 0 0 0 0 0 0 0 0 0 0 0 0 0 0 0 0 0 0 0 0 0 0 0 0 0 0 0 0 0 0 0 0 0 0 0 0 0 0 0 0 0 0 0 0 0 0 0 0 0 0 0 0 0 0 0 0 0 0 0 0 0 0 0 0 0 0 0 0 0 0 0 0 0 0 0 0 0 0 0 0 0 0 0 0 0 0 0 0 0 0 0 0 0 0 0 0 0 0 0 0 0 0 0 0 0 0 0 0 0 0 0 0 0 0 0 0 0 0 0 0 0 0 0 0 0 0 0 0 0 0 0 0 0 0 0 0 0 0 0 0 0 0 0 0 0 0 0 0 0 0 0 0 0 0 0 0 0 0 0 0 0 0 0 0 0 0 0 0 0 0 0 0 0 0 0 0 0 0 0 0 0 0 0 0 0 0 0 0 0 0 0 0 0 0 0 0 0 0 0 0 0 0 0 0 0 0 0 0 0 0 0 0 0 0 0 0 0 0 0 0 0 0 0 0 0 0 0 0 0 0 0 0 0 0 0 0 0 0 0 0 0 0 0 0 0 0 0 0 0 0 0 0 0 0 0 0 0 0 0 0 0 0 0 0 0 0 0 0 0 0 0 0 0 0 0 0 0 0 0 0 0 0 0 0 0 0 0 0 0 0 0 0 0 0 0 0 0 0 0 0 0 0 0 0 0 0 0 0 0 0 0 0 0 0 0 0 0 0 0 0 0 0 0 0 0 0 0 0 0 0 0 0 0 0 0 0 0 0 0 0 0 0 0 0 0 0 0 0 0 0 0 0 0 0 0 0 0 0 0 0 0 0 0 0 0 0 0 0 0 0 0 0 0 0 0 0 0 0 0 0 0 0 0 0 0 0 0 0 0 0 0 0 0 0 0 0 0 0 0 0 0 0 0 0 0 0 0 0 0 0 0 0 0 0 0 0 0 0 0 0 0 0 0 0 0 0 0 0 0 0 0 0 0 0 0 0 0 0 0 0 0 0 0 0 0 0 0 0 0 0 0 0 0 0 0 0 0 0 0 0 0 0 0 0 0 0 0 0 0 0 0 0 0 0 0 0 0 0 0 0 0 0 0 0 0 0 0 0 0 0 0 0 0 0 0 0 0 0 0 0 0 0 0 0 0 0 0 0 0 0 0 0 0 0 0 0 0 0 0 0 0 0 0 0 0 0 0 0 0 0 0 0 0 0 0 0 0 0 0 0 0 0 0 0 0 0 0 0 0 0 0 0 0 0 0 0 0 0 0 0 0 0 0 0 0 0 0 0 0 0 0 0 0 0 0 0 0 0 0 0 0 0 0 0 0 0 0 0 0 0 0 0 0 0 0 0 0 0 0 0 0 0 0 0 0 0 0 0 0 0 0 0 0 0 0 0 0 0 0 0 0 0 0 0 0 0 0 0 0 0 0 0 0 0 0 0 0 0 0 0 0 0 0 0 0 0 0 0 0 0 0 0 0 0 0 0 0 0 0 0 0 0 0 0 0 0 0 0 0 0 0 0 0 0 0 0 0 0 0 0 0 0 0 0 0 0 0 0 0 0 0 0 0 0 0 0 0 0 0 0 0 0 0 0 0 0 0 0 0 0 0 0 0 0 0 0 0 0 0 0 0 0 0 0 0 0 0 0 0 0 0 0 0 0 0 0 0 0 0 0 0 0 0 0 0 0 0 0 0 0 0 0 0 0 0 0 0 0 0 0 0 0 0 0 0 0 0 0 0 0 0 0 0 0 0 0 0 0 0 0 0 0 0 0 0 0 0 0 0 0 0 0 0 0 0 0 0 0 0 0 0 0 0 0 0 0 0 0 0 0 0 0 0 0 0 0 0 0 0 0 0 0 0 0 0 0 0 0 0 0 0 0 0 0 0 0 0 0 0 0 0 0 0 0 0 0 0 0 0 0 0 0 0 0 0 0 0 0 0 0 0 0 0 0 0 0 0 0 0 0 0 0 0 0 0 0 0 0 0 0 0 0 0 0 0 0 0 0 0 0 0 0 0 0 0 0 0 0 0 0 0 0 0 0 0 0 0 0 0 0 0 0 0 0 0 0 0 0 0 0 0 0 0 0 0 0 0 0 0 0 0 0 0 0 0 0 0 0 0 0 0 0 0 0 0 0 0 0 0 0 0 0 0 0 0 0 0 0 0 0 0 0 0 0 0 0 0 0 0 0 0 0 0 0 0 0 0 0 0 0 0 0 0 0 0 0 0 0 0 0 0 0 0 0 0 0 0 0 0 0 0 0 0 0 0 0 0 0 0 0 0 0 0 0 0 0 0 0 0 0 0 0 0 0 0 0 0 0 0 0 0 0 0 0 0 0 0 0 0 0 0 0 0 0 0 0 0 0 0 0 0 0 0 0 0 0 0 0 0 0 0 0 0 0 0 0 0 0 0 0 0 0 0 0 0 0 0 0 0 0 0 0 0 0 0 0 0 0 0 0 0 0 0 0 0 0 0 0 0 0 0 0 0 0 0 0 0 0 0 0 0 0 0 0 0 0 0 0 0 0 0 0 0 0 0 0 0 0 0 0 0 0 0 0 0 0 0 0 0 0 0 0 0 0 0 0 0 0 0 0 0 0 0 0 0 0 0 0 0 0 0 0 0 0 0 0 0 0 0 0 0 0 0 0 0 0 0 0 0 0 0 0 0 0 0 0 0 0 0 0 0 0 0 0 0 0 0 0 0 0 0 0 0 0 0 0 0 0 0 0 0 0 0 0 0 0 0 0 0 0 0 0 0 0 0 0 0 0 0 0 0 0 0 0 0 0 0 0 0 0 0 0 0 0 0 0 0 0 0 0 0 0 0 0 0 0 0 0 0 0 0 0 0 0 0 0 0 0 0 0 0 0 0 0 0 0 0 0 0 0 0 0 0 0 0 0 0 0 0 0 0 0 0 0 0 0 0 0 0 0 0 0 0 0 0 0 0 0 0 0 0 0 0 0 0 0 0 0 0 0 0 0 0 0 0 0 0 0 0 0 0 0 0 0 0 0 0 0 0 0 0 0 0 0 0 0 0 0 0 0 0 0 0 0 0 0 0 0 0 0 0 0 0 0 0 0 0 0 0 0 0 0 0 0 0 0 0 0 0 0 0 0 0 0 0 0 0 0 0 0 0 0 0 0 0 0 0 0 0 0 0 0 0 0 0 0 0 0 0 0 0 0 0 0 0 0 0 0 0 0 0 0 0 0 0 0 0 0 0 0 0 0 0 0 0 0 0 0 0 0 0 0 0 0 0 0 0 0 0 0 0 0 0 0 0 0 0 0 0 0 0 0 0 0 0 0 0 0 0 0 0 0 0 0 0 0 0 0 0 0 0 0 0 0 0 0 0 0 0 0 0 0 0 0 0 0 0 0 0 0 0 0 0 0 0 0 0 0 0 0 0 0 0 0 0 0 0 0 0 0 0 0 0 0 0 0 0 0 0 0 0 0 0 0 0 0 0 0 0 0 0 0 0 0 0 0 0 0 0.4196078 0 0 0.4196078 0 0 0.4196078 0 0 0.4196078 0 0 0.4196078 0 0 0.4196078 0 0 0.4196078 0 0 0.4196078 0 0 0.4196078 0 0 0.4196078 0 0 0.4196078 0 0 0.4196078 0 0 0.4196078 0 0 0.4196078 0 0 0.4196078 0 0 0.4196078 0 0 0.4196078 0 0 0.4196078 0 0 0.4196078 0 0 0.4196078 0 0 0.4196078 0 0 0.4196078 0 0 0.4196078 0 0 0.4196078 0 0 0.4196078 0 0 0.4196078 0 0 0.4196078 0 0 0.4196078 0 0 0.4196078 0 0 0.4196078 0 0 0.4196078 0 0 0.4196078 0 0 0.4196078 0 0 0.4196078 0 0 0.4196078 0 0 0.4196078 0 0 0.4196078 0 0 0.4196078 0 0 0.4196078 0 0 0.4196078 0 0 0.4196078 0 0 0.4196078 0 0 0.4196078 0 0 0.4196078 0 0 0.4196078 0 0 0.4196078 0 0 0.4196078 0 0 0.4196078 0 0 0.4196078 0 0 0.4196078 0 0 0.4196078 0 0 0.4196078 0 0 0.4196078 0 0 0.4196078 0 0 0.4196078 0 0 0.4196078 0 0 0.4196078 0 0 0.4196078 0 0 0.4196078 0 0 0.4196078 0 0 0.4196078 0 0 0.4196078 0 0 0.4196078 0 0 0.4196078 0 0 0.4196078 0 0 0.4196078 0 0 0.4196078 0 0 0.4196078 0 0 0.4196078 0 0 0.4196078 0 0 0.4196078 0 0 0.4196078 0 0 0.4196078 0 0 0.4196078 0 0 0.4196078 0 0 0.4196078 0 0 0.4196078 0 0 0.4196078 0 0 0.4196078 0 0 0.4196078 0 0 0.4196078 0 0 0.4196078 0 0 0.4196078 0 0 0.4196078 0 0 0.4196078 0 0 0.4196078 0 0 0.4196078 0 0 0.4196078 0 0 0.4196078 0 0 0.4196078 0 0 0.4196078 0 0 0.4196078 0 0 0.4196078 0 0 0.4196078 0 0 0.4196078 0 0 0.4196078 0 0 0.4196078 0 0 0.4196078 0 0 0.4196078 0 0 0.4196078 0 0 0.4196078 0 0 0.4196078 0 0 0.4196078 0 0 0.4196078 0 0 0.4196078 0 0 0.4196078 0 0 0.4196078 0 0 0.4196078 0 0 0.4196078 0 0 0.4196078 0 0 0.4196078 0 0 0.4196078 0 0 0.4196078 0 0 0.4196078 0 0 0.4196078 0 0 0.4196078 0 0 0.4196078 0 0 0.4196078 0 0 0.4196078 0 0 0.4196078 0 0 0.4196078 0 0 0.4196078 0 0 0.4196078 0 0 0.4196078 0 0 0.4196078 0 0 0.4196078 0 0 0.4196078 0 0 0.4196078 0 0 0.4196078 0 0 0.4196078 0 0 0.4196078 0 0 0.4196078 0 0 0.4196078 0 0 0.4196078 0 0 0.4196078 0 0 0.4196078 0 0 0.4196078 0 0 0.4196078 0 0 0.4196078 0 0 0.4196078 0 0 0.4196078 0 0 0.4196078 0 0 0.4196078 0 0 0.4196078 0 0 0.4196078 0 0 0.4196078 0 0 0.4196078 0 0 0.4196078 0 0 0.4196078 0 0 0.4196078 0 0 0.4196078 0 0 0.4196078 0 0 0.4196078 0 0 0.4196078 0 0 0.4196078 0 0 0.4196078 0 0 0.4196078 0 0 0.4196078 0 0 0.4196078 0 0 0.4196078 0 0 0.4196078 0 0 0.4196078 0 0 0.4196078 0 0 0.4196078 0 0 0.4196078 0 0 0.4196078 0 0 0.4196078 0 0 0.4196078 0 0 0.4196078 0 0 0.4196078 0 0 0.4196078 0 0 0.4196078 0 0 0.4196078 0 0 0.4196078 0 0 0.4196078 0 0 0.4196078 0 0 0.4196078 0 0 0.4196078 0 0 0.4196078 0 0 0.4196078 0 0 0.4196078 0 0 0.4196078 0 0 0.4196078 0 0 0.4196078 0 0 0.4196078 0 0 0.4196078 0 0 0.4196078 0 0 0.4196078 0 0 0.4196078 0 0 0.4196078 0 0 0.4196078 0 0 0.4196078 0 0 0.4196078 0 0 0.4196078 0 0 0.4196078 0 0 0.4196078 0 0 0.4196078 0 0 0.4196078 0 0 0.4196078 0 0 0.4196078 0 0 0.4196078 0 0 0.4196078 0 0 0.4196078 0 0 0.4196078 0 0 0.4196078 0 0 0.4196078 0 0 0.4196078 0 0 0.4196078 0 0 0.4196078 0 0 0.4196078 0 0 0.4196078 0 0 0.4196078 0 0 0.4196078 0 0 0.4196078 0 0 0.4196078 0 0 0.4196078 0 0 0.4196078 0 0 0.4196078 0 0 0.4196078 0 0 0.4196078 0 0 0.4196078 0 0 0.4156863 0 0 0.4196078 0 0 0.4196078 0 0 0.4196078 0 0 0.4156863 0 0 0.4156863 0 0 0.4156863 0 0 0.4196078 0 0 0.4196078 0 0 0.4196078 0 0 0.4196078 0 0 0.4196078 0 0 0.4196078 0 0 0.4196078 0 0 0.4196078 0 0 0.4196078 0 0 0.4196078 0 0 0.4196078 0 0 0.4196078 0 0 0.4196078 0 0 0.4196078 0 0 0.4196078 0 0 0.4196078 0 0 0.4196078 0 0 0.4196078 0 0 0.4196078 0 0 0.4196078 0 0 0.4196078 0 0 0.4196078 0 0 0.4196078 0 0 0.4196078 0 0 0.4196078 0 0 0.4196078 0 0 0.4196078 0 0 0.4196078 0 0 0.4196078 0 0 0.4196078 0 0 0.4196078 0 0 0.4196078 0 0 0.4196078 0 0 0.4196078 0 0 0.4196078 0 0 0.4196078 0 0 0.4196078 0 0 0.4196078 0 0 0.4196078 0 0 0.4196078 0 0 0.4196078 0 0 0.4196078 0 0 0.4196078 0 0 0.4196078 0 0 0.4196078 0 0 0.4196078 0 0 0.4196078 0 0 0.4196078 0 0 0.4196078 0 0 0.4196078 0 0 0.4196078 0 0 0.4196078 0 0 0.4196078 0 0 0.4196078 0 0 0.4196078 0 0 0.4196078 0 0 0.4196078 0 0 0.4196078 0 0 0.4196078 0 0 0.4196078 0 0 0.4196078 0 0 0.4196078 0 0 0.4196078 0 0 0.4196078 0 0 0.4196078 0 0 0.4196078</float_array>
          <technique_common>
            <accessor source="#tree_oak_large_b200_002-mesh-colors-Col-array" count="4890" stride="3">
              <param name="R" type="float"/>
              <param name="G" type="float"/>
              <param name="B" type="float"/>
            </accessor>
          </technique_common>
        </source>
        <vertices id="tree_oak_large_b200_002-mesh-vertices">
          <input semantic="POSITION" source="#tree_oak_large_b200_002-mesh-positions"/>
        </vertices>
        <lines count="1">
          <input semantic="VERTEX" source="#tree_oak_large_b200_002-mesh-vertices" offset="0"/>
          <p>529 535</p>
        </lines>
        <polylist material="tro_tree_2_trunk-material" count="614">
          <input semantic="VERTEX" source="#tree_oak_large_b200_002-mesh-vertices" offset="0"/>
          <input semantic="NORMAL" source="#tree_oak_large_b200_002-mesh-normals" offset="1"/>
          <input semantic="TEXCOORD" source="#tree_oak_large_b200_002-mesh-map-0" offset="2" set="0"/>
          <input semantic="COLOR" source="#tree_oak_large_b200_002-mesh-colors-Col" offset="3" set="0"/>
          <vcount>3 3 3 3 3 3 3 3 3 3 3 3 3 3 3 3 3 3 3 3 3 3 3 3 3 3 3 3 3 3 3 3 3 3 3 3 3 3 3 3 3 3 3 3 3 3 3 3 3 3 3 3 3 3 3 3 3 3 3 3 3 3 3 3 3 3 3 3 3 3 3 3 3 3 3 3 3 3 3 3 3 3 3 3 3 3 3 3 3 3 3 3 3 3 3 3 3 3 3 3 3 3 3 3 3 3 3 3 3 3 3 3 3 3 3 3 3 3 3 3 3 3 3 3 3 3 3 3 3 3 3 3 3 3 3 3 3 3 3 3 3 3 3 3 3 3 3 3 3 3 3 3 3 3 3 3 3 3 3 3 3 3 3 3 3 3 3 3 3 3 3 3 3 3 3 3 3 3 3 3 3 3 3 3 3 3 3 3 3 3 3 3 3 3 3 3 3 3 3 3 3 3 3 3 3 3 3 3 3 3 3 3 3 3 3 3 3 3 3 3 3 3 3 3 3 3 3 3 3 3 3 3 3 3 3 3 3 3 3 3 3 3 3 3 3 3 3 3 3 3 3 3 3 3 3 3 3 3 3 3 3 3 3 3 3 3 3 3 3 3 3 3 3 3 3 3 3 3 3 3 3 3 3 3 3 3 3 3 3 3 3 3 3 3 3 3 3 3 3 3 3 3 3 3 3 3 3 3 3 3 3 3 3 3 3 3 3 3 3 3 3 3 3 3 3 3 3 3 3 3 3 3 3 3 3 3 3 3 3 3 3 3 3 3 3 3 3 3 3 3 3 3 3 3 3 3 3 3 3 3 3 3 3 3 3 3 3 3 3 3 3 3 3 3 3 3 3 3 3 3 3 3 3 3 3 3 3 3 3 3 3 3 3 3 3 3 3 3 3 3 3 3 3 3 3 3 3 3 3 3 3 3 3 3 3 3 3 3 3 3 3 3 3 3 3 3 3 3 3 3 3 3 3 3 3 3 3 3 3 3 3 3 3 3 3 3 3 3 3 3 3 3 3 3 3 3 3 3 3 3 3 3 3 3 3 3 3 3 3 3 3 3 3 3 3 3 3 3 3 3 3 3 3 3 3 3 3 3 3 3 3 3 3 3 3 3 3 3 3 3 3 3 3 3 3 3 3 3 3 3 3 3 3 3 3 3 3 3 3 3 3 3 3 3 3 3 3 3 3 3 3 3 3 3 3 3 3 3 3 3 3 3 3 3 3 3 3 3 3 3 3 3 3 3 3 3 3 3 3 3 3 3 3 3 3 3 3 3 3 3 3 3 3 3 3 3 3 3 3 3 3 3 3 3 3 3 3 3 3 3 3 3 3 3 3 3 3 3 3 3 3 3 3 3 3 3 3 3 3 3 3 3 3 3 </vcount>
          <p>663 636 1464 1464 664 637 1465 1465 669 638 1466 1466 666 639 1467 1467 667 640 1468 1468 716 641 1469 1469 662 642 1470 1470 668 643 1471 1471 667 640 1472 1472 680 644 1473 1473 676 645 1474 1474 666 639 1475 1475 691 646 1476 1476 660 647 1477 1477 666 639 1478 1478 658 648 1479 1479 665 649 1480 1480 664 637 1481 1481 683 650 1482 1482 1016 651 1483 1483 714 652 1484 1484 684 653 1485 1485 995 654 1486 1486 1009 655 1487 1487 684 653 1488 1488 1000 656 1489 1489 995 654 1490 1490 1017 657 1491 1491 740 658 1492 1492 1011 659 1493 1493 801 660 1494 1494 997 661 1495 1495 1001 662 1496 1496 685 663 1497 1497 1007 664 1498 1498 994 665 1499 1499 676 645 1500 1500 667 640 1501 1501 666 639 1502 1502 687 666 1503 1503 1015 667 1504 1504 696 668 1505 1505 659 669 1506 1506 695 670 1507 1507 665 649 1508 1508 740 658 1509 1509 743 671 1510 1510 744 672 1511 1511 660 647 1512 1512 680 644 1513 1513 666 639 1514 1514 663 636 1515 1515 714 652 1516 1516 713 673 1517 1517 662 642 1518 1518 708 674 1519 1519 705 675 1520 1520 661 676 1521 1521 685 663 1522 1522 684 653 1523 1523 680 644 1524 1524 690 677 1525 1525 688 678 1526 1526 660 647 1527 1527 692 679 1528 1528 686 680 1529 1529 658 648 1530 1530 682 681 1531 1531 801 660 1532 1532 661 676 1533 1533 688 678 1534 1534 685 663 1535 1535 659 669 1536 1536 696 668 1537 1537 695 670 1538 1538 660 647 1539 1539 690 677 1540 1540 680 644 1541 1541 689 682 1542 1542 999 683 1543 1543 692 679 1544 1544 678 684 1545 1545 691 646 1546 1546 666 639 1547 1547 678 684 1548 1548 692 679 1549 1549 691 646 1550 1550 678 684 1551 1551 696 668 1552 1552 689 682 1553 1553 696 668 1554 1554 1005 685 1555 1555 689 682 1556 1556 678 684 1557 1557 666 639 1558 1558 665 649 1559 1559 667 640 1560 1560 717 686 1561 1561 716 641 1562 1562 669 638 1563 1563 664 637 1564 1564 711 687 1565 1565 704 688 1566 1566 1008 689 1567 1567 709 690 1568 1568 703 691 1569 1569 1006 692 1570 1570 704 688 1571 1571 697 693 1572 1572 709 690 1573 1573 710 694 1574 1574 698 695 1575 1575 704 688 1576 1576 697 693 1577 1577 708 674 1578 1578 996 696 1579 1579 993 697 1580 1580 705 675 1581 1581 708 674 1582 1582 703 691 1583 1583 683 650 1584 1584 1008 689 1585 1585 1019 698 1586 1586 710 694 1587 1587 683 650 1588 1588 663 636 1589 1589 658 648 1590 1590 714 652 1591 1591 682 681 1592 1592 682 681 1593 1593 1016 651 1594 1594 997 661 1595 1595 713 673 1596 1596 658 648 1597 1597 664 637 1598 1598 710 694 1599 1599 663 636 1600 1600 669 638 1601 1601 698 695 1602 1602 699 699 1603 1603 668 643 1604 1604 698 695 1605 1605 697 693 1606 1606 699 699 1607 1607 662 642 1608 1608 705 675 1609 1609 668 643 1610 1610 710 694 1611 1611 669 638 1612 1612 699 699 1613 1613 665 649 1614 1614 666 639 1615 1615 700 700 1616 1616 664 637 1617 1617 706 701 1618 1618 711 687 1619 1619 668 643 1620 1620 699 699 1621 1621 717 686 1622 1622 699 699 1623 1623 669 638 1624 1624 718 702 1625 1625 717 686 1626 1626 699 699 1627 1627 718 702 1628 1628 718 702 1629 1629 724 703 1630 1630 723 704 1631 1631 738 705 1632 1632 725 706 1633 1633 719 707 1634 1634 737 708 1635 1635 726 709 1636 1636 725 706 1637 1637 736 710 1638 1638 719 707 1639 1639 721 711 1640 1640 717 686 1641 1641 722 712 1642 1642 716 641 1643 1643 735 713 1644 1644 721 711 1645 1645 726 709 1646 1646 706 701 1647 1647 720 714 1648 1648 724 703 1649 1649 700 700 1650 1650 722 712 1651 1651 720 714 1652 1652 700 700 1653 1653 716 641 1654 1654 722 712 1655 1655 718 702 1656 1656 711 687 1657 1657 724 703 1658 1658 958 715 1659 1659 728 716 1660 1660 730 717 1661 1661 731 718 1662 1662 959 719 1663 1663 957 720 1664 1664 734 721 1665 1665 958 715 1666 1666 960 722 1667 1667 733 723 1668 1668 960 722 1669 1669 959 719 1670 1670 723 704 1671 1671 734 721 1672 1672 722 712 1673 1673 724 703 1674 1674 732 724 1675 1675 723 704 1676 1676 722 712 1677 1677 734 721 1678 1678 733 723 1679 1679 720 714 1680 1680 733 723 1681 1681 731 718 1682 1682 729 725 1683 1683 730 717 1684 1684 738 705 1685 1685 730 717 1686 1686 728 716 1687 1687 737 708 1688 1688 727 726 1689 1689 729 725 1690 1690 736 710 1691 1691 728 716 1692 1692 727 726 1693 1693 735 713 1694 1694 690 677 1695 1695 745 727 1696 1696 746 728 1697 1697 746 728 1698 1698 1002 729 1699 1699 690 677 1700 1700 743 671 1701 1701 1003 730 1702 1702 744 672 1703 1703 1014 731 1704 1704 998 732 1705 1705 743 671 1706 1706 693 733 1707 1707 672 734 1708 1708 1014 731 1709 1709 746 728 1710 1710 739 735 1711 1711 740 658 1712 1712 1013 736 1713 1713 740 658 1714 1714 1017 657 1715 1715 747 737 1716 1716 752 738 1717 1717 750 739 1718 1718 748 740 1719 1719 750 739 1720 1720 751 741 1721 1721 752 738 1722 1722 756 742 1723 1723 750 739 1724 1724 757 743 1725 1725 752 738 1726 1726 753 744 1727 1727 750 739 1728 1728 755 745 1729 1729 751 741 1730 1730 759 746 1731 1731 762 747 1732 1732 761 748 1733 1733 758 749 1734 1734 754 750 1735 1735 759 746 1736 1736 758 749 1737 1737 762 747 1738 1738 760 751 1739 1739 755 745 1740 1740 761 748 1741 1741 757 743 1742 1742 756 742 1743 1743 761 748 1744 1744 758 749 1745 1745 756 742 1746 1746 759 746 1747 1747 755 745 1748 1748 719 707 1749 1749 749 752 1750 1750 747 737 1751 1751 747 737 1752 1752 748 740 1753 1753 719 707 1754 1754 765 753 1755 1755 766 754 1756 1756 763 755 1757 1757 763 755 1758 1758 767 756 1759 1759 764 757 1760 1760 772 758 1761 1761 766 754 1762 1762 768 759 1763 1763 769 760 1764 1764 772 758 1765 1765 768 759 1766 1766 770 761 1767 1767 767 756 1768 1768 766 754 1769 1769 726 709 1770 1770 765 753 1771 1771 763 755 1772 1772 763 755 1773 1773 764 757 1774 1774 726 709 1775 1775 767 756 1776 1776 773 762 1777 1777 769 760 1778 1778 751 741 1779 1779 757 743 1780 1780 753 744 1781 1781 778 763 1782 1782 784 764 1783 1783 783 765 1784 1784 784 764 1785 1785 777 766 1786 1786 785 767 1787 1787 785 767 1788 1788 778 763 1789 1789 783 765 1790 1790 779 768 1791 1791 781 769 1792 1792 782 770 1793 1793 777 766 1794 1794 782 770 1795 1795 780 771 1796 1796 777 766 1797 1797 781 769 1798 1798 778 763 1799 1799 783 765 1800 1800 776 772 1801 1801 775 773 1802 1802 784 764 1803 1803 774 774 1804 1804 776 772 1805 1805 774 774 1806 1806 783 765 1807 1807 775 773 1808 1808 787 775 1809 1809 791 776 1810 1810 788 777 1811 1811 791 776 1812 1812 786 778 1813 1813 788 777 1814 1814 786 778 1815 1815 790 779 1816 1816 787 775 1817 1817 790 779 1818 1818 794 780 1819 1819 791 776 1820 1820 789 781 1821 1821 794 780 1822 1822 792 782 1823 1823 790 779 1824 1824 792 782 1825 1825 793 783 1826 1826 793 783 1827 1827 797 784 1828 1828 794 780 1829 1829 792 782 1830 1830 797 784 1831 1831 795 785 1832 1832 793 783 1833 1833 795 785 1834 1834 796 786 1835 1835 796 786 1836 1836 800 787 1837 1837 797 784 1838 1838 797 784 1839 1839 798 788 1840 1840 795 785 1841 1841 798 788 1842 1842 796 786 1843 1843 795 785 1844 1844 659 669 1845 1845 801 660 1846 1846 687 666 1847 1847 764 757 1848 1848 752 738 1849 1849 749 752 1850 1850 764 757 1851 1851 751 741 1852 1852 753 744 1853 1853 749 752 1854 1854 725 706 1855 1855 764 757 1856 1856 765 753 1857 1857 769 760 1858 1858 768 759 1859 1859 748 740 1860 1860 767 756 1861 1861 769 760 1862 1862 765 753 1863 1863 721 711 1864 1864 748 740 1865 1865 726 709 1866 1866 764 757 1867 1867 725 706 1868 1868 721 711 1869 1869 719 707 1870 1870 748 740 1871 1871 706 701 1872 1872 700 700 1873 1873 720 714 1874 1874 720 714 1875 1875 722 712 1876 1876 733 723 1877 1877 724 703 1878 1878 720 714 1879 1879 731 718 1880 1880 711 687 1881 1881 706 701 1882 1882 724 703 1883 1883 717 686 1884 1884 718 702 1885 1885 723 704 1886 1886 807 789 1887 1887 810 790 1888 1888 809 791 1889 1889 810 790 1890 1890 806 792 1891 1891 811 793 1892 1892 811 793 1893 1893 807 789 1894 1894 809 791 1895 1895 809 791 1896 1896 805 794 1897 1897 804 795 1898 1898 805 794 1899 1899 811 793 1900 1900 803 796 1901 1901 811 793 1902 1902 804 795 1903 1903 803 796 1904 1904 676 645 1905 1905 680 644 1906 1906 688 678 1907 1907 688 678 1908 1908 1002 729 1909 1909 1007 664 1910 1910 706 701 1911 1911 665 649 1912 1912 700 700 1913 1913 700 700 1914 1914 666 639 1915 1915 716 641 1916 1916 695 670 1917 1917 678 684 1918 1918 665 649 1919 1919 662 642 1920 1920 661 676 1921 1921 684 653 1922 1922 661 676 1923 1923 662 642 1924 1924 667 640 1925 1925 698 695 1926 1926 705 675 1927 1927 703 691 1928 1928 705 675 1929 1929 698 695 1930 1930 668 643 1931 1931 697 693 1932 1932 710 694 1933 1933 699 699 1934 1934 718 702 1935 1935 669 638 1936 1936 711 687 1937 1937 728 716 1938 1938 959 719 1939 1939 727 726 1940 1940 960 722 1941 1941 730 717 1942 1942 729 725 1943 1943 727 726 1944 1944 960 722 1945 1945 729 725 1946 1946 737 708 1947 1947 728 716 1948 1948 735 713 1949 1949 738 705 1950 1950 730 717 1951 1951 737 708 1952 1952 736 710 1953 1953 729 725 1954 1954 738 705 1955 1955 735 713 1956 1956 727 726 1957 1957 736 710 1958 1958 735 713 1959 1959 736 710 1960 1960 721 711 1961 1961 737 708 1962 1962 735 713 1963 1963 726 709 1964 1964 736 710 1965 1965 738 705 1966 1966 719 707 1967 1967 738 705 1968 1968 737 708 1969 1969 725 706 1970 1970 814 797 1971 1971 815 798 1972 1972 812 799 1973 1973 813 800 1974 1974 815 798 1975 1975 816 801 1976 1976 817 802 1977 1977 820 803 1978 1978 815 798 1979 1979 818 804 1980 1980 820 803 1981 1981 817 802 1982 1982 820 803 1983 1983 816 801 1984 1984 815 798 1985 1985 819 805 1986 1986 818 804 1987 1987 816 801 1988 1988 822 806 1989 1989 817 802 1990 1990 814 797 1991 1991 822 806 1992 1992 816 801 1993 1993 818 804 1994 1994 823 807 1995 1995 834 808 1996 1996 829 809 1997 1997 833 810 1998 1998 828 811 1999 1999 827 812 2000 2000 832 813 2001 2001 827 812 2002 2002 826 814 2003 2003 825 815 2004 2004 832 813 2005 2005 826 814 2006 2006 824 816 2007 2007 831 817 2008 2008 825 815 2009 2009 823 807 2010 2010 830 818 2011 2011 824 816 2012 2012 829 809 2013 2013 840 819 2014 2014 835 820 2015 2015 839 821 2016 2016 834 808 2017 2017 833 810 2018 2018 838 822 2019 2019 833 810 2020 2020 832 813 2021 2021 831 817 2022 2022 838 822 2023 2023 832 813 2024 2024 830 818 2025 2025 837 823 2026 2026 831 817 2027 2027 829 809 2028 2028 836 824 2029 2029 830 818 2030 2030 844 825 2031 2031 843 826 2032 2032 848 827 2033 2033 844 825 2034 2034 840 819 2035 2035 839 821 2036 2036 838 822 2037 2037 844 825 2038 2038 839 821 2039 2039 842 828 2040 2040 838 822 2041 2041 837 823 2042 2042 836 824 2043 2043 842 828 2044 2044 837 823 2045 2045 848 827 2046 2046 841 829 2047 2047 845 830 2048 2048 845 830 2049 2049 844 825 2050 2050 848 827 2051 2051 841 829 2052 2052 836 824 2053 2053 835 820 2054 2054 840 819 2055 2055 845 830 2056 2056 835 820 2057 2057 845 830 2058 2058 841 829 2059 2059 835 820 2060 2060 848 827 2061 2061 843 826 2062 2062 847 831 2063 2063 843 826 2064 2064 846 832 2065 2065 847 831 2066 2066 841 829 2067 2067 843 826 2068 2068 842 828 2069 2069 849 833 2070 2070 860 834 2071 2071 855 835 2072 2072 859 836 2073 2073 854 837 2074 2074 853 838 2075 2075 858 839 2076 2076 853 838 2077 2077 852 840 2078 2078 851 841 2079 2079 858 839 2080 2080 852 840 2081 2081 850 842 2082 2082 857 843 2083 2083 851 841 2084 2084 849 833 2085 2085 856 844 2086 2086 850 842 2087 2087 864 845 2088 2088 860 834 2089 2089 859 836 2090 2090 858 839 2091 2091 864 845 2092 2092 859 836 2093 2093 862 846 2094 2094 858 839 2095 2095 857 843 2096 2096 856 844 2097 2097 862 846 2098 2098 857 843 2099 2099 864 845 2100 2100 863 847 2101 2101 868 848 2102 2102 867 849 2103 2103 871 850 2104 2104 868 848 2105 2105 868 848 2106 2106 861 851 2107 2107 865 852 2108 2108 867 849 2109 2109 869 853 2110 2110 870 854 2111 2111 865 852 2112 2112 864 845 2113 2113 868 848 2114 2114 868 848 2115 2115 863 847 2116 2116 867 849 2117 2117 863 847 2118 2118 866 855 2119 2119 867 849 2120 2120 868 848 2121 2121 869 853 2122 2122 866 855 2123 2123 861 851 2124 2124 863 847 2125 2125 862 846 2126 2126 861 851 2127 2127 856 844 2128 2128 855 835 2129 2129 881 856 2130 2130 880 857 2131 2131 885 858 2132 2132 881 856 2133 2133 877 859 2134 2134 876 860 2135 2135 875 861 2136 2136 881 856 2137 2137 876 860 2138 2138 874 862 2139 2139 880 857 2140 2140 875 861 2141 2141 873 863 2142 2142 879 864 2143 2143 874 862 2144 2144 885 858 2145 2145 887 865 2146 2146 888 866 2147 2147 882 867 2148 2148 883 868 2149 2149 878 869 2150 2150 883 868 2151 2151 887 865 2152 2152 884 870 2153 2153 882 867 2154 2154 881 856 2155 2155 885 858 2156 2156 878 869 2157 2157 873 863 2158 2158 872 871 2159 2159 877 859 2160 2160 882 867 2161 2161 872 871 2162 2162 882 867 2163 2163 878 869 2164 2164 872 871 2165 2165 885 858 2166 2166 880 857 2167 2167 884 870 2168 2168 880 857 2169 2169 883 868 2170 2170 884 870 2171 2171 885 858 2172 2172 886 872 2173 2173 883 868 2174 2174 878 869 2175 2175 880 857 2176 2176 879 864 2177 2177 898 873 2178 2178 897 874 2179 2179 902 875 2180 2180 898 873 2181 2181 894 876 2182 2182 893 877 2183 2183 897 874 2184 2184 893 877 2185 2185 892 878 2186 2186 896 879 2187 2187 892 878 2188 2188 891 880 2189 2189 890 881 2190 2190 896 879 2191 2191 891 880 2192 2192 901 882 2193 2193 905 883 2194 2194 902 875 2195 2195 899 884 2196 2196 900 885 2197 2197 895 886 2198 2198 901 882 2199 2199 903 887 2200 2200 904 888 2201 2201 899 884 2202 2202 898 873 2203 2203 902 875 2204 2204 895 886 2205 2205 890 881 2206 2206 889 889 2207 2207 894 876 2208 2208 899 884 2209 2209 889 889 2210 2210 899 884 2211 2211 895 886 2212 2212 889 889 2213 2213 902 875 2214 2214 897 874 2215 2215 901 882 2216 2216 897 874 2217 2217 900 885 2218 2218 901 882 2219 2219 902 875 2220 2220 903 887 2221 2221 900 885 2222 2222 895 886 2223 2223 897 874 2224 2224 896 879 2225 2225 915 890 2226 2226 914 891 2227 2227 919 892 2228 2228 915 890 2229 2229 911 893 2230 2230 910 894 2231 2231 914 891 2232 2232 910 894 2233 2233 909 895 2234 2234 908 896 2235 2235 914 891 2236 2236 909 895 2237 2237 907 897 2238 2238 913 898 2239 2239 908 896 2240 2240 919 892 2241 2241 921 899 2242 2242 922 900 2243 2243 916 901 2244 2244 917 902 2245 2245 912 903 2246 2246 917 902 2247 2247 921 899 2248 2248 918 904 2249 2249 916 901 2250 2250 915 890 2251 2251 919 892 2252 2252 912 903 2253 2253 907 897 2254 2254 906 905 2255 2255 911 893 2256 2256 916 901 2257 2257 906 905 2258 2258 916 901 2259 2259 912 903 2260 2260 906 905 2261 2261 919 892 2262 2262 914 891 2263 2263 918 904 2264 2264 914 891 2265 2265 917 902 2266 2266 918 904 2267 2267 919 892 2268 2268 920 906 2269 2269 917 902 2270 2270 912 903 2271 2271 914 891 2272 2272 913 898 2273 2273 928 907 2274 2274 933 908 2275 2275 929 909 2276 2276 929 909 2277 2277 926 910 2278 2278 925 911 2279 2279 927 912 2280 2280 934 913 2281 2281 931 914 2282 2282 923 915 2283 2283 928 907 2284 2284 924 916 2285 2285 933 908 2286 2286 930 917 2287 2287 929 909 2288 2288 923 915 2289 2289 930 917 2290 2290 927 912 2291 2291 927 912 2292 2292 932 918 2293 2293 928 907 2294 2294 941 919 2295 2295 938 920 2296 2296 940 921 2297 2297 937 922 2298 2298 940 921 2299 2299 938 920 2300 2300 935 923 2301 2301 939 924 2302 2302 936 925 2303 2303 936 925 2304 2304 939 924 2305 2305 940 921 2306 2306 937 922 2307 2307 936 925 2308 2308 940 921 2309 2309 938 920 2310 2310 941 919 2311 2311 935 923 2312 2312 941 919 2313 2313 939 924 2314 2314 935 923 2315 2315 924 916 2316 2316 929 909 2317 2317 925 911 2318 2318 966 926 2319 2319 949 927 2320 2320 965 928 2321 2321 942 929 2322 2322 956 930 2323 2323 943 931 2324 2324 943 931 2325 2325 955 932 2326 2326 944 933 2327 2327 944 933 2328 2328 954 934 2329 2329 945 935 2330 2330 954 934 2331 2331 946 936 2332 2332 945 935 2333 2333 953 937 2334 2334 947 938 2335 2335 946 936 2336 2336 952 939 2337 2337 942 929 2338 2338 947 938 2339 2339 958 715 2340 2340 731 718 2341 2341 957 720 2342 2342 951 940 2343 2343 966 926 2344 2344 956 930 2345 2345 956 930 2346 2346 965 928 2347 2347 955 932 2348 2348 955 932 2349 2349 964 941 2350 2350 954 934 2351 2351 964 941 2352 2352 953 937 2353 2353 954 934 2354 2354 963 942 2355 2355 952 939 2356 2356 953 937 2357 2357 961 943 2358 2358 951 940 2359 2359 952 939 2360 2360 961 943 2361 2361 950 944 2362 2362 962 945 2363 2363 963 942 2364 2364 950 944 2365 2365 961 943 2366 2366 949 927 2367 2367 963 942 2368 2368 964 941 2369 2369 965 928 2370 2370 949 927 2371 2371 964 941 2372 2372 962 945 2373 2373 948 946 2374 2374 966 926 2375 2375 1000 656 2376 2376 685 663 2377 2377 994 665 2378 2378 684 653 2379 2379 996 696 2380 2380 708 674 2381 2381 1012 947 2382 2382 703 691 2383 2383 1018 948 2384 2384 703 691 2385 2385 993 697 2386 2386 1018 948 2387 2387 715 949 2388 2388 707 950 2389 2389 677 951 2390 2390 715 949 2391 2391 675 952 2392 2392 712 953 2393 2393 671 954 2394 2394 802 955 2395 2395 670 956 2396 2396 715 949 2397 2397 712 953 2398 2398 969 957 2399 2399 671 954 2400 2400 670 956 2401 2401 677 951 2402 2402 677 951 2403 2403 694 958 2404 2404 671 954 2405 2405 742 959 2406 2406 741 960 2407 2407 672 734 2408 2408 677 951 2409 2409 670 956 2410 2410 715 949 2411 2411 681 961 2412 2412 742 959 2413 2413 672 734 2414 2414 693 733 2415 2415 677 951 2416 2416 679 962 2417 2417 681 961 2418 2418 672 734 2419 2419 679 962 2420 2420 674 963 2421 2421 673 964 2422 2422 968 965 2423 2423 679 962 2424 2424 672 734 2425 2425 693 733 2426 2426 673 964 2427 2427 967 966 2428 2428 968 965 2429 2429 707 950 2430 2430 968 965 2431 2431 967 966 2432 2432 702 967 2433 2433 969 957 2434 2434 712 953 2435 2435 712 953 2436 2436 701 968 2437 2437 702 967 2438 2438 679 962 2439 2439 677 951 2440 2440 967 966 2441 2441 707 950 2442 2442 967 966 2443 2443 677 951 2444 2444 715 949 2445 2445 969 957 2446 2446 707 950 2447 2447 975 969 2448 2448 976 970 2449 2449 970 971 2450 2450 980 972 2451 2451 975 969 2452 2452 974 973 2453 2453 979 974 2454 2454 974 973 2455 2455 973 975 2456 2456 972 976 2457 2457 979 974 2458 2458 973 975 2459 2459 971 977 2460 2460 978 978 2461 2461 972 976 2462 2462 970 971 2463 2463 977 979 2464 2464 971 977 2465 2465 980 972 2466 2466 986 980 2467 2467 981 981 2468 2468 979 974 2469 2469 985 982 2470 2470 980 972 2471 2471 983 983 2472 2472 979 974 2473 2473 978 978 2474 2474 977 979 2475 2475 983 983 2476 2476 978 978 2477 2477 985 982 2478 2478 984 984 2479 2479 989 985 2480 2480 988 986 2481 2481 992 987 2482 2482 989 985 2483 2483 989 985 2484 2484 982 988 2485 2485 986 980 2486 2486 988 986 2487 2487 990 989 2488 2488 991 990 2489 2489 986 980 2490 2490 985 982 2491 2491 989 985 2492 2492 989 985 2493 2493 984 984 2494 2494 988 986 2495 2495 984 984 2496 2496 987 991 2497 2497 988 986 2498 2498 992 987 2499 2499 987 991 2500 2500 989 985 2501 2501 982 988 2502 2502 984 984 2503 2503 983 983 2504 2504 976 970 2505 2505 982 988 2506 2506 977 979 2507 2507 986 980 2508 2508 982 988 2509 2509 976 970 2510 2510 981 981 2511 2511 986 980 2512 2512 976 970 2513 2513 1006 692 2514 2514 712 953 2515 2515 1008 689 2516 2516 1008 689 2517 2517 675 952 2518 2518 1019 698 2519 2519 741 960 2520 2520 1014 731 2521 2521 672 734 2522 2522 1018 948 2523 2523 993 697 2524 2524 969 957 2525 2525 679 962 2526 2526 1011 659 2527 2527 681 961 2528 2528 679 962 2529 2529 1013 736 2530 2530 1017 657 2531 2531 999 683 2532 2532 677 951 2533 2533 693 733 2534 2534 996 696 2535 2535 969 957 2536 2536 993 697 2537 2537 702 967 2538 2538 1018 948 2539 2539 969 957 2540 2540 995 654 2541 2541 673 964 2542 2542 674 963 2543 2543 998 732 2544 2544 742 959 2545 2545 1003 730 2546 2546 1007 664 2547 2547 1002 729 2548 2548 679 962 2549 2549 1015 667 2550 2550 671 954 2551 2551 694 958 2552 2552 996 696 2553 2553 968 965 2554 2554 707 950 2555 2555 997 661 2556 2556 715 949 2557 2557 670 956 2558 2558 995 654 2559 2559 968 965 2560 2560 1009 655 2561 2561 1002 729 2562 2562 1013 736 2563 2563 679 962 2564 2564 739 735 2565 2565 1014 731 2566 2566 743 671 2567 2567 1015 667 2568 2568 677 951 2569 2569 1005 685 2570 2570 1000 656 2571 2571 967 966 2572 2572 673 964 2573 2573 1016 651 2574 2574 675 952 2575 2575 715 949 2576 2576 994 665 2577 2577 679 962 2578 2578 967 966 2579 2579 1004 992 2580 2580 693 733 2581 2581 1014 731 2582 2582 1012 947 2583 2583 701 968 2584 2584 1006 692 2585 2585 739 735 2586 2586 1004 992 2587 2587 1014 731 2588 2588 1001 662 2589 2589 670 956 2590 2590 802 955 2591 2591 687 666 2592 2592 801 660 2593 2593 1001 662 2594 2594 1010 993 2595 2595 687 666 2596 2596 1001 662 2597 2597 671 954 2598 2598 1001 662 2599 2599 802 955 2600 2600 999 683 2601 2601 1004 992 2602 2602 745 727 2603 2603 745 727 2604 2604 1004 992 2605 2605 739 735 2606 2606 1004 992 2607 2607 999 683 2608 2608 693 733 2609 2609 1011 659 2610 2610 740 658 2611 2611 744 672 2612 2612 1003 730 2613 2613 1011 659 2614 2614 744 672 2615 2615 742 959 2616 2616 1011 659 2617 2617 1003 730 2618 2618 663 636 3909 3909 713 673 3910 3910 664 637 3911 3911 658 648 3912 3912 659 669 3913 3913 665 649 3914 3914 683 650 3915 3915 1019 698 3916 3916 1016 651 3917 3917 684 653 3918 3918 685 663 3919 3919 1000 656 3920 3920 801 660 3921 3921 682 681 3922 3922 997 661 3923 3923 685 663 3924 3924 688 678 3925 3925 1007 664 3926 3926 676 645 3927 3927 661 676 3928 3928 667 640 3929 3929 687 666 3930 3930 1010 993 3931 3931 1015 667 3932 3932 740 658 3933 3933 739 735 3934 3934 743 671 3935 3935 663 636 3936 3936 683 650 3937 3937 714 652 3938 3938 662 642 3939 3939 684 653 3940 3940 708 674 3941 3941 660 647 3942 3942 691 646 3943 3943 692 679 3944 3944 661 676 3945 3945 676 645 3946 3946 688 678 3947 3947 659 669 3948 3948 687 666 3949 3949 696 668 3950 3950 660 647 3951 3951 686 680 3952 3952 690 677 3953 3953 689 682 3954 3954 1005 685 3955 3955 999 683 3956 3956 678 684 3957 3957 689 682 3958 3958 692 679 3959 3959 678 684 3960 3960 695 670 3961 3961 696 668 3962 3962 696 668 3963 3963 1015 667 3964 3964 1005 685 3965 3965 667 640 3966 3966 668 643 3967 3967 717 686 3968 3968 704 688 3969 3969 1006 692 3970 3970 1008 689 3971 3971 703 691 3972 3972 1012 947 3973 3973 1006 692 3974 3974 697 693 3975 3975 704 688 3976 3976 709 690 3977 3977 698 695 3978 3978 703 691 3979 3979 704 688 3980 3980 683 650 3981 3981 709 690 3982 3982 1008 689 3983 3983 710 694 3984 3984 709 690 3985 3985 683 650 3986 3986 658 648 3987 3987 713 673 3988 3988 714 652 3989 3989 682 681 3990 3990 714 652 3991 3991 1016 651 3992 3992 664 637 3993 3993 665 649 3994 3994 706 701 3995 3995 717 686 3996 3996 723 704 3997 3997 722 712 3998 3998 958 715 3999 3999 957 720 4000 4000 728 716 4001 4001 731 718 4002 4002 733 723 4003 4003 959 719 4004 4004 734 721 4005 4005 732 724 4006 4006 958 715 4007 4007 733 723 4008 4008 734 721 4009 4009 960 722 4010 4010 723 704 4011 4011 732 724 4012 4012 734 721 4013 4013 724 703 4014 4014 731 718 4015 4015 732 724 4016 4016 690 677 4017 4017 686 680 4018 4018 745 727 4019 4019 746 728 4020 4020 1013 736 4021 4021 1002 729 4022 4022 743 671 4023 4023 998 732 4024 4024 1003 730 4025 4025 746 728 4026 4026 745 727 4027 4027 739 735 4028 4028 1013 736 4029 4029 746 728 4030 4030 740 658 4031 4031 747 737 4032 4032 749 752 4033 4033 752 738 4034 4034 748 740 4035 4035 747 737 4036 4036 750 739 4037 4037 757 743 4038 4038 756 742 4039 4039 752 738 4040 4040 750 739 4041 4041 756 742 4042 4042 755 745 4043 4043 759 746 4044 4044 754 750 4045 4045 762 747 4046 4046 758 749 4047 4047 760 751 4048 4048 754 750 4049 4049 758 749 4050 4050 761 748 4051 4051 762 747 4052 4052 755 745 4053 4053 759 746 4054 4054 761 748 4055 4055 756 742 4056 4056 757 743 4057 4057 761 748 4058 4058 756 742 4059 4059 758 749 4060 4060 759 746 4061 4061 719 707 4062 4062 725 706 4063 4063 749 752 4064 4064 765 753 4065 4065 768 759 4066 4066 766 754 4067 4067 763 755 4068 4068 766 754 4069 4069 767 756 4070 4070 772 758 4071 4071 770 761 4072 4072 766 754 4073 4073 769 760 4074 4074 773 762 4075 4075 772 758 4076 4076 770 761 4077 4077 771 1459 4078 4078 767 756 4079 4079 726 709 4080 4080 721 711 4081 4081 765 753 4082 4082 767 756 4083 4083 771 1459 4084 4084 773 762 4085 4085 751 741 4086 4086 755 745 4087 4087 757 743 4088 4088 778 763 4089 4089 779 768 4090 4090 784 764 4091 4091 784 764 4092 4092 779 768 4093 4093 777 766 4094 4094 785 767 4095 4095 777 766 4096 4096 778 763 4097 4097 779 768 4098 4098 778 763 4099 4099 781 769 4100 4100 777 766 4101 4101 779 768 4102 4102 782 770 4103 4103 777 766 4104 4104 780 771 4105 4105 781 769 4106 4106 783 765 4107 4107 784 764 4108 4108 776 772 4109 4109 784 764 4110 4110 785 767 4111 4111 774 774 4112 4112 774 774 4113 4113 785 767 4114 4114 783 765 4115 4115 787 775 4116 4116 790 779 4117 4117 791 776 4118 4118 791 776 4119 4119 789 781 4120 4120 786 778 4121 4121 786 778 4122 4122 789 781 4123 4123 790 779 4124 4124 790 779 4125 4125 793 783 4126 4126 794 780 4127 4127 789 781 4128 4128 791 776 4129 4129 794 780 4130 4130 790 779 4131 4131 789 781 4132 4132 792 782 4133 4133 793 783 4134 4134 796 786 4135 4135 797 784 4136 4136 792 782 4137 4137 794 780 4138 4138 797 784 4139 4139 793 783 4140 4140 792 782 4141 4141 795 785 4142 4142 796 786 4143 4143 799 1460 4144 4144 800 787 4145 4145 797 784 4146 4146 800 787 4147 4147 798 788 4148 4148 798 788 4149 4149 799 1460 4150 4150 796 786 4151 4151 659 669 4152 4152 658 648 4153 4153 801 660 4154 4154 764 757 4155 4155 753 744 4156 4156 752 738 4157 4157 764 757 4158 4158 748 740 4159 4159 751 741 4160 4160 765 753 4161 4161 748 740 4162 4162 769 760 4163 4163 748 740 4164 4164 764 757 4165 4165 767 756 4166 4166 807 789 4167 4167 808 1461 4168 4168 810 790 4169 4169 810 790 4170 4170 808 1461 4171 4171 806 792 4172 4172 811 793 4173 4173 806 792 4174 4174 807 789 4175 4175 809 791 4176 4176 810 790 4177 4177 805 794 4178 4178 805 794 4179 4179 810 790 4180 4180 811 793 4181 4181 811 793 4182 4182 809 791 4183 4183 804 795 4184 4184 688 678 4185 4185 690 677 4186 4186 1002 729 4187 4187 728 716 4188 4188 957 720 4189 4189 959 719 4190 4190 960 722 4191 4191 958 715 4192 4192 730 717 4193 4193 727 726 4194 4194 959 719 4195 4195 960 722 4196 4196 814 797 4197 4197 817 802 4198 4198 815 798 4199 4199 813 800 4200 4200 812 799 4201 4201 815 798 4202 4202 818 804 4203 4203 821 1462 4204 4204 820 803 4205 4205 820 803 4206 4206 819 805 4207 4207 816 801 4208 4208 819 805 4209 4209 821 1462 4210 4210 818 804 4211 4211 822 806 4212 4212 818 804 4213 4213 817 802 4214 4214 822 806 4215 4215 813 800 4216 4216 816 801 4217 4217 823 807 4218 4218 828 811 4219 4219 834 808 4220 4220 833 810 4221 4221 834 808 4222 4222 828 811 4223 4223 832 813 4224 4224 833 810 4225 4225 827 812 4226 4226 825 815 4227 4227 831 817 4228 4228 832 813 4229 4229 824 816 4230 4230 830 818 4231 4231 831 817 4232 4232 823 807 4233 4233 829 809 4234 4234 830 818 4235 4235 829 809 4236 4236 834 808 4237 4237 840 819 4238 4238 839 821 4239 4239 840 819 4240 4240 834 808 4241 4241 838 822 4242 4242 839 821 4243 4243 833 810 4244 4244 831 817 4245 4245 837 823 4246 4246 838 822 4247 4247 830 818 4248 4248 836 824 4249 4249 837 823 4250 4250 829 809 4251 4251 835 820 4252 4252 836 824 4253 4253 844 825 4254 4254 845 830 4255 4255 840 819 4256 4256 838 822 4257 4257 843 826 4258 4258 844 825 4259 4259 842 828 4260 4260 843 826 4261 4261 838 822 4262 4262 836 824 4263 4263 841 829 4264 4264 842 828 4265 4265 848 827 4266 4266 846 832 4267 4267 841 829 4268 4268 841 829 4269 4269 846 832 4270 4270 843 826 4271 4271 849 833 4272 4272 854 837 4273 4273 860 834 4274 4274 859 836 4275 4275 860 834 4276 4276 854 837 4277 4277 858 839 4278 4278 859 836 4279 4279 853 838 4280 4280 851 841 4281 4281 857 843 4282 4282 858 839 4283 4283 850 842 4284 4284 856 844 4285 4285 857 843 4286 4286 849 833 4287 4287 855 835 4288 4288 856 844 4289 4289 864 845 4290 4290 865 852 4291 4291 860 834 4292 4292 858 839 4293 4293 863 847 4294 4294 864 845 4295 4295 862 846 4296 4296 863 847 4297 4297 858 839 4298 4298 856 844 4299 4299 861 851 4300 4300 862 846 4301 4301 867 849 4302 4302 870 854 4303 4303 871 850 4304 4304 868 848 4305 4305 866 855 4306 4306 861 851 4307 4307 867 849 4308 4308 866 855 4309 4309 869 853 4310 4310 868 848 4311 4311 871 850 4312 4312 869 853 4313 4313 861 851 4314 4314 866 855 4315 4315 863 847 4316 4316 855 835 4317 4317 860 834 4318 4318 861 851 4319 4319 865 852 4320 4320 861 851 4321 4321 860 834 4322 4322 881 856 4323 4323 882 867 4324 4324 877 859 4325 4325 875 861 4326 4326 880 857 4327 4327 881 856 4328 4328 874 862 4329 4329 879 864 4330 4330 880 857 4331 4331 873 863 4332 4332 878 869 4333 4333 879 864 4334 4334 885 858 4335 4335 884 870 4336 4336 887 865 4337 4337 882 867 4338 4338 885 858 4339 4339 883 868 4340 4340 883 868 4341 4341 886 872 4342 4342 887 865 4343 4343 885 858 4344 4344 888 866 4345 4345 886 872 4346 4346 878 869 4347 4347 883 868 4348 4348 880 857 4349 4349 898 873 4350 4350 899 884 4351 4351 894 876 4352 4352 897 874 4353 4353 898 873 4354 4354 893 877 4355 4355 896 879 4356 4356 897 874 4357 4357 892 878 4358 4358 890 881 4359 4359 895 886 4360 4360 896 879 4361 4361 901 882 4362 4362 904 888 4363 4363 905 883 4364 4364 899 884 4365 4365 902 875 4366 4366 900 885 4367 4367 901 882 4368 4368 900 885 4369 4369 903 887 4370 4370 902 875 4371 4371 905 883 4372 4372 903 887 4373 4373 895 886 4374 4374 900 885 4375 4375 897 874 4376 4376 915 890 4377 4377 916 901 4378 4378 911 893 4379 4379 914 891 4380 4380 915 890 4381 4381 910 894 4382 4382 908 896 4383 4383 913 898 4384 4384 914 891 4385 4385 907 897 4386 4386 912 903 4387 4387 913 898 4388 4388 919 892 4389 4389 918 904 4390 4390 921 899 4391 4391 916 901 4392 4392 919 892 4393 4393 917 902 4394 4394 917 902 4395 4395 920 906 4396 4396 921 899 4397 4397 919 892 4398 4398 922 900 4399 4399 920 906 4400 4400 912 903 4401 4401 917 902 4402 4402 914 891 4403 4403 928 907 4404 4404 932 918 4405 4405 933 908 4406 4406 929 909 4407 4407 930 917 4408 4408 926 910 4409 4409 927 912 4410 4410 930 917 4411 4411 934 913 4412 4412 923 915 4413 4413 927 912 4414 4414 928 907 4415 4415 933 908 4416 4416 934 913 4417 4417 930 917 4418 4418 923 915 4419 4419 926 910 4420 4420 930 917 4421 4421 927 912 4422 4422 931 914 4423 4423 932 918 4424 4424 924 916 4425 4425 928 907 4426 4426 929 909 4427 4427 966 926 4428 4428 948 946 4429 4429 949 927 4430 4430 942 929 4431 4431 951 940 4432 4432 956 930 4433 4433 943 931 4434 4434 956 930 4435 4435 955 932 4436 4436 944 933 4437 4437 955 932 4438 4438 954 934 4439 4439 954 934 4440 4440 953 937 4441 4441 946 936 4442 4442 953 937 4443 4443 952 939 4444 4444 947 938 4445 4445 952 939 4446 4446 951 940 4447 4447 942 929 4448 4448 958 715 4449 4449 732 724 4450 4450 731 718 4451 4451 951 940 4452 4452 962 945 4453 4453 966 926 4454 4454 956 930 4455 4455 966 926 4456 4456 965 928 4457 4457 955 932 4458 4458 965 928 4459 4459 964 941 4460 4460 964 941 4461 4461 963 942 4462 4462 953 937 4463 4463 963 942 4464 4464 961 943 4465 4465 952 939 4466 4466 961 943 4467 4467 962 945 4468 4468 951 940 4469 4469 949 927 4470 4470 950 944 4471 4471 963 942 4472 4472 962 945 4473 4473 950 944 4474 4474 948 946 4475 4475 684 653 4476 4476 1009 655 4477 4477 996 696 4478 4478 703 691 4479 4479 708 674 4480 4480 993 697 4481 4481 975 969 4482 4482 981 981 4483 4483 976 970 4484 4484 980 972 4485 4485 981 981 4486 4486 975 969 4487 4487 979 974 4488 4488 980 972 4489 4489 974 973 4490 4490 972 976 4491 4491 978 978 4492 4492 979 974 4493 4493 971 977 4494 4494 977 979 4495 4495 978 978 4496 4496 970 971 4497 4497 976 970 4498 4498 977 979 4499 4499 980 972 4500 4500 985 982 4501 4501 986 980 4502 4502 979 974 4503 4503 984 984 4504 4504 985 982 4505 4505 983 983 4506 4506 984 984 4507 4507 979 974 4508 4508 977 979 4509 4509 982 988 4510 4510 983 983 4511 4511 988 986 4512 4512 991 990 4513 4513 992 987 4514 4514 989 985 4515 4515 987 991 4516 4516 982 988 4517 4517 988 986 4518 4518 987 991 4519 4519 990 989 4520 4520 992 987 4521 4521 990 989 4522 4522 987 991 4523 4523 982 988 4524 4524 987 991 4525 4525 984 984 4526 4526 1006 692 4527 4527 701 968 4528 4528 712 953 4529 4529 1008 689 4530 4530 712 953 4531 4531 675 952 4532 4532 741 960 4533 4533 998 732 4534 4534 1014 731 4535 4535 679 962 4536 4536 1017 657 4537 4537 1011 659 4538 4538 999 683 4539 4539 1005 685 4540 4540 677 951 4541 4541 996 696 4542 4542 707 950 4543 4543 969 957 4544 4544 702 967 4545 4545 1012 947 4546 4546 1018 948 4547 4547 995 654 4548 4548 1000 656 4549 4549 673 964 4550 4550 998 732 4551 4551 741 960 4552 4552 742 959 4553 4553 1015 667 4554 4554 1010 993 4555 4555 671 954 4556 4556 996 696 4557 4557 1009 655 4558 4558 968 965 4559 4559 997 661 4560 4560 1016 651 4561 4561 715 949 4562 4562 995 654 4563 4563 674 963 4564 4564 968 965 4565 4565 1015 667 4566 4566 694 958 4567 4567 677 951 4568 4568 1000 656 4569 4569 994 665 4570 4570 967 966 4571 4571 1016 651 4572 4572 1019 698 4573 4573 675 952 4574 4574 994 665 4575 4575 1007 664 4576 4576 679 962 4577 4577 1012 947 4578 4578 702 967 4579 4579 701 968 4580 4580 1001 662 4581 4581 997 661 4582 4582 670 956 4583 4583 671 954 4584 4584 1010 993 4585 4585 1001 662 4586 4586 745 727 4587 4587 686 680 4588 4588 692 679 4589 4589 692 679 4590 4590 999 683 4591 4591 745 727 4592 4592 742 959 4593 4593 681 961 4594 4594 1011 659 4595 4595</p>
        </polylist>
        <polylist material="tro_vines_2d-material" count="488">
          <input semantic="VERTEX" source="#tree_oak_large_b200_002-mesh-vertices" offset="0"/>
          <input semantic="NORMAL" source="#tree_oak_large_b200_002-mesh-normals" offset="1"/>
          <input semantic="TEXCOORD" source="#tree_oak_large_b200_002-mesh-map-0" offset="2" set="0"/>
          <input semantic="COLOR" source="#tree_oak_large_b200_002-mesh-colors-Col" offset="3" set="0"/>
          <vcount>3 3 3 3 3 3 3 3 3 3 3 3 3 3 3 3 3 3 3 3 3 3 3 3 3 3 3 3 3 3 3 3 3 3 3 3 3 3 3 3 3 3 3 3 3 3 3 3 3 3 3 3 3 3 3 3 3 3 3 3 3 3 3 3 3 3 3 3 3 3 3 3 3 3 3 3 3 3 3 3 3 3 3 3 3 3 3 3 3 3 3 3 3 3 3 3 3 3 3 3 3 3 3 3 3 3 3 3 3 3 3 3 3 3 3 3 3 3 3 3 3 3 3 3 3 3 3 3 3 3 3 3 3 3 3 3 3 3 3 3 3 3 3 3 3 3 3 3 3 3 3 3 3 3 3 3 3 3 3 3 3 3 3 3 3 3 3 3 3 3 3 3 3 3 3 3 3 3 3 3 3 3 3 3 3 3 3 3 3 3 3 3 3 3 3 3 3 3 3 3 3 3 3 3 3 3 3 3 3 3 3 3 3 3 3 3 3 3 3 3 3 3 3 3 3 3 3 3 3 3 3 3 3 3 3 3 3 3 3 3 3 3 3 3 3 3 3 3 3 3 3 3 3 3 3 3 3 3 3 3 3 3 3 3 3 3 3 3 3 3 3 3 3 3 3 3 3 3 3 3 3 3 3 3 3 3 3 3 3 3 3 3 3 3 3 3 3 3 3 3 3 3 3 3 3 3 3 3 3 3 3 3 3 3 3 3 3 3 3 3 3 3 3 3 3 3 3 3 3 3 3 3 3 3 3 3 3 3 3 3 3 3 3 3 3 3 3 3 3 3 3 3 3 3 3 3 3 3 3 3 3 3 3 3 3 3 3 3 3 3 3 3 3 3 3 3 3 3 3 3 3 3 3 3 3 3 3 3 3 3 3 3 3 3 3 3 3 3 3 3 3 3 3 3 3 3 3 3 3 3 3 3 3 3 3 3 3 3 3 3 3 3 3 3 3 3 3 3 3 3 3 3 3 3 3 3 3 3 3 3 3 3 3 3 3 3 3 3 3 3 3 3 3 3 3 3 3 3 3 3 3 3 3 3 3 3 3 3 3 3 3 3 3 3 3 3 3 3 3 3 3 3 3 3 3 3 3 3 </vcount>
          <p>113 112 294 294 114 113 295 295 112 114 296 296 134 115 297 297 119 116 298 298 118 117 299 299 117 118 300 300 122 119 301 301 121 120 302 302 122 119 303 303 123 121 304 304 120 122 305 305 118 117 306 306 119 116 307 307 125 123 308 308 132 124 309 309 129 125 310 310 128 126 311 311 128 126 312 312 129 125 313 313 131 127 314 314 133 128 315 315 132 124 316 316 128 126 317 317 137 129 318 318 134 115 319 319 135 130 320 320 123 121 321 321 137 129 322 322 136 131 323 323 135 130 324 324 134 115 325 325 118 117 326 326 116 132 327 327 117 118 328 328 121 120 329 329 121 120 330 330 122 119 331 331 120 122 332 332 124 133 333 333 118 117 334 334 125 123 335 335 130 127 336 336 128 126 337 337 131 127 338 338 136 131 339 339 137 129 340 340 135 130 341 341 120 122 342 342 123 121 343 343 136 131 344 344 125 123 345 345 127 134 346 346 126 135 347 347 126 135 348 348 127 134 349 349 132 124 350 350 126 135 351 351 132 124 352 352 133 128 353 353 124 133 354 354 125 123 355 355 126 135 356 356 145 136 357 357 139 137 358 358 138 138 359 359 147 139 360 360 142 140 361 361 144 141 362 362 161 142 363 363 143 143 364 364 145 136 365 365 165 144 366 366 146 145 367 367 147 139 368 368 144 141 369 369 148 146 370 370 150 147 371 371 152 148 372 372 151 149 373 373 153 150 374 374 148 146 375 375 153 150 376 376 150 147 377 377 162 151 378 378 156 152 379 379 163 153 380 380 158 154 381 381 157 155 382 382 159 156 383 383 154 157 384 384 159 156 385 385 156 152 386 386 157 155 387 387 160 142 388 388 161 142 389 389 149 158 390 390 163 153 391 391 151 149 392 392 169 159 393 393 164 160 394 394 165 144 395 395 170 161 396 396 168 162 397 397 171 163 398 398 168 162 399 399 167 164 400 400 169 159 401 401 140 165 402 402 171 163 403 403 141 166 404 404 174 167 405 405 173 168 406 406 172 169 407 407 141 166 408 408 174 167 409 409 140 165 410 410 172 169 411 411 177 170 412 412 176 171 413 413 177 170 414 414 178 172 415 415 176 171 416 416 178 172 417 417 181 173 418 418 180 174 419 419 139 137 420 420 182 175 421 421 138 138 422 422 183 176 423 423 184 177 424 424 182 175 425 425 185 178 426 426 186 179 427 427 184 177 428 428 196 180 429 429 188 181 430 430 197 182 431 431 199 183 432 432 191 184 433 433 198 185 434 434 194 186 435 435 193 187 436 436 190 188 437 437 192 189 438 438 194 186 439 439 191 184 440 440 193 187 441 441 197 182 442 442 190 188 443 443 187 190 444 444 198 185 445 445 186 179 446 446 266 239 573 573 251 116 574 574 250 117 575 575 249 240 576 576 254 241 577 577 253 242 578 578 254 241 579 579 255 243 580 580 252 244 581 581 250 117 582 582 251 116 583 583 257 123 584 584 264 245 585 585 261 246 586 586 260 247 587 587 261 246 588 588 263 248 589 589 274 249 590 590 265 250 591 591 264 245 592 592 260 247 593 593 269 251 594 594 266 239 595 595 267 252 596 596 255 243 597 597 367 253 598 598 268 254 599 599 267 252 600 600 266 239 601 601 250 117 602 602 248 255 603 603 249 240 604 604 253 242 605 605 253 242 606 606 254 241 607 607 252 244 608 608 256 133 609 609 250 117 610 610 257 123 611 611 262 256 612 612 260 247 613 613 274 249 614 614 268 254 615 615 269 251 616 616 267 252 617 617 252 244 618 618 255 243 619 619 268 254 620 620 257 123 621 621 259 257 622 622 258 258 623 623 258 258 624 624 259 257 625 625 264 245 626 626 258 258 627 627 264 245 628 628 265 250 629 629 256 133 630 630 257 123 631 631 258 258 632 632 273 259 633 633 270 260 634 634 271 261 635 635 275 262 636 636 272 263 637 637 273 259 638 638 249 240 639 639 248 255 640 640 276 264 641 641 275 262 642 642 249 240 643 643 276 264 644 644 408 265 645 645 278 266 646 646 277 267 647 647 318 268 648 648 282 269 649 649 319 270 650 650 288 271 651 651 283 272 652 652 284 273 653 653 289 274 654 654 286 275 655 655 285 276 656 656 285 276 657 657 287 277 658 658 288 271 659 659 282 269 660 660 292 278 661 661 291 279 662 662 291 279 663 663 290 280 664 664 289 274 665 665 303 281 666 666 293 282 667 667 304 283 668 668 326 284 669 669 296 285 670 670 325 286 671 671 300 287 672 672 309 288 673 673 299 289 674 674 279 290 675 675 299 289 676 676 280 291 677 677 305 292 678 678 301 293 679 679 302 294 680 680 301 293 681 681 304 283 682 682 302 294 683 683 297 295 684 684 308 296 685 685 307 297 686 686 307 297 687 687 306 298 688 688 305 292 689 689 310 299 690 690 297 295 691 691 309 288 692 692 314 300 693 693 311 301 694 694 313 302 695 695 294 303 696 696 313 302 697 697 293 282 698 698 312 304 699 699 316 305 700 700 311 301 701 701 296 285 702 702 323 306 703 703 324 307 704 704 321 308 705 705 319 270 706 706 322 309 707 707 320 310 708 708 321 308 709 709 322 309 710 710 324 307 711 711 317 311 712 712 320 310 713 713 315 312 714 714 325 286 715 715 316 305 716 716 260 247 717 717 261 246 718 718 274 249 719 719 263 248 720 720 262 256 721 721 274 249 722 722 262 256 723 723 328 313 724 724 327 313 725 725 332 314 726 726 329 315 727 727 330 316 728 728 361 317 729 729 333 318 730 730 362 319 731 731 368 320 732 732 335 321 733 733 369 322 734 734 349 323 735 735 358 324 736 736 350 325 737 737 351 326 738 738 340 327 739 739 337 328 740 740 345 329 741 741 342 330 742 742 341 331 743 743 348 332 744 744 344 333 745 745 347 334 746 746 370 335 747 747 346 336 748 748 345 329 749 749 341 331 750 750 348 332 751 751 347 334 752 752 343 337 753 753 350 325 754 754 344 333 755 755 353 338 756 756 352 339 757 757 351 326 758 758 357 340 759 759 354 341 760 760 353 338 761 761 355 342 762 762 338 343 763 763 358 324 764 764 338 343 765 765 356 344 766 766 357 340 767 767 333 318 768 768 334 345 769 769 362 319 770 770 366 346 771 771 359 347 772 772 365 348 773 773 329 315 774 774 331 349 775 775 364 350 776 776 363 351 777 777 334 345 778 778 333 318 779 779 363 351 780 780 329 315 781 781 364 350 782 782 361 317 783 783 366 346 784 784 365 348 785 785 360 352 786 786 369 322 787 787 359 347 788 788 335 321 789 789 371 353 790 790 370 335 791 791 385 354 792 792 373 355 793 793 386 356 794 794 376 357 795 795 375 358 796 796 374 359 797 797 373 355 798 798 379 360 799 799 378 361 800 800 378 361 801 801 377 362 802 802 376 357 803 803 393 363 804 804 381 364 805 805 392 365 806 806 381 364 807 807 390 366 808 808 391 367 809 809 388 368 810 810 386 356 811 811 389 369 812 812 387 370 813 813 388 368 814 814 389 369 815 815 391 367 816 816 384 371 817 817 387 370 818 818 396 372 819 819 392 365 820 820 397 373 821 821 383 374 822 822 382 375 823 823 395 376 824 824 394 377 825 825 383 374 826 826 395 376 827 827 398 378 828 828 396 372 829 829 397 373 830 830 400 379 831 831 399 380 832 832 398 378 833 833 394 377 834 834 401 381 835 835 400 379 836 836 284 273 837 837 402 382 838 838 403 383 839 839 410 384 840 840 404 385 841 841 405 386 842 842 431 387 843 843 406 388 844 844 409 389 845 845 409 389 846 846 407 390 847 847 408 265 848 848 403 383 849 849 412 391 850 850 411 392 851 851 411 392 852 852 413 393 853 853 410 384 854 854 405 386 897 897 430 410 898 898 431 387 899 899 1134 1106 2913 2913 1133 1107 2914 2914 1132 1108 2915 2915 1154 1109 2916 2916 1138 1110 2917 2917 1139 1111 2918 2918 1137 1112 2919 2919 1141 1113 2920 2920 1142 1114 2921 2921 1142 1114 2922 2922 1140 1115 2923 2923 1143 1116 2924 2924 1138 1110 2925 2925 1145 1117 2926 2926 1139 1111 2927 2927 1152 1118 2928 2928 1148 1119 2929 2929 1149 1120 2930 2930 1148 1119 2931 2931 1151 1121 2932 2932 1149 1120 2933 2933 1153 1122 2934 2934 1148 1119 2935 2935 1152 1118 2936 2936 1157 1123 2937 2937 1155 1124 2938 2938 1154 1109 2939 2939 1143 1116 2940 2940 1156 1125 2941 2941 1157 1123 2942 2942 1155 1124 2943 2943 1138 1110 2944 2944 1154 1109 2945 2945 1136 1126 2946 2946 1141 1113 2947 2947 1137 1112 2948 2948 1141 1113 2949 2949 1140 1115 2950 2950 1142 1114 2951 2951 1144 1127 2952 2952 1145 1117 2953 2953 1138 1110 2954 2954 1150 1121 2955 2955 1151 1121 2956 2956 1148 1119 2957 2957 1156 1125 2958 2958 1155 1124 2959 2959 1157 1123 2960 2960 1140 1115 2961 2961 1156 1125 2962 2962 1143 1116 2963 2963 1145 1117 2964 2964 1146 1128 2965 2965 1147 1129 2966 2966 1146 1128 2967 2967 1152 1118 2968 2968 1147 1129 2969 2969 1146 1128 2970 2970 1153 1122 2971 2971 1152 1118 2972 2972 1144 1127 2973 2973 1146 1128 2974 2974 1145 1117 2975 2975 1165 1130 2976 2976 1159 1131 2977 2977 1163 1132 2978 2978 1167 1133 2979 2979 1162 1134 2980 2980 1166 1135 2981 2981 1181 1136 2982 2982 1163 1132 2983 2983 1180 1136 2984 2984 1185 1137 2985 2985 1166 1135 2986 2986 1184 1138 2987 2987 1164 1139 2988 2988 1168 1140 2989 2989 1162 1134 2990 2990 1171 1141 2991 2991 1172 1142 2992 2992 1173 1143 2993 2993 1173 1143 2994 2994 1168 1140 2995 2995 1170 1144 2996 2996 1176 1145 2997 2997 1182 1146 2998 2998 1183 1147 2999 2999 1177 1148 3000 3000 1178 1149 3001 3001 1179 1150 3002 3002 1179 1150 3003 3003 1174 1151 3004 3004 1176 1145 3005 3005 1177 1148 3006 3006 1180 1136 3007 3007 1175 1152 3008 3008 1183 1147 3009 3009 1169 1153 3010 3010 1171 1141 3011 3011 1189 1154 3012 3012 1184 1138 3013 3013 1187 1155 3014 3014 1188 1156 3015 3015 1190 1157 3016 3016 1191 1158 3017 3017 1188 1156 3018 3018 1187 1155 3019 3019 1186 1159 3020 3020 1191 1158 3021 3021 1160 1160 3022 3022 1161 1161 3023 3023 1194 1162 3024 3024 1193 1163 3025 3025 1195 1164 3026 3026 1194 1162 3027 3027 1161 1161 3028 3028 1160 1160 3029 3029 1192 1165 3030 3030 1197 1166 3031 3031 1193 1163 3032 3032 1198 1167 3033 3033 1197 1166 3034 3034 1196 1168 3035 3035 1198 1167 3036 3036 1201 1169 3037 3037 1199 1170 3038 3038 1202 1171 3039 3039 1159 1131 3040 3040 1158 1172 3041 3041 1204 1173 3042 3042 1203 1174 3043 3043 1202 1171 3044 3044 1206 1175 3045 3045 1205 1176 3046 3046 1204 1173 3047 3047 1208 1177 3048 3048 1216 1178 3049 3049 1217 1179 3050 3050 1211 1180 3051 3051 1219 1181 3052 3052 1218 1182 3053 3053 1214 1183 3054 3054 1213 1184 3055 3055 1215 1185 3056 3056 1214 1183 3057 3057 1212 1186 3058 3058 1211 1180 3059 3059 1217 1179 3060 3060 1213 1184 3061 3061 1210 1187 3062 3062 1218 1182 3063 3063 1207 1188 3064 3064 1206 1175 3065 3065 1286 1237 3192 3192 1270 1110 3193 3193 1271 1111 3194 3194 1269 1238 3195 3195 1273 1239 3196 3196 1274 1240 3197 3197 1274 1240 3198 3198 1272 1241 3199 3199 1275 1242 3200 3200 1270 1110 3201 3201 1277 1117 3202 3202 1271 1111 3203 3203 1284 1243 3204 3204 1280 1244 3205 3205 1281 1245 3206 3206 1281 1245 3207 3207 1294 1246 3208 3208 1283 1247 3209 3209 1285 1248 3210 3210 1280 1244 3211 3211 1284 1243 3212 3212 1289 1249 3213 3213 1287 1250 3214 3214 1286 1237 3215 3215 1275 1242 3216 3216 1387 1251 3217 3217 1289 1249 3218 3218 1287 1250 3219 3219 1270 1110 3220 3220 1286 1237 3221 3221 1268 1252 3222 3222 1273 1239 3223 3223 1269 1238 3224 3224 1273 1239 3225 3225 1272 1241 3226 3226 1274 1240 3227 3227 1276 1127 3228 3228 1277 1117 3229 3229 1270 1110 3230 3230 1282 1253 3231 3231 1294 1246 3232 3232 1280 1244 3233 3233 1288 1254 3234 3234 1289 1249 3235 3235 1387 1251 3236 3236 1272 1241 3237 3237 1288 1254 3238 3238 1275 1242 3239 3239 1277 1117 3240 3240 1278 1255 3241 3241 1279 1256 3242 3242 1278 1255 3243 3243 1284 1243 3244 3244 1279 1256 3245 3245 1278 1255 3246 3246 1285 1248 3247 3247 1284 1243 3248 3248 1276 1127 3249 3249 1278 1255 3250 3250 1277 1117 3251 3251 1293 1257 3252 3252 1290 1258 3253 3253 1292 1259 3254 3254 1295 1260 3255 3255 1292 1259 3256 3256 1296 1261 3257 3257 1269 1238 3258 3258 1296 1261 3259 3259 1268 1252 3260 3260 1295 1260 3261 3261 1296 1261 3262 3262 1269 1238 3263 3263 1428 1262 3264 3264 1298 1263 3265 3265 1427 1264 3266 3266 1302 1265 3267 3267 1338 1266 3268 3268 1339 1267 3269 3269 1308 1268 3270 3270 1303 1269 3271 3271 1307 1270 3272 3272 1309 1271 3273 3273 1306 1272 3274 3274 1310 1273 3275 3275 1305 1274 3276 3276 1307 1270 3277 3277 1306 1272 3278 3278 1302 1265 3279 3279 1312 1275 3280 3280 1301 1276 3281 3281 1311 1277 3282 3282 1310 1273 3283 3283 1312 1275 3284 3284 1313 1278 3285 3285 1323 1279 3286 3286 1324 1280 3287 3287 1316 1281 3288 3288 1346 1282 3289 3289 1345 1283 3290 3290 1329 1284 3291 3291 1320 1285 3292 3292 1319 1286 3293 3293 1319 1286 3294 3294 1299 1287 3295 3295 1300 1288 3296 3296 1325 1289 3297 3297 1321 1290 3298 3298 1326 1291 3299 3299 1324 1280 3300 3300 1321 1290 3301 3301 1322 1292 3302 3302 1317 1293 3303 3303 1328 1294 3304 3304 1318 1295 3305 3305 1327 1296 3306 3306 1326 1291 3307 3307 1328 1294 3308 3308 1317 1293 3309 3309 1330 1297 3310 3310 1329 1284 3311 3311 1331 1298 3312 3312 1334 1299 3313 3313 1333 1300 3314 3314 1333 1300 3315 3315 1314 1301 3316 3316 1313 1278 3317 3317 1336 1302 3318 3318 1332 1303 3319 3319 1331 1298 3320 3320 1316 1281 3321 3321 1343 1304 3322 3322 1315 1305 3323 3323 1339 1267 3324 3324 1341 1306 3325 3325 1342 1307 3326 3326 1340 1308 3327 3327 1341 1306 3328 3328 1337 1309 3329 3329 1344 1310 3330 3330 1337 1309 3331 3331 1343 1304 3332 3332 1345 1283 3333 3333 1335 1311 3334 3334 1336 1302 3335 3335 1280 1244 3336 3336 1294 1246 3337 3337 1281 1245 3338 3338 1283 1247 3339 3339 1294 1246 3340 3340 1282 1253 3341 3341 1282 1253 3342 3342 1348 1312 3343 3343 1283 1247 3344 3344 1349 1313 3345 3345 1352 1314 3346 3346 1350 1315 3347 3347 1381 1316 3348 3348 1382 1317 3349 3349 1353 1318 3350 3350 1355 1319 3351 3351 1388 1320 3352 3352 1389 1321 3353 3353 1378 1322 3354 3354 1369 1323 3355 3355 1370 1324 3356 3356 1371 1325 3357 3357 1360 1326 3358 3358 1372 1327 3359 3359 1365 1328 3360 3360 1362 1329 3361 3361 1366 1330 3362 3362 1364 1331 3363 3363 1368 1332 3364 3364 1367 1333 3365 3365 1390 1334 3366 3366 1366 1330 3367 3367 1391 1335 3368 3368 1361 1336 3369 3369 1368 1332 3370 3370 1362 1329 3371 3371 1370 1324 3372 3372 1363 1337 3373 3373 1364 1331 3374 3374 1373 1338 3375 3375 1372 1327 3376 3376 1374 1339 3377 3377 1377 1340 3378 3378 1374 1339 3379 3379 1376 1341 3380 3380 1358 1342 3381 3381 1375 1343 3382 3382 1378 1322 3383 3383 1358 1342 3384 3384 1376 1341 3385 3385 1359 1344 3386 3386 1353 1318 3387 3387 1382 1317 3388 3388 1354 1345 3389 3389 1379 1346 3390 3390 1386 1347 3391 3391 1385 1348 3392 3392 1349 1313 3393 3393 1384 1349 3394 3394 1351 1350 3395 3395 1383 1351 3396 3396 1354 1345 3397 3397 1384 1349 3398 3398 1383 1351 3399 3399 1384 1349 3400 3400 1349 1313 3401 3401 1381 1316 3402 3402 1386 1347 3403 3403 1382 1317 3404 3404 1389 1321 3405 3405 1380 1352 3406 3406 1379 1346 3407 3407 1355 1319 3408 3408 1391 1335 3409 3409 1356 1353 3410 3410 1393 1354 3411 3411 1405 1355 3412 3412 1406 1356 3413 3413 1396 1357 3414 3414 1395 1358 3415 3415 1397 1359 3416 3416 1393 1354 3417 3417 1399 1360 3418 3418 1392 1361 3419 3419 1398 1362 3420 3420 1397 1359 3421 3421 1399 1360 3422 3422 1401 1363 3423 3423 1413 1364 3424 3424 1412 1365 3425 3425 1401 1363 3426 3426 1410 1366 3427 3427 1400 1367 3428 3428 1406 1356 3429 3429 1408 1368 3430 3430 1409 1369 3431 3431 1407 1370 3432 3432 1408 1368 3433 3433 1404 1371 3434 3434 1411 1372 3435 3435 1404 1371 3436 3436 1410 1366 3437 3437 1412 1365 3438 3438 1416 1373 3439 3439 1417 1374 3440 3440 1403 1375 3441 3441 1415 1376 3442 3442 1402 1377 3443 3443 1414 1378 3444 3444 1415 1376 3445 3445 1403 1375 3446 3446 1418 1379 3447 3447 1416 1373 3448 3448 1419 1380 3449 3449 1420 1381 3450 3450 1419 1380 3451 3451 1421 1382 3452 3452 1414 1378 3453 3453 1421 1382 3454 3454 1415 1376 3455 3455 1304 1383 3456 3456 1422 1384 3457 3457 1303 1269 3458 3458 1430 1385 3459 3459 1424 1386 3460 3460 1433 1387 3461 3461 1451 1388 3462 3462 1426 1389 3463 3463 1450 1390 3464 3464 1429 1391 3465 3465 1427 1264 3466 3466 1426 1389 3467 3467 1423 1392 3468 3468 1432 1393 3469 3469 1422 1384 3470 3470 1431 1394 3471 3471 1433 1387 3472 3472 1432 1393 3473 3473 1425 1411 3516 3516 1450 1390 3517 3517 1424 1386 3518 3518 113 112 3603 3603 115 1444 3604 3604 114 113 3605 3605 145 136 3606 3606 143 143 3607 3607 139 137 3608 3608 147 139 3609 3609 146 145 3610 3610 142 140 3611 3611 161 142 3612 3612 160 142 3613 3613 143 143 3614 3614 165 144 3615 3615 164 160 3616 3616 146 145 3617 3617 144 141 3618 3618 142 140 3619 3619 148 146 3620 3620 152 148 3621 3621 149 158 3622 3622 151 149 3623 3623 148 146 3624 3624 152 148 3625 3625 153 150 3626 3626 162 151 3627 3627 154 157 3628 3628 156 152 3629 3629 158 154 3630 3630 155 1445 3631 3631 157 155 3632 3632 154 157 3633 3633 158 154 3634 3634 159 156 3635 3635 157 155 3636 3636 155 1445 3637 3637 160 142 3638 3638 149 158 3639 3639 162 151 3640 3640 163 153 3641 3641 169 159 3642 3642 167 164 3643 3643 164 160 3644 3644 170 161 3645 3645 166 1446 3646 3646 168 162 3647 3647 168 162 3648 3648 166 1446 3649 3649 167 164 3650 3650 140 165 3651 3651 170 161 3652 3652 171 163 3653 3653 174 167 3654 3654 175 1447 3655 3655 173 168 3656 3656 141 166 3657 3657 175 1447 3658 3658 174 167 3659 3659 172 169 3660 3660 173 168 3661 3661 177 170 3662 3662 177 170 3663 3663 179 1448 3664 3664 178 172 3665 3665 178 172 3666 3666 179 1448 3667 3667 181 173 3668 3668 139 137 3669 3669 183 176 3670 3670 182 175 3671 3671 183 176 3672 3672 185 178 3673 3673 184 177 3674 3674 185 178 3675 3675 187 190 3676 3676 186 179 3677 3677 196 180 3678 3678 189 1449 3679 3679 188 181 3680 3680 199 183 3681 3681 192 189 3682 3682 191 184 3683 3683 194 186 3684 3684 195 1450 3685 3685 193 187 3686 3686 192 189 3687 3687 195 1450 3688 3688 194 186 3689 3689 193 187 3690 3690 196 180 3691 3691 197 182 3692 3692 187 190 3693 3693 199 183 3694 3694 198 185 3695 3695 255 243 3696 3696 269 251 3697 3697 367 253 3698 3698 268 254 3699 3699 367 253 3700 3700 269 251 3701 3701 273 259 3702 3702 272 263 3703 3703 270 260 3704 3704 275 262 3705 3705 276 264 3706 3706 272 263 3707 3707 408 265 3708 3708 407 390 3709 3709 278 266 3710 3710 318 268 3711 3711 281 1451 3712 3712 282 269 3713 3713 288 271 3714 3714 287 277 3715 3715 283 272 3716 3716 289 274 3717 3717 290 280 3718 3718 286 275 3719 3719 285 276 3720 3720 286 275 3721 3721 287 277 3722 3722 282 269 3723 3723 281 1451 3724 3724 292 278 3725 3725 291 279 3726 3726 292 278 3727 3727 290 280 3728 3728 303 281 3729 3729 294 303 3730 3730 293 282 3731 3731 326 284 3732 3732 295 1452 3733 3733 296 285 3734 3734 300 287 3735 3735 310 299 3736 3736 309 288 3737 3737 279 290 3738 3738 300 287 3739 3739 299 289 3740 3740 305 292 3741 3741 306 298 3742 3742 301 293 3743 3743 301 293 3744 3744 303 281 3745 3745 304 283 3746 3746 297 295 3747 3747 298 1453 3748 3748 308 296 3749 3749 307 297 3750 3750 308 296 3751 3751 306 298 3752 3752 310 299 3753 3753 298 1453 3754 3754 297 295 3755 3755 314 300 3756 3756 312 304 3757 3757 311 301 3758 3758 294 303 3759 3759 314 300 3760 3760 313 302 3761 3761 312 304 3762 3762 315 312 3763 3763 316 305 3764 3764 296 285 3765 3765 295 1452 3766 3766 323 306 3767 3767 321 308 3768 3768 318 268 3769 3769 319 270 3770 3770 320 310 3771 3771 317 311 3772 3772 321 308 3773 3773 324 307 3774 3774 323 306 3775 3775 317 311 3776 3776 315 312 3777 3777 326 284 3778 3778 325 286 3779 3779 262 256 3780 3780 263 248 3781 3781 328 313 3782 3782 332 314 3783 3783 331 349 3784 3784 329 315 3785 3785 368 320 3786 3786 336 1454 3787 3787 335 321 3788 3788 349 323 3789 3789 355 342 3790 3790 358 324 3791 3791 351 326 3792 3792 352 339 3793 3793 340 327 3794 3794 345 329 3795 3795 346 336 3796 3796 342 330 3797 3797 348 332 3798 3798 343 337 3799 3799 344 333 3800 3800 370 335 3801 3801 371 353 3802 3802 346 336 3803 3803 341 331 3804 3804 342 330 3805 3805 348 332 3806 3806 343 337 3807 3807 349 323 3808 3808 350 325 3809 3809 353 338 3810 3810 354 341 3811 3811 352 339 3812 3812 357 340 3813 3813 356 344 3814 3814 354 341 3815 3815 355 342 3816 3816 339 1455 3817 3817 338 343 3818 3818 338 343 3819 3819 339 1455 3820 3820 356 344 3821 3821 366 346 3822 3822 360 352 3823 3823 359 347 3824 3824 363 351 3825 3825 364 350 3826 3826 334 345 3827 3827 361 317 3828 3828 362 319 3829 3829 366 346 3830 3830 360 352 3831 3831 368 320 3832 3832 369 322 3833 3833 335 321 3834 3834 336 1454 3835 3835 371 353 3836 3836 385 354 3837 3837 372 1456 3838 3838 373 355 3839 3839 376 357 3840 3840 377 362 3841 3841 375 358 3842 3842 373 355 3843 3843 372 1456 3844 3844 379 360 3845 3845 378 361 3846 3846 379 360 3847 3847 377 362 3848 3848 393 363 3849 3849 380 1457 3850 3850 381 364 3851 3851 381 364 3852 3852 380 1457 3853 3853 390 366 3854 3854 388 368 3855 3855 385 354 3856 3856 386 356 3857 3857 387 370 3858 3858 384 371 3859 3859 388 368 3860 3860 391 367 3861 3861 390 366 3862 3862 384 371 3863 3863 396 372 3864 3864 393 363 3865 3865 392 365 3866 3866 398 378 3867 3867 399 380 3868 3868 396 372 3869 3869 400 379 3870 3870 401 381 3871 3871 399 380 3872 3872 394 377 3873 3873 395 376 3874 3874 401 381 3875 3875 284 273 3876 3876 283 272 3877 3877 402 382 3878 3878 410 384 3879 3879 413 393 3880 3880 404 385 3881 3881 431 387 3882 3882 430 410 3883 3883 406 388 3884 3884 409 389 3885 3885 406 388 3886 3886 407 390 3887 3887 403 383 3888 3888 402 382 3889 3889 412 391 3890 3890 411 392 3891 3891 412 391 3892 3892 413 393 3893 3893 405 386 3894 3894 404 385 3895 3895 430 410 3896 3896 1134 1106 4596 4596 1135 1463 4597 4597 1133 1107 4598 4598 1165 1130 4599 4599 1158 1172 4600 4600 1159 1131 4601 4601 1167 1133 4602 4602 1164 1139 4603 4603 1162 1134 4604 4604 1181 1136 4605 4605 1165 1130 4606 4606 1163 1132 4607 4607 1185 1137 4608 4608 1167 1133 4609 4609 1166 1135 4610 4610 1164 1139 4611 4611 1170 1144 4612 4612 1168 1140 4613 4613 1171 1141 4614 4614 1169 1153 4615 4615 1172 1142 4616 4616 1173 1143 4617 4617 1172 1142 4618 4618 1168 1140 4619 4619 1176 1145 4620 4620 1174 1151 4621 4621 1182 1146 4622 4622 1177 1148 4623 4623 1175 1152 4624 4624 1178 1149 4625 4625 1179 1150 4626 4626 1178 1149 4627 4627 1174 1151 4628 4628 1177 1148 4629 4629 1181 1136 4630 4630 1180 1136 4631 4631 1183 1147 4632 4632 1182 1146 4633 4633 1169 1153 4634 4634 1189 1154 4635 4635 1185 1137 4636 4636 1184 1138 4637 4637 1188 1156 4638 4638 1186 1159 4639 4639 1190 1157 4640 4640 1188 1156 4641 4641 1189 1154 4642 4642 1187 1155 4643 4643 1191 1158 4644 4644 1190 1157 4645 4645 1160 1160 4646 4646 1194 1162 4647 4647 1192 1165 4648 4648 1193 1163 4649 4649 1194 1162 4650 4650 1195 1164 4651 4651 1161 1161 4652 4652 1192 1165 4653 4653 1196 1168 4654 4654 1197 1166 4655 4655 1198 1167 4656 4656 1199 1170 4657 4657 1197 1166 4658 4658 1198 1167 4659 4659 1200 1464 4660 4660 1201 1169 4661 4661 1202 1171 4662 4662 1203 1174 4663 4663 1159 1131 4664 4664 1204 1173 4665 4665 1205 1176 4666 4666 1203 1174 4667 4667 1206 1175 4668 4668 1207 1188 4669 4669 1205 1176 4670 4670 1208 1177 4671 4671 1209 1465 4672 4672 1216 1178 4673 4673 1211 1180 4674 4674 1212 1186 4675 4675 1219 1181 4676 4676 1214 1183 4677 4677 1210 1187 4678 4678 1213 1184 4679 4679 1214 1183 4680 4680 1215 1185 4681 4681 1212 1186 4682 4682 1217 1179 4683 4683 1216 1178 4684 4684 1213 1184 4685 4685 1218 1182 4686 4686 1219 1181 4687 4687 1207 1188 4688 4688 1275 1242 4689 4689 1288 1254 4690 4690 1387 1251 4691 4691 1288 1254 4692 4692 1287 1250 4693 4693 1289 1249 4694 4694 1293 1257 4695 4695 1291 1466 4696 4696 1290 1258 4697 4697 1295 1260 4698 4698 1293 1257 4699 4699 1292 1259 4700 4700 1428 1262 4701 4701 1297 1467 4702 4702 1298 1263 4703 4703 1302 1265 4704 4704 1301 1276 4705 4705 1338 1266 4706 4706 1308 1268 4707 4707 1304 1383 4708 4708 1303 1269 4709 4709 1309 1271 4710 4710 1305 1274 4711 4711 1306 1272 4712 4712 1305 1274 4713 4713 1308 1268 4714 4714 1307 1270 4715 4715 1302 1265 4716 4716 1311 1277 4717 4717 1312 1275 4718 4718 1311 1277 4719 4719 1309 1271 4720 4720 1310 1273 4721 4721 1313 1278 4722 4722 1314 1301 4723 4723 1323 1279 4724 4724 1316 1281 4725 4725 1315 1305 4726 4726 1346 1282 4727 4727 1329 1284 4728 4728 1330 1297 4729 4729 1320 1285 4730 4730 1319 1286 4731 4731 1320 1285 4732 4732 1299 1287 4733 4733 1325 1289 4734 4734 1322 1292 4735 4735 1321 1290 4736 4736 1324 1280 4737 4737 1323 1279 4738 4738 1321 1290 4739 4739 1317 1293 4740 4740 1327 1296 4741 4741 1328 1294 4742 4742 1327 1296 4743 4743 1325 1289 4744 4744 1326 1291 4745 4745 1317 1293 4746 4746 1318 1295 4747 4747 1330 1297 4748 4748 1331 1298 4749 4749 1332 1303 4750 4750 1334 1299 4751 4751 1333 1300 4752 4752 1334 1299 4753 4753 1314 1301 4754 4754 1336 1302 4755 4755 1335 1311 4756 4756 1332 1303 4757 4757 1316 1281 4758 4758 1344 1310 4759 4759 1343 1304 4760 4760 1339 1267 4761 4761 1338 1266 4762 4762 1341 1306 4763 4763 1340 1308 4764 4764 1342 1307 4765 4765 1341 1306 4766 4766 1344 1310 4767 4767 1340 1308 4768 4768 1337 1309 4769 4769 1345 1283 4770 4770 1346 1282 4771 4771 1335 1311 4772 4772 1282 1253 4773 4773 1347 1312 4774 4774 1348 1312 4775 4775 1349 1313 4776 4776 1351 1350 4777 4777 1352 1314 4778 4778 1355 1319 4779 4779 1356 1353 4780 4780 1388 1320 4781 4781 1378 1322 4782 4782 1375 1343 4783 4783 1369 1323 4784 4784 1371 1325 4785 4785 1357 1468 4786 4786 1360 1326 4787 4787 1365 1328 4788 4788 1361 1336 4789 4789 1362 1329 4790 4790 1364 1331 4791 4791 1363 1337 4792 4792 1368 1332 4793 4793 1390 1334 4794 4794 1365 1328 4795 4795 1366 1330 4796 4796 1361 1336 4797 4797 1367 1333 4798 4798 1368 1332 4799 4799 1370 1324 4800 4800 1369 1323 4801 4801 1363 1337 4802 4802 1373 1338 4803 4803 1371 1325 4804 4804 1372 1327 4805 4805 1377 1340 4806 4806 1373 1338 4807 4807 1374 1339 4808 4808 1358 1342 4809 4809 1359 1344 4810 4810 1375 1343 4811 4811 1358 1342 4812 4812 1377 1340 4813 4813 1376 1341 4814 4814 1379 1346 4815 4815 1380 1352 4816 4816 1386 1347 4817 4817 1383 1351 4818 4818 1353 1318 4819 4819 1354 1345 4820 4820 1381 1316 4821 4821 1385 1348 4822 4822 1386 1347 4823 4823 1389 1321 4824 4824 1388 1320 4825 4825 1380 1352 4826 4826 1355 1319 4827 4827 1390 1334 4828 4828 1391 1335 4829 4829 1393 1354 4830 4830 1392 1361 4831 4831 1405 1355 4832 4832 1396 1357 4833 4833 1394 1469 4834 4834 1395 1358 4835 4835 1393 1354 4836 4836 1398 1362 4837 4837 1399 1360 4838 4838 1398 1362 4839 4839 1396 1357 4840 4840 1397 1359 4841 4841 1401 1363 4842 4842 1400 1367 4843 4843 1413 1364 4844 4844 1401 1363 4845 4845 1411 1372 4846 4846 1410 1366 4847 4847 1406 1356 4848 4848 1405 1355 4849 4849 1408 1368 4850 4850 1407 1370 4851 4851 1409 1369 4852 4852 1408 1368 4853 4853 1411 1372 4854 4854 1407 1370 4855 4855 1404 1371 4856 4856 1412 1365 4857 4857 1413 1364 4858 4858 1416 1373 4859 4859 1418 1379 4860 4860 1417 1374 4861 4861 1416 1373 4862 4862 1420 1381 4863 4863 1418 1379 4864 4864 1419 1380 4865 4865 1414 1378 4866 4866 1420 1381 4867 4867 1421 1382 4868 4868 1304 1383 4869 4869 1423 1392 4870 4870 1422 1384 4871 4871 1430 1385 4872 4872 1425 1411 4873 4873 1424 1386 4874 4874 1451 1388 4875 4875 1429 1391 4876 4876 1426 1389 4877 4877 1429 1391 4878 4878 1428 1262 4879 4879 1427 1264 4880 4880 1423 1392 4881 4881 1431 1394 4882 4882 1432 1393 4883 4883 1431 1394 4884 4884 1430 1385 4885 4885 1433 1387 4886 4886 1425 1411 4887 4887 1451 1388 4888 4888 1450 1390 4889 4889</p>
        </polylist>
        <polylist material="tro_tree_1_branches-material" count="364">
          <input semantic="VERTEX" source="#tree_oak_large_b200_002-mesh-vertices" offset="0"/>
          <input semantic="NORMAL" source="#tree_oak_large_b200_002-mesh-normals" offset="1"/>
          <input semantic="TEXCOORD" source="#tree_oak_large_b200_002-mesh-map-0" offset="2" set="0"/>
          <input semantic="COLOR" source="#tree_oak_large_b200_002-mesh-colors-Col" offset="3" set="0"/>
          <vcount>3 3 3 3 3 3 3 3 3 3 3 3 3 3 3 3 3 3 3 3 3 3 3 3 3 3 3 3 3 3 3 3 3 3 3 3 3 3 3 3 3 3 3 3 3 3 3 3 3 3 3 3 3 3 3 3 3 3 3 3 3 3 3 3 3 3 3 3 3 3 3 3 3 3 3 3 3 3 3 3 3 3 3 3 3 3 3 3 3 3 3 3 3 3 3 3 3 3 3 3 3 3 3 3 3 3 3 3 3 3 3 3 3 3 3 3 3 3 3 3 3 3 3 3 3 3 3 3 3 3 3 3 3 3 3 3 3 3 3 3 3 3 3 3 3 3 3 3 3 3 3 3 3 3 3 3 3 3 3 3 3 3 3 3 3 3 3 3 3 3 3 3 3 3 3 3 3 3 3 3 3 3 3 3 3 3 3 3 3 3 3 3 3 3 3 3 3 3 3 3 3 3 3 3 3 3 3 3 3 3 3 3 3 3 3 3 3 3 3 3 3 3 3 3 3 3 3 3 3 3 3 3 3 3 3 3 3 3 3 3 3 3 3 3 3 3 3 3 3 3 3 3 3 3 3 3 3 3 3 3 3 3 3 3 3 3 3 3 3 3 3 3 3 3 3 3 3 3 3 3 3 3 3 3 3 3 3 3 3 3 3 3 3 3 3 3 3 3 3 3 3 3 3 3 3 3 3 3 3 3 3 3 3 3 3 3 3 3 3 3 3 3 3 3 3 3 3 3 3 3 3 3 3 3 3 3 3 3 3 3 3 3 3 3 3 3 3 3 3 3 3 3 3 3 3 3 3 3 3 3 3 3 3 3 </vcount>
          <p>2 0 0 0 3 1 1 1 5 2 2 2 1 3 3 3 7 4 4 4 5 2 5 5 0 5 6 6 4 6 7 7 5 2 8 8 6 7 9 9 0 5 10 10 5 2 11 11 4 6 12 12 1 3 13 13 5 2 14 14 7 4 15 15 2 0 16 16 5 2 17 17 3 1 18 18 6 7 19 19 5 2 20 20 10 8 21 21 13 9 22 22 11 10 23 23 9 11 24 24 13 9 25 25 15 12 26 26 8 13 27 27 13 9 28 28 12 14 29 29 14 15 30 30 13 9 31 31 8 13 32 32 12 14 33 33 13 9 34 34 9 11 35 35 15 12 36 36 13 9 37 37 10 8 38 38 11 10 39 39 13 9 40 40 14 15 41 41 18 16 42 42 19 17 43 43 21 18 44 44 17 19 45 45 23 20 46 46 21 18 47 47 16 21 48 48 20 22 49 49 21 18 50 50 22 23 51 51 16 21 52 52 21 18 53 53 20 22 54 54 17 19 55 55 21 18 56 56 23 20 57 57 18 16 58 58 21 18 59 59 19 17 60 60 22 23 61 61 21 18 62 62 26 24 63 63 27 25 64 64 29 26 65 65 25 27 66 66 31 28 67 67 29 26 68 68 24 29 69 69 28 30 70 70 29 26 71 71 30 31 72 72 24 29 73 73 29 26 74 74 28 30 75 75 25 27 76 76 29 26 77 77 31 28 78 78 26 24 79 79 29 26 80 80 27 25 81 81 30 31 82 82 29 26 83 83 34 32 84 84 35 33 85 85 37 34 86 86 33 35 87 87 39 36 88 88 37 34 89 89 32 37 90 90 36 38 91 91 37 34 92 92 38 39 93 93 32 37 94 94 37 34 95 95 36 38 96 96 33 35 97 97 37 34 98 98 39 36 99 99 34 32 100 100 37 34 101 101 35 33 102 102 38 39 103 103 37 34 104 104 42 40 105 105 43 41 106 106 45 42 107 107 41 43 108 108 47 44 109 109 45 42 110 110 40 45 111 111 44 46 112 112 45 42 113 113 46 47 114 114 40 45 115 115 45 42 116 116 44 46 117 117 41 43 118 118 45 42 119 119 47 44 120 120 42 40 121 121 45 42 122 122 43 41 123 123 46 47 124 124 45 42 125 125 50 48 126 126 51 49 127 127 53 50 128 128 49 51 129 129 55 52 130 130 53 50 131 131 48 53 132 132 52 54 133 133 53 50 134 134 54 55 135 135 48 53 136 136 53 50 137 137 52 54 138 138 49 51 139 139 53 50 140 140 55 52 141 141 50 48 142 142 53 50 143 143 51 49 144 144 54 55 145 145 53 50 146 146 58 56 147 147 59 57 148 148 61 58 149 149 57 59 150 150 63 60 151 151 61 58 152 152 56 61 153 153 60 62 154 154 61 58 155 155 62 63 156 156 56 61 157 157 61 58 158 158 60 62 159 159 57 59 160 160 61 58 161 161 63 60 162 162 58 56 163 163 61 58 164 164 59 57 165 165 62 63 166 166 61 58 167 167 66 64 168 168 67 65 169 169 69 66 170 170 65 67 171 171 71 68 172 172 69 66 173 173 64 69 174 174 68 70 175 175 69 66 176 176 70 71 177 177 64 69 178 178 69 66 179 179 68 70 180 180 65 67 181 181 69 66 182 182 71 68 183 183 66 64 184 184 69 66 185 185 67 65 186 186 70 71 187 187 69 66 188 188 74 72 189 189 75 73 190 190 77 74 191 191 73 75 192 192 79 76 193 193 77 74 194 194 72 77 195 195 76 78 196 196 77 74 197 197 78 79 198 198 72 77 199 199 77 74 200 200 76 78 201 201 73 75 202 202 77 74 203 203 79 76 204 204 74 72 205 205 77 74 206 206 75 73 207 207 78 79 208 208 77 74 209 209 82 80 210 210 83 81 211 211 85 82 212 212 81 83 213 213 87 84 214 214 85 82 215 215 80 85 216 216 84 86 217 217 85 82 218 218 86 87 219 219 80 85 220 220 85 82 221 221 84 86 222 222 81 83 223 223 85 82 224 224 87 84 225 225 82 80 226 226 85 82 227 227 83 81 228 228 86 87 229 229 85 82 230 230 90 88 231 231 91 89 232 232 93 90 233 233 89 91 234 234 95 92 235 235 93 90 236 236 88 93 237 237 92 94 238 238 93 90 239 239 94 95 240 240 88 93 241 241 93 90 242 242 92 94 243 243 89 91 244 244 93 90 245 245 95 92 246 246 90 88 247 247 93 90 248 248 91 89 249 249 94 95 250 250 93 90 251 251 98 96 252 252 99 97 253 253 101 98 254 254 97 99 255 255 103 100 256 256 101 98 257 257 96 101 258 258 100 102 259 259 101 98 260 260 102 103 261 261 96 101 262 262 101 98 263 263 100 102 264 264 97 99 265 265 101 98 266 266 103 100 267 267 98 96 268 268 101 98 269 269 99 97 270 270 102 103 271 271 101 98 272 272 106 104 273 273 107 105 274 274 109 106 275 275 105 107 276 276 111 108 277 277 109 106 278 278 104 109 279 279 108 110 280 280 109 106 281 281 110 111 282 282 104 109 283 283 109 106 284 284 108 110 285 285 105 107 286 286 109 106 287 287 111 108 288 288 106 104 289 289 109 106 290 290 107 105 291 291 110 111 292 292 109 106 293 293 202 191 447 447 203 192 448 448 205 193 449 449 201 194 450 450 207 195 451 451 205 193 452 452 200 196 453 453 204 197 454 454 205 193 455 455 206 198 456 456 200 196 457 457 205 193 458 458 204 197 459 459 201 194 460 460 205 193 461 461 207 195 462 462 202 191 463 463 205 193 464 464 203 192 465 465 206 198 466 466 205 193 467 467 210 199 468 468 211 200 469 469 213 201 470 470 209 202 471 471 215 203 472 472 213 201 473 473 208 204 474 474 212 205 475 475 213 201 476 476 214 206 477 477 208 204 478 478 213 201 479 479 212 205 480 480 209 202 481 481 213 201 482 482 215 203 483 483 210 199 484 484 213 201 485 485 211 200 486 486 214 206 487 487 213 201 488 488 218 207 489 489 221 208 490 490 219 209 491 491 217 210 492 492 221 208 493 493 223 211 494 494 216 212 495 495 221 208 496 496 220 213 497 497 222 214 498 498 221 208 499 499 216 212 500 500 220 213 501 501 221 208 502 502 217 210 503 503 223 211 504 504 221 208 505 505 218 207 506 506 219 209 507 507 221 208 508 508 222 214 509 509 226 215 510 510 227 216 511 511 229 217 512 512 225 218 513 513 231 219 514 514 229 217 515 515 224 220 516 516 228 221 517 517 229 217 518 518 230 222 519 519 224 220 520 520 229 217 521 521 228 221 522 522 225 218 523 523 229 217 524 524 231 219 525 525 226 215 526 526 229 217 527 527 227 216 528 528 230 222 529 529 229 217 530 530 234 223 531 531 235 224 532 532 237 225 533 533 233 226 534 534 239 227 535 535 237 225 536 536 232 228 537 537 236 229 538 538 237 225 539 539 238 230 540 540 232 228 541 541 237 225 542 542 236 229 543 543 233 226 544 544 237 225 545 545 239 227 546 546 234 223 547 547 237 225 548 548 235 224 549 549 238 230 550 550 237 225 551 551 242 231 552 552 243 232 553 553 245 233 554 554 241 234 555 555 247 235 556 556 245 233 557 557 240 236 558 558 244 237 559 559 245 233 560 560 246 238 561 561 240 236 562 562 245 233 563 563 244 237 564 564 241 234 565 565 245 233 566 566 247 235 567 567 242 231 568 568 245 233 569 569 243 232 570 570 246 238 571 571 245 233 572 572 416 394 855 855 419 395 856 856 417 396 857 857 415 397 858 858 419 395 859 859 421 398 860 860 414 399 861 861 419 395 862 862 418 400 863 863 420 401 864 864 419 395 865 865 414 399 866 866 418 400 867 867 419 395 868 868 415 397 869 869 421 398 870 870 419 395 871 871 416 394 872 872 417 396 873 873 419 395 874 874 420 401 875 875 424 402 876 876 427 403 877 877 425 404 878 878 423 405 879 879 427 403 880 880 429 406 881 881 422 407 882 882 427 403 883 883 426 408 884 884 428 409 885 885 427 403 886 886 422 407 887 887 426 408 888 888 427 403 889 889 423 405 890 890 429 406 891 891 427 403 892 892 424 402 893 893 425 404 894 894 427 403 895 895 428 409 896 896 434 411 900 900 435 412 901 901 437 413 902 902 433 414 903 903 439 415 904 904 437 413 905 905 432 416 906 906 436 417 907 907 437 413 908 908 438 418 909 909 432 416 910 910 437 413 911 911 436 417 912 912 433 414 913 913 437 413 914 914 439 415 915 915 434 411 916 916 437 413 917 917 435 412 918 918 438 418 919 919 437 413 920 920 442 419 921 921 443 420 922 922 445 421 923 923 441 422 924 924 447 423 925 925 445 421 926 926 440 424 927 927 444 425 928 928 445 421 929 929 446 426 930 930 440 424 931 931 445 421 932 932 444 425 933 933 441 422 934 934 445 421 935 935 447 423 936 936 442 419 937 937 445 421 938 938 443 420 939 939 446 426 940 940 445 421 941 941 450 427 942 942 451 428 943 943 453 429 944 944 449 430 945 945 455 431 946 946 453 429 947 947 448 432 948 948 452 433 949 949 453 429 950 950 454 434 951 951 448 432 952 952 453 429 953 953 452 433 954 954 449 430 955 955 453 429 956 956 455 431 957 957 450 427 958 958 453 429 959 959 451 428 960 960 454 434 961 961 453 429 962 962 458 435 963 963 459 436 964 964 461 437 965 965 457 438 966 966 463 439 967 967 461 437 968 968 456 440 969 969 460 441 970 970 461 437 971 971 462 442 972 972 456 440 973 973 461 437 974 974 460 441 975 975 457 438 976 976 461 437 977 977 463 439 978 978 458 435 979 979 461 437 980 980 459 436 981 981 462 442 982 982 461 437 983 983 1022 994 2619 2619 1025 995 2620 2620 1023 996 2621 2621 1021 997 2622 2622 1025 995 2623 2623 1027 998 2624 2624 1020 999 2625 2625 1025 995 2626 2626 1024 1000 2627 2627 1026 1001 2628 2628 1025 995 2629 2629 1020 999 2630 2630 1024 1000 2631 2631 1025 995 2632 2632 1021 997 2633 2633 1027 998 2634 2634 1025 995 2635 2635 1022 994 2636 2636 1023 996 2637 2637 1025 995 2638 2638 1026 1001 2639 2639 1030 1002 2640 2640 1031 1003 2641 2641 1033 1004 2642 2642 1029 1005 2643 2643 1035 1006 2644 2644 1033 1004 2645 2645 1028 1007 2646 2646 1032 1008 2647 2647 1033 1004 2648 2648 1034 1009 2649 2649 1028 1007 2650 2650 1033 1004 2651 2651 1032 1008 2652 2652 1029 1005 2653 2653 1033 1004 2654 2654 1035 1006 2655 2655 1030 1002 2656 2656 1033 1004 2657 2657 1031 1003 2658 2658 1034 1009 2659 2659 1033 1004 2660 2660 1038 1010 2661 2661 1041 1011 2662 2662 1039 1012 2663 2663 1037 1013 2664 2664 1041 1011 2665 2665 1043 1014 2666 2666 1036 1015 2667 2667 1041 1011 2668 2668 1040 1016 2669 2669 1042 1017 2670 2670 1041 1011 2671 2671 1036 1015 2672 2672 1040 1016 2673 2673 1041 1011 2674 2674 1037 1013 2675 2675 1043 1014 2676 2676 1041 1011 2677 2677 1038 1010 2678 2678 1039 1012 2679 2679 1041 1011 2680 2680 1042 1017 2681 2681 1046 1018 2682 2682 1049 1019 2683 2683 1047 1020 2684 2684 1045 1021 2685 2685 1049 1019 2686 2686 1051 1022 2687 2687 1044 1023 2688 2688 1049 1019 2689 2689 1048 1024 2690 2690 1050 1025 2691 2691 1049 1019 2692 2692 1044 1023 2693 2693 1048 1024 2694 2694 1049 1019 2695 2695 1045 1021 2696 2696 1051 1022 2697 2697 1049 1019 2698 2698 1046 1018 2699 2699 1047 1020 2700 2700 1049 1019 2701 2701 1050 1025 2702 2702 1054 1026 2703 2703 1057 1027 2704 2704 1055 1028 2705 2705 1053 1029 2706 2706 1057 1027 2707 2707 1059 1030 2708 2708 1052 1031 2709 2709 1057 1027 2710 2710 1056 1032 2711 2711 1058 1033 2712 2712 1057 1027 2713 2713 1052 1031 2714 2714 1056 1032 2715 2715 1057 1027 2716 2716 1053 1029 2717 2717 1059 1030 2718 2718 1057 1027 2719 2719 1054 1026 2720 2720 1055 1028 2721 2721 1057 1027 2722 2722 1058 1033 2723 2723 1062 1034 2724 2724 1065 1035 2725 2725 1063 1036 2726 2726 1061 1037 2727 2727 1065 1035 2728 2728 1067 1038 2729 2729 1060 1039 2730 2730 1065 1035 2731 2731 1064 1040 2732 2732 1066 1041 2733 2733 1065 1035 2734 2734 1060 1039 2735 2735 1064 1040 2736 2736 1065 1035 2737 2737 1061 1037 2738 2738 1067 1038 2739 2739 1065 1035 2740 2740 1062 1034 2741 2741 1063 1036 2742 2742 1065 1035 2743 2743 1066 1041 2744 2744 1070 1042 2745 2745 1073 1043 2746 2746 1071 1044 2747 2747 1069 1045 2748 2748 1073 1043 2749 2749 1075 1046 2750 2750 1068 1047 2751 2751 1073 1043 2752 2752 1072 1048 2753 2753 1074 1049 2754 2754 1073 1043 2755 2755 1068 1047 2756 2756 1072 1048 2757 2757 1073 1043 2758 2758 1069 1045 2759 2759 1075 1046 2760 2760 1073 1043 2761 2761 1070 1042 2762 2762 1071 1044 2763 2763 1073 1043 2764 2764 1074 1049 2765 2765 1078 1050 2766 2766 1081 1051 2767 2767 1079 1052 2768 2768 1077 1053 2769 2769 1081 1051 2770 2770 1083 1054 2771 2771 1076 1055 2772 2772 1081 1051 2773 2773 1080 1056 2774 2774 1082 1057 2775 2775 1081 1051 2776 2776 1076 1055 2777 2777 1080 1056 2778 2778 1081 1051 2779 2779 1077 1053 2780 2780 1083 1054 2781 2781 1081 1051 2782 2782 1078 1050 2783 2783 1079 1052 2784 2784 1081 1051 2785 2785 1082 1057 2786 2786 1086 1058 2787 2787 1089 1059 2788 2788 1087 1060 2789 2789 1085 1061 2790 2790 1089 1059 2791 2791 1091 1062 2792 2792 1084 1063 2793 2793 1089 1059 2794 2794 1088 1064 2795 2795 1090 1065 2796 2796 1089 1059 2797 2797 1084 1063 2798 2798 1088 1064 2799 2799 1089 1059 2800 2800 1085 1061 2801 2801 1091 1062 2802 2802 1089 1059 2803 2803 1086 1058 2804 2804 1087 1060 2805 2805 1089 1059 2806 2806 1090 1065 2807 2807 1094 1066 2808 2808 1097 1067 2809 2809 1095 1068 2810 2810 1093 1069 2811 2811 1097 1067 2812 2812 1099 1070 2813 2813 1092 1071 2814 2814 1097 1067 2815 2815 1096 1072 2816 2816 1098 1073 2817 2817 1097 1067 2818 2818 1092 1071 2819 2819 1096 1072 2820 2820 1097 1067 2821 2821 1093 1069 2822 2822 1099 1070 2823 2823 1097 1067 2824 2824 1094 1066 2825 2825 1095 1068 2826 2826 1097 1067 2827 2827 1098 1073 2828 2828 1102 1074 2829 2829 1105 1075 2830 2830 1103 1076 2831 2831 1101 1077 2832 2832 1105 1075 2833 2833 1107 1078 2834 2834 1100 1079 2835 2835 1105 1075 2836 2836 1104 1080 2837 2837 1106 1081 2838 2838 1105 1075 2839 2839 1100 1079 2840 2840 1104 1080 2841 2841 1105 1075 2842 2842 1101 1077 2843 2843 1107 1078 2844 2844 1105 1075 2845 2845 1102 1074 2846 2846 1103 1076 2847 2847 1105 1075 2848 2848 1106 1081 2849 2849 1110 1082 2850 2850 1113 1083 2851 2851 1111 1084 2852 2852 1109 1085 2853 2853 1113 1083 2854 2854 1115 1086 2855 2855 1108 1087 2856 2856 1113 1083 2857 2857 1112 1088 2858 2858 1114 1089 2859 2859 1113 1083 2860 2860 1108 1087 2861 2861 1112 1088 2862 2862 1113 1083 2863 2863 1109 1085 2864 2864 1115 1086 2865 2865 1113 1083 2866 2866 1110 1082 2867 2867 1111 1084 2868 2868 1113 1083 2869 2869 1114 1089 2870 2870 1118 1090 2871 2871 1121 1091 2872 2872 1119 1092 2873 2873 1117 1093 2874 2874 1121 1091 2875 2875 1123 1094 2876 2876 1116 1095 2877 2877 1121 1091 2878 2878 1120 1096 2879 2879 1122 1097 2880 2880 1121 1091 2881 2881 1116 1095 2882 2882 1120 1096 2883 2883 1121 1091 2884 2884 1117 1093 2885 2885 1123 1094 2886 2886 1121 1091 2887 2887 1118 1090 2888 2888 1119 1092 2889 2889 1121 1091 2890 2890 1122 1097 2891 2891 1126 1098 2892 2892 1129 1099 2893 2893 1127 1100 2894 2894 1125 1101 2895 2895 1129 1099 2896 2896 1131 1102 2897 2897 1124 1103 2898 2898 1129 1099 2899 2899 1128 1104 2900 2900 1130 1105 2901 2901 1129 1099 2902 2902 1124 1103 2903 2903 1128 1104 2904 2904 1129 1099 2905 2905 1125 1101 2906 2906 1131 1102 2907 2907 1129 1099 2908 2908 1126 1098 2909 2909 1127 1100 2910 2910 1129 1099 2911 2911 1130 1105 2912 2912 1222 1189 3066 3066 1225 1190 3067 3067 1223 1191 3068 3068 1221 1192 3069 3069 1225 1190 3070 3070 1227 1193 3071 3071 1220 1194 3072 3072 1225 1190 3073 3073 1224 1195 3074 3074 1226 1196 3075 3075 1225 1190 3076 3076 1220 1194 3077 3077 1224 1195 3078 3078 1225 1190 3079 3079 1221 1192 3080 3080 1227 1193 3081 3081 1225 1190 3082 3082 1222 1189 3083 3083 1223 1191 3084 3084 1225 1190 3085 3085 1226 1196 3086 3086 1230 1197 3087 3087 1233 1198 3088 3088 1231 1199 3089 3089 1229 1200 3090 3090 1233 1198 3091 3091 1235 1201 3092 3092 1228 1202 3093 3093 1233 1198 3094 3094 1232 1203 3095 3095 1234 1204 3096 3096 1233 1198 3097 3097 1228 1202 3098 3098 1232 1203 3099 3099 1233 1198 3100 3100 1229 1200 3101 3101 1235 1201 3102 3102 1233 1198 3103 3103 1230 1197 3104 3104 1231 1199 3105 3105 1233 1198 3106 3106 1234 1204 3107 3107 1238 1205 3108 3108 1239 1206 3109 3109 1241 1207 3110 3110 1237 1208 3111 3111 1243 1209 3112 3112 1241 1207 3113 3113 1236 1210 3114 3114 1240 1211 3115 3115 1241 1207 3116 3116 1242 1212 3117 3117 1236 1210 3118 3118 1241 1207 3119 3119 1240 1211 3120 3120 1237 1208 3121 3121 1241 1207 3122 3122 1243 1209 3123 3123 1238 1205 3124 3124 1241 1207 3125 3125 1239 1206 3126 3126 1242 1212 3127 3127 1241 1207 3128 3128 1246 1213 3129 3129 1249 1214 3130 3130 1247 1215 3131 3131 1245 1216 3132 3132 1249 1214 3133 3133 1251 1217 3134 3134 1244 1218 3135 3135 1249 1214 3136 3136 1248 1219 3137 3137 1250 1220 3138 3138 1249 1214 3139 3139 1244 1218 3140 3140 1248 1219 3141 3141 1249 1214 3142 3142 1245 1216 3143 3143 1251 1217 3144 3144 1249 1214 3145 3145 1246 1213 3146 3146 1247 1215 3147 3147 1249 1214 3148 3148 1250 1220 3149 3149 1254 1221 3150 3150 1257 1222 3151 3151 1255 1223 3152 3152 1253 1224 3153 3153 1257 1222 3154 3154 1259 1225 3155 3155 1252 1226 3156 3156 1257 1222 3157 3157 1256 1227 3158 3158 1258 1228 3159 3159 1257 1222 3160 3160 1252 1226 3161 3161 1256 1227 3162 3162 1257 1222 3163 3163 1253 1224 3164 3164 1259 1225 3165 3165 1257 1222 3166 3166 1254 1221 3167 3167 1255 1223 3168 3168 1257 1222 3169 3169 1258 1228 3170 3170 1262 1229 3171 3171 1265 1230 3172 3172 1263 1231 3173 3173 1261 1232 3174 3174 1265 1230 3175 3175 1267 1233 3176 3176 1260 1234 3177 3177 1265 1230 3178 3178 1264 1235 3179 3179 1266 1236 3180 3180 1265 1230 3181 3181 1260 1234 3182 3182 1264 1235 3183 3183 1265 1230 3184 3184 1261 1232 3185 3185 1267 1233 3186 3186 1265 1230 3187 3187 1262 1229 3188 3188 1263 1231 3189 3189 1265 1230 3190 3190 1266 1236 3191 3191 1436 1395 3474 3474 1437 1396 3475 3475 1439 1397 3476 3476 1435 1398 3477 3477 1441 1399 3478 3478 1439 1397 3479 3479 1434 1400 3480 3480 1438 1401 3481 3481 1439 1397 3482 3482 1440 1402 3483 3483 1434 1400 3484 3484 1439 1397 3485 3485 1438 1401 3486 3486 1435 1398 3487 3487 1439 1397 3488 3488 1441 1399 3489 3489 1436 1395 3490 3490 1439 1397 3491 3491 1437 1396 3492 3492 1440 1402 3493 3493 1439 1397 3494 3494 1444 1403 3495 3495 1445 1404 3496 3496 1447 1405 3497 3497 1443 1406 3498 3498 1449 1407 3499 3499 1447 1405 3500 3500 1442 1408 3501 3501 1446 1409 3502 3502 1447 1405 3503 3503 1448 1410 3504 3504 1442 1408 3505 3505 1447 1405 3506 3506 1446 1409 3507 3507 1443 1406 3508 3508 1447 1405 3509 3509 1449 1407 3510 3510 1444 1403 3511 3511 1447 1405 3512 3512 1445 1404 3513 3513 1448 1410 3514 3514 1447 1405 3515 3515 1454 1412 3519 3519 1457 1413 3520 3520 1455 1414 3521 3521 1453 1415 3522 3522 1457 1413 3523 3523 1459 1416 3524 3524 1452 1417 3525 3525 1457 1413 3526 3526 1456 1418 3527 3527 1458 1419 3528 3528 1457 1413 3529 3529 1452 1417 3530 3530 1456 1418 3531 3531 1457 1413 3532 3532 1453 1415 3533 3533 1459 1416 3534 3534 1457 1413 3535 3535 1454 1412 3536 3536 1455 1414 3537 3537 1457 1413 3538 3538 1458 1419 3539 3539 1462 1420 3540 3540 1465 1421 3541 3541 1463 1422 3542 3542 1461 1423 3543 3543 1465 1421 3544 3544 1467 1424 3545 3545 1460 1425 3546 3546 1465 1421 3547 3547 1464 1426 3548 3548 1466 1427 3549 3549 1465 1421 3550 3550 1460 1425 3551 3551 1464 1426 3552 3552 1465 1421 3553 3553 1461 1423 3554 3554 1467 1424 3555 3555 1465 1421 3556 3556 1462 1420 3557 3557 1463 1422 3558 3558 1465 1421 3559 3559 1466 1427 3560 3560 1470 1428 3561 3561 1473 1429 3562 3562 1471 1430 3563 3563 1469 1431 3564 3564 1473 1429 3565 3565 1475 1432 3566 3566 1468 1433 3567 3567 1473 1429 3568 3568 1472 1434 3569 3569 1474 1435 3570 3570 1473 1429 3571 3571 1468 1433 3572 3572 1472 1434 3573 3573 1473 1429 3574 3574 1469 1431 3575 3575 1475 1432 3576 3576 1473 1429 3577 3577 1470 1428 3578 3578 1471 1430 3579 3579 1473 1429 3580 3580 1474 1435 3581 3581 1478 1436 3582 3582 1481 1437 3583 3583 1479 1438 3584 3584 1477 1439 3585 3585 1481 1437 3586 3586 1483 1440 3587 3587 1476 1441 3588 3588 1481 1437 3589 3589 1480 1442 3590 3590 1482 1443 3591 3591 1481 1437 3592 3592 1476 1441 3593 3593 1480 1442 3594 3594 1481 1437 3595 3595 1477 1439 3596 3596 1483 1440 3597 3597 1481 1437 3598 3598 1478 1436 3599 3599 1479 1438 3600 3600 1481 1437 3601 3601 1482 1443 3602 3602</p>
        </polylist>
        <polylist material="tro_hangingplants-material" count="164">
          <input semantic="VERTEX" source="#tree_oak_large_b200_002-mesh-vertices" offset="0"/>
          <input semantic="NORMAL" source="#tree_oak_large_b200_002-mesh-normals" offset="1"/>
          <input semantic="TEXCOORD" source="#tree_oak_large_b200_002-mesh-map-0" offset="2" set="0"/>
          <input semantic="COLOR" source="#tree_oak_large_b200_002-mesh-colors-Col" offset="3" set="0"/>
          <vcount>3 3 3 3 3 3 3 3 3 3 3 3 3 3 3 3 3 3 3 3 3 3 3 3 3 3 3 3 3 3 3 3 3 3 3 3 3 3 3 3 3 3 3 3 3 3 3 3 3 3 3 3 3 3 3 3 3 3 3 3 3 3 3 3 3 3 3 3 3 3 3 3 3 3 3 3 3 3 3 3 3 3 3 3 3 3 3 3 3 3 3 3 3 3 3 3 3 3 3 3 3 3 3 3 3 3 3 3 3 3 3 3 3 3 3 3 3 3 3 3 3 3 3 3 3 3 3 3 3 3 3 3 3 3 3 3 3 3 3 3 3 3 3 3 3 3 3 3 3 3 3 3 3 3 3 3 3 3 3 3 3 3 3 3 </vcount>
          <p>466 443 984 984 469 444 985 985 468 445 986 986 471 446 987 987 473 447 988 988 467 448 989 989 472 449 990 990 475 450 991 991 474 451 992 992 477 452 993 993 479 453 994 994 478 454 995 995 469 444 996 996 477 452 997 997 476 455 998 998 475 450 999 999 466 443 1000 1000 464 456 1001 1001 483 457 1002 1002 482 458 1003 1003 484 459 1004 1004 465 460 1005 1005 467 448 1006 1006 482 458 1007 1007 481 461 1008 1008 480 462 1009 1009 473 447 1010 1010 464 456 1011 1011 466 443 1012 1012 468 445 1013 1013 465 460 1014 1014 471 446 1015 1015 467 448 1016 1016 470 463 1017 1017 472 449 1018 1018 474 451 1019 1019 476 455 1020 1020 477 452 1021 1021 478 454 1022 1022 468 445 1023 1023 469 444 1024 1024 476 455 1025 1025 474 451 1026 1026 475 450 1027 1027 464 456 1028 1028 485 464 1029 1029 483 457 1030 1030 484 459 1031 1031 483 457 1032 1032 465 460 1033 1033 482 458 1034 1034 471 446 1035 1035 481 461 1036 1036 473 447 1037 1037 499 465 1038 1038 498 466 1039 1039 500 467 1040 1040 488 468 1041 1041 491 469 1042 1042 490 470 1043 1043 493 471 1044 1044 495 472 1045 1045 489 473 1046 1046 494 474 1047 1047 497 475 1048 1048 496 476 1049 1049 497 475 1050 1050 488 468 1051 1051 486 477 1052 1052 487 478 1053 1053 489 473 1054 1054 502 479 1055 1055 501 480 1056 1056 500 467 1057 1057 495 472 1058 1058 501 480 1059 1059 499 465 1060 1060 500 467 1061 1061 486 477 1062 1062 488 468 1063 1063 490 470 1064 1064 487 478 1065 1065 493 471 1066 1066 489 473 1067 1067 492 481 1068 1068 494 474 1069 1069 496 476 1070 1070 496 476 1071 1071 497 475 1072 1072 486 477 1073 1073 503 482 1074 1074 487 478 1075 1075 502 479 1076 1076 493 471 1077 1077 501 480 1078 1078 495 472 1079 1079 503 482 1080 1080 502 479 1081 1081 480 462 1082 1082 481 461 1083 1083 503 482 1084 1084 480 462 1085 1085 491 469 1086 1086 472 449 1087 1087 470 463 1088 1088 490 470 1089 1089 491 469 1090 1090 470 463 1091 1091 509 483 1092 1092 511 484 1093 1093 510 485 1094 1094 507 486 1095 1095 509 483 1096 1096 508 487 1097 1097 513 488 1098 1098 512 489 1099 1099 514 490 1100 1100 504 491 1101 1101 505 492 1102 1102 512 489 1103 1103 508 487 1104 1104 509 483 1105 1105 510 485 1106 1106 506 493 1107 1107 507 486 1108 1108 508 487 1109 1109 515 494 1110 1110 513 488 1111 1111 514 490 1112 1112 513 488 1113 1113 504 491 1114 1114 512 489 1115 1115 507 486 1116 1116 506 493 1117 1117 478 454 1118 1118 484 459 1119 1119 505 492 1120 1120 504 491 1121 1121 479 453 1122 1122 507 486 1123 1123 478 454 1124 1124 485 464 1125 1125 484 459 1126 1126 504 491 1127 1127 518 495 1128 1128 521 496 1129 1129 520 497 1130 1130 523 498 1131 1131 525 499 1132 1132 519 500 1133 1133 524 501 1134 1134 527 502 1135 1135 526 503 1136 1136 529 504 1137 1137 531 505 1138 1138 530 506 1139 1139 521 496 1140 1140 529 504 1141 1141 528 507 1142 1142 527 502 1143 1143 518 495 1144 1144 516 508 1145 1145 535 509 1146 1146 534 510 1147 1147 536 511 1148 1148 517 512 1149 1149 519 500 1150 1150 534 510 1151 1151 533 513 1152 1152 532 514 1153 1153 525 499 1154 1154 516 508 1155 1155 518 495 1156 1156 520 497 1157 1157 517 512 1158 1158 523 498 1159 1159 519 500 1160 1160 522 515 1161 1161 524 501 1162 1162 526 503 1163 1163 528 507 1164 1164 529 504 1165 1165 530 506 1166 1166 520 497 1167 1167 521 496 1168 1168 528 507 1169 1169 526 503 1170 1170 527 502 1171 1171 516 508 1172 1172 537 516 1173 1173 535 509 1174 1174 536 511 1175 1175 535 509 1176 1176 517 512 1177 1177 534 510 1178 1178 523 498 1179 1179 533 513 1180 1180 525 499 1181 1181 538 517 1182 1182 539 518 1183 1183 542 519 1184 1184 543 520 1185 1185 538 517 1186 1186 542 519 1187 1187 543 520 1188 1188 542 519 1189 1189 532 514 1190 1190 533 513 1191 1191 543 520 1192 1192 532 514 1193 1193 541 521 1194 1194 524 501 1195 1195 522 515 1196 1196 540 522 1197 1197 541 521 1198 1198 522 515 1199 1199 549 523 1200 1200 551 524 1201 1201 550 525 1202 1202 547 526 1203 1203 549 523 1204 1204 548 527 1205 1205 553 528 1206 1206 552 529 1207 1207 554 530 1208 1208 544 531 1209 1209 545 532 1210 1210 552 529 1211 1211 548 527 1212 1212 549 523 1213 1213 550 525 1214 1214 546 533 1215 1215 547 526 1216 1216 548 527 1217 1217 555 534 1218 1218 553 528 1219 1219 554 530 1220 1220 553 528 1221 1221 544 531 1222 1222 552 529 1223 1223 547 526 1224 1224 546 533 1225 1225 530 506 1226 1226 536 511 1227 1227 545 532 1228 1228 544 531 1229 1229 531 505 1230 1230 547 526 1231 1231 530 506 1232 1232 537 516 1233 1233 536 511 1234 1234 544 531 1235 1235 558 535 1236 1236 561 536 1237 1237 560 537 1238 1238 562 538 1239 1239 563 539 1240 1240 559 540 1241 1241 565 541 1242 1242 567 542 1243 1243 566 543 1244 1244 561 536 1245 1245 565 541 1246 1246 564 544 1247 1247 569 545 1248 1248 568 546 1249 1249 570 547 1250 1250 557 548 1251 1251 559 540 1252 1252 568 546 1253 1253 556 549 1254 1254 558 535 1255 1255 560 537 1256 1256 557 548 1257 1257 562 538 1258 1258 559 540 1259 1259 564 544 1260 1260 565 541 1261 1261 566 543 1262 1262 560 537 1263 1263 561 536 1264 1264 564 544 1265 1265 571 550 1266 1266 569 545 1267 1267 570 547 1268 1268 569 545 1269 1269 557 548 1270 1270 568 546 1271 1271 574 551 1272 1272 577 552 1273 1273 576 553 1274 1274 578 554 1275 1275 579 555 1276 1276 575 556 1277 1277 581 557 1278 1278 583 558 1279 1279 582 559 1280 1280 577 552 1281 1281 581 557 1282 1282 580 560 1283 1283 585 561 1284 1284 584 562 1285 1285 586 563 1286 1286 573 564 1287 1287 575 556 1288 1288 584 562 1289 1289 572 565 1290 1290 574 551 1291 1291 576 553 1292 1292 573 564 1293 1293 578 554 1294 1294 575 556 1295 1295 580 560 1296 1296 581 557 1297 1297 582 559 1298 1298 576 553 1299 1299 577 552 1300 1300 580 560 1301 1301 587 566 1302 1302 585 561 1303 1303 586 563 1304 1304 585 561 1305 1305 573 564 1306 1306 584 562 1307 1307 590 567 1308 1308 593 568 1309 1309 592 569 1310 1310 594 570 1311 1311 595 571 1312 1312 591 572 1313 1313 597 573 1314 1314 599 574 1315 1315 598 575 1316 1316 593 568 1317 1317 597 573 1318 1318 596 576 1319 1319 601 577 1320 1320 600 578 1321 1321 602 579 1322 1322 589 580 1323 1323 591 572 1324 1324 600 578 1325 1325 588 581 1326 1326 590 567 1327 1327 592 569 1328 1328 589 580 1329 1329 594 570 1330 1330 591 572 1331 1331 596 576 1332 1332 597 573 1333 1333 598 575 1334 1334 592 569 1335 1335 593 568 1336 1336 596 576 1337 1337 603 582 1338 1338 601 577 1339 1339 602 579 1340 1340 601 577 1341 1341 589 580 1342 1342 600 578 1343 1343 606 583 1344 1344 623 584 1345 1345 625 585 1346 1346 610 586 1347 1347 621 587 1348 1348 622 588 1349 1349 613 589 1350 1350 615 590 1351 1351 614 591 1352 1352 609 592 1353 1353 613 589 1354 1354 612 593 1355 1355 617 594 1356 1356 616 595 1357 1357 618 596 1358 1358 605 597 1359 1359 607 598 1360 1360 616 595 1361 1361 604 599 1362 1362 625 585 1363 1363 624 600 1364 1364 620 601 1365 1365 610 586 1366 1366 622 588 1367 1367 612 593 1368 1368 613 589 1369 1369 614 591 1370 1370 608 602 1371 1371 609 592 1372 1372 612 593 1373 1373 619 603 1374 1374 617 594 1375 1375 618 596 1376 1376 617 594 1377 1377 605 597 1378 1378 616 595 1379 1379 622 588 1380 1380 621 587 1381 1381 607 598 1382 1382 605 597 1383 1383 622 588 1384 1384 607 598 1385 1385 624 600 1386 1386 625 585 1387 1387 608 602 1388 1388 609 592 1389 1389 625 585 1390 1390 623 584 1391 1391 627 604 1392 1392 632 605 1393 1393 629 606 1394 1394 635 607 1395 1395 637 608 1396 1396 636 609 1397 1397 631 610 1398 1398 635 607 1399 1399 634 611 1400 1400 639 612 1401 1401 638 613 1402 1402 640 614 1403 1403 627 604 1404 1404 629 606 1405 1405 638 613 1406 1406 631 610 1407 1407 630 615 1408 1408 628 616 1409 1409 630 615 1410 1410 626 617 1411 1411 628 616 1412 1412 634 611 1413 1413 635 607 1414 1414 636 609 1415 1415 630 615 1416 1416 631 610 1417 1417 634 611 1418 1418 641 618 1419 1419 639 612 1420 1420 640 614 1421 1421 639 612 1422 1422 627 604 1423 1423 638 613 1424 1424 633 619 1425 1425 629 606 1426 1426 632 605 1427 1427 644 620 1428 1428 647 621 1429 1429 646 622 1430 1430 648 623 1431 1431 649 624 1432 1432 645 625 1433 1433 651 626 1434 1434 653 627 1435 1435 652 628 1436 1436 647 621 1437 1437 651 626 1438 1438 650 629 1439 1439 655 630 1440 1440 654 631 1441 1441 656 632 1442 1442 643 633 1443 1443 645 625 1444 1444 654 631 1445 1445 642 634 1446 1446 644 620 1447 1447 646 622 1448 1448 643 633 1449 1449 648 623 1450 1450 645 625 1451 1451 650 629 1452 1452 651 626 1453 1453 652 628 1454 1454 646 622 1455 1455 647 621 1456 1456 650 629 1457 1457 657 635 1458 1458 655 630 1459 1459 656 632 1460 1460 655 630 1461 1461 643 633 1462 1462 654 631 1463 1463 610 586 3897 3897 611 1458 3898 3898 621 587 3899 3899 604 599 3900 3900 606 583 3901 3901 625 585 3902 3902 605 597 3903 3903 620 601 3904 3904 622 588 3905 3905 609 592 3906 3906 608 602 3907 3907 625 585 3908 3908</p>
        </polylist>
      </mesh>
      <extra><technique profile="MAYA"><double_sided>1</double_sided></technique></extra>
    </geometry>
  </library_geometries>
  <library_controllers/>
  <library_visual_scenes>
    <visual_scene id="Scene" name="Scene">
      <node id="base00" name="base00" type="NODE">
        <matrix sid="transform">1 0 0 0 0 1 0 0 0 0 1 0 0 0 0 1</matrix>
        <node id="bb__autobillboard25" name="bb__autobillboard25" type="NODE">
          <matrix sid="transform">1 0 0 0 0 1 0 0 0 0 1 0 0 0 0 1</matrix>
        </node>
        <node id="collision-1" name="collision-1" type="NODE">
          <matrix sid="transform">1 0 0 0 0 1 0 0 0 0 1 0 0 0 0 1</matrix>
        </node>
        <node id="detail200" name="detail200" type="NODE">
          <matrix sid="transform">1 0 0 0 0 1 0 0 0 0 1 0 0 0 0 1</matrix>
        </node>
        <node id="detail600" name="detail600" type="NODE">
          <matrix sid="transform">1 0 0 0 0 1 0 0 0 0 1 0 0 0 0 1</matrix>
        </node>
        <node id="start01" name="start01" type="NODE">
          <matrix sid="transform">1 0 0 0 0 1 0 0 0 0 1 0 0 0 0 1</matrix>
          <node id="tree_oak_large_b280" name="tree_oak_large_b280" type="NODE">
            <matrix sid="transform">1 0 0 0 0 1 0 0 0 0 1 0 0 0 0 1</matrix>
            <instance_geometry url="#tree_oak_large_b200-mesh" name="tree_oak_large_b280">
              <bind_material>
                <technique_common>
                  <instance_material symbol="tro_tree_2_trunk-material" target="#tro_tree_2_trunk-material"/>
                  <instance_material symbol="tro_vines_2d-material" target="#tro_vines_2d-material"/>
                  <instance_material symbol="tro_tree_1_branches-material" target="#tro_tree_1_branches-material"/>
                  <instance_material symbol="tro_hangingplants-material" target="#tro_hangingplants-material"/>
                </technique_common>
              </bind_material>
            </instance_geometry>
          </node>
          <node id="Colmesh-1" name="Colmesh-1" type="NODE">
            <matrix sid="transform">1 0 0 0 0 1 0 0 0 0 1 0 0 0 0 1</matrix>
            <instance_geometry url="#Colmesh-1-mesh" name="Colmesh-1">
              <bind_material>
                <technique_common>
                  <instance_material symbol="ColorEffectR27G177B88-material-material" target="#ColorEffectR27G177B88-material-material"/>
                  <instance_material symbol="leaves_strong-material" target="#leaves_strong-material"/>
                  <instance_material symbol="leaves_thin-material" target="#leaves_thin-material"/>
                </technique_common>
              </bind_material>
            </instance_geometry>
          </node>
          <node id="tree_oak_large_b100" name="tree_oak_large_b100" type="NODE">
            <matrix sid="transform">1 0 0 0 0 1 0 0 0 0 1 0 0 0 0 1</matrix>
            <instance_geometry url="#tree_oak_large_b200_001-mesh" name="tree_oak_large_b100">
              <bind_material>
                <technique_common>
                  <instance_material symbol="tro_tree_2_trunk-material" target="#tro_tree_2_trunk-material"/>
                </technique_common>
              </bind_material>
            </instance_geometry>
          </node>
          <node id="tree_oak_large_b800" name="tree_oak_large_b800" type="NODE">
            <matrix sid="transform">1 0 0 0 0 1 0 0 0 0 1 0 0 0 0 1</matrix>
            <instance_geometry url="#tree_oak_large_b200_002-mesh" name="tree_oak_large_b800">
              <bind_material>
                <technique_common>
                  <instance_material symbol="tro_tree_2_trunk-material" target="#tro_tree_2_trunk-material"/>
                  <instance_material symbol="tro_vines_2d-material" target="#tro_vines_2d-material"/>
                  <instance_material symbol="tro_tree_1_branches-material" target="#tro_tree_1_branches-material"/>
                  <instance_material symbol="tro_hangingplants-material" target="#tro_hangingplants-material"/>
                </technique_common>
              </bind_material>
            </instance_geometry>
          </node>
        </node>
      </node>
    </visual_scene>
  </library_visual_scenes>
  <scene>
    <instance_visual_scene url="#Scene"/>
  </scene>
</COLLADA>