<?xml version="1.0" encoding="utf-8"?>
<COLLADA xmlns="http://www.collada.org/2005/11/COLLADASchema" version="1.4.1">
  <asset>
    <contributor>
      <author>Blender User</author>
      <authoring_tool>Blender 2.77.0 commit date:2016-03-18, commit time:12:34, hash:22a2853</authoring_tool>
    </contributor>
    <created>2016-04-19T12:24:13</created>
    <modified>2016-04-19T12:24:13</modified>
    <unit name="meter" meter="1"/>
    <up_axis>Z_UP</up_axis>
  </asset>
  <library_images/>
  <library_effects>
    <effect id="tro_tree_1_branches-effect">
      <profile_COMMON>
        <technique sid="common">
          <lambert>
            <emission>
              <color sid="emission">0 0 0 1</color>
            </emission>
            <ambient>
              <color sid="ambient">0 0 0 1</color>
            </ambient>
            <diffuse>
              <color sid="diffuse">0.64 0.64 0.64 1</color>
            </diffuse>
            <transparency>
              <float sid="transparency">0</float>
            </transparency>
            <index_of_refraction>
              <float sid="index_of_refraction">1</float>
            </index_of_refraction>
          </lambert>
        </technique>
        <extra>
          <technique profile="GOOGLEEARTH">
            <double_sided>1</double_sided>
          </technique>
        </extra>
      </profile_COMMON>
      <extra><technique profile="MAX3D"><double_sided>1</double_sided></technique></extra>
    </effect>
    <effect id="tro_tree_1_trunk-effect">
      <profile_COMMON>
        <technique sid="common">
          <lambert>
            <emission>
              <color sid="emission">0 0 0 1</color>
            </emission>
            <ambient>
              <color sid="ambient">0 0 0 1</color>
            </ambient>
            <diffuse>
              <color sid="diffuse">0.64 0.64 0.64 1</color>
            </diffuse>
            <index_of_refraction>
              <float sid="index_of_refraction">1</float>
            </index_of_refraction>
          </lambert>
        </technique>
        <extra>
          <technique profile="GOOGLEEARTH">
            <double_sided>1</double_sided>
          </technique>
        </extra>
      </profile_COMMON>
      <extra><technique profile="MAX3D"><double_sided>1</double_sided></technique></extra>
    </effect>
    <effect id="tro_bush_1_leaves-effect">
      <profile_COMMON>
        <technique sid="common">
          <lambert>
            <emission>
              <color sid="emission">0 0 0 1</color>
            </emission>
            <ambient>
              <color sid="ambient">0 0 0 1</color>
            </ambient>
            <diffuse>
              <color sid="diffuse">0.8 0.8 0.8 1</color>
            </diffuse>
            <transparency>
              <float sid="transparency">0</float>
            </transparency>
            <index_of_refraction>
              <float sid="index_of_refraction">1</float>
            </index_of_refraction>
          </lambert>
        </technique>
        <extra>
          <technique profile="GOOGLEEARTH">
            <double_sided>1</double_sided>
          </technique>
        </extra>
      </profile_COMMON>
      <extra><technique profile="MAX3D"><double_sided>1</double_sided></technique></extra>
    </effect>
    <effect id="leaves_strong-effect">
      <profile_COMMON>
        <technique sid="common">
          <phong>
            <emission>
              <color sid="emission">0 0 0 1</color>
            </emission>
            <ambient>
              <color sid="ambient">0 0 0 1</color>
            </ambient>
            <diffuse>
              <color sid="diffuse">0.64 0.1921665 0.09282804 1</color>
            </diffuse>
            <specular>
              <color sid="specular">0.5 0.5 0.5 1</color>
            </specular>
            <shininess>
              <float sid="shininess">50</float>
            </shininess>
            <transparency>
              <float sid="transparency">0.4949495</float>
            </transparency>
            <index_of_refraction>
              <float sid="index_of_refraction">1</float>
            </index_of_refraction>
          </phong>
        </technique>
        <extra>
          <technique profile="GOOGLEEARTH">
            <double_sided>1</double_sided>
          </technique>
        </extra>
      </profile_COMMON>
      <extra><technique profile="MAX3D"><double_sided>1</double_sided></technique></extra>
    </effect>
    <effect id="leaves_thin-effect">
      <profile_COMMON>
        <technique sid="common">
          <lambert>
            <emission>
              <color sid="emission">0 0 0 1</color>
            </emission>
            <ambient>
              <color sid="ambient">0 0 0 1</color>
            </ambient>
            <diffuse>
              <color sid="diffuse">0.5394552 1 0.2873878 1</color>
            </diffuse>
            <transparency>
              <float sid="transparency">0.3535354</float>
            </transparency>
            <index_of_refraction>
              <float sid="index_of_refraction">1</float>
            </index_of_refraction>
          </lambert>
        </technique>
        <extra>
          <technique profile="GOOGLEEARTH">
            <double_sided>1</double_sided>
          </technique>
        </extra>
      </profile_COMMON>
      <extra><technique profile="MAX3D"><double_sided>1</double_sided></technique></extra>
    </effect>
  </library_effects>
  <library_materials>
    <material id="tro_tree_1_branches-material" name="tro_tree_1_branches">
      <instance_effect url="#tro_tree_1_branches-effect"/>
    </material>
    <material id="tro_tree_1_trunk-material" name="tro_tree_1_trunk">
      <instance_effect url="#tro_tree_1_trunk-effect"/>
    </material>
    <material id="tro_bush_1_leaves-material" name="tro_bush_1_leaves">
      <instance_effect url="#tro_bush_1_leaves-effect"/>
    </material>
    <material id="leaves_strong-material" name="leaves_strong">
      <instance_effect url="#leaves_strong-effect"/>
    </material>
    <material id="leaves_thin-material" name="leaves_thin">
      <instance_effect url="#leaves_thin-effect"/>
    </material>
  </library_materials>
  <library_geometries>
    <geometry id="tree_oak_bush_a200_001-mesh" name="tree_oak_bush_a200.001">
      <mesh>
        <source id="tree_oak_bush_a200_001-mesh-positions">
          <float_array id="tree_oak_bush_a200_001-mesh-positions-array" count="2760">-0.2093116 1.973634 1.304697 -0.3510801 1.92134 0.8019558 -0.5036809 1.896283 1.283442 -0.2271265 1.47301 1.296486 -0.9238142 2.195606 0.8499751 -1.131391 2.214337 0.3681636 -1.174169 2.021962 0.8338953 -0.7753146 1.741161 0.7001851 -0.2258677 2.266375 0.8542869 -0.3634881 2.342054 0.3533731 -0.5088132 2.379102 0.8363348 -0.5354883 1.874495 0.8145989 -0.9946705 1.263182 1.346708 -1.239797 1.291003 0.8833284 -1.233215 1.073091 1.339634 -0.8278838 0.8285556 1.161527 -1.994094 1.128723 0.6819219 -2.23922 1.156544 0.2185427 -2.232638 0.9386319 0.6748481 -1.827307 0.6940968 0.4967415 -1.499922 1.731231 0.7014956 -1.827006 1.883854 0.3203092 -1.744494 1.549165 0.6903346 -1.39291 1.364927 0.3768737 -2.738977 -0.9508611 0.9075703 -2.904461 -1.020163 0.4142209 -2.812472 -1.242937 0.8588036 -2.32669 -1.176837 0.7344692 -2.457033 -1.276199 1.143311 -2.510014 -1.431987 0.5587174 -2.375149 -1.616438 1.097295 -1.89057 -1.297155 1.02239 -2.267391 -2.013993 1.077007 -2.193337 -2.160938 0.4924129 -1.967232 -2.193916 1.030991 -1.855599 -1.624446 0.9560858 -2.28958 -2.463969 0.6395166 -2.208946 -2.560103 0.1937514 -2.035361 -2.545085 0.6044285 -2.051974 -2.1029 0.5473119 -1.89072 -1.518795 1.403906 -1.953352 -1.699744 0.9822604 -1.72891 -1.730601 1.366561 -1.518651 -1.36464 1.221887 -1.430325 -1.049036 1.575787 -1.413739 -1.469013 1.208214 -1.128809 -1.166079 1.549343 -1.195523 -0.7812659 1.179384 -1.421451 -0.7489098 1.643672 -1.811632 -0.9051613 1.276099 -1.43078 -1.072211 1.617228 -1.090518 -0.8804984 1.247269 -1.831243 -0.4315145 1.527681 -2.109135 -0.5224466 1.052 -1.935838 -0.7383685 1.51316 -1.451164 -0.7121469 1.281201 -1.041747 -2.543206 0.7742165 -1.201404 -2.142124 0.6946418 -1.29651 -2.543498 0.7877659 -1.183388 -2.61911 0.3873253 -0.1768245 -2.237446 0.8067591 -0.3364813 -1.836364 0.7271843 -0.4315872 -2.237739 0.8203085 -0.3184652 -2.31335 0.4198678 0.7450051 -2.855987 0.5293558 0.5853484 -2.454906 0.4497811 0.4902426 -2.85628 0.5429052 0.6033645 -2.931891 0.1424646 0.9154835 -2.754459 0.5991055 1.053643 -2.666091 0.1919297 1.134277 -2.623371 0.6048358 0.8132237 -2.348205 0.5961942 1.579818 -2.389867 0.6376417 1.686528 -2.265328 0.230466 1.751368 -2.201119 0.643372 1.36447 -2.030527 0.6347303 0.4733562 -2.281464 1.124981 0.6368111 -2.294851 0.7178053 0.7268466 -2.30971 1.130711 0.6381008 -1.896289 1.12207 2.373166 -1.612485 0.8124607 2.449235 -1.587189 0.3808794 2.530925 -1.418934 0.7601357 2.132957 -1.277753 0.7365483 2.895573 -0.3793963 0.5790616 2.903512 -0.2996258 0.1474803 2.783223 -0.1563993 0.5267365 2.491965 -0.4621428 0.5031492 2.313399 -0.9693855 1.090584 2.344877 -0.7601094 0.7060049 2.431261 -0.7449979 1.119681 2.014832 -0.6842194 1.16163 2.482133 -0.0634306 1.308568 2.561297 0.05456799 0.8932393 2.503512 0.190088 1.289615 2.099645 0.08412164 1.222309 2.113676 0.2597434 1.485649 1.759533 0.2048053 1.232167 2.055825 0.0121774 1.464381 2.313852 0.1174493 1.14625 2.745807 1.108471 0.8104297 2.339779 1.036303 0.6600244 2.684448 0.8617739 0.8319574 2.855354 0.924681 0.4502499 2.649268 1.073615 0.8360865 2.585623 0.7053205 0.6058745 2.86558 0.9999557 0.7226323 2.651965 1.248707 0.4555023 2.37657 2.234601 0.4645144 2.050936 1.996573 0.2913245 2.428144 1.985366 0.4821299 2.573253 2.12646 0.1107769 1.876865 2.326294 0.4687073 2.072186 1.973386 0.2955175 2.130599 2.346212 0.4863228 2.008813 2.507866 0.1149698 1.923351 1.880002 0.9213511 1.699156 1.516775 0.8189209 2.078315 1.677431 0.9150782 2.059515 1.844017 0.5267965 1.024264 2.389453 0.6807112 1.089471 1.967617 0.5782809 1.273632 2.335933 0.6744382 1.151205 2.450457 0.2861565 1.830879 1.06078 1.429116 1.54194 0.746596 1.326686 1.944666 0.8325227 1.422843 1.957761 0.9996534 1.034561 1.064749 1.330598 1.554728 0.9739032 0.9179405 1.435773 1.250719 1.172556 1.629065 1.337113 1.3065 1.237323 1.48153 -0.3740236 2.000823 1.151469 -0.5214239 1.751781 1.441919 -0.6226729 2.041962 1.71518 -0.5815399 1.721801 1.981355 -0.8822539 1.558266 1.558769 -0.7652728 1.537641 1.83227 -1.087755 1.533152 1.929776 -0.9447971 1.147247 1.495461 0.6310696 1.747159 1.234143 0.2789649 1.726534 1.633483 0.4179801 1.722045 1.535232 0.5604277 1.33614 1.029766 0.2287269 1.950862 1.217302 0.4649782 1.631948 0.9045313 0.4482539 1.916047 0.7406102 0.1576324 1.65617 0.4495346 -0.3695141 2.070523 0.6809531 -0.5629818 1.75161 0.6721675 -0.2498873 2.035709 0.3857969 -0.07864803 1.775832 0.9738466 -1.198316 1.63801 0.6740736 -0.8829649 1.579875 0.7454978 -1.299707 1.586387 0.9463488 -1.228518 1.221068 1.17216 -0.8252353 1.910117 0.8828788 -0.6014117 1.667404 0.9520744 -0.952987 1.891958 1.198063 -1.062524 1.565832 -0.07356512 -0.2063835 1.899538 -0.2738215 -0.378592 1.548922 -0.04075646 -0.4592887 1.892413 0.271024 -0.277314 1.672083 0.06863468 -0.3971372 1.899886 0.08519119 -0.07843858 1.598477 -0.1646597 -0.3459486 1.81021 0.01229006 -0.6403477 1.56346 -0.8881182 -0.286497 1.676903 -1.048586 -0.5918822 1.405463 -0.7605972 -0.505926 1.702938 -0.5753225 -0.2784279 1.398331 -1.10925 -0.4866796 1.705041 -0.6373374 -0.7137159 1.425164 -0.8503941 -0.258545 1.698332 -1.163493 -0.1917188 1.224212 0.6495511 -2.563051 1.08737 0.5613976 -2.161048 0.9346873 0.39901 -2.51597 1.097412 0.4893986 -2.68109 0.7186875 -1.553434 2.337466 0.3162403 -1.259064 0.9918649 0.445352 -2.609166 1.090223 0.07345342 -1.893827 0.2839369 0.4925248 -2.12474 1.592083 0.1521479 -1.380945 0.8267461 0.573167 -2.102447 1.646236 0.3162403 -1.621378 1.600258 0.5001838 -2.216345 0.6260731 0.4226034 -1.693242 0.6017638 0.6938755 -1.710012 1.147719 0.5055356 -2.007148 0.9298484 0.5726061 -2.231636 1.174726 0.397384 -1.49627 2.000136 0.2802438 -0.7809311 1.19385 0.6993152 -1.011844 2.501996 0.3589383 -0.2680486 1.736659 0.7799574 -1.103449 1.535986 0.6293938 -0.5803461 1.511677 0.9006659 -0.5971161 2.057633 0.7123259 -0.894252 1.839762 0.7793965 -1.11874 2.084639 0.6041744 -0.0744183 2.547929 0.235408 -0.4853953 1.566437 1.119567 -0.873061 2.18379 0.3291513 -0.5186796 2.140886 0.7032496 -0.7784178 1.84938 0.8975813 -0.3153523 0.8168106 1.135905 -0.157712 2.168938 0.9706006 0.3451412 1.16635 1.211821 -0.5208398 1.24539 1.143546 -0.01025277 1.0293 1.344598 0.1270919 1.576554 1.220221 -0.2162037 1.449286 1.299002 -0.3676837 1.771782 1.180205 2.917089 1.348215 0.2284414 1.913223 1.358514 0.8025252 2.942054 0.6468257 0.2408942 1.947304 0.6082094 0.8111671 2.368107 1.358045 0.6645271 2.025175 0.9766767 0.9556834 2.39226 0.6268945 0.6786961 2.456746 0.984395 0.7697519 2.759722 0.9907301 0.5478792 2.779855 -1.495348 0.2424718 2.216583 -0.6643369 0.8165556 2.217555 -1.915334 0.2549247 1.619269 -1.119675 0.8251975 2.475271 -1.038504 0.6785575 1.966487 -0.9738279 0.9697138 1.888045 -1.474773 0.6927265 2.218626 -1.324169 0.7837824 2.396389 -1.569597 0.5619096 2.922945 0.04117792 0.02053678 1.919314 0.01712745 0.5946206 2.971891 -0.6589462 0.03298962 1.979045 -0.7315721 0.6032624 2.373949 0.03222143 0.4566225 2.044264 -0.360656 0.7477788 2.423101 -0.6976751 0.4707915 2.475318 -0.3381776 0.5618473 2.777901 -0.321481 0.3399746 0.8151933 2.534969 0.1301799 0.7683634 1.532143 0.7042636 1.517026 2.53439 0.1426327 1.519411 1.538893 0.7129055 0.7853882 1.986709 0.5662655 1.154022 1.630124 0.8574218 1.516934 1.984234 0.5804345 1.162017 2.061689 0.6714904 1.166714 2.364696 0.4496176 2.078177 2.274107 0.2359328 1.260336 1.691878 0.8100165 2.510981 1.721613 0.2483856 1.729289 1.10519 0.8186584 1.628457 1.9591 0.6720184 1.575496 1.448963 0.9631747 2.078112 1.38206 0.6861874 1.919948 1.70909 0.7772433 2.161224 1.892449 0.5553706 0.3145254 2.00863 1.131028 0.05353695 0.8948584 1.300803 1.002381 1.877429 1.179656 0.7912616 0.7628653 1.351143 0.1537942 1.358078 1.337413 0.4295212 0.8624964 1.499245 0.8703563 1.219187 1.388532 0.5229347 1.322796 1.482444 0.5980197 1.677817 1.385573 -0.9131255 0.7489398 1.194419 0.009984493 0.07331383 1.364194 -0.5234609 1.330766 1.243047 0.4198727 0.7007306 1.414534 -0.3771784 0.3466791 1.400804 0.1867544 0.406726 1.562636 0.0307852 0.9519209 1.451923 -0.2003956 0.6726507 1.545835 -0.4978117 0.880549 1.448965 -1.685001 -1.960793 1.035083 -0.8830647 -1.14501 1.204858 -2.204407 -1.491136 1.083712 -1.444661 -0.6487538 1.255198 -1.209511 -1.488604 1.241469 -1.187431 -0.9219127 1.403301 -1.749443 -0.9974564 1.292587 -1.506513 -1.266569 1.3865 -1.75521 -1.530819 1.289629 -2.263928 -0.9504301 1.067749 -1.147683 -1.048719 1.35369 -2.190863 -0.2660527 0.9298567 -1.077866 -0.3160448 1.203662 -1.618767 -0.9866251 1.339972 -1.158881 -0.6316355 1.441478 -1.540483 -0.2733524 1.196867 -1.622794 -0.590341 1.378524 -1.974982 -0.5783987 1.248589 -0.7759799 -2.646243 0.1593017 -0.9740895 -1.662119 0.733479 -1.447797 -2.841113 0.2177245 -1.691261 -1.877797 0.7912921 -0.8724221 -2.105316 0.5948994 -1.30644 -1.861535 0.9111503 -1.573126 -2.306622 0.6569899 -1.205613 -2.280803 0.72425 -1.139802 -2.576205 0.501834 0.8150685 -2.558021 0.6173707 1.148443 -1.506648 0.9650811 0.1373404 -2.393087 0.6961537 0.4210087 -1.338039 1.046347 1.018343 -1.962189 0.9260986 0.7758827 -1.483669 1.171143 0.3124769 -1.788271 1.008988 0.6526615 -1.927932 1.079875 0.5543742 -2.256505 0.9267685 -0.2936297 -1.674694 1.075166 0.02878719 -0.5770019 1.244122 -0.9723668 -1.508445 1.141509 -0.6996538 -0.4073975 1.313416 -0.09440392 -1.034648 1.280834 -0.3400405 -0.5265301 1.451991 -0.8013415 -0.8592534 1.350417 -0.4575583 -0.9812712 1.435153 -0.5532845 -1.331312 1.338356 -3.055344 -1.441671 0.2562633 -2.047288 -1.575035 0.8071382 -3.013957 -0.7425864 0.3041426 -2.010436 -0.8262663 0.8538447 -2.502389 -1.525078 0.6792678 -2.120178 -1.19284 0.9815076 -2.457363 -0.7965645 0.7303239 -2.553658 -1.150721 0.8048593 -2.859614 -1.117354 0.5895931 -2.715199 -2.432039 -0.04712927 -2.000646 -1.784195 0.9446758 -1.919361 -2.626649 0.2814783 -2.241704 -2.315355 0.5394839 -0.6136931 -2.540291 0.07928651 -0.5391965 -1.578658 1.071092 0.09844452 -2.135209 0.4078941 -0.349646 -2.130301 0.6658997 1.373836 -2.807604 0.02140116 1.245731 -1.745387 0.8984706 1.919614 -2.126247 0.1521503 1.558548 -2.245269 0.5026384 2.719916 -0.4473878 0.8089585 1.647469 0.206409 1.388935 2.618314 0.4134745 0.9757153 2.319865 0.06280159 1.210946 -1.029785 1.709446 0.8970677 -0.6044661 0.4549849 1.277194 -1.49695 0.961664 0.9393992 -1.060172 1.014863 1.211006 1.821261 0.1607184 1.646048 0.4459156 0.01127666 1.653591 1.194918 0.7792582 1.58034 1.081856 0.308429 1.761759 2.0511 -0.8277156 1.709663 0.6820622 -0.6331263 1.752505 1.594999 -0.07425498 1.650645 1.374287 -0.5012888 1.841182 0.5536435 -1.019901 1.804767 0.07245552 0.2623167 1.608957 0.9969099 -0.2567116 1.78829 0.4840887 -0.2618564 1.854354 -1.358411 -1.074382 1.418295 -0.2050045 -0.5899954 1.242639 -1.688304 -0.3912907 1.306568 -0.5665957 0.1369085 1.124034 -0.6591944 -0.7618616 1.426478 -0.3867226 -0.1807623 1.370787 -1.000878 -0.04881364 1.309777 -0.8439369 -0.3750742 1.500247 -1.214284 -0.5510605 1.513974 -0.005672514 0.580658 -0.003403186 -0.005673348 -0.7285433 -0.003403186 2.863053 -1.144033 0.3278442 2.86305 0.1592894 0.3278427 -0.005672872 0.01430034 -0.003403186 1.235052 -0.2002886 0.7500362 1.422018 0.4645004 0.6229186 1.315537 -1.027987 0.5891085 -0.05218696 -0.01905053 -0.006524085 1.232986 2.490606 0.3247223 2.467068 1.759395 0.3247223 0.9795184 0.7483361 0.560751 1.471644 0.6342096 0.4322791 -0.8152348 1.911655 0.6545854 0.0220403 -0.02855014 -0.02501726 -0.1104856 2.192202 0.7219029 -0.1733754 0.9582015 0.522336 0.4722201 0.3440825 0.03886413 -0.6128294 -0.3884969 0.03886413 0.6480517 -2.998556 0.3701115 1.728228 -2.269261 0.3701105 0.002829551 0.02716922 0.03886413 0.5192453 -1.121204 0.7923036 1.174834 -0.904167 0.6651864 -0.1217042 -1.651059 0.6313758 0.009401381 -0.5821247 0.04268455 0.009196698 0.7270756 0.04268455 -2.45822 0.9996468 0.3739314 -2.45805 -0.06151896 0.3739305 0.00931257 -0.01576709 0.04268455 -1.166359 0.1095598 0.7773237 -1.316632 -0.4250842 0.6750965 -1.23119 0.7751797 0.6479068 0.03624719 -0.03501605 -0.07081127 -1.38391 0.7306848 1.086221 -0.8510141 1.424532 1.187155 -0.2746836 0.5100357 0.8253274 -0.1834167 0.9045163 0.8518825 -1.499271 -2.296253 0.8713765 -0.0159673 0.02638053 0.008550167 -2.334601 -1.763617 0.8691378 -1.023129 -0.894996 0.6998634 0.004501163 0.492156 -0.02243375 0.002226412 -0.5749588 0.06561708 1.68654 -0.7810966 1.743174 1.688803 0.281227 1.655516 0.00351715 0.03052425 0.01565694 0.4253945 -0.05403637 1.13596 0.6110737 0.4884134 1.103126 0.556745 -0.7341808 1.128437 0.4631102 -0.1239549 -0.5483548 -0.53692 0.248444 -0.4603039 -1.2728 -1.111793 1.217251 -0.2772598 -1.482517 1.129594 0.03049832 0.03714472 -0.510264 -0.1533194 -0.1812705 0.6100383 0.2910028 -0.5436317 0.5772042 -0.8367848 -0.0684666 0.6025152 1.84822 1.571611 0.6559193 2.213162 1.159657 0.5099088 2.083612 2.769158 -0.04159301 2.909033 2.040362 -0.06496417 1.349018 1.918652 0.5358586 2.195209 2.018027 0.3665691 1.442041 1.562364 0.7121672 1.988568 1.627151 0.5661566 0.5926605 2.438766 0.01465487 1.662082 2.701062 -0.008716285 0.8722542 1.350273 0.5921065 1.273278 2.102 0.4228169 -0.241947 1.679878 1.184106 0.3264189 1.68567 1.150433 -0.8551031 2.041251 -0.02812403 0.2114802 2.302493 0.05650693 -0.7874937 1.411113 1.064943 -0.3041865 1.989376 0.6329715 0.5742149 1.608995 1.361303 1.107876 1.413342 1.327631 0.1285528 2.163915 0.1490736 1.218582 2.03094 0.2337046 -0.03113311 1.550608 1.242141 0.6254914 1.920498 0.8101692 1.266206 1.193388 1.349477 1.720115 0.8574949 1.276335 1.166349 2.18425 0.3573719 2.149938 1.69521 0.4373813 0.6914491 1.366141 1.194992 1.478592 1.617177 0.9267398 1.622951 0.8625463 1.380773 1.667516 0.2996328 1.307631 2.304896 1.588308 0.3886682 2.581626 0.5252799 0.4686776 1.375986 1.409536 1.226288 2.082069 0.9805123 0.9580361 1.843586 0.08148235 1.211431 1.737348 -0.4718078 1.129025 2.469799 0.6785535 0.1035431 2.495261 -0.4223589 0.1223073 1.708726 0.6781423 1.11211 2.225088 0.1108883 0.7044755 2.035937 -0.7501228 1.080475 2.127126 -1.306091 0.9980696 2.417686 0.02634626 -0.02741211 2.821434 -0.9981752 -0.008647918 1.703492 -0.2366342 0.9811551 2.383866 -0.5908922 0.5735203 2.025918 -0.7892777 1.113288 1.503047 -0.9990929 1.030882 2.866785 -0.9931892 0.005400776 1.954471 -1.609906 0.02416497 2.454902 -0.3532007 1.013968 2.256945 -1.094295 0.6063333 1.405529 -0.5027709 1.821648 1.253968 -1.037824 1.699361 2.356061 0.005353927 0.9192348 2.236941 -1.089521 0.9110415 1.375784 0.1060898 1.710025 1.900941 -0.5243158 1.424766 1.177163 0.2670446 1.707462 1.114177 -0.2799475 1.562414 2.20707 0.897858 0.9881449 2.221454 -0.2031444 0.9637517 1.096195 0.8700238 1.589495 1.734614 0.3102244 1.406138 0.6081021 0.4530601 1.603144 0.9625806 0.01742696 1.509468 1.144155 1.681722 1.179957 1.872179 0.8623885 1.288046 0.1996131 0.8710988 1.397143 1.063099 0.881851 1.491217 0.1836786 0.7110532 1.393488 0.7393841 0.6296711 1.299812 -0.2518994 1.978821 0.9703014 0.838454 1.867214 1.07839 -0.3999319 0.7429584 1.187487 0.2290939 1.334609 1.281561 -0.3862366 0.873538 1.437261 -0.06539827 1.332719 1.335171 -1.465329 0.7632325 0.5431455 -0.9851451 1.753648 0.5820174 -0.5645726 0.2969456 1.296574 -0.8512928 1.081418 1.057893 -1.323574 0.6111674 0.9167128 -0.8047341 0.8223301 0.8146227 -2.289417 1.104882 0.02259683 -1.348163 1.675442 0.06146878 -1.786576 0.2240094 0.7760255 -1.601044 1.03837 0.5373441 -1.573459 0.3648258 0.9471682 -1.581109 0.9249383 0.8450781 -2.385089 -0.3548025 0.0530523 -2.573563 0.7296218 0.09192425 -1.381567 -0.2073975 0.806481 -2.072385 0.2620431 0.5677996 -1.425881 -0.02053314 0.9063965 -1.854119 0.3405713 0.8043064 -1.413754 -1.10518 0.01228052 -2.356613 -0.5372751 0.05115252 -0.8678087 -0.2503539 0.7657093 -1.675023 -0.4648523 0.5270279 -0.6733756 0.3038496 1.289788 -0.5495833 0.835699 1.128486 -1.936427 -0.1143417 0.8360622 -1.760631 0.9724445 0.8044195 -0.7299968 -0.2999907 1.162407 -1.283854 0.3682495 1.126753 0.2705585 0.3669869 1.613981 0.3069459 0.922994 1.496767 -0.9073773 -0.2116985 1.110352 -0.9096947 0.8882228 1.166719 0.3126157 -0.2259595 1.438764 -0.3420069 0.3449748 1.447573 0.395737 -0.1719662 1.702939 0.790372 -0.5642659 1.582231 0.8480904 1.136684 1.460323 1.635885 0.3692555 1.518987 -0.03486567 0.2349452 1.521116 0.8182241 0.3012024 1.670858 0.5107833 -0.4616706 1.801431 0.3655823 -0.9988413 1.680722 1.871623 -0.2061226 1.558815 1.595404 -1.270675 1.617478 0.6508536 0.1139819 1.619608 1.131127 -0.5941779 1.769349 0.4955132 -0.3564868 1.813421 -0.03937017 -0.2274603 1.666934 0.9278439 -1.570394 1.251663 -0.1615604 -1.408754 1.242706 1.099016 -0.3931654 1.677425 0.438453 -0.9519276 1.599861 0.07433158 -0.2272822 1.679862 -0.1336577 0.2759282 1.513351 -0.5644634 -1.307916 1.047228 -1.096881 -0.3456233 0.9877759 0.4251117 -0.7276823 1.576862 -0.4084686 -0.5441737 1.415481 1.281296 -0.8686105 1.602432 0.7174261 -0.9383775 1.565169 1.981709 -1.649718 0.6668308 0.9342657 -1.9447 0.8367099 1.811071 -0.6275333 1.389648 1.394765 -1.374084 1.23496 0.642377 -1.242916 1.408687 0.1221325 -1.014524 1.371424 0.8448481 -2.272339 0.4730857 -0.2061279 -1.990203 0.6429648 1.220924 -1.306655 1.195903 0.4814037 -1.735324 1.041215 1.152456 -1.688957 1.032893 0.7004057 -2.017039 0.9223543 2.122775 -1.75247 0.0177567 1.373955 -2.560004 0.004815995 1.480871 -1.171988 0.9383231 1.494654 -1.959031 0.570969 0.7944352 -1.972141 0.8674301 0.2300374 -1.914869 0.8186353 1.314678 -2.933755 -0.01614248 0.2251529 -2.977133 0.1389826 1.368237 -1.866717 0.6583967 0.7964385 -2.50681 0.5245924 -1.314537 -1.563662 1.260226 -1.879531 -1.633411 1.271298 -0.7282306 -2.114763 0.107582 -1.752309 -2.456968 0.3247641 -0.8100537 -1.273723 1.046943 -1.246287 -1.976919 0.7827597 -1.726197 -1.491744 1.301098 -2.051022 -1.039901 1.180549 -1.893654 -2.53561 0.3746226 -2.681346 -1.765904 0.3644791 -1.226466 -1.842046 1.193324 -2.040337 -1.860437 0.8902516 -1.745234 -1.225598 1.216459 -1.591841 -0.6975717 1.068594 -2.812434 -1.711415 0.4411388 -2.659332 -0.6214625 0.4014914 -1.74893 -1.836409 1.111794 -2.283341 -1.191742 0.8807379 -1.602831 -0.5926091 1.364761 -1.13163 -0.2924473 1.254859 -2.54289 -0.5166068 0.3223758 -1.752784 0.2503896 0.3009966 -1.955366 -1.09515 1.27974 -1.918816 -0.3224331 0.8845824 -0.5499044 -1.271326 1.346456 -1.102484 -1.205533 1.225907 0.106556 -2.100034 0.4199808 -0.9930896 -2.16074 0.4098373 0.04598301 -1.139565 1.238682 -0.4903203 -1.752021 0.9356099 -1.193605 -0.6687696 1.449825 -1.730004 -0.660661 1.258999 -0.4928324 -1.813756 1.032719 -1.588793 -1.872841 0.9411349 -0.5854717 -0.5957013 1.355522 -1.118016 -1.278856 1.290158 -0.6746283 -0.2131896 1.385977 -0.7497046 0.2567787 1.07341 -1.753149 -1.108163 1.277027 -1.956675 -0.08134293 0.9346451 -0.5338669 -0.8150002 1.431454 -1.281501 -0.3876385 1.317513 0.8341767 -0.5683485 1.760812 1.120795 -0.09139406 1.640104 -0.5446594 -0.4418548 1.518196 0.01225757 0.5065182 1.576859 0.5419653 -1.08372 1.578989 0.2737499 -0.2711855 1.72873 1.643672 2.498458 0.09548503 1.347575 2.781172 0.09548503 0.9819232 2.378652 0.09548503 1.266286 2.107143 0.09548503 1.306108 2.437344 0.1640357 2.408156 2.623567 0.01368743 2.101837 2.351961 0.01368743 2.472614 1.954156 0.01368743 2.766793 2.214999 0.01368743 2.441036 2.282095 0.08223813 2.236274 1.668493 0.1239442 2.614771 1.512477 0.1239442 2.80946 2.020236 0.1239442 2.445964 2.170069 0.1239442 2.528661 1.847921 0.1924949 2.057323 2.344273 0.2691442 1.885326 1.972765 0.2691442 2.384332 1.756624 0.2691442 2.549512 2.113409 0.2691442 2.224133 2.044508 0.3376949 2.243722 2.227701 0.165496 2.204726 2.63523 0.165496 1.664847 2.570002 0.165496 1.702298 2.178623 0.165496 1.948433 2.402312 0.2340466 2.530415 0.7194393 0.5182147 2.892862 0.6370069 0.3466393 2.981785 1.172211 0.3095795 2.633702 1.251375 0.4743552 2.789887 0.949839 0.4737945 2.667049 -0.03234469 0.3123793 3.015133 -0.1115089 0.1476035 2.926209 -0.6467127 0.1846633 2.563762 -0.5642804 0.3562387 2.823235 -0.3338807 0.3118186 3.061543 -0.5674318 0.1821058 2.975804 -0.9511061 0.1773065 2.534078 -0.8700696 0.4839579 2.623356 -0.4705626 0.4889546 2.840752 -0.7248039 0.3865642 2.36535 -0.5496561 0.4618509 2.608294 -0.2467408 0.4002013 3.012239 -0.5820515 0.2583598 2.759269 -0.8974663 0.3225536 2.702666 -0.5685911 0.4275323 2.255884 -1.231622 0.5424581 2.622549 -1.205054 0.4030635 2.655093 -1.745048 0.3476521 2.273297 -1.772712 0.492799 2.476067 -1.488206 0.5108031 1.981815 -1.799038 0.6311841 1.802141 -1.486151 0.7873882 2.255356 -1.188435 0.7463515 2.442444 -1.514233 0.5837014 2.134854 -1.520248 0.7502393 1.825781 -2.370108 0.2258175 1.476086 -2.232312 0.3411682 1.652632 -1.718959 0.3091781 2.016757 -1.862442 0.1890674 1.761362 -2.054059 0.3320322 1.08322 -2.645244 0.3432399 0.9394783 -2.297951 0.4585906 1.431428 -2.06842 0.4266005 1.581102 -2.430045 0.3064898 1.265859 -2.379387 0.4494546 1.242286 -2.812526 0.20976 0.8778886 -2.958878 0.1903908 0.6874463 -2.563488 0.5115146 1.066882 -2.411096 0.5316826 0.983091 -2.729237 0.4127354 0.3137792 -2.437865 0.4944934 0.6983264 -2.436506 0.5763552 0.7715354 -2.902081 0.3050567 0.371119 -2.903496 0.2198173 0.5259258 -2.700663 0.4591422 0.3300977 -2.883697 0.2138105 0.5164077 -2.546829 0.2937372 0.9970642 -2.76647 0.1654813 0.8030647 -3.117239 0.08225667 0.6650663 -2.846253 0.2551891 -0.6222339 -2.358744 0.4284769 -0.5396273 -1.98623 0.5232874 -0.006807684 -2.07368 0.4586489 -0.09282553 -2.461567 0.3599261 -0.3156781 -2.237007 0.5092324 -1.377377 -2.902889 0.3021301 -1.45255 -2.538341 0.4287507 -0.9246195 -2.40902 0.4117919 -0.8463457 -2.788613 0.279946 -1.14834 -2.681976 0.4206954 -1.45104 -2.11341 0.663192 -1.076326 -1.994524 0.657287 -0.8996381 -2.508106 0.6301418 -1.289816 -2.631897 0.6362907 -1.178904 -2.309696 0.7154596 -2.016078 -2.453157 0.4939108 -1.994987 -2.107856 0.6807297 -1.451837 -2.131882 0.6922425 -1.4738 -2.491434 0.4977138 -1.742375 -2.328232 0.6513862 -2.57642 -2.480383 0.2987874 -2.368338 -2.151175 0.352667 -1.901775 -2.414834 0.2603412 -2.118445 -2.757628 0.2042383 -2.240724 -2.462495 0.3468104 -2.621221 -1.701806 0.5784017 -2.262614 -1.549893 0.6322814 -2.029513 -2.032451 0.5399556 -2.40292 -2.190632 0.4838527 -2.335188 -1.878433 0.6264247 -2.751348 -1.371742 0.4911249 -3.128951 -1.375871 0.3816813 -3.158389 -0.8338446 0.41428 -2.765202 -0.8295468 0.5282402 -2.969737 -1.113211 0.5191603 -2.190743 0.2373657 0.4498164 -2.565665 0.2357084 0.3314518 -2.577345 0.7791659 0.315979 -2.186951 0.7808903 0.4392284 -2.400776 0.5042067 0.4496046 -1.845254 0.6113218 0.4950858 -1.9459 0.2312568 0.4944851 -2.474511 0.3572997 0.4743351 -2.36971 0.7530492 0.4749606 -2.156003 0.4874266 0.5534235 -2.27476 0.92334 0.2699742 -2.579775 1.157926 0.1892605 -2.261767 1.598833 0.2031753 -1.944164 1.354565 0.28722 -2.280855 1.26113 0.3043073 -1.110021 1.891189 0.5140233 -1.415036 2.125775 0.4333096 -1.097028 2.566682 0.4472243 -0.779426 2.322414 0.531269 -1.116116 2.228979 0.5483563 -0.3972538 2.481247 0.4586859 -0.2314077 2.186564 0.6592752 -0.7000681 1.910885 0.668236 -0.8727579 2.217731 0.4593685 -0.5624892 2.232458 0.6203001 0.291202 2.153741 0.2955538 0.1803743 1.834272 0.4961431 -0.3366324 2.002633 0.505104 -0.2212294 2.335287 0.2962363 -0.004620134 2.112657 0.4571679 0.9965983 2.310304 0.4124771 1.098168 1.987772 0.6130664 0.5827609 1.814574 0.6220272 0.4770011 2.150418 0.4131596 0.783647 2.100899 0.5740912 0.8064682 1.906823 1.32819 0.9444957 1.539378 1.305565 0.4452809 1.342872 1.21673 0.3015581 1.725482 1.24029 0.620482 1.622992 1.341117 2.201709 0.8544145 0.6384211 2.566992 0.7343362 0.5563907 2.42412 0.2132872 0.6181777 2.043763 0.3383229 0.7035939 2.326755 0.5438107 0.6950492 2.328318 -0.9662327 0.7729136 2.076803 -0.7005621 0.9169232 2.406453 -0.2918375 0.7755138 2.668348 -0.5684735 0.6255618 2.397523 -0.6396698 0.8352462 1.496158 -1.821744 0.9033741 1.318395 -1.478304 0.9742911 1.784537 -1.207124 0.9043279 1.969634 -1.564738 0.8304848 1.651307 -1.527259 0.9706469 0.3068286 -2.097362 1.021203 0.4298161 -1.730723 1.09212 0.9489271 -1.876842 1.022157 0.8208618 -2.258612 0.9483141 0.6262918 -2.003898 1.088476 2.633786 1.747958 0.03193449 2.494157 1.719064 0.3041995 2.142619 2.486938 0.0826953 2.027454 2.344355 0.3208415 2.578737 2.063726 0.004789948 2.418812 2.290873 0.01710289 2.3446 2.229083 0.3040787 2.503966 2.001471 0.293924 1.688431 2.479361 0.01134508 1.642751 2.344288 0.2836101 0.8025237 2.429303 0.06210589 0.8672976 2.257847 0.3002521 1.388172 2.591544 -0.0157994 1.111338 2.568436 -0.003486454 1.127119 2.473166 0.2834893 1.404072 2.495558 0.2733346 -0.192378 2.290439 0.3245758 -0.2380571 2.155366 0.5968407 -1.078285 2.240381 0.3753366 -1.013511 2.068924 0.6134828 -0.4926365 2.402622 0.2974312 -0.7694708 2.379514 0.3097442 -0.7536899 2.284244 0.59672 -0.4767369 2.306636 0.5865653 -0.8869388 1.423621 0.8947756 -0.8289762 1.288373 1.164605 -1.468114 0.7513493 0.9089045 -1.306321 0.6711378 1.149103 -1.175507 1.286991 0.8555628 -1.351657 1.071832 0.8564139 -1.279967 1.007925 1.143567 -1.103277 1.222602 1.144875 -1.768183 -0.1910496 0.9930896 -1.683902 -0.3116664 1.262919 -2.200337 -0.9675527 1.007219 -2.025603 -1.013149 1.247418 -2.022895 -0.3835622 0.9538769 -2.151558 -0.6300737 0.954728 -2.06836 -0.6780492 1.241881 -1.939071 -0.4318988 1.243189 2.465558 -0.2989901 0.9149067 2.417311 -0.235833 1.167054 2.534712 0.4623945 0.9165829 2.436717 0.4350934 1.154224 2.586159 -0.05809104 0.8517369 2.600846 0.1806514 0.8508544 2.581691 0.1870244 1.110529 2.566859 -0.05166995 1.113365 -0.9675595 1.595193 0.71022 -0.7341701 1.960834 0.8377352 -1.140042 2.266054 0.6163702 -1.415871 1.920365 0.6967471 -1.696722 2.084101 0.3927063 -1.260041 2.0841 0.2861571 -1.260041 1.540464 0.3927063 -1.69944 1.540464 0.2861571 2.740101 0.6941195 0.3102028 2.795725 0.7322165 0.463055 2.788775 1.230016 0.3113825 2.809382 1.204445 0.4540247 2.824985 0.8636751 0.265741 2.835323 1.031713 0.2651199 2.911422 1.029843 0.4232704 2.900983 0.8618388 0.4252662 0.01741528 1.893457 0.9866938 -0.1009255 2.04155 1.097045 -0.5608464 1.658178 0.9880625 -0.5949142 1.804094 1.086568 -0.2025558 1.890631 0.9351103 -0.3812544 1.81178 0.9343896 -0.469308 2.002266 1.050887 -0.2905899 2.080994 1.053203 0.3485243 1.953056 0.5029179 0.781041 2.083313 0.5225799 0.6624661 2.449959 0.1245805 0.2392526 2.446471 0.275978 1.7514 1.825996 0.7563289 1.93283 1.428363 0.8720654 2.357588 1.553868 0.5393152 2.262488 1.986572 0.6152433 1.895097 1.129415 0.954097 2.101179 0.7386924 1.050481 2.535757 0.9258966 0.7624014 2.399245 1.341457 0.865921 0.8015103 -2.25075 0.8680936 0.3670998 -2.170614 0.9644777 0.2449843 -2.62777 0.6763979 0.6558176 -2.777912 0.7799176 0.04361212 0 0 0 0.04361212 0 -0.04361212 0 0 0 -0.04361212 0 0.1070935 0 -0.5544944 0 0.1070935 -0.5544944 -0.1070935 0 -0.5544944 0 -0.1070935 -0.5544944 -0.1223707 -0.148599 0.5496755 -0.1500182 -0.1271211 0.5534387 -0.1710685 -0.1518259 0.5397854 -0.1434209 -0.1733037 0.5360222 0.00665611 -0.06709998 0.2544232 -0.02567505 -0.1012583 0.2475962 -0.06130486 -0.06871336 0.2494778 -0.02897369 -0.03455495 0.2563048</float_array>
          <technique_common>
            <accessor source="#tree_oak_bush_a200_001-mesh-positions-array" count="920" stride="3">
              <param name="X" type="float"/>
              <param name="Y" type="float"/>
              <param name="Z" type="float"/>
            </accessor>
          </technique_common>
        </source>
        <source id="tree_oak_bush_a200_001-mesh-normals">
          <float_array id="tree_oak_bush_a200_001-mesh-normals-array" count="2646">-0.2542537 0.6839612 0.6837781 -0.9628491 0.02984774 0.2683855 -0.1857979 0.7043415 0.6851147 0.799447 0.5309707 0.2809891 -0.3347618 0.3593295 0.8711009 -0.8498346 -0.39333 0.350817 -0.2780014 0.4027037 0.8720924 0.61487 0.7073736 0.3486511 0.1878156 0.6538755 0.7329204 -0.7637524 0.5734018 0.2964671 0.2550817 0.6298609 0.7336272 0.9543457 -0.06302279 0.2919803 -0.2896586 0.2906047 0.9119468 -0.7915185 -0.4701195 0.3904947 -0.2360675 0.3378192 0.911126 0.5908926 0.7312833 0.3406918 -0.09637957 0.02780294 0.9949563 -0.7249555 -0.5632032 0.3965373 -0.04168856 0.07373327 0.9964063 0.6800325 0.6127678 0.4025809 -0.4937965 -0.04608356 0.8683556 -0.3812467 -0.88924 0.2527911 -0.4797961 0.02340841 0.8770677 -0.006622612 0.8934779 0.4490584 -0.5407058 -0.2633488 0.7989273 0.01886069 -0.9665352 0.2558404 -0.5602104 -0.1948955 0.8050963 -0.4642543 0.7958123 0.388781 -0.1908364 -0.5703425 0.7989312 0.7029297 -0.6636509 0.2558466 -0.2533406 -0.5363156 0.8050989 -0.8931248 0.226211 0.3887888 -0.05511808 -0.5988828 0.7989376 0.8362622 -0.4849839 0.2558442 -0.1237562 -0.5800823 0.8051019 -0.9211961 0.01559537 0.388786 -0.2218724 -0.3601231 0.9061369 0.4822648 -0.8287191 0.2839814 -0.2678063 -0.3058943 0.9136239 -0.6875436 0.5719052 0.4474466 0.1152088 0.005066096 0.9933285 0.8973329 -0.2700666 0.3490815 0.0473653 0.02682608 0.9985173 -0.8451161 0.2870361 0.4509869 0.04336732 -0.1068466 0.9933294 0.04596203 -0.9359653 0.3490795 0.04113948 -0.03564608 0.9985175 -0.01248234 0.892445 0.4509835 -0.3188615 0.03817909 0.9470321 -0.3762712 -0.8444358 0.3812459 -0.2994245 0.106909 0.9481115 0.1319341 0.9158481 0.3792305 0.0210278 -0.540925 0.840808 -0.8835712 -0.2767512 0.3777709 0.09228914 -0.5368276 0.8386291 0.9427128 -0.1547942 0.2955191 0.3741067 -0.6077937 0.7004506 0.9051944 0.2303881 0.3571337 0.3142554 -0.646456 0.6952255 -0.64051 -0.7409797 0.201733 0.5338656 -0.4736825 0.7004374 0.7999171 0.4822697 0.3571396 0.4877545 -0.5279785 0.6952226 -0.398918 -0.8945213 0.2017327 -0.07052981 -0.710212 0.7004459 0.8597645 -0.3650436 0.3571391 -0.1415476 -0.7047169 0.6952255 -0.9584857 -0.2015182 0.2017318 0.6022323 -0.2542542 0.7567503 0.781238 0.5998302 0.1728319 0.5598743 -0.3106546 0.7681371 -0.3231703 -0.8372701 0.4410668 0.4778429 0.4460722 0.7567601 -0.2288914 0.9579871 0.1728283 0.5120545 0.3843918 0.7681427 0.6325771 -0.6366362 0.4410675 0.7020714 -0.4161033 0.5778874 0.6825396 0.6170446 0.3916576 0.670939 -0.4792465 0.5658301 -0.1377004 -0.9883486 0.06485223 0.5816061 0.03613483 0.8126676 0.2800785 0.9080806 0.3113611 0.5785837 -0.03518867 0.8148636 0.1847642 -0.9213794 0.3419389 0.1301012 -0.1397451 0.9816033 -0.09546446 -0.9368519 0.336445 0.1420658 -0.06955271 0.9874107 0.2069792 0.8663402 0.4545485 0.3698963 -0.03607404 0.9283725 -0.009033679 -0.8918063 0.4523274 0.3829545 0.03393727 0.9231437 0.313556 0.9043805 0.2894456 0.5237025 0.1672124 0.8353298 0.989127 -0.1361461 -0.05560594 0.4621174 0.1836628 0.8675917 -0.6054444 0.2800768 0.7449793 0.3015931 0.104529 0.9476895 0.3588138 -0.8180052 0.4495778 0.2829416 0.1733479 0.9433423 -0.1278737 0.9426952 0.3081788 -0.06589174 0.3123067 0.9476935 0.8565394 0.2534278 0.4495717 -0.1365101 0.3024707 0.9433326 -0.9512872 -0.008667469 0.3081841 0.4390754 0.2788817 0.8540714 0.765246 -0.5612536 0.3152664 0.3925715 0.3329976 0.8573215 -0.4405182 0.817098 0.3718799 0.1529908 0.4971516 0.8540692 0.9464377 0.06973683 0.3152656 0.08249318 0.5081434 0.8573127 -0.8654721 0.3356535 0.3718801 0.4839659 0.1906504 0.8540665 0.6450804 -0.6960471 0.3152614 0.4485434 0.2526089 0.85732 -0.277754 0.885755 0.3718749 0.03579849 0.4277818 0.9031729 0.7021489 -0.3355861 0.627988 -0.01907455 0.4688385 0.8830779 -0.7059518 0.7031745 0.08472275 0.06628775 0.1282418 0.9895251 -0.05783355 -0.8236481 0.5641446 0.07312393 0.1983135 0.9774071 0.1150577 0.9681019 0.222577 0.5102767 -0.4869602 0.7088635 -0.270581 -0.9461181 0.177895 0.5488856 -0.4275723 0.7182665 0.7028919 0.5906111 0.3963857 0.6380618 0.3006432 0.708866 0.7851985 -0.593141 0.1778965 0.5965606 0.3580523 0.7182716 -0.2978389 0.8684297 0.396386 -0.05038642 0.1558898 0.9864885 -0.505825 0.8083007 0.3013159 -0.01165837 0.09650194 0.9952645 0.4883652 -0.7184175 0.4953541 0.1571107 0.04641908 0.9864895 0.8208705 0.4851611 0.3013145 0.09677654 0.009186267 0.9952638 -0.7305668 -0.4699945 0.4953559 0.1070918 -0.6742907 0.7306597 -0.730239 -0.6762501 0.09714341 0.1689832 -0.6427282 0.747225 0.8528703 0.1539714 0.4989039 0.01159715 -0.2075283 0.9781603 -0.7379851 -0.5802924 0.3444399 0.07095581 -0.1680661 0.9832188 0.7824927 0.4371936 0.4433586 -0.2058502 -0.07867777 0.9754155 0.07837229 -0.9118108 0.4030621 -0.2189742 -0.008423209 0.9756944 -0.2513221 0.8903242 0.3796841 -0.3832879 -0.007812857 0.923596 -0.9893922 0.1236015 0.07632774 -0.3170008 -0.01794517 0.9482555 0.7211728 -0.1358722 0.6793002 -0.03219753 0.07132285 0.9969335 0.4782432 -0.7103453 0.5164233 -0.07150584 0.1304379 0.9888746 -0.5274025 0.8026247 0.2786403 -0.1427053 0.2269979 0.9633832 0.5742482 0.7251348 0.3800243 -0.1933384 0.1766139 0.9651051 -0.7187974 -0.5728527 0.3939163 -0.05829226 -0.3760309 0.9247717 -0.9110784 -0.04409968 0.4098678 0.01251262 -0.3850229 0.9228222 0.9062924 -0.2629212 0.3309176 -0.2168349 0.06912469 0.9737579 -0.04996013 0.4151548 0.908378 -0.3314037 0.189949 0.9241704 0.00589013 -0.08624619 0.9962565 -0.06088596 0.2469011 0.9671261 -0.0357685 0.03515809 0.9987415 -0.3518592 0.05636948 0.9343541 -0.5449498 -0.08707112 0.8339356 -0.4802811 0.349262 0.8045784 -0.6618752 0.2555088 0.7047245 -0.4545279 -0.2539839 0.8537544 -0.3908317 0.5386678 0.746383 -0.2335044 0.5616803 0.7937197 -0.1271145 0.8049263 0.5795995 -0.2121984 0.6630856 0.7178367 -0.4605391 0.7201988 0.5188618 -0.1029722 -0.007599294 0.9946553 0.1567145 0.2790648 0.9473983 -0.1782302 0.1474366 0.9728806 -0.4737574 -0.03830218 0.8798221 -0.2799207 0.3588734 0.8904237 -0.4892811 0.3381508 0.8039018 -0.4381032 -0.2255674 0.8701637 -0.1414561 0.5195271 0.8426635 0.3411781 0.01986819 0.9397887 0.4577262 -0.3335133 0.8241696 0.4986809 0.02240091 0.8664962 0.4404798 0.3752914 0.8155575 0.6969443 0.02902406 0.7165378 0.743532 0.2328286 0.6268582 0.2632264 0.4246414 0.8662515 0.758827 -0.1610188 0.6310741 0.2106459 -0.2691214 0.9397884 -0.01345884 -0.5661886 0.8241658 0.3024455 -0.3971162 0.8665019 0.5593491 -0.1483215 0.8155547 0.420807 -0.556315 0.7165439 0.6148434 -0.4785438 0.626868 0.4989563 0.02545285 0.8662533 0.299822 -0.7154343 0.6310789 0.3402937 0.03152674 0.9397906 0.468864 -0.3176727 0.8241667 0.4976149 0.03946125 0.8665 0.4273893 0.3901255 0.8155615 0.6955415 0.0528599 0.716539 0.7351211 0.2581332 0.6268687 0.2485464 0.4333997 0.8662502 0.7638931 -0.1349554 0.631074 -0.007416248 0.3416675 0.9397916 0.3499633 0.4452746 0.8241701 -0.004242122 0.4991683 0.8664948 -0.3589964 0.4538498 0.8155624 -0.003662288 0.6975469 0.7165299 -0.2056086 0.7515074 0.6268666 -0.4147568 0.2785188 0.8662588 0.1885192 0.7524592 0.631083 0.2642076 0.2167801 0.9397877 0.5663436 -4.27268e-4 0.8241692 0.3900669 0.3114798 0.8665034 0.1354119 0.5626144 0.8155543 0.5465066 0.4334941 0.7165288 0.4642907 0.6256769 0.6268672 -0.03692829 0.4982274 0.8662596 0.7083554 0.316181 0.6310802 -0.06332695 -0.01010179 0.9979417 0.3163345 0.06100845 0.946684 -0.0283519 0.1596741 0.9867626 -0.3777714 0.199537 0.9041426 0.01886051 0.3942102 0.9188268 -0.1612007 0.511344 0.8441219 -0.4644969 0.03057986 0.8850467 0.2255689 0.4397847 0.8693148 -0.0154426 -0.06222832 0.9979425 0.06750887 0.315021 0.9466807 -0.1580566 0.03628677 0.9867631 -0.33135 -0.2697007 0.9041398 -0.3554522 0.171485 0.918829 -0.5336809 0.05148506 0.8441174 -0.209726 -0.4155762 0.8850488 -0.3166048 0.3795656 0.8693051 0.05935949 -0.0242626 0.9979419 -0.3019592 0.1123114 0.946682 -0.05877894 -0.151159 0.9867604 0.2189779 -0.3668453 0.9041423 -0.2210472 -0.3269472 0.9188274 -0.1280881 -0.520623 0.8441239 0.3808795 -0.2675923 0.8850566 -0.4213217 -0.2584086 0.8693175 -0.0546295 0.2116208 0.975824 -0.1516183 0.5545607 0.8182142 -0.2254742 0.225993 0.9476754 -0.2318813 -0.1348317 0.9633543 -0.4576646 0.2305414 0.8587163 -0.5548056 0.02667361 0.8315523 -0.05572807 -0.2070729 0.9767371 -0.5157785 0.4107306 0.7518463 0.1627281 -0.3127909 0.9357785 -0.1582116 -0.5135164 0.8433682 0.1989241 -0.4659366 0.8621673 0.5229393 -0.3242926 0.7882696 0.2440943 -0.6587311 0.7116822 0.4469212 -0.6555191 0.6087333 0.5306957 -0.1396551 0.8359777 0.06976771 -0.7662243 0.6387746 0.0664702 -0.1592478 0.9849985 -0.3171556 -0.1965436 0.9277839 0.02047818 -0.32228 0.9464229 0.3663489 -0.3701027 0.8537052 -0.0420866 -0.5388247 0.8413661 0.1297979 -0.6532321 0.7459493 0.4638342 -0.2061892 0.8615939 -0.2514485 -0.562318 0.787764 0.08819925 4.27263e-4 0.9961028 -0.2957925 -0.0506314 0.9539095 0.04422265 -0.1672464 0.9849229 0.3889721 -0.2245631 0.8934608 -0.01675504 -0.3985809 0.9169802 0.1551291 -0.5243809 0.8372334 0.4838217 -0.06018394 0.8730947 -0.226699 -0.4331026 0.8723703 -0.3254873 -0.03643989 0.9448441 -0.4102088 0.3317744 0.8495025 -0.4837622 -0.020509 0.8749592 -0.4599292 -0.3741998 0.8052576 -0.6843032 -9.15578e-4 0.7291971 -0.7513852 -0.1945605 0.6305288 -0.2872518 -0.4423837 0.8495782 -0.7294529 0.1982259 0.6546795 -0.3740091 -0.4492076 0.8113753 -0.5556421 -0.6061522 0.5690708 -0.4359694 -0.5266426 0.7297796 -0.2422971 -0.755458 0.608749 0.03659236 -0.5833722 0.8113803 0.01236039 -0.8221976 0.5690681 0.04474097 -0.6822242 0.729773 0.3426699 -0.7155538 0.6087365 0.4041081 -0.3989198 0.8231402 0.4314469 -0.6641846 0.6105018 0.4352024 -0.4992315 0.7492441 0.6959288 -0.4400255 0.5675041 0.2359428 -0.09399867 0.96721 0.4982891 -0.2607877 0.8268603 0.3470947 -0.143959 0.9267152 0.5540102 0.08407962 0.8282533 -0.1019338 0.03454762 0.9941911 -0.2195211 0.4097748 0.8853785 -0.1931833 0.1626036 0.9675951 -0.5349421 0.1290355 0.8349772 -0.1757006 0.0177623 0.9842835 0.1639163 0.04876899 0.9852681 -0.05124127 0.04651081 0.9976027 0.009002983 0.3576492 0.9338127 -0.1394423 0.06778317 0.9879076 0.197247 0.01403892 0.9802533 -0.01144462 0.06500548 0.9978193 0.1218942 0.3511861 0.9283373 -0.2523031 0.2406447 0.9372478 -0.1396557 -0.07736605 0.9871731 -0.197641 0.1296446 0.9716637 0.1248221 0.1507326 0.9806626 0.2169927 0.2683568 0.9385622 -0.07523101 0.5123644 0.8554667 0.06143409 0.201576 0.9775444 0.2258427 -0.1198797 0.9667595 -0.1617801 0.09207516 0.982522 -0.1579958 -0.1352899 0.9781278 0.4066326 -0.1036724 0.9076905 -0.3299372 0.2144851 0.9193137 0.2224259 -0.05182206 0.9735714 0.2449768 0.02871847 0.9691036 -0.1557707 0.008301258 0.9877584 -0.4966422 -0.06763094 0.8653165 -0.110845 -0.200052 0.9734951 -0.4802164 0.07977664 0.8735147 -0.5190395 0 0.8547503 -0.05585044 0.2026486 0.9776576 -0.1800042 -0.1735646 0.9682324 0.1020264 0.08130371 0.9914537 -0.09979766 0.1478043 0.9839687 -0.4200307 -0.1019024 0.9017706 0.1850396 -0.2667709 0.9458297 -0.1248839 -0.2183333 0.9678506 0.07095807 -0.4730539 0.8781713 0.1803388 -0.4024281 0.897513 0.1030638 -0.1639194 0.9810751 0.08148735 -0.213332 0.9735755 0.1608667 -0.1869606 0.9691067 -0.08026576 0.1337661 0.9877572 -0.3339712 0.3737681 0.8653097 -0.2278245 -0.020051 0.9734958 -0.2025552 0.4426491 0.8735178 -0.2904224 0.4301706 0.8547563 0.1366965 0.1596776 0.9776591 -0.2659756 0.05023473 0.96267 -0.2951803 -0.02340811 0.9551549 0.1387705 -0.01409983 0.9902243 0.5054873 0.06152641 0.8606377 0.09866744 0.1991661 0.974986 0.4985284 -0.07022428 0.8640244 0.5299358 6.10384e-5 0.8480377 0.04635906 -0.2001468 0.9786685 0.4310241 -0.5460515 0.7183635 0.2099398 -0.242412 0.9471862 0.111854 -0.4717707 0.8745977 0.3149875 -0.7584298 0.5705848 0.5285914 -0.1781707 0.8299678 0.1730141 0.06149643 0.9829976 0.2719293 0.3694393 0.8885771 0.08139353 0.4758793 0.8757364 -0.01724314 0.2162874 0.9761775 -0.4225937 0.02362149 0.9060114 -0.401876 0.1047416 0.909684 -0.729644 0.06604272 0.6806307 -0.9235695 -0.03439503 0.3818857 -0.6858678 -0.1403293 0.714068 -0.9153265 0.1138665 0.3862793 -0.9346126 0.03122085 0.3542946 -0.6441696 0.2639304 0.7179042 0.1687994 0.3881378 0.906011 0.2376829 0.3405629 0.9096835 0.3280496 0.7004129 0.6338813 0.2913976 0.91927 0.2646323 0.1127387 0.7281935 0.6760357 0.4372752 0.856239 0.2750366 0.357291 0.9039856 0.234847 0.4930109 0.5429407 0.6798203 0.2931703 0.4897465 0.8210967 0.1175295 0.4800367 0.8693398 0.3514907 0.3665062 0.8614683 0.3306475 0.3187448 0.8882985 0.5091194 0.1521071 0.8471488 0.4802809 0.3324763 0.8116587 -0.235032 0.5201468 0.8211013 -0.3272561 0.3703491 0.869336 -0.1005603 0.4977661 0.8614619 -0.07321596 0.4533959 0.8882971 0.1654443 0.5049395 0.8471508 8.24016e-4 0.5841357 0.8116557 -0.364397 0.8542882 0.3706839 -0.4757643 0.74589 0.4661507 -0.2436645 0.8615238 0.4454263 -0.2260552 0.8382385 0.4962411 0.01907432 0.8722609 0.4886687 -0.1277545 0.9150039 0.3826835 -0.03860634 0.9279571 0.3706823 -0.1811335 0.8659617 0.4661556 0.07684725 0.8920142 0.4454272 0.08505767 0.8640053 0.496246 0.3264343 0.8090968 0.4886748 0.204177 0.9010341 0.382687 0.1817104 0.7447564 0.6421208 0.01590037 0.7063304 0.7077037 0.2707959 0.6542988 0.7060897 0.2636821 0.611779 0.745787 0.477652 0.4880284 0.7305319 0.4024947 0.6402437 0.6542828 0.6811216 0.3517917 0.6421184 0.5432968 0.4516487 0.707702 0.6713588 0.2252002 0.7060895 0.6346106 0.2026457 0.7457911 0.6817051 -0.03994947 0.7305357 0.7472094 0.1166151 0.6542775 0.8580564 0.150034 0.4911507 0.7637161 0.2757118 0.5837131 0.8311991 0.02606362 0.5553637 0.7986855 0.01068168 0.601654 0.7826154 -0.2351233 0.5763941 0.8672295 -0.09436488 0.4888848 0.7536035 0.4368782 0.4911408 0.6216755 0.5223051 0.5837097 0.7711612 0.3112661 0.5553593 0.7459512 0.285599 0.6016563 0.8156878 0.04931908 0.5763864 0.8465357 0.210642 0.4888837 0.590186 -0.6406652 0.4911502 0.6449005 -0.4933423 0.5837095 0.4714007 -0.6850968 0.5553593 0.4408828 -0.6660548 0.6016589 0.2253859 -0.7854783 0.5763897 0.3895505 -0.7805355 0.4888914 0.7220883 0.03875958 0.6907144 0.6244626 0.1758237 0.7610076 0.6647943 -0.08047848 0.7426787 0.6201763 -0.09140431 0.7791192 0.5799548 -0.3331466 0.7434151 0.7006187 -0.2047502 0.6835282 0.577148 0.1114255 0.8090022 0.4529961 0.2349365 0.8599997 0.5259426 -0.01455777 0.8503955 0.4771341 -0.03122091 0.8782758 0.4727733 -0.275375 0.8370509 0.5862101 -0.1327884 0.7992027 0.0767253 0.3548165 0.9317825 -0.1054145 0.3619006 0.9262374 0.1093789 0.2215351 0.9689987 0.07742732 0.1740818 0.9816825 0.2448251 -0.007996022 0.9695343 0.2436916 0.1773745 0.953495 -0.1832985 0.313341 0.9317829 -0.3223182 0.1954174 0.9262413 -0.06912493 0.2371916 0.9690005 -0.06061136 0.1806134 0.9816849 0.1858022 0.1595861 0.9695411 0.05966389 0.2954508 0.9534932 -0.6829357 0.1677659 0.7109526 -0.6360489 0.002288877 0.7716454 -0.5881083 0.2579191 0.766555 -0.5418907 0.2512913 0.802002 -0.4232737 0.4671301 0.7762917 -0.5809352 0.3900673 0.7143962 -0.4821718 0.5119279 0.7109432 -0.5327142 0.3475231 0.7716497 -0.3535628 0.5360971 0.7665463 -0.3183736 0.5053936 0.8020072 -0.1015082 0.6221418 0.7762962 -0.2757452 0.6431104 0.7144044 -0.652409 -0.2625262 0.7109449 -0.5176972 -0.3695265 0.7716475 -0.6280537 -0.133979 0.7665495 -0.5866379 -0.1124018 0.8020111 -0.6163737 0.1320888 0.7762964 -0.6993799 -0.02252322 0.7143954 -0.2289279 -0.6649318 0.7109555 -0.05987799 -0.633236 0.7716391 -0.3101386 -0.5623208 0.7665569 -0.2993299 -0.5168997 0.8020078 -0.5035457 -0.3792081 0.7763008 -0.4410693 -0.5432184 0.7144029 -0.3854519 -0.03421151 0.9220936 -0.2768129 -0.1790586 0.9440937 -0.3045765 0.07953166 0.9491617 -0.2485136 0.08652043 0.9647567 -0.2105491 0.3273445 0.9211487 -0.3530727 0.2080165 0.912178 -0.3764559 -0.1693822 0.9108187 -0.2458606 -0.2961559 0.9229541 -0.3151054 -0.04663252 0.9479103 -0.2609375 -0.03192287 0.9648278 -0.2623763 0.2144911 0.9408253 -0.3836856 0.07486325 0.9204243 -0.00427258 0.2444861 0.9696434 -0.1857986 0.2380468 0.9533167 0.03744703 0.1106321 0.9931558 0.008972525 0.05963379 0.9981801 0.1915689 -0.1060847 0.9757292 0.1756394 0.07922846 0.9812613 0.2102441 0.1248525 0.9696439 0.11469 0.2793393 0.9533184 0.1146605 0.02227896 0.993155 0.05624622 0.02175992 0.9981799 0.002777218 -0.2189746 0.9757266 0.1558622 -0.1133182 0.9812574 0.04736608 -0.4613009 0.8859785 0.190838 -0.3527743 0.9160411 -0.06726408 -0.3847236 0.9205778 -0.0749548 -0.3302775 0.9409032 -0.3166097 -0.2923772 0.9023714 -0.1953554 -0.4318208 0.8805493 -0.423938 -0.3216387 0.8466553 -0.2543452 -0.3693408 0.8938098 -0.436572 -0.1841506 0.8806211 -0.4003214 -0.1449666 0.9048357 -0.5131491 0.06985831 0.8554519 -0.5473956 -0.111182 0.8294557 0.4064285 -0.5835945 0.7030174 0.5043964 -0.4357274 0.7454703 0.2828225 -0.56946 0.7718335 0.2609357 -0.5286465 0.8077409 0.01965457 -0.5842972 0.8113018 0.17457 -0.6543935 0.7357273 0.05081462 -0.7093601 0.7030122 0.2106144 -0.6323927 0.7454671 -0.04815912 -0.6340042 0.7718285 -0.04608345 -0.5877319 0.8077423 -0.2818797 -0.5121811 0.8113043 -0.1845796 -0.6516441 0.7357243 0.6669258 -0.4617179 0.5848304 0.6779356 -0.3011385 0.6706109 0.5552949 -0.5287738 0.6419081 0.51688 -0.5148352 0.6839444 0.3370829 -0.6816126 0.6494455 0.503812 -0.6437734 0.5759595 0.2529993 -0.6265472 0.7371771 0.3811798 -0.5027056 0.7758795 0.134711 -0.5817539 0.8021319 0.1220792 -0.5354089 0.8357237 -0.1255269 -0.5350991 0.8354114 0.01068168 -0.6417286 0.7668575 0.478023 -0.7133875 0.5124182 0.5811585 -0.5763669 0.5745052 0.362941 -0.7163904 0.5958679 0.345483 -0.6845569 0.6418904 0.1057184 -0.7437831 0.660008 0.2507795 -0.7934483 0.5545715 -0.4297092 -0.6051636 0.6701694 -0.2631056 -0.6143507 0.743874 -0.4892832 -0.4874521 0.7231821 -0.4711317 -0.4463497 0.7607936 -0.6357401 -0.2647823 0.7250691 -0.6078857 -0.437801 0.6624239 -0.6357389 -0.00564599 0.7718836 -0.5349774 -0.1451815 0.8322989 -0.5687867 0.1121581 0.8148021 -0.5198376 0.1219862 0.8455106 -0.4762237 0.3617456 0.8014681 -0.607302 0.2368596 0.7583416 -0.6562532 0.5164755 0.5500771 -0.6777772 0.3599165 0.6411538 -0.5427176 0.5797676 0.6077229 -0.5061623 0.5654307 0.6512204 -0.3170912 0.7213749 0.615688 -0.4836643 0.6894842 0.5391479 0.1558319 -0.7256595 0.6701752 0.2751618 -0.6090428 0.7438769 0.02880984 -0.6900629 0.7231759 0.01074284 -0.6489071 0.7607919 -0.2342674 -0.6475924 0.7250813 -0.08792507 -0.7439604 0.6624138 0.06488263 -0.3701608 0.9266992 0.181983 -0.2332544 0.9552354 -0.06473165 -0.3153265 0.946773 -0.0842927 -0.2620338 0.9613704 -0.3249332 -0.2760727 0.9045454 -0.1777762 -0.3899785 0.9035001 -0.2811982 0.13065 0.9507147 -0.1287888 0.03885024 0.9909108 -0.2415909 0.2660674 0.9331892 -0.1901621 0.2939564 0.9367113 -0.2389366 0.5101629 0.8262222 -0.3331825 0.356591 0.8728301 -0.236369 -0.06256377 0.9696471 -0.1867148 -0.2373152 0.9533201 -0.1163698 0.009918689 0.9931565 -0.06006103 -0.00552386 0.9981795 0.05719298 0.2113761 0.9757301 -0.1189037 0.1516206 0.981261 0.1968168 0.01251274 0.9803605 0.001312315 0.1953529 0.9807322 -0.003357052 -0.00350964 0.9999882 -0.2042332 -0.01510685 0.9788057 -0.003479123 -0.2028596 0.9792017 0.003845393 0.1971534 0.9803652 -0.1945892 0.01751786 0.9807285 0.003234982 -0.00363177 0.9999882 -0.001861631 -0.2047826 0.9788057 0.2018532 -0.02032566 0.9792049 -0.1788418 -0.0830729 0.9803646 0.06964445 -0.1825345 0.9807298 0.001831114 0.004486262 0.9999883 0.1848232 0.08819997 0.9788061 -0.07031613 0.1902869 0.9792072 -0.07535159 0.1822294 0.9803646 -0.185342 -0.06180101 0.9807289 0.004425227 -0.002044737 0.9999882 0.08023482 -0.1883947 0.9788104 0.1931244 0.06216722 0.9792029 0.1570211 -0.1192688 0.980367 0.1287907 0.1468886 0.9807327 -0.004852533 -4.57786e-4 0.9999882 -0.1643459 0.1221379 0.9788119 -0.1353519 -0.1511303 0.9792035 0.2726565 -0.1230829 0.9542061 0.5103095 -0.1742944 0.8421435 0.4272138 -0.003418147 0.9041442 0.5670123 0.1131949 0.8158947 0.3233479 0.1657482 0.9316511 0.629745 -0.2903956 0.7204803 0.687592 -0.02175998 0.7257713 0.5525501 -0.1337656 0.8226756 0.4500104 0.02527016 0.8926657 0.3940576 -0.2364284 0.8881555 0.2656349 0.1586362 0.9509326 0.09799677 -0.0549038 0.9936711 0.2941723 -0.0415973 0.9548469 0.3147416 -0.2390241 0.9185888 0.4782639 -0.03106838 0.8776665 0.4738662 0.08822995 0.8761658 0.217813 0.0667752 0.9737036 0.3588746 -0.06897324 0.930834 0.2326158 -0.2256574 0.9460279 0.4822683 -0.2048465 0.8517367 0.08059948 -0.261422 0.9618536 0.208691 -0.4787259 0.8528011 0.273517 -0.2992755 0.9141241 0.4558046 -0.320757 0.8302754 0.3312564 -0.1093201 0.9371864 0.1165524 -0.1361151 0.9838131 0.3620844 -0.229782 0.9033799 0.2959708 -0.04748713 0.954016 0.461025 0.04666405 0.8861594 0.2221165 0.1378844 0.9652213 -0.0169686 -0.1783843 0.9838146 0.0861566 -0.4201014 0.9033781 0.1713637 -0.2459214 0.9540216 0.3537796 -0.2992721 0.8861582 0.2534608 -0.06399846 0.9652264 0.1026672 -0.7158019 0.690715 0.3565271 -0.6116384 0.7062485 0.1856479 -0.5683274 0.8015851 0.2569109 -0.3970857 0.8810902 0.009796679 -0.4989621 0.8665685 -0.05536139 -0.3745593 0.9255487 -0.3239019 -0.3781348 0.8672379 -0.1771021 -0.5119574 0.8405561 -0.2878901 -0.6306236 0.7207171 -0.02646052 -0.6275458 0.7781299 0.04989832 -0.1030927 0.9934194 -0.07776284 -0.3398921 0.937244 0.1157275 -0.2894409 0.9501742 0.1807366 -0.4620351 0.86825 0.3052288 -0.231615 0.9236828 -0.04703021 -0.09769225 0.9941049 -0.1019631 -0.3587171 0.9278607 0.06909453 -0.2604169 0.9630208 0.1856485 -0.4095987 0.8931761 0.2392374 -0.1555852 0.9584147 -0.07126152 -0.2056667 0.9760241 -0.01590061 -0.4599899 0.8877819 0.1007742 -0.3078162 0.946094 0.2704941 -0.3935791 0.8785946 0.2166544 -0.1460945 0.9652551 0.1136842 0.1444172 0.9829648 -0.1473453 0.05859631 0.9873479 0.02780282 -0.03805726 0.9988888 -0.05502611 -0.2203487 0.973868 0.1992295 -0.1367872 0.9703592 -0.1830236 -0.3329645 0.9250065 -0.1949592 -0.5747148 0.7947918 -0.04446613 -0.4732578 0.8798011 0.09863752 -0.5913063 0.8003922 0.1102355 -0.3562206 0.9278766 0.01831132 -0.01126146 0.999769 -0.1246721 -0.2429047 0.9620053 0.07159858 -0.2050295 0.9761335 0.125984 -0.3886948 0.9127126 0.2653675 -0.1632491 0.9502263 0.008606314 -0.01971518 0.9997686 -0.2408896 -0.1285477 0.9620019 -0.05798709 -0.2092724 0.9761366 -0.1179879 -0.3911973 0.9127122 0.1249778 -0.285389 0.9502283 -0.3982681 -0.2241288 0.8894655 -0.1344978 -0.2184253 0.9665407 -0.2767471 -0.07751846 0.9578111 -0.147436 0.0747404 0.9862437 -0.4045289 0.06915593 0.9119068 -0.4259262 -0.1322703 0.8950371 -0.1639514 -0.128274 0.9780929 -0.3010691 0.01577824 0.9534719 -0.167334 0.165747 0.971868 -0.4226852 0.1619021 0.8916978 0.07623553 -0.1637325 0.9835548 0.1438356 0.102635 0.9842649 -0.03146457 0.006744563 0.9994822 -0.1412719 0.1741713 0.974529 -0.2071614 -0.08523887 0.9745863 -0.3762413 0.05899369 0.9246417 -0.1613869 -0.1026675 0.9815365 -0.1846993 0.09631705 0.9780641 0.01312297 0.1338853 0.9909099 -0.1962386 0.2914586 0.9362384 -0.05060082 0.4086826 0.9112728 -0.169106 0.6134326 0.7714296 -0.242108 0.4491496 0.8600282 -0.4244316 0.4674028 0.7754949 -0.3091897 0.268294 0.9123706 0.2725377 0.3087031 0.911277 0.347394 0.5331306 0.7714203 0.1760031 0.4789349 0.8600258 0.06885105 0.6275945 0.7754901 -0.003906428 0.4093525 0.912368 0.03463947 0.4103329 0.9112777 -0.03909438 0.635124 0.7714203 -0.1443551 0.4894034 0.8600268 -0.3189899 0.5448343 0.7755007 -0.247295 0.3262475 0.9123639 0.05994033 -0.1847347 0.9809589 -0.03918683 0.07107955 0.9967007 -0.1273874 -0.108557 0.9858945 -0.3106577 -0.03210645 0.9499796 -0.2141843 -0.2813878 0.9353855 0.400681 0.1522582 0.9034779 0.1446297 0.2335317 0.9615328 0.2360619 0.05539137 0.970158 0.06439471 -0.04724311 0.9968056 0.3139498 -0.126349 0.9409949 0.2591972 -0.07348954 0.9630246 0.4369441 -0.2571247 0.8619552 0.4481113 -0.05926799 0.892011 0.6180478 -0.03839331 0.7852025 0.4452469 0.1404196 0.8843289 0.003997981 -0.04702967 0.9988856 0.1308047 -0.2857805 0.949326 0.1981315 -0.09879106 0.9751842 0.3847907 -0.1421906 0.9119858 0.2614575 0.09024512 0.9609869 -0.03097671 -0.03561562 0.9988855 -0.1142328 -0.2927998 0.9493256 0.06689798 -0.2110705 0.975179 0.165598 -0.3753271 0.9119797 0.2467474 -0.1249759 0.9609875 0.6485668 0.6561966 0.3857036 0.5503603 0.5717241 0.6084697 0.4692669 0.7454679 0.4733566 0.9267947 0.08945053 0.3647606 0.865127 0.1906837 0.4638914 0.873272 0.3390972 0.3498703 0.9242618 0.2459509 0.2919733 0.5716531 0.7591623 0.3112642 -0.2381383 0.8913632 0.3856968 -0.2149165 0.7639272 0.6084622 -0.4058444 0.7818105 0.4733529 0.3914712 0.8448051 0.3647668 0.272936 0.8427965 0.4638966 0.1490272 0.9248661 0.3498767 0.2551678 0.9217597 0.2919735 -0.3658682 0.8770703 0.3112687 -0.2149456 0.7639222 0.6084582 -0.8162963 0.4370346 0.3777053 -0.7146092 0.3580828 0.6009248 -0.8565072 0.2377186 0.4581325 -0.3446279 0.8572359 0.3825943 -0.4282475 0.7676532 0.4767733 -0.5702861 0.7393637 0.3579319 -0.4927068 0.8152063 0.304432 -0.8928087 0.3377255 0.2980505 -0.888172 0.2617028 0.3777066 -0.7725368 0.2051206 0.6009264 -0.8869713 0.05838268 0.4581195 -0.5119336 0.7691212 0.3825921 -0.575558 0.6643987 0.4767678 -0.708848 0.6077976 0.3579337 -0.6483534 0.6978253 0.3044307 -0.9428641 0.1489038 0.2980517 0.9824441 0.1205204 0.1424027 0.9123944 0.1230829 0.3903678 0.9209769 0.3049475 0.2425053 0.8502254 -0.496298 0.1755141 0.8884098 -0.3755065 0.2640509 0.9550867 -0.2684131 0.1255544 0.9238471 -0.3748675 0.07733565 0.96695 0.2464756 0.06525069 -0.2080486 0.1246705 0.9701408 -0.1854337 -0.2159528 0.9586338 -0.2047526 0.04245203 0.9778928 0.03250271 0.02609372 0.9991311 -0.231548 -0.1859831 0.95488 -0.03189235 -0.02563595 0.9991626 0.2328596 0.1870201 0.9543583 -0.2089967 0.3766092 0.9024888 0.9148761 0.1782325 -0.3622637 0.964015 0.248397 -0.09473204 0.9005842 0.3752307 -0.2194314 0.7825511 -0.5654046 -0.2606367 0.8564287 -0.4791508 -0.1922097 0.8727362 -0.3267115 -0.362755 0.8372097 -0.3682782 -0.4042912 0.8779522 0.230269 -0.4197336 -0.3918368 0.373922 -0.8406226 -0.5462325 0.3773088 -0.7478423 -0.5599973 0.3035442 -0.7708852 0.2334399 0.6339411 -0.7373089 0.1614467 0.6693783 -0.7251674 0.03155684 0.5678104 -0.8225544 0.01651108 0.5307357 -0.8473765 -0.3599752 0.3600057 -0.8607054 0.05737644 0.6180484 0.7840435 -0.1569299 0.3837795 0.9099924 0.005401849 0.567291 0.8234997 0.2175714 0.7493075 0.6254606 0.4334691 0.1526283 0.8881493 0.1499402 0.3387617 0.928848 0.3686103 0.1999614 0.9078227 0.6171348 -0.002411007 0.7868537 0.3564379 0.1078866 0.9280692 0.05600214 0.266857 0.9621076 0.2866011 0.1480767 0.9465374 0.5591684 -0.0227366 0.8287424 -0.1359944 -0.3467005 0.9280648 0.1748425 -0.2092373 0.9621071 -0.06119024 -0.3167245 0.9465419 -0.3641258 -0.4249508 0.8287516 -0.9935137 0 0.1137136 0.02963387 -0.9978472 -0.05850476 -0.9974897 0.06055009 0.03671455 0 0.9935137 0.1137136 0.0177927 0.980125 0.1975814 0.9935137 0 0.1137136 0.9886332 0.04876935 0.1422186 0 -0.9935137 0.1137136 0.9096171 0.04574787 0.4129213 0.1139895 -0.9746026 -0.1927597 0.9660362 -0.008820116 0.2582566 0.01205497 -0.9700756 -0.2425036 -0.9748322 -0.003692746 -0.2229095 -0.1913229 0.9558517 0.223032 -0.004974603 0.953328 0.3018958 0.1264412 0.3269526 0.936544 0.2988705 0.1395319 0.9440378 0.2768124 -0.4009966 0.8732564 -0.1719458 -0.4559281 0.8732492 0.2903637 -0.3912921 0.8732579 0.4108201 0.2620386 0.8732484 0.4597469 -0.161418 0.8732566 0.3431587 -0.1356276 0.9294338 0.2589862 0.2628317 0.929433 -0.2226372 0.2942656 0.9294302 0.04303228 0.594182 0.8031788 -0.2644801 -0.35381 0.8971447 -0.3311669 0.001525938 0.943571 -0.312791 0.1472245 0.9383425 -0.222946 0.3794507 0.897949 0.05932933 0.6330907 0.7718006 -0.938714 0.04675561 -0.3415114</float_array>
          <technique_common>
            <accessor source="#tree_oak_bush_a200_001-mesh-normals-array" count="882" stride="3">
              <param name="X" type="float"/>
              <param name="Y" type="float"/>
              <param name="Z" type="float"/>
            </accessor>
          </technique_common>
        </source>
        <source id="tree_oak_bush_a200_001-mesh-map-0">
          <float_array id="tree_oak_bush_a200_001-mesh-map-0-array" count="4326">0.9999 0.7802446 0.7281361 0.7816033 0.7281361 0.5627887 0.7281361 0.5627887 0.9999001 0.5695406 0.9999 0.7802446 0.9999 0.7802446 0.7281361 0.7816033 0.7281361 0.5627887 0.7281361 0.5627887 0.9999001 0.5695406 0.9999 0.7802446 0.9999 0.7802446 0.7281361 0.7816033 0.7281361 0.5627887 0.7281361 0.5627887 0.9999001 0.5695406 0.9999 0.7802446 0.9999 0.7802446 0.7281361 0.7816033 0.7281361 0.5627887 0.7281361 0.5627887 0.9999001 0.5695406 0.9999 0.7802446 0.9999 0.7802446 0.7281361 0.7816033 0.7281361 0.5627887 0.7281361 0.5627887 0.9999001 0.5695406 0.9999 0.7802446 0.9999 0.7802446 0.7281361 0.7816033 0.7281361 0.5627887 0.7281361 0.5627887 0.9999001 0.5695406 0.9999 0.7802446 0.9999 0.7802446 0.7281361 0.7816033 0.7281361 0.5627887 0.7281361 0.5627887 0.9999001 0.5695406 0.9999 0.7802446 0.9999 0.7802446 0.7281361 0.7816033 0.7281361 0.5627887 0.7281361 0.5627887 0.9999001 0.5695406 0.9999 0.7802446 0.9999 0.7802446 0.7281361 0.7816033 0.7281361 0.5627887 0.7281361 0.5627887 0.9999001 0.5695406 0.9999 0.7802446 0.9999 0.7802446 0.7281361 0.7816033 0.7281361 0.5627887 0.7281361 0.5627887 0.9999001 0.5695406 0.9999 0.7802446 0.9999 0.7802446 0.7281361 0.7816033 0.7281361 0.5627887 0.7281361 0.5627887 0.9999001 0.5695406 0.9999 0.7802446 0.9999 0.7802446 0.7281361 0.7816033 0.7281361 0.5627887 0.7281361 0.5627887 0.9999001 0.5695406 0.9999 0.7802446 0.9999 0.7802446 0.7281361 0.7816033 0.7281361 0.5627887 0.7281361 0.5627887 0.9999001 0.5695406 0.9999 0.7802446 0.9999 0.7802446 0.7281361 0.7816033 0.7281361 0.5627887 0.7281361 0.5627887 0.9999001 0.5695406 0.9999 0.7802446 0.9999 0.7802446 0.7281361 0.7816033 0.7281361 0.5627887 0.7281361 0.5627887 0.9999001 0.5695406 0.9999 0.7802446 0.9999 0.7802446 0.7281361 0.7816033 0.7281361 0.5627887 0.7281361 0.5627887 0.9999001 0.5695406 0.9999 0.7802446 0.9999 0.7802446 0.7281361 0.7816033 0.7281361 0.5627887 0.7281361 0.5627887 0.9999001 0.5695406 0.9999 0.7802446 0.9999 0.7802446 0.7281361 0.7816033 0.7281361 0.5627887 0.7281361 0.5627887 0.9999001 0.5695406 0.9999 0.7802446 0.9999 0.7802446 0.7281361 0.7816033 0.7281361 0.5627887 0.7281361 0.5627887 0.9999001 0.5695406 0.9999 0.7802446 0.9999 0.7802446 0.7281361 0.7816033 0.7281361 0.5627887 0.7281361 0.5627887 0.9999001 0.5695406 0.9999 0.7802446 0.9999 0.7802446 0.7281361 0.7816033 0.7281361 0.5627887 0.7281361 0.5627887 0.9999001 0.5695406 0.9999 0.7802446 0.9999 0.7802446 0.7281361 0.7816033 0.7281361 0.5627887 0.7281361 0.5627887 0.9999001 0.5695406 0.9999 0.7802446 0.9999 0.7802446 0.7281361 0.7816033 0.7281361 0.5627887 0.7281361 0.5627887 0.9999001 0.5695406 0.9999 0.7802446 0.9999 0.7802446 0.7281361 0.7816033 0.7281361 0.5627887 0.7281361 0.5627887 0.9999001 0.5695406 0.9999 0.7802446 0.9999 0.7802446 0.7281361 0.7816033 0.7281361 0.5627887 0.7281361 0.5627887 0.9999001 0.5695406 0.9999 0.7802446 0.9999 0.7802446 0.7281361 0.7816033 0.7281361 0.5627887 0.7281361 0.5627887 0.9999001 0.5695406 0.9999 0.7802446 0.9999 0.7802446 0.7281361 0.7816033 0.7281361 0.5627887 0.7281361 0.5627887 0.9999001 0.5695406 0.9999 0.7802446 0.9999 0.7802446 0.7281361 0.7816033 0.7281361 0.5627887 0.7281361 0.5627887 0.9999001 0.5695406 0.9999 0.7802446 0.9999 0.7802446 0.7281361 0.7816033 0.7281361 0.5627887 0.7281361 0.5627887 0.9999001 0.5695406 0.9999 0.7802446 0.9999 0.7802446 0.7281361 0.7816033 0.7281361 0.5627887 0.7281361 0.5627887 0.9999001 0.5695406 0.9999 0.7802446 0.9999 0.7802446 0.7281361 0.7816033 0.7281361 0.5627887 0.7281361 0.5627887 0.9999001 0.5695406 0.9999 0.7802446 0.9999 0.7802446 0.7281361 0.7816033 0.7281361 0.5627887 0.7281361 0.5627887 0.9999001 0.5695406 0.9999 0.7802446 0.9999 0.7802446 0.7281361 0.7816033 0.7281361 0.5627887 0.7281361 0.5627887 0.9999001 0.5695406 0.9999 0.7802446 0.9999 0.7802446 0.7281361 0.7816033 0.7281361 0.5627887 0.7281361 0.5627887 0.9999001 0.5695406 0.9999 0.7802446 0.9999 0.7802446 0.7281361 0.7816033 0.7281361 0.5627887 0.7281361 0.5627887 0.9999001 0.5695406 0.9999 0.7802446 0.9999 0.7802446 0.7281361 0.7816033 0.7281361 0.5627887 0.7281361 0.5627887 0.9999001 0.5695406 0.9999 0.7802446 0.9999 0.7802446 0.7281361 0.7816033 0.7281361 0.5627887 0.7281361 0.5627887 0.9999001 0.5695406 0.9999 0.7802446 0.9999 0.7802446 0.7281361 0.7816033 0.7281361 0.5627887 0.7281361 0.5627887 0.9999001 0.5695406 0.9999 0.7802446 0.9999 0.7802446 0.7281361 0.7816033 0.7281361 0.5627887 0.7281361 0.5627887 0.9999001 0.5695406 0.9999 0.7802446 0.9999 0.7802446 0.7281361 0.7816033 0.7281361 0.5627887 0.7281361 0.5627887 0.9999001 0.5695406 0.9999 0.7802446 0.9999 0.7802446 0.7281361 0.7816033 0.7281361 0.5627887 0.7281361 0.5627887 0.9999001 0.5695406 0.9999 0.7802446 0.9999 0.7802446 0.7281361 0.7816033 0.7281361 0.5627887 0.7281361 0.5627887 0.9999001 0.5695406 0.9999 0.7802446 0.9999 0.7802446 0.7281361 0.7816033 0.7281361 0.5627887 0.7281361 0.5627887 0.9999001 0.5695406 0.9999 0.7802446 0.9999 0.7802446 0.7281361 0.7816033 0.7281361 0.5627887 0.7281361 0.5627887 0.9999001 0.5695406 0.9999 0.7802446 0.9999 0.7802446 0.7281361 0.7816033 0.7281361 0.5627887 0.7281361 0.5627887 0.9999001 0.5695406 0.9999 0.7802446 0.8185026 1.00029e-4 0.9999001 0.2235139 0.8233681 0.2320287 0.5655792 0.5724869 9.998e-5 0.9733611 0.2027099 0.6901947 1.00033e-4 0.558623 0.5655792 0.5724869 0.2027099 0.6901947 9.998e-5 0.9733611 1.00033e-4 0.558623 0.2027099 0.6901947 0.6481993 0.2288743 0.8258009 0.419357 0.6446277 0.5604946 0.8185026 1.00029e-4 0.6481993 0.2288743 0.6399109 1.00017e-4 0.8258009 0.419357 0.9994118 0.5666688 0.6446277 0.5604946 0.9999001 0.2235139 0.8258009 0.419357 0.8233681 0.2320287 0.8185026 1.00029e-4 0.9999001 0.2235139 0.8233681 0.2320287 0.6481993 0.2288743 0.8258009 0.419357 0.6446277 0.5604946 0.8185026 1.00029e-4 0.6481993 0.2288743 0.6399109 1.00017e-4 0.8258009 0.419357 0.9994118 0.5666688 0.6446277 0.5604946 0.9999001 0.2235139 0.8258009 0.419357 0.8233681 0.2320287 0.5655792 0.5724869 9.998e-5 0.9733611 0.2027099 0.6901947 1.00033e-4 0.558623 0.5655792 0.5724869 0.2027099 0.6901947 9.998e-5 0.9733611 1.00033e-4 0.558623 0.2027099 0.6901947 0.8185026 1.00029e-4 0.9999001 0.2235139 0.8233681 0.2320287 0.6481993 0.2288743 0.8258009 0.419357 0.6446277 0.5604946 0.8185026 1.00029e-4 0.6481993 0.2288743 0.6399109 1.00017e-4 0.8258009 0.419357 0.9994118 0.5666688 0.6446277 0.5604946 0.9999001 0.2235139 0.8258009 0.419357 0.8233681 0.2320287 0.8185026 1.00029e-4 0.9999001 0.2235139 0.8233681 0.2320287 0.6481993 0.2288743 0.8258009 0.419357 0.6446277 0.5604946 0.8185026 1.00029e-4 0.6481993 0.2288743 0.6399109 1.00017e-4 0.8258009 0.419357 0.9994118 0.5666688 0.6446277 0.5604946 0.9999001 0.2235139 0.8258009 0.419357 0.8233681 0.2320287 0.8185026 1.00029e-4 0.9999001 0.2235139 0.8233681 0.2320287 0.6481993 0.2288743 0.8258009 0.419357 0.6446277 0.5604946 0.8185026 1.00029e-4 0.6481993 0.2288743 0.6399109 1.00017e-4 0.8258009 0.419357 0.9994118 0.5666688 0.6446277 0.5604946 0.9999001 0.2235139 0.8258009 0.419357 0.8233681 0.2320287 0.8185026 1.00029e-4 0.9999001 0.2235139 0.8233681 0.2320287 0.6481993 0.2288743 0.8258009 0.419357 0.6446277 0.5604946 0.8185026 1.00029e-4 0.6481993 0.2288743 0.6399109 1.00017e-4 0.8258009 0.419357 0.9994118 0.5666688 0.6446277 0.5604946 0.9999001 0.2235139 0.8258009 0.419357 0.8233681 0.2320287 0.8185026 1.00029e-4 0.9999001 0.2235139 0.8233681 0.2320287 0.6481993 0.2288743 0.8258009 0.419357 0.6446277 0.5604946 0.8185026 1.00029e-4 0.6481993 0.2288743 0.6399109 1.00017e-4 0.8258009 0.419357 0.9994118 0.5666688 0.6446277 0.5604946 0.9999001 0.2235139 0.8258009 0.419357 0.8233681 0.2320287 0.8185026 1.00029e-4 0.9999001 0.2235139 0.8233681 0.2320287 0.6481993 0.2288743 0.8258009 0.419357 0.6446277 0.5604946 0.8185026 1.00029e-4 0.6481993 0.2288743 0.6399109 1.00017e-4 0.8258009 0.419357 0.9994118 0.5666688 0.6446277 0.5604946 0.9999001 0.2235139 0.8258009 0.419357 0.8233681 0.2320287 0.8185026 1.00029e-4 0.9999001 0.2235139 0.8233681 0.2320287 0.6481993 0.2288743 0.8258009 0.419357 0.6446277 0.5604946 0.8185026 1.00029e-4 0.6481993 0.2288743 0.6399109 1.00017e-4 0.8258009 0.419357 0.9994118 0.5666688 0.6446277 0.5604946 0.9999001 0.2235139 0.8258009 0.419357 0.8233681 0.2320287 0.8185026 1.00029e-4 0.9999001 0.2235139 0.8233681 0.2320287 0.6481993 0.2288743 0.8258009 0.419357 0.6446277 0.5604946 0.8185026 1.00029e-4 0.6481993 0.2288743 0.6399109 1.00017e-4 0.8258009 0.419357 0.9994118 0.5666688 0.6446277 0.5604946 0.9999001 0.2235139 0.8258009 0.419357 0.8233681 0.2320287 0.8185026 1.00029e-4 0.9999001 0.2235139 0.8233681 0.2320287 0.6481993 0.2288743 0.8258009 0.419357 0.6446277 0.5604946 0.8185026 1.00029e-4 0.6481993 0.2288743 0.6399109 1.00017e-4 0.8258009 0.419357 0.9994118 0.5666688 0.6446277 0.5604946 0.9999001 0.2235139 0.8258009 0.419357 0.8233681 0.2320287 0.8185026 1.00029e-4 0.9999001 0.2235139 0.8233681 0.2320287 0.6481993 0.2288743 0.8258009 0.419357 0.6446277 0.5604946 0.8185026 1.00029e-4 0.6481993 0.2288743 0.6399109 1.00017e-4 0.8258009 0.419357 0.9994118 0.5666688 0.6446277 0.5604946 0.9999001 0.2235139 0.8258009 0.419357 0.8233681 0.2320287 0.8185026 1.00029e-4 0.9999001 0.2235139 0.8233681 0.2320287 0.6481993 0.2288743 0.8258009 0.419357 0.6446277 0.5604946 0.8185026 1.00029e-4 0.6481993 0.2288743 0.6399109 1.00017e-4 0.8258009 0.419357 0.9994118 0.5666688 0.6446277 0.5604946 0.9999001 0.2235139 0.8258009 0.419357 0.8233681 0.2320287 0.8185026 1.00029e-4 0.9999001 0.2235139 0.8233681 0.2320287 0.6481993 0.2288743 0.8258009 0.419357 0.6446277 0.5604946 0.8185026 1.00029e-4 0.6481993 0.2288743 0.6399109 1.00017e-4 0.8258009 0.419357 0.9994118 0.5666688 0.6446277 0.5604946 0.9999001 0.2235139 0.8258009 0.419357 0.8233681 0.2320287 0.8185026 1.00029e-4 0.9999001 0.2235139 0.8233681 0.2320287 0.6481993 0.2288743 0.8258009 0.419357 0.6446277 0.5604946 0.8185026 1.00029e-4 0.6481993 0.2288743 0.6399109 1.00017e-4 0.8258009 0.419357 0.9994118 0.5666688 0.6446277 0.5604946 0.9999001 0.2235139 0.8258009 0.419357 0.8233681 0.2320287 0.8185026 1.00029e-4 0.9999001 0.2235139 0.8233681 0.2320287 0.6481993 0.2288743 0.8258009 0.419357 0.6446277 0.5604946 0.8185026 1.00029e-4 0.6481993 0.2288743 0.6399109 1.00017e-4 0.8258009 0.419357 0.9994118 0.5666688 0.6446277 0.5604946 0.9999001 0.2235139 0.8258009 0.419357 0.8233681 0.2320287 0.5655792 0.5724869 9.998e-5 0.9733611 0.2027099 0.6901947 1.00033e-4 0.558623 0.5655792 0.5724869 0.2027099 0.6901947 9.998e-5 0.9733611 1.00033e-4 0.558623 0.2027099 0.6901947 0.5655792 0.5724869 9.998e-5 0.9733611 0.2027099 0.6901947 1.00033e-4 0.558623 0.5655792 0.5724869 0.2027099 0.6901947 9.998e-5 0.9733611 1.00033e-4 0.558623 0.2027099 0.6901947 0.5655792 0.5724869 9.998e-5 0.9733611 0.2027099 0.6901947 1.00033e-4 0.558623 0.5655792 0.5724869 0.2027099 0.6901947 9.998e-5 0.9733611 1.00033e-4 0.558623 0.2027099 0.6901947 0.5655792 0.5724869 9.998e-5 0.9733611 0.2027099 0.6901947 1.00033e-4 0.558623 0.5655792 0.5724869 0.2027099 0.6901947 9.998e-5 0.9733611 1.00033e-4 0.558623 0.2027099 0.6901947 0.5655792 0.5724869 9.998e-5 0.9733611 0.2027099 0.6901947 1.00033e-4 0.558623 0.5655792 0.5724869 0.2027099 0.6901947 9.998e-5 0.9733611 1.00033e-4 0.558623 0.2027099 0.6901947 0.5655792 0.5724869 9.998e-5 0.9733611 0.2027099 0.6901947 1.00033e-4 0.558623 0.5655792 0.5724869 0.2027099 0.6901947 9.998e-5 0.9733611 1.00033e-4 0.558623 0.2027099 0.6901947 0.5655792 0.5724869 9.998e-5 0.9733611 0.2027099 0.6901947 1.00033e-4 0.558623 0.5655792 0.5724869 0.2027099 0.6901947 9.998e-5 0.9733611 1.00033e-4 0.558623 0.2027099 0.6901947 0.5655792 0.5724869 9.998e-5 0.9733611 0.2027099 0.6901947 1.00033e-4 0.558623 0.5655792 0.5724869 0.2027099 0.6901947 9.998e-5 0.9733611 1.00033e-4 0.558623 0.2027099 0.6901947 0.8185026 1.00029e-4 0.9999001 0.2235139 0.8233681 0.2320287 0.6481993 0.2288743 0.8258009 0.419357 0.6446277 0.5604946 0.8185026 1.00029e-4 0.6481993 0.2288743 0.6399109 1.00017e-4 0.8258009 0.419357 0.9994118 0.5666688 0.6446277 0.5604946 0.9999001 0.2235139 0.8258009 0.419357 0.8233681 0.2320287 0.2378866 0.001106619 0.6708162 0.001106619 0.551374 0.5313483 0.3759027 0.9995645 0.3095951 0.5195625 0.551374 0.5313483 0.8107848 0.9995645 0.6226554 0.9995645 0.551374 0.5313483 0.7390388 0.4874166 0.8107848 0.9995645 0.551374 0.5313483 0.6226554 0.9995645 0.3759027 0.9995645 0.551374 0.5313483 0.3095951 0.5195625 0.2378866 0.001106619 0.551374 0.5313483 0.6708162 0.001106619 0.7390388 0.4874166 0.551374 0.5313483 0.1468858 0.4394145 0.3739684 0.9929 0.002034306 0.9929001 0.002034306 0.9929001 0.01759999 9.998e-5 0.1468858 0.4394145 0.1468858 0.4394145 0.01759999 9.998e-5 0.3043724 0.4817284 0.3739684 0.9929 0.1468858 0.4394145 0.3043724 0.4817284 0.9999001 0.001106619 0.9999001 0.9999001 0.8789055 0.4625447 0.6731231 0.001106619 0.9999001 0.001106619 0.8789055 0.4625447 0.9999001 0.9999001 0.6731231 0.001106619 0.8789055 0.4625447 0.2378866 0.001106619 0.6708162 0.001106619 0.551374 0.5313483 0.3759027 0.9995645 0.3095951 0.5195625 0.551374 0.5313483 0.8107848 0.9995645 0.6226554 0.9995645 0.551374 0.5313483 0.7390388 0.4874166 0.8107848 0.9995645 0.551374 0.5313483 0.6226554 0.9995645 0.3759027 0.9995645 0.551374 0.5313483 0.3095951 0.5195625 0.2378866 0.001106619 0.551374 0.5313483 0.6708162 0.001106619 0.7390388 0.4874166 0.551374 0.5313483 0.2378866 0.001106619 0.6708162 0.001106619 0.551374 0.5313483 0.3759027 0.9995645 0.3095951 0.5195625 0.551374 0.5313483 0.8107848 0.9995645 0.6226554 0.9995645 0.551374 0.5313483 0.7390388 0.4874166 0.8107848 0.9995645 0.551374 0.5313483 0.6226554 0.9995645 0.3759027 0.9995645 0.551374 0.5313483 0.3095951 0.5195625 0.2378866 0.001106619 0.551374 0.5313483 0.6708162 0.001106619 0.7390388 0.4874166 0.551374 0.5313483 0.1468858 0.4394145 0.3739684 0.9929 0.002034306 0.9929001 0.002034306 0.9929001 0.01759999 9.998e-5 0.1468858 0.4394145 0.1468858 0.4394145 0.01759999 9.998e-5 0.3043724 0.4817284 0.3739684 0.9929 0.1468858 0.4394145 0.3043724 0.4817284 0.9999001 0.001106619 0.9999001 0.9999001 0.8789055 0.4625447 0.6731231 0.001106619 0.9999001 0.001106619 0.8789055 0.4625447 0.9999001 0.9999001 0.6731231 0.001106619 0.8789055 0.4625447 0.2378866 0.001106619 0.6708162 0.001106619 0.551374 0.5313483 0.3759027 0.9995645 0.3095951 0.5195625 0.551374 0.5313483 0.8107848 0.9995645 0.6226554 0.9995645 0.551374 0.5313483 0.7390388 0.4874166 0.8107848 0.9995645 0.551374 0.5313483 0.6226554 0.9995645 0.3759027 0.9995645 0.551374 0.5313483 0.3095951 0.5195625 0.2378866 0.001106619 0.551374 0.5313483 0.6708162 0.001106619 0.7390388 0.4874166 0.551374 0.5313483 0.2378866 0.001106619 0.6708162 0.001106619 0.551374 0.5313483 0.3759027 0.9995645 0.3095951 0.5195625 0.551374 0.5313483 0.8107848 0.9995645 0.6226554 0.9995645 0.551374 0.5313483 0.7390388 0.4874166 0.8107848 0.9995645 0.551374 0.5313483 0.6226554 0.9995645 0.3759027 0.9995645 0.551374 0.5313483 0.3095951 0.5195625 0.2378866 0.001106619 0.551374 0.5313483 0.6708162 0.001106619 0.7390388 0.4874166 0.551374 0.5313483 1.00099e-4 9.998e-5 0.6317252 1.00018e-4 0.3136724 0.2860494 0.3136724 0.2860494 0.6370461 0.300652 0.6455879 0.5713838 0.006533563 0.5533063 1.00099e-4 9.998e-5 0.3136724 0.2860494 0.6317252 1.00018e-4 0.6370461 0.300652 0.3136724 0.2860494 0.006533563 0.5533063 0.3136724 0.2860494 0.6455879 0.5713838 1.00099e-4 9.998e-5 0.6317252 1.00018e-4 0.3136724 0.2860494 0.3136724 0.2860494 0.6370461 0.300652 0.6455879 0.5713838 0.006533563 0.5533063 1.00099e-4 9.998e-5 0.3136724 0.2860494 0.6317252 1.00018e-4 0.6370461 0.300652 0.3136724 0.2860494 0.006533563 0.5533063 0.3136724 0.2860494 0.6455879 0.5713838 1.00099e-4 9.998e-5 0.6317252 1.00018e-4 0.3136724 0.2860494 0.3136724 0.2860494 0.6370461 0.300652 0.6455879 0.5713838 0.006533563 0.5533063 1.00099e-4 9.998e-5 0.3136724 0.2860494 0.6317252 1.00018e-4 0.6370461 0.300652 0.3136724 0.2860494 0.006533563 0.5533063 0.3136724 0.2860494 0.6455879 0.5713838 1.00099e-4 9.998e-5 0.6317252 1.00018e-4 0.3136724 0.2860494 0.3136724 0.2860494 0.6370461 0.300652 0.6455879 0.5713838 0.006533563 0.5533063 1.00099e-4 9.998e-5 0.3136724 0.2860494 0.6317252 1.00018e-4 0.6370461 0.300652 0.3136724 0.2860494 0.006533563 0.5533063 0.3136724 0.2860494 0.6455879 0.5713838 1.00099e-4 9.998e-5 0.6317252 1.00018e-4 0.3136724 0.2860494 0.3136724 0.2860494 0.6370461 0.300652 0.6455879 0.5713838 0.006533563 0.5533063 1.00099e-4 9.998e-5 0.3136724 0.2860494 0.6317252 1.00018e-4 0.6370461 0.300652 0.3136724 0.2860494 0.006533563 0.5533063 0.3136724 0.2860494 0.6455879 0.5713838 1.00099e-4 9.998e-5 0.6317252 1.00018e-4 0.3136724 0.2860494 0.3136724 0.2860494 0.6370461 0.300652 0.6455879 0.5713838 0.006533563 0.5533063 1.00099e-4 9.998e-5 0.3136724 0.2860494 0.6317252 1.00018e-4 0.6370461 0.300652 0.3136724 0.2860494 0.006533563 0.5533063 0.3136724 0.2860494 0.6455879 0.5713838 1.00099e-4 9.998e-5 0.6317252 1.00018e-4 0.3136724 0.2860494 0.3136724 0.2860494 0.6370461 0.300652 0.6455879 0.5713838 0.006533563 0.5533063 1.00099e-4 9.998e-5 0.3136724 0.2860494 0.6317252 1.00018e-4 0.6370461 0.300652 0.3136724 0.2860494 0.006533563 0.5533063 0.3136724 0.2860494 0.6455879 0.5713838 1.00099e-4 9.998e-5 0.6317252 1.00018e-4 0.3136724 0.2860494 0.3136724 0.2860494 0.6370461 0.300652 0.6455879 0.5713838 0.006533563 0.5533063 1.00099e-4 9.998e-5 0.3136724 0.2860494 0.6317252 1.00018e-4 0.6370461 0.300652 0.3136724 0.2860494 0.006533563 0.5533063 0.3136724 0.2860494 0.6455879 0.5713838 1.00099e-4 9.998e-5 0.6317252 1.00018e-4 0.3136724 0.2860494 0.3136724 0.2860494 0.6370461 0.300652 0.6455879 0.5713838 0.006533563 0.5533063 1.00099e-4 9.998e-5 0.3136724 0.2860494 0.6317252 1.00018e-4 0.6370461 0.300652 0.3136724 0.2860494 0.006533563 0.5533063 0.3136724 0.2860494 0.6455879 0.5713838 1.00099e-4 9.998e-5 0.6317252 1.00018e-4 0.3136724 0.2860494 0.3136724 0.2860494 0.6370461 0.300652 0.6455879 0.5713838 0.006533563 0.5533063 1.00099e-4 9.998e-5 0.3136724 0.2860494 0.6317252 1.00018e-4 0.6370461 0.300652 0.3136724 0.2860494 0.006533563 0.5533063 0.3136724 0.2860494 0.6455879 0.5713838 1.00099e-4 9.998e-5 0.6317252 1.00018e-4 0.3136724 0.2860494 0.3136724 0.2860494 0.6370461 0.300652 0.6455879 0.5713838 0.006533563 0.5533063 1.00099e-4 9.998e-5 0.3136724 0.2860494 0.6317252 1.00018e-4 0.6370461 0.300652 0.3136724 0.2860494 0.006533563 0.5533063 0.3136724 0.2860494 0.6455879 0.5713838 1.00099e-4 9.998e-5 0.6317252 1.00018e-4 0.3136724 0.2860494 0.3136724 0.2860494 0.6370461 0.300652 0.6455879 0.5713838 0.006533563 0.5533063 1.00099e-4 9.998e-5 0.3136724 0.2860494 0.6317252 1.00018e-4 0.6370461 0.300652 0.3136724 0.2860494 0.006533563 0.5533063 0.3136724 0.2860494 0.6455879 0.5713838 1.00099e-4 9.998e-5 0.6317252 1.00018e-4 0.3136724 0.2860494 0.3136724 0.2860494 0.6370461 0.300652 0.6455879 0.5713838 0.006533563 0.5533063 1.00099e-4 9.998e-5 0.3136724 0.2860494 0.6317252 1.00018e-4 0.6370461 0.300652 0.3136724 0.2860494 0.006533563 0.5533063 0.3136724 0.2860494 0.6455879 0.5713838 1.00099e-4 9.998e-5 0.6317252 1.00018e-4 0.3136724 0.2860494 0.3136724 0.2860494 0.6370461 0.300652 0.6455879 0.5713838 0.006533563 0.5533063 1.00099e-4 9.998e-5 0.3136724 0.2860494 0.6317252 1.00018e-4 0.6370461 0.300652 0.3136724 0.2860494 0.006533563 0.5533063 0.3136724 0.2860494 0.6455879 0.5713838 1.00099e-4 9.998e-5 0.6317252 1.00018e-4 0.3136724 0.2860494 0.3136724 0.2860494 0.6370461 0.300652 0.6455879 0.5713838 0.006533563 0.5533063 1.00099e-4 9.998e-5 0.3136724 0.2860494 0.6317252 1.00018e-4 0.6370461 0.300652 0.3136724 0.2860494 0.006533563 0.5533063 0.3136724 0.2860494 0.6455879 0.5713838 1.00099e-4 9.998e-5 0.6317252 1.00018e-4 0.3136724 0.2860494 0.3136724 0.2860494 0.6370461 0.300652 0.6455879 0.5713838 0.006533563 0.5533063 1.00099e-4 9.998e-5 0.3136724 0.2860494 0.6317252 1.00018e-4 0.6370461 0.300652 0.3136724 0.2860494 0.006533563 0.5533063 0.3136724 0.2860494 0.6455879 0.5713838 1.00099e-4 9.998e-5 0.6317252 1.00018e-4 0.3136724 0.2860494 0.3136724 0.2860494 0.6370461 0.300652 0.6455879 0.5713838 0.006533563 0.5533063 1.00099e-4 9.998e-5 0.3136724 0.2860494 0.6317252 1.00018e-4 0.6370461 0.300652 0.3136724 0.2860494 0.006533563 0.5533063 0.3136724 0.2860494 0.6455879 0.5713838 1.00099e-4 9.998e-5 0.6317252 1.00018e-4 0.3136724 0.2860494 0.3136724 0.2860494 0.6370461 0.300652 0.6455879 0.5713838 0.006533563 0.5533063 1.00099e-4 9.998e-5 0.3136724 0.2860494 0.6317252 1.00018e-4 0.6370461 0.300652 0.3136724 0.2860494 0.006533563 0.5533063 0.3136724 0.2860494 0.6455879 0.5713838 1.00099e-4 9.998e-5 0.6317252 1.00018e-4 0.3136724 0.2860494 0.3136724 0.2860494 0.6370461 0.300652 0.6455879 0.5713838 0.006533563 0.5533063 1.00099e-4 9.998e-5 0.3136724 0.2860494 0.6317252 1.00018e-4 0.6370461 0.300652 0.3136724 0.2860494 0.006533563 0.5533063 0.3136724 0.2860494 0.6455879 0.5713838 1.00099e-4 9.998e-5 0.6317252 1.00018e-4 0.3136724 0.2860494 0.3136724 0.2860494 0.6370461 0.300652 0.6455879 0.5713838 0.006533563 0.5533063 1.00099e-4 9.998e-5 0.3136724 0.2860494 0.6317252 1.00018e-4 0.6370461 0.300652 0.3136724 0.2860494 0.006533563 0.5533063 0.3136724 0.2860494 0.6455879 0.5713838 1.00099e-4 9.998e-5 0.6317252 1.00018e-4 0.3136724 0.2860494 0.3136724 0.2860494 0.6370461 0.300652 0.6455879 0.5713838 0.006533563 0.5533063 1.00099e-4 9.998e-5 0.3136724 0.2860494 0.6317252 1.00018e-4 0.6370461 0.300652 0.3136724 0.2860494 0.006533563 0.5533063 0.3136724 0.2860494 0.6455879 0.5713838 1.00099e-4 9.998e-5 0.6317252 1.00018e-4 0.3136724 0.2860494 0.3136724 0.2860494 0.6370461 0.300652 0.6455879 0.5713838 0.006533563 0.5533063 1.00099e-4 9.998e-5 0.3136724 0.2860494 0.6317252 1.00018e-4 0.6370461 0.300652 0.3136724 0.2860494 0.006533563 0.5533063 0.3136724 0.2860494 0.6455879 0.5713838 1.00099e-4 9.998e-5 0.6317252 1.00018e-4 0.3136724 0.2860494 0.3136724 0.2860494 0.6370461 0.300652 0.6455879 0.5713838 0.006533563 0.5533063 1.00099e-4 9.998e-5 0.3136724 0.2860494 0.6317252 1.00018e-4 0.6370461 0.300652 0.3136724 0.2860494 0.006533563 0.5533063 0.3136724 0.2860494 0.6455879 0.5713838 1.00099e-4 9.998e-5 0.6317252 1.00018e-4 0.3136724 0.2860494 0.3136724 0.2860494 0.6370461 0.300652 0.6455879 0.5713838 0.006533563 0.5533063 1.00099e-4 9.998e-5 0.3136724 0.2860494 0.6317252 1.00018e-4 0.6370461 0.300652 0.3136724 0.2860494 0.006533563 0.5533063 0.3136724 0.2860494 0.6455879 0.5713838 1.00099e-4 9.998e-5 0.6317252 1.00018e-4 0.3136724 0.2860494 0.3136724 0.2860494 0.6370461 0.300652 0.6455879 0.5713838 0.006533563 0.5533063 1.00099e-4 9.998e-5 0.3136724 0.2860494 0.6317252 1.00018e-4 0.6370461 0.300652 0.3136724 0.2860494 0.006533563 0.5533063 0.3136724 0.2860494 0.6455879 0.5713838 1.00099e-4 9.998e-5 0.6317252 1.00018e-4 0.3136724 0.2860494 0.3136724 0.2860494 0.6370461 0.300652 0.6455879 0.5713838 0.006533563 0.5533063 1.00099e-4 9.998e-5 0.3136724 0.2860494 0.6317252 1.00018e-4 0.6370461 0.300652 0.3136724 0.2860494 0.006533563 0.5533063 0.3136724 0.2860494 0.6455879 0.5713838 1.00099e-4 9.998e-5 0.6317252 1.00018e-4 0.3136724 0.2860494 0.3136724 0.2860494 0.6370461 0.300652 0.6455879 0.5713838 0.006533563 0.5533063 1.00099e-4 9.998e-5 0.3136724 0.2860494 0.6317252 1.00018e-4 0.6370461 0.300652 0.3136724 0.2860494 0.006533563 0.5533063 0.3136724 0.2860494 0.6455879 0.5713838 1.00099e-4 9.998e-5 0.6317252 1.00018e-4 0.3136724 0.2860494 0.3136724 0.2860494 0.6370461 0.300652 0.6455879 0.5713838 0.006533563 0.5533063 1.00099e-4 9.998e-5 0.3136724 0.2860494 0.6317252 1.00018e-4 0.6370461 0.300652 0.3136724 0.2860494 0.006533563 0.5533063 0.3136724 0.2860494 0.6455879 0.5713838 1.00099e-4 9.998e-5 0.6317252 1.00018e-4 0.3136724 0.2860494 0.3136724 0.2860494 0.6370461 0.300652 0.6455879 0.5713838 0.006533563 0.5533063 1.00099e-4 9.998e-5 0.3136724 0.2860494 0.6317252 1.00018e-4 0.6370461 0.300652 0.3136724 0.2860494 0.006533563 0.5533063 0.3136724 0.2860494 0.6455879 0.5713838 1.00099e-4 9.998e-5 0.6317252 1.00018e-4 0.3136724 0.2860494 0.3136724 0.2860494 0.6370461 0.300652 0.6455879 0.5713838 0.006533563 0.5533063 1.00099e-4 9.998e-5 0.3136724 0.2860494 0.6317252 1.00018e-4 0.6370461 0.300652 0.3136724 0.2860494 0.006533563 0.5533063 0.3136724 0.2860494 0.6455879 0.5713838 1.00099e-4 9.998e-5 0.6317252 1.00018e-4 0.3136724 0.2860494 0.3136724 0.2860494 0.6370461 0.300652 0.6455879 0.5713838 0.006533563 0.5533063 1.00099e-4 9.998e-5 0.3136724 0.2860494 0.6317252 1.00018e-4 0.6370461 0.300652 0.3136724 0.2860494 0.006533563 0.5533063 0.3136724 0.2860494 0.6455879 0.5713838 1.00099e-4 9.998e-5 0.6317252 1.00018e-4 0.3136724 0.2860494 0.3136724 0.2860494 0.6370461 0.300652 0.6455879 0.5713838 0.006533563 0.5533063 1.00099e-4 9.998e-5 0.3136724 0.2860494 0.6317252 1.00018e-4 0.6370461 0.300652 0.3136724 0.2860494 0.006533563 0.5533063 0.3136724 0.2860494 0.6455879 0.5713838 1.00099e-4 9.998e-5 0.6317252 1.00018e-4 0.3136724 0.2860494 0.3136724 0.2860494 0.6370461 0.300652 0.6455879 0.5713838 0.006533563 0.5533063 1.00099e-4 9.998e-5 0.3136724 0.2860494 0.6317252 1.00018e-4 0.6370461 0.300652 0.3136724 0.2860494 0.006533563 0.5533063 0.3136724 0.2860494 0.6455879 0.5713838 1.00099e-4 9.998e-5 0.6317252 1.00018e-4 0.3136724 0.2860494 0.3136724 0.2860494 0.6370461 0.300652 0.6455879 0.5713838 0.006533563 0.5533063 1.00099e-4 9.998e-5 0.3136724 0.2860494 0.6317252 1.00018e-4 0.6370461 0.300652 0.3136724 0.2860494 0.006533563 0.5533063 0.3136724 0.2860494 0.6455879 0.5713838 1.00099e-4 9.998e-5 0.6317252 1.00018e-4 0.3136724 0.2860494 0.3136724 0.2860494 0.6370461 0.300652 0.6455879 0.5713838 0.006533563 0.5533063 1.00099e-4 9.998e-5 0.3136724 0.2860494 0.6317252 1.00018e-4 0.6370461 0.300652 0.3136724 0.2860494 0.006533563 0.5533063 0.3136724 0.2860494 0.6455879 0.5713838 0.7281361 0.7816033 0.7281361 0.5627887 0.866765 0.6806516 0.9999001 0.5695406 0.9999 0.7802446 0.866765 0.6806516 0.7281361 0.5627887 0.9999001 0.5695406 0.866765 0.6806516 0.9999 0.7802446 0.7281361 0.7816033 0.866765 0.6806516 0.7281361 0.7907586 0.7281361 0.5627887 0.866765 0.6806516 0.9999001 0.5695406 0.9999 0.7893998 0.866765 0.6806516 0.7281361 0.5627887 0.9999001 0.5695406 0.866765 0.6806516 0.9999 0.7893998 0.7281361 0.7907586 0.866765 0.6806516 0.7281361 0.7816033 0.7281361 0.5627887 0.866765 0.6806516 0.9999001 0.5695406 0.9999 0.7802446 0.866765 0.6806516 0.7281361 0.5627887 0.9999001 0.5695406 0.866765 0.6806516 0.9999 0.7802446 0.7281361 0.7816033 0.866765 0.6806516 0.7281361 0.7816033 0.7281361 0.5627887 0.866765 0.6806516 0.9999001 0.5695406 0.9999 0.7802446 0.866765 0.6806516 0.7281361 0.5627887 0.9999001 0.5695406 0.866765 0.6806516 0.9999 0.7802446 0.7281361 0.7816033 0.866765 0.6806516 0.7281361 0.7816033 0.7281361 0.5627887 0.866765 0.6806516 0.9999001 0.5695406 0.9999 0.7802446 0.866765 0.6806516 0.7281361 0.5627887 0.9999001 0.5695406 0.866765 0.6806516 0.9999 0.7802446 0.7281361 0.7816033 0.866765 0.6806516 0.7281361 0.7816033 0.7281361 0.5627887 0.866765 0.6806516 0.9999001 0.5695406 0.9999 0.7802446 0.866765 0.6806516 0.7281361 0.5627887 0.9999001 0.5695406 0.866765 0.6806516 0.9999 0.7802446 0.7281361 0.7816033 0.866765 0.6806516 0.9999001 0.5695406 0.9999 0.7802446 0.866765 0.6806516 0.7281361 0.7816033 0.7281361 0.5627887 0.866765 0.6806516 0.7281361 0.5627887 0.9999001 0.5695406 0.866765 0.6806516 0.9999 0.7802446 0.7281361 0.7816033 0.866765 0.6806516 0.9999001 0.5695406 0.9999 0.7802446 0.866765 0.6806516 0.7281361 0.7816033 0.7281361 0.5627887 0.866765 0.6806516 0.7281361 0.5627887 0.9999001 0.5695406 0.866765 0.6806516 0.9999 0.7802446 0.7281361 0.7816033 0.866765 0.6806516 0.9999001 0.5695406 0.9999 0.7802446 0.866765 0.6806516 0.7281361 0.7816033 0.7281361 0.5627887 0.866765 0.6806516 0.7281361 0.5627887 0.9999001 0.5695406 0.866765 0.6806516 0.9999 0.7802446 0.7281361 0.7816033 0.866765 0.6806516 0.9999001 0.5695406 0.9999 0.7802446 0.866765 0.6806516 0.7281361 0.7816033 0.7281361 0.5627887 0.866765 0.6806516 0.7281361 0.5627887 0.9999001 0.5695406 0.866765 0.6806516 0.9999 0.7802446 0.7281361 0.7816033 0.866765 0.6806516 0.9999001 0.5695406 0.9999 0.7802446 0.866765 0.6806516 0.7281361 0.7816033 0.7281361 0.5627887 0.866765 0.6806516 0.7281361 0.5627887 0.9999001 0.5695406 0.866765 0.6806516 0.9999 0.7802446 0.7281361 0.7816033 0.866765 0.6806516 0.9999001 0.5695406 0.9999 0.7802446 0.866765 0.6806516 0.7281361 0.7816033 0.7281361 0.5627887 0.866765 0.6806516 0.7281361 0.5627887 0.9999001 0.5695406 0.866765 0.6806516 0.9999 0.7802446 0.7281361 0.7816033 0.866765 0.6806516 0.9999001 0.5695406 0.9999 0.7802446 0.866765 0.6806516 0.7281361 0.7816033 0.7281361 0.5627887 0.866765 0.6806516 0.7281361 0.5627887 0.9999001 0.5695406 0.866765 0.6806516 0.9999 0.7802446 0.7281361 0.7816033 0.866765 0.6806516 0.9999001 0.5695406 0.9999 0.7802446 0.866765 0.6806516 0.7281361 0.7816033 0.7281361 0.5627887 0.866765 0.6806516 0.7281361 0.5627887 0.9999001 0.5695406 0.866765 0.6806516 0.9999 0.7802446 0.7281361 0.7816033 0.866765 0.6806516 0.9999001 0.5695406 0.9999 0.7802446 0.866765 0.6806516 0.7281361 0.7816033 0.7281361 0.5627887 0.866765 0.6806516 0.7281361 0.5627887 0.9999001 0.5695406 0.866765 0.6806516 0.9999 0.7802446 0.7281361 0.7816033 0.866765 0.6806516 0.9999001 0.5695406 0.9999 0.7802446 0.866765 0.6806516 0.7281361 0.7816033 0.7281361 0.5627887 0.866765 0.6806516 0.7281361 0.5627887 0.9999001 0.5695406 0.866765 0.6806516 0.9999 0.7802446 0.7281361 0.7816033 0.866765 0.6806516 0.9999001 0.5695406 0.9999 0.7802446 0.866765 0.6806516 0.7281361 0.7816033 0.7281361 0.5627887 0.866765 0.6806516 0.7281361 0.5627887 0.9999001 0.5695406 0.866765 0.6806516 0.9999 0.7802446 0.7281361 0.7816033 0.866765 0.6806516 0.9999001 0.5695406 0.9999 0.7802446 0.866765 0.6806516 0.7281361 0.7816033 0.7281361 0.5627887 0.866765 0.6806516 0.7281361 0.5627887 0.9999001 0.5695406 0.866765 0.6806516 0.9999 0.7802446 0.7281361 0.7816033 0.866765 0.6806516 0.9999001 0.5695406 0.9999 0.7802446 0.866765 0.6806516 0.7281361 0.7816033 0.7281361 0.5627887 0.866765 0.6806516 0.7281361 0.5627887 0.9999001 0.5695406 0.866765 0.6806516 0.9999 0.7802446 0.7281361 0.7816033 0.866765 0.6806516 0.9999001 0.5695406 0.9999 0.7802446 0.866765 0.6806516 0.7281361 0.7816033 0.7281361 0.5627887 0.866765 0.6806516 0.7281361 0.5627887 0.9999001 0.5695406 0.866765 0.6806516 0.9999 0.7802446 0.7281361 0.7816033 0.866765 0.6806516 0.9999001 0.5695406 0.9999 0.7802446 0.866765 0.6806516 0.7281361 0.7816033 0.7281361 0.5627887 0.866765 0.6806516 0.7281361 0.5627887 0.9999001 0.5695406 0.866765 0.6806516 0.9999 0.7802446 0.7281361 0.7816033 0.866765 0.6806516 0.9999001 0.5695406 0.9999 0.7802446 0.866765 0.6806516 0.7281361 0.7816033 0.7281361 0.5627887 0.866765 0.6806516 0.7281361 0.5627887 0.9999001 0.5695406 0.866765 0.6806516 0.9999 0.7802446 0.7281361 0.7816033 0.866765 0.6806516 0.9999001 0.5695406 0.9999 0.7802446 0.866765 0.6806516 0.7281361 0.7816033 0.7281361 0.5627887 0.866765 0.6806516 0.7281361 0.5627887 0.9999001 0.5695406 0.866765 0.6806516 0.9999 0.7802446 0.7281361 0.7816033 0.866765 0.6806516 0.9999001 0.5695406 0.9999 0.7802446 0.866765 0.6806516 0.7281361 0.7816033 0.7281361 0.5627887 0.866765 0.6806516 0.7281361 0.5627887 0.9999001 0.5695406 0.866765 0.6806516 0.9999 0.7802446 0.7281361 0.7816033 0.866765 0.6806516 0.9999001 0.5695406 0.9999 0.7802446 0.866765 0.6806516 0.7281361 0.7816033 0.7281361 0.5627887 0.866765 0.6806516 0.7281361 0.5627887 0.9999001 0.5695406 0.866765 0.6806516 0.9999 0.7802446 0.7281361 0.7816033 0.866765 0.6806516 0.9999001 0.5695406 0.9999 0.7802446 0.866765 0.6806516 0.7281361 0.7816033 0.7281361 0.5627887 0.866765 0.6806516 0.7281361 0.5627887 0.9999001 0.5695406 0.866765 0.6806516 0.9999 0.7802446 0.7281361 0.7816033 0.866765 0.6806516 0.9999001 0.5695406 0.9999 0.7802446 0.866765 0.6806516 0.7281361 0.7816033 0.7281361 0.5627887 0.866765 0.6806516 0.7281361 0.5627887 0.9999001 0.5695406 0.866765 0.6806516 0.9999 0.7802446 0.7281361 0.7816033 0.866765 0.6806516 0.9999001 0.5695406 0.9999 0.7802446 0.866765 0.6806516 0.7281361 0.7816033 0.7281361 0.5627887 0.866765 0.6806516 0.7281361 0.5627887 0.9999001 0.5695406 0.866765 0.6806516 0.9999 0.7802446 0.7281361 0.7816033 0.866765 0.6806516 0.9999001 0.5695406 0.9999 0.7802446 0.866765 0.6806516 0.7281361 0.7816033 0.7281361 0.5627887 0.866765 0.6806516 0.7281361 0.5627887 0.9999001 0.5695406 0.866765 0.6806516 0.9999 0.7802446 0.7281361 0.7816033 0.866765 0.6806516 0.9999001 0.5695406 0.9999 0.7802446 0.866765 0.6806516 0.7281361 0.7816033 0.7281361 0.5627887 0.866765 0.6806516 0.7281361 0.5627887 0.9999001 0.5695406 0.866765 0.6806516 0.9999 0.7802446 0.7281361 0.7816033 0.866765 0.6806516 0.9999001 0.5695406 0.9999 0.7802446 0.866765 0.6806516 0.7281361 0.7816033 0.7281361 0.5627887 0.866765 0.6806516 0.7281361 0.5627887 0.9999001 0.5695406 0.866765 0.6806516 0.9999 0.7802446 0.7281361 0.7816033 0.866765 0.6806516 0.9999001 0.5695406 0.9999 0.7802446 0.866765 0.6806516 0.7281361 0.7816033 0.7281361 0.5627887 0.866765 0.6806516 0.7281361 0.5627887 0.9999001 0.5695406 0.866765 0.6806516 0.9999 0.7802446 0.7281361 0.7816033 0.866765 0.6806516 0.9999001 0.5695406 0.9999 0.7802446 0.866765 0.6806516 0.7281361 0.7816033 0.7281361 0.5627887 0.866765 0.6806516 0.7281361 0.5627887 0.9999001 0.5695406 0.866765 0.6806516 0.9999 0.7802446 0.7281361 0.7816033 0.866765 0.6806516 0.9999001 0.5695406 0.9999 0.7802446 0.866765 0.6806516 0.7281361 0.7816033 0.7281361 0.5627887 0.866765 0.6806516 0.7281361 0.5627887 0.9999001 0.5695406 0.866765 0.6806516 0.9999 0.7802446 0.7281361 0.7816033 0.866765 0.6806516 0.9999001 0.5695406 0.9999 0.7802446 0.866765 0.6806516 0.7281361 0.7816033 0.7281361 0.5627887 0.866765 0.6806516 0.7281361 0.5627887 0.9999001 0.5695406 0.866765 0.6806516 0.9999 0.7802446 0.7281361 0.7816033 0.866765 0.6806516 0.7247503 0.8609114 0.7247503 0.9999001 0.5676315 0.9999001 0.570985 0.5648676 0.7247503 0.5648677 0.7247503 0.7219228 0.5698671 0.7219226 0.7247503 0.8609114 0.5687493 0.8609114 0.5687493 0.8609114 0.7247503 0.8609114 0.5676315 0.9999001 0.5698671 0.7219226 0.570985 0.5648676 0.7247503 0.7219228 0.7247503 0.8609114 0.7247503 0.9999001 0.5676315 0.9999001 0.570985 0.5648676 0.7247503 0.5648677 0.7247503 0.7219228 0.5698671 0.7219226 0.7247503 0.8609114 0.5687493 0.8609114 0.5687493 0.8609114 0.7247503 0.8609114 0.5676315 0.9999001 0.5698671 0.7219226 0.570985 0.5648676 0.7247503 0.7219228 0.7247503 0.8609114 0.7247503 0.9999001 0.5676315 0.9999001 0.570985 0.5648676 0.7247503 0.5648677 0.7247503 0.7219228 0.5698671 0.7219226 0.7247503 0.8609114 0.5687493 0.8609114 0.5687493 0.8609114 0.7247503 0.8609114 0.5676315 0.9999001 0.5698671 0.7219226 0.570985 0.5648676 0.7247503 0.7219228 0.7247503 0.8609114 0.7247503 0.9999001 0.5676315 0.9999001 0.570985 0.5648676 0.7247503 0.5648677 0.7247503 0.7219228 0.5698671 0.7219226 0.7247503 0.8609114 0.5687493 0.8609114 0.5687493 0.8609114 0.7247503 0.8609114 0.5676315 0.9999001 0.5698671 0.7219226 0.570985 0.5648676 0.7247503 0.7219228 0.7247503 0.8609114 0.7247503 0.9999001 0.5676315 0.9999001 0.570985 0.5648676 0.7247503 0.5648677 0.7247503 0.7219228 0.5698671 0.7219226 0.7247503 0.8609114 0.5687493 0.8609114 0.5687493 0.8609114 0.7247503 0.8609114 0.5676315 0.9999001 0.5698671 0.7219226 0.570985 0.5648676 0.7247503 0.7219228 0.7247503 0.8609114 0.7247503 0.9999001 0.5676315 0.9999001 0.570985 0.5648676 0.7247503 0.5648677 0.7247503 0.7219228 0.5698671 0.7219226 0.7247503 0.8609114 0.5687493 0.8609114 0.5687493 0.8609114 0.7247503 0.8609114 0.5676315 0.9999001 0.5698671 0.7219226 0.570985 0.5648676 0.7247503 0.7219228 0.7281361 0.7816033 0.9999 0.7802446 0.9999001 0.9999001 0.7281361 0.7816033 0.9999 0.7802446 0.9999001 0.9999001 0.7281361 0.9999001 0.7281361 0.7816033 0.9999001 0.9999001 0.7281361 0.9999001 0.7281361 0.7816033 0.9999001 0.9999001 0.7247503 0.8609114 0.7247503 0.9999001 0.5676315 0.9999001 0.570985 0.5648676 0.7247503 0.5648677 0.7247503 0.7219228 0.5698671 0.7219226 0.7247503 0.8609114 0.5687493 0.8609114 0.5687493 0.8609114 0.7247503 0.8609114 0.5676315 0.9999001 0.5698671 0.7219226 0.570985 0.5648676 0.7247503 0.7219228 0.7247503 0.8609114 0.7247503 0.9999001 0.5676315 0.9999001 0.570985 0.5648676 0.7247503 0.5648677 0.7247503 0.7219228 0.5698671 0.7219226 0.7247503 0.8609114 0.5687493 0.8609114 0.5687493 0.8609114 0.7247503 0.8609114 0.5676315 0.9999001 0.5698671 0.7219226 0.570985 0.5648676 0.7247503 0.7219228 0.7281361 0.7816033 0.9999 0.7802446 0.9999001 0.9999001 0.7281361 0.9999001 0.7281361 0.7816033 0.9999001 0.9999001 0.7281361 0.7816033 0.9999 0.7802446 0.9999001 0.9999001 0.7281361 0.9999001 0.7281361 0.7816033 0.9999001 0.9999001 0.7281361 0.7816033 0.9999 0.7802446 0.9999001 0.9999001 0.7281361 0.9999001 0.7281361 0.7816033 0.9999001 0.9999001 0.7281361 0.7816033 0.9999 0.7802446 0.9999001 0.9999001 0.7281361 0.9999001 0.7281361 0.7816033 0.9999001 0.9999001 0.3898273 0.01241487 0.3584662 0.5009129 0.3051288 0.4915125 0.2688637 7.18602e-5 0.3051288 0.4915125 0.2533556 0.47743 0.1329639 0.007253825 0.2533556 0.47743 0.2004232 0.4795666 7.18602e-5 0.03839462 0.2004232 0.4795666 0.1508641 0.4966286 0.2190616 0.9958142 0.1694812 0.746527 0.2097424 0.7376904 0.3086313 0.998112 0.2924569 0.7457203 0.3335488 0.7495124 0.2924569 0.7457203 0.2508891 0.9999281 0.2521224 0.7386791 0.2521224 0.7386791 0.2190616 0.9958142 0.2097424 0.7376904 0.2097424 0.7376904 0.1508641 0.4966286 0.2004232 0.4795666 0.3584662 0.5009129 0.2924569 0.7457203 0.3051288 0.4915125 0.3051288 0.4915125 0.2521224 0.7386791 0.2533556 0.47743 0.2521224 0.7386791 0.2004232 0.4795666 0.2533556 0.47743 0.8185026 1.00029e-4 0.9999001 1.0004e-4 0.9999001 0.2235139 0.6481993 0.2288743 0.8233681 0.2320287 0.8258009 0.419357 0.8185026 1.00029e-4 0.8233681 0.2320287 0.6481993 0.2288743 0.9999001 0.2235139 0.9994118 0.5666688 0.8258009 0.419357 0.8185026 1.00029e-4 0.9999001 1.0004e-4 0.9999001 0.2235139 0.6481993 0.2288743 0.8233681 0.2320287 0.8258009 0.419357 0.8185026 1.00029e-4 0.8233681 0.2320287 0.6481993 0.2288743 0.9999001 0.2235139 0.9994118 0.5666688 0.8258009 0.419357 0.8185026 1.00029e-4 0.9999001 1.0004e-4 0.9999001 0.2235139 0.6481993 0.2288743 0.8233681 0.2320287 0.8258009 0.419357 0.8185026 1.00029e-4 0.8233681 0.2320287 0.6481993 0.2288743 0.9999001 0.2235139 0.9994118 0.5666688 0.8258009 0.419357 0.8185026 1.00029e-4 0.9999001 1.0004e-4 0.9999001 0.2235139 0.6481993 0.2288743 0.8233681 0.2320287 0.8258009 0.419357 0.8185026 1.00029e-4 0.8233681 0.2320287 0.6481993 0.2288743 0.9999001 0.2235139 0.9994118 0.5666688 0.8258009 0.419357 0.8185026 1.00029e-4 0.9999001 1.0004e-4 0.9999001 0.2235139 0.6481993 0.2288743 0.8233681 0.2320287 0.8258009 0.419357 0.8185026 1.00029e-4 0.8233681 0.2320287 0.6481993 0.2288743 0.9999001 0.2235139 0.9994118 0.5666688 0.8258009 0.419357 0.8185026 1.00029e-4 0.9999001 1.0004e-4 0.9999001 0.2235139 0.6481993 0.2288743 0.8233681 0.2320287 0.8258009 0.419357 0.8185026 1.00029e-4 0.8233681 0.2320287 0.6481993 0.2288743 0.9999001 0.2235139 0.9994118 0.5666688 0.8258009 0.419357 0.8185026 1.00029e-4 0.9999001 1.0004e-4 0.9999001 0.2235139 0.6481993 0.2288743 0.8233681 0.2320287 0.8258009 0.419357 0.8185026 1.00029e-4 0.8233681 0.2320287 0.6481993 0.2288743 0.9999001 0.2235139 0.9994118 0.5666688 0.8258009 0.419357 0.8185026 1.00029e-4 0.9999001 1.0004e-4 0.9999001 0.2235139 0.6481993 0.2288743 0.8233681 0.2320287 0.8258009 0.419357 0.8185026 1.00029e-4 0.8233681 0.2320287 0.6481993 0.2288743 0.9999001 0.2235139 0.9994118 0.5666688 0.8258009 0.419357 0.8185026 1.00029e-4 0.9999001 1.0004e-4 0.9999001 0.2235139 0.6481993 0.2288743 0.8233681 0.2320287 0.8258009 0.419357 0.8185026 1.00029e-4 0.8233681 0.2320287 0.6481993 0.2288743 0.9999001 0.2235139 0.9994118 0.5666688 0.8258009 0.419357 0.8185026 1.00029e-4 0.9999001 1.0004e-4 0.9999001 0.2235139 0.6481993 0.2288743 0.8233681 0.2320287 0.8258009 0.419357 0.8185026 1.00029e-4 0.8233681 0.2320287 0.6481993 0.2288743 0.9999001 0.2235139 0.9994118 0.5666688 0.8258009 0.419357 0.8185026 1.00029e-4 0.9999001 1.0004e-4 0.9999001 0.2235139 0.6481993 0.2288743 0.8233681 0.2320287 0.8258009 0.419357 0.8185026 1.00029e-4 0.8233681 0.2320287 0.6481993 0.2288743 0.9999001 0.2235139 0.9994118 0.5666688 0.8258009 0.419357 0.8185026 1.00029e-4 0.9999001 1.0004e-4 0.9999001 0.2235139 0.6481993 0.2288743 0.8233681 0.2320287 0.8258009 0.419357 0.8185026 1.00029e-4 0.8233681 0.2320287 0.6481993 0.2288743 0.9999001 0.2235139 0.9994118 0.5666688 0.8258009 0.419357 0.8185026 1.00029e-4 0.9999001 1.0004e-4 0.9999001 0.2235139 0.6481993 0.2288743 0.8233681 0.2320287 0.8258009 0.419357 0.8185026 1.00029e-4 0.8233681 0.2320287 0.6481993 0.2288743 0.9999001 0.2235139 0.9994118 0.5666688 0.8258009 0.419357 0.8185026 1.00029e-4 0.9999001 1.0004e-4 0.9999001 0.2235139 0.6481993 0.2288743 0.8233681 0.2320287 0.8258009 0.419357 0.8185026 1.00029e-4 0.8233681 0.2320287 0.6481993 0.2288743 0.9999001 0.2235139 0.9994118 0.5666688 0.8258009 0.419357 0.8185026 1.00029e-4 0.9999001 1.0004e-4 0.9999001 0.2235139 0.6481993 0.2288743 0.8233681 0.2320287 0.8258009 0.419357 0.8185026 1.00029e-4 0.8233681 0.2320287 0.6481993 0.2288743 0.9999001 0.2235139 0.9994118 0.5666688 0.8258009 0.419357 0.8185026 1.00029e-4 0.9999001 1.0004e-4 0.9999001 0.2235139 0.6481993 0.2288743 0.8233681 0.2320287 0.8258009 0.419357 0.8185026 1.00029e-4 0.8233681 0.2320287 0.6481993 0.2288743 0.9999001 0.2235139 0.9994118 0.5666688 0.8258009 0.419357 0.8185026 1.00029e-4 0.9999001 1.0004e-4 0.9999001 0.2235139 0.6481993 0.2288743 0.8233681 0.2320287 0.8258009 0.419357 0.8185026 1.00029e-4 0.8233681 0.2320287 0.6481993 0.2288743 0.9999001 0.2235139 0.9994118 0.5666688 0.8258009 0.419357 0.5698671 0.7219226 0.7247503 0.7219228 0.7247503 0.8609114 0.5698671 0.7219226 0.7247503 0.7219228 0.7247503 0.8609114 0.5698671 0.7219226 0.7247503 0.7219228 0.7247503 0.8609114 0.5698671 0.7219226 0.7247503 0.7219228 0.7247503 0.8609114 0.5698671 0.7219226 0.7247503 0.7219228 0.7247503 0.8609114 0.5698671 0.7219226 0.7247503 0.7219228 0.7247503 0.8609114 0.5698671 0.7219226 0.7247503 0.7219228 0.7247503 0.8609114 0.5698671 0.7219226 0.7247503 0.7219228 0.7247503 0.8609114 0.3898273 0.01241487 0.5165344 0.04522454 0.3584662 0.5009129 0.2688637 7.18602e-5 0.3898273 0.01241487 0.3051288 0.4915125 0.1329639 0.007253825 0.2688637 7.18602e-5 0.2533556 0.47743 7.18602e-5 0.03839462 0.1329639 0.007253825 0.2004232 0.4795666 0.2190616 0.9958142 0.1880982 0.9964253 0.1694812 0.746527 0.3086313 0.998112 0.2797851 0.9999281 0.2924569 0.7457203 0.2924569 0.7457203 0.2797851 0.9999281 0.2508891 0.9999281 0.2521224 0.7386791 0.2508891 0.9999281 0.2190616 0.9958142 0.2097424 0.7376904 0.1694812 0.746527 0.1508641 0.4966286 0.3584662 0.5009129 0.3335488 0.7495124 0.2924569 0.7457203 0.3051288 0.4915125 0.2924569 0.7457203 0.2521224 0.7386791 0.2521224 0.7386791 0.2097424 0.7376904 0.2004232 0.4795666</float_array>
          <technique_common>
            <accessor source="#tree_oak_bush_a200_001-mesh-map-0-array" count="2163" stride="2">
              <param name="S" type="float"/>
              <param name="T" type="float"/>
            </accessor>
          </technique_common>
        </source>
        <source id="tree_oak_bush_a200_001-mesh-colors-Col" name="Col">
          <float_array id="tree_oak_bush_a200_001-mesh-colors-Col-array" count="6489">0.2862745 0.4196078 0.3882353 0.2784314 0.3333333 0.5764706 0.2823529 0.2705882 0.7803922 0.2823529 0.2705882 0.7803922 0.1490196 0.1921569 0.6117647 0.2862745 0.4196078 0.3882353 0.2862745 0.4196078 0.3882353 0.2784314 0.3333333 0.5764706 0.2823529 0.2705882 0.7803922 0.2823529 0.2705882 0.7803922 0.1490196 0.1921569 0.6117647 0.2862745 0.4196078 0.3882353 0.2862745 0.4196078 0.3882353 0.2784314 0.3333333 0.5764706 0.2823529 0.2705882 0.7803922 0.2823529 0.2705882 0.7803922 0.1490196 0.1921569 0.6117647 0.2862745 0.4196078 0.3882353 0.2862745 0.4196078 0.3882353 0.2784314 0.3333333 0.5764706 0.2823529 0.2705882 0.7803922 0.2823529 0.2705882 0.7803922 0.1490196 0.1921569 0.6117647 0.2862745 0.4196078 0.3882353 0.2862745 0.4196078 0.3882353 0.2784314 0.3333333 0.5764706 0.2823529 0.2705882 0.7803922 0.2823529 0.2705882 0.7803922 0.1490196 0.1921569 0.6117647 0.2862745 0.4196078 0.3882353 0.2862745 0.4196078 0.3882353 0.2784314 0.3333333 0.5764706 0.2823529 0.2705882 0.7803922 0.2823529 0.2705882 0.7803922 0.1490196 0.1921569 0.6117647 0.2862745 0.4196078 0.3882353 0.2862745 0.4196078 0.3882353 0.2784314 0.3333333 0.5764706 0.2823529 0.2705882 0.7803922 0.2823529 0.2705882 0.7803922 0.1490196 0.1921569 0.6117647 0.2862745 0.4196078 0.3882353 0.2862745 0.4196078 0.3882353 0.2784314 0.3333333 0.5764706 0.2823529 0.2705882 0.7803922 0.2823529 0.2705882 0.7803922 0.1490196 0.1921569 0.6117647 0.2862745 0.4196078 0.3882353 0.2862745 0.4196078 0.3882353 0.2784314 0.3333333 0.5764706 0.2823529 0.2705882 0.7803922 0.2823529 0.2705882 0.7803922 0.1490196 0.1921569 0.6117647 0.2862745 0.4196078 0.3882353 0.2862745 0.4196078 0.3882353 0.2784314 0.3333333 0.5764706 0.2823529 0.2705882 0.7803922 0.2823529 0.2705882 0.7803922 0.1490196 0.1921569 0.6117647 0.2862745 0.4196078 0.3882353 0.2862745 0.4196078 0.3882353 0.2784314 0.3333333 0.5764706 0.2823529 0.2705882 0.7803922 0.2823529 0.2705882 0.7803922 0.1490196 0.1921569 0.6117647 0.2862745 0.4196078 0.3882353 0.2862745 0.4196078 0.3882353 0.2784314 0.3333333 0.5764706 0.2823529 0.2705882 0.7803922 0.2823529 0.2705882 0.7803922 0.1490196 0.1921569 0.6117647 0.2862745 0.4196078 0.3882353 0.2862745 0.4196078 0.3882353 0.2784314 0.3333333 0.5764706 0.2823529 0.2705882 0.7803922 0.2823529 0.2705882 0.7803922 0.1490196 0.1921569 0.6117647 0.2862745 0.4196078 0.3882353 0.2862745 0.4196078 0.3882353 0.2784314 0.3333333 0.5764706 0.2823529 0.2705882 0.7803922 0.2823529 0.2705882 0.7803922 0.1490196 0.1921569 0.6117647 0.2862745 0.4196078 0.3882353 0.2862745 0.4196078 0.3882353 0.2784314 0.3333333 0.5764706 0.2823529 0.2705882 0.7803922 0.2823529 0.2705882 0.7803922 0.1490196 0.1921569 0.6117647 0.2862745 0.4196078 0.3882353 0.2862745 0.4196078 0.3882353 0.2784314 0.3333333 0.5764706 0.2823529 0.2705882 0.7803922 0.2823529 0.2705882 0.7803922 0.1490196 0.1921569 0.6117647 0.2862745 0.4196078 0.3882353 0.2862745 0.4196078 0.3882353 0.2784314 0.3333333 0.5764706 0.2823529 0.2705882 0.7803922 0.2823529 0.2705882 0.7803922 0.1490196 0.1921569 0.6117647 0.2862745 0.4196078 0.3882353 0.2862745 0.4196078 0.3882353 0.2784314 0.3333333 0.5764706 0.2823529 0.2705882 0.7803922 0.2823529 0.2705882 0.7803922 0.1490196 0.1921569 0.6117647 0.2862745 0.4196078 0.3882353 0.2862745 0.4196078 0.3882353 0.2784314 0.3333333 0.5764706 0.2823529 0.2705882 0.7803922 0.2823529 0.2705882 0.7803922 0.1490196 0.1921569 0.6117647 0.2862745 0.4196078 0.3882353 0.2862745 0.4196078 0.3882353 0.2784314 0.3333333 0.5764706 0.2823529 0.2705882 0.7803922 0.2823529 0.2705882 0.7803922 0.1490196 0.1921569 0.6117647 0.2862745 0.4196078 0.3882353 0.2862745 0.4196078 0.3882353 0.2784314 0.3333333 0.5764706 0.2823529 0.2705882 0.7803922 0.2823529 0.2705882 0.7803922 0.1490196 0.1921569 0.6117647 0.2862745 0.4196078 0.3882353 0.2862745 0.4196078 0.3882353 0.2784314 0.3333333 0.5764706 0.2823529 0.2705882 0.7803922 0.2823529 0.2705882 0.7803922 0.1490196 0.1921569 0.6117647 0.2862745 0.4196078 0.3882353 0.2862745 0.4196078 0.3882353 0.2784314 0.3333333 0.5764706 0.2823529 0.2705882 0.7803922 0.2823529 0.2705882 0.7803922 0.1490196 0.1921569 0.6117647 0.2862745 0.4196078 0.3882353 0.2862745 0.4196078 0.3882353 0.2784314 0.3333333 0.5764706 0.2823529 0.2705882 0.7803922 0.2823529 0.2705882 0.7803922 0.1490196 0.1921569 0.6117647 0.2862745 0.4196078 0.3882353 0.2862745 0.4196078 0.3882353 0.2784314 0.3333333 0.5764706 0.2823529 0.2705882 0.7803922 0.2823529 0.2705882 0.7803922 0.1490196 0.1921569 0.6117647 0.2862745 0.4196078 0.3882353 0.2862745 0.4196078 0.3882353 0.2784314 0.3333333 0.5764706 0.2823529 0.2705882 0.7803922 0.2823529 0.2705882 0.7803922 0.1490196 0.1921569 0.6117647 0.2862745 0.4196078 0.3882353 0.2862745 0.4196078 0.3882353 0.2784314 0.3333333 0.5764706 0.2823529 0.2705882 0.7803922 0.2823529 0.2705882 0.7803922 0.1490196 0.1921569 0.6117647 0.2862745 0.4196078 0.3882353 0.2862745 0.4196078 0.3882353 0.2784314 0.3333333 0.5764706 0.2823529 0.2705882 0.7803922 0.2823529 0.2705882 0.7803922 0.1490196 0.1921569 0.6117647 0.2862745 0.4196078 0.3882353 0.2862745 0.4196078 0.3882353 0.2784314 0.3333333 0.5764706 0.2823529 0.2705882 0.7803922 0.2823529 0.2705882 0.7803922 0.1490196 0.1921569 0.6117647 0.2862745 0.4196078 0.3882353 0.2862745 0.4196078 0.3882353 0.2784314 0.3333333 0.5764706 0.2823529 0.2705882 0.7803922 0.2823529 0.2705882 0.7803922 0.1490196 0.1921569 0.6117647 0.2862745 0.4196078 0.3882353 0.2862745 0.4196078 0.3882353 0.2784314 0.3333333 0.5764706 0.2823529 0.2705882 0.7803922 0.2823529 0.2705882 0.7803922 0.1490196 0.1921569 0.6117647 0.2862745 0.4196078 0.3882353 0.2862745 0.4196078 0.3882353 0.2784314 0.3333333 0.5764706 0.2823529 0.2705882 0.7803922 0.2823529 0.2705882 0.7803922 0.1490196 0.1921569 0.6117647 0.2862745 0.4196078 0.3882353 0.2862745 0.4196078 0.3882353 0.2784314 0.3333333 0.5764706 0.2823529 0.2705882 0.7803922 0.2823529 0.2705882 0.7803922 0.1490196 0.1921569 0.6117647 0.2862745 0.4196078 0.3882353 0.2862745 0.4196078 0.3882353 0.2784314 0.3333333 0.5764706 0.2823529 0.2705882 0.7803922 0.2823529 0.2705882 0.7803922 0.1490196 0.1921569 0.6117647 0.2862745 0.4196078 0.3882353 0.2862745 0.4196078 0.3882353 0.2784314 0.3333333 0.5764706 0.2823529 0.2705882 0.7803922 0.2823529 0.2705882 0.7803922 0.1490196 0.1921569 0.6117647 0.2862745 0.4196078 0.3882353 0.2862745 0.4196078 0.3882353 0.2784314 0.3333333 0.5764706 0.2823529 0.2705882 0.7803922 0.2823529 0.2705882 0.7803922 0.1490196 0.1921569 0.6117647 0.2862745 0.4196078 0.3882353 0.2862745 0.4196078 0.3882353 0.2784314 0.3333333 0.5764706 0.2823529 0.2705882 0.7803922 0.2823529 0.2705882 0.7803922 0.1490196 0.1921569 0.6117647 0.2862745 0.4196078 0.3882353 0.2862745 0.4196078 0.3882353 0.2784314 0.3333333 0.5764706 0.2823529 0.2705882 0.7803922 0.2823529 0.2705882 0.7803922 0.1490196 0.1921569 0.6117647 0.2862745 0.4196078 0.3882353 0.2862745 0.4196078 0.3882353 0.2784314 0.3333333 0.5764706 0.2823529 0.2705882 0.7803922 0.2823529 0.2705882 0.7803922 0.1490196 0.1921569 0.6117647 0.2862745 0.4196078 0.3882353 0.2862745 0.4196078 0.3882353 0.2784314 0.3333333 0.5764706 0.2823529 0.2705882 0.7803922 0.2823529 0.2705882 0.7803922 0.1490196 0.1921569 0.6117647 0.2862745 0.4196078 0.3882353 0.2862745 0.4196078 0.3882353 0.2784314 0.3333333 0.5764706 0.2823529 0.2705882 0.7803922 0.2823529 0.2705882 0.7803922 0.1490196 0.1921569 0.6117647 0.2862745 0.4196078 0.3882353 0.2862745 0.4196078 0.3882353 0.2784314 0.3333333 0.5764706 0.2823529 0.2705882 0.7803922 0.2823529 0.2705882 0.7803922 0.1490196 0.1921569 0.6117647 0.2862745 0.4196078 0.3882353 0.2862745 0.4196078 0.3882353 0.2784314 0.3333333 0.5764706 0.2823529 0.2705882 0.7803922 0.2823529 0.2705882 0.7803922 0.1490196 0.1921569 0.6117647 0.2862745 0.4196078 0.3882353 0.2862745 0.4196078 0.3882353 0.2784314 0.3333333 0.5764706 0.2823529 0.2705882 0.7803922 0.2823529 0.2705882 0.7803922 0.1490196 0.1921569 0.6117647 0.2862745 0.4196078 0.3882353 0.2862745 0.4196078 0.3882353 0.2784314 0.3333333 0.5764706 0.2823529 0.2705882 0.7803922 0.2823529 0.2705882 0.7803922 0.1490196 0.1921569 0.6117647 0.2862745 0.4196078 0.3882353 0.003921568 0.2039216 0 0.2156863 0.4313725 0.7647059 0.3843137 0.4470588 0.01568627 0.07058823 0.2980392 0 0.5725491 0.2039216 1 0.2901961 0.1882353 0.2862745 0.5137255 0.3254902 1 0.07058823 0.2980392 0 0.2901961 0.1882353 0.2862745 0.5725491 0.172549 1 0.5137255 0.3254902 1 0.2901961 0.1882353 0.2862745 0.172549 0.2235294 0.7647059 0.682353 0.3568627 1 0.7176471 0.5254902 1 0.003921568 0.2039216 0 0.172549 0.2235294 0.7647059 0 0.07058823 0.2666667 0.682353 0.3568627 1 0.7607843 0.5764706 1 0.7176471 0.5254902 1 0.2156863 0.4313725 0.7647059 0.682353 0.3568627 1 0.3843137 0.4470588 0.01568627 0.003921568 0.2039216 0 0.2156863 0.4313725 0.7647059 0.3843137 0.4470588 0.01568627 0.172549 0.2235294 0.7647059 0.682353 0.3568627 1 0.7176471 0.5254902 1 0.003921568 0.2039216 0 0.172549 0.2235294 0.7647059 0 0.07058823 0.2666667 0.682353 0.3568627 1 0.7607843 0.5764706 1 0.7176471 0.5254902 1 0.2156863 0.4313725 0.7647059 0.682353 0.3568627 1 0.3843137 0.4470588 0.01568627 0.07058823 0.2980392 0 0.5725491 0.2039216 1 0.2901961 0.1882353 0.2862745 0.5137255 0.3254902 1 0.07058823 0.2980392 0 0.2901961 0.1882353 0.2862745 0.5725491 0.172549 1 0.5137255 0.3254902 1 0.2901961 0.1882353 0.2862745 0.003921568 0.2039216 0 0.2156863 0.4313725 0.7647059 0.3843137 0.4470588 0.01568627 0.172549 0.2235294 0.7647059 0.682353 0.3568627 1 0.7176471 0.5254902 1 0.003921568 0.2039216 0 0.172549 0.2235294 0.7647059 0 0.07058823 0.2666667 0.682353 0.3568627 1 0.7607843 0.5764706 1 0.7176471 0.5254902 1 0.2156863 0.4313725 0.7647059 0.682353 0.3568627 1 0.3843137 0.4470588 0.01568627 0.003921568 0.2039216 0 0.2156863 0.4313725 0.7647059 0.3843137 0.4470588 0.01568627 0.172549 0.2235294 0.7647059 0.682353 0.3568627 1 0.7176471 0.5254902 1 0.003921568 0.2039216 0 0.172549 0.2235294 0.7647059 0 0.07058823 0.2666667 0.682353 0.3568627 1 0.7607843 0.5764706 1 0.7176471 0.5254902 1 0.2156863 0.4313725 0.7647059 0.682353 0.3568627 1 0.3843137 0.4470588 0.01568627 0.003921568 0.2039216 0 0.2156863 0.4313725 0.7647059 0.3843137 0.4470588 0.01568627 0.172549 0.2235294 0.7647059 0.682353 0.3568627 1 0.7176471 0.5254902 1 0.003921568 0.2039216 0 0.172549 0.2235294 0.7647059 0 0.07058823 0.2666667 0.682353 0.3568627 1 0.7607843 0.5764706 1 0.7176471 0.5254902 1 0.2156863 0.4313725 0.7647059 0.682353 0.3568627 1 0.3843137 0.4470588 0.01568627 0.003921568 0.2039216 0 0.2156863 0.4313725 0.7647059 0.3843137 0.4470588 0.01568627 0.172549 0.2235294 0.7647059 0.682353 0.3568627 1 0.7176471 0.5254902 1 0.003921568 0.2039216 0 0.172549 0.2235294 0.7647059 0 0.07058823 0.2666667 0.682353 0.3568627 1 0.7607843 0.5764706 1 0.7176471 0.5254902 1 0.2156863 0.4313725 0.7647059 0.682353 0.3568627 1 0.3843137 0.4470588 0.01568627 0.003921568 0.2039216 0 0.2156863 0.4313725 0.7647059 0.3843137 0.4470588 0.01568627 0.172549 0.2235294 0.7647059 0.682353 0.3568627 1 0.7176471 0.5254902 1 0.003921568 0.2039216 0 0.172549 0.2235294 0.7647059 0 0.07058823 0.2666667 0.682353 0.3568627 1 0.7607843 0.5764706 1 0.7176471 0.5254902 1 0.2156863 0.4313725 0.7647059 0.682353 0.3568627 1 0.3843137 0.4470588 0.01568627 0.003921568 0.2039216 0 0.2156863 0.4313725 0.7647059 0.3843137 0.4470588 0.01568627 0.172549 0.2235294 0.7647059 0.682353 0.3568627 1 0.7176471 0.5254902 1 0.003921568 0.2039216 0 0.172549 0.2235294 0.7647059 0 0.07058823 0.2666667 0.682353 0.3568627 1 0.7607843 0.5764706 1 0.7176471 0.5254902 1 0.2156863 0.4313725 0.7647059 0.682353 0.3568627 1 0.3843137 0.4470588 0.01568627 0.003921568 0.2039216 0 0.2156863 0.4313725 0.7647059 0.3843137 0.4470588 0.01568627 0.172549 0.2235294 0.7647059 0.682353 0.3568627 1 0.7176471 0.5254902 1 0.003921568 0.2039216 0 0.172549 0.2235294 0.7647059 0 0.07058823 0.2666667 0.682353 0.3568627 1 0.7607843 0.5764706 1 0.7176471 0.5254902 1 0.2156863 0.4313725 0.7647059 0.682353 0.3568627 1 0.3843137 0.4470588 0.01568627 0.003921568 0.2039216 0 0.2156863 0.4313725 0.7647059 0.3843137 0.4470588 0.01568627 0.172549 0.2235294 0.7647059 0.682353 0.3568627 1 0.7176471 0.5254902 1 0.003921568 0.2039216 0 0.172549 0.2235294 0.7647059 0 0.07058823 0.2666667 0.682353 0.3568627 1 0.7607843 0.5764706 1 0.7176471 0.5254902 1 0.2156863 0.4313725 0.7647059 0.682353 0.3568627 1 0.3843137 0.4470588 0.01568627 0.003921568 0.2039216 0 0.2156863 0.4313725 0.7647059 0.3843137 0.4470588 0.01568627 0.172549 0.2235294 0.7647059 0.682353 0.3568627 1 0.7176471 0.5254902 1 0.003921568 0.2039216 0 0.172549 0.2235294 0.7647059 0 0.07058823 0.2666667 0.682353 0.3568627 1 0.7607843 0.5764706 1 0.7176471 0.5254902 1 0.2156863 0.4313725 0.7647059 0.682353 0.3568627 1 0.3843137 0.4470588 0.01568627 0.003921568 0.2039216 0 0.2156863 0.4313725 0.7647059 0.3843137 0.4470588 0.01568627 0.172549 0.2235294 0.7647059 0.682353 0.3568627 1 0.7176471 0.5254902 1 0.003921568 0.2039216 0 0.172549 0.2235294 0.7647059 0 0.07058823 0.2666667 0.682353 0.3568627 1 0.7607843 0.5764706 1 0.7176471 0.5254902 1 0.2156863 0.4313725 0.7647059 0.682353 0.3568627 1 0.3843137 0.4470588 0.01568627 0.003921568 0.2039216 0 0.2156863 0.4313725 0.7647059 0.3843137 0.4470588 0.01568627 0.172549 0.2235294 0.7647059 0.682353 0.3568627 1 0.7176471 0.5254902 1 0.003921568 0.2039216 0 0.172549 0.2235294 0.7647059 0 0.07058823 0.2666667 0.682353 0.3568627 1 0.7607843 0.5764706 1 0.7176471 0.5254902 1 0.2156863 0.4313725 0.7647059 0.682353 0.3568627 1 0.3843137 0.4470588 0.01568627 0.003921568 0.2039216 0 0.2156863 0.4313725 0.7647059 0.3843137 0.4470588 0.01568627 0.172549 0.2235294 0.7647059 0.682353 0.3568627 1 0.7176471 0.5254902 1 0.003921568 0.2039216 0 0.172549 0.2235294 0.7647059 0 0.07058823 0.2666667 0.682353 0.3568627 1 0.7607843 0.5764706 1 0.7176471 0.5254902 1 0.2156863 0.4313725 0.7647059 0.682353 0.3568627 1 0.3843137 0.4470588 0.01568627 0.003921568 0.2039216 0 0.2156863 0.4313725 0.7647059 0.3843137 0.4470588 0.01568627 0.172549 0.2235294 0.7647059 0.682353 0.3568627 1 0.7176471 0.5254902 1 0.003921568 0.2039216 0 0.172549 0.2235294 0.7647059 0 0.07058823 0.2666667 0.682353 0.3568627 1 0.7607843 0.5764706 1 0.7176471 0.5254902 1 0.2156863 0.4313725 0.7647059 0.682353 0.3568627 1 0.3843137 0.4470588 0.01568627 0.003921568 0.2039216 0 0.2156863 0.4313725 0.7647059 0.3843137 0.4470588 0.01568627 0.172549 0.2235294 0.7647059 0.682353 0.3568627 1 0.7176471 0.5254902 1 0.003921568 0.2039216 0 0.172549 0.2235294 0.7647059 0 0.07058823 0.2666667 0.682353 0.3568627 1 0.7607843 0.5764706 1 0.7176471 0.5254902 1 0.2156863 0.4313725 0.7647059 0.682353 0.3568627 1 0.3843137 0.4470588 0.01568627 0.07058823 0.2980392 0 0.5725491 0.2039216 1 0.2901961 0.1882353 0.2862745 0.5137255 0.3254902 1 0.07058823 0.2980392 0 0.2901961 0.1882353 0.2862745 0.5725491 0.172549 1 0.5137255 0.3254902 1 0.2901961 0.1882353 0.2862745 0.07058823 0.2980392 0 0.5725491 0.2039216 1 0.2901961 0.1882353 0.2862745 0.5137255 0.3254902 1 0.07058823 0.2980392 0 0.2901961 0.1882353 0.2862745 0.5725491 0.172549 1 0.5137255 0.3254902 1 0.2901961 0.1882353 0.2862745 0.07058823 0.2980392 0 0.5725491 0.2039216 1 0.2901961 0.1882353 0.2862745 0.5137255 0.3254902 1 0.07058823 0.2980392 0 0.2901961 0.1882353 0.2862745 0.5725491 0.172549 1 0.5137255 0.3254902 1 0.2901961 0.1882353 0.2862745 0.07058823 0.2980392 0 0.5725491 0.2039216 1 0.2901961 0.1882353 0.2862745 0.5137255 0.3254902 1 0.07058823 0.2980392 0 0.2901961 0.1882353 0.2862745 0.5725491 0.172549 1 0.5137255 0.3254902 1 0.2901961 0.1882353 0.2862745 0.07058823 0.2980392 0 0.5725491 0.2039216 1 0.2901961 0.1882353 0.2862745 0.5137255 0.3254902 1 0.07058823 0.2980392 0 0.2901961 0.1882353 0.2862745 0.5725491 0.172549 1 0.5137255 0.3254902 1 0.2901961 0.1882353 0.2862745 0.07058823 0.2980392 0 0.5725491 0.2039216 1 0.2901961 0.1882353 0.2862745 0.5137255 0.3254902 1 0.07058823 0.2980392 0 0.2901961 0.1882353 0.2862745 0.5725491 0.172549 1 0.5137255 0.3254902 1 0.2901961 0.1882353 0.2862745 0.07058823 0.2980392 0 0.5725491 0.2039216 1 0.2901961 0.1882353 0.2862745 0.5137255 0.3254902 1 0.07058823 0.2980392 0 0.2901961 0.1882353 0.2862745 0.5725491 0.172549 1 0.5137255 0.3254902 1 0.2901961 0.1882353 0.2862745 0.07058823 0.2980392 0 0.5725491 0.2039216 1 0.2901961 0.1882353 0.2862745 0.5137255 0.3254902 1 0.07058823 0.2980392 0 0.2901961 0.1882353 0.2862745 0.5725491 0.172549 1 0.5137255 0.3254902 1 0.2901961 0.1882353 0.2862745 0.003921568 0.2039216 0 0.2156863 0.4313725 0.7647059 0.3843137 0.4470588 0.01568627 0.172549 0.2235294 0.7647059 0.682353 0.3568627 1 0.7176471 0.5254902 1 0.003921568 0.2039216 0 0.172549 0.2235294 0.7647059 0 0.07058823 0.2666667 0.682353 0.3568627 1 0.7607843 0.5764706 1 0.7176471 0.5254902 1 0.2156863 0.4313725 0.7647059 0.682353 0.3568627 1 0.3843137 0.4470588 0.01568627 0 0.06666666 0 0 0.06666666 0 0 0.145098 0 0 0.0117647 0 0 0.03529411 0 0 0.145098 0 0 0.4 0 0 0.2313725 0 0 0.145098 0 0 0.227451 0 0 0.4 0 0 0.145098 0 0 0.2313725 0 0 0.0117647 0 0 0.145098 0 0 0.03529411 0 0 0.06666666 0 0 0.145098 0 0 0.06666666 0 0 0.227451 0 0 0.145098 0 0 0.2941176 0 0 0.03529411 0 0 0.3607843 0 0 0.3607843 0 0 0.3647059 0 0 0.2941176 0 0 0.2941176 0 0 0.3647059 0 0 0.2078431 0 0 0.03529411 0 0 0.2941176 0 0 0.2078431 0 0 0.1058824 0 0 0 0 0 0.07843136 0 0 0.1647059 0 0 0.1058824 0 0 0.07843136 0 0 0 0 0 0.1647059 0 0 0.07843136 0 0 0.06666666 0 0 0.06666666 0 0 0.145098 0 0 0.0117647 0 0 0.03529411 0 0 0.145098 0 0 0.4 0 0 0.2313725 0 0 0.145098 0 0 0.227451 0 0 0.4 0 0 0.145098 0 0 0.2313725 0 0 0.0117647 0 0 0.145098 0 0 0.03529411 0 0 0.06666666 0 0 0.145098 0 0 0.06666666 0 0 0.227451 0 0 0.145098 0 0 0.06666666 0 0 0.06666666 0 0 0.145098 0 0 0.0117647 0 0 0.03529411 0 0 0.145098 0 0 0.4 0 0 0.2313725 0 0 0.145098 0 0 0.227451 0 0 0.4 0 0 0.145098 0 0 0.2313725 0 0 0.0117647 0 0 0.145098 0 0 0.03529411 0 0 0.06666666 0 0 0.145098 0 0 0.06666666 0 0 0.227451 0 0 0.145098 0 0 0.2941176 0 0 0.03529411 0 0 0.3607843 0 0 0.3607843 0 0 0.3647059 0 0 0.2941176 0 0 0.2941176 0 0 0.3647059 0 0 0.2078431 0 0 0.03529411 0 0 0.2941176 0 0 0.2078431 0 0 0.1058824 0 0 0 0 0 0.07843136 0 0 0.1647059 0 0 0.1058824 0 0 0.07843136 0 0 0 0 0 0.1647059 0 0 0.07843136 0 0 0.06666666 0 0 0.06666666 0 0 0.145098 0 0 0.0117647 0 0 0.03529411 0 0 0.145098 0 0 0.4 0 0 0.2313725 0 0 0.145098 0 0 0.227451 0 0 0.4 0 0 0.145098 0 0 0.2313725 0 0 0.0117647 0 0 0.145098 0 0 0.03529411 0 0 0.06666666 0 0 0.145098 0 0 0.06666666 0 0 0.227451 0 0 0.145098 0 0 0.06666666 0 0 0.06666666 0 0 0.145098 0 0 0.0117647 0 0 0.03529411 0 0 0.145098 0 0 0.4 0 0 0.2313725 0 0 0.145098 0 0 0.227451 0 0 0.4 0 0 0.145098 0 0 0.2313725 0 0 0.0117647 0 0 0.145098 0 0 0.03529411 0 0 0.06666666 0 0 0.145098 0 0 0.06666666 0 0 0.227451 0 0 0.145098 0 0.4509804 0.1372549 0.7529412 0 0.1882353 0.6078432 0.2627451 0.345098 0.5411765 0.2627451 0.345098 0.5411765 0 0.3137255 0 0 0.1607843 0.6196079 0.9372549 0.9254902 1 0.4509804 0.1372549 0.7529412 0.2627451 0.345098 0.5411765 0 0.1882353 0.6078432 0 0.3137255 0 0.2627451 0.345098 0.5411765 0.9372549 0.9254902 1 0.2627451 0.345098 0.5411765 0 0.1607843 0.6196079 0.4509804 0.1372549 0.7529412 0 0.1882353 0.6078432 0.2627451 0.345098 0.5411765 0.2627451 0.345098 0.5411765 0 0.3137255 0 0 0.1607843 0.6196079 0.9372549 0.9254902 1 0.4509804 0.1372549 0.7529412 0.2627451 0.345098 0.5411765 0 0.1882353 0.6078432 0 0.3137255 0 0.2627451 0.345098 0.5411765 0.9372549 0.9254902 1 0.2627451 0.345098 0.5411765 0 0.1607843 0.6196079 0.4509804 0.1372549 0.7529412 0 0.1882353 0.6078432 0.2627451 0.345098 0.5411765 0.2627451 0.345098 0.5411765 0 0.3137255 0 0 0.1607843 0.6196079 0.9372549 0.9254902 1 0.4509804 0.1372549 0.7529412 0.2627451 0.345098 0.5411765 0 0.1882353 0.6078432 0 0.3137255 0 0.2627451 0.345098 0.5411765 0.9372549 0.9254902 1 0.2627451 0.345098 0.5411765 0 0.1607843 0.6196079 0.4509804 0.1372549 0.7529412 0 0.1882353 0.6078432 0.2627451 0.345098 0.5411765 0.2627451 0.345098 0.5411765 0 0.3137255 0 0 0.1607843 0.6196079 0.9372549 0.9254902 1 0.4509804 0.1372549 0.7529412 0.2627451 0.345098 0.5411765 0 0.1882353 0.6078432 0 0.3137255 0 0.2627451 0.345098 0.5411765 0.9372549 0.9254902 1 0.2627451 0.345098 0.5411765 0 0.1607843 0.6196079 0.4509804 0.1372549 0.7529412 0 0.1882353 0.6078432 0.2627451 0.345098 0.5411765 0.2627451 0.345098 0.5411765 0 0.3137255 0 0 0.1607843 0.6196079 0.9372549 0.9254902 1 0.4509804 0.1372549 0.7529412 0.2627451 0.345098 0.5411765 0 0.1882353 0.6078432 0 0.3137255 0 0.2627451 0.345098 0.5411765 0.9372549 0.9254902 1 0.2627451 0.345098 0.5411765 0 0.1607843 0.6196079 0.4509804 0.1372549 0.7529412 0 0.1882353 0.6078432 0.2627451 0.345098 0.5411765 0.2627451 0.345098 0.5411765 0 0.3137255 0 0 0.1607843 0.6196079 0.9372549 0.9254902 1 0.4509804 0.1372549 0.7529412 0.2627451 0.345098 0.5411765 0 0.1882353 0.6078432 0 0.3137255 0 0.2627451 0.345098 0.5411765 0.9372549 0.9254902 1 0.2627451 0.345098 0.5411765 0 0.1607843 0.6196079 0.4509804 0.1372549 0.7529412 0 0.1882353 0.6078432 0.2627451 0.345098 0.5411765 0.2627451 0.345098 0.5411765 0 0.3137255 0 0 0.1607843 0.6196079 0.9372549 0.9254902 1 0.4509804 0.1372549 0.7529412 0.2627451 0.345098 0.5411765 0 0.1882353 0.6078432 0 0.3137255 0 0.2627451 0.345098 0.5411765 0.9372549 0.9254902 1 0.2627451 0.345098 0.5411765 0 0.1607843 0.6196079 0.4509804 0.1372549 0.7529412 0 0.1882353 0.6078432 0.2627451 0.345098 0.5411765 0.2627451 0.345098 0.5411765 0 0.3137255 0 0 0.1607843 0.6196079 0.9372549 0.9254902 1 0.4509804 0.1372549 0.7529412 0.2627451 0.345098 0.5411765 0 0.1882353 0.6078432 0 0.3137255 0 0.2627451 0.345098 0.5411765 0.9372549 0.9254902 1 0.2627451 0.345098 0.5411765 0 0.1607843 0.6196079 0.4509804 0.1372549 0.7529412 0 0.1882353 0.6078432 0.2627451 0.345098 0.5411765 0.2627451 0.345098 0.5411765 0 0.3137255 0 0 0.1607843 0.6196079 0.9372549 0.9254902 1 0.4509804 0.1372549 0.7529412 0.2627451 0.345098 0.5411765 0 0.1882353 0.6078432 0 0.3137255 0 0.2627451 0.345098 0.5411765 0.9372549 0.9254902 1 0.2627451 0.345098 0.5411765 0 0.1607843 0.6196079 0.4509804 0.1372549 0.7529412 0 0.1882353 0.6078432 0.2627451 0.345098 0.5411765 0.2627451 0.345098 0.5411765 0 0.3137255 0 0 0.1607843 0.6196079 0.9372549 0.9254902 1 0.4509804 0.1372549 0.7529412 0.2627451 0.345098 0.5411765 0 0.1882353 0.6078432 0 0.3137255 0 0.2627451 0.345098 0.5411765 0.9372549 0.9254902 1 0.2627451 0.345098 0.5411765 0 0.1607843 0.6196079 0.4509804 0.1372549 0.7529412 0 0.1882353 0.6078432 0.2627451 0.345098 0.5411765 0.2627451 0.345098 0.5411765 0 0.3137255 0 0 0.1607843 0.6196079 0.9372549 0.9254902 1 0.4509804 0.1372549 0.7529412 0.2627451 0.345098 0.5411765 0 0.1882353 0.6078432 0 0.3137255 0 0.2627451 0.345098 0.5411765 0.9372549 0.9254902 1 0.2627451 0.345098 0.5411765 0 0.1607843 0.6196079 0.4509804 0.1372549 0.7529412 0 0.1882353 0.6078432 0.2627451 0.345098 0.5411765 0.2627451 0.345098 0.5411765 0 0.3137255 0 0 0.1607843 0.6196079 0.9372549 0.9254902 1 0.4509804 0.1372549 0.7529412 0.2627451 0.345098 0.5411765 0 0.1882353 0.6078432 0 0.3137255 0 0.2627451 0.345098 0.5411765 0.9372549 0.9254902 1 0.2627451 0.345098 0.5411765 0 0.1607843 0.6196079 0.4509804 0.1372549 0.7529412 0 0.1882353 0.6078432 0.2627451 0.345098 0.5411765 0.2627451 0.345098 0.5411765 0 0.3137255 0 0 0.1607843 0.6196079 0.9372549 0.9254902 1 0.4509804 0.1372549 0.7529412 0.2627451 0.345098 0.5411765 0 0.1882353 0.6078432 0 0.3137255 0 0.2627451 0.345098 0.5411765 0.9372549 0.9254902 1 0.2627451 0.345098 0.5411765 0 0.1607843 0.6196079 0.4509804 0.1372549 0.7529412 0 0.1882353 0.6078432 0.2627451 0.345098 0.5411765 0.2627451 0.345098 0.5411765 0 0.3137255 0 0 0.1607843 0.6196079 0.9372549 0.9254902 1 0.4509804 0.1372549 0.7529412 0.2627451 0.345098 0.5411765 0 0.1882353 0.6078432 0 0.3137255 0 0.2627451 0.345098 0.5411765 0.9372549 0.9254902 1 0.2627451 0.345098 0.5411765 0 0.1607843 0.6196079 0.4509804 0.1372549 0.7529412 0 0.1882353 0.6078432 0.2627451 0.345098 0.5411765 0.2627451 0.345098 0.5411765 0 0.3137255 0 0 0.1607843 0.6196079 0.9372549 0.9254902 1 0.4509804 0.1372549 0.7529412 0.2627451 0.345098 0.5411765 0 0.1882353 0.6078432 0 0.3137255 0 0.2627451 0.345098 0.5411765 0.9372549 0.9254902 1 0.2627451 0.345098 0.5411765 0 0.1607843 0.6196079 0.4509804 0.1372549 0.7529412 0 0.1882353 0.6078432 0.2627451 0.345098 0.5411765 0.2627451 0.345098 0.5411765 0 0.3137255 0 0 0.1607843 0.6196079 0.9372549 0.9254902 1 0.4509804 0.1372549 0.7529412 0.2627451 0.345098 0.5411765 0 0.1882353 0.6078432 0 0.3137255 0 0.2627451 0.345098 0.5411765 0.9372549 0.9254902 1 0.2627451 0.345098 0.5411765 0 0.1607843 0.6196079 0.4509804 0.1372549 0.7529412 0 0.1882353 0.6078432 0.2627451 0.345098 0.5411765 0.2627451 0.345098 0.5411765 0 0.3137255 0 0 0.1607843 0.6196079 0.9372549 0.9254902 1 0.4509804 0.1372549 0.7529412 0.2627451 0.345098 0.5411765 0 0.1882353 0.6078432 0 0.3137255 0 0.2627451 0.345098 0.5411765 0.9372549 0.9254902 1 0.2627451 0.345098 0.5411765 0 0.1607843 0.6196079 0.4509804 0.1372549 0.7529412 0 0.1882353 0.6078432 0.2627451 0.345098 0.5411765 0.2627451 0.345098 0.5411765 0 0.3137255 0 0 0.1607843 0.6196079 0.9372549 0.9254902 1 0.4509804 0.1372549 0.7529412 0.2627451 0.345098 0.5411765 0 0.1882353 0.6078432 0 0.3137255 0 0.2627451 0.345098 0.5411765 0.9372549 0.9254902 1 0.2627451 0.345098 0.5411765 0 0.1607843 0.6196079 0.4509804 0.1372549 0.7529412 0 0.1882353 0.6078432 0.2627451 0.345098 0.5411765 0.2627451 0.345098 0.5411765 0 0.3137255 0 0 0.1607843 0.6196079 0.9372549 0.9254902 1 0.4509804 0.1372549 0.7529412 0.2627451 0.345098 0.5411765 0 0.1882353 0.6078432 0 0.3137255 0 0.2627451 0.345098 0.5411765 0.9372549 0.9254902 1 0.2627451 0.345098 0.5411765 0 0.1607843 0.6196079 0.4509804 0.1372549 0.7529412 0 0.1882353 0.6078432 0.2627451 0.345098 0.5411765 0.2627451 0.345098 0.5411765 0 0.3137255 0 0 0.1607843 0.6196079 0.9372549 0.9254902 1 0.4509804 0.1372549 0.7529412 0.2627451 0.345098 0.5411765 0 0.1882353 0.6078432 0 0.3137255 0 0.2627451 0.345098 0.5411765 0.9372549 0.9254902 1 0.2627451 0.345098 0.5411765 0 0.1607843 0.6196079 0.4509804 0.1372549 0.7529412 0 0.1882353 0.6078432 0.2627451 0.345098 0.5411765 0.2627451 0.345098 0.5411765 0 0.3137255 0 0 0.1607843 0.6196079 0.9372549 0.9254902 1 0.4509804 0.1372549 0.7529412 0.2627451 0.345098 0.5411765 0 0.1882353 0.6078432 0 0.3137255 0 0.2627451 0.345098 0.5411765 0.9372549 0.9254902 1 0.2627451 0.345098 0.5411765 0 0.1607843 0.6196079 0.4509804 0.1372549 0.7529412 0 0.1882353 0.6078432 0.2627451 0.345098 0.5411765 0.2627451 0.345098 0.5411765 0 0.3137255 0 0 0.1607843 0.6196079 0.9372549 0.9254902 1 0.4509804 0.1372549 0.7529412 0.2627451 0.345098 0.5411765 0 0.1882353 0.6078432 0 0.3137255 0 0.2627451 0.345098 0.5411765 0.9372549 0.9254902 1 0.2627451 0.345098 0.5411765 0 0.1607843 0.6196079 0.4509804 0.1372549 0.7529412 0 0.1882353 0.6078432 0.2627451 0.345098 0.5411765 0.2627451 0.345098 0.5411765 0 0.3137255 0 0 0.1607843 0.6196079 0.9372549 0.9254902 1 0.4509804 0.1372549 0.7529412 0.2627451 0.345098 0.5411765 0 0.1882353 0.6078432 0 0.3137255 0 0.2627451 0.345098 0.5411765 0.9372549 0.9254902 1 0.2627451 0.345098 0.5411765 0 0.1607843 0.6196079 0.4509804 0.1372549 0.7529412 0 0.1882353 0.6078432 0.2627451 0.345098 0.5411765 0.2627451 0.345098 0.5411765 0 0.3137255 0 0 0.1607843 0.6196079 0.9372549 0.9254902 1 0.4509804 0.1372549 0.7529412 0.2627451 0.345098 0.5411765 0 0.1882353 0.6078432 0 0.3137255 0 0.2627451 0.345098 0.5411765 0.9372549 0.9254902 1 0.2627451 0.345098 0.5411765 0 0.1607843 0.6196079 0.4509804 0.1372549 0.7529412 0 0.1882353 0.6078432 0.2627451 0.345098 0.5411765 0.2627451 0.345098 0.5411765 0 0.3137255 0 0 0.1607843 0.6196079 0.9372549 0.9254902 1 0.4509804 0.1372549 0.7529412 0.2627451 0.345098 0.5411765 0 0.1882353 0.6078432 0 0.3137255 0 0.2627451 0.345098 0.5411765 0.9372549 0.9254902 1 0.2627451 0.345098 0.5411765 0 0.1607843 0.6196079 0.4509804 0.1372549 0.7529412 0 0.1882353 0.6078432 0.2627451 0.345098 0.5411765 0.2627451 0.345098 0.5411765 0 0.3137255 0 0 0.1607843 0.6196079 0.9372549 0.9254902 1 0.4509804 0.1372549 0.7529412 0.2627451 0.345098 0.5411765 0 0.1882353 0.6078432 0 0.3137255 0 0.2627451 0.345098 0.5411765 0.9372549 0.9254902 1 0.2627451 0.345098 0.5411765 0 0.1607843 0.6196079 0.4509804 0.1372549 0.7529412 0 0.1882353 0.6078432 0.2627451 0.345098 0.5411765 0.2627451 0.345098 0.5411765 0 0.3137255 0 0 0.1607843 0.6196079 0.9372549 0.9254902 1 0.4509804 0.1372549 0.7529412 0.2627451 0.345098 0.5411765 0 0.1882353 0.6078432 0 0.3137255 0 0.2627451 0.345098 0.5411765 0.9372549 0.9254902 1 0.2627451 0.345098 0.5411765 0 0.1607843 0.6196079 0.4509804 0.1372549 0.7529412 0 0.1882353 0.6078432 0.2627451 0.345098 0.5411765 0.2627451 0.345098 0.5411765 0 0.3137255 0 0 0.1607843 0.6196079 0.9372549 0.9254902 1 0.4509804 0.1372549 0.7529412 0.2627451 0.345098 0.5411765 0 0.1882353 0.6078432 0 0.3137255 0 0.2627451 0.345098 0.5411765 0.9372549 0.9254902 1 0.2627451 0.345098 0.5411765 0 0.1607843 0.6196079 0.4509804 0.1372549 0.7529412 0 0.1882353 0.6078432 0.2627451 0.345098 0.5411765 0.2627451 0.345098 0.5411765 0 0.3137255 0 0 0.1607843 0.6196079 0.9372549 0.9254902 1 0.4509804 0.1372549 0.7529412 0.2627451 0.345098 0.5411765 0 0.1882353 0.6078432 0 0.3137255 0 0.2627451 0.345098 0.5411765 0.9372549 0.9254902 1 0.2627451 0.345098 0.5411765 0 0.1607843 0.6196079 0.4509804 0.1372549 0.7529412 0 0.1882353 0.6078432 0.2627451 0.345098 0.5411765 0.2627451 0.345098 0.5411765 0 0.3137255 0 0 0.1607843 0.6196079 0.9372549 0.9254902 1 0.4509804 0.1372549 0.7529412 0.2627451 0.345098 0.5411765 0 0.1882353 0.6078432 0 0.3137255 0 0.2627451 0.345098 0.5411765 0.9372549 0.9254902 1 0.2627451 0.345098 0.5411765 0 0.1607843 0.6196079 0.4509804 0.1372549 0.7529412 0 0.1882353 0.6078432 0.2627451 0.345098 0.5411765 0.2627451 0.345098 0.5411765 0 0.3137255 0 0 0.1607843 0.6196079 0.9372549 0.9254902 1 0.4509804 0.1372549 0.7529412 0.2627451 0.345098 0.5411765 0 0.1882353 0.6078432 0 0.3137255 0 0.2627451 0.345098 0.5411765 0.9372549 0.9254902 1 0.2627451 0.345098 0.5411765 0 0.1607843 0.6196079 0.4509804 0.1372549 0.7529412 0 0.1882353 0.6078432 0.2627451 0.345098 0.5411765 0.2627451 0.345098 0.5411765 0 0.3137255 0 0 0.1607843 0.6196079 0.9372549 0.9254902 1 0.4509804 0.1372549 0.7529412 0.2627451 0.345098 0.5411765 0 0.1882353 0.6078432 0 0.3137255 0 0.2627451 0.345098 0.5411765 0.9372549 0.9254902 1 0.2627451 0.345098 0.5411765 0 0.1607843 0.6196079 0.4509804 0.1372549 0.7529412 0 0.1882353 0.6078432 0.2627451 0.345098 0.5411765 0.2627451 0.345098 0.5411765 0 0.3137255 0 0 0.1607843 0.6196079 0.9372549 0.9254902 1 0.4509804 0.1372549 0.7529412 0.2627451 0.345098 0.5411765 0 0.1882353 0.6078432 0 0.3137255 0 0.2627451 0.345098 0.5411765 0.9372549 0.9254902 1 0.2627451 0.345098 0.5411765 0 0.1607843 0.6196079 0.4509804 0.1372549 0.7529412 0 0.1882353 0.6078432 0.2627451 0.345098 0.5411765 0.2627451 0.345098 0.5411765 0 0.3137255 0 0 0.1607843 0.6196079 0.9372549 0.9254902 1 0.4509804 0.1372549 0.7529412 0.2627451 0.345098 0.5411765 0 0.1882353 0.6078432 0 0.3137255 0 0.2627451 0.345098 0.5411765 0.9372549 0.9254902 1 0.2627451 0.345098 0.5411765 0 0.1607843 0.6196079 0.4509804 0.1372549 0.7529412 0 0.1882353 0.6078432 0.2627451 0.345098 0.5411765 0.2627451 0.345098 0.5411765 0 0.3137255 0 0 0.1607843 0.6196079 0.9372549 0.9254902 1 0.4509804 0.1372549 0.7529412 0.2627451 0.345098 0.5411765 0 0.1882353 0.6078432 0 0.3137255 0 0.2627451 0.345098 0.5411765 0.9372549 0.9254902 1 0.2627451 0.345098 0.5411765 0 0.1607843 0.6196079 0.2784314 0.3333333 0.5764706 0.2823529 0.2705882 0.7803922 0.3843137 0.3058823 0.9803922 0.1490196 0.1921569 0.6117647 0.2862745 0.4196078 0.3882353 0.3843137 0.3058823 0.9803922 0.2823529 0.2705882 0.7803922 0.1490196 0.1921569 0.6117647 0.3843137 0.3058823 0.9803922 0.2862745 0.4196078 0.3882353 0.2784314 0.3333333 0.5764706 0.3843137 0.3058823 0.9803922 0.2784314 0.3333333 0.5764706 0.2823529 0.2705882 0.7803922 0.3843137 0.3058823 0.9803922 0.1490196 0.1921569 0.6117647 0.2862745 0.4196078 0.3882353 0.3843137 0.3058823 0.9803922 0.2823529 0.2705882 0.7803922 0.1490196 0.1921569 0.6117647 0.3843137 0.3058823 0.9803922 0.2862745 0.4196078 0.3882353 0.2784314 0.3333333 0.5764706 0.3843137 0.3058823 0.9803922 0.2784314 0.3333333 0.5764706 0.2823529 0.2705882 0.7803922 0.3843137 0.3058823 0.9803922 0.1490196 0.1921569 0.6117647 0.2862745 0.4196078 0.3882353 0.3843137 0.3058823 0.9803922 0.2823529 0.2705882 0.7803922 0.1490196 0.1921569 0.6117647 0.3843137 0.3058823 0.9803922 0.2862745 0.4196078 0.3882353 0.2784314 0.3333333 0.5764706 0.3843137 0.3058823 0.9803922 0.2784314 0.3333333 0.5764706 0.2823529 0.2705882 0.7803922 0.3843137 0.3058823 0.9803922 0.1490196 0.1921569 0.6117647 0.2862745 0.4196078 0.3882353 0.3843137 0.3058823 0.9803922 0.2823529 0.2705882 0.7803922 0.1490196 0.1921569 0.6117647 0.3843137 0.3058823 0.9803922 0.2862745 0.4196078 0.3882353 0.2784314 0.3333333 0.5764706 0.3843137 0.3058823 0.9803922 0.2784314 0.3333333 0.5764706 0.2823529 0.2705882 0.7803922 0.3843137 0.3058823 0.9803922 0.1490196 0.1921569 0.6117647 0.2862745 0.4196078 0.3882353 0.3843137 0.3058823 0.9803922 0.2823529 0.2705882 0.7803922 0.1490196 0.1921569 0.6117647 0.3843137 0.3058823 0.9803922 0.2862745 0.4196078 0.3882353 0.2784314 0.3333333 0.5764706 0.3843137 0.3058823 0.9803922 0.2784314 0.3333333 0.5764706 0.2823529 0.2705882 0.7803922 0.3843137 0.3058823 0.9803922 0.1490196 0.1921569 0.6117647 0.2862745 0.4196078 0.3882353 0.3843137 0.3058823 0.9803922 0.2823529 0.2705882 0.7803922 0.1490196 0.1921569 0.6117647 0.3843137 0.3058823 0.9803922 0.2862745 0.4196078 0.3882353 0.2784314 0.3333333 0.5764706 0.3843137 0.3058823 0.9803922 0.1490196 0.1921569 0.6117647 0.2862745 0.4196078 0.3882353 0.3843137 0.3058823 0.9803922 0.2784314 0.3333333 0.5764706 0.2823529 0.2705882 0.7803922 0.3843137 0.3058823 0.9803922 0.2823529 0.2705882 0.7803922 0.1490196 0.1921569 0.6117647 0.3843137 0.3058823 0.9803922 0.2862745 0.4196078 0.3882353 0.2784314 0.3333333 0.5764706 0.3843137 0.3058823 0.9803922 0.1490196 0.1921569 0.6117647 0.2862745 0.4196078 0.3882353 0.3843137 0.3058823 0.9803922 0.2784314 0.3333333 0.5764706 0.2823529 0.2705882 0.7803922 0.3843137 0.3058823 0.9803922 0.2823529 0.2705882 0.7803922 0.1490196 0.1921569 0.6117647 0.3843137 0.3058823 0.9803922 0.2862745 0.4196078 0.3882353 0.2784314 0.3333333 0.5764706 0.3843137 0.3058823 0.9803922 0.1490196 0.1921569 0.6117647 0.2862745 0.4196078 0.3882353 0.3843137 0.3058823 0.9803922 0.2784314 0.3333333 0.5764706 0.2823529 0.2705882 0.7803922 0.3843137 0.3058823 0.9803922 0.2823529 0.2705882 0.7803922 0.1490196 0.1921569 0.6117647 0.3843137 0.3058823 0.9803922 0.2862745 0.4196078 0.3882353 0.2784314 0.3333333 0.5764706 0.3843137 0.3058823 0.9803922 0.1490196 0.1921569 0.6117647 0.2862745 0.4196078 0.3882353 0.3843137 0.3058823 0.9803922 0.2784314 0.3333333 0.5764706 0.2823529 0.2705882 0.7803922 0.3843137 0.3058823 0.9803922 0.2823529 0.2705882 0.7803922 0.1490196 0.1921569 0.6117647 0.3843137 0.3058823 0.9803922 0.2862745 0.4196078 0.3882353 0.2784314 0.3333333 0.5764706 0.3843137 0.3058823 0.9803922 0.1490196 0.1921569 0.6117647 0.2862745 0.4196078 0.3882353 0.3843137 0.3058823 0.9803922 0.2784314 0.3333333 0.5764706 0.2823529 0.2705882 0.7803922 0.3843137 0.3058823 0.9803922 0.2823529 0.2705882 0.7803922 0.1490196 0.1921569 0.6117647 0.3843137 0.3058823 0.9803922 0.2862745 0.4196078 0.3882353 0.2784314 0.3333333 0.5764706 0.3843137 0.3058823 0.9803922 0.1490196 0.1921569 0.6117647 0.2862745 0.4196078 0.3882353 0.3843137 0.3058823 0.9803922 0.2784314 0.3333333 0.5764706 0.2823529 0.2705882 0.7803922 0.3843137 0.3058823 0.9803922 0.2823529 0.2705882 0.7803922 0.1490196 0.1921569 0.6117647 0.3843137 0.3058823 0.9803922 0.2862745 0.4196078 0.3882353 0.2784314 0.3333333 0.5764706 0.3843137 0.3058823 0.9803922 0.1490196 0.1921569 0.6117647 0.2862745 0.4196078 0.3882353 0.3843137 0.3058823 0.9803922 0.2784314 0.3333333 0.5764706 0.2823529 0.2705882 0.7803922 0.3843137 0.3058823 0.9803922 0.2823529 0.2705882 0.7803922 0.1490196 0.1921569 0.6117647 0.3843137 0.3058823 0.9803922 0.2862745 0.4196078 0.3882353 0.2784314 0.3333333 0.5764706 0.3843137 0.3058823 0.9803922 0.1490196 0.1921569 0.6117647 0.2862745 0.4196078 0.3882353 0.3843137 0.3058823 0.9803922 0.2784314 0.3333333 0.5764706 0.2823529 0.2705882 0.7803922 0.3843137 0.3058823 0.9803922 0.2823529 0.2705882 0.7803922 0.1490196 0.1921569 0.6117647 0.3843137 0.3058823 0.9803922 0.2862745 0.4196078 0.3882353 0.2784314 0.3333333 0.5764706 0.3843137 0.3058823 0.9803922 0.1490196 0.1921569 0.6117647 0.2862745 0.4196078 0.3882353 0.3843137 0.3058823 0.9803922 0.2784314 0.3333333 0.5764706 0.2823529 0.2705882 0.7803922 0.3843137 0.3058823 0.9803922 0.2823529 0.2705882 0.7803922 0.1490196 0.1921569 0.6117647 0.3843137 0.3058823 0.9803922 0.2862745 0.4196078 0.3882353 0.2784314 0.3333333 0.5764706 0.3843137 0.3058823 0.9803922 0.1490196 0.1921569 0.6117647 0.2862745 0.4196078 0.3882353 0.3843137 0.3058823 0.9803922 0.2784314 0.3333333 0.5764706 0.2823529 0.2705882 0.7803922 0.3843137 0.3058823 0.9803922 0.2823529 0.2705882 0.7803922 0.1490196 0.1921569 0.6117647 0.3843137 0.3058823 0.9803922 0.2862745 0.4196078 0.3882353 0.2784314 0.3333333 0.5764706 0.3843137 0.3058823 0.9803922 0.1490196 0.1921569 0.6117647 0.2862745 0.4196078 0.3882353 0.3843137 0.3058823 0.9803922 0.2784314 0.3333333 0.5764706 0.2823529 0.2705882 0.7803922 0.3843137 0.3058823 0.9803922 0.2823529 0.2705882 0.7803922 0.1490196 0.1921569 0.6117647 0.3843137 0.3058823 0.9803922 0.2862745 0.4196078 0.3882353 0.2784314 0.3333333 0.5764706 0.3843137 0.3058823 0.9803922 0.1490196 0.1921569 0.6117647 0.2862745 0.4196078 0.3882353 0.3843137 0.3058823 0.9803922 0.2784314 0.3333333 0.5764706 0.2823529 0.2705882 0.7803922 0.3843137 0.3058823 0.9803922 0.2823529 0.2705882 0.7803922 0.1490196 0.1921569 0.6117647 0.3843137 0.3058823 0.9803922 0.2862745 0.4196078 0.3882353 0.2784314 0.3333333 0.5764706 0.3843137 0.3058823 0.9803922 0.1490196 0.1921569 0.6117647 0.2862745 0.4196078 0.3882353 0.3843137 0.3058823 0.9803922 0.2784314 0.3333333 0.5764706 0.2823529 0.2705882 0.7803922 0.3843137 0.3058823 0.9803922 0.2823529 0.2705882 0.7803922 0.1490196 0.1921569 0.6117647 0.3843137 0.3058823 0.9803922 0.2862745 0.4196078 0.3882353 0.2784314 0.3333333 0.5764706 0.3843137 0.3058823 0.9803922 0.1490196 0.1921569 0.6117647 0.2862745 0.4196078 0.3882353 0.3843137 0.3058823 0.9803922 0.2784314 0.3333333 0.5764706 0.2823529 0.2705882 0.7803922 0.3843137 0.3058823 0.9803922 0.2823529 0.2705882 0.7803922 0.1490196 0.1921569 0.6117647 0.3843137 0.3058823 0.9803922 0.2862745 0.4196078 0.3882353 0.2784314 0.3333333 0.5764706 0.3843137 0.3058823 0.9803922 0.1490196 0.1921569 0.6117647 0.2862745 0.4196078 0.3882353 0.3843137 0.3058823 0.9803922 0.2784314 0.3333333 0.5764706 0.2823529 0.2705882 0.7803922 0.3843137 0.3058823 0.9803922 0.2823529 0.2705882 0.7803922 0.1490196 0.1921569 0.6117647 0.3843137 0.3058823 0.9803922 0.2862745 0.4196078 0.3882353 0.2784314 0.3333333 0.5764706 0.3843137 0.3058823 0.9803922 0.1490196 0.1921569 0.6117647 0.2862745 0.4196078 0.3882353 0.3843137 0.3058823 0.9803922 0.2784314 0.3333333 0.5764706 0.2823529 0.2705882 0.7803922 0.3843137 0.3058823 0.9803922 0.2823529 0.2705882 0.7803922 0.1490196 0.1921569 0.6117647 0.3843137 0.3058823 0.9803922 0.2862745 0.4196078 0.3882353 0.2784314 0.3333333 0.5764706 0.3843137 0.3058823 0.9803922 0.1490196 0.1921569 0.6117647 0.2862745 0.4196078 0.3882353 0.3843137 0.3058823 0.9803922 0.2784314 0.3333333 0.5764706 0.2823529 0.2705882 0.7803922 0.3843137 0.3058823 0.9803922 0.2823529 0.2705882 0.7803922 0.1490196 0.1921569 0.6117647 0.3843137 0.3058823 0.9803922 0.2862745 0.4196078 0.3882353 0.2784314 0.3333333 0.5764706 0.3843137 0.3058823 0.9803922 0.1490196 0.1921569 0.6117647 0.2862745 0.4196078 0.3882353 0.3843137 0.3058823 0.9803922 0.2784314 0.3333333 0.5764706 0.2823529 0.2705882 0.7803922 0.3843137 0.3058823 0.9803922 0.2823529 0.2705882 0.7803922 0.1490196 0.1921569 0.6117647 0.3843137 0.3058823 0.9803922 0.2862745 0.4196078 0.3882353 0.2784314 0.3333333 0.5764706 0.3843137 0.3058823 0.9803922 0.1490196 0.1921569 0.6117647 0.2862745 0.4196078 0.3882353 0.3843137 0.3058823 0.9803922 0.2784314 0.3333333 0.5764706 0.2823529 0.2705882 0.7803922 0.3843137 0.3058823 0.9803922 0.2823529 0.2705882 0.7803922 0.1490196 0.1921569 0.6117647 0.3843137 0.3058823 0.9803922 0.2862745 0.4196078 0.3882353 0.2784314 0.3333333 0.5764706 0.3843137 0.3058823 0.9803922 0.1490196 0.1921569 0.6117647 0.2862745 0.4196078 0.3882353 0.3843137 0.3058823 0.9803922 0.2784314 0.3333333 0.5764706 0.2823529 0.2705882 0.7803922 0.3843137 0.3058823 0.9803922 0.2823529 0.2705882 0.7803922 0.1490196 0.1921569 0.6117647 0.3843137 0.3058823 0.9803922 0.2862745 0.4196078 0.3882353 0.2784314 0.3333333 0.5764706 0.3843137 0.3058823 0.9803922 0.1490196 0.1921569 0.6117647 0.2862745 0.4196078 0.3882353 0.3843137 0.3058823 0.9803922 0.2784314 0.3333333 0.5764706 0.2823529 0.2705882 0.7803922 0.3843137 0.3058823 0.9803922 0.2823529 0.2705882 0.7803922 0.1490196 0.1921569 0.6117647 0.3843137 0.3058823 0.9803922 0.2862745 0.4196078 0.3882353 0.2784314 0.3333333 0.5764706 0.3843137 0.3058823 0.9803922 0.1490196 0.1921569 0.6117647 0.2862745 0.4196078 0.3882353 0.3843137 0.3058823 0.9803922 0.2784314 0.3333333 0.5764706 0.2823529 0.2705882 0.7803922 0.3843137 0.3058823 0.9803922 0.2823529 0.2705882 0.7803922 0.1490196 0.1921569 0.6117647 0.3843137 0.3058823 0.9803922 0.2862745 0.4196078 0.3882353 0.2784314 0.3333333 0.5764706 0.3843137 0.3058823 0.9803922 0.1490196 0.1921569 0.6117647 0.2862745 0.4196078 0.3882353 0.3843137 0.3058823 0.9803922 0.2784314 0.3333333 0.5764706 0.2823529 0.2705882 0.7803922 0.3843137 0.3058823 0.9803922 0.2823529 0.2705882 0.7803922 0.1490196 0.1921569 0.6117647 0.3843137 0.3058823 0.9803922 0.2862745 0.4196078 0.3882353 0.2784314 0.3333333 0.5764706 0.3843137 0.3058823 0.9803922 0.1490196 0.1921569 0.6117647 0.2862745 0.4196078 0.3882353 0.3843137 0.3058823 0.9803922 0.2784314 0.3333333 0.5764706 0.2823529 0.2705882 0.7803922 0.3843137 0.3058823 0.9803922 0.2823529 0.2705882 0.7803922 0.1490196 0.1921569 0.6117647 0.3843137 0.3058823 0.9803922 0.2862745 0.4196078 0.3882353 0.2784314 0.3333333 0.5764706 0.3843137 0.3058823 0.9803922 0.1490196 0.1921569 0.6117647 0.2862745 0.4196078 0.3882353 0.3843137 0.3058823 0.9803922 0.2784314 0.3333333 0.5764706 0.2823529 0.2705882 0.7803922 0.3843137 0.3058823 0.9803922 0.2823529 0.2705882 0.7803922 0.1490196 0.1921569 0.6117647 0.3843137 0.3058823 0.9803922 0.2862745 0.4196078 0.3882353 0.2784314 0.3333333 0.5764706 0.3843137 0.3058823 0.9803922 0.1490196 0.1921569 0.6117647 0.2862745 0.4196078 0.3882353 0.3843137 0.3058823 0.9803922 0.2784314 0.3333333 0.5764706 0.2823529 0.2705882 0.7803922 0.3843137 0.3058823 0.9803922 0.2823529 0.2705882 0.7803922 0.1490196 0.1921569 0.6117647 0.3843137 0.3058823 0.9803922 0.2862745 0.4196078 0.3882353 0.2784314 0.3333333 0.5764706 0.3843137 0.3058823 0.9803922 0.1490196 0.1921569 0.6117647 0.2862745 0.4196078 0.3882353 0.3843137 0.3058823 0.9803922 0.2784314 0.3333333 0.5764706 0.2823529 0.2705882 0.7803922 0.3843137 0.3058823 0.9803922 0.2823529 0.2705882 0.7803922 0.1490196 0.1921569 0.6117647 0.3843137 0.3058823 0.9803922 0.2862745 0.4196078 0.3882353 0.2784314 0.3333333 0.5764706 0.3843137 0.3058823 0.9803922 0.1490196 0.1921569 0.6117647 0.2862745 0.4196078 0.3882353 0.3843137 0.3058823 0.9803922 0.2784314 0.3333333 0.5764706 0.2823529 0.2705882 0.7803922 0.3843137 0.3058823 0.9803922 0.2823529 0.2705882 0.7803922 0.1490196 0.1921569 0.6117647 0.3843137 0.3058823 0.9803922 0.2862745 0.4196078 0.3882353 0.2784314 0.3333333 0.5764706 0.3843137 0.3058823 0.9803922 0.1490196 0.1921569 0.6117647 0.2862745 0.4196078 0.3882353 0.3843137 0.3058823 0.9803922 0.2784314 0.3333333 0.5764706 0.2823529 0.2705882 0.7803922 0.3843137 0.3058823 0.9803922 0.2823529 0.2705882 0.7803922 0.1490196 0.1921569 0.6117647 0.3843137 0.3058823 0.9803922 0.2862745 0.4196078 0.3882353 0.2784314 0.3333333 0.5764706 0.3843137 0.3058823 0.9803922 0.2431373 0.3960784 1 0.1960784 0.8941177 0.9882353 0.2078431 0.4117647 0.6901961 0.1098039 0.1137255 0.3647059 0.1411765 0.1372549 0.5333334 0.1529412 0.2392157 1 0.1490196 0.1568627 0.9019608 0.2431373 0.3960784 1 0.2392157 0.1607843 1 0.2392157 0.1607843 1 0.2431373 0.3960784 1 0.2078431 0.4117647 0.6901961 0.1490196 0.1568627 0.9019608 0.1098039 0.1137255 0.3647059 0.1529412 0.2392157 1 0.2431373 0.3960784 1 0.1960784 0.8941177 0.9882353 0.2078431 0.4117647 0.6901961 0.1098039 0.1137255 0.3647059 0.1411765 0.1372549 0.5333334 0.1529412 0.2392157 1 0.1490196 0.1568627 0.9019608 0.2431373 0.3960784 1 0.2392157 0.1607843 1 0.2392157 0.1607843 1 0.2431373 0.3960784 1 0.2078431 0.4117647 0.6901961 0.1490196 0.1568627 0.9019608 0.1098039 0.1137255 0.3647059 0.1529412 0.2392157 1 0.2431373 0.3960784 1 0.1960784 0.8941177 0.9882353 0.2078431 0.4117647 0.6901961 0.1098039 0.1137255 0.3647059 0.1411765 0.1372549 0.5333334 0.1529412 0.2392157 1 0.1490196 0.1568627 0.9019608 0.2431373 0.3960784 1 0.2392157 0.1607843 1 0.2392157 0.1607843 1 0.2431373 0.3960784 1 0.2078431 0.4117647 0.6901961 0.1490196 0.1568627 0.9019608 0.1098039 0.1137255 0.3647059 0.1529412 0.2392157 1 0.2431373 0.3960784 1 0.1960784 0.8941177 0.9882353 0.2078431 0.4117647 0.6901961 0.1098039 0.1137255 0.3647059 0.1411765 0.1372549 0.5333334 0.1529412 0.2392157 1 0.1490196 0.1568627 0.9019608 0.2431373 0.3960784 1 0.2392157 0.1607843 1 0.2392157 0.1607843 1 0.2431373 0.3960784 1 0.2078431 0.4117647 0.6901961 0.1490196 0.1568627 0.9019608 0.1098039 0.1137255 0.3647059 0.1529412 0.2392157 1 0.2431373 0.3960784 1 0.1960784 0.8941177 0.9882353 0.2078431 0.4117647 0.6901961 0.1098039 0.1137255 0.3647059 0.1411765 0.1372549 0.5333334 0.1529412 0.2392157 1 0.1490196 0.1568627 0.9019608 0.2431373 0.3960784 1 0.2392157 0.1607843 1 0.2392157 0.1607843 1 0.2431373 0.3960784 1 0.2078431 0.4117647 0.6901961 0.1490196 0.1568627 0.9019608 0.1098039 0.1137255 0.3647059 0.1529412 0.2392157 1 0.2431373 0.3960784 1 0.1960784 0.8941177 0.9882353 0.2078431 0.4117647 0.6901961 0.1098039 0.1137255 0.3647059 0.1411765 0.1372549 0.5333334 0.1529412 0.2392157 1 0.1490196 0.1568627 0.9019608 0.2431373 0.3960784 1 0.2392157 0.1607843 1 0.2392157 0.1607843 1 0.2431373 0.3960784 1 0.2078431 0.4117647 0.6901961 0.1490196 0.1568627 0.9019608 0.1098039 0.1137255 0.3647059 0.1529412 0.2392157 1 1 1 0.8588235 0 0.07450979 0 0 0.1254902 0 1 1 0.8588235 0 0.07450979 0 0 0.1254902 0 1 0.5803922 1 1 1 0.8588235 0 0.1254902 0 1 0.5803922 1 1 1 0.8588235 0 0.1254902 0 0.2431373 0.3960784 1 0.1960784 0.8941177 0.9882353 0.2078431 0.4117647 0.6901961 0.1098039 0.1137255 0.3647059 0.1411765 0.1372549 0.5333334 0.1529412 0.2392157 1 0.1490196 0.1568627 0.9019608 0.2431373 0.3960784 1 0.2392157 0.1607843 1 0.2392157 0.1607843 1 0.2431373 0.3960784 1 0.2078431 0.4117647 0.6901961 0.1490196 0.1568627 0.9019608 0.1098039 0.1137255 0.3647059 0.1529412 0.2392157 1 0.2431373 0.3960784 1 0.1960784 0.8941177 0.9882353 0.2078431 0.4117647 0.6901961 0.1098039 0.1137255 0.3647059 0.1411765 0.1372549 0.5333334 0.1529412 0.2392157 1 0.1490196 0.1568627 0.9019608 0.2431373 0.3960784 1 0.2392157 0.1607843 1 0.2392157 0.1607843 1 0.2431373 0.3960784 1 0.2078431 0.4117647 0.6901961 0.1490196 0.1568627 0.9019608 0.1098039 0.1137255 0.3647059 0.1529412 0.2392157 1 1 1 0.8588235 0 0.07450979 0 0 0.1254902 0 1 0.5803922 1 1 1 0.8588235 0 0.1254902 0 1 1 0.8588235 0 0.07450979 0 0 0.1254902 0 1 0.5803922 1 1 1 0.8588235 0 0.1254902 0 1 1 0.8588235 0 0.07450979 0 0 0.1254902 0 1 0.5803922 1 1 1 0.8588235 0 0.1254902 0 1 1 0.8588235 0 0.07450979 0 0 0.1254902 0 1 0.5803922 1 1 1 0.8588235 0 0.1254902 0 0 0 0 0 0 0 0 0 0 0 0 0 0 0 0 0 0 0 0 0 0 0 0 0 0 0 0 0 0 0 0 0 0 0 0 0 0 0 0 0 0 0 0 0 0 0 0 0 0 0 0 0 0 0 0 0 0 0 0 0 0 0 0 0 0 0 0 0 0 0 0 0 0 0 0 0 0 0 0 0 0 0 0 0 0 0 0 0 0 0 0 0 0 0 0 0 0 0 0 0 0 0 0 0 0 0 0 0 0.003921568 0.2039216 0 0.02352941 0.05882352 0.5254902 0.2156863 0.4313725 0.7647059 0.172549 0.2235294 0.7647059 0.3843137 0.4470588 0.01568627 0.682353 0.3568627 1 0.003921568 0.2039216 0 0.3843137 0.4470588 0.01568627 0.172549 0.2235294 0.7647059 0.2156863 0.4313725 0.7647059 0.7607843 0.5764706 1 0.682353 0.3568627 1 0.003921568 0.2039216 0 0.02352941 0.05882352 0.5254902 0.2156863 0.4313725 0.7647059 0.172549 0.2235294 0.7647059 0.3843137 0.4470588 0.01568627 0.682353 0.3568627 1 0.003921568 0.2039216 0 0.3843137 0.4470588 0.01568627 0.172549 0.2235294 0.7647059 0.2156863 0.4313725 0.7647059 0.7607843 0.5764706 1 0.682353 0.3568627 1 0.003921568 0.2039216 0 0.02352941 0.05882352 0.5254902 0.2156863 0.4313725 0.7647059 0.172549 0.2235294 0.7647059 0.3843137 0.4470588 0.01568627 0.682353 0.3568627 1 0.003921568 0.2039216 0 0.3843137 0.4470588 0.01568627 0.172549 0.2235294 0.7647059 0.2156863 0.4313725 0.7647059 0.7607843 0.5764706 1 0.682353 0.3568627 1 0.003921568 0.2039216 0 0.02352941 0.05882352 0.5254902 0.2156863 0.4313725 0.7647059 0.172549 0.2235294 0.7647059 0.3843137 0.4470588 0.01568627 0.682353 0.3568627 1 0.003921568 0.2039216 0 0.3843137 0.4470588 0.01568627 0.172549 0.2235294 0.7647059 0.2156863 0.4313725 0.7647059 0.7607843 0.5764706 1 0.682353 0.3568627 1 0.003921568 0.2039216 0 0.02352941 0.05882352 0.5254902 0.2156863 0.4313725 0.7647059 0.172549 0.2235294 0.7647059 0.3843137 0.4470588 0.01568627 0.682353 0.3568627 1 0.003921568 0.2039216 0 0.3843137 0.4470588 0.01568627 0.172549 0.2235294 0.7647059 0.2156863 0.4313725 0.7647059 0.7607843 0.5764706 1 0.682353 0.3568627 1 0.003921568 0.2039216 0 0.02352941 0.05882352 0.5254902 0.2156863 0.4313725 0.7647059 0.172549 0.2235294 0.7647059 0.3843137 0.4470588 0.01568627 0.682353 0.3568627 1 0.003921568 0.2039216 0 0.3843137 0.4470588 0.01568627 0.172549 0.2235294 0.7647059 0.2156863 0.4313725 0.7647059 0.7607843 0.5764706 1 0.682353 0.3568627 1 0.003921568 0.2039216 0 0.02352941 0.05882352 0.5254902 0.2156863 0.4313725 0.7647059 0.172549 0.2235294 0.7647059 0.3843137 0.4470588 0.01568627 0.682353 0.3568627 1 0.003921568 0.2039216 0 0.3843137 0.4470588 0.01568627 0.172549 0.2235294 0.7647059 0.2156863 0.4313725 0.7647059 0.7607843 0.5764706 1 0.682353 0.3568627 1 0.003921568 0.2039216 0 0.02352941 0.05882352 0.5254902 0.2156863 0.4313725 0.7647059 0.172549 0.2235294 0.7647059 0.3843137 0.4470588 0.01568627 0.682353 0.3568627 1 0.003921568 0.2039216 0 0.3843137 0.4470588 0.01568627 0.172549 0.2235294 0.7647059 0.2156863 0.4313725 0.7647059 0.7607843 0.5764706 1 0.682353 0.3568627 1 0.003921568 0.2039216 0 0.02352941 0.05882352 0.5254902 0.2156863 0.4313725 0.7647059 0.172549 0.2235294 0.7647059 0.3843137 0.4470588 0.01568627 0.682353 0.3568627 1 0.003921568 0.2039216 0 0.3843137 0.4470588 0.01568627 0.172549 0.2235294 0.7647059 0.2156863 0.4313725 0.7647059 0.7607843 0.5764706 1 0.682353 0.3568627 1 0.003921568 0.2039216 0 0.02352941 0.05882352 0.5254902 0.2156863 0.4313725 0.7647059 0.172549 0.2235294 0.7647059 0.3843137 0.4470588 0.01568627 0.682353 0.3568627 1 0.003921568 0.2039216 0 0.3843137 0.4470588 0.01568627 0.172549 0.2235294 0.7647059 0.2156863 0.4313725 0.7647059 0.7607843 0.5764706 1 0.682353 0.3568627 1 0.003921568 0.2039216 0 0.02352941 0.05882352 0.5254902 0.2156863 0.4313725 0.7647059 0.172549 0.2235294 0.7647059 0.3843137 0.4470588 0.01568627 0.682353 0.3568627 1 0.003921568 0.2039216 0 0.3843137 0.4470588 0.01568627 0.172549 0.2235294 0.7647059 0.2156863 0.4313725 0.7647059 0.7607843 0.5764706 1 0.682353 0.3568627 1 0.003921568 0.2039216 0 0.02352941 0.05882352 0.5254902 0.2156863 0.4313725 0.7647059 0.172549 0.2235294 0.7647059 0.3843137 0.4470588 0.01568627 0.682353 0.3568627 1 0.003921568 0.2039216 0 0.3843137 0.4470588 0.01568627 0.172549 0.2235294 0.7647059 0.2156863 0.4313725 0.7647059 0.7607843 0.5764706 1 0.682353 0.3568627 1 0.003921568 0.2039216 0 0.02352941 0.05882352 0.5254902 0.2156863 0.4313725 0.7647059 0.172549 0.2235294 0.7647059 0.3843137 0.4470588 0.01568627 0.682353 0.3568627 1 0.003921568 0.2039216 0 0.3843137 0.4470588 0.01568627 0.172549 0.2235294 0.7647059 0.2156863 0.4313725 0.7647059 0.7607843 0.5764706 1 0.682353 0.3568627 1 0.003921568 0.2039216 0 0.02352941 0.05882352 0.5254902 0.2156863 0.4313725 0.7647059 0.172549 0.2235294 0.7647059 0.3843137 0.4470588 0.01568627 0.682353 0.3568627 1 0.003921568 0.2039216 0 0.3843137 0.4470588 0.01568627 0.172549 0.2235294 0.7647059 0.2156863 0.4313725 0.7647059 0.7607843 0.5764706 1 0.682353 0.3568627 1 0.003921568 0.2039216 0 0.02352941 0.05882352 0.5254902 0.2156863 0.4313725 0.7647059 0.172549 0.2235294 0.7647059 0.3843137 0.4470588 0.01568627 0.682353 0.3568627 1 0.003921568 0.2039216 0 0.3843137 0.4470588 0.01568627 0.172549 0.2235294 0.7647059 0.2156863 0.4313725 0.7647059 0.7607843 0.5764706 1 0.682353 0.3568627 1 0.003921568 0.2039216 0 0.02352941 0.05882352 0.5254902 0.2156863 0.4313725 0.7647059 0.172549 0.2235294 0.7647059 0.3843137 0.4470588 0.01568627 0.682353 0.3568627 1 0.003921568 0.2039216 0 0.3843137 0.4470588 0.01568627 0.172549 0.2235294 0.7647059 0.2156863 0.4313725 0.7647059 0.7607843 0.5764706 1 0.682353 0.3568627 1 0.003921568 0.2039216 0 0.02352941 0.05882352 0.5254902 0.2156863 0.4313725 0.7647059 0.172549 0.2235294 0.7647059 0.3843137 0.4470588 0.01568627 0.682353 0.3568627 1 0.003921568 0.2039216 0 0.3843137 0.4470588 0.01568627 0.172549 0.2235294 0.7647059 0.2156863 0.4313725 0.7647059 0.7607843 0.5764706 1 0.682353 0.3568627 1 0.1490196 0.1568627 0.9019608 0.1529412 0.2392157 1 0.2431373 0.3960784 1 0.1490196 0.1568627 0.9019608 0.1529412 0.2392157 1 0.2431373 0.3960784 1 0.1490196 0.1568627 0.9019608 0.1529412 0.2392157 1 0.2431373 0.3960784 1 0.1490196 0.1568627 0.9019608 0.1529412 0.2392157 1 0.2431373 0.3960784 1 0.1490196 0.1568627 0.9019608 0.1529412 0.2392157 1 0.2431373 0.3960784 1 0.1490196 0.1568627 0.9019608 0.1529412 0.2392157 1 0.2431373 0.3960784 1 0.1490196 0.1568627 0.9019608 0.1529412 0.2392157 1 0.2431373 0.3960784 1 0.1490196 0.1568627 0.9019608 0.1529412 0.2392157 1 0.2431373 0.3960784 1 0 0 0 0 0 0 0 0 0 0 0 0 0 0 0 0 0 0 0 0 0 0 0 0 0 0 0 0 0 0 0 0 0 0 0 0 0 0 0 0 0 0 0 0 0 0 0 0 0 0 0 0 0 0 0 0 0 0 0 0 0 0 0 0 0 0 0 0 0 0 0 0 0 0 0 0 0 0 0 0 0 0 0 0 0 0 0 0 0 0 0 0 0 0 0 0 0 0 0 0 0 0 0 0 0 0 0 0</float_array>
          <technique_common>
            <accessor source="#tree_oak_bush_a200_001-mesh-colors-Col-array" count="2163" stride="3">
              <param name="R" type="float"/>
              <param name="G" type="float"/>
              <param name="B" type="float"/>
            </accessor>
          </technique_common>
        </source>
        <vertices id="tree_oak_bush_a200_001-mesh-vertices">
          <input semantic="POSITION" source="#tree_oak_bush_a200_001-mesh-positions"/>
        </vertices>
        <polylist material="tro_tree_1_branches-material" count="49">
          <input semantic="VERTEX" source="#tree_oak_bush_a200_001-mesh-vertices" offset="0"/>
          <input semantic="NORMAL" source="#tree_oak_bush_a200_001-mesh-normals" offset="1"/>
          <input semantic="TEXCOORD" source="#tree_oak_bush_a200_001-mesh-map-0" offset="2" set="0"/>
          <input semantic="COLOR" source="#tree_oak_bush_a200_001-mesh-colors-Col" offset="3" set="0"/>
          <vcount>3 3 3 3 3 3 3 3 3 3 3 3 3 3 3 3 3 3 3 3 3 3 3 3 3 3 3 3 3 3 3 3 3 3 3 3 3 3 3 3 3 3 3 3 3 3 3 3 3 </vcount>
          <p>375 336 615 615 376 337 616 616 378 338 617 617 374 339 618 618 380 340 619 619 378 338 620 620 373 341 621 621 377 342 622 622 378 338 623 623 379 343 624 624 373 341 625 625 378 338 626 626 377 342 627 627 374 339 628 628 378 338 629 629 380 340 630 630 375 336 631 631 378 338 632 632 376 337 633 633 379 343 634 634 378 338 635 635 384 344 636 636 383 345 637 637 382 346 638 638 382 346 639 639 381 347 640 640 384 344 641 641 384 344 642 642 381 347 643 643 385 348 644 644 383 345 645 645 384 344 646 646 385 348 647 647 386 349 648 648 387 350 649 649 389 351 650 650 388 352 651 651 386 349 652 652 389 351 653 653 387 350 654 654 388 352 655 655 389 351 656 656 392 353 657 657 393 354 658 658 395 355 659 659 391 356 660 660 397 357 661 661 395 355 662 662 390 358 663 663 394 359 664 664 395 355 665 665 396 360 666 666 390 358 667 667 395 355 668 668 394 359 669 669 391 356 670 670 395 355 671 671 397 357 672 672 392 353 673 673 395 355 674 674 393 354 675 675 396 360 676 676 395 355 677 677 400 361 678 678 401 362 679 679 403 363 680 680 399 364 681 681 405 365 682 682 403 363 683 683 398 366 684 684 402 367 685 685 403 363 686 686 404 368 687 687 398 366 688 688 403 363 689 689 402 367 690 690 399 364 691 691 403 363 692 692 405 365 693 693 400 361 694 694 403 363 695 695 401 362 696 696 404 368 697 697 403 363 698 698 409 369 699 699 408 370 700 700 407 371 701 701 407 371 702 702 406 372 703 703 409 369 704 704 409 369 705 705 406 372 706 706 410 373 707 707 408 370 708 708 409 369 709 709 410 373 710 710 411 374 711 711 412 375 712 712 414 376 713 713 413 377 714 714 411 374 715 715 414 376 716 716 412 375 717 717 413 377 718 718 414 376 719 719 417 378 720 720 418 379 721 721 420 380 722 722 416 381 723 723 422 382 724 724 420 380 725 725 415 383 726 726 419 384 727 727 420 380 728 728 421 385 729 729 415 383 730 730 420 380 731 731 419 384 732 732 416 381 733 733 420 380 734 734 422 382 735 735 417 378 736 736 420 380 737 737 418 379 738 738 421 385 739 739 420 380 740 740 425 386 741 741 426 387 742 742 428 388 743 743 424 389 744 744 430 390 745 745 428 388 746 746 423 391 747 747 427 392 748 748 428 388 749 749 429 393 750 750 423 391 751 751 428 388 752 752 427 392 753 753 424 389 754 754 428 388 755 755 430 390 756 756 425 386 757 757 428 388 758 758 426 387 759 759 429 393 760 760 428 388 761 761</p>
        </polylist>
        <polylist material="tro_tree_1_trunk-material" count="24">
          <input semantic="VERTEX" source="#tree_oak_bush_a200_001-mesh-vertices" offset="0"/>
          <input semantic="NORMAL" source="#tree_oak_bush_a200_001-mesh-normals" offset="1"/>
          <input semantic="TEXCOORD" source="#tree_oak_bush_a200_001-mesh-map-0" offset="2" set="0"/>
          <input semantic="COLOR" source="#tree_oak_bush_a200_001-mesh-colors-Col" offset="3" set="0"/>
          <vcount>3 3 3 3 3 3 3 3 3 3 3 3 3 3 3 3 3 3 3 3 3 3 3 3 </vcount>
          <p>910 850 1863 1863 907 851 1864 1864 906 852 1865 1865 909 853 1866 1866 906 852 1867 1867 905 854 1868 1868 908 855 1869 1869 905 854 1870 1870 904 856 1871 1871 911 857 1872 1872 904 856 1873 1873 907 851 1874 1874 912 858 1875 1875 917 859 1876 1876 916 860 1877 1877 915 861 1878 1878 918 862 1879 1879 917 859 1880 1880 918 862 1881 1881 913 863 1882 1882 919 864 1883 1883 919 864 1884 1884 912 858 1885 1885 916 860 1886 1886 916 860 1887 1887 907 851 1888 1888 904 856 1889 1889 907 851 1890 1890 918 862 1891 1891 906 852 1892 1892 906 852 1893 1893 919 864 1894 1894 905 854 1895 1895 919 864 1896 1896 904 856 1897 1897 905 854 1898 1898 910 850 2127 2127 911 857 2128 2128 907 851 2129 2129 909 853 2130 2130 910 850 2131 2131 906 852 2132 2132 908 855 2133 2133 909 853 2134 2134 905 854 2135 2135 911 857 2136 2136 908 855 2137 2137 904 856 2138 2138 912 858 2139 2139 915 861 2140 2140 917 859 2141 2141 915 861 2142 2142 914 881 2143 2143 918 862 2144 2144 918 862 2145 2145 914 881 2146 2146 913 863 2147 2147 919 864 2148 2148 913 863 2149 2149 912 858 2150 2150 916 860 2151 2151 917 859 2152 2152 907 851 2153 2153 907 851 2154 2154 917 859 2155 2155 918 862 2156 2156 906 852 2157 2157 918 862 2158 2158 919 864 2159 2159 919 864 2160 2160 916 860 2161 2161 904 856 2162 2162</p>
        </polylist>
        <polylist material="tro_bush_1_leaves-material" count="648">
          <input semantic="VERTEX" source="#tree_oak_bush_a200_001-mesh-vertices" offset="0"/>
          <input semantic="NORMAL" source="#tree_oak_bush_a200_001-mesh-normals" offset="1"/>
          <input semantic="TEXCOORD" source="#tree_oak_bush_a200_001-mesh-map-0" offset="2" set="0"/>
          <input semantic="COLOR" source="#tree_oak_bush_a200_001-mesh-colors-Col" offset="3" set="0"/>
          <vcount>3 3 3 3 3 3 3 3 3 3 3 3 3 3 3 3 3 3 3 3 3 3 3 3 3 3 3 3 3 3 3 3 3 3 3 3 3 3 3 3 3 3 3 3 3 3 3 3 3 3 3 3 3 3 3 3 3 3 3 3 3 3 3 3 3 3 3 3 3 3 3 3 3 3 3 3 3 3 3 3 3 3 3 3 3 3 3 3 3 3 3 3 3 3 3 3 3 3 3 3 3 3 3 3 3 3 3 3 3 3 3 3 3 3 3 3 3 3 3 3 3 3 3 3 3 3 3 3 3 3 3 3 3 3 3 3 3 3 3 3 3 3 3 3 3 3 3 3 3 3 3 3 3 3 3 3 3 3 3 3 3 3 3 3 3 3 3 3 3 3 3 3 3 3 3 3 3 3 3 3 3 3 3 3 3 3 3 3 3 3 3 3 3 3 3 3 3 3 3 3 3 3 3 3 3 3 3 3 3 3 3 3 3 3 3 3 3 3 3 3 3 3 3 3 3 3 3 3 3 3 3 3 3 3 3 3 3 3 3 3 3 3 3 3 3 3 3 3 3 3 3 3 3 3 3 3 3 3 3 3 3 3 3 3 3 3 3 3 3 3 3 3 3 3 3 3 3 3 3 3 3 3 3 3 3 3 3 3 3 3 3 3 3 3 3 3 3 3 3 3 3 3 3 3 3 3 3 3 3 3 3 3 3 3 3 3 3 3 3 3 3 3 3 3 3 3 3 3 3 3 3 3 3 3 3 3 3 3 3 3 3 3 3 3 3 3 3 3 3 3 3 3 3 3 3 3 3 3 3 3 3 3 3 3 3 3 3 3 3 3 3 3 3 3 3 3 3 3 3 3 3 3 3 3 3 3 3 3 3 3 3 3 3 3 3 3 3 3 3 3 3 3 3 3 3 3 3 3 3 3 3 3 3 3 3 3 3 3 3 3 3 3 3 3 3 3 3 3 3 3 3 3 3 3 3 3 3 3 3 3 3 3 3 3 3 3 3 3 3 3 3 3 3 3 3 3 3 3 3 3 3 3 3 3 3 3 3 3 3 3 3 3 3 3 3 3 3 3 3 3 3 3 3 3 3 3 3 3 3 3 3 3 3 3 3 3 3 3 3 3 3 3 3 3 3 3 3 3 3 3 3 3 3 3 3 3 3 3 3 3 3 3 3 3 3 3 3 3 3 3 3 3 3 3 3 3 3 3 3 3 3 3 3 3 3 3 3 3 3 3 3 3 3 3 3 3 3 3 3 3 3 3 3 3 3 3 3 3 3 3 3 3 3 3 3 3 3 3 3 3 3 3 3 3 3 3 3 3 3 3 3 3 3 3 3 3 3 3 3 3 3 3 3 3 3 3 3 3 3 3 3 3 3 3 3 3 3 3 3 3 3 3 3 3 3 3 3 3 3 3 3 3 3 3 3 3 3 3 3 3 3 3 3 3 3 3 3 3 </vcount>
          <p>3 0 0 0 0 1 1 1 1 2 2 2 1 2 3 3 2 3 4 4 3 0 5 5 7 4 6 6 4 5 7 7 5 6 8 8 5 6 9 9 6 7 10 10 7 4 11 11 11 8 12 12 8 9 13 13 9 10 14 14 9 10 15 15 10 11 16 16 11 8 17 17 15 12 18 18 12 13 19 19 13 14 20 20 13 14 21 21 14 15 22 22 15 12 23 23 19 12 24 24 16 13 25 25 17 14 26 26 17 14 27 27 18 15 28 28 19 12 29 29 23 16 30 30 20 17 31 31 21 18 32 32 21 18 33 33 22 19 34 34 23 16 35 35 27 20 36 36 24 21 37 37 25 22 38 38 25 22 39 39 26 23 40 40 27 20 41 41 31 24 42 42 28 25 43 43 29 26 44 44 29 26 45 45 30 27 46 46 31 24 47 47 35 28 48 48 32 29 49 49 33 30 50 50 33 30 51 51 34 31 52 52 35 28 53 53 39 32 54 54 36 33 55 55 37 34 56 56 37 34 57 57 38 35 58 58 39 32 59 59 43 36 60 60 40 37 61 61 41 38 62 62 41 38 63 63 42 39 64 64 43 36 65 65 47 40 66 66 44 41 67 67 45 42 68 68 45 42 69 69 46 43 70 70 47 40 71 71 51 44 72 72 48 45 73 73 49 46 74 74 49 46 75 75 50 47 76 76 51 44 77 77 55 48 78 78 52 49 79 79 53 50 80 80 53 50 81 81 54 51 82 82 55 48 83 83 59 52 84 84 56 53 85 85 57 54 86 86 57 54 87 87 58 55 88 88 59 52 89 89 63 52 90 90 60 53 91 91 61 54 92 92 61 54 93 93 62 55 94 94 63 52 95 95 67 52 96 96 64 53 97 97 65 54 98 98 65 54 99 99 66 55 100 100 67 52 101 101 71 56 102 102 68 57 103 103 69 58 104 104 69 58 105 105 70 59 106 106 71 56 107 107 75 60 108 108 72 61 109 109 73 62 110 110 73 62 111 111 74 63 112 112 75 60 113 113 79 64 114 114 76 65 115 115 77 66 116 116 77 66 117 117 78 67 118 118 79 64 119 119 83 68 120 120 80 69 121 121 81 70 122 122 81 70 123 123 82 71 124 124 83 68 125 125 87 72 126 126 84 73 127 127 85 74 128 128 85 74 129 129 86 75 130 130 87 72 131 131 91 76 132 132 88 77 133 133 89 78 134 134 89 78 135 135 90 79 136 136 91 76 137 137 95 80 138 138 92 81 139 139 93 82 140 140 93 82 141 141 94 83 142 142 95 80 143 143 99 84 144 144 96 85 145 145 97 86 146 146 97 86 147 147 98 87 148 148 99 84 149 149 103 88 150 150 100 89 151 151 101 90 152 152 101 90 153 153 102 91 154 154 103 88 155 155 107 92 156 156 104 93 157 157 105 94 158 158 105 94 159 159 106 95 160 160 107 92 161 161 111 96 162 162 108 97 163 163 109 98 164 164 109 98 165 165 110 99 166 166 111 96 167 167 115 100 168 168 112 101 169 169 113 102 170 170 113 102 171 171 114 103 172 172 115 100 173 173 119 104 174 174 116 105 175 175 117 106 176 176 117 106 177 177 118 107 178 178 119 104 179 179 123 108 180 180 120 109 181 181 121 110 182 182 121 110 183 183 122 111 184 184 123 108 185 185 127 112 186 186 124 113 187 187 125 114 188 188 125 114 189 189 126 115 190 190 127 112 191 191 131 116 192 192 128 117 193 193 129 118 194 194 129 118 195 195 130 119 196 196 131 116 197 197 135 120 198 198 132 121 199 199 133 122 200 200 133 122 201 201 134 123 202 202 135 120 203 203 139 124 204 204 136 125 205 205 137 126 206 206 137 126 207 207 138 127 208 208 139 124 209 209 143 128 210 210 140 129 211 211 141 130 212 212 141 130 213 213 142 131 214 214 143 128 215 215 147 132 216 216 144 133 217 217 145 134 218 218 145 134 219 219 146 135 220 220 147 132 221 221 151 136 222 222 148 137 223 223 149 138 224 224 149 138 225 225 150 139 226 226 151 136 227 227 155 140 228 228 152 141 229 229 153 142 230 230 153 142 231 231 154 143 232 232 155 140 233 233 159 144 234 234 156 145 235 235 157 146 236 236 157 146 237 237 158 147 238 238 159 144 239 239 163 148 240 240 160 149 241 241 161 150 242 242 161 150 243 243 162 151 244 244 163 148 245 245 167 152 246 246 164 153 247 247 165 154 248 248 165 154 249 249 166 155 250 250 167 152 251 251 171 156 252 252 168 157 253 253 169 158 254 254 169 158 255 255 170 159 256 256 171 156 257 257 175 160 258 258 172 161 259 259 173 162 260 260 173 162 261 261 174 163 262 262 175 160 263 263 179 164 264 264 176 165 265 265 177 166 266 266 177 166 267 267 178 167 268 268 179 164 269 269 189 168 270 270 190 169 271 271 191 170 272 272 181 171 273 273 180 172 274 274 187 173 275 275 186 174 276 276 181 171 277 277 187 173 278 278 180 172 279 279 186 174 280 280 187 173 281 281 188 175 282 282 192 176 283 283 182 177 284 284 189 168 285 285 188 175 286 286 183 178 287 287 192 176 288 288 184 179 289 289 182 177 290 290 190 169 291 291 192 176 292 292 191 170 293 293 198 168 294 294 199 169 295 295 200 170 296 296 197 175 297 297 201 176 298 298 193 177 299 299 198 168 300 300 197 175 301 301 194 178 302 302 201 176 303 303 195 179 304 304 193 177 305 305 199 169 306 306 201 176 307 307 200 170 308 308 203 180 309 309 202 181 310 310 205 182 311 311 204 183 312 312 203 180 313 313 205 182 314 314 202 181 315 315 204 183 316 316 205 182 317 317 211 184 318 318 212 185 319 319 213 186 320 320 210 187 321 321 214 188 322 322 206 189 323 323 211 184 324 324 210 187 325 325 207 190 326 326 214 188 327 327 208 191 328 328 206 189 329 329 212 185 330 330 214 188 331 331 213 186 332 332 220 192 333 333 221 193 334 334 222 194 335 335 219 195 336 336 223 196 337 337 215 197 338 338 220 192 339 339 219 195 340 340 216 198 341 341 223 196 342 342 217 199 343 343 215 197 344 344 221 193 345 345 223 196 346 346 222 194 347 347 229 200 348 348 230 201 349 349 231 202 350 350 228 203 351 351 232 204 352 352 224 205 353 353 229 200 354 354 228 203 355 355 225 206 356 356 232 204 357 357 226 207 358 358 224 205 359 359 230 201 360 360 232 204 361 361 231 202 362 362 238 208 363 363 239 209 364 364 240 210 365 365 237 211 366 366 241 212 367 367 233 213 368 368 238 208 369 369 237 211 370 370 234 214 371 371 241 212 372 372 235 215 373 373 233 213 374 374 239 209 375 375 241 212 376 376 240 210 377 377 247 216 378 378 248 217 379 379 249 218 380 380 246 219 381 381 250 220 382 382 242 221 383 383 247 216 384 384 246 219 385 385 243 222 386 386 250 220 387 387 244 223 388 388 242 221 389 389 248 217 390 390 250 220 391 391 249 218 392 392 256 224 393 393 257 225 394 394 258 226 395 395 255 227 396 396 259 228 397 397 251 229 398 398 256 224 399 399 255 227 400 400 252 230 401 401 259 228 402 402 253 231 403 403 251 229 404 404 257 225 405 405 259 228 406 406 258 226 407 407 265 232 408 408 266 233 409 409 267 234 410 410 264 235 411 411 268 236 412 412 260 237 413 413 265 232 414 414 264 235 415 415 261 238 416 416 268 236 417 417 262 239 418 418 260 237 419 419 266 233 420 420 268 236 421 421 267 234 422 422 274 240 423 423 275 241 424 424 276 242 425 425 273 243 426 426 277 244 427 427 269 245 428 428 274 240 429 429 273 243 430 430 270 246 431 431 277 244 432 432 271 247 433 433 269 245 434 434 275 241 435 435 277 244 436 436 276 242 437 437 283 248 438 438 284 249 439 439 285 250 440 440 282 251 441 441 286 252 442 442 278 253 443 443 283 248 444 444 282 251 445 445 279 254 446 446 286 252 447 447 280 255 448 448 278 253 449 449 284 249 450 450 286 252 451 451 285 250 452 452 292 256 453 453 293 257 454 454 294 258 455 455 291 259 456 456 295 260 457 457 287 261 458 458 292 256 459 459 291 259 460 460 288 262 461 461 295 260 462 462 289 263 463 463 287 261 464 464 293 257 465 465 295 260 466 466 294 258 467 467 301 264 468 468 302 265 469 469 303 266 470 470 300 267 471 471 304 268 472 472 296 269 473 473 301 264 474 474 300 267 475 475 297 270 476 476 304 268 477 477 298 271 478 478 296 269 479 479 302 265 480 480 304 268 481 481 303 266 482 482 310 272 483 483 311 273 484 484 312 274 485 485 309 275 486 486 313 276 487 487 305 277 488 488 310 272 489 489 309 275 490 490 306 278 491 491 313 276 492 492 307 279 493 493 305 277 494 494 311 273 495 495 313 276 496 496 312 274 497 497 319 280 498 498 320 281 499 499 321 282 500 500 318 283 501 501 322 284 502 502 314 285 503 503 319 280 504 504 318 283 505 505 315 286 506 506 322 284 507 507 316 287 508 508 314 285 509 509 320 281 510 510 322 284 511 511 321 282 512 512 328 288 513 513 329 289 514 514 330 290 515 515 327 291 516 516 331 292 517 517 323 293 518 518 328 288 519 519 327 291 520 520 324 294 521 521 331 292 522 522 325 295 523 523 323 293 524 524 329 289 525 525 331 292 526 526 330 290 527 527 333 296 528 528 332 297 529 529 335 298 530 530 334 299 531 531 333 296 532 532 335 298 533 533 332 297 534 534 334 299 535 535 335 298 536 536 337 300 537 537 336 301 538 538 339 302 539 539 338 303 540 540 337 300 541 541 339 302 542 542 336 301 543 543 338 303 544 544 339 302 545 545 341 304 546 546 340 305 547 547 343 306 548 548 342 307 549 549 341 304 550 550 343 306 551 551 340 305 552 552 342 307 553 553 343 306 554 554 345 308 555 555 344 309 556 556 347 310 557 557 346 311 558 558 345 308 559 559 347 310 560 560 344 309 561 561 346 311 562 562 347 310 563 563 349 312 564 564 348 313 565 565 351 314 566 566 350 315 567 567 349 312 568 568 351 314 569 569 348 313 570 570 350 315 571 571 351 314 572 572 353 316 573 573 352 317 574 574 355 318 575 575 354 319 576 576 353 316 577 577 355 318 578 578 352 317 579 579 354 319 580 580 355 318 581 581 357 320 582 582 356 321 583 583 359 322 584 584 358 323 585 585 357 320 586 586 359 322 587 587 356 321 588 588 358 323 589 589 359 322 590 590 361 324 591 591 360 325 592 592 363 326 593 593 362 327 594 594 361 324 595 595 363 326 596 596 360 325 597 597 362 327 598 598 363 326 599 599 369 328 600 600 370 329 601 601 371 330 602 602 368 331 603 603 372 332 604 604 364 333 605 605 369 328 606 606 368 331 607 607 365 334 608 608 372 332 609 609 366 335 610 610 364 333 611 611 370 329 612 612 372 332 613 613 371 330 614 614 433 394 762 762 435 395 763 763 436 396 764 764 436 396 765 765 431 397 766 766 432 398 767 767 434 399 768 768 433 394 769 769 436 396 770 770 435 395 771 771 431 397 772 772 436 396 773 773 434 399 774 774 436 396 775 775 432 398 776 776 439 400 777 777 441 401 778 778 442 402 779 779 442 402 780 780 437 403 781 781 438 404 782 782 440 405 783 783 439 400 784 784 442 402 785 785 441 401 786 786 437 403 787 787 442 402 788 788 440 405 789 789 442 402 790 790 438 404 791 791 445 406 792 792 447 407 793 793 448 408 794 794 448 408 795 795 443 409 796 796 444 410 797 797 446 411 798 798 445 406 799 799 448 408 800 800 447 407 801 801 443 409 802 802 448 408 803 803 446 411 804 804 448 408 805 805 444 410 806 806 451 412 807 807 453 413 808 808 454 414 809 809 454 414 810 810 449 415 811 811 450 416 812 812 452 417 813 813 451 412 814 814 454 414 815 815 453 413 816 816 449 415 817 817 454 414 818 818 452 417 819 819 454 414 820 820 450 416 821 821 457 418 822 822 459 419 823 823 460 420 824 824 460 420 825 825 455 421 826 826 456 422 827 827 458 423 828 828 457 418 829 829 460 420 830 830 459 419 831 831 455 421 832 832 460 420 833 833 458 423 834 834 460 420 835 835 456 422 836 836 463 424 837 837 465 425 838 838 466 426 839 839 466 426 840 840 461 427 841 841 462 428 842 842 464 429 843 843 463 424 844 844 466 426 845 845 465 425 846 846 461 427 847 847 466 426 848 848 464 429 849 849 466 426 850 850 462 428 851 851 469 430 852 852 471 431 853 853 472 432 854 854 472 432 855 855 467 433 856 856 468 434 857 857 470 435 858 858 469 430 859 859 472 432 860 860 471 431 861 861 467 433 862 862 472 432 863 863 470 435 864 864 472 432 865 865 468 434 866 866 475 436 867 867 477 437 868 868 478 438 869 869 478 438 870 870 473 439 871 871 474 440 872 872 476 441 873 873 475 436 874 874 478 438 875 875 477 437 876 876 473 439 877 877 478 438 878 878 476 441 879 879 478 438 880 880 474 440 881 881 481 442 882 882 483 443 883 883 484 444 884 884 484 444 885 885 479 445 886 886 480 446 887 887 482 447 888 888 481 442 889 889 484 444 890 890 483 443 891 891 479 445 892 892 484 444 893 893 482 447 894 894 484 444 895 895 480 446 896 896 487 448 897 897 489 449 898 898 490 450 899 899 490 450 900 900 485 451 901 901 486 452 902 902 488 453 903 903 487 448 904 904 490 450 905 905 489 449 906 906 485 451 907 907 490 450 908 908 488 453 909 909 490 450 910 910 486 452 911 911 493 454 912 912 495 455 913 913 496 456 914 914 496 456 915 915 491 457 916 916 492 458 917 917 494 459 918 918 493 454 919 919 496 456 920 920 495 455 921 921 491 457 922 922 496 456 923 923 494 459 924 924 496 456 925 925 492 458 926 926 499 460 927 927 501 461 928 928 502 462 929 929 502 462 930 930 497 463 931 931 498 464 932 932 500 465 933 933 499 460 934 934 502 462 935 935 501 461 936 936 497 463 937 937 502 462 938 938 500 465 939 939 502 462 940 940 498 464 941 941 505 466 942 942 507 467 943 943 508 468 944 944 508 468 945 945 503 469 946 946 504 470 947 947 506 471 948 948 505 466 949 949 508 468 950 950 507 467 951 951 503 469 952 952 508 468 953 953 506 471 954 954 508 468 955 955 504 470 956 956 511 472 957 957 513 473 958 958 514 474 959 959 514 474 960 960 509 475 961 961 510 476 962 962 512 477 963 963 511 472 964 964 514 474 965 965 513 473 966 966 509 475 967 967 514 474 968 968 512 477 969 969 514 474 970 970 510 476 971 971 517 478 972 972 519 479 973 973 520 480 974 974 520 480 975 975 515 481 976 976 516 482 977 977 518 483 978 978 517 478 979 979 520 480 980 980 519 479 981 981 515 481 982 982 520 480 983 983 518 483 984 984 520 480 985 985 516 482 986 986 523 484 987 987 525 485 988 988 526 486 989 989 526 486 990 990 521 487 991 991 522 488 992 992 524 489 993 993 523 484 994 994 526 486 995 995 525 485 996 996 521 487 997 997 526 486 998 998 524 489 999 999 526 486 1000 1000 522 488 1001 1001 529 490 1002 1002 531 491 1003 1003 532 492 1004 1004 532 492 1005 1005 527 493 1006 1006 528 494 1007 1007 530 495 1008 1008 529 490 1009 1009 532 492 1010 1010 531 491 1011 1011 527 493 1012 1012 532 492 1013 1013 530 495 1014 1014 532 492 1015 1015 528 494 1016 1016 535 496 1017 1017 537 497 1018 1018 538 498 1019 1019 538 498 1020 1020 533 499 1021 1021 534 500 1022 1022 536 501 1023 1023 535 496 1024 1024 538 498 1025 1025 537 497 1026 1026 533 499 1027 1027 538 498 1028 1028 536 501 1029 1029 538 498 1030 1030 534 500 1031 1031 541 502 1032 1032 543 503 1033 1033 544 504 1034 1034 544 504 1035 1035 539 505 1036 1036 540 506 1037 1037 542 507 1038 1038 541 502 1039 1039 544 504 1040 1040 543 503 1041 1041 539 505 1042 1042 544 504 1043 1043 542 507 1044 1044 544 504 1045 1045 540 506 1046 1046 547 508 1047 1047 549 509 1048 1048 550 510 1049 1049 550 510 1050 1050 545 511 1051 1051 546 512 1052 1052 548 513 1053 1053 547 508 1054 1054 550 510 1055 1055 549 509 1056 1056 545 511 1057 1057 550 510 1058 1058 548 513 1059 1059 550 510 1060 1060 546 512 1061 1061 553 514 1062 1062 555 515 1063 1063 556 516 1064 1064 556 516 1065 1065 551 517 1066 1066 552 518 1067 1067 554 519 1068 1068 553 514 1069 1069 556 516 1070 1070 555 515 1071 1071 551 517 1072 1072 556 516 1073 1073 554 519 1074 1074 556 516 1075 1075 552 518 1076 1076 559 520 1077 1077 561 521 1078 1078 562 522 1079 1079 562 522 1080 1080 557 523 1081 1081 558 524 1082 1082 560 525 1083 1083 559 520 1084 1084 562 522 1085 1085 561 521 1086 1086 557 523 1087 1087 562 522 1088 1088 560 525 1089 1089 562 522 1090 1090 558 524 1091 1091 565 526 1092 1092 567 527 1093 1093 568 528 1094 1094 568 528 1095 1095 563 529 1096 1096 564 530 1097 1097 566 531 1098 1098 565 526 1099 1099 568 528 1100 1100 567 527 1101 1101 563 529 1102 1102 568 528 1103 1103 566 531 1104 1104 568 528 1105 1105 564 530 1106 1106 571 532 1107 1107 573 533 1108 1108 574 534 1109 1109 574 534 1110 1110 569 535 1111 1111 570 536 1112 1112 572 537 1113 1113 571 532 1114 1114 574 534 1115 1115 573 533 1116 1116 569 535 1117 1117 574 534 1118 1118 572 537 1119 1119 574 534 1120 1120 570 536 1121 1121 577 538 1122 1122 579 539 1123 1123 580 540 1124 1124 580 540 1125 1125 575 541 1126 1126 576 542 1127 1127 578 543 1128 1128 577 538 1129 1129 580 540 1130 1130 579 539 1131 1131 575 541 1132 1132 580 540 1133 1133 578 543 1134 1134 580 540 1135 1135 576 542 1136 1136 583 544 1137 1137 585 545 1138 1138 586 546 1139 1139 586 546 1140 1140 581 547 1141 1141 582 548 1142 1142 584 549 1143 1143 583 544 1144 1144 586 546 1145 1145 585 545 1146 1146 581 547 1147 1147 586 546 1148 1148 584 549 1149 1149 586 546 1150 1150 582 548 1151 1151 589 550 1152 1152 591 551 1153 1153 592 552 1154 1154 592 552 1155 1155 587 553 1156 1156 588 554 1157 1157 590 555 1158 1158 589 550 1159 1159 592 552 1160 1160 591 551 1161 1161 587 553 1162 1162 592 552 1163 1163 590 555 1164 1164 592 552 1165 1165 588 554 1166 1166 595 556 1167 1167 597 557 1168 1168 598 558 1169 1169 598 558 1170 1170 593 559 1171 1171 594 560 1172 1172 596 561 1173 1173 595 556 1174 1174 598 558 1175 1175 597 557 1176 1176 593 559 1177 1177 598 558 1178 1178 596 561 1179 1179 598 558 1180 1180 594 560 1181 1181 601 562 1182 1182 603 563 1183 1183 604 564 1184 1184 604 564 1185 1185 599 565 1186 1186 600 566 1187 1187 602 567 1188 1188 601 562 1189 1189 604 564 1190 1190 603 563 1191 1191 599 565 1192 1192 604 564 1193 1193 602 567 1194 1194 604 564 1195 1195 600 566 1196 1196 607 568 1197 1197 609 569 1198 1198 610 570 1199 1199 610 570 1200 1200 605 571 1201 1201 606 572 1202 1202 608 573 1203 1203 607 568 1204 1204 610 570 1205 1205 609 569 1206 1206 605 571 1207 1207 610 570 1208 1208 608 573 1209 1209 610 570 1210 1210 606 572 1211 1211 613 574 1212 1212 615 575 1213 1213 616 576 1214 1214 616 576 1215 1215 611 577 1216 1216 612 578 1217 1217 614 579 1218 1218 613 574 1219 1219 616 576 1220 1220 615 575 1221 1221 611 577 1222 1222 616 576 1223 1223 614 579 1224 1224 616 576 1225 1225 612 578 1226 1226 619 580 1227 1227 621 581 1228 1228 622 582 1229 1229 622 582 1230 1230 617 583 1231 1231 618 584 1232 1232 620 585 1233 1233 619 580 1234 1234 622 582 1235 1235 621 581 1236 1236 617 583 1237 1237 622 582 1238 1238 620 585 1239 1239 622 582 1240 1240 618 584 1241 1241 625 586 1242 1242 627 587 1243 1243 628 588 1244 1244 628 588 1245 1245 623 589 1246 1246 624 590 1247 1247 626 591 1248 1248 625 586 1249 1249 628 588 1250 1250 627 587 1251 1251 623 589 1252 1252 628 588 1253 1253 626 591 1254 1254 628 588 1255 1255 624 590 1256 1256 631 592 1257 1257 633 593 1258 1258 634 594 1259 1259 634 594 1260 1260 629 595 1261 1261 630 596 1262 1262 632 597 1263 1263 631 592 1264 1264 634 594 1265 1265 633 593 1266 1266 629 595 1267 1267 634 594 1268 1268 632 597 1269 1269 634 594 1270 1270 630 596 1271 1271 637 598 1272 1272 639 599 1273 1273 640 600 1274 1274 640 600 1275 1275 635 601 1276 1276 636 602 1277 1277 638 603 1278 1278 637 598 1279 1279 640 600 1280 1280 639 599 1281 1281 635 601 1282 1282 640 600 1283 1283 638 603 1284 1284 640 600 1285 1285 636 602 1286 1286 641 604 1287 1287 642 605 1288 1288 645 606 1289 1289 643 607 1290 1290 644 608 1291 1291 645 606 1292 1292 642 605 1293 1293 643 607 1294 1294 645 606 1295 1295 644 608 1296 1296 641 604 1297 1297 645 606 1298 1298 646 609 1299 1299 647 610 1300 1300 650 611 1301 1301 648 612 1302 1302 649 613 1303 1303 650 611 1304 1304 647 610 1305 1305 648 612 1306 1306 650 611 1307 1307 649 613 1308 1308 646 609 1309 1309 650 611 1310 1310 651 614 1311 1311 652 615 1312 1312 655 616 1313 1313 653 617 1314 1314 654 618 1315 1315 655 616 1316 1316 652 615 1317 1317 653 617 1318 1318 655 616 1319 1319 654 618 1320 1320 651 614 1321 1321 655 616 1322 1322 656 619 1323 1323 657 620 1324 1324 660 621 1325 1325 658 622 1326 1326 659 623 1327 1327 660 621 1328 1328 657 620 1329 1329 658 622 1330 1330 660 621 1331 1331 659 623 1332 1332 656 619 1333 1333 660 621 1334 1334 661 624 1335 1335 662 625 1336 1336 665 626 1337 1337 663 627 1338 1338 664 628 1339 1339 665 626 1340 1340 662 625 1341 1341 663 627 1342 1342 665 626 1343 1343 664 628 1344 1344 661 624 1345 1345 665 626 1346 1346 666 629 1347 1347 667 630 1348 1348 670 631 1349 1349 668 632 1350 1350 669 633 1351 1351 670 631 1352 1352 667 630 1353 1353 668 632 1354 1354 670 631 1355 1355 669 633 1356 1356 666 629 1357 1357 670 631 1358 1358 672 632 1359 1359 671 633 1360 1360 675 631 1361 1361 674 629 1362 1362 673 630 1363 1363 675 631 1364 1364 673 630 1365 1365 672 632 1366 1366 675 631 1367 1367 671 633 1368 1368 674 629 1369 1369 675 631 1370 1370 677 634 1371 1371 676 635 1372 1372 680 636 1373 1373 679 637 1374 1374 678 638 1375 1375 680 636 1376 1376 678 638 1377 1377 677 634 1378 1378 680 636 1379 1379 676 635 1380 1380 679 637 1381 1381 680 636 1382 1382 682 639 1383 1383 681 640 1384 1384 685 641 1385 1385 684 642 1386 1386 683 643 1387 1387 685 641 1388 1388 683 643 1389 1389 682 639 1390 1390 685 641 1391 1391 681 640 1392 1392 684 642 1393 1393 685 641 1394 1394 687 644 1395 1395 686 645 1396 1396 690 646 1397 1397 689 647 1398 1398 688 648 1399 1399 690 646 1400 1400 688 648 1401 1401 687 644 1402 1402 690 646 1403 1403 686 645 1404 1404 689 647 1405 1405 690 646 1406 1406 692 649 1407 1407 691 650 1408 1408 695 651 1409 1409 694 652 1410 1410 693 653 1411 1411 695 651 1412 1412 693 653 1413 1413 692 649 1414 1414 695 651 1415 1415 691 650 1416 1416 694 652 1417 1417 695 651 1418 1418 697 654 1419 1419 696 655 1420 1420 700 656 1421 1421 699 657 1422 1422 698 658 1423 1423 700 656 1424 1424 698 658 1425 1425 697 654 1426 1426 700 656 1427 1427 696 655 1428 1428 699 657 1429 1429 700 656 1430 1430 702 659 1431 1431 701 660 1432 1432 705 661 1433 1433 704 662 1434 1434 703 663 1435 1435 705 661 1436 1436 703 663 1437 1437 702 659 1438 1438 705 661 1439 1439 701 660 1440 1440 704 662 1441 1441 705 661 1442 1442 707 664 1443 1443 706 665 1444 1444 710 666 1445 1445 709 667 1446 1446 708 668 1447 1447 710 666 1448 1448 708 668 1449 1449 707 664 1450 1450 710 666 1451 1451 706 665 1452 1452 709 667 1453 1453 710 666 1454 1454 712 669 1455 1455 711 670 1456 1456 715 671 1457 1457 714 672 1458 1458 713 673 1459 1459 715 671 1460 1460 713 673 1461 1461 712 669 1462 1462 715 671 1463 1463 711 670 1464 1464 714 672 1465 1465 715 671 1466 1466 717 674 1467 1467 716 675 1468 1468 720 676 1469 1469 719 677 1470 1470 718 678 1471 1471 720 676 1472 1472 718 678 1473 1473 717 674 1474 1474 720 676 1475 1475 716 675 1476 1476 719 677 1477 1477 720 676 1478 1478 722 679 1479 1479 721 680 1480 1480 725 681 1481 1481 724 682 1482 1482 723 683 1483 1483 725 681 1484 1484 723 683 1485 1485 722 679 1486 1486 725 681 1487 1487 721 680 1488 1488 724 682 1489 1489 725 681 1490 1490 727 684 1491 1491 726 685 1492 1492 730 686 1493 1493 729 687 1494 1494 728 688 1495 1495 730 686 1496 1496 728 688 1497 1497 727 684 1498 1498 730 686 1499 1499 726 685 1500 1500 729 687 1501 1501 730 686 1502 1502 732 689 1503 1503 731 690 1504 1504 735 691 1505 1505 734 692 1506 1506 733 693 1507 1507 735 691 1508 1508 733 693 1509 1509 732 689 1510 1510 735 691 1511 1511 731 690 1512 1512 734 692 1513 1513 735 691 1514 1514 737 694 1515 1515 736 695 1516 1516 740 696 1517 1517 739 697 1518 1518 738 698 1519 1519 740 696 1520 1520 738 698 1521 1521 737 694 1522 1522 740 696 1523 1523 736 695 1524 1524 739 697 1525 1525 740 696 1526 1526 742 699 1527 1527 741 700 1528 1528 745 701 1529 1529 744 702 1530 1530 743 703 1531 1531 745 701 1532 1532 743 703 1533 1533 742 699 1534 1534 745 701 1535 1535 741 700 1536 1536 744 702 1537 1537 745 701 1538 1538 747 704 1539 1539 746 705 1540 1540 750 706 1541 1541 749 707 1542 1542 748 708 1543 1543 750 706 1544 1544 748 708 1545 1545 747 704 1546 1546 750 706 1547 1547 746 705 1548 1548 749 707 1549 1549 750 706 1550 1550 752 709 1551 1551 751 710 1552 1552 755 711 1553 1553 754 712 1554 1554 753 713 1555 1555 755 711 1556 1556 753 713 1557 1557 752 709 1558 1558 755 711 1559 1559 751 710 1560 1560 754 712 1561 1561 755 711 1562 1562 757 714 1563 1563 756 715 1564 1564 760 716 1565 1565 759 717 1566 1566 758 718 1567 1567 760 716 1568 1568 758 718 1569 1569 757 714 1570 1570 760 716 1571 1571 756 715 1572 1572 759 717 1573 1573 760 716 1574 1574 762 719 1575 1575 761 720 1576 1576 765 721 1577 1577 764 722 1578 1578 763 723 1579 1579 765 721 1580 1580 763 723 1581 1581 762 719 1582 1582 765 721 1583 1583 761 720 1584 1584 764 722 1585 1585 765 721 1586 1586 767 724 1587 1587 766 725 1588 1588 770 726 1589 1589 769 727 1590 1590 768 728 1591 1591 770 726 1592 1592 768 728 1593 1593 767 724 1594 1594 770 726 1595 1595 766 725 1596 1596 769 727 1597 1597 770 726 1598 1598 772 724 1599 1599 771 725 1600 1600 775 726 1601 1601 774 727 1602 1602 773 728 1603 1603 775 726 1604 1604 773 728 1605 1605 772 724 1606 1606 775 726 1607 1607 771 725 1608 1608 774 727 1609 1609 775 726 1610 1610 777 729 1611 1611 776 730 1612 1612 780 731 1613 1613 779 732 1614 1614 778 733 1615 1615 780 731 1616 1616 778 733 1617 1617 777 729 1618 1618 780 731 1619 1619 776 730 1620 1620 779 732 1621 1621 780 731 1622 1622 782 734 1623 1623 781 735 1624 1624 785 736 1625 1625 784 737 1626 1626 783 738 1627 1627 785 736 1628 1628 783 738 1629 1629 782 734 1630 1630 785 736 1631 1631 781 735 1632 1632 784 737 1633 1633 785 736 1634 1634 787 739 1635 1635 786 740 1636 1636 790 741 1637 1637 789 742 1638 1638 788 743 1639 1639 790 741 1640 1640 788 743 1641 1641 787 739 1642 1642 790 741 1643 1643 786 740 1644 1644 789 742 1645 1645 790 741 1646 1646 792 744 1647 1647 791 745 1648 1648 795 746 1649 1649 794 747 1650 1650 793 748 1651 1651 795 746 1652 1652 793 748 1653 1653 792 744 1654 1654 795 746 1655 1655 791 745 1656 1656 794 747 1657 1657 795 746 1658 1658 797 749 1659 1659 796 750 1660 1660 800 751 1661 1661 799 752 1662 1662 798 753 1663 1663 800 751 1664 1664 798 753 1665 1665 797 749 1666 1666 800 751 1667 1667 796 750 1668 1668 799 752 1669 1669 800 751 1670 1670 802 754 1671 1671 801 755 1672 1672 805 756 1673 1673 804 757 1674 1674 803 758 1675 1675 805 756 1676 1676 803 758 1677 1677 802 754 1678 1678 805 756 1679 1679 801 755 1680 1680 804 757 1681 1681 805 756 1682 1682 807 759 1683 1683 806 760 1684 1684 810 761 1685 1685 809 762 1686 1686 808 763 1687 1687 810 761 1688 1688 808 763 1689 1689 807 759 1690 1690 810 761 1691 1691 806 760 1692 1692 809 762 1693 1693 810 761 1694 1694 812 764 1695 1695 811 765 1696 1696 815 766 1697 1697 814 767 1698 1698 813 768 1699 1699 815 766 1700 1700 813 768 1701 1701 812 764 1702 1702 815 766 1703 1703 811 765 1704 1704 814 767 1705 1705 815 766 1706 1706 821 769 1707 1707 818 770 1708 1708 819 771 1709 1709 817 772 1710 1710 816 773 1711 1711 820 774 1712 1712 823 775 1713 1713 821 769 1714 1714 822 776 1715 1715 822 776 1716 1716 821 769 1717 1717 819 771 1718 1718 823 775 1719 1719 817 772 1720 1720 820 774 1721 1721 829 777 1722 1722 826 778 1723 1723 827 779 1724 1724 825 780 1725 1725 824 781 1726 1726 828 782 1727 1727 831 783 1728 1728 829 777 1729 1729 830 784 1730 1730 830 784 1731 1731 829 777 1732 1732 827 779 1733 1733 831 783 1734 1734 825 780 1735 1735 828 782 1736 1736 837 777 1737 1737 834 785 1738 1738 835 779 1739 1739 833 780 1740 1740 832 781 1741 1741 836 782 1742 1742 839 783 1743 1743 837 777 1744 1744 838 784 1745 1745 838 784 1746 1746 837 777 1747 1747 835 779 1748 1748 839 783 1749 1749 833 780 1750 1750 836 782 1751 1751 845 786 1752 1752 842 787 1753 1753 843 788 1754 1754 841 789 1755 1755 840 790 1756 1756 844 791 1757 1757 847 792 1758 1758 845 786 1759 1759 846 793 1760 1760 846 793 1761 1761 845 786 1762 1762 843 788 1763 1763 847 792 1764 1764 841 789 1765 1765 844 791 1766 1766 853 794 1767 1767 850 795 1768 1768 851 796 1769 1769 849 797 1770 1770 848 798 1771 1771 852 799 1772 1772 855 800 1773 1773 853 794 1774 1774 854 801 1775 1775 854 801 1776 1776 853 794 1777 1777 851 796 1778 1778 855 800 1779 1779 849 797 1780 1780 852 799 1781 1781 861 802 1782 1782 858 803 1783 1783 859 804 1784 1784 857 805 1785 1785 856 806 1786 1786 860 807 1787 1787 863 808 1788 1788 861 802 1789 1789 862 809 1790 1790 862 809 1791 1791 861 802 1792 1792 859 804 1793 1793 863 808 1794 1794 857 805 1795 1795 860 807 1796 1796 867 810 1797 1797 864 811 1798 1798 865 812 1799 1799 868 813 1800 1800 871 814 1801 1801 870 815 1802 1802 869 816 1803 1803 868 813 1804 1804 870 815 1805 1805 866 817 1806 1806 867 810 1807 1807 865 812 1808 1808 877 818 1809 1809 874 819 1810 1810 875 820 1811 1811 873 821 1812 1812 872 822 1813 1813 876 823 1814 1814 879 824 1815 1815 877 818 1816 1816 878 825 1817 1817 878 825 1818 1818 877 818 1819 1819 875 820 1820 1820 879 824 1821 1821 873 821 1822 1822 876 823 1823 1823 885 826 1824 1824 882 827 1825 1825 883 828 1826 1826 881 829 1827 1827 880 830 1828 1828 884 831 1829 1829 887 832 1830 1830 885 826 1831 1831 886 833 1832 1832 886 833 1833 1833 885 826 1834 1834 883 828 1835 1835 887 832 1836 1836 881 829 1837 1837 884 831 1838 1838 891 834 1839 1839 888 835 1840 1840 889 836 1841 1841 890 837 1842 1842 891 834 1843 1843 889 836 1844 1844 895 838 1845 1845 892 839 1846 1846 893 840 1847 1847 894 841 1848 1848 895 838 1849 1849 893 840 1850 1850 899 842 1851 1851 896 843 1852 1852 897 844 1853 1853 898 845 1854 1854 899 842 1855 1855 897 844 1856 1856 903 846 1857 1857 900 847 1858 1858 901 848 1859 1859 902 849 1860 1860 903 846 1861 1861 901 848 1862 1862 189 168 1899 1899 185 865 1900 1900 190 169 1901 1901 188 175 1902 1902 191 170 1903 1903 192 176 1904 1904 189 168 1905 1905 191 170 1906 1906 188 175 1907 1907 190 169 1908 1908 184 179 1909 1909 192 176 1910 1910 198 168 1911 1911 196 865 1912 1912 199 169 1913 1913 197 175 1914 1914 200 170 1915 1915 201 176 1916 1916 198 168 1917 1917 200 170 1918 1918 197 175 1919 1919 199 169 1920 1920 195 179 1921 1921 201 176 1922 1922 211 184 1923 1923 209 866 1924 1924 212 185 1925 1925 210 187 1926 1926 213 186 1927 1927 214 188 1928 1928 211 184 1929 1929 213 186 1930 1930 210 187 1931 1931 212 185 1932 1932 208 191 1933 1933 214 188 1934 1934 220 192 1935 1935 218 867 1936 1936 221 193 1937 1937 219 195 1938 1938 222 194 1939 1939 223 196 1940 1940 220 192 1941 1941 222 194 1942 1942 219 195 1943 1943 221 193 1944 1944 217 199 1945 1945 223 196 1946 1946 229 200 1947 1947 227 868 1948 1948 230 201 1949 1949 228 203 1950 1950 231 202 1951 1951 232 204 1952 1952 229 200 1953 1953 231 202 1954 1954 228 203 1955 1955 230 201 1956 1956 226 207 1957 1957 232 204 1958 1958 238 208 1959 1959 236 869 1960 1960 239 209 1961 1961 237 211 1962 1962 240 210 1963 1963 241 212 1964 1964 238 208 1965 1965 240 210 1966 1966 237 211 1967 1967 239 209 1968 1968 235 215 1969 1969 241 212 1970 1970 247 216 1971 1971 245 870 1972 1972 248 217 1973 1973 246 219 1974 1974 249 218 1975 1975 250 220 1976 1976 247 216 1977 1977 249 218 1978 1978 246 219 1979 1979 248 217 1980 1980 244 223 1981 1981 250 220 1982 1982 256 224 1983 1983 254 871 1984 1984 257 225 1985 1985 255 227 1986 1986 258 226 1987 1987 259 228 1988 1988 256 224 1989 1989 258 226 1990 1990 255 227 1991 1991 257 225 1992 1992 253 231 1993 1993 259 228 1994 1994 265 232 1995 1995 263 872 1996 1996 266 233 1997 1997 264 235 1998 1998 267 234 1999 1999 268 236 2000 2000 265 232 2001 2001 267 234 2002 2002 264 235 2003 2003 266 233 2004 2004 262 239 2005 2005 268 236 2006 2006 274 240 2007 2007 272 873 2008 2008 275 241 2009 2009 273 243 2010 2010 276 242 2011 2011 277 244 2012 2012 274 240 2013 2013 276 242 2014 2014 273 243 2015 2015 275 241 2016 2016 271 247 2017 2017 277 244 2018 2018 283 248 2019 2019 281 874 2020 2020 284 249 2021 2021 282 251 2022 2022 285 250 2023 2023 286 252 2024 2024 283 248 2025 2025 285 250 2026 2026 282 251 2027 2027 284 249 2028 2028 280 255 2029 2029 286 252 2030 2030 292 256 2031 2031 290 875 2032 2032 293 257 2033 2033 291 259 2034 2034 294 258 2035 2035 295 260 2036 2036 292 256 2037 2037 294 258 2038 2038 291 259 2039 2039 293 257 2040 2040 289 263 2041 2041 295 260 2042 2042 301 264 2043 2043 299 876 2044 2044 302 265 2045 2045 300 267 2046 2046 303 266 2047 2047 304 268 2048 2048 301 264 2049 2049 303 266 2050 2050 300 267 2051 2051 302 265 2052 2052 298 271 2053 2053 304 268 2054 2054 310 272 2055 2055 308 877 2056 2056 311 273 2057 2057 309 275 2058 2058 312 274 2059 2059 313 276 2060 2060 310 272 2061 2061 312 274 2062 2062 309 275 2063 2063 311 273 2064 2064 307 279 2065 2065 313 276 2066 2066 319 280 2067 2067 317 878 2068 2068 320 281 2069 2069 318 283 2070 2070 321 282 2071 2071 322 284 2072 2072 319 280 2073 2073 321 282 2074 2074 318 283 2075 2075 320 281 2076 2076 316 287 2077 2077 322 284 2078 2078 328 288 2079 2079 326 879 2080 2080 329 289 2081 2081 327 291 2082 2082 330 290 2083 2083 331 292 2084 2084 328 288 2085 2085 330 290 2086 2086 327 291 2087 2087 329 289 2088 2088 325 295 2089 2089 331 292 2090 2090 369 328 2091 2091 367 880 2092 2092 370 329 2093 2093 368 331 2094 2094 371 330 2095 2095 372 332 2096 2096 369 328 2097 2097 371 330 2098 2098 368 331 2099 2099 370 329 2100 2100 366 335 2101 2101 372 332 2102 2102 823 775 2103 2103 820 774 2104 2104 821 769 2105 2105 831 783 2106 2106 828 782 2107 2107 829 777 2108 2108 839 783 2109 2109 836 782 2110 2110 837 777 2111 2111 847 792 2112 2112 844 791 2113 2113 845 786 2114 2114 855 800 2115 2115 852 799 2116 2116 853 794 2117 2117 863 808 2118 2118 860 807 2119 2119 861 802 2120 2120 879 824 2121 2121 876 823 2122 2122 877 818 2123 2123 887 832 2124 2124 884 831 2125 2125 885 826 2126 2126</p>
        </polylist>
      </mesh>
      <extra><technique profile="MAYA"><double_sided>1</double_sided></technique></extra>
    </geometry>
    <geometry id="tree_oak_bush_a200-mesh" name="tree_oak_bush_a200">
      <mesh>
        <source id="tree_oak_bush_a200-mesh-positions">
          <float_array id="tree_oak_bush_a200-mesh-positions-array" count="717">2.213162 1.159657 0.5099098 2.083612 2.769158 -0.04159206 2.909033 2.040362 -0.06496322 1.349018 1.918652 0.5358595 1.988568 1.627151 0.5661576 0.5926605 2.438766 0.01465582 1.662082 2.701062 -0.008715331 0.8722542 1.350273 0.5921074 0.3264189 1.68567 1.150434 -0.8551031 2.041251 -0.02812308 0.2114802 2.302493 0.05650788 -0.7874937 1.411113 1.064944 1.107876 1.413342 1.327632 0.1285528 2.163915 0.1490746 1.218582 2.03094 0.2337055 -0.03113311 1.550608 1.242142 1.720115 0.8574949 1.276336 1.166349 2.18425 0.3573729 2.149938 1.69521 0.4373822 0.6914491 1.366141 1.194993 1.667516 0.2996328 1.307632 2.304896 1.588308 0.3886692 2.581626 0.5252799 0.4686785 1.375986 1.409536 1.226289 1.737348 -0.4718078 1.129026 2.469799 0.6785535 0.103544 2.495261 -0.4223589 0.1223082 1.708726 0.6781423 1.112111 2.127126 -1.306091 0.9980705 2.417686 0.02634626 -0.02741116 2.821434 -0.9981752 -0.008646965 1.703492 -0.2366342 0.9811561 1.503047 -0.9990929 1.030883 2.866785 -0.9931892 0.00540173 1.954471 -1.609906 0.02416592 2.454902 -0.3532007 1.013969 1.253968 -1.037824 1.699362 2.356061 0.005353927 0.9192358 2.236941 -1.089521 0.9110425 1.375784 0.1060898 1.710026 1.114177 -0.2799475 1.562415 2.20707 0.897858 0.9881458 2.221454 -0.2031444 0.9637526 1.096195 0.8700238 1.589496 0.9625806 0.01742696 1.509469 1.144155 1.681722 1.179958 1.872179 0.8623885 1.288047 0.1996131 0.8710988 1.397144 0.7393841 0.6296711 1.299813 -0.2518994 1.978821 0.9703024 0.838454 1.867214 1.078391 -0.3999319 0.7429584 1.187488 -0.06539827 1.332719 1.335172 -1.465329 0.7632325 0.5431464 -0.9851451 1.753648 0.5820184 -0.5645726 0.2969456 1.296575 -0.8047341 0.8223301 0.8146236 -2.289417 1.104882 0.02259778 -1.348163 1.675442 0.06146973 -1.786576 0.2240094 0.7760265 -1.581109 0.9249383 0.8450791 -2.385089 -0.3548025 0.05305325 -2.573563 0.7296218 0.0919252 -1.381567 -0.2073975 0.806482 -1.854119 0.3405713 0.8043074 -1.413754 -1.10518 0.01228147 -2.356613 -0.5372751 0.05115348 -0.8678087 -0.2503539 0.7657102 -0.5495833 0.835699 1.128487 -1.936427 -0.1143417 0.8360632 -1.760631 0.9724445 0.8044204 -0.7299968 -0.2999907 1.162408 0.3069459 0.922994 1.496768 -0.9073773 -0.2116985 1.110352 -0.9096947 0.8882228 1.16672 0.3126157 -0.2259595 1.438765 0.790372 -0.5642659 1.582232 0.8480904 1.136684 1.460324 1.635885 0.3692555 1.518988 -0.03486567 0.2349452 1.521117 0.3655823 -0.9988413 1.680723 1.871623 -0.2061226 1.558816 1.595404 -1.270675 1.617479 0.6508536 0.1139819 1.619609 -0.03937017 -0.2274603 1.666935 0.9278439 -1.570394 1.251664 -0.1615604 -1.408754 1.242707 1.099016 -0.3931654 1.677426 -0.1336577 0.2759282 1.513352 -0.5644634 -1.307916 1.047229 -1.096881 -0.3456233 0.9877768 0.4251117 -0.7276823 1.576863 0.7174261 -0.9383775 1.56517 1.981709 -1.649718 0.6668317 0.9342657 -1.9447 0.8367109 1.811071 -0.6275333 1.389649 0.1221325 -1.014524 1.371425 0.8448481 -2.272339 0.4730866 -0.2061279 -1.990203 0.6429657 1.220924 -1.306655 1.195904 0.7004057 -2.017039 0.9223552 2.122775 -1.75247 0.01775765 1.373955 -2.560004 0.004816949 1.480871 -1.171988 0.938324 0.2300374 -1.914869 0.8186362 1.314678 -2.933755 -0.01614153 0.2251529 -2.977133 0.1389836 1.368237 -1.866717 0.6583976 -1.879531 -1.633411 1.271299 -0.7282306 -2.114763 0.1075829 -1.752309 -2.456968 0.3247651 -0.8100537 -1.273723 1.046944 -2.051022 -1.039901 1.18055 -1.893654 -2.53561 0.3746235 -2.681346 -1.765904 0.36448 -1.226466 -1.842046 1.193325 -1.745234 -1.225598 1.21646 -1.591841 -0.6975717 1.068595 -2.812434 -1.711415 0.4411397 -2.659332 -0.6214625 0.4014923 -1.74893 -1.836409 1.111795 -1.13163 -0.2924473 1.25486 -2.54289 -0.5166068 0.3223768 -1.752784 0.2503896 0.3009975 -1.955366 -1.09515 1.279741 -1.102484 -1.205533 1.225908 0.106556 -2.100034 0.4199817 -0.9930896 -2.16074 0.4098382 0.04598301 -1.139565 1.238683 -1.730004 -0.660661 1.259 -0.4928324 -1.813756 1.03272 -1.588793 -1.872841 0.9411359 -0.5854717 -0.5957013 1.355523 -0.7497046 0.2567787 1.073411 -1.753149 -1.108163 1.277027 -1.956675 -0.08134293 0.9346461 -0.5338669 -0.8150002 1.431455 1.120795 -0.09139406 1.640105 -0.5446594 -0.4418548 1.518197 0.01225757 0.5065182 1.57686 0.5419653 -1.08372 1.57899 -1.553449 2.337467 0.3162407 -1.259079 0.9918659 0.4453524 -2.609181 1.090224 0.0734539 -1.893842 0.2839378 0.4925253 -2.124756 1.592084 0.1521484 -1.38096 0.8267471 0.5731675 -2.102463 1.646237 0.3162407 -1.496285 2.000137 0.2802443 -0.7809464 1.193851 0.6993157 -1.01186 2.501997 0.3589388 -0.2680639 1.73666 0.7799578 -0.07443356 2.54793 0.2354085 -0.4854106 1.566438 1.119567 -0.8730763 2.183791 0.3291518 -0.7784331 1.84938 0.8975818 -0.3153676 0.8168116 1.135905 -0.1577273 2.168939 0.9706011 0.3451259 1.166351 1.211822 2.917074 1.348216 0.2284418 1.913207 1.358515 0.8025256 2.942039 0.6468266 0.2408947 1.947289 0.6082103 0.8111675 2.77984 -1.495347 0.2424722 2.216568 -0.664336 0.8165561 2.21754 -1.915333 0.2549251 1.619253 -1.119675 0.8251979 2.92293 0.04117888 0.02053725 1.919299 0.0171284 0.5946211 2.971876 -0.6589452 0.03299009 1.97903 -0.7315711 0.6032629 0.8151781 2.53497 0.1301804 0.7683482 1.532144 0.7042641 1.517011 2.534391 0.1426332 1.519396 1.538894 0.712906 2.078162 2.274108 0.2359333 1.260321 1.691879 0.810017 2.510966 1.721614 0.2483861 1.729274 1.105191 0.8186588 0.3145102 2.008631 1.131028 0.05352169 0.8948594 1.300803 1.002366 1.877429 1.179657 0.7912464 0.7628663 1.351143 -0.9131408 0.7489407 1.194419 0.009969234 0.07331478 1.364194 -0.5234763 1.330767 1.243048 0.4198575 0.7007316 1.414534 -1.685016 -1.960792 1.035084 -0.88308 -1.145009 1.204859 -2.204423 -1.491135 1.083712 -1.444676 -0.6487529 1.255198 -2.263943 -0.9504292 1.067749 -1.147698 -1.048718 1.35369 -2.190879 -0.2660517 0.9298572 -1.077882 -0.3160439 1.203663 -0.7759953 -2.646242 0.1593022 -0.9741048 -1.662118 0.7334795 -1.447812 -2.841112 0.2177249 -1.691276 -1.877796 0.7912926 0.8150533 -2.55802 0.6173712 1.148428 -1.506647 0.9650816 0.1373252 -2.393086 0.6961541 0.4209934 -1.338038 1.046348 -0.293645 -1.674693 1.075167 0.02877193 -0.5770009 1.244123 -0.9723821 -1.508444 1.14151 -0.6996691 -0.4073966 1.313417 -3.05536 -1.44167 0.2562637 -2.047303 -1.575034 0.8071386 -3.013973 -0.7425855 0.3041431 -2.010452 -0.8262653 0.8538452 -2.715214 -2.432038 -0.04712879 -2.000661 -1.784194 0.9446763 -1.919376 -2.626648 0.2814788 -0.6137084 -2.54029 0.07928699 -0.5392118 -1.578657 1.071092 0.09842926 -2.135208 0.4078946 1.373821 -2.807603 0.02140164 1.245716 -1.745386 0.8984711 1.919599 -2.126246 0.1521508 2.719901 -0.4473869 0.808959 1.647454 0.2064099 1.388935 2.618299 0.4134754 0.9757158 -1.029801 1.709447 0.8970682 -0.6044814 0.4549858 1.277195 -1.496966 0.9616649 0.9393997 1.821246 0.1607193 1.646049 0.4459004 0.01127761 1.653592 1.194903 0.7792592 1.580341 2.051085 -0.8277147 1.709664 0.682047 -0.6331254 1.752505 1.594984 -0.07425403 1.650645 0.5536283 -1.0199 1.804767 0.07244032 0.2623177 1.608958 0.9968947 -0.2567106 1.78829 -1.358427 -1.074381 1.418296 -0.2050198 -0.5899944 1.242639 -1.688319 -0.3912898 1.306569 -0.566611 0.1369095 1.124035</float_array>
          <technique_common>
            <accessor source="#tree_oak_bush_a200-mesh-positions-array" count="239" stride="3">
              <param name="X" type="float"/>
              <param name="Y" type="float"/>
              <param name="Z" type="float"/>
            </accessor>
          </technique_common>
        </source>
        <source id="tree_oak_bush_a200-mesh-normals">
          <float_array id="tree_oak_bush_a200-mesh-normals-array" count="339">0.3166961 0.3301855 0.8892027 -0.09055066 0.4484501 0.8892093 -0.2435098 0.8336832 0.4956565 0.06714195 0.8659175 0.4956601 0.2473236 0.6193467 0.7451449 0.6295777 0.2199509 0.7451535 0.7978947 0.02868807 0.6021139 0.7389944 0.3022326 0.6021153 0.4555969 -0.6556531 0.6021216 0.6215882 -0.0734601 0.7798922 0.4762572 -0.01324546 0.8792064 0.06488388 0.1869913 0.9802165 -0.07855677 0.1816511 0.9802203 -0.5492553 0.2348152 0.8019854 -0.3335139 0.4955709 0.8019838 -0.5830097 -0.1300731 0.8019855 -0.2835868 -0.5257282 0.8019904 -0.2506213 0.06863701 0.965649 -0.2601435 -0.04995948 0.9642766 -0.004486262 0.07162803 0.9974214 0.0600003 0.03936946 0.9974218 -0.05700969 -0.3322006 0.9414843 -0.3910421 -0.1603477 0.9062973 0.2779979 -0.5232183 0.8055804 -0.02865731 -0.5917941 0.8055797 0.5288069 -0.5013396 0.6848518 0.1399623 -0.5340906 0.8337613 0.3622675 -0.6785115 0.6390497 -0.4578871 -0.4585585 0.7616191 -0.5497209 0.1204002 0.8266261 -0.5846283 0.1819562 0.7906338 -0.5997339 0.04220813 0.7990857 -0.5187703 0.5525859 0.6523236 0.02868801 -0.647404 0.7616069 -0.06643927 -0.2603249 0.9632325 -0.1860775 0.277392 0.942565 -0.0684846 -0.02145481 0.9974215 -0.09403014 0.07468086 0.9927644 -0.3370871 0.1809802 0.9239148 -0.3371158 0.1807961 0.9239404 -0.3370218 0.1811611 0.9239031 -0.242263 0.7034113 0.6682224 -0.1864128 0.1406641 0.9723498 -0.1865051 0.1405121 0.9723539 -0.1862902 0.1408468 0.9723467 0.4963006 0.03271639 0.8675342 0.4962159 0.03286945 0.8675768 0.4964218 0.03253322 0.8674716 0.3095554 -0.3893019 0.8675365 0.3096208 -0.3891547 0.8675792 0.309467 -0.3894889 0.867484 0.4948958 0.04965436 0.8675325 0.4948098 0.04980748 0.8675729 0.4950179 0.04950177 0.8674716 -0.01461863 0.497157 0.8675374 -0.01477128 0.4970968 0.8675694 -0.01443547 0.4972766 0.8674721 0.3820953 0.3184331 0.8675273 0.3819214 0.3185018 0.8675786 0.3822831 0.3183454 0.8674768 -0.03897327 0.1593725 0.986449 -0.03912484 0.1593072 0.9864535 -0.03875958 0.1594333 0.9864476 -0.1619359 0.02639925 0.9864482 -0.1619318 0.02621549 0.9864537 -0.1619053 0.02661287 0.9864475 -0.049533 -0.1564121 0.9864491 -0.04934859 -0.1564385 0.9864541 -0.04974657 -0.1563509 0.9864481 -0.2243143 0.215769 0.9503298 -0.2242217 0.2156155 0.9503866 -0.2244054 0.2159517 0.9502668 0.208389 -0.4611232 0.8625193 0.2085065 -0.4609911 0.8625615 0.2082338 -0.4612702 0.8624782 0.0310989 -0.3225862 0.9460291 0.03125196 -0.32253 0.9460433 0.03088575 -0.3226523 0.9460136 0.05481153 -0.1674865 0.9843496 0.05499464 -0.1674255 0.9843497 0.05459797 -0.1675478 0.984351 -0.4823613 -0.03103834 0.8754224 -0.4822863 -0.03119003 0.8754583 -0.4824471 -0.03085488 0.8753815 -0.4276677 -0.5842625 0.6897374 0.09033775 -0.7183988 0.6897409 0.483305 -0.5220037 0.7028005 0.4111849 -0.1263189 0.9027573 -0.2424162 0.2051214 0.9482402 -0.005401849 0.1001942 0.9949532 0.04608345 0.1057173 0.9933279 -0.1351673 0.09979611 0.9857843 0.06799662 0.1933081 0.9787791 0.06814968 0.193218 0.9787863 0.06781274 0.1934281 0.9787682 -0.5398503 -0.1389834 0.830208 -0.4751558 0.3625394 0.8017433 -0.3371734 0.1805806 0.9239614 -0.1866222 0.1403253 0.9723585 0.4961177 0.03305208 0.867626 0.309713 -0.3889418 0.8676418 0.4946869 0.04999053 0.8676323 -0.01495444 0.4969772 0.8676348 0.3817336 0.3185895 0.8676291 -0.0393387 0.1592167 0.9864597 -0.1619327 0.02600198 0.9864592 -0.04913526 -0.15647 0.9864598 -0.2241306 0.2154328 0.9504495 0.2086908 -0.4608411 0.862597 0.03146505 -0.3224638 0.9460587 0.0552082 -0.1673642 0.9843482 -0.4822 -0.03140401 0.8754981 0.06833153 0.1930923 0.9787984</float_array>
          <technique_common>
            <accessor source="#tree_oak_bush_a200-mesh-normals-array" count="113" stride="3">
              <param name="X" type="float"/>
              <param name="Y" type="float"/>
              <param name="Z" type="float"/>
            </accessor>
          </technique_common>
        </source>
        <source id="tree_oak_bush_a200-mesh-map-0">
          <float_array id="tree_oak_bush_a200-mesh-map-0-array" count="690">0.6317252 1.00018e-4 0.006533563 0.5533063 1.00099e-4 9.998e-5 0.6317252 1.00018e-4 0.006533563 0.5533063 1.00099e-4 9.998e-5 0.6317252 1.00018e-4 0.006533563 0.5533063 1.00099e-4 9.998e-5 0.6317252 1.00018e-4 0.006533563 0.5533063 1.00099e-4 9.998e-5 0.6317252 1.00018e-4 0.006533563 0.5533063 1.00099e-4 9.998e-5 0.6317252 1.00018e-4 0.006533563 0.5533063 1.00099e-4 9.998e-5 0.6317252 1.00018e-4 0.006533563 0.5533063 1.00099e-4 9.998e-5 0.6317252 1.00018e-4 0.006533563 0.5533063 1.00099e-4 9.998e-5 0.6317252 1.00018e-4 0.006533563 0.5533063 1.00099e-4 9.998e-5 0.6317252 1.00018e-4 0.006533563 0.5533063 1.00099e-4 9.998e-5 0.006533563 0.5533063 0.6317252 1.00018e-4 0.6455879 0.5713838 0.6317252 1.00018e-4 0.006533563 0.5533063 1.00099e-4 9.998e-5 0.6317252 1.00018e-4 0.006533563 0.5533063 1.00099e-4 9.998e-5 0.6317252 1.00018e-4 0.006533563 0.5533063 1.00099e-4 9.998e-5 0.6317252 1.00018e-4 0.006533563 0.5533063 1.00099e-4 9.998e-5 0.6317252 1.00018e-4 0.006533563 0.5533063 1.00099e-4 9.998e-5 0.6317252 1.00018e-4 0.006533563 0.5533063 1.00099e-4 9.998e-5 0.6317252 1.00018e-4 0.006533563 0.5533063 1.00099e-4 9.998e-5 0.6317252 1.00018e-4 0.006533563 0.5533063 1.00099e-4 9.998e-5 0.6317252 1.00018e-4 0.006533563 0.5533063 1.00099e-4 9.998e-5 0.6317252 1.00018e-4 0.006533563 0.5533063 1.00099e-4 9.998e-5 0.6317252 1.00018e-4 0.006533563 0.5533063 1.00099e-4 9.998e-5 0.6317252 1.00018e-4 0.006533563 0.5533063 1.00099e-4 9.998e-5 0.6317252 1.00018e-4 0.006533563 0.5533063 1.00099e-4 9.998e-5 0.6317252 1.00018e-4 0.006533563 0.5533063 1.00099e-4 9.998e-5 0.6317252 1.00018e-4 0.006533563 0.5533063 1.00099e-4 9.998e-5 0.6317252 1.00018e-4 0.006533563 0.5533063 1.00099e-4 9.998e-5 0.6317252 1.00018e-4 0.006533563 0.5533063 1.00099e-4 9.998e-5 0.6317252 1.00018e-4 0.006533563 0.5533063 1.00099e-4 9.998e-5 0.6370461 0.300652 0.006533563 0.5533063 1.00099e-4 9.998e-5 0.6317252 1.00018e-4 0.006533563 0.5533063 1.00099e-4 9.998e-5 0.6317252 1.00018e-4 0.006533563 0.5533063 1.00099e-4 9.998e-5 0.6317252 1.00018e-4 0.006533563 0.5533063 1.00099e-4 9.998e-5 0.6317252 1.00018e-4 0.006533563 0.5533063 1.00099e-4 9.998e-5 0.006533563 0.5533063 0.6317252 1.00018e-4 0.6455879 0.5713838 9.998e-5 0.9733611 1.00033e-4 0.558623 0.5655792 0.5724869 0.9999001 1.0004e-4 0.6446277 0.5604946 0.6399109 1.00017e-4 0.9999001 1.0004e-4 0.6446277 0.5604946 0.6399109 1.00017e-4 9.998e-5 0.9733611 1.00033e-4 0.558623 0.5655792 0.5724869 0.9999001 1.0004e-4 0.6446277 0.5604946 0.6399109 1.00017e-4 0.9999001 1.0004e-4 0.6446277 0.5604946 0.6399109 1.00017e-4 0.9999001 1.0004e-4 0.6446277 0.5604946 0.6399109 1.00017e-4 0.9999001 1.0004e-4 0.6446277 0.5604946 0.6399109 1.00017e-4 0.9999001 1.0004e-4 0.6446277 0.5604946 0.6399109 1.00017e-4 0.9999001 1.0004e-4 0.6446277 0.5604946 0.6399109 1.00017e-4 0.9999001 1.0004e-4 0.6446277 0.5604946 0.6399109 1.00017e-4 0.9999001 1.0004e-4 0.6446277 0.5604946 0.6399109 1.00017e-4 0.9999001 1.0004e-4 0.6446277 0.5604946 0.6399109 1.00017e-4 0.9999001 1.0004e-4 0.6446277 0.5604946 0.6399109 1.00017e-4 0.9999001 1.0004e-4 0.6446277 0.5604946 0.6399109 1.00017e-4 0.9999001 1.0004e-4 0.6446277 0.5604946 0.6399109 1.00017e-4 0.9999001 1.0004e-4 0.6446277 0.5604946 0.6399109 1.00017e-4 0.9999001 1.0004e-4 0.6446277 0.5604946 0.6399109 1.00017e-4 9.998e-5 0.9733611 1.00033e-4 0.558623 0.5655792 0.5724869 9.998e-5 0.9733611 1.00033e-4 0.558623 0.5655792 0.5724869 9.998e-5 0.9733611 1.00033e-4 0.558623 0.5655792 0.5724869 9.998e-5 0.9733611 1.00033e-4 0.558623 0.5655792 0.5724869 9.998e-5 0.9733611 1.00033e-4 0.558623 0.5655792 0.5724869 9.998e-5 0.9733611 1.00033e-4 0.558623 0.5655792 0.5724869 9.998e-5 0.9733611 1.00033e-4 0.558623 0.5655792 0.5724869 9.998e-5 0.9733611 1.00033e-4 0.558623 0.5655792 0.5724869 0.9999001 1.0004e-4 0.6446277 0.5604946 0.6399109 1.00017e-4 0.6317252 1.00018e-4 0.6455879 0.5713838 0.006533563 0.5533063 0.6317252 1.00018e-4 0.6455879 0.5713838 0.006533563 0.5533063 0.6317252 1.00018e-4 0.6455879 0.5713838 0.006533563 0.5533063 0.6317252 1.00018e-4 0.6455879 0.5713838 0.006533563 0.5533063 0.6317252 1.00018e-4 0.6455879 0.5713838 0.006533563 0.5533063 0.6317252 1.00018e-4 0.6455879 0.5713838 0.006533563 0.5533063 0.6317252 1.00018e-4 0.6455879 0.5713838 0.006533563 0.5533063 0.6317252 1.00018e-4 0.6455879 0.5713838 0.006533563 0.5533063 0.6317252 1.00018e-4 0.6455879 0.5713838 0.006533563 0.5533063 0.6317252 1.00018e-4 0.6455879 0.5713838 0.006533563 0.5533063 0.006533563 0.5533063 1.00099e-4 9.998e-5 0.6317252 1.00018e-4 0.6317252 1.00018e-4 0.6455879 0.5713838 0.006533563 0.5533063 0.6317252 1.00018e-4 0.6455879 0.5713838 0.006533563 0.5533063 0.6317252 1.00018e-4 0.6455879 0.5713838 0.006533563 0.5533063 0.6317252 1.00018e-4 0.6455879 0.5713838 0.006533563 0.5533063 0.6317252 1.00018e-4 0.6455879 0.5713838 0.006533563 0.5533063 0.6317252 1.00018e-4 0.6455879 0.5713838 0.006533563 0.5533063 0.6317252 1.00018e-4 0.6455879 0.5713838 0.006533563 0.5533063 0.6317252 1.00018e-4 0.6455879 0.5713838 0.006533563 0.5533063 0.6317252 1.00018e-4 0.6455879 0.5713838 0.006533563 0.5533063 0.6317252 1.00018e-4 0.6455879 0.5713838 0.006533563 0.5533063 0.6317252 1.00018e-4 0.6455879 0.5713838 0.006533563 0.5533063 0.6317252 1.00018e-4 0.6455879 0.5713838 0.006533563 0.5533063 0.6317252 1.00018e-4 0.6455879 0.5713838 0.006533563 0.5533063 0.6317252 1.00018e-4 0.6455879 0.5713838 0.006533563 0.5533063 0.6317252 1.00018e-4 0.6455879 0.5713838 0.006533563 0.5533063 0.6317252 1.00018e-4 0.6455879 0.5713838 0.006533563 0.5533063 0.6317252 1.00018e-4 0.6455879 0.5713838 0.006533563 0.5533063 0.6317252 1.00018e-4 0.6455879 0.5713838 0.006533563 0.5533063 1.00099e-4 9.998e-5 0.6317252 1.00018e-4 0.6370461 0.300652 0.6370461 0.300652 0.6455879 0.5713838 0.006533563 0.5533063 0.6317252 1.00018e-4 0.6455879 0.5713838 0.006533563 0.5533063 0.6317252 1.00018e-4 0.6455879 0.5713838 0.006533563 0.5533063 0.6317252 1.00018e-4 0.6455879 0.5713838 0.006533563 0.5533063 0.6317252 1.00018e-4 0.6455879 0.5713838 0.006533563 0.5533063 0.006533563 0.5533063 1.00099e-4 9.998e-5 0.6317252 1.00018e-4 0.9999001 1.0004e-4 0.9994118 0.5666688 0.6446277 0.5604946 0.9999001 1.0004e-4 0.9994118 0.5666688 0.6446277 0.5604946 0.9999001 1.0004e-4 0.9994118 0.5666688 0.6446277 0.5604946 0.9999001 1.0004e-4 0.9994118 0.5666688 0.6446277 0.5604946 0.9999001 1.0004e-4 0.9994118 0.5666688 0.6446277 0.5604946 0.9999001 1.0004e-4 0.9994118 0.5666688 0.6446277 0.5604946 0.9999001 1.0004e-4 0.9994118 0.5666688 0.6446277 0.5604946 0.9999001 1.0004e-4 0.9994118 0.5666688 0.6446277 0.5604946 0.9999001 1.0004e-4 0.9994118 0.5666688 0.6446277 0.5604946 0.9999001 1.0004e-4 0.9994118 0.5666688 0.6446277 0.5604946 0.9999001 1.0004e-4 0.9994118 0.5666688 0.6446277 0.5604946 0.9999001 1.0004e-4 0.9994118 0.5666688 0.6446277 0.5604946 0.9999001 1.0004e-4 0.9994118 0.5666688 0.6446277 0.5604946 0.9999001 1.0004e-4 0.9994118 0.5666688 0.6446277 0.5604946 0.9999001 1.0004e-4 0.9994118 0.5666688 0.6446277 0.5604946 0.9999001 1.0004e-4 0.9994118 0.5666688 0.6446277 0.5604946 0.9999001 1.0004e-4 0.9994118 0.5666688 0.6446277 0.5604946</float_array>
          <technique_common>
            <accessor source="#tree_oak_bush_a200-mesh-map-0-array" count="345" stride="2">
              <param name="S" type="float"/>
              <param name="T" type="float"/>
            </accessor>
          </technique_common>
        </source>
        <source id="tree_oak_bush_a200-mesh-colors-Col" name="Col">
          <float_array id="tree_oak_bush_a200-mesh-colors-Col-array" count="1035">0 0.1882353 0.6078432 0.9372549 0.9254902 1 0.4509804 0.1372549 0.7529412 0 0.1882353 0.6078432 0.9372549 0.9254902 1 0.4509804 0.1372549 0.7529412 0 0.1882353 0.6078432 0.9372549 0.9254902 1 0.4509804 0.1372549 0.7529412 0 0.1882353 0.6078432 0.9372549 0.9254902 1 0.4509804 0.1372549 0.7529412 0 0.1882353 0.6078432 0.9372549 0.9254902 1 0.4509804 0.1372549 0.7529412 0 0.1882353 0.6078432 0.9372549 0.9254902 1 0.4509804 0.1372549 0.7529412 0 0.1882353 0.6078432 0.9372549 0.9254902 1 0.4509804 0.1372549 0.7529412 0 0.1882353 0.6078432 0.9372549 0.9254902 1 0.4509804 0.1372549 0.7529412 0 0.1882353 0.6078432 0.9372549 0.9254902 1 0.4509804 0.1372549 0.7529412 0 0.1882353 0.6078432 0.9372549 0.9254902 1 0.4509804 0.1372549 0.7529412 0.9372549 0.9254902 1 0 0.1882353 0.6078432 0 0.1607843 0.6196079 0 0.1882353 0.6078432 0.9372549 0.9254902 1 0.4509804 0.1372549 0.7529412 0 0.1882353 0.6078432 0.9372549 0.9254902 1 0.4509804 0.1372549 0.7529412 0 0.1882353 0.6078432 0.9372549 0.9254902 1 0.4509804 0.1372549 0.7529412 0 0.1882353 0.6078432 0.9372549 0.9254902 1 0.4509804 0.1372549 0.7529412 0 0.1882353 0.6078432 0.9372549 0.9254902 1 0.4509804 0.1372549 0.7529412 0 0.1882353 0.6078432 0.9372549 0.9254902 1 0.4509804 0.1372549 0.7529412 0 0.1882353 0.6078432 0.9372549 0.9254902 1 0.4509804 0.1372549 0.7529412 0 0.1882353 0.6078432 0.9372549 0.9254902 1 0.4509804 0.1372549 0.7529412 0 0.1882353 0.6078432 0.9372549 0.9254902 1 0.4509804 0.1372549 0.7529412 0 0.1882353 0.6078432 0.9372549 0.9254902 1 0.4509804 0.1372549 0.7529412 0 0.1882353 0.6078432 0.9372549 0.9254902 1 0.4509804 0.1372549 0.7529412 0 0.1882353 0.6078432 0.9372549 0.9254902 1 0.4509804 0.1372549 0.7529412 0 0.1882353 0.6078432 0.9372549 0.9254902 1 0.4509804 0.1372549 0.7529412 0 0.1882353 0.6078432 0.9372549 0.9254902 1 0.4509804 0.1372549 0.7529412 0 0.1882353 0.6078432 0.9372549 0.9254902 1 0.4509804 0.1372549 0.7529412 0 0.1882353 0.6078432 0.9372549 0.9254902 1 0.4509804 0.1372549 0.7529412 0 0.1882353 0.6078432 0.9372549 0.9254902 1 0.4509804 0.1372549 0.7529412 0 0.1882353 0.6078432 0.9372549 0.9254902 1 0.4509804 0.1372549 0.7529412 0 0.3137255 0 0.9372549 0.9254902 1 0.4509804 0.1372549 0.7529412 0 0.1882353 0.6078432 0.9372549 0.9254902 1 0.4509804 0.1372549 0.7529412 0 0.1882353 0.6078432 0.9372549 0.9254902 1 0.4509804 0.1372549 0.7529412 0 0.1882353 0.6078432 0.9372549 0.9254902 1 0.4509804 0.1372549 0.7529412 0 0.1882353 0.6078432 0.9372549 0.9254902 1 0.4509804 0.1372549 0.7529412 0.9372549 0.9254902 1 0 0.1882353 0.6078432 0 0.1607843 0.6196079 0.5725491 0.172549 1 0.5137255 0.3254902 1 0.07058823 0.2980392 0 0.02352941 0.05882352 0.5254902 0.7176471 0.5254902 1 0 0.07058823 0.2666667 0.02352941 0.05882352 0.5254902 0.7176471 0.5254902 1 0 0.07058823 0.2666667 0.5725491 0.172549 1 0.5137255 0.3254902 1 0.07058823 0.2980392 0 0.02352941 0.05882352 0.5254902 0.7176471 0.5254902 1 0 0.07058823 0.2666667 0.02352941 0.05882352 0.5254902 0.7176471 0.5254902 1 0 0.07058823 0.2666667 0.02352941 0.05882352 0.5254902 0.7176471 0.5254902 1 0 0.07058823 0.2666667 0.02352941 0.05882352 0.5254902 0.7176471 0.5254902 1 0 0.07058823 0.2666667 0.02352941 0.05882352 0.5254902 0.7176471 0.5254902 1 0 0.07058823 0.2666667 0.02352941 0.05882352 0.5254902 0.7176471 0.5254902 1 0 0.07058823 0.2666667 0.02352941 0.05882352 0.5254902 0.7176471 0.5254902 1 0 0.07058823 0.2666667 0.02352941 0.05882352 0.5254902 0.7176471 0.5254902 1 0 0.07058823 0.2666667 0.02352941 0.05882352 0.5254902 0.7176471 0.5254902 1 0 0.07058823 0.2666667 0.02352941 0.05882352 0.5254902 0.7176471 0.5254902 1 0 0.07058823 0.2666667 0.02352941 0.05882352 0.5254902 0.7176471 0.5254902 1 0 0.07058823 0.2666667 0.02352941 0.05882352 0.5254902 0.7176471 0.5254902 1 0 0.07058823 0.2666667 0.02352941 0.05882352 0.5254902 0.7176471 0.5254902 1 0 0.07058823 0.2666667 0.02352941 0.05882352 0.5254902 0.7176471 0.5254902 1 0 0.07058823 0.2666667 0.5725491 0.172549 1 0.5137255 0.3254902 1 0.07058823 0.2980392 0 0.5725491 0.172549 1 0.5137255 0.3254902 1 0.07058823 0.2980392 0 0.5725491 0.172549 1 0.5137255 0.3254902 1 0.07058823 0.2980392 0 0.5725491 0.172549 1 0.5137255 0.3254902 1 0.07058823 0.2980392 0 0.5725491 0.172549 1 0.5137255 0.3254902 1 0.07058823 0.2980392 0 0.5725491 0.172549 1 0.5137255 0.3254902 1 0.07058823 0.2980392 0 0.5725491 0.172549 1 0.5137255 0.3254902 1 0.07058823 0.2980392 0 0.5725491 0.172549 1 0.5137255 0.3254902 1 0.07058823 0.2980392 0 0.02352941 0.05882352 0.5254902 0.7176471 0.5254902 1 0 0.07058823 0.2666667 0 0.1882353 0.6078432 0 0.1607843 0.6196079 0.9372549 0.9254902 1 0 0.1882353 0.6078432 0 0.1607843 0.6196079 0.9372549 0.9254902 1 0 0.1882353 0.6078432 0 0.1607843 0.6196079 0.9372549 0.9254902 1 0 0.1882353 0.6078432 0 0.1607843 0.6196079 0.9372549 0.9254902 1 0 0.1882353 0.6078432 0 0.1607843 0.6196079 0.9372549 0.9254902 1 0 0.1882353 0.6078432 0 0.1607843 0.6196079 0.9372549 0.9254902 1 0 0.1882353 0.6078432 0 0.1607843 0.6196079 0.9372549 0.9254902 1 0 0.1882353 0.6078432 0 0.1607843 0.6196079 0.9372549 0.9254902 1 0 0.1882353 0.6078432 0 0.1607843 0.6196079 0.9372549 0.9254902 1 0 0.1882353 0.6078432 0 0.1607843 0.6196079 0.9372549 0.9254902 1 0.9372549 0.9254902 1 0.4509804 0.1372549 0.7529412 0 0.1882353 0.6078432 0 0.1882353 0.6078432 0 0.1607843 0.6196079 0.9372549 0.9254902 1 0 0.1882353 0.6078432 0 0.1607843 0.6196079 0.9372549 0.9254902 1 0 0.1882353 0.6078432 0 0.1607843 0.6196079 0.9372549 0.9254902 1 0 0.1882353 0.6078432 0 0.1607843 0.6196079 0.9372549 0.9254902 1 0 0.1882353 0.6078432 0 0.1607843 0.6196079 0.9372549 0.9254902 1 0 0.1882353 0.6078432 0 0.1607843 0.6196079 0.9372549 0.9254902 1 0 0.1882353 0.6078432 0 0.1607843 0.6196079 0.9372549 0.9254902 1 0 0.1882353 0.6078432 0 0.1607843 0.6196079 0.9372549 0.9254902 1 0 0.1882353 0.6078432 0 0.1607843 0.6196079 0.9372549 0.9254902 1 0 0.1882353 0.6078432 0 0.1607843 0.6196079 0.9372549 0.9254902 1 0 0.1882353 0.6078432 0 0.1607843 0.6196079 0.9372549 0.9254902 1 0 0.1882353 0.6078432 0 0.1607843 0.6196079 0.9372549 0.9254902 1 0 0.1882353 0.6078432 0 0.1607843 0.6196079 0.9372549 0.9254902 1 0 0.1882353 0.6078432 0 0.1607843 0.6196079 0.9372549 0.9254902 1 0 0.1882353 0.6078432 0 0.1607843 0.6196079 0.9372549 0.9254902 1 0 0.1882353 0.6078432 0 0.1607843 0.6196079 0.9372549 0.9254902 1 0 0.1882353 0.6078432 0 0.1607843 0.6196079 0.9372549 0.9254902 1 0 0.1882353 0.6078432 0 0.1607843 0.6196079 0.9372549 0.9254902 1 0.4509804 0.1372549 0.7529412 0 0.1882353 0.6078432 0 0.3137255 0 0 0.3137255 0 0 0.1607843 0.6196079 0.9372549 0.9254902 1 0 0.1882353 0.6078432 0 0.1607843 0.6196079 0.9372549 0.9254902 1 0 0.1882353 0.6078432 0 0.1607843 0.6196079 0.9372549 0.9254902 1 0 0.1882353 0.6078432 0 0.1607843 0.6196079 0.9372549 0.9254902 1 0 0.1882353 0.6078432 0 0.1607843 0.6196079 0.9372549 0.9254902 1 0.9372549 0.9254902 1 0.4509804 0.1372549 0.7529412 0 0.1882353 0.6078432 0.02352941 0.05882352 0.5254902 0.7607843 0.5764706 1 0.7176471 0.5254902 1 0.02352941 0.05882352 0.5254902 0.7607843 0.5764706 1 0.7176471 0.5254902 1 0.02352941 0.05882352 0.5254902 0.7607843 0.5764706 1 0.7176471 0.5254902 1 0.02352941 0.05882352 0.5254902 0.7607843 0.5764706 1 0.7176471 0.5254902 1 0.02352941 0.05882352 0.5254902 0.7607843 0.5764706 1 0.7176471 0.5254902 1 0.02352941 0.05882352 0.5254902 0.7607843 0.5764706 1 0.7176471 0.5254902 1 0.02352941 0.05882352 0.5254902 0.7607843 0.5764706 1 0.7176471 0.5254902 1 0.02352941 0.05882352 0.5254902 0.7607843 0.5764706 1 0.7176471 0.5254902 1 0.02352941 0.05882352 0.5254902 0.7607843 0.5764706 1 0.7176471 0.5254902 1 0.02352941 0.05882352 0.5254902 0.7607843 0.5764706 1 0.7176471 0.5254902 1 0.02352941 0.05882352 0.5254902 0.7607843 0.5764706 1 0.7176471 0.5254902 1 0.02352941 0.05882352 0.5254902 0.7607843 0.5764706 1 0.7176471 0.5254902 1 0.02352941 0.05882352 0.5254902 0.7607843 0.5764706 1 0.7176471 0.5254902 1 0.02352941 0.05882352 0.5254902 0.7607843 0.5764706 1 0.7176471 0.5254902 1 0.02352941 0.05882352 0.5254902 0.7607843 0.5764706 1 0.7176471 0.5254902 1 0.02352941 0.05882352 0.5254902 0.7607843 0.5764706 1 0.7176471 0.5254902 1 0.02352941 0.05882352 0.5254902 0.7607843 0.5764706 1 0.7176471 0.5254902 1</float_array>
          <technique_common>
            <accessor source="#tree_oak_bush_a200-mesh-colors-Col-array" count="345" stride="3">
              <param name="R" type="float"/>
              <param name="G" type="float"/>
              <param name="B" type="float"/>
            </accessor>
          </technique_common>
        </source>
        <vertices id="tree_oak_bush_a200-mesh-vertices">
          <input semantic="POSITION" source="#tree_oak_bush_a200-mesh-positions"/>
        </vertices>
        <polylist material="tro_bush_1_leaves-material" count="115">
          <input semantic="VERTEX" source="#tree_oak_bush_a200-mesh-vertices" offset="0"/>
          <input semantic="NORMAL" source="#tree_oak_bush_a200-mesh-normals" offset="1"/>
          <input semantic="TEXCOORD" source="#tree_oak_bush_a200-mesh-map-0" offset="2" set="0"/>
          <input semantic="COLOR" source="#tree_oak_bush_a200-mesh-colors-Col" offset="3" set="0"/>
          <vcount>3 3 3 3 3 3 3 3 3 3 3 3 3 3 3 3 3 3 3 3 3 3 3 3 3 3 3 3 3 3 3 3 3 3 3 3 3 3 3 3 3 3 3 3 3 3 3 3 3 3 3 3 3 3 3 3 3 3 3 3 3 3 3 3 3 3 3 3 3 3 3 3 3 3 3 3 3 3 3 3 3 3 3 3 3 3 3 3 3 3 3 3 3 3 3 3 3 3 3 3 3 3 3 3 3 3 3 3 3 3 3 3 3 3 3 </vcount>
          <p>3 0 0 0 2 0 1 1 1 0 2 2 7 1 3 3 6 1 4 4 5 1 5 5 11 2 6 6 10 2 7 7 9 2 8 8 15 3 9 9 14 3 10 10 13 3 11 11 19 4 12 12 18 4 13 13 17 4 14 14 23 5 15 15 22 5 16 16 21 5 17 17 27 6 18 18 26 6 19 19 25 6 20 20 31 7 21 21 30 7 22 22 29 7 23 23 35 8 24 24 34 8 25 25 33 8 26 26 39 9 27 27 38 9 28 28 37 9 29 29 42 10 30 30 43 10 31 31 40 10 32 32 47 11 33 33 46 11 34 34 45 11 35 35 51 12 36 36 50 12 37 37 49 12 38 38 55 13 39 39 54 13 40 40 53 13 41 41 59 14 42 42 58 14 43 43 57 14 44 44 63 15 45 45 62 15 46 46 61 15 47 47 67 16 48 48 66 16 49 49 65 16 50 50 71 17 51 51 70 17 52 52 69 17 53 53 75 18 54 54 74 18 55 55 73 18 56 56 79 19 57 57 78 19 58 58 77 19 59 59 83 20 60 60 82 20 61 61 81 20 62 62 87 21 63 63 86 21 64 64 85 21 65 65 91 22 66 66 90 22 67 67 89 22 68 68 95 23 69 69 94 23 70 70 93 23 71 71 99 24 72 72 98 24 73 73 97 24 74 74 103 25 75 75 102 25 76 76 101 25 77 77 107 26 78 78 106 26 79 79 105 26 80 80 111 27 81 81 110 27 82 82 109 27 83 83 115 28 84 84 114 28 85 85 113 28 86 86 116 29 87 87 119 30 88 88 118 31 89 89 124 32 90 90 123 32 91 91 122 32 92 92 128 33 93 93 127 33 94 94 126 33 95 95 132 34 96 96 131 34 97 97 130 34 98 98 136 35 99 99 135 35 100 100 134 35 101 101 139 36 102 102 140 36 103 103 137 36 104 104 141 37 105 105 147 37 106 106 142 37 107 107 146 38 108 108 143 39 109 109 144 40 110 110 151 38 111 111 148 39 112 112 149 40 113 113 152 41 114 114 154 41 115 115 153 41 116 116 158 42 117 117 155 43 118 118 156 44 119 119 162 45 120 120 159 46 121 121 160 47 122 122 166 48 123 123 163 49 124 124 164 50 125 125 170 51 126 126 167 52 127 127 168 53 128 128 174 54 129 129 171 55 130 130 172 56 131 131 178 57 132 132 175 58 133 133 176 59 134 134 182 60 135 135 179 61 136 136 180 62 137 137 186 63 138 138 183 64 139 139 184 65 140 140 190 66 141 141 187 67 142 142 188 68 143 143 194 69 144 144 191 70 145 145 192 71 146 146 198 72 147 147 195 73 148 148 196 74 149 149 202 75 150 150 199 76 151 151 200 77 152 152 206 78 153 153 203 79 154 154 204 80 155 155 210 81 156 156 207 82 157 157 208 83 158 158 211 84 159 159 213 84 160 160 212 84 161 161 214 85 162 162 216 85 163 163 215 85 164 164 217 86 165 165 219 86 166 166 218 86 167 167 220 87 168 168 222 87 169 169 221 87 170 170 223 88 171 171 225 88 172 172 224 88 173 173 226 89 174 174 228 89 175 175 227 89 176 176 229 90 177 177 231 90 178 178 230 90 179 179 232 91 180 180 234 91 181 181 233 91 182 182 238 92 183 183 235 93 184 184 236 94 185 185 3 0 186 186 0 0 187 187 2 0 188 188 7 1 189 189 4 1 190 190 6 1 191 191 11 2 192 192 8 2 193 193 10 2 194 194 15 3 195 195 12 3 196 196 14 3 197 197 19 4 198 198 16 4 199 199 18 4 200 200 23 5 201 201 20 5 202 202 22 5 203 203 27 6 204 204 24 6 205 205 26 6 206 206 31 7 207 207 28 7 208 208 30 7 209 209 35 8 210 210 32 8 211 211 34 8 212 212 39 9 213 213 36 9 214 214 38 9 215 215 42 10 216 216 41 10 217 217 43 10 218 218 47 11 219 219 44 11 220 220 46 11 221 221 51 12 222 222 48 12 223 223 50 12 224 224 55 13 225 225 52 13 226 226 54 13 227 227 59 14 228 228 56 14 229 229 58 14 230 230 63 15 231 231 60 15 232 232 62 15 233 233 67 16 234 234 64 16 235 235 66 16 236 236 71 17 237 237 68 17 238 238 70 17 239 239 75 18 240 240 72 18 241 241 74 18 242 242 79 19 243 243 76 19 244 244 78 19 245 245 83 20 246 246 80 20 247 247 82 20 248 248 87 21 249 249 84 21 250 250 86 21 251 251 91 22 252 252 88 22 253 253 90 22 254 254 95 23 255 255 92 23 256 256 94 23 257 257 99 24 258 258 96 24 259 259 98 24 260 260 103 25 261 261 100 25 262 262 102 25 263 263 107 26 264 264 104 26 265 265 106 26 266 266 111 27 267 267 108 27 268 268 110 27 269 269 115 28 270 270 112 28 271 271 114 28 272 272 118 31 273 273 120 95 274 274 116 29 275 275 116 29 276 276 117 96 277 277 119 30 278 278 124 32 279 279 121 32 280 280 123 32 281 281 128 33 282 282 125 33 283 283 127 33 284 284 132 34 285 285 129 34 286 286 131 34 287 287 136 35 288 288 133 35 289 289 135 35 290 290 139 36 291 291 138 36 292 292 140 36 293 293 146 38 294 294 145 97 295 295 143 39 296 296 151 38 297 297 150 97 298 298 148 39 299 299 158 42 300 300 157 98 301 301 155 43 302 302 162 45 303 303 161 99 304 304 159 46 305 305 166 48 306 306 165 100 307 307 163 49 308 308 170 51 309 309 169 101 310 310 167 52 311 311 174 54 312 312 173 102 313 313 171 55 314 314 178 57 315 315 177 103 316 316 175 58 317 317 182 60 318 318 181 104 319 319 179 61 320 320 186 63 321 321 185 105 322 322 183 64 323 323 190 66 324 324 189 106 325 325 187 67 326 326 194 69 327 327 193 107 328 328 191 70 329 329 198 72 330 330 197 108 331 331 195 73 332 332 202 75 333 333 201 109 334 334 199 76 335 335 206 78 336 336 205 110 337 337 203 79 338 338 210 81 339 339 209 111 340 340 207 82 341 341 238 92 342 342 237 112 343 343 235 93 344 344</p>
        </polylist>
      </mesh>
      <extra><technique profile="MAYA"><double_sided>1</double_sided></technique></extra>
    </geometry>
    <geometry id="Colmesh-1-mesh" name="Colmesh-1">
      <mesh>
        <source id="Colmesh-1-mesh-positions">
          <float_array id="Colmesh-1-mesh-positions-array" count="81">-1.53732e-7 0.5866948 0.9614281 -0.5080928 0.2933472 0.9614281 -0.5080926 -0.2933475 0.9614281 1.77316e-7 -0.5866948 0.9614281 0.5080927 -0.2933472 0.9614281 0.5080925 0.2933475 0.9614281 -1.65603e-7 0.6345341 -0.6434665 -0.5495228 0.317267 -0.6434665 -0.5495226 -0.3172671 -0.6434665 1.92439e-7 -0.6345341 -0.6434665 0.5495228 -0.3172669 -0.6434665 0.5495226 0.3172672 -0.6434665 0 0 1.271293 -0.5523105 2.193972 1.014921 -2.49176 1.443369 0.4012829 -2.832217 -2.123025 0.7804092 0.5799065 -2.892726 0.4633082 2.21647 -1.456511 1.286332 2.325944 1.685631 0.9005938 0.7362285 -0.2368767 1.988221 -0.1767861 2.348277 -0.3225097 -2.49176 1.443369 -0.4141216 -2.832217 -2.123025 -0.2088786 0.7258014 -2.811519 -0.313341 2.69623 -1.658544 -0.2610553 2.586909 2.338841 -0.2239089 -1.751359 -0.9282559 1.384589</float_array>
          <technique_common>
            <accessor source="#Colmesh-1-mesh-positions-array" count="27" stride="3">
              <param name="X" type="float"/>
              <param name="Y" type="float"/>
              <param name="Z" type="float"/>
            </accessor>
          </technique_common>
        </source>
        <source id="Colmesh-1-mesh-normals">
          <float_array id="Colmesh-1-mesh-normals-array" count="114">0.4998334 0.8657372 0.02580624 0.999667 1.26563e-7 0.02580624 0.4998338 -0.8657369 0.02580624 -0.4998331 -0.8657373 0.02580618 -0.9996671 -1.26563e-7 0.02580618 -0.4998337 0.865737 0.02580618 0.2603359 0.4509155 0.8537567 0.5206725 0 0.8537566 0.2603362 -0.4509153 0.8537566 -0.2603359 -0.4509155 0.8537567 -0.5206721 -1.28033e-7 0.8537568 -0.2603362 0.4509153 0.8537567 0.1098156 0.4190803 0.9012836 0.4861451 0.08977454 0.8692546 8.9966e-4 -0.4979707 0.8671935 -0.07320445 -0.4933511 0.8667444 -0.2999166 0.2839653 0.9107216 -0.3585014 0.1769691 0.9166017 0.9552527 0.00302875 0.2957757 -0.1920663 -0.9716764 -0.1376796 -0.3609306 0.9325928 0 0.1682718 0.8349065 0.524038 0.5049371 -0.863144 0.004601299 -0.9954743 0.09503048 0 0.5527617 -0.7869608 0.27413 0.9706212 0.02432018 0.2393807 -6.90292e-4 0.993432 0.1144226 -0.01576417 -0.4398193 0.8979479 -0.5971875 0.1409498 0.7896203 0.4998332 0.8657371 0.02580618 0.999667 2.34042e-7 0.02580624 0.4998338 -0.8657369 0.02580618 -0.4998333 -0.8657372 0.02580624 -0.999667 -2.34042e-7 0.02580612 -0.4998337 0.8657369 0.02580618 -0.2200492 -0.9754888 0 -0.3642402 0.9312907 0.005175054 -0.9954744 0.09503072 0</float_array>
          <technique_common>
            <accessor source="#Colmesh-1-mesh-normals-array" count="38" stride="3">
              <param name="X" type="float"/>
              <param name="Y" type="float"/>
              <param name="Z" type="float"/>
            </accessor>
          </technique_common>
        </source>
        <vertices id="Colmesh-1-mesh-vertices">
          <input semantic="POSITION" source="#Colmesh-1-mesh-positions"/>
        </vertices>
        <polylist material="leaves_strong-material" count="18">
          <input semantic="VERTEX" source="#Colmesh-1-mesh-vertices" offset="0"/>
          <input semantic="NORMAL" source="#Colmesh-1-mesh-normals" offset="1"/>
          <vcount>3 3 3 3 3 3 3 3 3 3 3 3 3 3 3 3 3 3 </vcount>
          <p>11 0 0 0 5 0 10 1 5 1 4 1 9 2 4 2 3 2 8 3 3 3 2 3 1 4 8 4 2 4 6 5 1 5 0 5 0 6 12 6 5 6 5 7 12 7 4 7 4 8 12 8 3 8 3 9 12 9 2 9 2 10 12 10 1 10 1 11 12 11 0 11 11 29 6 29 0 29 10 30 11 30 5 30 9 31 10 31 4 31 8 32 9 32 3 32 1 33 7 33 8 33 6 34 7 34 1 34</p>
        </polylist>
        <polylist material="leaves_thin-material" count="20">
          <input semantic="VERTEX" source="#Colmesh-1-mesh-vertices" offset="0"/>
          <input semantic="NORMAL" source="#Colmesh-1-mesh-normals" offset="1"/>
          <vcount>3 3 3 3 3 3 3 3 3 3 3 3 3 3 3 3 3 3 3 3 </vcount>
          <p>13 12 19 12 18 12 18 13 19 13 17 13 17 14 19 14 16 14 16 15 19 15 26 15 26 16 19 16 14 16 14 17 19 17 13 17 18 18 17 18 24 18 16 19 22 19 23 19 13 20 21 20 14 20 13 21 18 21 25 21 16 22 23 22 24 22 14 23 22 23 15 23 17 24 16 24 24 24 25 25 18 25 24 25 20 26 13 26 25 26 15 27 16 27 26 27 15 28 26 28 14 28 16 35 15 35 22 35 13 36 20 36 21 36 14 37 21 37 22 37</p>
        </polylist>
      </mesh>
      <extra><technique profile="MAYA"><double_sided>1</double_sided></technique></extra>
    </geometry>
  </library_geometries>
  <library_controllers/>
  <library_visual_scenes>
    <visual_scene id="Scene" name="Scene">
      <node id="base00" name="base00" type="NODE">
        <matrix sid="transform">1 0 0 0 0 1 0 0 0 0 1 0 0 0 0 1</matrix>
        <node id="bb__autobillboard25" name="bb__autobillboard25" type="NODE">
          <matrix sid="transform">1 0 0 0 0 1 0 0 0 0 1 0 0 0 0 1</matrix>
        </node>
        <node id="collision-1" name="collision-1" type="NODE">
          <matrix sid="transform">1 0 0 0 0 1 0 0 0 0 1 0 0 0 0 1</matrix>
        </node>
        <node id="detail350" name="detail350" type="NODE">
          <matrix sid="transform">1 0 0 0 0 1 0 0 0 0 1 0 0 0 0 1</matrix>
        </node>
        <node id="detail900" name="detail900" type="NODE">
          <matrix sid="transform">1 0 0 0 0 1 0 0 0 0 1 0 0 0 0 1</matrix>
        </node>
        <node id="start01" name="start01" type="NODE">
          <matrix sid="transform">1 0 0 0 0 1 0 0 0 0 1 0 0 0 0 1</matrix>
          <node id="tree_oak_bush_a550" name="tree_oak_bush_a550" type="NODE">
            <matrix sid="transform">1 0 0 0 0 1 0 0 0 0 1 0 0 0 0 1</matrix>
            <instance_geometry url="#tree_oak_bush_a200_001-mesh" name="tree_oak_bush_a550">
              <bind_material>
                <technique_common>
                  <instance_material symbol="tro_tree_1_branches-material" target="#tro_tree_1_branches-material"/>
                  <instance_material symbol="tro_tree_1_trunk-material" target="#tro_tree_1_trunk-material"/>
                  <instance_material symbol="tro_bush_1_leaves-material" target="#tro_bush_1_leaves-material"/>
                </technique_common>
              </bind_material>
            </instance_geometry>
          </node>
          <node id="tree_oak_bush_a250" name="tree_oak_bush_a250" type="NODE">
            <matrix sid="transform">1 0 0 0 0 1 0 0 0 0 1 0 0 0 0 1</matrix>
            <instance_geometry url="#tree_oak_bush_a200-mesh" name="tree_oak_bush_a250">
              <bind_material>
                <technique_common>
                  <instance_material symbol="tro_bush_1_leaves-material" target="#tro_bush_1_leaves-material"/>
                </technique_common>
              </bind_material>
            </instance_geometry>
          </node>
          <node id="Colmesh-1" name="Colmesh-1" type="NODE">
            <matrix sid="transform">1 0 0 0 0 1 0 0 0 0 1 0 0 0 0 1</matrix>
            <instance_geometry url="#Colmesh-1-mesh" name="Colmesh-1">
              <bind_material>
                <technique_common>
                  <instance_material symbol="leaves_strong-material" target="#leaves_strong-material"/>
                  <instance_material symbol="leaves_thin-material" target="#leaves_thin-material"/>
                </technique_common>
              </bind_material>
            </instance_geometry>
          </node>
        </node>
      </node>
    </visual_scene>
  </library_visual_scenes>
  <scene>
    <instance_visual_scene url="#Scene"/>
  </scene>
</COLLADA>