<?xml version="1.0" encoding="utf-8"?>
<COLLADA xmlns="http://www.collada.org/2005/11/COLLADASchema" version="1.4.1">
  <asset>
    <contributor>
      <author>Blender User</author>
      <authoring_tool>Blender 2.77.0 commit date:2016-03-18, commit time:12:34, hash:22a2853</authoring_tool>
    </contributor>
    <created>2016-05-06T14:14:44</created>
    <modified>2016-05-06T14:14:44</modified>
    <unit name="meter" meter="1"/>
    <up_axis>Z_UP</up_axis>
  </asset>
  <library_images/>
  <library_effects>
    <effect id="tro_tree_1_branches-effect">
      <profile_COMMON>
        <technique sid="common">
          <lambert>
            <emission>
              <color sid="emission">0 0 0 1</color>
            </emission>
            <ambient>
              <color sid="ambient">0 0 0 1</color>
            </ambient>
            <diffuse>
              <color sid="diffuse">0.64 0.64 0.64 1</color>
            </diffuse>
            <transparency>
              <float sid="transparency">0</float>
            </transparency>
            <index_of_refraction>
              <float sid="index_of_refraction">1</float>
            </index_of_refraction>
          </lambert>
        </technique>
        <extra>
          <technique profile="GOOGLEEARTH">
            <double_sided>1</double_sided>
          </technique>
        </extra>
      </profile_COMMON>
      <extra><technique profile="MAX3D"><double_sided>1</double_sided></technique></extra>
    </effect>
    <effect id="tro_tree_2_trunk-effect">
      <profile_COMMON>
        <technique sid="common">
          <lambert>
            <emission>
              <color sid="emission">0 0 0 1</color>
            </emission>
            <ambient>
              <color sid="ambient">0 0 0 1</color>
            </ambient>
            <diffuse>
              <color sid="diffuse">0.64 0.64 0.64 1</color>
            </diffuse>
            <index_of_refraction>
              <float sid="index_of_refraction">1</float>
            </index_of_refraction>
          </lambert>
        </technique>
        <extra>
          <technique profile="GOOGLEEARTH">
            <double_sided>1</double_sided>
          </technique>
        </extra>
      </profile_COMMON>
      <extra><technique profile="MAX3D"><double_sided>1</double_sided></technique></extra>
    </effect>
    <effect id="tro_tree_2_leaves-effect">
      <profile_COMMON>
        <technique sid="common">
          <lambert>
            <emission>
              <color sid="emission">0 0 0 1</color>
            </emission>
            <ambient>
              <color sid="ambient">0 0 0 1</color>
            </ambient>
            <diffuse>
              <color sid="diffuse">0.8 0.8 0.8 1</color>
            </diffuse>
            <transparency>
              <float sid="transparency">0</float>
            </transparency>
            <index_of_refraction>
              <float sid="index_of_refraction">1</float>
            </index_of_refraction>
          </lambert>
        </technique>
        <extra>
          <technique profile="GOOGLEEARTH">
            <double_sided>1</double_sided>
          </technique>
        </extra>
      </profile_COMMON>
      <extra><technique profile="MAX3D"><double_sided>1</double_sided></technique></extra>
    </effect>
    <effect id="leaves_strong-effect">
      <profile_COMMON>
        <technique sid="common">
          <phong>
            <emission>
              <color sid="emission">0 0 0 1</color>
            </emission>
            <ambient>
              <color sid="ambient">0 0 0 1</color>
            </ambient>
            <diffuse>
              <color sid="diffuse">0.64 0.1921665 0.09282804 1</color>
            </diffuse>
            <specular>
              <color sid="specular">0.5 0.5 0.5 1</color>
            </specular>
            <shininess>
              <float sid="shininess">50</float>
            </shininess>
            <transparency>
              <float sid="transparency">0.4949495</float>
            </transparency>
            <index_of_refraction>
              <float sid="index_of_refraction">1</float>
            </index_of_refraction>
          </phong>
        </technique>
        <extra>
          <technique profile="GOOGLEEARTH">
            <double_sided>1</double_sided>
          </technique>
        </extra>
      </profile_COMMON>
      <extra><technique profile="MAX3D"><double_sided>1</double_sided></technique></extra>
    </effect>
    <effect id="leaves_thin-effect">
      <profile_COMMON>
        <technique sid="common">
          <lambert>
            <emission>
              <color sid="emission">0 0 0 1</color>
            </emission>
            <ambient>
              <color sid="ambient">0 0 0 1</color>
            </ambient>
            <diffuse>
              <color sid="diffuse">0.5394552 1 0.2873878 1</color>
            </diffuse>
            <transparency>
              <float sid="transparency">0.3535354</float>
            </transparency>
            <index_of_refraction>
              <float sid="index_of_refraction">1</float>
            </index_of_refraction>
          </lambert>
        </technique>
        <extra>
          <technique profile="GOOGLEEARTH">
            <double_sided>1</double_sided>
          </technique>
        </extra>
      </profile_COMMON>
      <extra><technique profile="MAX3D"><double_sided>1</double_sided></technique></extra>
    </effect>
  </library_effects>
  <library_materials>
    <material id="tro_tree_1_branches-material" name="tro_tree_1_branches">
      <instance_effect url="#tro_tree_1_branches-effect"/>
    </material>
    <material id="tro_tree_2_trunk-material" name="tro_tree_2_trunk">
      <instance_effect url="#tro_tree_2_trunk-effect"/>
    </material>
    <material id="tro_tree_2_leaves-material" name="tro_tree_2_leaves">
      <instance_effect url="#tro_tree_2_leaves-effect"/>
    </material>
    <material id="leaves_strong-material" name="leaves_strong">
      <instance_effect url="#leaves_strong-effect"/>
    </material>
    <material id="leaves_thin-material" name="leaves_thin">
      <instance_effect url="#leaves_thin-effect"/>
    </material>
  </library_materials>
  <library_geometries>
    <geometry id="tree_oak_bush_a200_001-mesh" name="tree_oak_bush_a200.001">
      <mesh>
        <source id="tree_oak_bush_a200_001-mesh-positions">
          <float_array id="tree_oak_bush_a200_001-mesh-positions-array" count="2667">-0.02489149 -0.04811322 0.2226511 0.05478781 0.01593041 0.2254535 -0.02974224 -0.1052556 -0.3064536 0.09785813 0.03745341 -0.3064536 -0.08537322 0.08106362 -0.3064536 0.06572705 0.01110398 0.7538054 0.02226978 -0.04070812 0.7535129 -0.05471646 0.05363774 0.2271035 0.005526542 0.03004527 0.7630046 -2.456164 -2.300077 1.622508 -1.189449 -2.14268 2.156008 -1.870723 -2.91834 1.855366 -0.2595983 -3.55585 1.713332 -0.5315617 -2.271791 2.150588 0.2242574 -2.823365 1.620803 -1.284954 -4.191087 2.018914 -0.5319687 -2.85363 1.993499 -2.110214 -3.76032 1.979898 -1.420344 -2.402989 1.951431 -1.75969 -3.845123 1.966045 -1.737054 -3.684786 2.463476 -0.6925621 -2.773576 1.927651 -0.8608306 -2.688222 2.403074 -1.722774 -2.299514 1.658371 -1.602027 -2.32384 2.166787 -1.800384 -3.78112 1.953794 -1.589533 -3.632323 2.395413 -1.251068 -1.104718 1.74202 -0.3121878 -3.174811 2.14634 -1.718091 -2.68281 2.192735 0.2188748 -1.614481 1.692349 -0.3293594 -2.010103 2.850617 -1.176389 -0.9489362 1.796349 -0.5151903 -3.032774 1.975823 -1.178047 -2.467546 2.180767 -0.7557679 -1.664026 2.606625 -1.526723 -2.95788 2.216416 -0.2346901 -1.635224 1.493264 -0.2946808 -2.324781 1.913936 1.550461 2.11609 0.6593582 0.4179943 1.75004 1.364688 0.7785289 2.538597 0.7287939 -0.951926 2.490288 0.5690845 -0.2421246 1.636612 1.394545 -1.138349 1.659185 0.8008779 -0.2283236 3.500385 0.5030328 -0.4489859 2.080643 1.043463 0.6971331 3.393411 0.5179311 0.5425454 1.976751 1.054826 0.3398094 3.342714 0.5180169 0.3694642 3.382198 1.038804 -0.2694391 2.041344 0.9909911 -0.08837872 2.202062 1.44156 0.8660079 1.88049 0.7825011 0.7375165 2.05032 1.260315 0.4009805 3.296652 0.5242608 0.2516804 3.261503 1.012216 0.8548694 0.7199684 1.339372 -0.7717548 2.340607 1.098788 0.7162144 2.409361 1.143528 -0.6991878 0.6436326 1.293157 -0.3463268 1.603327 2.160992 0.8405195 0.580395 1.453871 -0.5288741 2.223083 0.9659054 0.2900772 2.035993 1.274417 0.1794312 1.357859 2.00463 0.4383518 2.590927 1.091833 -0.2807603 0.7409357 1.045697 -0.4788741 1.5138 1.185281 2.309445 -2.021569 1.100954 1.836004 -0.7855622 1.503576 2.762618 -1.316207 1.3772 3.105583 0.3795123 1.20625 1.840341 -0.1161773 1.465901 2.321146 0.7061487 0.9671275 3.861338 -0.4862279 1.683312 2.429861 -0.01069849 1.398413 3.602791 -1.380559 1.645087 2.16422 -0.9708815 1.359158 3.622402 -1.021317 1.616609 3.382071 -1.006327 2.081016 2.392659 -0.1868183 1.334127 2.263888 -0.3452798 1.803098 2.16743 -1.301514 1.078576 2.086154 -1.153868 1.573806 3.569881 -1.074257 1.59813 3.314983 -0.8753445 1.994472 0.90855 -1.06842 0.9446762 2.675708 0.2746443 1.579963 2.451341 -1.196291 1.662361 1.138818 0.4685548 0.8566817 1.43568 0.06475704 2.10066 0.7349276 -1.023018 0.9689769 2.603261 0.03982251 1.406553 2.144753 -0.7098313 1.575824 1.218716 -0.4322674 1.841781 2.678714 -0.9540306 1.71193 1.275128 0.01864862 0.6992326 1.886299 0.1147466 1.222003 -0.9282318 -0.8643105 3.158899 -0.1863409 -2.306457 2.628577 -1.237012 -1.976984 2.65198 0.1701899 -1.205527 3.135804 -0.4634521 -1.010899 2.869541 -0.5569012 -0.4659752 2.733405 -1.047691 -1.901143 1.951837 -1.422143 -0.8663167 1.907912 -0.163414 -1.545951 2.781496 -0.929158 -1.226531 2.491969 3.036779 1.023263 2.719855 1.893875 0.854665 2.667199 3.160694 0.3323436 2.719855 2.03506 0.1169248 2.667199 2.310824 0.2292181 3.072474 1.367941 0.1683592 2.405619 2.378169 -0.4694592 3.078709 1.447319 -0.5784763 2.416996 -0.3045006 2.746599 3.098426 -0.04381817 1.823855 2.532063 0.3641253 2.959156 3.12036 0.6699728 2.057453 2.54344 -2.687201 2.5925 1.497318 -2.109375 1.649868 1.36412 -2.109804 2.989133 1.452373 -1.492921 2.074573 1.302429 -3.177372 1.321259 0.7734833 -2.108469 1.056421 0.9392853 -3.03783 2.009151 0.7660418 -1.956578 1.791721 0.9179201 -3.432544 -1.376002 1.553522 -2.339748 -1.240032 1.719324 -3.548888 -0.6838079 1.546081 -2.46156 -0.4991543 1.697959 1.82681 -3.090919 2.231885 1.469081 -2.04942 2.397687 1.173322 -3.347084 2.224443 0.7690719 -2.320944 2.376322 -2.039134 -0.7431043 0.3511334 -0.9871324 -0.6470919 0.7036324 -2.136407 -0.0479449 0.3549042 -1.086309 0.09741127 0.6949263 -0.4928176 1.752823 2.724194 -0.525785 0.6434251 2.632916 0.2071764 1.767039 2.673903 0.2221474 0.6591268 2.565485 2.043431 2.685832 2.579943 1.119127 2.071412 2.488665 2.459684 2.122868 2.529652 1.564303 1.47019 2.421234 2.165814 -2.537728 1.891135 1.064655 -1.710236 2.020247 2.130733 -1.655695 1.891135 -1.158436 -3.329649 1.418807 -0.5170466 -2.327709 2.124994 -0.2931349 -3.193786 1.528387 -0.6367884 -2.96797 1.841891 -3.595414 -1.921464 1.867296 -2.735133 -0.8383054 1.89279 -2.71343 -1.911638 1.832344 -2.938544 0.4637333 1.551067 -1.648452 -0.03524237 1.57656 -2.666698 -0.3753687 1.516114 0.2803961 -3.30223 2.629928 0.506971 -1.937686 2.655422 1.046803 -2.865638 2.594975 -1.193956 -2.724303 3.16787 -0.5433092 -1.503659 3.193363 -0.3282316 -2.555445 3.132916 -2.172788 -0.4412562 1.810808 -2.626312 -2.084797 1.878026 -3.20193 -1.151006 1.976564 -1.568713 -1.414857 1.707427 -1.253442 0.287189 1.318917 -2.076812 -1.041073 2.003905 -2.386838 -0.006669342 1.787334 -0.9265428 -0.79263 1.54391 -1.059169 1.710224 1.028502 -2.713967 1.297201 0.9786091 -2.186863 2.261637 0.9076462 -1.606804 0.7012408 1.102957 -0.4872524 1.07475 0.6483288 -2.029798 0.6242778 1.221968 -1.475132 1.57532 1.251555 -1.064054 0.07989531 0.6158095 0.7391683 0.2303724 0.9251156 0.1584389 1.756979 0.4314938 1.166193 1.312686 0.4386921 -0.3147321 0.6916196 0.9188948 1.538667 1.31264 2.297892 0.9357624 2.816055 1.761528 1.943323 2.371559 1.745347 0.4850294 1.774161 2.31627 1.010578 0.7786664 2.4081 2.035416 1.82397 1.531466 1.99256 0.7268843 1.618547 1.052728 1.924886 2.319237 0.4687238 2.184666 2.287109 -0.64199 0.9632694 1.855904 -0.7027125 2.062789 1.836284 0.5352847 1.036367 2.30881 0.01556801 0.432406 2.084957 -1.677301 0.2314034 2.157245 -1.032555 1.122921 2.207381 -0.6551755 -0.5007709 2.032257 -0.9744438 0.7659193 2.148241 -1.925059 -0.5546568 1.634582 -2.120697 0.5282791 1.679207 -0.767009 -0.3647469 2.102876 -0.4150795 0.7942472 2.16206 -1.979068 1.002607 1.512475 -1.099011 1.663376 1.556079 -1.332614 0.101648 2.118127 -1.410394 0.9379236 1.898989 -2.070704 -0.1724544 0.7843208 -1.990581 0.9259863 0.7793465 -1.492548 -0.2095418 1.907176 0.2267557 0.9882027 2.495377 -1.478701 1.035007 2.521034 -0.7144629 1.827516 2.491248 -0.5690993 0.1580594 2.526505 0.9295431 -0.5217718 1.806046 1.616083 0.8291448 2.590342 1.759571 -0.2554274 2.717349 0.7774299 0.610526 1.670935 0.1137808 -1.603005 1.810812 1.632654 -2.129911 2.382501 0.6129533 -2.526022 2.51026 1.17769 -1.186739 1.675481 -0.07687455 -1.179008 1.433533 1.494055 -1.770653 1.127645 0.5267328 -2.2753 1.278087 0.9320388 -0.6488972 1.276788 -0.04017895 -1.051345 1.26618 0.6104804 -2.587666 0.908699 -0.393559 -2.15626 0.7715626 1.009647 -1.499069 1.410761 -1.16927 -0.3531659 0.9123154 -1.586318 -1.972725 1.250738 -2.191578 -1.062058 1.118993 -0.5342482 -1.302614 1.049392 -1.513756 -0.8829313 1.026595 -0.8240553 -2.407837 0.6943226 -1.865519 -2.049635 0.7019024 -0.4248398 -1.254018 1.019542 -0.1983271 1.371359 2.601966 -1.760619 1.270895 1.923305 -1.02505 2.088932 1.975883 -0.964542 0.5148711 2.548709 -0.3543407 -1.748138 3.072241 1.093355 -1.152298 2.39358 0.6587414 -2.16292 2.446158 0.09697866 -0.6912711 3.018984 0.1386393 -0.2028538 3.227453 -0.4791251 1.235623 2.548792 0.5379834 0.8164128 2.60137 -0.9249618 0.232358 3.174196 0.6905285 -0.4268046 1.09001 0.8636844 1.122236 1.784217 1.521374 0.2389898 1.765861 0.001248657 0.4941106 1.107383 0.5351758 -0.6483568 1.276038 1.701463 0.352526 0.5347958 1.646109 -0.7370314 0.6858482 0.5900366 0.4900972 1.119815 -0.6975471 -0.4212556 1.083973 0.6709071 -1.25032 0.491168 -0.4030314 -1.494599 0.4910526 0.4235676 -0.1632024 1.085677 -0.8568052 -0.5694638 0.5546837 -0.809307 -1.294517 2.098536 -1.642125 -0.9534264 1.463643 0.01530295 -0.9247621 1.215505 -0.4747902 0.4606894 0.9709864 -1.6331 -0.6826602 1.48334 -1.613695 0.4181954 1.510848 -0.492021 -0.6892176 0.9408093 0.3957312 0.4611796 1.031664 -1.063008 1.18299 1.544017 -0.01608073 1.523874 1.571526 -0.6968535 0.1022338 1.001487 1.463387 2.197616 2.027901 0.1853265 2.872431 1.120915 1.263801 3.092097 1.161628 0.3372806 1.965753 1.987684 1.730013 1.734313 1.872533 1.954896 3.161983 0.9655466 2.511765 2.212637 1.00626 1.146189 2.72478 1.832316 -0.7059016 -0.6958786 2.419318 0.8941954 -0.104981 2.374991 0.4803087 -1.122531 2.454404 -0.2766978 0.3682551 2.336267 0.4631323 -0.811841 2.407696 1.105797 0.6679512 1.852149 1.531288 -0.345193 1.926405 0.01578724 0.2453046 2.33141 0.1536209 -1.087725 2.353374 1.577715 -0.584437 1.559591 1.052974 -1.551882 1.600992 0.699397 -0.07583481 2.312135 -0.166331 -1.084798 2.627679 1.339509 -1.511158 1.9479 0.5919775 -2.086292 2.516612 0.6125647 -0.4813021 2.033869 -0.2105454 -1.197293 2.462064 0.708091 -2.361278 1.617858 -0.3751388 -2.244643 1.779185 0.9215031 -1.316343 2.29536 -0.8396086 -0.58864 3.392303 0.6204974 -0.3866895 3.382986 0.08143532 -1.169731 3.421996 -0.2789295 0.2309247 3.351476 -0.6798313 0.2802917 3.396433 -1.389839 -0.9685853 3.066316 -1.674813 -0.06207394 3.114178 -0.3794741 -0.6657924 3.347192 -0.6858546 0.3036953 3.348736 -1.707124 -0.2326626 2.431069 -1.334653 0.6361556 2.539168 -1.07323 -0.6048123 3.237974 -1.469297 -0.2073691 3.26957 -1.246687 -1.339233 2.351903 -1.973082 -0.7343127 2.460002 -0.7091146 -0.8379014 3.158809 -1.214392 0.01553338 3.197666 -1.51011 -1.044412 2.216926 -1.606901 -0.09834253 2.187796 -1.112233 -0.9724856 3.230796 -1.346174 0.4228431 2.740298 -1.961184 -0.6217202 1.901588 -2.095985 0.3185123 1.956864 -1.203353 -0.5591045 2.684649 -0.7449526 -0.6941464 3.390073 0.6497395 -0.997802 3.022093 -0.1384068 -1.53035 3.044044 0.07677447 -0.135582 3.36807 0.3949531 -0.8515018 3.365628 0.5520289 0.3729099 2.56007 1.038661 -0.4442448 2.586749 -0.1151275 0.001062214 3.33984 1.320729 -0.213518 2.565142 2.510337 -0.420753 2.694012 1.953312 -1.188708 2.766345 1.646351 0.1782884 2.400603 -0.7599803 -0.2054329 0.5853567 -0.07028025 -1.730339 0.2530842 -1.111744 -1.372137 0.260664 0.3289362 -0.5765193 0.5783033 -0.3086141 -0.4996296 0.6189957 1.084581 0.2971499 0.03970432 0.769195 -0.7578586 0.0173254 0.01798188 0.6031873 0.6439781 0.5061137 -0.3072329 0.7193232 -0.1935923 1.046154 -0.04891395 0.8432955 0.6795673 0.01017284 -0.5779837 0.07309234 0.6594896 -0.2759863 0.4908988 0.544178 -0.4309346 -1.024764 -0.2240591 -1.098198 -0.1505325 -0.1649723 0.4232727 -0.4206665 0.4843445 2.286825 0.9154347 3.018292 1.366883 0.7985199 2.327304 2.444941 0.234068 2.959448 1.543178 0.07068383 2.269262 -2.625781 1.393539 1.365612 -2.266541 0.157457 1.872575 -3.136965 0.6962313 1.543559 -3.456329 -0.9977012 1.317916 -2.271137 -0.5122415 1.840997 -2.642946 -1.335288 1.257455 -4.286378 -0.1185894 1.611924 -2.833345 -0.6123427 1.648344 -4.014325 0.7724846 1.622428 -2.553307 0.3444888 1.658776 -4.031875 0.4131577 1.593674 -3.89803 0.4011003 2.099241 -2.780866 -0.437386 1.592033 -2.754705 -0.2747958 2.076292 -2.491468 0.6718283 1.381144 -2.521254 0.5291513 1.883552 -3.975929 0.4653268 1.58653 -3.815465 0.2684192 2.030494 -1.236537 0.4240505 1.525346 -3.116287 -0.8929572 1.774919 -2.896383 0.5764198 1.89048 -1.461831 -1.111361 1.403649 -2.015879 -0.689944 2.549991 -1.07289 0.377126 1.587106 -3.005023 -0.6609518 1.619181 -2.584547 0.08580511 1.876898 -1.741692 -0.1982781 2.339726 -3.13216 0.3371434 1.891825 -1.555071 -0.6619315 1.216284 -2.266121 -0.7455137 1.595063 1.798294 3.145092 1.898598 0.7009353 2.472221 2.405561 0.9907582 3.454014 2.076545 -0.7273837 3.314771 1.850902 0.05379033 2.299823 2.373982 -0.8382205 2.441116 1.790441 -0.09864079 4.347486 2.14491 -0.191206 2.815648 2.181329 0.8326433 4.320371 2.155414 0.8056107 2.798193 2.191762 0.481435 4.24242 2.12666 0.5051465 4.110141 2.632227 -0.008601605 2.811228 2.125019 0.155126 2.828926 2.609277 1.137661 2.824981 1.914129 0.9921828 2.816038 2.416537 0.5465247 4.202235 2.119515 0.398975 3.995473 2.56348 1.230034 1.549163 2.058332 -0.5365709 3.014454 2.307905 0.9387233 3.190334 2.423466 -0.3103742 1.361045 1.936634 -0.05020618 2.006703 3.082976 1.227985 1.378933 2.120092 -0.2834205 2.968398 2.152166 0.5478586 2.760022 2.409883 0.4964084 1.872068 2.872712 0.645683 3.354564 2.42481 0.09848606 1.569645 1.74927 -0.1698786 2.233391 2.128049 1.455812 -3.132594 2.29604 1.408022 -3.098898 2.597768 1.357587 -2.253725 2.384669 1.273061 -2.332907 2.661964 0.8517495 -2.541107 2.332715 0.9423095 -2.545411 2.626382 1.619845 -2.986847 2.29721 1.63955 -2.893221 2.582083 -1.04089 -1.55154 2.73916 -0.9503298 -1.555843 3.032826 -0.2727951 -1.997279 2.703654 -0.2530893 -1.903653 2.988527 -1.756364 -0.6277377 2.642203 -1.729848 -0.7394555 2.927291 -0.9850537 -1.068283 2.61197 -1.028848 -1.082007 2.908956 -1.193846 0.4048341 2.794848 -1.34747 0.2663604 3.02219 -1.457717 -0.357084 2.420995 -1.533244 -0.4218778 2.704552 -1.210692 1.640263 2.02267 -1.287983 1.633437 2.320057 -0.8786329 0.8626279 2.296411 -0.9513753 0.9736799 2.566011 -0.4274215 1.540702 2.300572 -0.6011915 1.413411 2.5198 -1.249185 1.613462 1.96993 -1.314004 1.434863 2.202758 -0.5268411 1.492327 2.371363 -0.5097818 1.413256 2.66787 -1.084987 0.8027931 2.425488 -0.9621366 0.778033 2.698623 -0.02575856 1.631621 2.665488 0.01778513 1.56345 2.961995 -0.3086428 0.7908115 2.719614 -0.1848644 0.8104124 2.992748 0.05881261 0.7844678 2.665488 -0.01621663 0.8147011 2.961995 -0.198921 1.633324 2.719614 -0.2883319 1.545512 2.992748 1.768628 2.098338 1.768439 1.644324 2.079314 2.109722 0.8533972 2.613773 1.714344 0.8154523 2.481045 2.042087 1.679597 -1.091762 2.604355 1.574064 -0.9077973 2.899833 2.117841 -0.1463443 2.46162 1.911989 -0.06335318 2.739485 -0.4805577 -1.806179 2.81426 -0.6025354 -1.788607 3.156458 -0.1996179 -0.838115 3.114545 -0.4056259 -0.9178873 3.393236 -0.4111582 -0.8674111 3.102583 -0.3331305 -1.07753 3.389025 -0.7236102 -1.820786 2.786838 -0.5546362 -1.920472 3.083456 -0.2004656 0.7040598 2.930903 -0.1319327 0.7000877 3.288079 -0.3411972 -0.3065555 3.186044 -0.1992083 -0.1978486 3.493442 -0.017686 -0.2290556 3.046792 -0.07245928 -0.09133386 3.378936 -0.1866258 0.7909026 2.85343 -0.2781853 0.7904772 3.197069 0.3186259 -0.7453048 3.318646 0.270307 -0.7656841 3.602543 -0.4789365 -0.5089951 3.389612 -0.4426626 -0.6028426 3.653354 -0.6273207 -0.6146305 3.278285 -0.5834307 -0.5859315 3.562181 0.1996579 -0.7043677 3.349251 0.1471725 -0.6185284 3.612992 -1.648922 -1.705001 0.681447 -1.590132 -1.728538 0.9631147 -0.937694 -2.142148 0.6877132 -0.9421725 -2.071423 0.9609537 -1.478942 -2.000316 1.000234 -1.844133 -1.061469 1.092532 -1.795424 -1.101938 1.374199 -1.301707 -1.696069 1.098798 -1.284229 -1.627391 1.372038 -0.1776668 -1.693473 0.8799734 -0.1289579 -1.733942 1.161641 0.3647588 -2.328073 0.8862395 0.3822368 -2.259395 1.15948 0.3359533 -1.954218 1.166083 0.378944 -1.90153 1.46854 1.0122 -1.365737 1.172811 0.9382896 -1.347623 1.466219 -1.261954 0.5684972 2.36673 -1.860219 1.199545 1.671403 -2.221269 0.5831398 1.742716 -1.300149 0.5437183 1.681105 -1.367554 0.374499 1.68064 -1.187188 0.7555357 1.652378 -1.589046 0.9289154 2.035549 -1.838412 0.6112633 1.986431 -1.779611 1.497597 1.561024 -2.377876 2.128646 0.8656974 -2.738927 1.51224 0.9370103 -1.817807 1.472818 0.8753991 -1.885212 1.303599 0.8749337 -1.704846 1.684636 0.8466716 -2.106703 1.858016 1.229843 -2.356069 1.540363 1.180725 1.836786 2.290285 1.926222 2.675597 2.519501 1.230896 2.302851 3.128904 1.302209 1.832989 2.335655 1.240598 1.71568 2.475001 1.240132 1.966324 2.136034 1.21187 2.308969 2.408329 1.595041 2.146786 2.778171 1.545923 1.529628 1.320343 2.388031 2.299186 0.9154677 1.692704 2.442594 1.615287 1.764017 1.557814 1.356098 1.702406 1.567159 1.538009 1.701941 1.519051 1.119192 1.673678 1.95533 1.084401 2.056849 2.089169 1.465417 2.007731 1.988119 0.3913219 3.327284 2.738374 0.3312678 2.725443 2.614126 0.9369732 2.787168 1.998369 0.429373 2.73384 1.943845 0.5773054 2.733438 2.048215 0.2276592 2.708975 2.407221 0.3485732 3.04063 2.383945 0.6973411 2.998116 1.148851 -0.5719708 2.279609 1.632865 -1.148356 1.677767 1.97692 -0.6346024 1.739492 1.183142 -0.5525527 1.686165 1.250195 -0.4098617 1.685762 1.074511 -0.7296756 1.661299 1.412676 -0.9004087 1.992954 1.644673 -0.6389547 1.95044 0.09959125 -1.359314 3.356917 0.6683203 -1.852301 2.755075 0.9271927 -1.290784 2.816801 0.1303969 -1.334739 2.763473 0.1741458 -1.18327 2.76307 0.05100905 -1.526756 2.738607 0.4118384 -1.642115 3.070262 0.5997753 -1.347394 3.027748 -1.345759 -0.4396084 3.306007 -1.830121 0.03465306 2.621046 -2.067622 -0.5393908 2.634961 -1.276204 -0.4568169 2.715589 -1.311749 -0.6101716 2.706879 -1.203362 -0.2608942 2.705601 -1.619564 -0.167752 2.973185 -1.783037 -0.4704121 2.897943 -1.421752 -3.899591 2.116981 -1.749656 -3.607102 2.22353 -2.111532 -4.012795 2.116981 -1.785655 -4.303474 2.22353 -1.118519 -3.382231 2.116795 -1.327832 -3.728148 2.319164 -0.9461601 -4.059199 2.091952 -0.6691414 -3.705217 2.091497 -0.853176 -2.727602 2.066637 -1.062489 -3.07352 2.269006 -0.680817 -3.404571 2.041794 -0.4037982 -3.050588 2.041339 -1.774079 -2.994357 2.064351 -1.91627 -2.578805 2.171697 -2.391891 -2.702863 1.916183 -2.307842 -3.133615 2.013304 -2.874456 -1.592989 1.859499 -3.016647 -1.177437 1.966846 -3.492268 -1.301495 1.711332 -3.408219 -1.732247 1.808453 -3.748411 0.1367698 1.767992 -3.585671 0.5447126 1.875338 -4.027387 0.7603342 1.619824 -4.244146 0.3787236 1.716945 -2.578859 2.477994 1.558716 -2.169469 2.477994 1.558716 -2.182975 3.021631 1.558716 -2.576141 3.021631 1.558716 -2.188807 2.642779 1.544943 -2.025977 2.271749 1.603451 -1.540867 2.478634 1.470824 -1.697244 2.834959 1.414635 -2.57346 2.45255 1.477037 -2.537933 2.063802 1.353696 -2.077006 2.029253 1.640185 -2.111123 2.402594 1.758638 -2.958283 1.372459 0.927031 -2.679456 1.099251 0.8036904 -2.305868 1.371426 1.090179 -2.573643 1.633807 1.208632 -2.480246 1.945117 0.8241739 -2.846255 2.080857 0.7008333 -3.076359 1.679984 0.9873219 -2.724858 1.549623 1.105775 -3.055916 1.552706 1.612784 -3.237297 1.187566 1.575721 -2.785276 0.9581814 1.772656 -2.611081 1.308849 1.80825 0.591471 3.425929 0.6787601 0.3020292 3.656947 0.5042467 -0.06874239 3.297978 0.6756873 0.2092248 3.076113 0.8432841 1.39029 2.988587 1.3114 1.100848 3.219605 1.136887 0.7300768 2.860636 1.308327 1.008044 2.638772 1.475924 2.382227 2.898215 1.16047 2.104431 3.186072 1.073475 1.714495 2.828911 1.200392 1.981278 2.55246 1.283939 2.442409 2.123505 1.062074 2.464397 2.52368 0.9785409 2.035224 2.601248 1.303374 2.014104 2.216936 1.383597 2.196602 1.083087 1.534197 2.230474 1.488489 1.488338 1.748827 1.542977 1.734853 1.716294 1.153644 1.778896 2.753185 0.06719917 1.21905 2.864741 0.4407079 1.093959 2.352274 0.6050807 1.171952 2.245137 0.2463775 1.292085 2.563982 0.3586431 1.259629 1.715374 -2.428719 1.871342 2.02743 -2.164094 1.857346 1.700971 -1.788428 2.076486 1.401282 -2.042562 2.089929 1.683095 -1.828713 1.954236 2.174118 -2.005847 1.801781 2.328289 -1.646944 1.846483 0.6591321 -2.640224 2.631016 0.3804749 -2.939051 2.605444 0.7826868 -3.300517 2.662802 1.050301 -3.013537 2.687362 -0.7550955 -2.849711 1.731735 -0.999015 -3.095146 1.512952 -0.6062692 -3.471163 1.522183 -0.3720152 -3.235457 1.732295 -0.5636009 -3.480975 1.501129 -0.2316392 -3.278687 1.372746 -0.3934087 -2.852435 1.669162 -0.7122136 -3.046703 1.792459 -0.2056516 -3.323708 1.769653 0.1909815 -3.303115 1.670358 0.1692619 -2.765724 1.750747 -0.2116498 -2.785498 1.846107 -2.963114 -2.184712 1.858141 -2.566481 -2.164119 1.758845 -2.5882 -1.626728 1.839234 -2.969112 -1.646502 1.934595 -3.235703 -1.502383 1.974289 -3.508978 -1.683932 1.729417 -3.167595 -2.104672 1.68296 -2.90515 -1.930322 1.918126 -3.438984 -0.7411681 1.80038 -3.712259 -0.922717 1.555508 -3.370876 -1.343457 1.509051 -3.108431 -1.169107 1.744217 -4.069329 -0.1551198 1.757694 -4.342604 -0.3366687 1.512822 -4.001221 -0.7574087 1.466365 -3.738776 -0.5830585 1.701531 -4.242621 0.4192048 1.641717 -4.415844 0.09111326 1.468652 -4.074362 -0.2223272 1.753025 -3.908005 0.09275734 1.919233 -3.09118 2.026973 0.7581177 -3.264403 1.698881 0.5850525 -2.922921 1.385441 0.8694253 -2.756564 1.700525 1.035634 -2.104352 0.5110713 0.9152842 -2.277574 0.1829798 0.742219 -1.936092 -0.1304606 1.026592 -1.769735 0.1846238 1.1928 -1.88444 0.4416456 1.211842 -1.656222 0.750984 1.071032 -1.9866 0.7806969 0.6401148 -2.205775 0.4836209 0.7753415 -1.976323 0.659219 0.953764 -1.912791 -0.4251092 0.7963963 -1.684573 -0.1157708 0.6555863 -2.014951 -0.08605784 0.2246689 -2.234127 -0.3831338 0.3598957 -2.140311 -0.1842287 0.7202015 -2.13655 -0.2392337 0.3145399 -1.77854 -0.6422541 0.386138 -1.78215 -0.5894328 0.7757211 -1.687705 -1.233002 0.9404268 -1.907464 -1.456514 0.6770849 -1.54858 -1.860036 0.7410851 -1.337529 -1.645386 0.9939904 -1.052302 -2.085915 0.7137342 -1.693147 -2.283357 0.6627755 -1.393128 -2.412329 0.4438396 -0.5096486 -1.818387 0.6431589 -0.5919542 -1.521121 0.9123421 -1.037142 -1.796452 1.059731 -0.9581007 -2.081938 0.8012195 0.3670943 -2.358895 0.8705092 0.2153687 -2.088119 1.137456 -0.2651553 -2.130265 0.8863726 -0.1194474 -2.39031 0.6300063 0.8449779 -2.049422 1.056684 0.5007681 -2.064265 1.277819 0.3062928 -2.430059 0.9255462 0.6368573 -2.415808 0.7131744 0.8259549 -2.038734 1.804518 0.4622008 -1.880106 1.905125 0.2280753 -2.335113 1.721071 0.577408 -2.487457 1.624451 0.6586499 -2.048586 1.848015 0.332376 -2.076519 2.093712 0.1186602 -2.436359 1.746491 0.4319995 -2.409537 1.510531 -0.6532356 -3.059849 2.135975 -1.04253 -2.943777 2.186759 -1.186033 -3.468203 2.176441 -0.8121705 -3.579678 2.127671 -1.961029 -1.411334 1.903272 -2.355613 -1.365477 1.804271 -2.397408 -1.906929 1.775902 -2.018464 -1.950973 1.870979 -1.64543 -0.6611136 2.584214 -1.780714 -0.9012553 2.281507 -1.506823 -1.314411 2.505133 -1.376901 -1.083792 2.795844 -1.398014 -1.230728 2.194969 -1.118971 -1.115747 2.471583 -1.524067 -1.026982 2.823349 -1.792053 -1.137405 2.557703 -0.9018906 -2.712472 3.033049 -0.5558727 -2.643527 3.2407 -0.7006449 -2.120963 3.281805 -1.03295 -2.187172 3.082385 -0.3699441 -2.194515 3.170349 -0.6923491 -2.355336 3.364751 -0.6339054 -2.803565 3.062434 -0.3242768 -2.649122 2.875733 -0.4083796 -1.485493 3.176372 -0.8171206 -1.482532 3.19924 -0.8043875 -2.023315 3.255038 -0.4118456 -2.026163 3.233078 0.7407892 -1.616448 2.616469 0.3320482 -1.613487 2.639337 0.3447813 -2.154269 2.695135 0.7373232 -2.157117 2.673175 1.326799 -1.987988 2.504552 0.918058 -1.985027 2.52742 0.930791 -2.525809 2.583219 1.323333 -2.528657 2.561258 1.0847 -2.102962 2.394476 1.449342 -2.214564 2.245543 1.529858 -1.698757 2.093288 1.179669 -1.591573 2.236319 1.362281 -0.560093 2.823739 1.706838 -0.7156348 2.980859 1.921747 -0.2162464 2.968752 1.590846 -0.06686443 2.817859 2.031879 -0.4570259 3.077639 2.411944 -0.3654412 2.956133 2.264557 0.1575741 2.934844 1.899555 0.06962364 3.051536 2.828395 0.3261596 2.920408 3.089242 0.4135458 2.617221 2.908008 0.9261608 2.627284 2.657499 0.8422427 2.918457 1.972051 1.765965 2.768147 2.245987 1.791185 2.46496 2.187175 2.331705 2.475023 1.924095 2.307488 2.766196 1.642906 2.165339 2.814271 2.036787 2.212141 2.915599 2.10189 2.514486 2.468307 1.723619 2.469543 2.370993 1.002566 3.279553 2.269607 1.295897 3.54053 2.153642 0.9722611 3.950432 2.305175 0.6905542 3.6998 2.416547 0.4405847 2.165319 3.273877 0.8321298 2.055832 3.225865 0.9616478 2.583079 3.194931 0.5856217 2.688232 3.241041 0.3524432 2.113205 3.059105 0.7429622 1.992573 3.035793 0.8741452 2.397742 3.37395 0.4991043 2.513595 3.396343 -0.06306499 2.186912 3.184163 0.3399891 2.120535 3.211405 0.4125288 2.658385 3.245691 0.02544963 2.722137 3.219531 0.813619 2.000797 3.021394 1.166762 1.793787 3.015281 1.427058 2.266523 2.948296 1.087914 2.465333 2.954168 1.11786 2.321062 3.052086 0.937177 1.953857 3.062795 1.377744 1.745109 2.821871 1.551272 2.097757 2.811585 0.8529241 2.514073 2.783041 0.7421241 2.247834 3.073629 1.259959 2.084278 3.102195 1.366373 2.339964 2.823126 1.389784 1.735616 2.58447 1.095352 1.479905 2.70906 1.456798 1.074249 2.686268 1.739564 1.31982 2.566617 1.29435 1.683201 2.657152 0.9982004 1.445305 2.5045 1.326038 1.016799 2.572507 1.610452 1.245261 2.71911 1.925884 1.240768 2.68557 1.629735 1.002872 2.532919 1.957572 0.5743661 2.600926 2.241986 0.8028277 2.747529 1.762209 0.7815464 2.788132 2.155534 0.6754991 2.747493 2.251772 1.166356 2.534143 1.87404 1.268205 2.573172 -0.7411854 -0.4830861 3.519177 -0.3375256 -0.4320436 3.473845 -0.4236726 0.1032127 3.43143 -0.8113326 0.05419963 3.474967 -0.4411697 -0.1106553 3.473355 -0.03750991 -0.05961275 3.428023 -0.1236569 0.4756436 3.385607 -0.5113169 0.4266305 3.429144 -0.1529595 0.4661478 3.226888 -0.5347325 0.3203631 3.251336 -0.3567219 -0.04774624 3.609843 0.009920179 0.09225726 3.58637 -0.2084043 0.3036016 2.421127 -0.5901774 0.1578168 2.445575 -0.4121667 -0.2102925 2.804082 -0.04552459 -0.07028895 2.78061 0.004042506 -0.105243 2.573275 -0.0964353 0.285317 2.643764 -0.6003493 0.119851 2.76381 -0.5038596 -0.2552301 2.696118 -0.2075998 -0.2523866 2.635993 -0.3025731 0.1453711 2.655244 -0.8279561 0.005482971 2.666378 -0.7367537 -0.3765102 2.647893 -0.1341231 0.9533216 1.077458 -0.2006226 1.344883 0.9781656 -0.7267142 1.224491 0.9114328 -0.6628583 0.8484497 1.006791 -1.074036 1.041684 0.8604932 -0.8495764 0.7611703 1.056786 -0.4535686 1.130848 1.104073 -0.6691275 1.400249 0.9155636 0.6865062 1.355676 2.326493 0.6110752 1.104801 2.641093 1.076393 0.8465875 2.529171 1.148841 1.087517 2.227042 -2.49557 2.383033 1.384964 -2.827265 2.164322 1.286252 -2.52199 1.715022 1.311972 -2.203442 1.925066 1.406773 -2.536678 2.439453 1.446321 -2.90025 2.262464 1.382368 -2.638948 1.828056 1.185555 -2.289786 1.998031 1.246975</float_array>
          <technique_common>
            <accessor source="#tree_oak_bush_a200_001-mesh-positions-array" count="889" stride="3">
              <param name="X" type="float"/>
              <param name="Y" type="float"/>
              <param name="Z" type="float"/>
            </accessor>
          </technique_common>
        </source>
        <source id="tree_oak_bush_a200_001-mesh-normals">
          <float_array id="tree_oak_bush_a200_001-mesh-normals-array" count="1434">-0.6619802 0.7425495 0.1019933 0.9840012 0.1779271 0.00915575 -0.6955007 0.7128356 0.09024506 -0.7198775 0.6876191 0.09463876 -0.313739 -0.9479923 0.053653 -0.25569 -0.9634919 0.07941097 0.9483389 0.2952781 0.1160359 0.9409147 0.3382471 -0.01638889 -0.3861303 -0.01828104 0.9222632 0.4626415 -0.1963914 0.8645192 -0.02908456 0.03549355 0.9989466 -0.02890157 0.03549373 0.998952 -0.029298 0.03546279 0.9989415 0.7034014 -0.6745915 0.2239482 0.7107043 -0.6265624 0.3198734 0.7113118 -0.6036094 0.360127 -0.9586324 0.09103816 0.2696964 -0.9260945 0.07190239 0.3703768 -0.9087488 0.063389 0.4125016 0.1160625 0.2408534 0.963597 -0.5670464 -0.1372142 0.8121765 -0.6680358 0.1832986 0.7212004 -0.5173653 -0.2420495 0.8208199 0.6801305 -0.24843 0.6897137 0.4363376 -0.4879766 0.7559685 0.744155 -0.1604711 0.6484461 -0.2746132 -0.5957379 0.7547742 0.8892326 0.1793602 0.4208267 0.3407765 0.4908085 0.8018594 -0.5143498 0.3354734 0.7892414 0.02597159 0.3519747 0.9356492 0.02578842 0.3519129 0.9356775 0.02615523 0.3520734 0.935607 -0.9021298 0.4278547 0.05569827 -0.8929947 0.4197014 0.1625152 -0.8858672 0.4146723 0.2080534 0.9232867 0.3468162 0.165107 0.8846424 0.3898885 0.2557241 0.8647977 0.4070982 0.2939323 -0.03503608 0.1122192 0.9930657 0.4682567 0.6137418 0.6356546 0.6790961 0.3371827 0.652025 0.3840577 0.6906873 0.6127405 -0.7335233 0.2414965 0.6353133 -0.5932589 0.5557206 0.5824247 -0.7610158 0.1284534 0.6358889 0.03122103 0.8892356 0.4563829 -0.7708507 -0.2991479 0.5624054 -0.06051903 -0.3300318 0.9420279 -0.03552401 0.5333793 0.8451301 -0.1911436 0.01294022 0.9814768 -0.191202 0.01312315 0.981463 -0.1910796 0.01272642 0.9814921 0.4873953 0.8314714 0.2666482 0.4239159 0.833915 0.3533853 0.3950098 0.8319836 0.3895775 0.04526001 -0.9437766 0.3274713 0.04144442 -0.903293 0.4270179 0.03967505 -0.8825875 0.4684712 -0.4113117 0.11338 0.9044157 0.106054 -0.489405 0.8655839 -0.171153 -0.6552217 0.7357931 0.1970915 -0.4198495 0.8859354 0.003051877 0.7481076 0.6635705 0.2695779 0.5592377 0.7839521 -0.08731555 0.7916695 0.604678 0.5057001 -0.1162774 0.8548375 -0.4066078 0.8564919 0.3179494 -0.1015678 -0.3889667 0.9156359 -0.6719511 -0.3873249 0.6312379 -0.4726882 -0.4422906 0.7621975 -0.6682307 -0.2076871 0.7143766 -0.5777047 -0.155375 0.8013214 -0.6819206 0.1039178 0.7240066 -0.7870106 -0.08667582 0.6108205 -0.0448938 -0.008392751 0.9989566 -0.04501569 -0.00827068 0.9989521 -0.04474145 -0.008545398 0.9989621 -0.5747703 -0.04843413 0.8168801 -0.5748494 -0.04831099 0.8168319 -0.5746405 -0.04861658 0.8169607 0.1406641 -0.4926449 0.8587868 0.13691 -0.4966118 0.8571071 0.145729 -0.4872689 0.8610065 0.1341926 -0.06265574 0.9889726 0.1319026 -0.06790453 0.9889342 0.137275 -0.05557531 0.9889727 -0.1364213 0.05026525 0.9893749 -0.1344347 0.04492348 0.9899037 -0.1391068 0.05743724 0.9886103 -0.1453636 -0.001953184 0.9893764 -0.1416066 -0.006225764 0.9899035 -0.1504597 0.00375384 0.9886091 0.03180116 -0.1418539 0.9893767 0.03518801 -0.1373035 0.9899038 0.02722316 -0.1480183 0.9886099 -0.3102858 -0.03677529 0.9499318 -0.3067523 -0.04117089 0.9508985 -0.315015 -0.03085446 0.948585 0.08478248 -0.08856683 0.9924556 0.08002048 -0.09170919 0.9925655 0.09122037 -0.0843231 0.9922543 -0.02325558 -0.1203982 0.9924533 -0.0285657 -0.1182914 0.992568 -0.01608335 -0.1231735 0.9922548 0.1199718 0.00476098 0.9927659 0.01324528 -0.4064228 0.9135891 -0.1502467 -0.6523208 0.7429022 -0.03360182 -0.5123594 0.8581136 0.1958387 -0.6812393 0.7053796 0.04013222 -0.05536109 0.9976596 -0.04089516 -0.05481171 0.9976589 0.06195318 -0.02890133 0.9976606 0.0494709 -0.04721254 0.9976592 0.1619026 -0.004303157 0.9867973 0.303268 0.2814774 0.9103839 -0.05578875 0.103551 0.9930583 0.4026736 -0.2621315 0.8770069 0.1500921 0.3553931 0.9225877 0.1893121 0.3964171 0.8983399 0.627372 0.03723275 0.7778291 -0.3588689 -0.00314337 0.9333828 -0.3588791 -0.003143489 0.9333788 0.05368232 -0.09472995 0.9940546 -0.3583242 -0.1029713 0.9279013 -0.3158169 0.3627561 0.876737 -0.8861907 0.0667153 0.4584923 0.01562577 0.02246212 0.9996256 -0.736513 -0.01825028 0.6761771 -0.1146602 0.5598422 0.8206278 0.1753329 -0.04290997 0.9835737 -0.2629192 -0.3228886 0.9091846 0.06830251 0.1871758 0.979949 -0.07742613 -0.2455542 0.966286 -0.3962004 0.3004921 0.8676 0.4716119 -0.1576617 0.8675974 0.1504888 0.4739589 0.8675921 -0.4212922 -0.3312594 0.844263 0.4729812 0.09735512 0.8756774 0.1042524 -0.4588205 0.8823918 0.04773229 0.9046866 0.4233956 0.4290374 -0.03009182 0.9027854 0.1115161 -0.4153932 0.9027805 -0.163338 0.6672991 0.7266587 0.5785225 0.3705034 0.7266629 -0.001281738 0.07831132 0.9969282 0.3263732 0.2046929 0.9228117 0.5382957 -0.2576422 0.8024079 0.4564176 0.2509 0.8536581 0.06433421 -0.5521206 0.8312786 -5.49347e-4 0.0501126 0.9987434 -0.2312131 -0.1236331 0.9650158 -0.7137778 0.2233989 0.6637878 -0.4178084 -0.6203341 0.6637935 -0.9256226 -0.08331793 0.3691625 -0.7056125 -0.141977 0.6942288 0.1956263 -0.2504383 0.9481619 0.6039984 0.3825232 0.6991868 -0.05060052 0.3014671 0.952133 -0.06579971 0.2264535 0.9717969 -0.02804714 0.4067601 0.9131044 0.4532133 -0.1540925 0.8779824 0.4532012 -0.1540884 0.8779895 0.1453016 0.5441564 0.8263059 -0.4193941 -0.3759349 0.826306 -0.5718067 -0.201701 0.7952069 -0.5719102 -0.2015831 0.7951623 -0.5716757 -0.2018809 0.7952554 -0.1406915 0.3404064 0.9296932 -0.1551311 -0.5237774 0.8376106 -0.02609384 -0.003448605 0.9996536 -0.0260328 -0.003601253 0.9996547 -0.02615481 -0.003234982 0.9996528 -0.5441229 -0.823158 0.1622999 -0.5009759 -0.8252446 0.2607578 -0.4805553 -0.8231944 0.3023537 -0.1030945 0.9479632 0.3012265 -0.1214357 0.9086163 0.3995873 -0.1289446 0.8883902 0.440609 0.2042058 -0.1070928 0.9730525 -0.2847455 0.5005782 0.8175216 0.01605302 0.6619602 0.7493671 -0.3788996 0.4322478 0.818289 -0.1561986 -0.7402189 0.653971 -0.4400527 -0.5471742 0.7120071 -0.05575853 -0.7854116 0.6164574 -0.6773059 0.1315364 0.7238473 0.3171826 -0.8569089 0.4063282 0.2911505 0.2255958 0.9296978 -0.546149 0.01132273 0.8376116 -0.01019334 0.02426266 0.9996537 -0.01034593 0.02417111 0.9996544 -0.01001024 0.02435421 0.9996533 -0.9376196 0.3074533 0.1623026 -0.9282286 0.2652997 0.260783 -0.9208666 0.2461402 0.3023573 0.887097 0.3497482 0.3012229 0.8443067 0.3570412 0.3995846 0.8228123 0.3589427 0.4406135 -0.04935002 -0.2252341 0.9730541 0.4076169 0.4068234 0.8175227 0.6427246 0.1592773 0.7493571 0.3168545 0.4795851 0.8182917 -0.7551981 -0.04477167 0.6539658 -0.6439507 0.2799507 0.712008 -0.7722631 -0.1535736 0.6164616 -0.05194365 0.6879945 0.7238546 -0.742743 -0.5321918 0.4063311 0.9780523 0.1038877 0.1806132 0.9509093 0.1278133 0.2818425 0.9358003 0.1376706 0.3245377 -0.4773188 -0.8615543 0.1728907 -0.4302911 -0.8614977 0.2695766 -0.408472 -0.8583894 0.310352 -0.4769185 -0.8436028 -0.2467451 -0.4514067 -0.8798327 -0.1487497 -0.4388035 -0.8923172 -0.1059318 -0.8636312 0.4206456 -0.2778464 -0.9110339 0.3581449 -0.2043272 -0.9282471 0.3298841 -0.1718546 -0.8681645 -0.4549723 -0.1982187 -0.8806205 -0.4648321 -0.0918616 -0.8828516 -0.4674279 -0.04565626 -0.1225648 0.8774859 0.4636771 -0.1926072 0.8271641 0.5279225 -0.2221215 0.8025124 0.5537473 -0.7522965 0.611817 0.2443971 -0.7478396 0.5685706 0.3427293 -0.7432353 0.5478815 0.3839626 -0.9183496 0.3112946 0.2443968 -0.899097 0.2723233 0.3427311 -0.8875774 0.2545266 0.3839567 0.9284929 0.2795886 0.2443997 0.8901904 0.3001585 0.3427331 0.8704823 0.3079435 0.3839681 0.452417 0.8556064 0.2515089 0.400686 0.848585 0.3454768 0.3769431 0.8425139 0.384817 0.8107071 -0.2844372 0.5117123 0.7784767 -0.2169589 0.5889847 0.7617852 -0.187051 0.6202381 0.8630282 -0.3497526 0.3644934 0.8235574 -0.328721 0.4622725 0.8035746 -0.3184695 0.5028369 -0.903474 0.148997 0.4019137 -0.8765304 0.07528984 0.4754218 -0.8617685 0.04321503 0.5054578 -0.9586368 0.1766448 0.2231864 -0.9316233 0.1606215 0.3260041 -0.9166316 0.1531127 0.3692467 0.9732017 0.1967889 0.1189645 0.9459179 0.2473901 0.2098513 0.9307695 0.2683539 0.2483028 0.2810505 0.9474049 0.1530839 0.2478786 0.9347482 0.2545623 0.2326765 0.9259452 0.2974683 -0.1069389 -0.98241 0.1530838 -0.07657343 -0.9640198 0.2545632 -0.06317365 -0.9526403 0.2974655 -0.7315291 -0.6484542 -0.2106477 -0.2614844 -0.9650934 -0.01486259 -0.5742183 -0.7872421 -0.2247737 -0.7502045 -0.6571804 0.07285046 -0.7165012 -0.6757275 0.173258 -0.6994065 -0.6813087 0.2159838 0.6637912 -0.7443617 0.07284915 0.6820456 -0.7104896 0.1732581 0.6874805 -0.6933403 0.2159859 0.04016292 0.9984588 -0.03830128 -0.8668472 0.497652 0.03030592 -0.9082038 0.4170205 0.03549432 -0.7592866 -0.6474338 0.06567722 0.3470324 -0.4033402 0.8466908 0.5186526 -0.3042819 0.7990069 0.455223 -0.3438588 0.8212997 0.615507 -0.2355455 0.75211 -0.9082028 0.4170201 0.03552478 0.5186399 -0.3042744 0.799018 0.8610679 -0.5070456 -0.03830152 0.8481125 0.5289488 0.03030496 0.7965824 0.6034872 0.03549385 -0.2119874 0.975063 0.06567764 -0.519435 -0.1153317 0.8466913 -0.5131772 -0.3133997 0.7990182 -0.5181226 -0.2387813 0.8212993 -0.4983794 -0.4312065 0.7521165 0.2833717 -0.958245 -0.0383017 0.9809043 -0.1921157 0.03030514 0.9941045 -0.1024532 0.03549391 0.5104332 0.8574057 0.06567722 -0.4583974 0.2701554 0.8466923 -0.5889863 0.1210994 0.7990182 -0.5416825 0.1790247 0.821298 -0.6585688 0.02487295 0.7521095 0.6375838 -0.7694283 -0.038302 0.977369 0.2093599 0.03030526 0.954224 0.2969762 0.03552359 0.1318724 0.9890886 0.06567674 -0.5277333 0.06796562 0.8466867 -0.5891482 -0.1204299 0.7990001 -0.5684418 -0.04855525 0.8212895 -0.6152344 -0.2362483 0.7521126 -0.1001952 -0.9942304 -0.03830182 0.8353216 -0.5489256 0.03030592 0.8814503 -0.470939 0.03552412 0.7968827 0.6005536 0.06567692 -0.3221263 0.42351 0.8466842 -0.4993821 0.3349458 0.7990175 -0.4337028 0.370651 0.8212916 -0.6002154 0.2721676 0.752108 0.05758935 -0.9976055 -0.03830134 0.9113364 -0.4105454 0.03030562 0.9446057 -0.3262828 0.03549402 0.6923658 0.7185515 0.065678 -0.3847829 0.3675092 0.8466872 -0.5458954 0.2521184 0.799021 -0.4866527 0.2977414 0.8212912 -0.6355672 0.1742659 0.7521209 -0.09958451 0.9941971 -0.04068219 -0.9228193 0.366265 -0.1193924 -0.9522975 0.2804429 -0.120338 -0.657353 -0.7515352 -0.05551439 0.256299 -0.3613151 0.8965279 0.4172202 -0.2377097 0.8771666 0.3574039 -0.2864176 0.8889474 0.5094797 -0.1550046 0.8464065 -0.04162788 0.00213629 0.999131 0.2965852 -0.01532059 0.9548835 0.04086494 -0.002105772 0.9991626 -0.2982621 0.01541209 0.9543596 0.3264666 0.006348013 0.9451875 0.2962476 0.3423618 0.8916422 0.3226212 0.08884215 0.9423496 0.3239271 -0.2523299 0.9118118 -0.3019279 -0.05853605 0.9515321 -0.02502572 -0.2580397 0.9658101 -0.2372843 -0.1081284 0.9654039 -0.490905 0.09934073 0.8655309 -0.2672572 0.1521996 0.9515298 -0.1870518 -0.1795136 0.9658088 -0.2504699 0.07245224 0.9654095 -0.3077907 0.3951075 0.8655374 0 0 1 0.1666947 0.2245587 0.960097 -0.5195574 -0.3011626 0.7996007 -0.2008467 -0.5659476 0.7996024 -0.04742646 0.5986605 0.7995976 -0.3612886 0.08521014 0.9285525 -0.1034911 0.513702 0.8517041 -0.1034928 0.5136796 0.8517174 0.0245372 0.3108356 0.9501469 0.6131898 0.1289737 0.7793357 0.4602601 0.06170982 0.8856368 0.3181301 0.07492411 0.9450819 0.388569 0.3201147 0.8640259 0.2186976 0.2504982 0.9430918 0.1136837 0.4182952 0.9011688 0.04156702 0.1667259 0.9851268 0.2841625 -0.2867261 0.9148988 0.2189428 -0.2126559 0.9522823 -0.1185346 0.02557462 0.9926205 -0.3798077 -0.3759623 0.8452211 0.5152894 -0.3488062 0.7828224 0.2471789 -0.1335541 0.9597219 -0.4250161 -0.432646 0.7950968 -0.6629453 -0.04419225 0.7473624 -0.5571932 0.5264296 0.6421898 -0.409814 0.729138 0.5480971 -0.5830369 0.6512471 0.485742 -0.5815736 0.7519928 0.3102886 -0.7333274 0.54438 0.4072854 -0.5801373 0.6509111 0.4896482 -0.7522931 -0.6537473 0.08166879 -0.752295 -0.6537489 0.08163845 -0.5417475 -0.3614397 0.7588617 0.1714898 -0.7279544 0.6638327 0.5298723 -0.4839411 0.6964455 -0.2549232 -0.7475267 0.6133662 0.3869545 -0.7380489 0.552766 0.07449781 -0.4066403 0.9105459 0.4408181 -0.7449715 0.5006965 0.1142642 -0.05078405 0.9921516 -0.2466841 -0.03167855 0.9685781 -0.8032367 -0.2365853 0.5466611 0.07138377 -0.9445309 0.320571 -0.4748217 -0.1989868 0.8572915 0.6099904 -0.3868939 0.6915381 0.05627769 0.1037658 0.9930083 0.05630809 0.1037656 0.9930067 0.4215276 0.1955654 0.8854766 -0.344078 0.1704519 0.9233399 0.2767767 0.1167961 0.95381 0.7022751 0.2350886 0.6719696 0.7374842 0.06772094 0.6719605 -0.2317052 0.8212534 0.5213978 0.3912562 -0.0310685 0.9197573 0.391282 -0.03106814 0.9197463 0.1289442 0.02646023 0.9912988 -0.1408459 -0.6070871 0.7820535 -0.07605344 -0.05319464 0.9956839 0.07528954 0.09912461 0.9922227 0.4075521 -0.1743861 0.8963766 0.1793602 0.6903402 0.7008998 0.2532767 0.1721878 0.9519466 0.253248 0.1721891 0.951954 -0.3665922 -0.1343439 0.9206312 -0.3666025 -0.1343477 0.9206266 0.1912937 0.359454 0.9133453 0.0992794 0.09445732 0.9905663 -0.1943776 0.6345273 0.7480592 -0.1944069 0.6345236 0.7480548 0.2630749 -0.1053825 0.9590027 0.03198349 -0.04068124 0.9986602 -0.1710898 0.2147626 0.961564 -0.3856447 0.3015635 0.8719734 0.4911512 0.6198216 0.6120391 -0.224558 -0.09705007 0.9696159 0.03167915 -0.3966001 0.9174448 -0.2094855 -0.971953 0.1068791 -0.02865761 0.03552442 0.9989579 0.69901 -0.689305 0.1903783 -0.9672614 0.09738534 0.2343535 0.02557498 0.3518245 0.9357166 -0.9028561 0.4295303 0.01883047 0.9341098 0.3310753 0.1335227 -0.1912603 0.01333659 0.9814488 0.5079301 0.8284116 0.2360961 0.04645091 -0.955174 0.2923784 -0.04516804 -0.008087515 0.9989467 -0.5749792 -0.04812854 0.8167513 0.131598 -0.5021905 0.8546851 0.1286994 -0.07529079 0.9888214 -0.1315994 0.03741669 0.9905966 -0.1362687 -0.0122382 0.9905964 0.0400108 -0.1308363 0.9905964 -0.301747 -0.04736638 0.9522107 0.07324624 -0.09613567 0.9926697 -0.03607368 -0.1153627 0.9926682 -0.7056156 -0.1419472 0.6942318 0.6040054 0.3824971 0.6991948 -0.08038699 0.1510995 0.9852446 -0.5720478 -0.2013947 0.7951111 -0.02597177 -0.003845393 0.9996554 -0.5575013 -0.8202444 0.1280297 -0.09650111 0.9589686 0.2665836 -0.01055961 0.02404904 0.999655 -0.9383437 0.3211231 0.128028 0.8994511 0.3462973 0.266582 0.9847775 0.09540146 0.1452995 -0.4922177 -0.8592752 0.1391687 -0.4922156 -0.8592716 0.1391986 -0.4844025 -0.8289045 -0.2797705 -0.8450167 0.4410335 -0.3023846 -0.8615652 -0.4503761 -0.234237 -0.09814947 0.8924401 0.4403604 -0.7518383 0.6250314 0.2099409 -0.9225129 0.3238729 0.2099436 0.9391844 0.2717695 0.2099385 0.4690194 0.8557284 0.2185176 0.8196215 -0.3068697 0.483789 0.8742844 -0.3560678 0.3299129 -0.9103275 0.173929 0.3755696 -0.9653668 0.1816834 0.187238 0.9799815 0.1788748 0.08740788 0.2917003 0.9492316 0.1177727 -0.1171028 -0.9861117 0.1177743 -0.1094104 -0.9627198 0.2473865 -0.920817 -0.3545078 0.1625438 -0.7597831 -0.6490584 0.03811883 0.655763 -0.7540039 0.0381183 -0.1035214 0.5137004 0.8517014 -0.5801489 0.6508935 0.4896579 -0.254928 -0.7475407 0.6133472 0.4215025 0.1955679 0.885488 0.7374703 0.06772249 0.6719757 0.1912643 0.3594561 0.9133507 -0.1711195 0.2147615 0.9615591 -0.224529 -0.09705072 0.9696226</float_array>
          <technique_common>
            <accessor source="#tree_oak_bush_a200_001-mesh-normals-array" count="478" stride="3">
              <param name="X" type="float"/>
              <param name="Y" type="float"/>
              <param name="Z" type="float"/>
            </accessor>
          </technique_common>
        </source>
        <source id="tree_oak_bush_a200_001-mesh-map-0">
          <float_array id="tree_oak_bush_a200_001-mesh-map-0-array" count="2700">0.227077 0.7380948 0.1508641 0.4966286 0.2262256 0.4785251 0.2017109 0.003620684 0.3051288 0.4915125 0.2262256 0.4785251 0.2262256 0.4785251 0.2924569 0.7457203 0.227077 0.7380948 0.3051288 0.4915125 0.5165344 0.04522454 0.3584662 0.5009129 0.2924569 0.7457203 0.3584662 0.5009129 0.3335488 0.7495124 0.1508641 0.4966286 0.2017109 0.003620684 0.2262256 0.4785251 9.998e-5 0.9733611 1.00033e-4 0.558623 0.5655792 0.5724869 9.998e-5 0.9733611 1.00033e-4 0.558623 0.5655792 0.5724869 0.9999001 1.0004e-4 0.6446277 0.5604946 0.6399109 1.00017e-4 0.5728923 0.5648676 0.7266577 0.9999001 0.5695388 0.9999001 0.5728923 0.5648676 0.7266577 0.9999001 0.5695388 0.9999001 0.6386566 1.00017e-4 0.007033586 0.5548431 1.00099e-4 9.998e-5 0.5423011 0.9839084 -0.005794525 0.9749146 0.3331996 0.7457156 0.5423011 0.9839084 -0.005794525 0.9749146 0.3331996 0.7457156 0.5700773 0.5684846 0.5423011 0.9839084 0.3331996 0.7457156 0.5700773 0.5684846 0.5423011 0.9839084 0.3331996 0.7457156 9.998e-5 0.9733611 1.00033e-4 0.558623 0.5655792 0.5724869 9.998e-5 0.9733611 1.00033e-4 0.558623 0.5655792 0.5724869 0.9999001 1.0004e-4 0.6446277 0.5604946 0.6399109 1.00017e-4 0.5728923 0.5648676 0.7266577 0.9999001 0.5695388 0.9999001 0.5728923 0.5648676 0.7266577 0.9999001 0.5695388 0.9999001 0.6386566 1.00017e-4 0.007033586 0.5548431 1.00099e-4 9.998e-5 0.5423011 0.9839084 -0.005794525 0.9749146 0.3331996 0.7457156 0.5423011 0.9839084 -0.005794525 0.9749146 0.3331996 0.7457156 0.5700773 0.5684846 0.5423011 0.9839084 0.3331996 0.7457156 0.5700773 0.5684846 0.5423011 0.9839084 0.3331996 0.7457156 9.998e-5 0.9733611 1.00033e-4 0.558623 0.5655792 0.5724869 9.998e-5 0.9733611 1.00033e-4 0.558623 0.5655792 0.5724869 0.9999001 1.0004e-4 0.6446277 0.5604946 0.6399109 1.00017e-4 0.5728923 0.5648676 0.7266577 0.9999001 0.5695388 0.9999001 0.5728923 0.5648676 0.7266577 0.9999001 0.5695388 0.9999001 0.6386566 1.00017e-4 0.007033586 0.5548431 1.00099e-4 9.998e-5 0.5423011 0.9839084 -0.005794525 0.9749146 0.3331996 0.7457156 0.5423011 0.9839084 -0.005794525 0.9749146 0.3331996 0.7457156 0.5700773 0.5684846 0.5423011 0.9839084 0.3331996 0.7457156 0.5700773 0.5684846 0.5423011 0.9839084 0.3331996 0.7457156 0.6386566 1.00017e-4 0.007033586 0.5548431 1.00099e-4 9.998e-5 1.00099e-4 9.998e-5 0.6386566 1.00017e-4 0.3136724 0.2860494 0.3136724 0.2860494 0.6386566 0.300652 0.6386566 0.5591769 0.007033586 0.5548431 1.00099e-4 9.998e-5 0.3136724 0.2860494 0.6386566 1.00017e-4 0.6386566 0.300652 0.3136724 0.2860494 0.007033586 0.5548431 0.3136724 0.2860494 0.6386566 0.5591769 0.9999001 1.0004e-4 0.6446277 0.5604946 0.6399109 1.00017e-4 0.9999001 1.0004e-4 0.6446277 0.5604946 0.6399109 1.00017e-4 0.9999001 1.0004e-4 0.6446277 0.5604946 0.6399109 1.00017e-4 0.9999001 1.0004e-4 0.6446277 0.5604946 0.6399109 1.00017e-4 0.9999001 1.0004e-4 0.6446277 0.5604946 0.6399109 1.00017e-4 0.9999001 1.0004e-4 0.6446277 0.5604946 0.6399109 1.00017e-4 0.9999001 1.0004e-4 0.6446277 0.5604946 0.6399109 1.00017e-4 0.9999001 1.0004e-4 0.6446277 0.5604946 0.6399109 1.00017e-4 0.9999001 1.0004e-4 0.6446277 0.5604946 0.6399109 1.00017e-4 0.9999001 1.0004e-4 0.6446277 0.5604946 0.6399109 1.00017e-4 9.998e-5 0.9733611 1.00033e-4 0.558623 0.5655792 0.5724869 0.5655792 0.5724869 9.998e-5 0.9733611 0.2027099 0.6901947 1.00033e-4 0.558623 0.5655792 0.5724869 0.2027099 0.6901947 9.998e-5 0.9733611 1.00033e-4 0.558623 0.2027099 0.6901947 9.998e-5 0.9733611 1.00033e-4 0.558623 0.5655792 0.5724869 9.998e-5 0.9733611 1.00033e-4 0.558623 0.5655792 0.5724869 9.998e-5 0.9733611 1.00033e-4 0.558623 0.5655792 0.5724869 9.998e-5 0.9733611 1.00033e-4 0.558623 0.5655792 0.5724869 0.6386566 1.00017e-4 0.007033586 0.5548431 1.00099e-4 9.998e-5 0.6386566 1.00017e-4 0.007033586 0.5548431 1.00099e-4 9.998e-5 0.6386566 1.00017e-4 0.007033586 0.5548431 1.00099e-4 9.998e-5 0.6386566 1.00017e-4 0.007033586 0.5548431 1.00099e-4 9.998e-5 0.6386566 1.00017e-4 0.007033586 0.5548431 1.00099e-4 9.998e-5 0.6386566 1.00017e-4 0.007033586 0.5548431 1.00099e-4 9.998e-5 0.6386566 1.00017e-4 0.007033586 0.5548431 1.00099e-4 9.998e-5 0.6386566 1.00017e-4 0.007033586 0.5548431 1.00099e-4 9.998e-5 0.6386566 1.00017e-4 0.007033586 0.5548431 1.00099e-4 9.998e-5 0.6386566 1.00017e-4 0.007033586 0.5548431 1.00099e-4 9.998e-5 0.6386566 1.00017e-4 0.007033586 0.5548431 1.00099e-4 9.998e-5 0.6386566 1.00017e-4 0.007033586 0.5548431 1.00099e-4 9.998e-5 0.6386566 1.00017e-4 0.007033586 0.5548431 1.00099e-4 9.998e-5 0.6386566 1.00017e-4 0.007033586 0.5548431 1.00099e-4 9.998e-5 0.6386566 1.00017e-4 0.007033586 0.5548431 1.00099e-4 9.998e-5 0.6386566 1.00017e-4 0.007033586 0.5548431 1.00099e-4 9.998e-5 0.6386566 1.00017e-4 0.007033586 0.5548431 1.00099e-4 9.998e-5 0.6386566 1.00017e-4 0.007033586 0.5548431 1.00099e-4 9.998e-5 0.6386566 1.00017e-4 0.007033586 0.5548431 1.00099e-4 9.998e-5 0.6386566 1.00017e-4 0.007033586 0.5548431 1.00099e-4 9.998e-5 0.6386566 1.00017e-4 0.007033586 0.5548431 1.00099e-4 9.998e-5 0.6386566 1.00017e-4 0.007033586 0.5548431 1.00099e-4 9.998e-5 0.6386566 1.00017e-4 0.007033586 0.5548431 1.00099e-4 9.998e-5 0.6386566 1.00017e-4 0.007033586 0.5548431 1.00099e-4 9.998e-5 0.6386566 1.00017e-4 0.007033586 0.5548431 1.00099e-4 9.998e-5 0.6386566 1.00017e-4 0.007033586 0.5548431 1.00099e-4 9.998e-5 0.6386566 1.00017e-4 0.007033586 0.5548431 1.00099e-4 9.998e-5 0.6386566 1.00017e-4 0.007033586 0.5548431 1.00099e-4 9.998e-5 0.6386566 1.00017e-4 0.007033586 0.5548431 1.00099e-4 9.998e-5 0.6386566 1.00017e-4 0.007033586 0.5548431 1.00099e-4 9.998e-5 0.6386566 1.00017e-4 0.007033586 0.5548431 1.00099e-4 9.998e-5 0.6386566 1.00017e-4 0.007033586 0.5548431 1.00099e-4 9.998e-5 0.6386566 1.00017e-4 0.007033586 0.5548431 1.00099e-4 9.998e-5 0.6386566 1.00017e-4 0.007033586 0.5548431 1.00099e-4 9.998e-5 0.6386566 1.00017e-4 0.007033586 0.5548431 1.00099e-4 9.998e-5 0.6386566 1.00017e-4 0.007033586 0.5548431 1.00099e-4 9.998e-5 0.6386566 1.00017e-4 0.007033586 0.5548431 1.00099e-4 9.998e-5 0.6386566 1.00017e-4 0.007033586 0.5548431 1.00099e-4 9.998e-5 0.6386566 1.00017e-4 0.007033586 0.5548431 1.00099e-4 9.998e-5 0.6386566 1.00017e-4 0.007033586 0.5548431 1.00099e-4 9.998e-5 0.6386566 1.00017e-4 0.007033586 0.5548431 1.00099e-4 9.998e-5 0.6386566 1.00017e-4 0.007033586 0.5548431 1.00099e-4 9.998e-5 0.6386566 1.00017e-4 0.007033586 0.5548431 1.00099e-4 9.998e-5 0.6386566 0.300652 1.00099e-4 9.998e-5 0.6386566 1.00017e-4 0.6386566 1.00017e-4 0.007033586 0.5548431 1.00099e-4 9.998e-5 0.6386566 1.00017e-4 0.007033586 0.5548431 1.00099e-4 9.998e-5 0.6386566 1.00017e-4 0.007033586 0.5548431 1.00099e-4 9.998e-5 0.6386566 1.00017e-4 0.007033586 0.5548431 1.00099e-4 9.998e-5 0.9999001 1.0004e-4 0.6446277 0.5604946 0.6399109 1.00017e-4 9.998e-5 0.9733611 1.00033e-4 0.558623 0.5655792 0.5724869 9.998e-5 0.9733611 1.00033e-4 0.558623 0.5655792 0.5724869 0.9999001 1.0004e-4 0.6446277 0.5604946 0.6399109 1.00017e-4 0.5728923 0.5648676 0.7266577 0.9999001 0.5695388 0.9999001 0.5728923 0.5648676 0.7266577 0.9999001 0.5695388 0.9999001 0.6386566 1.00017e-4 0.007033586 0.5548431 1.00099e-4 9.998e-5 0.5423011 0.9839084 -0.005794525 0.9749146 0.3331996 0.7457156 0.5423011 0.9839084 -0.005794525 0.9749146 0.3331996 0.7457156 0.5700773 0.5684846 0.5423011 0.9839084 0.3331996 0.7457156 0.5700773 0.5684846 0.5423011 0.9839084 0.3331996 0.7457156 9.998e-5 0.9733611 1.00033e-4 0.558623 0.5655792 0.5724869 9.998e-5 0.9733611 1.00033e-4 0.558623 0.5655792 0.5724869 0.9999001 1.0004e-4 0.6446277 0.5604946 0.6399109 1.00017e-4 0.5728923 0.5648676 0.7266577 0.9999001 0.5695388 0.9999001 0.5728923 0.5648676 0.7266577 0.9999001 0.5695388 0.9999001 0.6386566 1.00017e-4 0.007033586 0.5548431 1.00099e-4 9.998e-5 0.5423011 0.9839084 -0.005794525 0.9749146 0.3331996 0.7457156 0.5423011 0.9839084 -0.005794525 0.9749146 0.3331996 0.7457156 0.5700773 0.5684846 0.5423011 0.9839084 0.3331996 0.7457156 0.5700773 0.5684846 0.5423011 0.9839084 0.3331996 0.7457156 0.5728923 0.5648676 0.7266577 0.9999001 0.5695388 0.9999001 0.5728923 0.5648676 0.7266577 0.9999001 0.5695388 0.9999001 0.5728923 0.5648676 0.7266577 0.9999001 0.5695388 0.9999001 0.5728923 0.5648676 0.7266577 0.9999001 0.5695388 0.9999001 0.5728923 0.5648676 0.7266577 0.9999001 0.5695388 0.9999001 0.5728923 0.5648676 0.7266577 0.9999001 0.5695388 0.9999001 0.5728923 0.5648676 0.7266577 0.9999001 0.5695388 0.9999001 0.5728923 0.5648676 0.7266577 0.9999001 0.5695388 0.9999001 0.5728923 0.5648676 0.7266577 0.9999001 0.5695388 0.9999001 0.5728923 0.5648676 0.7266577 0.9999001 0.5695388 0.9999001 0.5728923 0.5648676 0.7266577 0.9999001 0.5695388 0.9999001 0.5728923 0.5648676 0.7266577 0.9999001 0.5695388 0.9999001 0.5728923 0.5648676 0.7266577 0.9999001 0.5695388 0.9999001 0.5728923 0.5648676 0.7266577 0.9999001 0.5695388 0.9999001 0.5728923 0.5648676 0.7266577 0.9999001 0.5695388 0.9999001 0.5728923 0.5648676 0.7266577 0.9999001 0.5695388 0.9999001 0.5728923 0.5648676 0.7266577 0.9999001 0.5695388 0.9999001 0.5728923 0.5648676 0.7266577 0.9999001 0.5695388 0.9999001 0.7266577 0.5648677 0.7266577 0.9999001 0.5717744 0.7219226 0.5728923 0.5648676 0.7266577 0.9999001 0.5695388 0.9999001 0.5728923 0.5648676 0.7266577 0.9999001 0.5695388 0.9999001 0.5728923 0.5648676 0.7266577 0.9999001 0.5695388 0.9999001 0.5700773 0.5684846 0.5423011 0.9839084 0.3331996 0.7457156 0.5423011 0.9839084 -0.005794525 0.9749146 0.3331996 0.7457156 0.9999 0.7802446 0.7281361 0.7816033 0.9999001 0.5695406 0.7281361 0.7816033 0.7281361 0.5627887 0.9999001 0.5695406 0.5700773 0.5684846 0.5423011 0.9839084 0.3331996 0.7457156 0.5423011 0.9839084 -0.005794525 0.9749146 0.3331996 0.7457156 0.9999 0.7802446 0.7281361 0.7816033 0.9999001 0.5695406 0.7281361 0.7816033 0.7281361 0.5627887 0.9999001 0.5695406 0.5700773 0.5684846 0.5423011 0.9839084 0.3331996 0.7457156 0.5423011 0.9839084 -0.005794525 0.9749146 0.3331996 0.7457156 0.9999 0.7802446 0.7281361 0.7816033 0.9999001 0.5695406 0.7281361 0.7816033 0.7281361 0.5627887 0.9999001 0.5695406 0.5700773 0.5684846 0.5423011 0.9839084 0.3331996 0.7457156 0.5423011 0.9839084 -0.005794525 0.9749146 0.3331996 0.7457156 0.9999 0.7802446 0.7281361 0.7816033 0.9999001 0.5695406 0.7281361 0.7816033 0.7281361 0.5627887 0.9999001 0.5695406 0.5700773 0.5684846 0.5423011 0.9839084 0.3331996 0.7457156 0.5423011 0.9839084 -0.005794525 0.9749146 0.3331996 0.7457156 0.9999 0.7802446 0.7281361 0.7816033 0.9999001 0.5695406 0.7281361 0.7816033 0.7281361 0.5627887 0.9999001 0.5695406 0.5700773 0.5684846 0.5423011 0.9839084 0.3331996 0.7457156 0.5423011 0.9839084 -0.005794525 0.9749146 0.3331996 0.7457156 0.9999 0.7802446 0.7281361 0.7816033 0.9999001 0.5695406 0.7281361 0.7816033 0.7281361 0.5627887 0.9999001 0.5695406 0.5700773 0.5684846 0.5423011 0.9839084 0.3331996 0.7457156 0.5423011 0.9839084 -0.005794525 0.9749146 0.3331996 0.7457156 0.9999 0.7802446 0.7281361 0.7816033 0.9999001 0.5695406 0.7281361 0.7816033 0.7281361 0.5627887 0.9999001 0.5695406 0.5700773 0.5684846 0.5423011 0.9839084 0.3331996 0.7457156 0.5423011 0.9839084 -0.005794525 0.9749146 0.3331996 0.7457156 0.9999 0.7802446 0.7281361 0.7816033 0.9999001 0.5695406 0.7281361 0.7816033 0.7281361 0.5627887 0.9999001 0.5695406 0.7281361 0.7816033 0.9999 0.7802446 0.9999001 0.9999001 0.7281361 0.9999001 0.7281361 0.7816033 0.9999001 0.9999001 0.7281361 0.7816033 0.9999 0.7802446 0.9999001 0.9999001 0.7281361 0.9999001 0.7281361 0.7816033 0.9999001 0.9999001 0.7281361 0.7816033 0.9999 0.7802446 0.9999001 0.9999001 0.7281361 0.9999001 0.7281361 0.7816033 0.9999001 0.9999001 0.7281361 0.7816033 0.9999 0.7802446 0.9999001 0.9999001 0.7281361 0.9999001 0.7281361 0.7816033 0.9999001 0.9999001 0.7281361 0.7816033 0.9999 0.7802446 0.9999001 0.9999001 0.7281361 0.9999001 0.7281361 0.7816033 0.9999001 0.9999001 0.7281361 0.7816033 0.9999 0.7802446 0.9999001 0.9999001 0.7281361 0.9999001 0.7281361 0.7816033 0.9999001 0.9999001 0.7281361 0.7816033 0.9999001 0.5695406 0.9999 0.7802446 0.7281361 0.7816033 0.9999001 0.5695406 0.9999 0.7802446 0.7281361 0.7816033 0.9999001 0.5695406 0.9999 0.7802446 0.7281361 0.7816033 0.9999001 0.5695406 0.9999 0.7802446 0.7281361 0.7816033 0.9999001 0.5695406 0.9999 0.7802446 0.7281361 0.7816033 0.9999001 0.5695406 0.9999 0.7802446 0.7281361 0.7816033 0.9999001 0.5695406 0.9999 0.7802446 0.7281361 0.7816033 0.9999001 0.5695406 0.9999 0.7802446 0.7281361 0.7816033 0.9999001 0.5695406 0.9999 0.7802446 0.7281361 0.7816033 0.9999001 0.5695406 0.9999 0.7802446 0.7281361 0.7816033 0.9999001 0.5695406 0.9999 0.7802446 0.7281361 0.7816033 0.7281361 0.5627887 0.866765 0.6806516 0.9999001 0.5695406 0.9999 0.7802446 0.866765 0.6806516 0.7281361 0.5627887 0.9999001 0.5695406 0.866765 0.6806516 0.9999 0.7802446 0.7281361 0.7816033 0.866765 0.6806516 0.7281361 0.7816033 0.9999001 0.5695406 0.9999 0.7802446 0.9999 0.7802446 0.7281361 0.5627887 0.9999001 0.5695406 0.7281361 0.7816033 0.9999001 0.5695406 0.9999 0.7802446 0.7281361 0.7816033 0.9999001 0.5695406 0.9999 0.7802446 0.7281361 0.7816033 0.9999001 0.5695406 0.9999 0.7802446 0.7281361 0.7816033 0.9999001 0.5695406 0.9999 0.7802446 0.7281361 0.7816033 0.9999001 0.5695406 0.9999 0.7802446 0.7281361 0.7816033 0.9999001 0.5695406 0.9999 0.7802446 0.7281361 0.7816033 0.9999001 0.5695406 0.9999 0.7802446 0.7281361 0.7816033 0.9999001 0.5695406 0.9999 0.7802446 0.7281361 0.7816033 0.9999001 0.5695406 0.9999 0.7802446 0.7281361 0.7816033 0.9999001 0.5695406 0.9999 0.7802446 0.7281361 0.7816033 0.9999001 0.5695406 0.9999 0.7802446 0.7281361 0.7816033 0.7281361 0.5627887 0.866765 0.6806516 0.9999001 0.5695406 0.9999 0.7802446 0.866765 0.6806516 0.7281361 0.5627887 0.9999001 0.5695406 0.866765 0.6806516 0.9999 0.7802446 0.7281361 0.7816033 0.866765 0.6806516 0.7281361 0.7816033 0.9999001 0.5695406 0.9999 0.7802446 0.7281361 0.7816033 0.9999001 0.5695406 0.9999 0.7802446 0.7281361 0.7816033 0.9999001 0.5695406 0.9999 0.7802446 0.9999 0.7802446 0.7281361 0.7816033 0.9999001 0.5695406 0.7281361 0.7816033 0.9999001 0.5695406 0.9999 0.7802446 0.7281361 0.7816033 0.9999001 0.5695406 0.9999 0.7802446 0.7281361 0.7816033 0.9999001 0.5695406 0.9999 0.7802446 0.7281361 0.7816033 0.9999001 0.5695406 0.9999 0.7802446 0.7281361 0.7816033 0.9999001 0.5695406 0.9999 0.7802446 0.7281361 0.7816033 0.9999001 0.5695406 0.9999 0.7802446 0.7281361 0.7816033 0.9999001 0.5695406 0.9999 0.7802446 0.7281361 0.7816033 0.9999001 0.5695406 0.9999 0.7802446 0.7281361 0.7816033 0.9999001 0.5695406 0.9999 0.7802446 0.7281361 0.7816033 0.9999001 0.5695406 0.9999 0.7802446 0.7281361 0.7816033 0.9999001 0.5695406 0.9999 0.7802446 0.7281361 0.7816033 0.9999001 0.5695406 0.9999 0.7802446 0.7281361 0.7816033 0.9999001 0.5695406 0.9999 0.7802446 0.7281361 0.7816033 0.9999001 0.5695406 0.9999 0.7802446 0.7281361 0.7816033 0.9999001 0.5695406 0.9999 0.7802446 0.7281361 0.7816033 0.9999001 0.5695406 0.9999 0.7802446 0.7281361 0.7816033 0.9999001 0.5695406 0.9999 0.7802446 0.7281361 0.7816033 0.9999001 0.5695406 0.9999 0.7802446 0.7281361 0.7816033 0.9999001 0.5695406 0.9999 0.7802446 0.7281361 0.7816033 0.9999001 0.5695406 0.9999 0.7802446 0.7281361 0.7816033 0.9999001 0.5695406 0.9999 0.7802446 0.7281361 0.7816033 0.9999001 0.5695406 0.9999 0.7802446 0.7281361 0.7816033 0.9999001 0.5695406 0.9999 0.7802446 0.7281361 0.7816033 0.9999001 0.5695406 0.9999 0.7802446 0.7281361 0.7816033 0.9999001 0.5695406 0.9999 0.7802446 0.7281361 0.7816033 0.9999001 0.5695406 0.9999 0.7802446 0.7281361 0.7816033 0.9999001 0.5695406 0.9999 0.7802446 0.7281361 0.7816033 0.9999001 0.5695406 0.9999 0.7802446 0.7281361 0.7816033 0.9999001 0.5695406 0.9999 0.7802446 0.7281361 0.7816033 0.9999001 0.5695406 0.9999 0.7802446 0.7281361 0.7816033 0.9999001 0.5695406 0.9999 0.7802446 0.7281361 0.7816033 0.9999001 0.5695406 0.9999 0.7802446 0.7281361 0.7816033 0.9999001 0.5695406 0.9999 0.7802446 0.7281361 0.7816033 0.9999001 0.5695406 0.9999 0.7802446 0.7281361 0.7816033 0.9999001 0.5695406 0.9999 0.7802446 0.7281361 0.7816033 0.9999001 0.5695406 0.9999 0.7802446 0.7281361 0.7816033 0.9999001 0.5695406 0.9999 0.7802446 0.7281361 0.7816033 0.9999001 0.5695406 0.9999 0.7802446 0.7281361 0.7816033 0.9999001 0.5695406 0.9999 0.7802446 0.7281361 0.7816033 0.9999001 0.5695406 0.9999 0.7802446 0.7281361 0.7816033 0.9999001 0.5695406 0.9999 0.7802446 0.7281361 0.7816033 0.9999001 0.5695406 0.9999 0.7802446 0.227077 0.7380948 0.1694812 0.746527 0.1508641 0.4966286 0.2017109 0.003620684 0.3898273 0.01241487 0.3051288 0.4915125 0.2262256 0.4785251 0.3051288 0.4915125 0.2924569 0.7457203 0.3051288 0.4915125 0.3898273 0.01241487 0.5165344 0.04522454 0.2924569 0.7457203 0.3051288 0.4915125 0.3584662 0.5009129 0.1508641 0.4966286 7.18602e-5 0.03839462 0.2017109 0.003620684 0.9999001 1.0004e-4 0.9994118 0.5666688 0.6446277 0.5604946 0.5728923 0.5648676 0.7266577 0.5648677 0.7266577 0.9999001 0.5728923 0.5648676 0.7266577 0.5648677 0.7266577 0.9999001 0.6386566 1.00017e-4 0.6386566 0.5591769 0.007033586 0.5548431 0.9999001 1.0004e-4 0.9994118 0.5666688 0.6446277 0.5604946 0.5728923 0.5648676 0.7266577 0.5648677 0.7266577 0.9999001 0.5728923 0.5648676 0.7266577 0.5648677 0.7266577 0.9999001 0.6386566 1.00017e-4 0.6386566 0.5591769 0.007033586 0.5548431 0.9999001 1.0004e-4 0.9994118 0.5666688 0.6446277 0.5604946 0.5728923 0.5648676 0.7266577 0.5648677 0.7266577 0.9999001 0.5728923 0.5648676 0.7266577 0.5648677 0.7266577 0.9999001 0.6386566 1.00017e-4 0.6386566 0.5591769 0.007033586 0.5548431 0.6386566 1.00017e-4 0.6386566 0.5591769 0.007033586 0.5548431 0.9999001 1.0004e-4 0.9994118 0.5666688 0.6446277 0.5604946 0.9999001 1.0004e-4 0.9994118 0.5666688 0.6446277 0.5604946 0.9999001 1.0004e-4 0.9994118 0.5666688 0.6446277 0.5604946 0.9999001 1.0004e-4 0.9994118 0.5666688 0.6446277 0.5604946 0.9999001 1.0004e-4 0.9994118 0.5666688 0.6446277 0.5604946 0.9999001 1.0004e-4 0.9994118 0.5666688 0.6446277 0.5604946 0.9999001 1.0004e-4 0.9994118 0.5666688 0.6446277 0.5604946 0.9999001 1.0004e-4 0.9994118 0.5666688 0.6446277 0.5604946 0.9999001 1.0004e-4 0.9994118 0.5666688 0.6446277 0.5604946 0.9999001 1.0004e-4 0.9994118 0.5666688 0.6446277 0.5604946 0.6386566 1.00017e-4 0.6386566 0.5591769 0.007033586 0.5548431 0.6386566 1.00017e-4 0.6386566 0.5591769 0.007033586 0.5548431 0.6386566 1.00017e-4 0.6386566 0.5591769 0.007033586 0.5548431 0.6386566 1.00017e-4 0.6386566 0.5591769 0.007033586 0.5548431 0.6386566 1.00017e-4 0.6386566 0.5591769 0.007033586 0.5548431 0.6386566 1.00017e-4 0.6386566 0.5591769 0.007033586 0.5548431 0.6386566 1.00017e-4 0.6386566 0.5591769 0.007033586 0.5548431 0.6386566 1.00017e-4 0.6386566 0.5591769 0.007033586 0.5548431 0.6386566 1.00017e-4 0.6386566 0.5591769 0.007033586 0.5548431 0.6386566 1.00017e-4 0.6386566 0.5591769 0.007033586 0.5548431 0.6386566 1.00017e-4 0.6386566 0.5591769 0.007033586 0.5548431 0.6386566 1.00017e-4 0.6386566 0.5591769 0.007033586 0.5548431 0.6386566 1.00017e-4 0.6386566 0.5591769 0.007033586 0.5548431 0.6386566 1.00017e-4 0.6386566 0.5591769 0.007033586 0.5548431 0.6386566 1.00017e-4 0.6386566 0.5591769 0.007033586 0.5548431 0.6386566 1.00017e-4 0.6386566 0.5591769 0.007033586 0.5548431 0.6386566 1.00017e-4 0.6386566 0.5591769 0.007033586 0.5548431 0.6386566 1.00017e-4 0.6386566 0.5591769 0.007033586 0.5548431 0.6386566 1.00017e-4 0.6386566 0.5591769 0.007033586 0.5548431 0.6386566 1.00017e-4 0.6386566 0.5591769 0.007033586 0.5548431 0.6386566 1.00017e-4 0.6386566 0.5591769 0.007033586 0.5548431 0.6386566 1.00017e-4 0.6386566 0.5591769 0.007033586 0.5548431 0.6386566 1.00017e-4 0.6386566 0.5591769 0.007033586 0.5548431 0.6386566 1.00017e-4 0.6386566 0.5591769 0.007033586 0.5548431 0.6386566 1.00017e-4 0.6386566 0.5591769 0.007033586 0.5548431 0.6386566 1.00017e-4 0.6386566 0.5591769 0.007033586 0.5548431 0.6386566 1.00017e-4 0.6386566 0.5591769 0.007033586 0.5548431 0.6386566 1.00017e-4 0.6386566 0.5591769 0.007033586 0.5548431 0.6386566 1.00017e-4 0.6386566 0.5591769 0.007033586 0.5548431 0.6386566 1.00017e-4 0.6386566 0.5591769 0.007033586 0.5548431 0.6386566 1.00017e-4 0.6386566 0.5591769 0.007033586 0.5548431 0.6386566 1.00017e-4 0.6386566 0.5591769 0.007033586 0.5548431 0.6386566 1.00017e-4 0.6386566 0.5591769 0.007033586 0.5548431 0.6386566 1.00017e-4 0.6386566 0.5591769 0.007033586 0.5548431 0.6386566 1.00017e-4 0.6386566 0.5591769 0.007033586 0.5548431 0.6386566 1.00017e-4 0.6386566 0.5591769 0.007033586 0.5548431 0.6386566 1.00017e-4 0.6386566 0.5591769 0.007033586 0.5548431 0.6386566 1.00017e-4 0.6386566 0.5591769 0.007033586 0.5548431 0.6386566 1.00017e-4 0.6386566 0.5591769 0.007033586 0.5548431 0.6386566 1.00017e-4 0.6386566 0.5591769 0.007033586 0.5548431 0.6386566 1.00017e-4 0.6386566 0.5591769 0.007033586 0.5548431 0.6386566 1.00017e-4 0.6386566 0.5591769 0.007033586 0.5548431 0.6386566 1.00017e-4 0.6386566 0.5591769 0.007033586 0.5548431 0.6386566 0.300652 0.007033586 0.5548431 1.00099e-4 9.998e-5 0.6386566 1.00017e-4 0.6386566 0.5591769 0.007033586 0.5548431 0.6386566 1.00017e-4 0.6386566 0.5591769 0.007033586 0.5548431 0.6386566 1.00017e-4 0.6386566 0.5591769 0.007033586 0.5548431 0.6386566 1.00017e-4 0.6386566 0.5591769 0.007033586 0.5548431 0.9999001 1.0004e-4 0.9994118 0.5666688 0.6446277 0.5604946 0.9999001 1.0004e-4 0.9994118 0.5666688 0.6446277 0.5604946 0.5728923 0.5648676 0.7266577 0.5648677 0.7266577 0.9999001 0.5728923 0.5648676 0.7266577 0.5648677 0.7266577 0.9999001 0.6386566 1.00017e-4 0.6386566 0.5591769 0.007033586 0.5548431 0.9999001 1.0004e-4 0.9994118 0.5666688 0.6446277 0.5604946 0.5728923 0.5648676 0.7266577 0.5648677 0.7266577 0.9999001 0.5728923 0.5648676 0.7266577 0.5648677 0.7266577 0.9999001 0.6386566 1.00017e-4 0.6386566 0.5591769 0.007033586 0.5548431 0.5728923 0.5648676 0.7266577 0.5648677 0.7266577 0.9999001 0.5728923 0.5648676 0.7266577 0.5648677 0.7266577 0.9999001 0.5728923 0.5648676 0.7266577 0.5648677 0.7266577 0.9999001 0.5728923 0.5648676 0.7266577 0.5648677 0.7266577 0.9999001 0.5728923 0.5648676 0.7266577 0.5648677 0.7266577 0.9999001 0.5728923 0.5648676 0.7266577 0.5648677 0.7266577 0.9999001 0.5728923 0.5648676 0.7266577 0.5648677 0.7266577 0.9999001 0.5728923 0.5648676 0.7266577 0.5648677 0.7266577 0.9999001 0.5728923 0.5648676 0.7266577 0.5648677 0.7266577 0.9999001 0.5728923 0.5648676 0.7266577 0.5648677 0.7266577 0.9999001 0.5728923 0.5648676 0.7266577 0.5648677 0.7266577 0.9999001 0.5728923 0.5648676 0.7266577 0.5648677 0.7266577 0.9999001 0.5728923 0.5648676 0.7266577 0.5648677 0.7266577 0.9999001 0.5728923 0.5648676 0.7266577 0.5648677 0.7266577 0.9999001 0.5728923 0.5648676 0.7266577 0.5648677 0.7266577 0.9999001 0.5728923 0.5648676 0.7266577 0.5648677 0.7266577 0.9999001 0.5728923 0.5648676 0.7266577 0.5648677 0.7266577 0.9999001 0.5728923 0.5648676 0.7266577 0.5648677 0.7266577 0.9999001 0.5695388 0.9999001 0.5717744 0.7219226 0.7266577 0.9999001 0.5728923 0.5648676 0.7266577 0.5648677 0.5717744 0.7219226 0.5728923 0.5648676 0.7266577 0.5648677 0.7266577 0.9999001 0.5728923 0.5648676 0.7266577 0.5648677 0.7266577 0.9999001 0.5728923 0.5648676 0.7266577 0.5648677 0.7266577 0.9999001 0.7281361 0.7816033 0.7281361 0.5627887 0.9999001 0.5695406 0.7281361 0.7816033 0.7281361 0.5627887 0.9999001 0.5695406 0.7281361 0.7816033 0.7281361 0.5627887 0.9999001 0.5695406 0.7281361 0.7816033 0.7281361 0.5627887 0.9999001 0.5695406 0.7281361 0.7816033 0.7281361 0.5627887 0.9999001 0.5695406 0.7281361 0.7816033 0.7281361 0.5627887 0.9999001 0.5695406 0.7281361 0.7816033 0.7281361 0.5627887 0.9999001 0.5695406 0.7281361 0.7816033 0.7281361 0.5627887 0.9999001 0.5695406 0.7281361 0.7816033 0.7281361 0.5627887 0.9999001 0.5695406 0.7281361 0.7816033 0.7281361 0.5627887 0.9999001 0.5695406 0.7281361 0.7816033 0.7281361 0.5627887 0.9999001 0.5695406 0.7281361 0.7816033 0.7281361 0.5627887 0.9999001 0.5695406 0.7281361 0.7816033 0.7281361 0.5627887 0.9999001 0.5695406 0.7281361 0.7816033 0.7281361 0.5627887 0.9999001 0.5695406 0.7281361 0.7816033 0.7281361 0.5627887 0.9999001 0.5695406 0.7281361 0.7816033 0.7281361 0.5627887 0.9999001 0.5695406 0.7281361 0.7816033 0.7281361 0.5627887 0.9999001 0.5695406 0.7281361 0.7816033 0.7281361 0.5627887 0.9999001 0.5695406 0.7281361 0.7816033 0.7281361 0.5627887 0.9999001 0.5695406 0.7281361 0.7816033 0.7281361 0.5627887 0.9999001 0.5695406 0.7281361 0.7816033 0.7281361 0.5627887 0.9999001 0.5695406 0.7281361 0.7816033 0.7281361 0.5627887 0.9999001 0.5695406 0.7281361 0.7816033 0.7281361 0.5627887 0.9999001 0.5695406 0.7281361 0.7816033 0.7281361 0.5627887 0.9999001 0.5695406 0.7281361 0.7816033 0.7281361 0.5627887 0.9999001 0.5695406 0.7281361 0.7816033 0.7281361 0.5627887 0.9999001 0.5695406 0.7281361 0.7816033 0.7281361 0.5627887 0.9999001 0.5695406 0.7281361 0.7816033 0.7281361 0.5627887 0.9999001 0.5695406 0.7281361 0.7816033 0.7281361 0.5627887 0.9999001 0.5695406 0.7281361 0.7816033 0.7281361 0.5627887 0.9999001 0.5695406 0.7281361 0.7816033 0.7281361 0.5627887 0.9999001 0.5695406 0.7281361 0.7816033 0.7281361 0.5627887 0.9999001 0.5695406 0.7281361 0.7816033 0.7281361 0.5627887 0.9999001 0.5695406 0.7281361 0.7816033 0.7281361 0.5627887 0.9999001 0.5695406 0.7281361 0.7816033 0.7281361 0.5627887 0.9999001 0.5695406 0.7281361 0.7816033 0.7281361 0.5627887 0.9999001 0.5695406 0.7281361 0.7816033 0.7281361 0.5627887 0.9999001 0.5695406 0.7281361 0.7816033 0.7281361 0.5627887 0.9999001 0.5695406 0.7281361 0.7816033 0.7281361 0.5627887 0.9999001 0.5695406 0.7281361 0.7816033 0.7281361 0.5627887 0.9999001 0.5695406 0.7281361 0.7816033 0.7281361 0.5627887 0.9999001 0.5695406 0.7281361 0.7816033 0.7281361 0.5627887 0.9999001 0.5695406 0.7281361 0.7816033 0.7281361 0.5627887 0.9999001 0.5695406 0.7281361 0.7816033 0.7281361 0.5627887 0.9999001 0.5695406 0.7281361 0.7816033 0.7281361 0.5627887 0.9999001 0.5695406 0.7281361 0.7816033 0.7281361 0.5627887 0.9999001 0.5695406 0.7281361 0.7816033 0.7281361 0.5627887 0.9999001 0.5695406 0.7281361 0.7816033 0.7281361 0.5627887 0.9999001 0.5695406 0.7281361 0.7816033 0.7281361 0.5627887 0.9999001 0.5695406 0.7281361 0.7816033 0.7281361 0.5627887 0.9999001 0.5695406 0.7281361 0.7816033 0.7281361 0.5627887 0.9999001 0.5695406 0.7281361 0.7816033 0.7281361 0.5627887 0.9999001 0.5695406 0.7281361 0.7816033 0.7281361 0.5627887 0.9999001 0.5695406 0.7281361 0.7816033 0.7281361 0.5627887 0.9999001 0.5695406 0.7281361 0.7816033 0.7281361 0.5627887 0.9999001 0.5695406 0.7281361 0.7816033 0.7281361 0.5627887 0.9999001 0.5695406 0.7281361 0.7816033 0.7281361 0.5627887 0.9999001 0.5695406 0.7281361 0.7816033 0.7281361 0.5627887 0.9999001 0.5695406 0.7281361 0.7816033 0.7281361 0.5627887 0.9999001 0.5695406 0.7281361 0.7816033 0.7281361 0.5627887 0.9999001 0.5695406 0.7281361 0.7816033 0.7281361 0.5627887 0.9999001 0.5695406 0.7281361 0.7816033 0.7281361 0.5627887 0.9999001 0.5695406 0.7281361 0.7816033 0.7281361 0.5627887 0.9999001 0.5695406 0.7281361 0.7816033 0.7281361 0.5627887 0.9999001 0.5695406 0.7281361 0.7816033 0.7281361 0.5627887 0.9999001 0.5695406 0.7281361 0.7816033 0.7281361 0.5627887 0.9999001 0.5695406 0.7281361 0.7816033 0.7281361 0.5627887 0.9999001 0.5695406 0.7281361 0.7816033 0.7281361 0.5627887 0.9999001 0.5695406</float_array>
          <technique_common>
            <accessor source="#tree_oak_bush_a200_001-mesh-map-0-array" count="1350" stride="2">
              <param name="S" type="float"/>
              <param name="T" type="float"/>
            </accessor>
          </technique_common>
        </source>
        <source id="tree_oak_bush_a200_001-mesh-colors-Col" name="Col">
          <float_array id="tree_oak_bush_a200_001-mesh-colors-Col-array" count="4050">0 0 0 0 0 0 0 0 0 0 0 0 0 0 0 0 0 0 0 0 0 0 0 0 0 0 0 0 0 0 0 0 0 0 0 0 0 0 0 0 0 0 0 0 0 0 0 0 0 0 0 0 0 0 0.5725491 0.172549 1 0.5137255 0.3254902 1 0.07058823 0.2980392 0 0.5725491 0.172549 1 0.5137255 0.3254902 1 0.07058823 0.2980392 0 0.02352941 0.05882352 0.5254902 0.7176471 0.5254902 1 0 0.07058823 0.2666667 0.1098039 0.1137255 0.3647059 0.1960784 0.8941177 0.9882353 0.2078431 0.4117647 0.6901961 0.1098039 0.1137255 0.3647059 0.1960784 0.8941177 0.9882353 0.2078431 0.4117647 0.6901961 0 0.1882353 0.6078432 0.9372549 0.9254902 1 0.4509804 0.1372549 0.7529412 0.2196078 0.0980392 0.4666666 0 0.317647 1 0.2392157 0.09019607 0.4901961 0.2196078 0.0980392 0.4666666 0 0.317647 1 0.2392157 0.09019607 0.4901961 0.5450981 0.345098 1 0.2196078 0.0980392 0.4666666 0.2392157 0.09019607 0.4901961 0.5450981 0.345098 1 0.2196078 0.0980392 0.4666666 0.2392157 0.09019607 0.4901961 0.5725491 0.172549 1 0.5137255 0.3254902 1 0.07058823 0.2980392 0 0.5725491 0.172549 1 0.5137255 0.3254902 1 0.07058823 0.2980392 0 0.02352941 0.05882352 0.5254902 0.7176471 0.5254902 1 0 0.07058823 0.2666667 0.1098039 0.1137255 0.3647059 0.1960784 0.8941177 0.9882353 0.2078431 0.4117647 0.6901961 0.1098039 0.1137255 0.3647059 0.1960784 0.8941177 0.9882353 0.2078431 0.4117647 0.6901961 0 0.1882353 0.6078432 0.9372549 0.9254902 1 0.4509804 0.1372549 0.7529412 0.2196078 0.0980392 0.4666666 0 0.317647 1 0.2392157 0.09019607 0.4901961 0.2196078 0.0980392 0.4666666 0 0.317647 1 0.2392157 0.09019607 0.4901961 0.5450981 0.345098 1 0.2196078 0.0980392 0.4666666 0.2392157 0.09019607 0.4901961 0.5450981 0.345098 1 0.2196078 0.0980392 0.4666666 0.2392157 0.09019607 0.4901961 0.5725491 0.172549 1 0.5137255 0.3254902 1 0.07058823 0.2980392 0 0.5725491 0.172549 1 0.5137255 0.3254902 1 0.07058823 0.2980392 0 0.02352941 0.05882352 0.5254902 0.7176471 0.5254902 1 0 0.07058823 0.2666667 0.1098039 0.1137255 0.3647059 0.1960784 0.8941177 0.9882353 0.2078431 0.4117647 0.6901961 0.1098039 0.1137255 0.3647059 0.1960784 0.8941177 0.9882353 0.2078431 0.4117647 0.6901961 0 0.1882353 0.6078432 0.9372549 0.9254902 1 0.4509804 0.1372549 0.7529412 0.2196078 0.0980392 0.4666666 0 0.317647 1 0.2392157 0.09019607 0.4901961 0.2196078 0.0980392 0.4666666 0 0.317647 1 0.2392157 0.09019607 0.4901961 0.5450981 0.345098 1 0.2196078 0.0980392 0.4666666 0.2392157 0.09019607 0.4901961 0.5450981 0.345098 1 0.2196078 0.0980392 0.4666666 0.2392157 0.09019607 0.4901961 0 0.1882353 0.6078432 0.9372549 0.9254902 1 0.4509804 0.1372549 0.7529412 0.4509804 0.1372549 0.7529412 0 0.1882353 0.6078432 0.2627451 0.345098 0.5411765 0.2627451 0.345098 0.5411765 0 0.3137255 0 0 0.1607843 0.6196079 0.9372549 0.9254902 1 0.4509804 0.1372549 0.7529412 0.2627451 0.345098 0.5411765 0 0.1882353 0.6078432 0 0.3137255 0 0.2627451 0.345098 0.5411765 0.9372549 0.9254902 1 0.2627451 0.345098 0.5411765 0 0.1607843 0.6196079 0.02352941 0.05882352 0.5254902 0.7176471 0.5254902 1 0 0.07058823 0.2666667 0.02352941 0.05882352 0.5254902 0.7176471 0.5254902 1 0 0.07058823 0.2666667 0.02352941 0.05882352 0.5254902 0.7176471 0.5254902 1 0 0.07058823 0.2666667 0.02352941 0.05882352 0.5254902 0.7176471 0.5254902 1 0 0.07058823 0.2666667 0.02352941 0.05882352 0.5254902 0.7176471 0.5254902 1 0 0.07058823 0.2666667 0.02352941 0.05882352 0.5254902 0.7176471 0.5254902 1 0 0.07058823 0.2666667 0.02352941 0.05882352 0.5254902 0.7176471 0.5254902 1 0 0.07058823 0.2666667 0.02352941 0.05882352 0.5254902 0.7176471 0.5254902 1 0 0.07058823 0.2666667 0.02352941 0.05882352 0.5254902 0.7176471 0.5254902 1 0 0.07058823 0.2666667 0.02352941 0.05882352 0.5254902 0.7176471 0.5254902 1 0 0.07058823 0.2666667 0.5725491 0.172549 1 0.5137255 0.3254902 1 0.07058823 0.2980392 0 0.07058823 0.2980392 0 0.5725491 0.2039216 1 0.2901961 0.1882353 0.2862745 0.5137255 0.3254902 1 0.07058823 0.2980392 0 0.2901961 0.1882353 0.2862745 0.5725491 0.172549 1 0.5137255 0.3254902 1 0.2901961 0.1882353 0.2862745 0.5725491 0.172549 1 0.5137255 0.3254902 1 0.07058823 0.2980392 0 0.5725491 0.172549 1 0.5137255 0.3254902 1 0.07058823 0.2980392 0 0.5725491 0.172549 1 0.5137255 0.3254902 1 0.07058823 0.2980392 0 0.5725491 0.172549 1 0.5137255 0.3254902 1 0.07058823 0.2980392 0 0 0.1882353 0.6078432 0.9372549 0.9254902 1 0.4509804 0.1372549 0.7529412 0 0.1882353 0.6078432 0.9372549 0.9254902 1 0.4509804 0.1372549 0.7529412 0 0.1882353 0.6078432 0.9372549 0.9254902 1 0.4509804 0.1372549 0.7529412 0 0.1882353 0.6078432 0.9372549 0.9254902 1 0.4509804 0.1372549 0.7529412 0 0.1882353 0.6078432 0.9372549 0.9254902 1 0.4509804 0.1372549 0.7529412 0 0.1882353 0.6078432 0.9372549 0.9254902 1 0.4509804 0.1372549 0.7529412 0 0.1882353 0.6078432 0.9372549 0.9254902 1 0.4509804 0.1372549 0.7529412 0 0.1882353 0.6078432 0.9372549 0.9254902 1 0.4509804 0.1372549 0.7529412 0 0.1882353 0.6078432 0.9372549 0.9254902 1 0.4509804 0.1372549 0.7529412 0 0.1882353 0.6078432 0.9372549 0.9254902 1 0.4509804 0.1372549 0.7529412 0 0.1882353 0.6078432 0.9372549 0.9254902 1 0.4509804 0.1372549 0.7529412 0 0.1882353 0.6078432 0.9372549 0.9254902 1 0.4509804 0.1372549 0.7529412 0 0.1882353 0.6078432 0.9372549 0.9254902 1 0.4509804 0.1372549 0.7529412 0 0.1882353 0.6078432 0.9372549 0.9254902 1 0.4509804 0.1372549 0.7529412 0 0.1882353 0.6078432 0.9372549 0.9254902 1 0.4509804 0.1372549 0.7529412 0 0.1882353 0.6078432 0.9372549 0.9254902 1 0.4509804 0.1372549 0.7529412 0 0.1882353 0.6078432 0.9372549 0.9254902 1 0.4509804 0.1372549 0.7529412 0 0.1882353 0.6078432 0.9372549 0.9254902 1 0.4509804 0.1372549 0.7529412 0 0.1882353 0.6078432 0.9372549 0.9254902 1 0.4509804 0.1372549 0.7529412 0 0.1882353 0.6078432 0.9372549 0.9254902 1 0.4509804 0.1372549 0.7529412 0 0.1882353 0.6078432 0.9372549 0.9254902 1 0.4509804 0.1372549 0.7529412 0 0.1882353 0.6078432 0.9372549 0.9254902 1 0.4509804 0.1372549 0.7529412 0 0.1882353 0.6078432 0.9372549 0.9254902 1 0.4509804 0.1372549 0.7529412 0 0.1882353 0.6078432 0.9372549 0.9254902 1 0.4509804 0.1372549 0.7529412 0 0.1882353 0.6078432 0.9372549 0.9254902 1 0.4509804 0.1372549 0.7529412 0 0.1882353 0.6078432 0.9372549 0.9254902 1 0.4509804 0.1372549 0.7529412 0 0.1882353 0.6078432 0.9372549 0.9254902 1 0.4509804 0.1372549 0.7529412 0 0.1882353 0.6078432 0.9372549 0.9254902 1 0.4509804 0.1372549 0.7529412 0 0.1882353 0.6078432 0.9372549 0.9254902 1 0.4509804 0.1372549 0.7529412 0 0.1882353 0.6078432 0.9372549 0.9254902 1 0.4509804 0.1372549 0.7529412 0 0.1882353 0.6078432 0.9372549 0.9254902 1 0.4509804 0.1372549 0.7529412 0 0.1882353 0.6078432 0.9372549 0.9254902 1 0.4509804 0.1372549 0.7529412 0 0.1882353 0.6078432 0.9372549 0.9254902 1 0.4509804 0.1372549 0.7529412 0 0.1882353 0.6078432 0.9372549 0.9254902 1 0.4509804 0.1372549 0.7529412 0 0.1882353 0.6078432 0.9372549 0.9254902 1 0.4509804 0.1372549 0.7529412 0 0.1882353 0.6078432 0.9372549 0.9254902 1 0.4509804 0.1372549 0.7529412 0 0.1882353 0.6078432 0.9372549 0.9254902 1 0.4509804 0.1372549 0.7529412 0 0.1882353 0.6078432 0.9372549 0.9254902 1 0.4509804 0.1372549 0.7529412 0 0.1882353 0.6078432 0.9372549 0.9254902 1 0.4509804 0.1372549 0.7529412 0 0.1882353 0.6078432 0.9372549 0.9254902 1 0.4509804 0.1372549 0.7529412 0 0.1882353 0.6078432 0.9372549 0.9254902 1 0.4509804 0.1372549 0.7529412 0 0.1882353 0.6078432 0.9372549 0.9254902 1 0.4509804 0.1372549 0.7529412 0 0.1882353 0.6078432 0.9372549 0.9254902 1 0.4509804 0.1372549 0.7529412 0 0.3137255 0 0.4509804 0.1372549 0.7529412 0 0.1882353 0.6078432 0 0.1882353 0.6078432 0.9372549 0.9254902 1 0.4509804 0.1372549 0.7529412 0 0.1882353 0.6078432 0.9372549 0.9254902 1 0.4509804 0.1372549 0.7529412 0 0.1882353 0.6078432 0.9372549 0.9254902 1 0.4509804 0.1372549 0.7529412 0 0.1882353 0.6078432 0.9372549 0.9254902 1 0.4509804 0.1372549 0.7529412 0.02352941 0.05882352 0.5254902 0.7176471 0.5254902 1 0 0.07058823 0.2666667 0.5725491 0.172549 1 0.5137255 0.3254902 1 0.07058823 0.2980392 0 0.5725491 0.172549 1 0.5137255 0.3254902 1 0.07058823 0.2980392 0 0.02352941 0.05882352 0.5254902 0.7176471 0.5254902 1 0 0.07058823 0.2666667 0.1098039 0.1137255 0.3647059 0.1960784 0.8941177 0.9882353 0.2078431 0.4117647 0.6901961 0.1098039 0.1137255 0.3647059 0.1960784 0.8941177 0.9882353 0.2078431 0.4117647 0.6901961 0 0.1882353 0.6078432 0.9372549 0.9254902 1 0.4509804 0.1372549 0.7529412 0.2196078 0.0980392 0.4666666 0 0.317647 1 0.2392157 0.09019607 0.4901961 0.2196078 0.0980392 0.4666666 0 0.317647 1 0.2392157 0.09019607 0.4901961 0.5450981 0.345098 1 0.2196078 0.0980392 0.4666666 0.2392157 0.09019607 0.4901961 0.5450981 0.345098 1 0.2196078 0.0980392 0.4666666 0.2392157 0.09019607 0.4901961 0.5725491 0.172549 1 0.5137255 0.3254902 1 0.07058823 0.2980392 0 0.5725491 0.172549 1 0.5137255 0.3254902 1 0.07058823 0.2980392 0 0.02352941 0.05882352 0.5254902 0.7176471 0.5254902 1 0 0.07058823 0.2666667 0.1098039 0.1137255 0.3647059 0.1960784 0.8941177 0.9882353 0.2078431 0.4117647 0.6901961 0.1098039 0.1137255 0.3647059 0.1960784 0.8941177 0.9882353 0.2078431 0.4117647 0.6901961 0 0.1882353 0.6078432 0.9372549 0.9254902 1 0.4509804 0.1372549 0.7529412 0.2196078 0.0980392 0.4666666 0 0.317647 1 0.2392157 0.09019607 0.4901961 0.2196078 0.0980392 0.4666666 0 0.317647 1 0.2392157 0.09019607 0.4901961 0.5450981 0.345098 1 0.2196078 0.0980392 0.4666666 0.2392157 0.09019607 0.4901961 0.5450981 0.345098 1 0.2196078 0.0980392 0.4666666 0.2392157 0.09019607 0.4901961 0.1098039 0.1137255 0.3647059 0.1960784 0.8941177 0.9882353 0.2078431 0.4117647 0.6901961 0.1098039 0.1137255 0.3647059 0.1960784 0.8941177 0.9882353 0.2078431 0.4117647 0.6901961 0.1098039 0.1137255 0.3647059 0.1960784 0.8941177 0.9882353 0.2078431 0.4117647 0.6901961 0.1098039 0.1137255 0.3647059 0.1960784 0.8941177 0.9882353 0.2078431 0.4117647 0.6901961 0.1098039 0.1137255 0.3647059 0.1960784 0.8941177 0.9882353 0.2078431 0.4117647 0.6901961 0.1098039 0.1137255 0.3647059 0.1960784 0.8941177 0.9882353 0.2078431 0.4117647 0.6901961 0.1098039 0.1137255 0.3647059 0.1960784 0.8941177 0.9882353 0.2078431 0.4117647 0.6901961 0.1098039 0.1137255 0.3647059 0.1960784 0.8941177 0.9882353 0.2078431 0.4117647 0.6901961 0.1098039 0.1137255 0.3647059 0.1960784 0.8941177 0.9882353 0.2078431 0.4117647 0.6901961 0.1098039 0.1137255 0.3647059 0.1960784 0.8941177 0.9882353 0.2078431 0.4117647 0.6901961 0.1098039 0.1137255 0.3647059 0.1960784 0.8941177 0.9882353 0.2078431 0.4117647 0.6901961 0.1098039 0.1137255 0.3647059 0.1960784 0.8941177 0.9882353 0.2078431 0.4117647 0.6901961 0.1098039 0.1137255 0.3647059 0.1960784 0.8941177 0.9882353 0.2078431 0.4117647 0.6901961 0.1098039 0.1137255 0.3647059 0.1960784 0.8941177 0.9882353 0.2078431 0.4117647 0.6901961 0.1098039 0.1137255 0.3647059 0.1960784 0.8941177 0.9882353 0.2078431 0.4117647 0.6901961 0.1098039 0.1137255 0.3647059 0.1960784 0.8941177 0.9882353 0.2078431 0.4117647 0.6901961 0.1098039 0.1137255 0.3647059 0.1960784 0.8941177 0.9882353 0.2078431 0.4117647 0.6901961 0.1098039 0.1137255 0.3647059 0.1960784 0.8941177 0.9882353 0.2078431 0.4117647 0.6901961 0.1411765 0.1372549 0.5333334 0.1960784 0.8941177 0.9882353 0.1490196 0.1568627 0.9019608 0.1098039 0.1137255 0.3647059 0.1960784 0.8941177 0.9882353 0.2078431 0.4117647 0.6901961 0.1098039 0.1137255 0.3647059 0.1960784 0.8941177 0.9882353 0.2078431 0.4117647 0.6901961 0.1098039 0.1137255 0.3647059 0.1960784 0.8941177 0.9882353 0.2078431 0.4117647 0.6901961 0.5450981 0.345098 1 0.2196078 0.0980392 0.4666666 0.2392157 0.09019607 0.4901961 0.2196078 0.0980392 0.4666666 0 0.317647 1 0.2392157 0.09019607 0.4901961 0.2862745 0.4196078 0.3882353 0.2784314 0.3333333 0.5764706 0.1490196 0.1921569 0.6117647 0.2784314 0.3333333 0.5764706 0.2823529 0.2705882 0.7803922 0.1490196 0.1921569 0.6117647 0.5450981 0.345098 1 0.2196078 0.0980392 0.4666666 0.2392157 0.09019607 0.4901961 0.2196078 0.0980392 0.4666666 0 0.317647 1 0.2392157 0.09019607 0.4901961 0.2862745 0.4196078 0.3882353 0.2784314 0.3333333 0.5764706 0.1490196 0.1921569 0.6117647 0.2784314 0.3333333 0.5764706 0.2823529 0.2705882 0.7803922 0.1490196 0.1921569 0.6117647 0.5450981 0.345098 1 0.2196078 0.0980392 0.4666666 0.2392157 0.09019607 0.4901961 0.2196078 0.0980392 0.4666666 0 0.317647 1 0.2392157 0.09019607 0.4901961 0.2862745 0.4196078 0.3882353 0.2784314 0.3333333 0.5764706 0.1490196 0.1921569 0.6117647 0.2784314 0.3333333 0.5764706 0.2823529 0.2705882 0.7803922 0.1490196 0.1921569 0.6117647 0.5450981 0.345098 1 0.2196078 0.0980392 0.4666666 0.2392157 0.09019607 0.4901961 0.2196078 0.0980392 0.4666666 0 0.317647 1 0.2392157 0.09019607 0.4901961 0.2862745 0.4196078 0.3882353 0.2784314 0.3333333 0.5764706 0.1490196 0.1921569 0.6117647 0.2784314 0.3333333 0.5764706 0.2823529 0.2705882 0.7803922 0.1490196 0.1921569 0.6117647 0.5450981 0.345098 1 0.2196078 0.0980392 0.4666666 0.2392157 0.09019607 0.4901961 0.2196078 0.0980392 0.4666666 0 0.317647 1 0.2392157 0.09019607 0.4901961 0.2862745 0.4196078 0.3882353 0.2784314 0.3333333 0.5764706 0.1490196 0.1921569 0.6117647 0.2784314 0.3333333 0.5764706 0.2823529 0.2705882 0.7803922 0.1490196 0.1921569 0.6117647 0.5450981 0.345098 1 0.2196078 0.0980392 0.4666666 0.2392157 0.09019607 0.4901961 0.2196078 0.0980392 0.4666666 0 0.317647 1 0.2392157 0.09019607 0.4901961 0.2862745 0.4196078 0.3882353 0.2784314 0.3333333 0.5764706 0.1490196 0.1921569 0.6117647 0.2784314 0.3333333 0.5764706 0.2823529 0.2705882 0.7803922 0.1490196 0.1921569 0.6117647 0.5450981 0.345098 1 0.2196078 0.0980392 0.4666666 0.2392157 0.09019607 0.4901961 0.2196078 0.0980392 0.4666666 0 0.317647 1 0.2392157 0.09019607 0.4901961 0.2862745 0.4196078 0.3882353 0.2784314 0.3333333 0.5764706 0.1490196 0.1921569 0.6117647 0.2784314 0.3333333 0.5764706 0.2823529 0.2705882 0.7803922 0.1490196 0.1921569 0.6117647 0.5450981 0.345098 1 0.2196078 0.0980392 0.4666666 0.2392157 0.09019607 0.4901961 0.2196078 0.0980392 0.4666666 0 0.317647 1 0.2392157 0.09019607 0.4901961 0.2862745 0.4196078 0.3882353 0.2784314 0.3333333 0.5764706 0.1490196 0.1921569 0.6117647 0.2784314 0.3333333 0.5764706 0.2823529 0.2705882 0.7803922 0.1490196 0.1921569 0.6117647 1 1 0.8588235 0 0.07450979 0 0 0.1254902 0 1 0.5803922 1 1 1 0.8588235 0 0.1254902 0 1 1 0.8588235 0 0.07450979 0 0 0.1254902 0 1 0.5803922 1 1 1 0.8588235 0 0.1254902 0 1 1 0.8588235 0 0.07450979 0 0 0.1254902 0 1 0.5803922 1 1 1 0.8588235 0 0.1254902 0 1 1 0.8588235 0 0.07450979 0 0 0.1254902 0 1 0.5803922 1 1 1 0.8588235 0 0.1254902 0 1 1 0.8588235 0 0.07450979 0 0 0.1254902 0 1 0.5803922 1 1 1 0.8588235 0 0.1254902 0 1 1 0.8588235 0 0.07450979 0 0 0.1254902 0 1 0.5803922 1 1 1 0.8588235 0 0.1254902 0 0.2784314 0.3333333 0.5764706 0.1490196 0.1921569 0.6117647 0.2862745 0.4196078 0.3882353 0.2784314 0.3333333 0.5764706 0.1490196 0.1921569 0.6117647 0.2862745 0.4196078 0.3882353 0.2784314 0.3333333 0.5764706 0.1490196 0.1921569 0.6117647 0.2862745 0.4196078 0.3882353 0.2784314 0.3333333 0.5764706 0.1490196 0.1921569 0.6117647 0.2862745 0.4196078 0.3882353 0.2784314 0.3333333 0.5764706 0.1490196 0.1921569 0.6117647 0.2862745 0.4196078 0.3882353 0.2784314 0.3333333 0.5764706 0.1490196 0.1921569 0.6117647 0.2862745 0.4196078 0.3882353 0.2784314 0.3333333 0.5764706 0.1490196 0.1921569 0.6117647 0.2862745 0.4196078 0.3882353 0.2784314 0.3333333 0.5764706 0.1490196 0.1921569 0.6117647 0.2862745 0.4196078 0.3882353 0.2784314 0.3333333 0.5764706 0.1490196 0.1921569 0.6117647 0.2862745 0.4196078 0.3882353 0.2784314 0.3333333 0.5764706 0.1490196 0.1921569 0.6117647 0.2862745 0.4196078 0.3882353 0.2784314 0.3333333 0.5764706 0.1490196 0.1921569 0.6117647 0.2862745 0.4196078 0.3882353 0.2784314 0.3333333 0.5764706 0.2823529 0.2705882 0.7803922 0.3843137 0.3058823 0.9803922 0.1490196 0.1921569 0.6117647 0.2862745 0.4196078 0.3882353 0.3843137 0.3058823 0.9803922 0.2823529 0.2705882 0.7803922 0.1490196 0.1921569 0.6117647 0.3843137 0.3058823 0.9803922 0.2862745 0.4196078 0.3882353 0.2784314 0.3333333 0.5764706 0.3843137 0.3058823 0.9803922 0.2784314 0.3333333 0.5764706 0.1490196 0.1921569 0.6117647 0.2862745 0.4196078 0.3882353 0.2862745 0.4196078 0.3882353 0.2823529 0.2705882 0.7803922 0.1490196 0.1921569 0.6117647 0.2784314 0.3333333 0.5764706 0.1490196 0.1921569 0.6117647 0.2862745 0.4196078 0.3882353 0.2784314 0.3333333 0.5764706 0.1490196 0.1921569 0.6117647 0.2862745 0.4196078 0.3882353 0.2784314 0.3333333 0.5764706 0.1490196 0.1921569 0.6117647 0.2862745 0.4196078 0.3882353 0.2784314 0.3333333 0.5764706 0.1490196 0.1921569 0.6117647 0.2862745 0.4196078 0.3882353 0.2784314 0.3333333 0.5764706 0.1490196 0.1921569 0.6117647 0.2862745 0.4196078 0.3882353 0.2784314 0.3333333 0.5764706 0.1490196 0.1921569 0.6117647 0.2862745 0.4196078 0.3882353 0.2784314 0.3333333 0.5764706 0.1490196 0.1921569 0.6117647 0.2862745 0.4196078 0.3882353 0.2784314 0.3333333 0.5764706 0.1490196 0.1921569 0.6117647 0.2862745 0.4196078 0.3882353 0.2784314 0.3333333 0.5764706 0.1490196 0.1921569 0.6117647 0.2862745 0.4196078 0.3882353 0.2784314 0.3333333 0.5764706 0.1490196 0.1921569 0.6117647 0.2862745 0.4196078 0.3882353 0.2784314 0.3333333 0.5764706 0.1490196 0.1921569 0.6117647 0.2862745 0.4196078 0.3882353 0.2784314 0.3333333 0.5764706 0.2823529 0.2705882 0.7803922 0.3843137 0.3058823 0.9803922 0.1490196 0.1921569 0.6117647 0.2862745 0.4196078 0.3882353 0.3843137 0.3058823 0.9803922 0.2823529 0.2705882 0.7803922 0.1490196 0.1921569 0.6117647 0.3843137 0.3058823 0.9803922 0.2862745 0.4196078 0.3882353 0.2784314 0.3333333 0.5764706 0.3843137 0.3058823 0.9803922 0.2784314 0.3333333 0.5764706 0.1490196 0.1921569 0.6117647 0.2862745 0.4196078 0.3882353 0.2784314 0.3333333 0.5764706 0.1490196 0.1921569 0.6117647 0.2862745 0.4196078 0.3882353 0.2784314 0.3333333 0.5764706 0.1490196 0.1921569 0.6117647 0.2862745 0.4196078 0.3882353 0.2862745 0.4196078 0.3882353 0.2784314 0.3333333 0.5764706 0.1490196 0.1921569 0.6117647 0.2784314 0.3333333 0.5764706 0.1490196 0.1921569 0.6117647 0.2862745 0.4196078 0.3882353 0.2784314 0.3333333 0.5764706 0.1490196 0.1921569 0.6117647 0.2862745 0.4196078 0.3882353 0.2784314 0.3333333 0.5764706 0.1490196 0.1921569 0.6117647 0.2862745 0.4196078 0.3882353 0.2784314 0.3333333 0.5764706 0.1490196 0.1921569 0.6117647 0.2862745 0.4196078 0.3882353 0.2784314 0.3333333 0.5764706 0.1490196 0.1921569 0.6117647 0.2862745 0.4196078 0.3882353 0.2784314 0.3333333 0.5764706 0.1490196 0.1921569 0.6117647 0.2862745 0.4196078 0.3882353 0.2784314 0.3333333 0.5764706 0.1490196 0.1921569 0.6117647 0.2862745 0.4196078 0.3882353 0.2784314 0.3333333 0.5764706 0.1490196 0.1921569 0.6117647 0.2862745 0.4196078 0.3882353 0.2784314 0.3333333 0.5764706 0.1490196 0.1921569 0.6117647 0.2862745 0.4196078 0.3882353 0.2784314 0.3333333 0.5764706 0.1490196 0.1921569 0.6117647 0.2862745 0.4196078 0.3882353 0.2784314 0.3333333 0.5764706 0.1490196 0.1921569 0.6117647 0.2862745 0.4196078 0.3882353 0.2784314 0.3333333 0.5764706 0.1490196 0.1921569 0.6117647 0.2862745 0.4196078 0.3882353 0.2784314 0.3333333 0.5764706 0.1490196 0.1921569 0.6117647 0.2862745 0.4196078 0.3882353 0.2784314 0.3333333 0.5764706 0.1490196 0.1921569 0.6117647 0.2862745 0.4196078 0.3882353 0.2784314 0.3333333 0.5764706 0.1490196 0.1921569 0.6117647 0.2862745 0.4196078 0.3882353 0.2784314 0.3333333 0.5764706 0.1490196 0.1921569 0.6117647 0.2862745 0.4196078 0.3882353 0.2784314 0.3333333 0.5764706 0.1490196 0.1921569 0.6117647 0.2862745 0.4196078 0.3882353 0.2784314 0.3333333 0.5764706 0.1490196 0.1921569 0.6117647 0.2862745 0.4196078 0.3882353 0.2784314 0.3333333 0.5764706 0.1490196 0.1921569 0.6117647 0.2862745 0.4196078 0.3882353 0.2784314 0.3333333 0.5764706 0.1490196 0.1921569 0.6117647 0.2862745 0.4196078 0.3882353 0.2784314 0.3333333 0.5764706 0.1490196 0.1921569 0.6117647 0.2862745 0.4196078 0.3882353 0.2784314 0.3333333 0.5764706 0.1490196 0.1921569 0.6117647 0.2862745 0.4196078 0.3882353 0.2784314 0.3333333 0.5764706 0.1490196 0.1921569 0.6117647 0.2862745 0.4196078 0.3882353 0.2784314 0.3333333 0.5764706 0.1490196 0.1921569 0.6117647 0.2862745 0.4196078 0.3882353 0.2784314 0.3333333 0.5764706 0.1490196 0.1921569 0.6117647 0.2862745 0.4196078 0.3882353 0.2784314 0.3333333 0.5764706 0.1490196 0.1921569 0.6117647 0.2862745 0.4196078 0.3882353 0.2784314 0.3333333 0.5764706 0.1490196 0.1921569 0.6117647 0.2862745 0.4196078 0.3882353 0.2784314 0.3333333 0.5764706 0.1490196 0.1921569 0.6117647 0.2862745 0.4196078 0.3882353 0.2784314 0.3333333 0.5764706 0.1490196 0.1921569 0.6117647 0.2862745 0.4196078 0.3882353 0.2784314 0.3333333 0.5764706 0.1490196 0.1921569 0.6117647 0.2862745 0.4196078 0.3882353 0.2784314 0.3333333 0.5764706 0.1490196 0.1921569 0.6117647 0.2862745 0.4196078 0.3882353 0.2784314 0.3333333 0.5764706 0.1490196 0.1921569 0.6117647 0.2862745 0.4196078 0.3882353 0.2784314 0.3333333 0.5764706 0.1490196 0.1921569 0.6117647 0.2862745 0.4196078 0.3882353 0.2784314 0.3333333 0.5764706 0.1490196 0.1921569 0.6117647 0.2862745 0.4196078 0.3882353 0.2784314 0.3333333 0.5764706 0.1490196 0.1921569 0.6117647 0.2862745 0.4196078 0.3882353 0.2784314 0.3333333 0.5764706 0.1490196 0.1921569 0.6117647 0.2862745 0.4196078 0.3882353 0.2784314 0.3333333 0.5764706 0.1490196 0.1921569 0.6117647 0.2862745 0.4196078 0.3882353 0.2784314 0.3333333 0.5764706 0.1490196 0.1921569 0.6117647 0.2862745 0.4196078 0.3882353 0.2784314 0.3333333 0.5764706 0.1490196 0.1921569 0.6117647 0.2862745 0.4196078 0.3882353 0.2784314 0.3333333 0.5764706 0.1490196 0.1921569 0.6117647 0.2862745 0.4196078 0.3882353 0.2784314 0.3333333 0.5764706 0.1490196 0.1921569 0.6117647 0.2862745 0.4196078 0.3882353 0.2784314 0.3333333 0.5764706 0.1490196 0.1921569 0.6117647 0.2862745 0.4196078 0.3882353 0 0 0 0 0 0 0 0 0 0 0 0 0 0 0 0 0 0 0 0 0 0 0 0 0 0 0 0 0 0 0 0 0 0 0 0 0 0 0 0 0 0 0 0 0 0 0 0 0 0 0 0 0 0 0.02352941 0.05882352 0.5254902 0.7607843 0.5764706 1 0.7176471 0.5254902 1 0.1098039 0.1137255 0.3647059 0.1411765 0.1372549 0.5333334 0.1960784 0.8941177 0.9882353 0.1098039 0.1137255 0.3647059 0.1411765 0.1372549 0.5333334 0.1960784 0.8941177 0.9882353 0 0.1882353 0.6078432 0 0.1607843 0.6196079 0.9372549 0.9254902 1 0.02352941 0.05882352 0.5254902 0.7607843 0.5764706 1 0.7176471 0.5254902 1 0.1098039 0.1137255 0.3647059 0.1411765 0.1372549 0.5333334 0.1960784 0.8941177 0.9882353 0.1098039 0.1137255 0.3647059 0.1411765 0.1372549 0.5333334 0.1960784 0.8941177 0.9882353 0 0.1882353 0.6078432 0 0.1607843 0.6196079 0.9372549 0.9254902 1 0.02352941 0.05882352 0.5254902 0.7607843 0.5764706 1 0.7176471 0.5254902 1 0.1098039 0.1137255 0.3647059 0.1411765 0.1372549 0.5333334 0.1960784 0.8941177 0.9882353 0.1098039 0.1137255 0.3647059 0.1411765 0.1372549 0.5333334 0.1960784 0.8941177 0.9882353 0 0.1882353 0.6078432 0 0.1607843 0.6196079 0.9372549 0.9254902 1 0 0.1882353 0.6078432 0 0.1607843 0.6196079 0.9372549 0.9254902 1 0.02352941 0.05882352 0.5254902 0.7607843 0.5764706 1 0.7176471 0.5254902 1 0.02352941 0.05882352 0.5254902 0.7607843 0.5764706 1 0.7176471 0.5254902 1 0.02352941 0.05882352 0.5254902 0.7607843 0.5764706 1 0.7176471 0.5254902 1 0.02352941 0.05882352 0.5254902 0.7607843 0.5764706 1 0.7176471 0.5254902 1 0.02352941 0.05882352 0.5254902 0.7607843 0.5764706 1 0.7176471 0.5254902 1 0.02352941 0.05882352 0.5254902 0.7607843 0.5764706 1 0.7176471 0.5254902 1 0.02352941 0.05882352 0.5254902 0.7607843 0.5764706 1 0.7176471 0.5254902 1 0.02352941 0.05882352 0.5254902 0.7607843 0.5764706 1 0.7176471 0.5254902 1 0.02352941 0.05882352 0.5254902 0.7607843 0.5764706 1 0.7176471 0.5254902 1 0.02352941 0.05882352 0.5254902 0.7607843 0.5764706 1 0.7176471 0.5254902 1 0 0.1882353 0.6078432 0 0.1607843 0.6196079 0.9372549 0.9254902 1 0 0.1882353 0.6078432 0 0.1607843 0.6196079 0.9372549 0.9254902 1 0 0.1882353 0.6078432 0 0.1607843 0.6196079 0.9372549 0.9254902 1 0 0.1882353 0.6078432 0 0.1607843 0.6196079 0.9372549 0.9254902 1 0 0.1882353 0.6078432 0 0.1607843 0.6196079 0.9372549 0.9254902 1 0 0.1882353 0.6078432 0 0.1607843 0.6196079 0.9372549 0.9254902 1 0 0.1882353 0.6078432 0 0.1607843 0.6196079 0.9372549 0.9254902 1 0 0.1882353 0.6078432 0 0.1607843 0.6196079 0.9372549 0.9254902 1 0 0.1882353 0.6078432 0 0.1607843 0.6196079 0.9372549 0.9254902 1 0 0.1882353 0.6078432 0 0.1607843 0.6196079 0.9372549 0.9254902 1 0 0.1882353 0.6078432 0 0.1607843 0.6196079 0.9372549 0.9254902 1 0 0.1882353 0.6078432 0 0.1607843 0.6196079 0.9372549 0.9254902 1 0 0.1882353 0.6078432 0 0.1607843 0.6196079 0.9372549 0.9254902 1 0 0.1882353 0.6078432 0 0.1607843 0.6196079 0.9372549 0.9254902 1 0 0.1882353 0.6078432 0 0.1607843 0.6196079 0.9372549 0.9254902 1 0 0.1882353 0.6078432 0 0.1607843 0.6196079 0.9372549 0.9254902 1 0 0.1882353 0.6078432 0 0.1607843 0.6196079 0.9372549 0.9254902 1 0 0.1882353 0.6078432 0 0.1607843 0.6196079 0.9372549 0.9254902 1 0 0.1882353 0.6078432 0 0.1607843 0.6196079 0.9372549 0.9254902 1 0 0.1882353 0.6078432 0 0.1607843 0.6196079 0.9372549 0.9254902 1 0 0.1882353 0.6078432 0 0.1607843 0.6196079 0.9372549 0.9254902 1 0 0.1882353 0.6078432 0 0.1607843 0.6196079 0.9372549 0.9254902 1 0 0.1882353 0.6078432 0 0.1607843 0.6196079 0.9372549 0.9254902 1 0 0.1882353 0.6078432 0 0.1607843 0.6196079 0.9372549 0.9254902 1 0 0.1882353 0.6078432 0 0.1607843 0.6196079 0.9372549 0.9254902 1 0 0.1882353 0.6078432 0 0.1607843 0.6196079 0.9372549 0.9254902 1 0 0.1882353 0.6078432 0 0.1607843 0.6196079 0.9372549 0.9254902 1 0 0.1882353 0.6078432 0 0.1607843 0.6196079 0.9372549 0.9254902 1 0 0.1882353 0.6078432 0 0.1607843 0.6196079 0.9372549 0.9254902 1 0 0.1882353 0.6078432 0 0.1607843 0.6196079 0.9372549 0.9254902 1 0 0.1882353 0.6078432 0 0.1607843 0.6196079 0.9372549 0.9254902 1 0 0.1882353 0.6078432 0 0.1607843 0.6196079 0.9372549 0.9254902 1 0 0.1882353 0.6078432 0 0.1607843 0.6196079 0.9372549 0.9254902 1 0 0.1882353 0.6078432 0 0.1607843 0.6196079 0.9372549 0.9254902 1 0 0.1882353 0.6078432 0 0.1607843 0.6196079 0.9372549 0.9254902 1 0 0.1882353 0.6078432 0 0.1607843 0.6196079 0.9372549 0.9254902 1 0 0.1882353 0.6078432 0 0.1607843 0.6196079 0.9372549 0.9254902 1 0 0.1882353 0.6078432 0 0.1607843 0.6196079 0.9372549 0.9254902 1 0 0.1882353 0.6078432 0 0.1607843 0.6196079 0.9372549 0.9254902 1 0 0.1882353 0.6078432 0 0.1607843 0.6196079 0.9372549 0.9254902 1 0 0.1882353 0.6078432 0 0.1607843 0.6196079 0.9372549 0.9254902 1 0 0.1882353 0.6078432 0 0.1607843 0.6196079 0.9372549 0.9254902 1 0 0.1882353 0.6078432 0 0.1607843 0.6196079 0.9372549 0.9254902 1 0 0.3137255 0 0.9372549 0.9254902 1 0.4509804 0.1372549 0.7529412 0 0.1882353 0.6078432 0 0.1607843 0.6196079 0.9372549 0.9254902 1 0 0.1882353 0.6078432 0 0.1607843 0.6196079 0.9372549 0.9254902 1 0 0.1882353 0.6078432 0 0.1607843 0.6196079 0.9372549 0.9254902 1 0 0.1882353 0.6078432 0 0.1607843 0.6196079 0.9372549 0.9254902 1 0.02352941 0.05882352 0.5254902 0.7607843 0.5764706 1 0.7176471 0.5254902 1 0.02352941 0.05882352 0.5254902 0.7607843 0.5764706 1 0.7176471 0.5254902 1 0.1098039 0.1137255 0.3647059 0.1411765 0.1372549 0.5333334 0.1960784 0.8941177 0.9882353 0.1098039 0.1137255 0.3647059 0.1411765 0.1372549 0.5333334 0.1960784 0.8941177 0.9882353 0 0.1882353 0.6078432 0 0.1607843 0.6196079 0.9372549 0.9254902 1 0.02352941 0.05882352 0.5254902 0.7607843 0.5764706 1 0.7176471 0.5254902 1 0.1098039 0.1137255 0.3647059 0.1411765 0.1372549 0.5333334 0.1960784 0.8941177 0.9882353 0.1098039 0.1137255 0.3647059 0.1411765 0.1372549 0.5333334 0.1960784 0.8941177 0.9882353 0 0.1882353 0.6078432 0 0.1607843 0.6196079 0.9372549 0.9254902 1 0.1098039 0.1137255 0.3647059 0.1411765 0.1372549 0.5333334 0.1960784 0.8941177 0.9882353 0.1098039 0.1137255 0.3647059 0.1411765 0.1372549 0.5333334 0.1960784 0.8941177 0.9882353 0.1098039 0.1137255 0.3647059 0.1411765 0.1372549 0.5333334 0.1960784 0.8941177 0.9882353 0.1098039 0.1137255 0.3647059 0.1411765 0.1372549 0.5333334 0.1960784 0.8941177 0.9882353 0.1098039 0.1137255 0.3647059 0.1411765 0.1372549 0.5333334 0.1960784 0.8941177 0.9882353 0.1098039 0.1137255 0.3647059 0.1411765 0.1372549 0.5333334 0.1960784 0.8941177 0.9882353 0.1098039 0.1137255 0.3647059 0.1411765 0.1372549 0.5333334 0.1960784 0.8941177 0.9882353 0.1098039 0.1137255 0.3647059 0.1411765 0.1372549 0.5333334 0.1960784 0.8941177 0.9882353 0.1098039 0.1137255 0.3647059 0.1411765 0.1372549 0.5333334 0.1960784 0.8941177 0.9882353 0.1098039 0.1137255 0.3647059 0.1411765 0.1372549 0.5333334 0.1960784 0.8941177 0.9882353 0.1098039 0.1137255 0.3647059 0.1411765 0.1372549 0.5333334 0.1960784 0.8941177 0.9882353 0.1098039 0.1137255 0.3647059 0.1411765 0.1372549 0.5333334 0.1960784 0.8941177 0.9882353 0.1098039 0.1137255 0.3647059 0.1411765 0.1372549 0.5333334 0.1960784 0.8941177 0.9882353 0.1098039 0.1137255 0.3647059 0.1411765 0.1372549 0.5333334 0.1960784 0.8941177 0.9882353 0.1098039 0.1137255 0.3647059 0.1411765 0.1372549 0.5333334 0.1960784 0.8941177 0.9882353 0.1098039 0.1137255 0.3647059 0.1411765 0.1372549 0.5333334 0.1960784 0.8941177 0.9882353 0.1098039 0.1137255 0.3647059 0.1411765 0.1372549 0.5333334 0.1960784 0.8941177 0.9882353 0.1098039 0.1137255 0.3647059 0.1411765 0.1372549 0.5333334 0.1960784 0.8941177 0.9882353 0.2078431 0.4117647 0.6901961 0.1490196 0.1568627 0.9019608 0.1960784 0.8941177 0.9882353 0.1098039 0.1137255 0.3647059 0.1411765 0.1372549 0.5333334 0.1490196 0.1568627 0.9019608 0.1098039 0.1137255 0.3647059 0.1411765 0.1372549 0.5333334 0.1960784 0.8941177 0.9882353 0.1098039 0.1137255 0.3647059 0.1411765 0.1372549 0.5333334 0.1960784 0.8941177 0.9882353 0.1098039 0.1137255 0.3647059 0.1411765 0.1372549 0.5333334 0.1960784 0.8941177 0.9882353 0.2784314 0.3333333 0.5764706 0.2823529 0.2705882 0.7803922 0.1490196 0.1921569 0.6117647 0.2784314 0.3333333 0.5764706 0.2823529 0.2705882 0.7803922 0.1490196 0.1921569 0.6117647 0.2784314 0.3333333 0.5764706 0.2823529 0.2705882 0.7803922 0.1490196 0.1921569 0.6117647 0.2784314 0.3333333 0.5764706 0.2823529 0.2705882 0.7803922 0.1490196 0.1921569 0.6117647 0.2784314 0.3333333 0.5764706 0.2823529 0.2705882 0.7803922 0.1490196 0.1921569 0.6117647 0.2784314 0.3333333 0.5764706 0.2823529 0.2705882 0.7803922 0.1490196 0.1921569 0.6117647 0.2784314 0.3333333 0.5764706 0.2823529 0.2705882 0.7803922 0.1490196 0.1921569 0.6117647 0.2784314 0.3333333 0.5764706 0.2823529 0.2705882 0.7803922 0.1490196 0.1921569 0.6117647 0.2784314 0.3333333 0.5764706 0.2823529 0.2705882 0.7803922 0.1490196 0.1921569 0.6117647 0.2784314 0.3333333 0.5764706 0.2823529 0.2705882 0.7803922 0.1490196 0.1921569 0.6117647 0.2784314 0.3333333 0.5764706 0.2823529 0.2705882 0.7803922 0.1490196 0.1921569 0.6117647 0.2784314 0.3333333 0.5764706 0.2823529 0.2705882 0.7803922 0.1490196 0.1921569 0.6117647 0.2784314 0.3333333 0.5764706 0.2823529 0.2705882 0.7803922 0.1490196 0.1921569 0.6117647 0.2784314 0.3333333 0.5764706 0.2823529 0.2705882 0.7803922 0.1490196 0.1921569 0.6117647 0.2784314 0.3333333 0.5764706 0.2823529 0.2705882 0.7803922 0.1490196 0.1921569 0.6117647 0.2784314 0.3333333 0.5764706 0.2823529 0.2705882 0.7803922 0.1490196 0.1921569 0.6117647 0.2784314 0.3333333 0.5764706 0.2823529 0.2705882 0.7803922 0.1490196 0.1921569 0.6117647 0.2784314 0.3333333 0.5764706 0.2823529 0.2705882 0.7803922 0.1490196 0.1921569 0.6117647 0.2784314 0.3333333 0.5764706 0.2823529 0.2705882 0.7803922 0.1490196 0.1921569 0.6117647 0.2784314 0.3333333 0.5764706 0.2823529 0.2705882 0.7803922 0.1490196 0.1921569 0.6117647 0.2784314 0.3333333 0.5764706 0.2823529 0.2705882 0.7803922 0.1490196 0.1921569 0.6117647 0.2784314 0.3333333 0.5764706 0.2823529 0.2705882 0.7803922 0.1490196 0.1921569 0.6117647 0.2784314 0.3333333 0.5764706 0.2823529 0.2705882 0.7803922 0.1490196 0.1921569 0.6117647 0.2784314 0.3333333 0.5764706 0.2823529 0.2705882 0.7803922 0.1490196 0.1921569 0.6117647 0.2784314 0.3333333 0.5764706 0.2823529 0.2705882 0.7803922 0.1490196 0.1921569 0.6117647 0.2784314 0.3333333 0.5764706 0.2823529 0.2705882 0.7803922 0.1490196 0.1921569 0.6117647 0.2784314 0.3333333 0.5764706 0.2823529 0.2705882 0.7803922 0.1490196 0.1921569 0.6117647 0.2784314 0.3333333 0.5764706 0.2823529 0.2705882 0.7803922 0.1490196 0.1921569 0.6117647 0.2784314 0.3333333 0.5764706 0.2823529 0.2705882 0.7803922 0.1490196 0.1921569 0.6117647 0.2784314 0.3333333 0.5764706 0.2823529 0.2705882 0.7803922 0.1490196 0.1921569 0.6117647 0.2784314 0.3333333 0.5764706 0.2823529 0.2705882 0.7803922 0.1490196 0.1921569 0.6117647 0.2784314 0.3333333 0.5764706 0.2823529 0.2705882 0.7803922 0.1490196 0.1921569 0.6117647 0.2784314 0.3333333 0.5764706 0.2823529 0.2705882 0.7803922 0.1490196 0.1921569 0.6117647 0.2784314 0.3333333 0.5764706 0.2823529 0.2705882 0.7803922 0.1490196 0.1921569 0.6117647 0.2784314 0.3333333 0.5764706 0.2823529 0.2705882 0.7803922 0.1490196 0.1921569 0.6117647 0.2784314 0.3333333 0.5764706 0.2823529 0.2705882 0.7803922 0.1490196 0.1921569 0.6117647 0.2784314 0.3333333 0.5764706 0.2823529 0.2705882 0.7803922 0.1490196 0.1921569 0.6117647 0.2784314 0.3333333 0.5764706 0.2823529 0.2705882 0.7803922 0.1490196 0.1921569 0.6117647 0.2784314 0.3333333 0.5764706 0.2823529 0.2705882 0.7803922 0.1490196 0.1921569 0.6117647 0.2784314 0.3333333 0.5764706 0.2823529 0.2705882 0.7803922 0.1490196 0.1921569 0.6117647 0.2784314 0.3333333 0.5764706 0.2823529 0.2705882 0.7803922 0.1490196 0.1921569 0.6117647 0.2784314 0.3333333 0.5764706 0.2823529 0.2705882 0.7803922 0.1490196 0.1921569 0.6117647 0.2784314 0.3333333 0.5764706 0.2823529 0.2705882 0.7803922 0.1490196 0.1921569 0.6117647 0.2784314 0.3333333 0.5764706 0.2823529 0.2705882 0.7803922 0.1490196 0.1921569 0.6117647 0.2784314 0.3333333 0.5764706 0.2823529 0.2705882 0.7803922 0.1490196 0.1921569 0.6117647 0.2784314 0.3333333 0.5764706 0.2823529 0.2705882 0.7803922 0.1490196 0.1921569 0.6117647 0.2784314 0.3333333 0.5764706 0.2823529 0.2705882 0.7803922 0.1490196 0.1921569 0.6117647 0.2784314 0.3333333 0.5764706 0.2823529 0.2705882 0.7803922 0.1490196 0.1921569 0.6117647 0.2784314 0.3333333 0.5764706 0.2823529 0.2705882 0.7803922 0.1490196 0.1921569 0.6117647 0.2784314 0.3333333 0.5764706 0.2823529 0.2705882 0.7803922 0.1490196 0.1921569 0.6117647 0.2784314 0.3333333 0.5764706 0.2823529 0.2705882 0.7803922 0.1490196 0.1921569 0.6117647 0.2784314 0.3333333 0.5764706 0.2823529 0.2705882 0.7803922 0.1490196 0.1921569 0.6117647 0.2784314 0.3333333 0.5764706 0.2823529 0.2705882 0.7803922 0.1490196 0.1921569 0.6117647 0.2784314 0.3333333 0.5764706 0.2823529 0.2705882 0.7803922 0.1490196 0.1921569 0.6117647 0.2784314 0.3333333 0.5764706 0.2823529 0.2705882 0.7803922 0.1490196 0.1921569 0.6117647 0.2784314 0.3333333 0.5764706 0.2823529 0.2705882 0.7803922 0.1490196 0.1921569 0.6117647 0.2784314 0.3333333 0.5764706 0.2823529 0.2705882 0.7803922 0.1490196 0.1921569 0.6117647 0.2784314 0.3333333 0.5764706 0.2823529 0.2705882 0.7803922 0.1490196 0.1921569 0.6117647 0.2784314 0.3333333 0.5764706 0.2823529 0.2705882 0.7803922 0.1490196 0.1921569 0.6117647 0.2784314 0.3333333 0.5764706 0.2823529 0.2705882 0.7803922 0.1490196 0.1921569 0.6117647 0.2784314 0.3333333 0.5764706 0.2823529 0.2705882 0.7803922 0.1490196 0.1921569 0.6117647 0.2784314 0.3333333 0.5764706 0.2823529 0.2705882 0.7803922 0.1490196 0.1921569 0.6117647 0.2784314 0.3333333 0.5764706 0.2823529 0.2705882 0.7803922 0.1490196 0.1921569 0.6117647 0.2784314 0.3333333 0.5764706 0.2823529 0.2705882 0.7803922 0.1490196 0.1921569 0.6117647 0.2784314 0.3333333 0.5764706 0.2823529 0.2705882 0.7803922 0.1490196 0.1921569 0.6117647 0.2784314 0.3333333 0.5764706 0.2823529 0.2705882 0.7803922 0.1490196 0.1921569 0.6117647 0.2784314 0.3333333 0.5764706 0.2823529 0.2705882 0.7803922 0.1490196 0.1921569 0.6117647 0.2784314 0.3333333 0.5764706 0.2823529 0.2705882 0.7803922 0.1490196 0.1921569 0.6117647</float_array>
          <technique_common>
            <accessor source="#tree_oak_bush_a200_001-mesh-colors-Col-array" count="1350" stride="3">
              <param name="R" type="float"/>
              <param name="G" type="float"/>
              <param name="B" type="float"/>
            </accessor>
          </technique_common>
        </source>
        <vertices id="tree_oak_bush_a200_001-mesh-vertices">
          <input semantic="POSITION" source="#tree_oak_bush_a200_001-mesh-positions"/>
        </vertices>
        <polylist material="tro_tree_2_trunk-material" count="12">
          <input semantic="VERTEX" source="#tree_oak_bush_a200_001-mesh-vertices" offset="0"/>
          <input semantic="NORMAL" source="#tree_oak_bush_a200_001-mesh-normals" offset="1"/>
          <input semantic="TEXCOORD" source="#tree_oak_bush_a200_001-mesh-map-0" offset="2" set="0"/>
          <input semantic="COLOR" source="#tree_oak_bush_a200_001-mesh-colors-Col" offset="3" set="0"/>
          <vcount>3 3 3 3 3 3 3 3 3 3 3 3 </vcount>
          <p>8 0 0 0 1 1 1 1 7 2 2 2 4 3 3 3 0 4 4 4 7 2 5 5 7 2 6 6 6 5 7 7 8 0 8 8 0 4 9 9 3 6 10 10 1 1 11 11 6 5 12 12 1 1 13 13 5 7 14 14 1 1 15 15 4 3 16 16 7 2 17 17 8 0 819 819 5 7 820 820 1 1 821 821 4 3 822 822 2 418 823 823 0 4 824 824 7 2 825 825 0 4 826 826 6 5 827 827 0 4 828 828 2 418 829 829 3 6 830 830 6 5 831 831 0 4 832 832 1 1 833 833 1 1 834 834 3 6 835 835 4 3 836 836</p>
        </polylist>
        <polylist material="tro_tree_2_leaves-material" count="438">
          <input semantic="VERTEX" source="#tree_oak_bush_a200_001-mesh-vertices" offset="0"/>
          <input semantic="NORMAL" source="#tree_oak_bush_a200_001-mesh-normals" offset="1"/>
          <input semantic="TEXCOORD" source="#tree_oak_bush_a200_001-mesh-map-0" offset="2" set="0"/>
          <input semantic="COLOR" source="#tree_oak_bush_a200_001-mesh-colors-Col" offset="3" set="0"/>
          <vcount>3 3 3 3 3 3 3 3 3 3 3 3 3 3 3 3 3 3 3 3 3 3 3 3 3 3 3 3 3 3 3 3 3 3 3 3 3 3 3 3 3 3 3 3 3 3 3 3 3 3 3 3 3 3 3 3 3 3 3 3 3 3 3 3 3 3 3 3 3 3 3 3 3 3 3 3 3 3 3 3 3 3 3 3 3 3 3 3 3 3 3 3 3 3 3 3 3 3 3 3 3 3 3 3 3 3 3 3 3 3 3 3 3 3 3 3 3 3 3 3 3 3 3 3 3 3 3 3 3 3 3 3 3 3 3 3 3 3 3 3 3 3 3 3 3 3 3 3 3 3 3 3 3 3 3 3 3 3 3 3 3 3 3 3 3 3 3 3 3 3 3 3 3 3 3 3 3 3 3 3 3 3 3 3 3 3 3 3 3 3 3 3 3 3 3 3 3 3 3 3 3 3 3 3 3 3 3 3 3 3 3 3 3 3 3 3 3 3 3 3 3 3 3 3 3 3 3 3 3 3 3 3 3 3 3 3 3 3 3 3 3 3 3 3 3 3 3 3 3 3 3 3 3 3 3 3 3 3 3 3 3 3 3 3 3 3 3 3 3 3 3 3 3 3 3 3 3 3 3 3 3 3 3 3 3 3 3 3 3 3 3 3 3 3 3 3 3 3 3 3 3 3 3 3 3 3 3 3 3 3 3 3 3 3 3 3 3 3 3 3 3 3 3 3 3 3 3 3 3 3 3 3 3 3 3 3 3 3 3 3 3 3 3 3 3 3 3 3 3 3 3 3 3 3 3 3 3 3 3 3 3 3 3 3 3 3 3 3 3 3 3 3 3 3 3 3 3 3 3 3 3 3 3 3 3 3 3 3 3 3 3 3 3 3 3 3 3 3 3 3 3 3 3 3 3 3 3 3 3 3 3 3 3 3 3 3 3 3 3 3 3 3 3 3 3 3 3 3 3 3 3 3 3 3 3 3 3 3 </vcount>
          <p>9 8 18 18 11 8 19 19 10 8 20 20 12 9 21 21 14 9 22 22 13 9 23 23 18 10 24 24 15 11 25 25 16 12 26 26 20 13 27 27 21 14 28 28 22 15 29 29 24 16 30 30 25 17 31 31 26 18 32 32 30 19 33 33 29 19 34 34 28 19 35 35 31 20 36 36 32 21 37 37 34 22 38 38 35 23 39 39 36 24 40 40 38 25 41 41 33 26 42 42 31 20 43 43 34 22 44 44 37 27 45 45 35 23 46 46 38 25 47 47 39 28 48 48 41 28 49 49 40 28 50 50 42 29 51 51 44 29 52 52 43 29 53 53 48 30 54 54 45 31 55 55 46 32 56 56 50 33 57 57 51 34 58 58 52 35 59 59 54 36 60 60 55 37 61 61 56 38 62 62 60 39 63 63 59 39 64 64 58 39 65 65 61 40 66 66 62 41 67 67 64 42 68 68 65 43 69 69 66 44 70 70 68 45 71 71 63 46 72 72 61 40 73 73 64 42 74 74 67 47 75 75 65 43 76 76 68 45 77 77 69 48 78 78 71 48 79 79 70 48 80 80 72 49 81 81 74 49 82 82 73 49 83 83 78 50 84 84 75 51 85 85 76 52 86 86 80 53 87 87 81 54 88 88 82 55 89 89 84 56 90 90 85 57 91 91 86 58 92 92 90 59 93 93 89 59 94 94 88 59 95 95 91 60 96 96 92 61 97 97 94 62 98 98 95 63 99 99 96 64 100 100 98 65 101 101 93 66 102 102 91 60 103 103 94 62 104 104 97 67 105 105 95 63 106 106 98 65 107 107 102 68 108 108 101 68 109 109 100 68 110 110 105 69 111 111 107 70 112 112 108 71 113 113 108 71 114 114 103 72 115 115 104 73 116 116 106 74 117 117 105 69 118 118 108 71 119 119 107 70 120 120 103 72 121 121 108 71 122 122 106 74 123 123 108 71 124 124 104 73 125 125 112 75 126 126 109 76 127 127 110 77 128 128 116 78 129 129 113 79 130 130 114 80 131 131 120 81 132 132 117 82 133 133 118 83 134 134 124 84 135 135 121 85 136 136 122 86 137 137 128 87 138 138 125 88 139 139 126 89 140 140 132 90 141 141 129 91 142 142 130 92 143 143 136 93 144 144 133 94 145 145 134 95 146 146 140 96 147 147 137 97 148 148 138 98 149 149 144 99 150 150 141 100 151 151 142 101 152 152 148 102 153 153 145 103 154 154 146 104 155 155 149 105 156 156 151 105 157 157 150 105 158 158 153 106 159 159 152 107 160 160 155 108 161 161 154 109 162 162 153 106 163 163 155 108 164 164 152 107 165 165 154 109 166 166 155 108 167 167 156 110 168 168 158 110 169 169 157 110 170 170 159 111 171 171 161 111 172 172 160 111 173 173 162 112 174 174 164 112 175 175 163 112 176 176 165 113 177 177 167 113 178 178 166 113 179 179 171 114 180 180 170 114 181 181 169 114 182 182 175 115 183 183 174 115 184 184 173 115 185 185 179 116 186 186 178 116 187 187 177 116 188 188 183 117 189 189 182 117 190 190 181 117 191 191 187 118 192 192 186 118 193 193 185 118 194 194 191 119 195 195 190 119 196 196 189 119 197 197 195 120 198 198 194 120 199 199 193 120 200 200 199 121 201 201 198 121 202 202 197 122 203 203 203 123 204 204 202 123 205 205 201 123 206 206 207 124 207 207 206 124 208 208 205 124 209 209 211 125 210 210 210 125 211 211 209 125 212 212 215 126 213 213 214 126 214 214 213 126 215 215 219 127 216 216 218 127 217 217 217 127 218 218 223 128 219 219 222 128 220 220 221 128 221 221 227 129 222 222 226 129 223 223 225 129 224 224 231 130 225 225 230 130 226 226 229 130 227 227 235 131 228 228 234 131 229 229 233 131 230 230 239 132 231 231 238 132 232 232 237 132 233 233 243 133 234 234 242 133 235 235 241 133 236 236 247 134 237 237 246 134 238 238 245 134 239 239 251 135 240 240 250 135 241 241 249 135 242 242 255 136 243 243 254 136 244 244 253 136 245 245 259 137 246 246 258 137 247 247 257 137 248 248 263 138 249 249 262 138 250 250 261 138 251 251 267 139 252 252 266 139 253 253 265 139 254 254 271 140 255 255 270 140 256 256 269 140 257 257 275 141 258 258 274 141 259 259 273 141 260 260 279 142 261 261 278 142 262 262 277 142 263 263 283 143 264 264 282 143 265 265 281 143 266 266 287 144 267 267 286 144 268 268 285 144 269 269 291 145 270 270 290 145 271 271 289 145 272 272 295 146 273 273 294 146 274 274 293 146 275 275 299 147 276 276 298 147 277 277 297 147 278 278 303 148 279 279 302 148 280 280 301 148 281 281 307 149 282 282 306 149 283 283 305 149 284 284 311 150 285 285 310 150 286 286 309 150 287 287 315 151 288 288 314 151 289 289 313 151 290 290 319 152 291 291 318 152 292 292 317 152 293 293 323 153 294 294 322 153 295 295 321 153 296 296 327 154 297 297 326 154 298 298 325 154 299 299 331 155 300 300 330 155 301 301 329 155 302 302 335 156 303 303 334 156 304 304 333 156 305 305 339 157 306 306 338 157 307 307 337 157 308 308 340 158 309 309 341 159 310 310 343 160 311 311 347 133 312 312 346 133 313 313 345 133 314 314 351 161 315 315 350 162 316 316 349 162 317 317 355 163 318 318 354 163 319 319 353 163 320 320 359 164 321 321 358 164 322 322 357 164 323 323 363 165 324 324 360 166 325 325 361 167 326 326 364 168 327 327 366 168 328 328 365 168 329 329 367 169 330 330 369 169 331 331 368 169 332 332 373 170 333 333 370 171 334 334 371 172 335 335 375 173 336 336 376 174 337 337 377 175 338 338 379 176 339 339 380 177 340 340 381 178 341 341 385 179 342 342 384 179 343 343 383 179 344 344 386 180 345 345 387 181 346 346 389 182 347 347 390 183 348 348 391 184 349 349 393 185 350 350 388 186 351 351 386 180 352 352 389 182 353 353 392 187 354 354 390 183 355 355 393 185 356 356 394 188 357 357 396 188 358 358 395 188 359 359 397 189 360 360 399 189 361 361 398 189 362 362 403 190 363 363 400 191 364 364 401 192 365 365 405 193 366 366 406 194 367 367 407 195 368 368 409 196 369 369 410 197 370 370 411 198 371 371 415 199 372 372 414 199 373 373 413 199 374 374 416 200 375 375 417 201 376 376 419 202 377 377 420 203 378 378 421 204 379 379 423 205 380 380 418 206 381 381 416 200 382 382 419 202 383 383 422 207 384 384 420 203 385 385 423 205 386 386 425 208 387 387 426 209 388 388 427 210 389 389 429 211 390 390 430 212 391 391 431 213 392 392 433 211 393 393 434 212 394 394 435 213 395 395 437 214 396 396 438 215 397 397 439 216 398 398 441 217 399 399 442 218 400 400 443 219 401 401 445 220 402 402 446 221 403 403 447 222 404 404 449 223 405 405 450 224 406 406 451 225 407 407 453 226 408 408 454 227 409 409 455 228 410 410 457 229 411 411 458 230 412 412 459 231 413 413 461 232 414 414 462 233 415 415 463 234 416 416 465 235 417 417 466 236 418 418 467 237 419 419 469 238 420 420 470 239 421 421 471 240 422 422 473 241 423 423 474 242 424 424 475 243 425 425 477 244 426 426 478 245 427 427 479 246 428 428 481 247 429 429 482 248 430 430 483 249 431 431 485 250 432 432 486 251 433 433 487 252 434 434 489 253 435 435 490 254 436 436 491 255 437 437 493 256 438 438 494 257 439 439 495 258 440 440 496 259 441 441 498 260 442 442 500 261 443 443 502 262 444 444 503 263 445 445 504 264 446 446 506 262 447 447 507 263 448 448 508 264 449 449 510 265 450 450 511 266 451 451 512 267 452 452 515 268 453 453 513 269 454 454 516 270 455 455 513 269 456 456 514 271 457 457 516 270 458 458 520 272 459 459 517 273 460 460 519 274 461 461 517 273 462 462 518 275 463 463 519 274 464 464 523 268 465 465 521 269 466 466 524 276 467 467 521 269 468 468 522 271 469 469 524 276 470 470 528 272 471 471 525 277 472 472 527 274 473 473 525 277 474 474 526 275 475 475 527 274 476 476 531 278 477 477 529 279 478 478 532 280 479 479 529 279 480 480 530 281 481 481 532 280 482 482 536 282 483 483 533 283 484 484 535 284 485 485 533 283 486 486 534 285 487 487 535 284 488 488 539 286 489 489 537 287 490 490 540 288 491 491 537 287 492 492 538 289 493 493 540 288 494 494 544 290 495 495 541 291 496 496 543 292 497 497 541 291 498 498 542 293 499 499 543 292 500 500 547 294 501 501 545 295 502 502 548 296 503 503 545 295 504 504 546 297 505 505 548 296 506 506 552 298 507 507 549 299 508 508 551 300 509 509 549 299 510 510 550 301 511 511 551 300 512 512 555 302 513 513 553 303 514 514 556 304 515 515 553 303 516 516 554 305 517 517 556 304 518 518 560 306 519 519 557 307 520 520 559 308 521 521 557 307 522 522 558 309 523 523 559 308 524 524 563 310 525 525 561 311 526 526 564 312 527 527 561 311 528 528 562 313 529 529 564 312 530 530 568 314 531 531 565 315 532 532 567 316 533 533 565 315 534 534 566 317 535 535 567 316 536 536 571 318 537 537 569 319 538 538 572 320 539 539 569 319 540 540 570 321 541 541 572 320 542 542 576 322 543 543 573 323 544 544 575 324 545 545 573 323 546 546 574 325 547 547 575 324 548 548 580 326 549 549 577 327 550 550 578 328 551 551 579 329 552 552 580 326 553 553 578 328 554 554 584 330 555 555 581 331 556 556 582 332 557 557 583 333 558 558 584 330 559 559 582 332 560 560 588 330 561 561 585 331 562 562 586 332 563 563 587 333 564 564 588 330 565 565 586 332 566 566 592 334 567 567 589 335 568 568 590 336 569 569 591 337 570 570 592 334 571 571 590 336 572 572 596 334 573 573 593 335 574 574 594 336 575 575 595 337 576 576 596 334 577 577 594 336 578 578 600 338 579 579 597 339 580 580 598 340 581 581 599 341 582 582 600 338 583 583 598 340 584 584 601 342 585 585 603 342 586 586 604 342 587 587 605 343 588 588 607 343 589 589 608 343 590 590 609 344 591 591 611 344 592 592 612 344 593 593 613 345 594 594 615 345 595 595 616 345 596 596 617 346 597 597 619 346 598 598 620 346 599 599 621 347 600 600 623 347 601 601 624 347 602 602 625 348 603 603 627 348 604 604 628 349 605 605 629 348 606 606 631 348 607 607 632 348 608 608 633 350 609 609 635 350 610 610 636 350 611 611 637 351 612 612 639 351 613 613 640 351 614 614 641 352 615 615 643 352 616 616 644 352 617 617 645 353 618 618 646 354 619 619 649 355 620 620 647 356 621 621 648 357 622 622 649 355 623 623 646 354 624 624 647 356 625 625 649 355 626 626 648 357 627 627 645 353 628 628 649 355 629 629 650 358 630 630 652 358 631 631 653 358 632 632 656 359 633 633 654 359 634 634 655 359 635 635 657 360 636 636 659 360 637 637 660 360 638 638 661 361 639 639 663 361 640 640 664 361 641 641 665 362 642 642 667 362 643 643 668 362 644 644 669 363 645 645 671 363 646 646 672 363 647 647 673 363 648 648 675 363 649 649 676 363 650 650 677 364 651 651 679 364 652 652 680 364 653 653 681 364 654 654 683 364 655 655 684 364 656 656 685 364 657 657 687 364 658 658 688 364 659 659 689 365 660 660 691 365 661 661 692 365 662 662 693 365 663 663 695 365 664 664 696 365 665 665 697 365 666 666 699 365 667 667 700 365 668 668 701 366 669 669 702 367 670 670 705 368 671 671 703 369 672 672 704 370 673 673 705 368 674 674 702 367 675 675 703 369 676 676 705 368 677 677 704 370 678 678 701 366 679 679 705 368 680 680 706 371 681 681 708 371 682 682 709 371 683 683 710 372 684 684 712 372 685 685 713 373 686 686 714 374 687 687 716 374 688 688 717 374 689 689 720 375 690 690 718 375 691 691 719 375 692 692 721 376 693 693 723 376 694 694 724 376 695 695 725 377 696 696 727 377 697 697 728 377 698 698 729 378 699 699 731 378 700 700 732 378 701 701 733 379 702 702 735 379 703 703 736 379 704 704 737 380 705 705 739 380 706 706 740 380 707 707 741 381 708 708 743 381 709 709 744 381 710 710 745 382 711 711 747 382 712 712 748 382 713 713 749 383 714 714 751 383 715 715 752 383 716 716 753 384 717 717 755 384 718 718 756 384 719 719 757 385 720 720 759 385 721 721 760 385 722 722 761 386 723 723 763 386 724 724 764 386 725 725 765 387 726 726 767 387 727 727 768 387 728 728 769 388 729 729 771 388 730 730 772 387 731 731 773 388 732 732 775 387 733 733 776 387 734 734 777 389 735 735 779 389 736 736 780 389 737 737 781 390 738 738 783 390 739 739 784 390 740 740 785 391 741 741 787 391 742 742 788 391 743 743 789 392 744 744 791 392 745 745 792 392 746 746 793 393 747 747 795 393 748 748 796 393 749 749 797 394 750 750 799 394 751 751 800 394 752 752 801 395 753 753 803 395 754 754 804 396 755 755 805 397 756 756 807 397 757 757 808 397 758 758 809 398 759 759 811 398 760 760 812 398 761 761 813 399 762 762 815 399 763 763 816 399 764 764 817 400 765 765 819 400 766 766 820 400 767 767 821 401 768 768 823 401 769 769 824 401 770 770 825 402 771 771 827 402 772 772 828 402 773 773 829 403 774 774 831 403 775 775 832 404 776 776 833 405 777 777 835 405 778 778 836 405 779 779 837 405 780 780 839 405 781 781 840 406 782 782 841 407 783 783 843 407 784 784 844 407 785 785 845 408 786 786 847 408 787 787 848 408 788 788 849 408 789 789 851 408 790 790 852 408 791 791 853 409 792 792 855 410 793 793 856 410 794 794 857 409 795 795 859 410 796 796 860 410 797 797 861 411 798 798 863 411 799 799 864 411 800 800 865 412 801 801 867 412 802 802 868 412 803 803 869 413 804 804 871 413 805 805 872 413 806 806 873 414 807 807 875 414 808 808 876 414 809 809 877 415 810 810 879 415 811 811 880 415 812 812 881 416 813 813 883 416 814 814 884 416 815 815 885 417 816 816 887 417 817 817 888 417 818 818 18 10 837 837 17 419 838 838 15 11 839 839 20 13 840 840 19 420 841 841 21 14 842 842 24 16 843 843 23 421 844 844 25 17 845 845 30 19 846 846 27 19 847 847 29 19 848 848 48 30 849 849 47 422 850 850 45 31 851 851 50 33 852 852 49 423 853 853 51 34 854 854 54 36 855 855 53 424 856 856 55 37 857 857 60 39 858 858 57 39 859 859 59 39 860 860 78 50 861 861 77 425 862 862 75 51 863 863 80 53 864 864 79 426 865 865 81 54 866 866 84 56 867 867 83 427 868 868 85 57 869 869 90 59 870 870 87 59 871 871 89 59 872 872 102 68 873 873 99 68 874 874 101 68 875 875 112 75 876 876 111 428 877 877 109 76 878 878 116 78 879 879 115 429 880 880 113 79 881 881 120 81 882 882 119 430 883 883 117 82 884 884 124 84 885 885 123 431 886 886 121 85 887 887 128 87 888 888 127 432 889 889 125 88 890 890 132 90 891 891 131 433 892 892 129 91 893 893 136 93 894 894 135 434 895 895 133 94 896 896 140 96 897 897 139 435 898 898 137 97 899 899 144 99 900 900 143 436 901 901 141 100 902 902 148 102 903 903 147 437 904 904 145 103 905 905 171 114 906 906 168 114 907 907 170 114 908 908 175 115 909 909 172 115 910 910 174 115 911 911 179 116 912 912 176 116 913 913 178 116 914 914 183 117 915 915 180 117 916 916 182 117 917 917 187 118 918 918 184 118 919 919 186 118 920 920 191 119 921 921 188 119 922 922 190 119 923 923 195 120 924 924 192 120 925 925 194 120 926 926 199 121 927 927 196 121 928 928 198 121 929 929 203 123 930 930 200 123 931 931 202 123 932 932 207 124 933 933 204 124 934 934 206 124 935 935 211 125 936 936 208 125 937 937 210 125 938 938 215 126 939 939 212 126 940 940 214 126 941 941 219 127 942 942 216 127 943 943 218 127 944 944 223 128 945 945 220 128 946 946 222 128 947 947 227 129 948 948 224 129 949 949 226 129 950 950 231 130 951 951 228 130 952 952 230 130 953 953 235 131 954 954 232 131 955 955 234 131 956 956 239 132 957 957 236 132 958 958 238 132 959 959 243 133 960 960 240 133 961 961 242 133 962 962 247 134 963 963 244 134 964 964 246 134 965 965 251 135 966 966 248 135 967 967 250 135 968 968 255 136 969 969 252 136 970 970 254 136 971 971 259 137 972 972 256 137 973 973 258 137 974 974 263 138 975 975 260 138 976 976 262 138 977 977 267 139 978 978 264 139 979 979 266 139 980 980 271 140 981 981 268 140 982 982 270 140 983 983 275 141 984 984 272 141 985 985 274 141 986 986 279 142 987 987 276 142 988 988 278 142 989 989 283 143 990 990 280 143 991 991 282 143 992 992 287 144 993 993 284 144 994 994 286 144 995 995 291 145 996 996 288 145 997 997 290 145 998 998 295 146 999 999 292 146 1000 1000 294 146 1001 1001 299 147 1002 1002 296 147 1003 1003 298 147 1004 1004 303 148 1005 1005 300 148 1006 1006 302 148 1007 1007 307 149 1008 1008 304 149 1009 1009 306 149 1010 1010 311 150 1011 1011 308 150 1012 1012 310 150 1013 1013 315 151 1014 1014 312 151 1015 1015 314 151 1016 1016 319 152 1017 1017 316 152 1018 1018 318 152 1019 1019 323 153 1020 1020 320 153 1021 1021 322 153 1022 1022 327 154 1023 1023 324 154 1024 1024 326 154 1025 1025 331 155 1026 1026 328 438 1027 1027 330 155 1028 1028 335 156 1029 1029 332 156 1030 1030 334 156 1031 1031 339 157 1032 1032 336 439 1033 1033 338 157 1034 1034 340 158 1035 1035 342 440 1036 1036 341 159 1037 1037 347 133 1038 1038 344 133 1039 1039 346 133 1040 1040 351 161 1041 1041 348 161 1042 1042 350 162 1043 1043 355 163 1044 1044 352 163 1045 1045 354 163 1046 1046 359 164 1047 1047 356 164 1048 1048 358 164 1049 1049 363 165 1050 1050 362 441 1051 1051 360 166 1052 1052 373 170 1053 1053 372 442 1054 1054 370 171 1055 1055 375 173 1056 1056 374 443 1057 1057 376 174 1058 1058 379 176 1059 1059 378 444 1060 1060 380 177 1061 1061 385 179 1062 1062 382 179 1063 1063 384 179 1064 1064 403 190 1065 1065 402 445 1066 1066 400 191 1067 1067 405 193 1068 1068 404 446 1069 1069 406 194 1070 1070 409 196 1071 1071 408 447 1072 1072 410 197 1073 1073 415 199 1074 1074 412 199 1075 1075 414 199 1076 1076 425 208 1077 1077 424 448 1078 1078 426 209 1079 1079 429 211 1080 1080 428 449 1081 1081 430 212 1082 1082 433 211 1083 1083 432 450 1084 1084 434 212 1085 1085 437 214 1086 1086 436 451 1087 1087 438 215 1088 1088 441 217 1089 1089 440 452 1090 1090 442 218 1091 1091 445 220 1092 1092 444 453 1093 1093 446 221 1094 1094 449 223 1095 1095 448 454 1096 1096 450 224 1097 1097 453 226 1098 1098 452 455 1099 1099 454 227 1100 1100 457 229 1101 1101 456 456 1102 1102 458 230 1103 1103 461 232 1104 1104 460 457 1105 1105 462 233 1106 1106 465 235 1107 1107 464 458 1108 1108 466 236 1109 1109 469 238 1110 1110 468 459 1111 1111 470 239 1112 1112 473 241 1113 1113 472 460 1114 1114 474 242 1115 1115 477 244 1116 1116 476 461 1117 1117 478 245 1118 1118 481 247 1119 1119 480 462 1120 1120 482 248 1121 1121 485 250 1122 1122 484 463 1123 1123 486 251 1124 1124 489 253 1125 1125 488 464 1126 1126 490 254 1127 1127 493 256 1128 1128 492 465 1129 1129 494 257 1130 1130 499 466 1131 1131 500 261 1132 1132 498 260 1133 1133 497 467 1134 1134 496 259 1135 1135 500 261 1136 1136 502 262 1137 1137 501 468 1138 1138 503 263 1139 1139 506 262 1140 1140 505 468 1141 1141 507 263 1142 1142 510 265 1143 1143 509 469 1144 1144 511 266 1145 1145 601 342 1146 1146 602 342 1147 1147 603 342 1148 1148 605 343 1149 1149 606 343 1150 1150 607 343 1151 1151 609 344 1152 1152 610 344 1153 1153 611 344 1154 1154 613 345 1155 1155 614 345 1156 1156 615 345 1157 1157 617 346 1158 1158 618 346 1159 1159 619 346 1160 1160 621 347 1161 1161 622 347 1162 1162 623 347 1163 1163 625 348 1164 1164 626 470 1165 1165 627 348 1166 1166 629 348 1167 1167 630 348 1168 1168 631 348 1169 1169 633 350 1170 1170 634 350 1171 1171 635 350 1172 1172 637 351 1173 1173 638 351 1174 1174 639 351 1175 1175 641 352 1176 1176 642 352 1177 1177 643 352 1178 1178 650 358 1179 1179 651 358 1180 1180 652 358 1181 1181 657 360 1182 1182 658 360 1183 1183 659 360 1184 1184 661 361 1185 1185 662 361 1186 1186 663 361 1187 1187 665 362 1188 1188 666 362 1189 1189 667 362 1190 1190 669 363 1191 1191 670 363 1192 1192 671 363 1193 1193 673 363 1194 1194 674 363 1195 1195 675 363 1196 1196 677 364 1197 1197 678 364 1198 1198 679 364 1199 1199 681 364 1200 1200 682 364 1201 1201 683 364 1202 1202 685 364 1203 1203 686 364 1204 1204 687 364 1205 1205 689 365 1206 1206 690 365 1207 1207 691 365 1208 1208 693 365 1209 1209 694 365 1210 1210 695 365 1211 1211 697 365 1212 1212 698 365 1213 1213 699 365 1214 1214 706 371 1215 1215 707 471 1216 1216 708 371 1217 1217 710 372 1218 1218 711 372 1219 1219 712 372 1220 1220 714 374 1221 1221 715 374 1222 1222 716 374 1223 1223 721 376 1224 1224 722 376 1225 1225 723 376 1226 1226 725 377 1227 1227 726 472 1228 1228 727 377 1229 1229 729 378 1230 1230 730 378 1231 1231 731 378 1232 1232 733 379 1233 1233 734 379 1234 1234 735 379 1235 1235 737 380 1236 1236 738 380 1237 1237 739 380 1238 1238 741 381 1239 1239 742 381 1240 1240 743 381 1241 1241 745 382 1242 1242 746 382 1243 1243 747 382 1244 1244 749 383 1245 1245 750 383 1246 1246 751 383 1247 1247 753 384 1248 1248 754 384 1249 1249 755 384 1250 1250 757 385 1251 1251 758 385 1252 1252 759 385 1253 1253 761 386 1254 1254 762 386 1255 1255 763 386 1256 1256 765 387 1257 1257 766 388 1258 1258 767 387 1259 1259 769 388 1260 1260 770 388 1261 1261 771 388 1262 1262 773 388 1263 1263 774 388 1264 1264 775 387 1265 1265 777 389 1266 1266 778 473 1267 1267 779 389 1268 1268 781 390 1269 1269 782 390 1270 1270 783 390 1271 1271 785 391 1272 1272 786 391 1273 1273 787 391 1274 1274 789 392 1275 1275 790 392 1276 1276 791 392 1277 1277 793 393 1278 1278 794 474 1279 1279 795 393 1280 1280 797 394 1281 1281 798 394 1282 1282 799 394 1283 1283 801 395 1284 1284 802 395 1285 1285 803 395 1286 1286 805 397 1287 1287 806 397 1288 1288 807 397 1289 1289 809 398 1290 1290 810 398 1291 1291 811 398 1292 1292 813 399 1293 1293 814 399 1294 1294 815 399 1295 1295 817 400 1296 1296 818 400 1297 1297 819 400 1298 1298 821 401 1299 1299 822 401 1300 1300 823 401 1301 1301 825 402 1302 1302 826 402 1303 1303 827 402 1304 1304 829 403 1305 1305 830 403 1306 1306 831 403 1307 1307 833 405 1308 1308 834 405 1309 1309 835 405 1310 1310 837 405 1311 1311 838 405 1312 1312 839 405 1313 1313 841 407 1314 1314 842 475 1315 1315 843 407 1316 1316 845 408 1317 1317 846 408 1318 1318 847 408 1319 1319 849 408 1320 1320 850 408 1321 1321 851 408 1322 1322 853 409 1323 1323 854 409 1324 1324 855 410 1325 1325 857 409 1326 1326 858 409 1327 1327 859 410 1328 1328 861 411 1329 1329 862 411 1330 1330 863 411 1331 1331 865 412 1332 1332 866 412 1333 1333 867 412 1334 1334 869 413 1335 1335 870 476 1336 1336 871 413 1337 1337 873 414 1338 1338 874 414 1339 1339 875 414 1340 1340 877 415 1341 1341 878 415 1342 1342 879 415 1343 1343 881 416 1344 1344 882 477 1345 1345 883 416 1346 1346 885 417 1347 1347 886 417 1348 1348 887 417 1349 1349</p>
        </polylist>
      </mesh>
      <extra><technique profile="MAYA"><double_sided>1</double_sided></technique></extra>
    </geometry>
    <geometry id="tree_oak_bush_a200-mesh" name="tree_oak_bush_a200">
      <mesh>
        <source id="tree_oak_bush_a200-mesh-positions">
          <float_array id="tree_oak_bush_a200-mesh-positions-array" count="5133">-7.94036e-4 0.5852298 0.4221236 -0.5445004 -3.17261 2.030552 0.04880523 0.03905475 0.7236425 -1.679586 -2.94726 2.069029 -0.390038 -0.6756259 0.5956271 -0.961924 -0.6620784 3.439775 0.1914268 0.7745625 3.715072 -0.09701824 -0.02470272 0.5922861 3.200906 -0.05330991 1.748337 3.205539 -1.366123 1.702633 0.01443761 -0.01857054 0.541599 1.28658 -0.5569652 1.274294 1.495423 -1.101414 1.11218 -0.2667989 0.04688423 2.110425 -0.5232304 -1.292137 1.9221 -0.422441 0.6646953 1.9584 -0.05222266 -0.7189707 2.290334 0.7434957 -0.3152875 0.4252852 -0.6788859 0.7207312 0.2228302 0.1756932 2.596055 3.497506 1.82569 1.956299 2.911103 0.04082483 -0.07688581 0.3626826 -1.751165 2.445261 1.933208 -2.964165 1.984117 1.152123 0.01856893 -0.05053281 0.7067666 -1.165018 0.8047507 0.9601009 -1.619977 0.5387081 1.315388 0.5289648 1.2863 2.052802 1.132821 0.8153315 2.537719 -0.340164 1.729252 2.301681 -0.1094064 -1.356772 1.697622 -0.6524846 -1.178453 1.688783 0.03414678 -0.6759107 0.6494212 0.4953821 2.687258 0.9041448 0.01844209 -0.04895114 0.8019341 1.500521 2.473611 0.8826696 0.234489 0.777405 0.5558144 2.221014 0.9885658 2.778504 1.907976 -0.6009524 3.316481 0.1357517 0.04282391 0.7068137 -2.427951 -1.720153 2.165834 -3.36348 -0.6366523 1.817161 -0.01418781 -0.009572684 0.7764125 -1.251679 -0.2121832 1.671728 -1.723922 0.1299061 1.509613 0.946331 0.05656713 2.12812 0.6542109 1.444614 1.190509 1.092897 -0.6051279 1.87498 0.7405735 0.8723277 2.449699 -0.1301539 -0.4317159 -0.1150705 0.7936774 0.185855 0.7553622 -0.4390887 -1.24846 3.564161 -0.7690911 -2.242207 2.510203 -0.05092233 0.06988972 0.2427026 0.1775442 -2.080787 2.955893 1.581696 -2.412562 2.495017 -0.006702363 0.01294153 0.3492686 0.5337384 -0.8625457 1.416155 0.9928451 -0.6529067 1.802507 -0.4973816 -0.6968004 1.655596 -1.156989 -0.9103346 1.452888 -0.2444431 -0.2167079 2.24652 0.2614545 1.430232 1.037297 0.7398756 1.261126 1.031651 -1.124177 -0.7481664 1.53987 0.004988431 0.06568217 0.2276305 -0.05911648 -0.01392096 0.2241473 -0.02489149 -0.04811322 0.2226511 0.05478781 0.01593041 0.2254535 0.03745335 0.09785813 -0.3064536 -0.1052556 -0.0297423 -0.3064536 -0.02974224 -0.1052556 -0.3064536 0.09785813 0.03745341 -0.3064536 0.08880591 0.02739107 1.238606 0.06759923 -0.002851665 1.241989 -0.08537322 0.08106362 -0.3064536 0.118875 0.005832016 1.235258 0.03874891 0.03640514 0.7597079 0.06572705 0.01110398 0.7538054 0.02226978 -0.04070812 0.7535129 -0.008822321 -0.01154875 0.7603155 0.05985993 -0.02537769 0.7506441 -0.05471646 0.05363774 0.2271035 0.09560501 -0.02293133 1.238871 0.09639114 -0.0700457 -0.3064536 0.04910707 -0.03734827 0.2231221 0.005526542 0.03004527 0.7630046 0.09553873 0.08978819 1.424895 0.07433205 0.06444621 1.439782 0.1256079 0.0688706 1.43031 0.1023378 0.04496401 1.444826 0.08996582 0.2921949 1.482749 0.06729489 0.273175 1.519217 0.1128549 0.270292 1.509336 0.09179109 0.5070985 1.525244 0.07280486 0.5072985 1.559688 0.11096 0.5012955 1.553503 0.1054566 0.8075769 1.479486 0.09155762 0.8188313 1.502461 0.1197424 0.8125982 1.500177 0.1080789 1.156593 1.290527 0.09660226 1.169816 1.307087 0.1199328 1.164377 1.306317 -0.006039202 -0.008558452 0.697602 0.02048403 -0.02064388 0.7055321 0.005584776 0.01945513 0.7008441 0.03131037 0.005447387 0.7085519 -0.1945225 -0.09982222 0.8457037 -0.182614 -0.1176577 0.8648359 -0.1857587 -0.075064 0.859741 -0.1744518 -0.09459847 0.87791 -0.5165678 -0.1372644 0.9469238 -0.51329 -0.1606465 0.9790672 -0.5111932 -0.1177307 0.9759017 -0.8664653 -0.2255143 0.9406397 -0.8751954 -0.2420601 0.9576687 -0.8757337 -0.2153132 0.9578596 -1.118579 -0.2635121 0.8478268 -1.129113 -0.2778533 0.8595933 -1.129395 -0.2557333 0.8606884 0.08039861 -0.003611683 1.01583 0.08512514 0.01487082 1.05186 0.05807054 -0.02464109 1.03727 0.06432926 -0.004715621 1.071829 0.3063475 -0.08687609 1.122892 0.3091471 -0.06840354 1.142432 0.2839969 -0.09910082 1.134543 0.2883304 -0.07978957 1.153283 0.5554223 -0.2774215 1.155318 0.5673388 -0.2616534 1.187207 0.5383377 -0.2893297 1.181252 0.8497821 -0.4397954 1.124024 0.8659415 -0.4353521 1.140918 0.8490692 -0.4539436 1.139183 1.05154 -0.5709995 1.035156 1.06226 -0.5695686 1.042972 1.05289 -0.5797667 1.042605 0.05322468 0.01404273 0.8726142 0.03281986 0.01525557 0.9078889 0.07537454 -0.007182955 0.8940455 0.0534498 -0.004513621 0.9278499 0.1004716 0.2459117 0.9934663 0.08098167 0.2459999 1.012202 0.114295 0.2242942 1.004706 0.09385669 0.2258661 1.02267 0.26428 0.5101578 1.045792 0.2460546 0.5189766 1.077378 0.2766546 0.4930617 1.071499 0.3591046 0.7545403 0.92513 0.3531286 0.7683825 0.941814 0.3710796 0.7550748 0.9408935 0.4610077 0.9446273 0.8420837 0.4585143 0.9539546 0.8498288 0.4683485 0.9465507 0.8499084 -2.456164 -2.300077 1.622509 -1.189449 -2.14268 2.156009 -1.870723 -2.91834 1.855367 -1.824874 -2.433591 2.029416 -0.2595983 -3.55585 1.713333 -0.5315617 -2.271791 2.150589 0.2242574 -2.823365 1.620804 -0.1537959 -2.846348 1.972832 -1.284954 -4.191087 2.018915 -0.5319687 -2.85363 1.9935 -2.110214 -3.76032 1.979899 -1.420344 -2.402989 1.951432 -0.8375588 -3.38465 2.144364 -0.9312282 -2.470769 2.382607 -1.635564 -2.803279 2.238889 -1.280959 -3.136147 2.378997 -1.560149 -3.68992 2.281305 -1.857782 -2.675711 1.896956 -1.918065 -2.121533 1.902035 -2.592484 -2.225772 1.873003 -2.502167 -2.713434 2.120352 -0.9161387 -3.533352 1.978966 -1.361913 -3.589401 2.30899 -1.391996 -4.240718 2.105444 -0.8457046 -4.211715 2.016691 -1.75969 -3.845123 1.966046 -1.737054 -3.684786 2.463477 -0.6925621 -2.773576 1.927652 -0.8608306 -2.688222 2.403074 -1.214369 -3.627795 2.045938 -0.8904925 -3.28297 2.031404 -0.8948341 -3.245747 2.545411 -1.218743 -3.590292 2.56381 -1.722774 -2.299514 1.658372 -1.602027 -2.32384 2.166788 -1.800384 -3.78112 1.953795 -1.589533 -3.632323 2.395414 -1.977023 -2.792645 1.866145 -1.987652 -3.257333 1.955383 -1.765736 -3.205482 2.475237 -1.917075 -2.704992 2.374416 -0.5257272 -1.299101 1.914235 -1.251068 -1.104718 1.742021 -0.3121878 -3.174811 2.146341 -1.718091 -2.68281 2.192736 0.2188748 -1.614481 1.69235 -0.7472149 -2.079287 2.206553 -0.3293594 -2.010103 2.850618 -1.176389 -0.9489362 1.79635 -0.5151903 -3.032774 1.975824 -1.178047 -2.467546 2.180768 -0.6658926 -2.668876 2.698274 -0.9841256 -1.731664 2.689381 -1.247618 -1.487941 2.200039 -0.7557679 -1.664026 2.606626 -1.526723 -2.95788 2.216417 -0.2346901 -1.635224 1.493265 -0.2946808 -2.324781 1.913937 -0.1884343 -1.728271 2.230722 -0.7362406 -2.323992 2.614899 -0.9685066 -2.730776 2.328068 -1.665813 -2.427687 1.902371 -1.505912 -2.299413 2.314184 -0.4207302 -2.896022 1.896913 -0.3918968 -2.648122 2.27111 -1.288105 -2.765228 2.024084 -0.8947238 -2.900991 2.017638 -0.8421136 -2.791837 2.454335 -1.235099 -2.655252 2.464065 -1.203799 -1.390754 1.5241 -1.097325 -1.37897 1.971467 -1.271838 -2.670793 1.879727 -1.086173 -2.511543 2.257188 -1.427243 -1.809663 1.738573 -1.436526 -2.211355 1.847108 -1.383916 -2.102201 2.283805 -1.374237 -1.699688 2.178555 -0.578181 -2.914967 1.863881 -0.5427207 -2.699958 2.269006 -0.03441792 -1.746643 1.533822 -0.1350854 -1.649423 1.961283 -0.1880414 -2.573286 1.814321 -0.02927702 -2.203065 1.709667 0.02333313 -2.09391 2.146363 -0.1350358 -2.46331 2.254302 -0.8179504 -1.251853 1.859016 -0.2814205 -1.363083 1.961661 -0.1260235 -0.8866432 1.497542 -0.6109653 -0.647059 1.618304 1.550461 2.11609 0.6593582 0.4179943 1.75004 1.364688 0.7785289 2.538597 0.7287939 0.9078145 2.169352 1.066906 -0.951926 2.490288 0.5690845 -0.2421246 1.636612 1.394545 -1.138349 1.659185 0.8008779 -0.7988613 1.938504 1.073101 -0.2283236 3.500385 0.5030328 -0.4489859 2.080643 1.043463 0.6971331 3.393411 0.5179311 0.5425454 1.976751 1.054826 -0.3571574 2.699114 0.9586707 0.0558508 2.03047 1.490696 0.5952208 2.502667 1.153924 0.1426502 2.722289 1.209798 0.2051299 3.258708 0.8896319 0.8532115 2.340181 0.8545704 1.108852 1.883876 1.047459 1.70088 2.191586 0.9012806 1.437641 2.674469 0.9697014 -0.3350699 2.792444 0.7431592 0.05599796 3.115056 0.9750222 -0.1475405 3.611811 0.5527005 -0.6454794 3.368539 0.5474 0.3398094 3.342714 0.5180169 0.3694642 3.382198 1.038804 -0.2694391 2.041344 0.9909911 -0.08837872 2.202062 1.44156 -0.09179061 3.000056 0.7354949 -0.2696012 2.587077 0.8832895 -0.2593259 2.748219 1.372713 -0.08143746 3.16241 1.228598 0.8660079 1.88049 0.7825011 0.7375165 2.05032 1.260315 0.4009805 3.296652 0.5242608 0.2516804 3.261503 1.012216 0.9227862 2.470078 0.7701469 0.7641918 2.908319 0.687659 0.5685821 2.982346 1.215334 0.8913201 2.563741 1.279906 0.1058515 0.7063491 1.519228 0.8548694 0.7199684 1.339372 -0.7717548 2.340607 1.098788 0.7162144 2.409361 1.143528 -0.6991878 0.6436326 1.293157 0.02756202 1.564308 1.488019 -0.3463268 1.603327 2.160992 0.8405195 0.580395 1.453871 -0.5288741 2.223083 0.9659054 0.2900772 2.035993 1.274417 -0.267386 2.229466 1.746065 0.3669574 1.524534 2.029608 0.7073183 1.220703 1.629451 0.1794312 1.357859 2.00463 0.4383518 2.590927 1.091833 -0.2807603 0.7409357 1.045697 -0.4788741 1.5138 1.185281 -0.3676947 1.080832 1.702623 -0.07645595 1.924322 1.781816 -0.002201616 2.247307 1.343799 0.7633302 2.062946 0.9705849 0.6545894 2.051662 1.417419 -0.5666678 2.04352 0.9525078 -0.5095558 1.959291 1.390632 0.2877824 2.271911 1.010571 -0.1279682 2.253469 1.004787 -0.1438507 2.304339 1.454839 0.2717805 2.323162 1.464008 0.7108564 0.8696673 1.042066 0.6095292 0.9903635 1.474244 0.3086141 2.130967 0.91197 0.1874679 2.071381 1.341018 0.7655204 1.387215 1.065885 0.6280759 1.777793 1.023691 0.6121935 1.828662 1.473743 0.749518 1.438467 1.519322 -0.4261453 2.100905 0.8959277 -0.3874862 2.05438 1.351947 -0.5082588 0.7844409 1.068493 -0.3853206 0.8941067 1.487024 -0.666414 1.655118 1.018224 -0.6797979 1.242519 1.071191 -0.6956804 1.293388 1.521242 -0.6824153 1.70637 1.47166 0.3962345 0.7439503 1.448944 -0.1457464 0.6965277 1.570519 -0.1127393 0.05918538 1.327096 0.4242001 0.06164467 1.464364 2.309445 -2.021569 1.100954 1.836004 -0.7855622 1.503576 2.762618 -1.316207 1.3772 2.256045 -1.357413 1.4724 3.105583 0.3795123 1.20625 1.840341 -0.1161773 1.465901 2.321146 0.7061487 0.9671275 2.35621 0.3573377 1.347229 3.861338 -0.4862279 1.683312 2.429861 -0.01069849 1.398413 3.602791 -1.380559 1.645087 2.16422 -0.9708815 1.359158 2.976587 -0.1991763 1.650789 2.069465 -0.4576451 1.755832 2.545351 -1.089717 1.719436 2.779655 -0.6706374 1.879594 3.383895 -0.840852 1.888344 2.518306 -1.348841 1.380767 1.991495 -1.515736 1.307362 2.221981 -2.157471 1.347394 2.637796 -1.961904 1.65724 3.162096 -0.2551588 1.516267 3.245307 -0.6649258 1.884967 3.915198 -0.5772154 1.784451 3.800449 -0.05202388 1.649694 3.622402 -1.021317 1.616609 3.382071 -1.006327 2.081016 2.392659 -0.1868183 1.334127 2.263888 -0.3452798 1.803098 3.297927 -0.5256407 1.619881 2.906159 -0.276332 1.528365 2.787456 -0.2629549 2.029702 3.178331 -0.5121636 2.124987 2.16743 -1.301514 1.078576 2.086154 -1.153868 1.573806 3.569881 -1.074257 1.59813 3.314983 -0.8753445 1.994472 2.6587 -1.444333 1.377318 3.096581 -1.359789 1.535824 2.920902 -1.12734 2.022946 2.480157 -1.378092 1.860382 0.9348444 -0.3116247 1.086561 0.90855 -1.06842 0.9446762 2.675708 0.2746443 1.579963 2.451341 -1.196291 1.662361 1.138818 0.4685548 0.8566817 1.684561 -0.3622676 1.509122 1.43568 0.06475704 2.10066 0.7349276 -1.023018 0.9689769 2.603261 0.03982251 1.406553 2.144753 -0.7098313 1.575824 2.161168 -0.1437974 2.075809 1.313079 -0.6387665 1.951435 1.205011 -0.9681162 1.453304 1.218716 -0.4322674 1.841781 2.678714 -0.9540306 1.71193 1.275128 0.01864862 0.6992326 1.886299 0.1147466 1.222003 1.237063 0.1178196 1.43636 1.853434 -0.2840152 1.947421 2.337223 -0.4460913 1.744023 2.241523 -1.208901 1.333804 2.020777 -1.05734 1.707854 2.466052 0.1018617 1.30084 2.159706 0.09987533 1.630169 2.479068 -0.76717 1.474718 2.538943 -0.3556464 1.457818 2.352535 -0.3042529 1.867693 2.291258 -0.7153899 1.887675 1.212417 -0.9768782 0.7691053 1.108691 -0.8532122 1.199872 2.407959 -0.7766442 1.316999 2.158 -0.6075499 1.650521 1.624963 -1.103672 1.060894 1.998404 -1.029162 1.22886 1.811996 -0.9777689 1.638735 1.437152 -1.051892 1.473852 2.518898 -0.05028128 1.283502 2.238186 -0.03786301 1.647727 1.339496 0.2385305 0.7401811 1.194504 0.141654 1.154791 2.123607 0.2628561 1.15273 1.75239 0.341104 0.9815626 1.565982 0.3924975 1.391437 1.935796 0.3146356 1.565688 0.9520614 -0.6097756 1.048017 0.9439743 -0.05752635 1.123701 0.5287728 -0.02070099 0.5825903 0.3666504 -0.5366311 0.7037724 -0.4191195 -1.085654 3.28547 -0.9282318 -0.8643105 3.1589 -0.1863409 -2.306457 2.628578 -1.237012 -1.976984 2.651981 0.1701899 -1.205527 3.135805 -0.5753957 -1.666793 3.076194 -0.4634521 -1.010899 2.869542 -0.5569012 -0.4659752 2.733406 -1.047691 -1.901143 1.951838 -1.422143 -0.8663167 1.907913 -0.163414 -1.545951 2.781497 -0.929158 -1.226531 2.49197 3.036779 1.023263 2.719856 1.893875 0.854665 2.6672 3.160694 0.3323436 2.719856 2.03506 0.1169248 2.6672 2.347027 0.9215123 2.794276 1.966854 0.4733255 2.843394 2.474011 0.2009297 2.794276 2.424364 0.5509711 2.917815 2.79333 0.6166266 2.893007 2.310824 0.2292181 3.072475 1.367941 0.1683592 2.40562 2.378169 -0.4694592 3.07871 1.447319 -0.5784763 2.416996 1.684751 0.1877896 2.759481 1.314344 -0.2254784 2.559923 1.753092 -0.5406785 2.764787 1.66368 -0.1933742 2.87268 1.991127 -0.1607084 3.053714 -0.3045006 2.746599 3.098427 -0.04381817 1.823855 2.532064 0.3641253 2.959156 3.120361 0.6699728 2.057453 2.543441 -0.1201224 2.107787 2.925185 0.3525288 1.85369 2.686367 0.5780102 2.326755 2.93049 0.2570367 2.166783 3.038383 0.1407802 2.518863 3.165225 -2.687201 2.5925 1.497319 -2.109375 1.649868 1.364121 -2.109804 2.989133 1.452374 -1.492921 2.074573 1.30243 -2.31657 2.02406 1.605022 -1.763084 1.854455 1.505602 -1.710248 2.42893 1.543237 -1.990041 2.232756 1.696495 -2.212999 2.553506 1.665293 -3.177372 1.321259 0.7734842 -2.108469 1.056421 0.9392862 -3.03783 2.009151 0.7660427 -1.956578 1.791721 0.9179211 -2.569058 1.177245 1.058628 -2.04838 1.445389 1.103246 -2.410674 1.891313 1.039025 -2.511587 1.555224 1.169856 -2.872392 1.626789 1.034715 -3.432544 -1.376002 1.553523 -2.339748 -1.240032 1.719325 -3.548888 -0.6838079 1.546082 -2.46156 -0.4991543 1.69796 -2.813038 -1.292361 1.838667 -2.4231 -0.8553768 1.883285 -2.921175 -0.5689764 1.819064 -2.894892 -0.9189029 1.949894 -3.25737 -0.9814444 1.814754 1.82681 -3.090919 2.231886 1.469081 -2.04942 2.397688 1.173322 -3.347084 2.224444 0.7690719 -2.320944 2.376323 1.617594 -2.501841 2.51703 1.109779 -2.210071 2.561647 0.9318934 -2.756387 2.497427 1.268942 -2.658725 2.628257 1.404669 -3.000603 2.493116 -2.039134 -0.7431043 0.3511343 -0.9871324 -0.6470919 0.7036333 -2.136407 -0.0479449 0.3549051 -1.086309 0.09741127 0.6949272 -1.474862 -0.6897042 0.7395125 -1.087983 -0.266887 0.8681431 -1.561271 0.03683978 0.7340603 -1.565598 -0.3186368 0.8518429 -1.901425 -0.364725 0.6552191 -0.4928176 1.752823 2.724195 -0.525785 0.6434251 2.632917 0.2071764 1.767039 2.673904 0.2221474 0.6591268 2.565486 -0.4928486 1.078764 2.857371 -0.1230311 0.6304509 2.772243 0.235748 1.083415 2.790394 -0.1047298 1.078151 2.946284 -0.1160831 1.467172 2.900482 2.043431 2.685832 2.579944 1.119127 2.071412 2.488666 2.459684 2.122868 2.529653 1.564303 1.47019 2.421235 1.493394 2.296196 2.713119 1.341364 1.735273 2.627992 1.918376 1.704365 2.646142 1.717258 1.979145 2.802032 2.028128 2.213294 2.75623 2.165814 -2.537728 1.891136 1.064655 -1.710236 2.020248 2.130733 -1.655695 1.891136 1.736212 -1.93479 2.075079 -1.158436 -3.329649 1.418807 -0.5170466 -2.327709 2.124995 -0.2931349 -3.193786 1.528388 -0.6367884 -2.96797 1.841892 -3.595414 -1.921464 1.867297 -2.735133 -0.8383054 1.892791 -2.71343 -1.911638 1.832345 -2.974809 -1.498205 2.000068 -2.938544 0.4637333 1.551068 -1.648452 -0.03524237 1.576561 -2.666698 -0.3753687 1.516115 -2.349778 -0.002801239 1.683839 0.2803961 -3.30223 2.629929 0.506971 -1.937686 2.655423 1.046803 -2.865638 2.594976 0.6176368 -2.630985 2.7627 -1.193956 -2.724303 3.16787 -0.5433092 -1.503659 3.193364 -0.3282316 -2.555445 3.132917 -0.6599393 -2.19598 3.300641 -1.860075 -0.906694 1.909744 -2.172788 -0.4412562 1.810809 -2.626312 -2.084797 1.878027 -3.20193 -1.151006 1.976565 -1.568713 -1.414857 1.707427 -2.367744 -1.268091 2.042429 -1.051809 -0.186006 1.563131 -1.253442 0.287189 1.318918 -2.076812 -1.041073 2.003906 -2.386838 -0.006669342 1.787335 -0.9265428 -0.79263 1.54391 -1.605948 -0.3240396 1.845653 -1.328988 1.244105 1.213276 -1.059169 1.710224 1.028503 -2.713967 1.297201 0.97861 -2.186863 2.261637 0.9076471 -1.606804 0.7012408 1.102958 -1.901742 1.523 1.202662 -0.7020993 0.5604222 0.7645922 -0.4872524 1.07475 0.6483297 -2.029798 0.6242778 1.221969 -1.475132 1.57532 1.251556 -1.064054 0.07989531 0.6158104 -1.18151 0.795379 1.112303 0.2585996 0.503975 1.060784 0.7391683 0.2303724 0.9251165 0.1584389 1.756979 0.4314947 1.166193 1.312686 0.4386931 -0.3147321 0.6916196 0.9188957 0.4770295 1.068611 0.8622446 1.064115 1.592535 2.441662 1.538667 1.31264 2.297893 0.9357624 2.816055 1.761529 1.943323 2.371559 1.745348 0.4850294 1.774161 2.316271 1.273255 2.147455 2.208708 1.124974 1.331459 2.482565 1.010578 0.7786664 2.408101 2.035416 1.82397 1.531466 1.99256 0.7268843 1.618548 1.052728 1.924886 2.319238 1.651129 1.31175 2.123794 0.4465724 1.636001 2.437731 0.4687238 2.184666 2.28711 -0.64199 0.9632694 1.855905 -0.7027125 2.062789 1.836285 0.5352847 1.036367 2.308811 -0.161043 1.569977 2.257767 -0.2965698 -0.02732378 2.209177 0.01556801 0.432406 2.084958 -1.677301 0.2314034 2.157246 -1.032555 1.122921 2.207382 -0.6551755 -0.5007709 2.032258 -0.8242337 0.3119346 2.320608 -0.929261 0.210673 2.266022 -0.9744438 0.7659193 2.148241 -1.925059 -0.5546568 1.634583 -2.120697 0.5282791 1.679208 -0.767009 -0.3647469 2.102877 -1.523617 0.08141106 2.076352 -0.9005609 0.5181161 2.272837 -0.4150795 0.7942472 2.162061 -1.979068 1.002607 1.512476 -1.099011 1.663376 1.55608 -1.332614 0.101648 2.118128 -1.264405 0.9712608 2.011645 -1.582781 0.4001564 1.9718 -1.410394 0.9379236 1.89899 -2.070704 -0.1724544 0.7843218 -1.990581 0.9259863 0.7793474 -1.492548 -0.2095418 1.907176 -1.919803 0.393006 1.431143 -0.150826 0.5952728 2.660453 0.2267557 0.9882027 2.495378 -1.478701 1.035007 2.521035 -0.7144629 1.827516 2.491249 -0.5690993 0.1580594 2.526506 -0.6270687 1.015752 2.708773 0.7462453 0.01603573 1.843152 0.9295431 -0.5217718 1.806047 1.616083 0.8291448 2.590343 1.759571 -0.2554274 2.71735 0.7774299 0.610526 1.670936 1.126533 0.1536605 2.335481 0.6044521 -1.320151 1.869522 0.1137808 -1.603005 1.810813 1.632654 -2.129911 2.382502 0.6129533 -2.526022 2.510261 1.17769 -1.186739 1.675482 0.8541915 -1.755111 2.262444 0.4311231 -0.932383 1.506508 -0.07687455 -1.179008 1.433534 1.494055 -1.770653 1.127646 0.5267328 -2.2753 1.278088 0.9320388 -0.6488972 1.276789 0.7478169 -1.484458 1.477094 0.4214917 -1.313606 1.471828 -0.04017895 -1.051345 1.266181 0.6104804 -2.587666 0.9087 -0.393559 -2.15626 0.7715635 1.009647 -1.499069 1.410762 0.23445 -1.887936 1.269077 -0.855845 -0.7782968 1.125013 -1.16927 -0.3531659 0.9123163 -1.586318 -1.972725 1.250739 -2.191578 -1.062058 1.118994 -0.5342482 -1.302614 1.049393 -1.364664 -1.129536 1.278901 -1.00555 -1.096984 1.168435 -1.513756 -0.8829313 1.026596 -0.8240553 -2.407837 0.6943235 -1.865519 -2.049635 0.7019034 -0.4248398 -1.254018 1.019543 -1.182294 -1.698235 1.05352 -0.6236498 1.007633 2.706919 -0.1983271 1.371359 2.601967 -1.760619 1.270895 1.923305 -1.02505 2.088932 1.975884 -0.964542 0.5148711 2.54871 -1.06284 1.380696 2.435107 -0.06801593 -1.267291 3.177194 -0.3543407 -1.748138 3.072242 1.093355 -1.152298 2.393581 0.6587414 -2.16292 2.446159 0.09697866 -0.6912711 3.018985 0.4675674 -1.479928 2.905383 -0.3465023 0.07613307 3.332406 0.1386393 -0.2028538 3.227454 -0.4791251 1.235623 2.548793 0.5379834 0.8164128 2.601371 -0.9249618 0.232358 3.174197 -0.1420255 0.6148849 3.060595 0.2981595 -0.03694581 1.225171 0.6905285 -0.4268046 1.090011 0.8636844 1.122236 1.784218 1.521374 0.2389898 1.765862 0.001248657 0.4941106 1.107384 0.6926051 0.2852331 1.607997 0.6324395 -0.0902341 1.333049 0.5351758 -0.6483568 1.276039 1.701463 0.352526 0.5347967 1.646109 -0.7370314 0.6858492 0.5900366 0.4900972 1.119816 1.215806 -0.1255245 1.079316 -0.1466658 -0.3670091 1.217386 -0.6975471 -0.4212556 1.083974 0.6709071 -1.25032 0.491169 -0.4030314 -1.494599 0.4910536 0.4235676 -0.1632024 1.085678 0.01126128 -0.9295107 0.963234 -0.4332908 -0.603133 0.9337797 -0.8568052 -0.5694638 0.5546846 -0.809307 -1.294517 2.098536 -1.642125 -0.9534264 1.463644 0.01530295 -0.9247621 1.215506 -0.8228859 -0.75235 1.415332 -0.4185391 -0.09279447 1.092241 -0.4747902 0.4606894 0.9709873 -1.6331 -0.6826602 1.483341 -1.613695 0.4181954 1.510849 -0.492021 -0.6892176 0.9408102 -0.9704734 -0.1202114 1.409354 -0.1090992 0.2273964 1.152918 0.3957312 0.4611796 1.031665 -1.063008 1.18299 1.544018 -0.01608073 1.523874 1.571527 -0.6968535 0.1022338 1.001488 -0.3151211 0.7401723 1.470031 0.9012455 2.1872 2.117901 1.463387 2.197616 2.027902 0.1853265 2.872431 1.120916 1.263801 3.092097 1.161629 0.3372806 1.965753 1.987685 0.7881239 2.670232 1.718116 1.538232 2.262831 1.962533 1.730013 1.734313 1.872534 1.954896 3.161983 0.9655476 2.511765 2.212637 1.006261 1.146189 2.72478 1.832317 1.958661 2.526188 1.562748 -0.5012027 -0.1760953 2.52948 -0.7059016 -0.6958786 2.419319 0.8941954 -0.104981 2.374992 0.4803087 -1.122531 2.454405 -0.2766978 0.3682551 2.336268 0.09767979 -0.3828094 2.596963 0.2986143 -0.276407 2.509951 0.4631323 -0.811841 2.407697 1.105797 0.6679512 1.852149 1.531288 -0.345193 1.926406 0.01578724 0.2453046 2.331411 0.8511018 -0.02700787 2.313734 0.4950595 -0.6433701 2.454267 0.1536209 -1.087725 2.353374 1.577715 -0.584437 1.559592 1.052974 -1.551882 1.600993 0.699397 -0.07583481 2.312136 0.9771054 -0.8860704 2.115634 0.2740902 -0.7589863 2.472479 -0.166331 -1.084798 2.62768 1.339509 -1.511158 1.947901 0.5919775 -2.086292 2.516613 0.6125647 -0.4813021 2.03387 0.6819125 -1.248262 2.457167 0.3395577 -1.33709 2.5074 -0.2105454 -1.197293 2.462065 0.708091 -2.361278 1.617859 -0.3751388 -2.244643 1.779186 0.9215031 -1.316343 2.295361 0.2643563 -1.892675 2.204724 -0.5720206 -0.1908745 3.502466 -0.8396086 -0.58864 3.392304 0.6204974 -0.3866895 3.382987 0.08143532 -1.169731 3.421997 -0.2789295 0.2309247 3.351477 -0.1060956 -0.4780682 3.560653 -0.566455 -0.1874103 3.498201 -0.6798313 0.2802917 3.396434 -1.389839 -0.9685853 3.066317 -1.674813 -0.06207394 3.114179 -0.3794741 -0.6657924 3.347193 -1.083938 -0.3749032 3.436223 -0.9634419 -0.1010175 3.382032 -0.6858546 0.3036953 3.348737 -1.707124 -0.2326626 2.43107 -1.334653 0.6361556 2.539169 -1.07323 -0.6048123 3.237975 -1.350826 0.07958191 3.029752 -1.160629 -0.5889082 3.302866 -1.469297 -0.2073691 3.269571 -1.246687 -1.339233 2.351904 -1.973082 -0.7343127 2.460003 -0.7091146 -0.8379014 3.15881 -1.444268 -0.9086447 2.950587 -1.28578 -0.466957 3.26141 -1.214392 0.01553338 3.197667 -1.51011 -1.044412 2.216927 -1.606901 -0.09834253 2.187797 -1.112233 -0.9724856 3.230797 -1.559283 -0.5365272 2.784818 -1.369589 -0.06436169 2.803858 -1.346174 0.4228431 2.740299 -1.961184 -0.6217202 1.901589 -2.095985 0.3185123 1.956865 -1.203353 -0.5591045 2.68465 -1.804132 -0.1339709 2.46754 -0.3272717 -0.4600014 3.502656 -0.7449526 -0.6941464 3.390074 0.6497395 -0.997802 3.022094 -0.1384068 -1.53035 3.044045 0.07677447 -0.135582 3.368071 -0.001744866 -0.897881 3.407383 0.2298514 -0.3948383 3.444087 0.3949531 -0.8515018 3.365629 0.5520289 0.3729099 2.56007 1.038661 -0.4442448 2.58675 -0.1151275 0.001062214 3.339841 0.6006268 -0.1537619 3.110633 1.320729 -0.213518 2.565143 1.066817 -0.6254691 2.476936 2.510337 -0.420753 2.694013 1.953312 -1.188708 2.766345 1.646351 0.1782884 2.400604 1.754798 -0.4740427 2.789853 -0.251775 -0.419486 0.7271957 -0.7599803 -0.2054329 0.5853577 -0.07028025 -1.730339 0.2530851 -1.111744 -1.372137 0.2606649 0.3289362 -0.5765193 0.5783043 -0.428518 -1.020737 0.6122818 -0.08459949 0.00368911 0.7628603 -0.3086141 -0.4996296 0.6189966 1.084581 0.2971499 0.03970527 0.769195 -0.7578586 0.01732635 0.01798188 0.6031873 0.6439791 0.4821614 -0.1297603 0.5041704 0.01040834 -0.04389923 0.8149319 0.5061137 -0.3072329 0.7193241 -0.1935923 1.046154 -0.048913 0.8432955 0.6795673 0.01017379 -0.5779837 0.07309234 0.6594906 0.183243 0.4818233 0.4991913 -0.00518608 -7.67466e-4 0.6397867 -0.2759863 0.4908988 0.544179 -0.4309346 -1.024764 -0.2240581 -1.098198 -0.1505325 -0.1649713 0.4232727 -0.4206665 0.4843454 -0.4375317 -0.3462144 0.3240461 2.286825 0.9154347 3.018293 1.366883 0.7985199 2.327305 2.444941 0.234068 2.959449 1.543178 0.07068383 2.269263 1.674789 0.8241471 2.688553 1.363702 0.3879094 2.442105 1.837802 0.1136018 2.625967 1.702615 0.4342534 2.764398 2.021104 0.4911619 2.955156 -7.94036e-4 0.5852298 0.4221236 -0.5445004 -3.17261 2.030552 0.04880523 0.03905475 0.7236425 -1.679586 -2.94726 2.069029 -0.390038 -0.6756259 0.5956271 -0.961924 -0.6620784 3.439775 0.1914268 0.7745625 3.715072 -0.09701824 -0.02470272 0.5922861 3.200906 -0.05330991 1.748337 3.205539 -1.366123 1.702633 0.01443761 -0.01857054 0.541599 1.28658 -0.5569652 1.274294 1.495423 -1.101414 1.11218 -0.2667989 0.04688423 2.110425 -0.5232304 -1.292137 1.9221 -0.422441 0.6646953 1.9584 -0.05222266 -0.7189707 2.290334 0.7434957 -0.3152875 0.4252852 -0.6788859 0.7207312 0.2228302 0.1756932 2.596055 3.497506 1.82569 1.956299 2.911103 0.04082483 -0.07688581 0.3626826 -1.751165 2.445261 1.933208 -2.964165 1.984117 1.152123 0.01856893 -0.05053281 0.7067666 -1.165018 0.8047507 0.9601009 -1.619977 0.5387081 1.315388 0.5289648 1.2863 2.052802 1.132821 0.8153315 2.537719 -0.340164 1.729252 2.301681 -0.1094064 -1.356772 1.697622 -0.6524846 -1.178453 1.688783 0.03414678 -0.6759107 0.6494212 0.4953821 2.687258 0.9041448 0.01844209 -0.04895114 0.8019341 1.500521 2.473611 0.8826696 0.234489 0.777405 0.5558144 2.221014 0.9885658 2.778504 1.907976 -0.6009524 3.316481 0.1357517 0.04282391 0.7068137 -2.427951 -1.720153 2.165834 -3.36348 -0.6366523 1.817161 -0.01418781 -0.009572684 0.7764125 -1.251679 -0.2121832 1.671728 -1.723922 0.1299061 1.509613 0.946331 0.05656713 2.12812 0.6542109 1.444614 1.190509 1.092897 -0.6051279 1.87498 0.7405735 0.8723277 2.449699 -0.1301539 -0.4317159 -0.1150705 0.7936774 0.185855 0.7553622 -0.4390887 -1.24846 3.564161 -0.7690911 -2.242207 2.510203 -0.05092233 0.06988972 0.2427026 0.1775442 -2.080787 2.955893 1.581696 -2.412562 2.495017 -0.006702363 0.01294153 0.3492686 0.5337384 -0.8625457 1.416155 0.9928451 -0.6529067 1.802507 -0.4973816 -0.6968004 1.655596 -1.156989 -0.9103346 1.452888 -0.2444431 -0.2167079 2.24652 0.2614545 1.430232 1.037297 0.7398756 1.261126 1.031651 -1.124177 -0.7481664 1.53987 -2.625781 1.393539 1.365613 -2.266541 0.157457 1.872576 -3.136965 0.6962313 1.54356 -2.662549 0.733258 1.745881 -3.456329 -0.9977012 1.317917 -2.271137 -0.5122415 1.840998 -2.642946 -1.335288 1.257456 -2.75505 -0.9817021 1.617714 -4.286378 -0.1185894 1.611925 -2.833345 -0.6123427 1.648345 -4.014325 0.7724846 1.622429 -2.553307 0.3444888 1.658777 -3.419308 -0.415224 1.774519 -2.553245 -0.1650276 2.071249 -3.00187 0.471508 1.926805 -3.270613 0.05680274 2.036225 -3.860192 0.2334076 1.912278 -2.898829 0.7263515 1.599681 -2.366542 0.8868666 1.640643 -2.59204 1.531397 1.623893 -3.067541 1.343824 1.838058 -3.570555 -0.3588871 1.602489 -3.726413 0.0560165 1.940625 -4.3597 -0.02586621 1.698152 -4.225187 -0.5537695 1.596283 -4.031875 0.4131577 1.593675 -3.89803 0.4011003 2.099242 -2.780866 -0.437386 1.592034 -2.754705 -0.2747958 2.076292 -3.722146 -0.08580684 1.671724 -3.323063 -0.340247 1.669562 -3.315927 -0.34899 2.18481 -3.714955 -0.09461498 2.190845 -2.491468 0.6718283 1.381145 -2.521254 0.5291513 1.883553 -3.975929 0.4653268 1.586531 -3.815465 0.2684192 2.030495 -3.033917 0.8232573 1.565016 -3.496773 0.7451526 1.625644 -3.433728 0.516603 2.141371 -2.965081 0.7608179 2.075878 -1.302566 -0.3307151 1.665099 -1.236537 0.4240505 1.525347 -3.116287 -0.8929572 1.77492 -2.896383 0.5764198 1.890481 -1.461831 -1.111361 1.40365 -2.125294 -0.2673017 1.914688 -2.015879 -0.689944 2.549992 -1.07289 0.377126 1.587107 -3.005023 -0.6609518 1.619182 -2.584547 0.08580511 1.876899 -2.716054 -0.4741317 2.366618 -1.854926 0.01046514 2.424431 -1.637363 0.3328116 1.958552 -1.741692 -0.1982781 2.339727 -3.13216 0.3371434 1.891826 -1.555071 -0.6619315 1.216285 -2.266121 -0.7455137 1.595064 -1.678807 -0.7528543 1.945026 -2.386059 -0.3386479 2.306681 -2.812217 -0.1739228 2.001808 -2.620248 0.5829893 1.615092 -2.487692 0.4335232 2.029462 -2.848977 -0.725654 1.546285 -2.621221 -0.7230092 1.934137 -2.888276 0.145443 1.705232 -2.948304 -0.2656026 1.679536 -2.855752 -0.3141354 2.120518 -2.795027 0.0965451 2.149531 -1.496312 0.3336365 1.288952 -1.489917 0.2139478 1.733076 -2.784584 0.1523265 1.566589 -2.614958 -0.01545047 1.947885 -1.960608 0.4681397 1.483242 -2.36248 0.3995051 1.566975 -2.269927 0.3509724 2.007957 -1.86736 0.4192413 1.927541 -2.894873 -0.5731811 1.516513 -2.699881 -0.5842628 1.933008 -1.629572 -0.8806346 1.244329 -1.576588 -0.7804278 1.679599 -2.484662 -0.8919387 1.477379 -2.086214 -0.9760575 1.391439 -1.993662 -1.02459 1.832421 -2.391413 -0.9408361 1.921678 -1.30723 -0.03287267 1.621007 -1.322756 -0.5842518 1.701708 -0.8007278 -0.6317453 1.26378 -0.6621415 -0.1161522 1.412475 1.798294 3.145092 1.898599 0.7009353 2.472221 2.405562 0.9907582 3.454014 2.076546 1.151738 3.006211 2.278867 -0.7273837 3.314771 1.850903 0.05379033 2.299823 2.373983 -0.8382205 2.441116 1.790442 -0.5267837 2.642604 2.1507 -0.09864079 4.347486 2.144911 -0.191206 2.815648 2.18133 0.8326433 4.320371 2.155415 0.8056107 2.798193 2.191763 -0.155803 3.432863 2.307505 0.3141928 2.663599 2.604235 0.8096814 3.264377 2.459791 0.3387337 3.414081 2.569211 0.353396 4.029368 2.445264 1.082688 3.232282 2.132667 1.378054 2.761268 2.173629 1.940169 3.148948 2.156878 1.6337 3.558048 2.371044 -0.1414014 3.593618 2.135475 0.217624 3.853498 2.47361 -0.02856844 4.442689 2.231137 -0.5022193 4.17356 2.129269 0.481435 4.24242 2.126661 0.5051465 4.110141 2.632228 -0.008601605 2.811228 2.12502 0.155126 2.828926 2.609278 0.08196073 3.811933 2.204709 -0.05807393 3.359831 2.202548 -0.06462228 3.350639 2.717795 0.07536369 3.802673 2.723831 1.137661 2.824981 1.91413 0.9921828 2.816038 2.416538 0.5465247 4.202235 2.119516 0.398975 3.995473 2.563481 1.140486 3.388163 2.098002 0.9429383 3.813969 2.15863 0.7391464 3.692815 2.674357 1.098437 3.305284 2.608864 0.4846203 1.413557 2.198085 1.230034 1.549163 2.058333 -0.5365709 3.014454 2.307906 0.9387233 3.190334 2.423467 -0.3103742 1.361045 1.936635 0.3285466 2.223831 2.447674 -0.05020618 2.006703 3.082977 1.227985 1.378933 2.120093 -0.2834205 2.968398 2.152167 0.5478586 2.760022 2.409884 -0.02693009 2.739013 2.899604 0.6678447 2.036401 2.957417 1.036197 1.911673 2.491538 0.4964084 1.872068 2.872713 0.645683 3.354564 2.424811 0.09848606 1.569645 1.749271 -0.1698786 2.233391 2.12805 -0.02188158 1.664982 2.478011 0.1908788 2.456503 2.839666 0.2372333 2.911031 2.534794 1.017971 2.925734 2.148078 0.9088103 2.758417 2.562447 -0.3046234 2.800806 2.079271 -0.2419348 2.581831 2.467123 0.5251821 3.068718 2.238218 0.1128742 3.018081 2.212522 0.09050172 2.915999 2.653504 0.5026414 2.965867 2.682517 1.074237 1.775845 1.821938 0.9604845 1.738074 2.266062 0.5592008 2.970523 2.099575 0.4421668 2.762617 2.480871 1.081372 2.259179 2.016228 0.9090611 2.628666 2.099961 0.8866886 2.526583 2.540943 1.05883 2.156329 2.460526 -0.1696802 2.885333 2.049499 -0.1288821 2.694334 2.465993 -0.1321269 1.583755 1.777314 -0.0214864 1.55911 2.212584 -0.3688114 2.405514 2.010365 -0.3447371 1.998995 1.924424 -0.3671095 1.896912 2.365406 -0.3913517 2.302663 2.454663 0.7706608 1.496699 2.153993 0.2347503 1.366086 2.234693 0.3267809 0.8500435 1.796766 0.8606688 0.8525149 1.945461 1.455812 -3.132594 2.296041 1.408022 -3.098898 2.597769 1.357587 -2.253725 2.38467 1.273061 -2.332907 2.661965 1.559899 -2.810212 2.375972 1.521031 -2.536161 2.402578 1.520124 -2.560602 2.704377 1.558985 -2.834838 2.680041 0.8517495 -2.541107 2.332716 0.9423095 -2.545411 2.626383 1.619845 -2.986847 2.297211 1.63955 -2.893221 2.582084 1.055795 -2.820898 2.367871 1.30008 -2.953186 2.355708 1.316527 -2.960934 2.657949 1.072367 -2.828704 2.672387 -1.04089 -1.55154 2.739161 -0.9503298 -1.555843 3.032827 -0.2727951 -1.997279 2.703655 -0.2530893 -1.903653 2.988528 -0.8368447 -1.83133 2.774315 -0.5925601 -1.963618 2.762152 -0.5761121 -1.971366 3.064393 -0.8202727 -1.839136 3.078831 -1.756364 -0.6277377 2.642204 -1.729848 -0.7394555 2.927292 -0.9850537 -1.068283 2.611971 -1.028848 -1.082007 2.908957 -1.55603 -0.9113189 2.617695 -1.310823 -1.042266 2.61064 -1.358419 -1.156712 2.886896 -1.603983 -1.026626 2.896029 -1.193846 0.4048341 2.794849 -1.34747 0.2663604 3.022191 -1.457717 -0.357084 2.420996 -1.533244 -0.4218778 2.704553 -1.422264 0.1910605 2.642276 -1.497844 -0.05088478 2.527937 -1.667385 -0.1178299 2.769711 -1.59308 0.1236106 2.885869 -1.210692 1.640263 2.022671 -1.287983 1.633437 2.320058 -0.8786329 0.8626279 2.296412 -0.9513753 0.9736799 2.566012 -1.227306 1.304139 2.111538 -1.116373 1.064685 2.199166 -1.252229 1.094463 2.468122 -1.364184 1.334141 2.382518 -0.4274215 1.540702 2.300573 -0.6011915 1.413411 2.519801 -1.249185 1.613462 1.969931 -1.314004 1.434863 2.202759 -0.7433918 1.683433 2.269867 -0.9996078 1.698772 2.162901 -1.119581 1.602429 2.423678 -0.8642681 1.586363 2.532608 -0.5268411 1.492327 2.371364 -0.5097818 1.413256 2.66787 -1.084987 0.8027931 2.425489 -0.9621366 0.778033 2.698624 -0.8281403 1.335896 2.44818 -0.9964591 1.115083 2.463463 -0.9705125 1.109989 2.765094 -0.8019962 1.330764 2.752083 -0.02575856 1.631621 2.665489 0.01778513 1.56345 2.961996 -0.3086428 0.7908115 2.719614 -0.1848644 0.8104124 2.992749 -0.2536621 1.380003 2.742305 -0.3344862 1.114377 2.757588 -0.3083908 1.118644 3.059219 -0.2273683 1.384303 3.046208 0.05881261 0.7844678 2.665489 -0.01621663 0.8147011 2.961996 -0.198921 1.633324 2.719614 -0.2883319 1.545512 2.992749 0.09832644 1.121648 2.742305 0.009947717 1.384856 2.757588 -0.008824348 1.366234 3.059219 0.07941222 1.102883 3.046208 1.768628 2.098338 1.76844 1.644324 2.079314 2.109723 0.8533972 2.613773 1.714344 0.8154523 2.481045 2.042088 1.519411 2.422402 1.818863 1.228586 2.57521 1.799917 1.191291 2.560912 2.156005 1.481835 2.407995 2.177635 1.679597 -1.091762 2.604356 1.574064 -0.9077973 2.899834 2.117841 -0.1463443 2.461621 1.911989 -0.06335318 2.739486 1.962594 -0.7987071 2.665193 2.091589 -0.5000097 2.61592 1.994375 -0.3973045 2.945155 1.864645 -0.6952296 2.996908 -0.4805577 -1.806179 2.81426 -0.6025354 -1.788607 3.156459 -0.1996179 -0.838115 3.114546 -0.4056259 -0.9178873 3.393237 -0.2443838 -1.529168 3.007022 -0.165119 -1.222961 3.097805 -0.265066 -1.290845 3.435142 -0.3450862 -1.597566 3.346901 -0.4111582 -0.8674111 3.102584 -0.3331305 -1.07753 3.389026 -0.7236102 -1.820786 2.786839 -0.5546362 -1.920472 3.083456 -0.6685512 -1.188455 3.083903 -0.7573319 -1.48835 2.981584 -0.700904 -1.623076 3.308783 -0.6116952 -1.324196 3.413568 -0.2004656 0.7040598 2.930904 -0.1319327 0.7000877 3.28808 -0.3411972 -0.3065555 3.186045 -0.1992083 -0.1978486 3.493443 -0.4085023 0.3836344 3.08491 -0.4430494 0.06582921 3.162974 -0.4109019 0.1419528 3.511638 -0.3761107 0.4603336 3.4362 -0.017686 -0.2290556 3.046793 -0.07245928 -0.09133386 3.378937 -0.1866258 0.7909026 2.853431 -0.2781853 0.7904772 3.19707 0.08652031 0.1688851 3.025493 0.02409201 0.4861276 2.964275 0.02829301 0.5606206 3.314743 0.09075081 0.2439365 3.378602 0.3186259 -0.7453048 3.318647 0.270307 -0.7656841 3.602544 -0.4789365 -0.5089951 3.389613 -0.4426626 -0.6028426 3.653355 0.07666075 -0.5359033 3.385757 -0.1750224 -0.469381 3.407123 -0.1559565 -0.4702468 3.690901 0.09587341 -0.536778 3.671674 -0.6273207 -0.6146305 3.278286 -0.5834307 -0.5859315 3.562182 0.1996579 -0.7043677 3.349252 0.1471725 -0.6185284 3.612993 -0.3517823 -0.7773408 3.345396 -0.09225702 -0.7977399 3.366761 -0.1111693 -0.8003007 3.65054 -0.3708415 -0.7799191 3.631312 -1.648922 -1.705001 0.681448 -1.590132 -1.728538 0.9631157 -0.937694 -2.142148 0.6877141 -0.9421725 -2.071423 0.9609547 -1.467527 -1.974941 0.7150264 -1.241038 -2.105041 0.7167769 -1.252367 -2.130231 0.9998522 -1.478942 -2.000316 1.000235 -1.844133 -1.061469 1.092533 -1.795424 -1.101938 1.3742 -1.301707 -1.696069 1.098799 -1.284229 -1.627391 1.372039 -1.754493 -1.374097 1.126111 -1.578959 -1.567517 1.127861 -1.597484 -1.588005 1.410937 -1.773156 -1.394736 1.41132 -0.1776668 -1.693473 0.8799744 -0.1289579 -1.733942 1.161642 0.3647588 -2.328073 0.8862405 0.3822368 -2.259395 1.159481 -0.08802735 -2.006101 0.9135528 0.08750671 -2.199521 0.9153032 0.06898254 -2.220009 1.198379 -0.1066898 -2.02674 1.198761 0.3359533 -1.954218 1.166084 0.378944 -1.90153 1.468541 1.0122 -1.365737 1.172812 0.9382896 -1.347623 1.46622 0.6707894 -1.854989 1.202141 0.8768051 -1.664665 1.20402 0.8989809 -1.68436 1.507989 0.6931282 -1.874832 1.5084 -1.261954 0.5684972 2.366731 -1.860219 1.199545 1.671404 -2.221269 0.5831398 1.742717 -1.300149 0.5437183 1.681106 -1.367554 0.374499 1.680641 -1.187188 0.7555357 1.652379 -1.589046 0.9289154 2.03555 -1.838412 0.6112633 1.986432 -1.779611 1.497597 1.561025 -2.377876 2.128646 0.8656983 -2.738927 1.51224 0.9370113 -1.817807 1.472818 0.8754001 -1.885212 1.303599 0.8749347 -1.704846 1.684636 0.8466725 -2.106703 1.858016 1.229844 -2.356069 1.540363 1.180726 1.836786 2.290285 1.926223 2.675597 2.519501 1.230897 2.302851 3.128904 1.30221 1.832989 2.335655 1.240599 1.71568 2.475001 1.240133 1.966324 2.136034 1.211871 2.308969 2.408329 1.595042 2.146786 2.778171 1.545924 1.529628 1.320343 2.388031 2.299186 0.9154677 1.692705 2.442594 1.615287 1.764018 1.557814 1.356098 1.702407 1.567159 1.538009 1.701941 1.519051 1.119192 1.673679 1.95533 1.084401 2.05685 2.089169 1.465417 2.007732 1.988119 0.3913219 3.327285 2.738374 0.3312678 2.725444 2.614126 0.9369732 2.787169 1.998369 0.429373 2.733841 1.943845 0.5773054 2.733438 2.048215 0.2276592 2.708976 2.407221 0.3485732 3.040631 2.383945 0.6973411 2.998116 1.148851 -0.5719708 2.27961 1.632865 -1.148356 1.677768 1.97692 -0.6346024 1.739493 1.183142 -0.5525527 1.686166 1.250195 -0.4098617 1.685763 1.074511 -0.7296756 1.6613 1.412676 -0.9004087 1.992955 1.644673 -0.6389547 1.950441 0.09959125 -1.359314 3.356918 0.6683203 -1.852301 2.755076 0.9271927 -1.290784 2.816802 0.1303969 -1.334739 2.763474 0.1741458 -1.18327 2.763071 0.05100905 -1.526756 2.738608 0.4118384 -1.642115 3.070263 0.5997753 -1.347394 3.027749 -1.345759 -0.4396084 3.306008 -1.830121 0.03465306 2.621047 -2.067622 -0.5393908 2.634962 -1.276204 -0.4568169 2.71559 -1.311749 -0.6101716 2.70688 -1.203362 -0.2608942 2.705602 -1.619564 -0.167752 2.973186 -1.783037 -0.4704121 2.897944 -1.421752 -3.899591 2.116982 -1.749656 -3.607102 2.223531 -2.111532 -4.012795 2.116982 -1.785655 -4.303474 2.223531 -1.118519 -3.382231 2.116796 -1.327832 -3.728148 2.319165 -0.9461601 -4.059199 2.091953 -0.6691414 -3.705217 2.091498 -0.853176 -2.727602 2.066638 -1.062489 -3.07352 2.269007 -0.680817 -3.404571 2.041795 -0.4037982 -3.050588 2.04134 -1.774079 -2.994357 2.064352 -1.91627 -2.578805 2.171698 -2.391891 -2.702863 1.916184 -2.307842 -3.133615 2.013305 -2.874456 -1.592989 1.8595 -3.016647 -1.177437 1.966847 -3.492268 -1.301495 1.711333 -3.408219 -1.732247 1.808454 -3.748411 0.1367698 1.767992 -3.585671 0.5447126 1.875339 -4.027387 0.7603342 1.619825 -4.244146 0.3787236 1.716946 -2.578859 2.477994 1.558717 -2.169469 2.477994 1.558717 -2.182975 3.021631 1.558717 -2.576141 3.021631 1.558717 -2.376916 2.755308 1.627267 -2.188807 2.642779 1.544944 -2.025977 2.271749 1.603452 -1.540867 2.478634 1.470825 -1.697244 2.834959 1.414636 -1.846859 2.574441 1.57295 -2.57346 2.45255 1.477038 -2.537933 2.063802 1.353697 -2.077006 2.029253 1.640186 -2.111123 2.402594 1.758639 -2.35583 2.215977 1.615074 -2.958283 1.372459 0.927032 -2.679456 1.099251 0.8036914 -2.305868 1.371426 1.09018 -2.573643 1.633807 1.208633 -2.639249 1.333135 1.065068 -2.480246 1.945117 0.8241749 -2.846255 2.080857 0.7008343 -3.076359 1.679984 0.9873228 -2.724858 1.549623 1.105776 -2.78758 1.850909 0.9622107 -3.055916 1.552706 1.612785 -3.237297 1.187566 1.575722 -2.785276 0.9581814 1.772657 -2.611081 1.308849 1.808251 -2.942628 1.255276 1.757989 0.591471 3.425929 0.678761 0.3020292 3.656947 0.5042477 -0.06874239 3.297978 0.6756883 0.2092248 3.076113 0.8432851 0.2475932 3.395874 0.7355781 1.39029 2.988587 1.311401 1.100848 3.219605 1.136888 0.7300768 2.860636 1.308328 1.008044 2.638772 1.475925 1.046412 2.958532 1.368218 2.382227 2.898215 1.160471 2.104431 3.186072 1.073476 1.714495 2.828911 1.200393 1.981278 2.55246 1.28394 2.043293 2.88417 1.245968 2.442409 2.123505 1.062075 2.464397 2.52368 0.9785419 2.035224 2.601248 1.303375 2.014104 2.216936 1.383598 2.276734 2.376049 1.238588 2.196602 1.083087 1.534198 2.230474 1.488489 1.488339 1.748827 1.542977 1.734854 1.716294 1.153644 1.778897 1.999739 1.321913 1.697265 2.753185 0.06719917 1.219051 2.864741 0.4407079 1.09396 2.352274 0.6050807 1.171953 2.245137 0.2463775 1.292086 2.563982 0.3586431 1.25963 1.715374 -2.428719 1.871343 2.02743 -2.164094 1.857347 1.700971 -1.788428 2.076487 1.401282 -2.042562 2.08993 1.727508 -2.121756 2.038705 1.843626 -1.454996 2.000784 1.683095 -1.828713 1.954236 2.174118 -2.005847 1.801782 2.328289 -1.646944 1.846484 2.027222 -1.750569 1.96455 0.6591321 -2.640224 2.631017 0.3804749 -2.939051 2.605445 0.7826868 -3.300517 2.662803 1.050301 -3.013537 2.687363 0.714033 -2.975291 2.715276 -0.7550955 -2.849711 1.731736 -0.999015 -3.095146 1.512953 -0.6062692 -3.471163 1.522184 -0.3720152 -3.235457 1.732296 -0.7052128 -3.192492 1.682782 -0.5636009 -3.480975 1.50113 -0.2316392 -3.278687 1.372747 -0.3934087 -2.852435 1.669163 -0.7122136 -3.046703 1.792459 -0.4414608 -3.184261 1.640509 -0.2056516 -3.323708 1.769654 0.1909815 -3.303115 1.670359 0.1692619 -2.765724 1.750748 -0.2116498 -2.785498 1.846108 0.002541363 -3.04823 1.825799 -2.963114 -2.184712 1.858142 -2.566481 -2.164119 1.758846 -2.5882 -1.626728 1.839235 -2.969112 -1.646502 1.934596 -2.754921 -1.909234 1.914287 -3.235703 -1.502383 1.97429 -3.508978 -1.683932 1.729418 -3.167595 -2.104672 1.68296 -2.90515 -1.930322 1.918127 -3.230096 -1.839276 1.880183 -3.438984 -0.7411681 1.800381 -3.712259 -0.922717 1.555509 -3.370876 -1.343457 1.509052 -3.108431 -1.169107 1.744218 -3.433377 -1.078061 1.706274 -4.069329 -0.1551198 1.757695 -4.342604 -0.3366687 1.512823 -4.001221 -0.7574087 1.466366 -3.738776 -0.5830585 1.701532 -4.063722 -0.492013 1.663589 -4.242621 0.4192048 1.641718 -4.415844 0.09111326 1.468653 -4.074362 -0.2223272 1.753026 -3.908005 0.09275734 1.919234 -4.202236 0.08892112 1.74973 -3.09118 2.026973 0.7581186 -3.264403 1.698881 0.5850535 -2.922921 1.385441 0.8694263 -2.756564 1.700525 1.035634 -3.050794 1.696689 0.8661299 -2.104352 0.5110713 0.9152851 -2.277574 0.1829798 0.7422199 -1.936092 -0.1304606 1.026593 -1.769735 0.1846238 1.192801 -2.063966 0.1807876 1.023296 -1.88444 0.4416456 1.211843 -1.656222 0.750984 1.071033 -1.9866 0.7806969 0.6401157 -2.205775 0.4836209 0.7753425 -1.976323 0.659219 0.9537649 -1.912791 -0.4251092 0.7963972 -1.684573 -0.1157708 0.6555872 -2.014951 -0.08605784 0.2246699 -2.234127 -0.3831338 0.3598967 -2.004674 -0.2075357 0.5383191 -2.140311 -0.1842287 0.7202025 -2.13655 -0.2392337 0.3145409 -1.77854 -0.6422541 0.3861389 -1.78215 -0.5894328 0.775722 -2.007337 -0.4626887 0.5553918 -1.687705 -1.233002 0.9404278 -1.907464 -1.456514 0.6770859 -1.54858 -1.860036 0.741086 -1.337529 -1.645386 0.9939914 -1.653872 -1.577637 0.8907619 -1.052302 -2.085915 0.7137351 -1.364705 -1.951624 0.9417057 -1.693147 -2.283357 0.6627765 -1.393128 -2.412329 0.4438405 -1.367448 -2.236534 0.7332463 -0.5096486 -1.818387 0.6431599 -0.5919542 -1.521121 0.912343 -1.037142 -1.796452 1.059732 -0.9581007 -2.081938 0.8012204 -0.7424061 -1.840372 0.9034 0.3670943 -2.358895 0.8705101 0.2153687 -2.088119 1.137457 -0.2651553 -2.130265 0.8863735 -0.1194474 -2.39031 0.6300073 0.02710187 -2.293512 0.9206486 0.8449779 -2.049422 1.056685 0.5007681 -2.064265 1.27782 0.3062928 -2.430059 0.9255471 0.6368573 -2.415808 0.7131753 0.5967143 -2.294183 1.027682 0.8259549 -2.038734 1.804519 0.4622008 -1.880106 1.905126 0.2280753 -2.335113 1.721072 0.577408 -2.487457 1.624452 0.5260776 -2.217796 1.824369 0.6586499 -2.048586 1.848016 0.332376 -2.076519 2.093713 0.1186602 -2.436359 1.746492 0.4319995 -2.409537 1.510532 0.4134153 -2.29746 1.830551 -0.6532356 -3.059849 2.135976 -1.04253 -2.943777 2.18676 -1.186033 -3.468203 2.176442 -0.8121705 -3.579678 2.127672 -0.917186 -3.271636 2.22463 -1.961029 -1.411334 1.903273 -2.355613 -1.365477 1.804272 -2.397408 -1.906929 1.775903 -2.018464 -1.950973 1.87098 -2.200541 -1.666315 1.904696 -1.64543 -0.6611136 2.584215 -1.780714 -0.9012553 2.281508 -1.506823 -1.314411 2.505134 -1.376901 -1.083792 2.795845 -1.629787 -1.010586 2.581349 -1.398014 -1.230728 2.19497 -1.118971 -1.115747 2.471584 -1.524067 -1.026982 2.82335 -1.792053 -1.137405 2.557703 -1.45742 -1.191542 2.537488 -0.9018906 -2.712472 3.03305 -0.5558727 -2.643527 3.240701 -0.7006449 -2.120963 3.281806 -1.03295 -2.187172 3.082386 -0.8317829 -2.424378 3.21871 -0.3699441 -2.194515 3.17035 -0.6923491 -2.355336 3.364752 -0.6339054 -2.803565 3.062435 -0.3242768 -2.649122 2.875734 -0.4627779 -2.531719 3.162706 -0.4083796 -1.485493 3.176373 -0.8171206 -1.482532 3.199241 -0.8043875 -2.023315 3.255039 -0.4118456 -2.026163 3.233078 -0.6065256 -1.752727 3.284572 0.7407892 -1.616448 2.61647 0.3320482 -1.613487 2.639338 0.3447813 -2.154269 2.695136 0.7373232 -2.157117 2.673176 0.5426432 -1.883682 2.724669 1.326799 -1.987988 2.504553 0.918058 -1.985027 2.527421 0.930791 -2.525809 2.58322 1.323333 -2.528657 2.561259 1.128653 -2.255222 2.612752 1.0847 -2.102962 2.394477 1.449342 -2.214564 2.245543 1.529858 -1.698757 2.093289 1.179669 -1.591573 2.23632 1.340674 -1.883365 2.301538 1.362281 -0.560093 2.82374 1.706838 -0.7156348 2.98086 1.921747 -0.2162464 2.968753 1.590846 -0.06686443 2.81786 1.624082 -0.3730072 2.961006 2.031879 -0.4570259 3.07764 2.411944 -0.3654412 2.956134 2.264557 0.1575741 2.934845 1.899555 0.06962364 3.051537 2.169543 -0.1355041 3.070183 2.828395 0.3261596 2.920409 3.089242 0.4135458 2.617222 2.908008 0.9261608 2.627285 2.657499 0.8422427 2.918457 2.917147 0.6483423 2.816947 1.972051 1.765965 2.768148 2.245987 1.791185 2.464961 2.187175 2.331705 2.475024 1.924095 2.307488 2.766197 2.132341 2.059198 2.664686 1.642906 2.165339 2.814272 2.036787 2.212141 2.9156 2.10189 2.514486 2.468307 1.723619 2.469543 2.370994 1.861154 2.399739 2.673533 1.002566 3.279553 2.269608 1.295897 3.54053 2.153643 0.9722611 3.950432 2.305176 0.6905542 3.6998 2.416548 1.013929 3.619644 2.3508 0.4405847 2.165319 3.273878 0.8321298 2.055832 3.225866 0.9616478 2.583079 3.194932 0.5856217 2.688232 3.241042 0.7152229 2.380239 3.30156 0.3524432 2.113205 3.059106 0.7429622 1.992573 3.035794 0.8741452 2.397742 3.373951 0.4991043 2.513595 3.396344 0.608912 2.216734 3.273321 -0.06306499 2.186912 3.184164 0.3399891 2.120535 3.211406 0.4125288 2.658385 3.245692 0.02544963 2.722137 3.219532 0.1743256 2.423768 3.283803 0.813619 2.000797 3.021395 1.166762 1.793787 3.015282 1.427058 2.266523 2.948297 1.087914 2.465333 2.954169 1.131702 2.143143 3.052123 1.11786 2.321062 3.052087 0.937177 1.953857 3.062796 1.377744 1.745109 2.821872 1.551272 2.097757 2.811586 1.278368 2.015307 2.996098 0.8529241 2.514073 2.783041 0.7421241 2.247834 3.07363 1.259959 2.084278 3.102196 1.366373 2.339964 2.823127 1.072854 2.342153 2.993892 1.389784 1.735616 2.584471 1.095352 1.479905 2.709061 1.456798 1.074249 2.686269 1.739564 1.31982 2.566618 1.441331 1.410049 2.701655 1.29435 1.683201 2.657153 0.9982004 1.445305 2.504501 1.326038 1.016799 2.572508 1.610452 1.245261 2.719111 1.285384 1.334051 2.677083 1.925884 1.240768 2.685571 1.629735 1.002872 2.53292 1.957572 0.5743661 2.600927 2.241986 0.8028277 2.74753 1.916918 0.891618 2.705502 1.762209 0.7815464 2.788133 2.155534 0.6754991 2.747494 2.251772 1.166356 2.534144 1.87404 1.268205 2.573173 2.025053 1.002484 2.721179 -0.7411854 -0.4830861 3.519178 -0.3375256 -0.4320436 3.473846 -0.4236726 0.1032127 3.431431 -0.8113326 0.05419963 3.474968 -0.5724126 -0.1775317 3.54232 -0.4411697 -0.1106553 3.473356 -0.03750991 -0.05961275 3.428024 -0.1236569 0.4756436 3.385608 -0.5113169 0.4266305 3.429145 -0.2723969 0.1948992 3.496498 -0.1529595 0.4661478 3.226889 -0.5347325 0.3203631 3.251337 -0.3567219 -0.04774624 3.609844 0.009920179 0.09225726 3.586371 -0.2702262 0.2475014 3.473518 -0.2084043 0.3036016 2.421128 -0.5901774 0.1578168 2.445576 -0.4121667 -0.2102925 2.804083 -0.04552459 -0.07028895 2.780611 -0.3256711 0.08495521 2.667757 0.004042506 -0.105243 2.573276 -0.0964353 0.285317 2.643765 -0.6003493 0.119851 2.763811 -0.5038596 -0.2552301 2.696119 -0.2862319 0.002353787 2.736209 -0.2075998 -0.2523866 2.635994 -0.3025731 0.1453711 2.655245 -0.8279561 0.005482971 2.666379 -0.7367537 -0.3765102 2.647894 -0.5218583 -0.1236345 2.719952 -0.1341231 0.9533216 1.077459 -0.2006226 1.344883 0.9781666 -0.7267142 1.224491 0.9114337 -0.6628583 0.8484497 1.006792 -0.4481422 1.10637 1.058682 -1.074036 1.041684 0.8604941 -0.8495764 0.7611703 1.056787 -0.4535686 1.130848 1.104074 -0.6691275 1.400249 0.9155645 -0.7839643 1.107843 1.044519 0.6865062 1.355676 2.326494 0.6110752 1.104801 2.641094 1.076393 0.8465875 2.529172 1.148841 1.087517 2.227043 0.9190614 1.138473 2.471836 -2.49557 2.383033 1.384965 -2.827265 2.164322 1.286252 -2.52199 1.715022 1.311973 -2.203442 1.925066 1.406774 -2.524442 2.035622 1.414199 -2.536678 2.439453 1.446322 -2.90025 2.262464 1.382369 -2.638948 1.828056 1.185556 -2.289786 1.998031 1.246976 -2.586676 2.100388 1.376196</float_array>
          <technique_common>
            <accessor source="#tree_oak_bush_a200-mesh-positions-array" count="1711" stride="3">
              <param name="X" type="float"/>
              <param name="Y" type="float"/>
              <param name="Z" type="float"/>
            </accessor>
          </technique_common>
        </source>
        <source id="tree_oak_bush_a200-mesh-normals">
          <float_array id="tree_oak_bush_a200-mesh-normals-array" count="4848">0.8894162 -0.3708063 0.2672857 0.9972112 0.04739612 0.0576505 0.8899146 -0.4535485 -0.04843425 0.4109688 0.07092612 -0.9088863 0.2476307 -0.02978646 -0.9683966 0.2571842 0.1012317 -0.9610455 -0.490961 -0.2881309 -0.8221544 0.03985804 -0.438317 -0.8979364 -0.1891897 -0.6108456 -0.768814 0.9434656 -0.3224031 0.07699954 0.9154144 0.3152602 0.2502549 0.9741482 0.1196359 0.1916311 0.9612565 -0.2079258 0.1809776 0.9704337 0.2409451 -0.0142827 0.4410354 -0.003479182 -0.8974831 0.4061851 0.4003863 -0.821404 0.0288403 -0.1083421 -0.9936953 -0.1137149 -0.05591136 -0.991939 0.508082 -0.6293039 -0.5880726 0.1080698 0.7495306 -0.6530887 0.253679 0.5384271 -0.8035815 0.4513505 0.6223503 -0.6395021 -0.2677406 0.1394704 -0.9533431 0.1667879 0.401115 -0.9007157 0.2311559 0.5561292 -0.7983028 0.6497887 0.4906605 -0.5805402 0.2438496 0.7925268 -0.5589621 0.2135727 0.7102407 -0.6707794 0.3781068 0.581184 -0.7205973 0.7004466 0.1896159 -0.6880557 -0.3206948 0.190134 -0.927903 -0.4308971 -0.3651288 -0.8252326 -0.5102204 0.1018732 0.853989 -0.7527016 -0.2098214 0.6240316 -0.7223352 0.1596474 0.6728631 -0.3481909 -0.3348236 -0.8755892 -0.09048891 -0.2456172 -0.9651342 8.54546e-4 -0.3279321 -0.944701 0.3640273 -0.0220955 -0.9311262 -0.1421586 0.1162477 -0.9829941 0.06872838 0.2236725 -0.9722383 -0.861771 0.1818945 0.4735666 -0.5764779 -0.4213791 0.7000808 -0.774042 -0.2282572 0.5905572 -0.8133136 0.101111 0.5729727 -0.7456642 -0.3756856 0.5503138 -0.5279207 0.08237123 -0.8452897 -0.08270645 -0.517724 -0.8515406 -0.5001197 -0.3214292 -0.8040919 -0.1549437 -0.1639772 -0.9742197 0.02084434 -0.2219634 -0.9748322 -0.5579556 0.3787762 -0.7383862 0.961409 -0.2550777 -0.1030931 0.9068925 -0.3145054 -0.2804149 0.6961174 -0.6959343 -0.1763412 0.3351949 -0.5857899 -0.7378988 -0.1718825 -0.6384252 -0.7502465 -0.3132827 -0.708144 -0.6327608 0.4756413 -0.8640282 -0.1649866 0.8587813 -0.5101904 0.04690808 0.8065066 -0.5858511 0.07953363 0.7268149 -0.680029 -0.09644067 0.4012415 -0.7730621 -0.4913049 0.3558238 -0.6372112 -0.683631 0.6775543 -0.1614459 -0.7175343 0.7202452 -0.691649 0.05356055 0.9227849 0.3734965 0.0947017 0.9425606 0.3318983 0.03772193 -0.9499304 -0.2987187 0.09164816 -0.3269546 -0.9421041 0.07443684 -0.9337298 -0.3477644 0.08490395 0.273878 0.9600074 0.05810827 -0.6962261 0.7132556 0.08084434 -0.7539606 0.6509258 0.08853787 0.3281098 0.9415112 0.07681632 0.2726245 0.9620749 0.009369254 0.9963451 0.06683599 -0.0531941 0.941524 0.3320512 -0.05722385 -0.9584574 -0.2389658 0.1557397 -0.9577906 -0.2549591 0.1327899 -0.1873282 -0.9809246 0.05191349 -0.1687117 0.9768983 -0.1311727 -0.6566534 0.7465022 0.1074279 0.7783297 -0.6267106 -0.03790473 0.1598913 -0.9732956 0.1647134 -0.2523627 -0.9627873 0.09671515 0.1395651 -0.7456496 0.6515583 0.9946596 0.006042838 0.1030337 -0.9194706 -0.213479 0.3301524 -0.2145819 0.6442645 -0.7340831 0.9204288 -0.07495516 0.383657 -0.8021389 -0.1433186 0.5796837 -0.06769102 0.229594 -0.9709298 0.8807485 -0.01837241 0.473228 -0.7748004 0.04718321 0.6304428 -0.06323516 0.01556462 -0.9978773 0.8829917 0.1320276 0.4504381 -0.7717095 0.2516312 0.5840772 -0.03799599 -0.3143143 -0.9485584 0.8839319 0.2266977 0.4089897 -0.8354918 0.2763813 0.4749388 -0.1347124 -0.4713409 -0.8716022 0.5136977 0.3019561 0.8030799 -0.2403702 0.9662724 0.09241247 0.4820252 0.06375527 0.8738347 -0.5561523 -0.2045094 -0.805525 -0.1806135 0.9254686 0.3329966 0.5894804 -0.76753 0.2518148 0.2915821 -0.952937 0.0830127 -0.3995537 -0.204965 -0.8935023 -0.08282887 0.8525825 0.5159869 0.1770125 -0.8106256 0.5581692 -0.1667563 0.06183165 -0.9840576 -0.2612445 0.8049445 0.5327436 0.04519897 -0.866289 0.4974943 -0.3533797 0.6999537 0.6206349 -0.08923906 -0.8387374 0.5371741 0.337208 0.07422298 -0.9384997 0.1517081 0.04568636 -0.987369 -0.4043456 -0.1564096 0.901133 -0.4163973 -0.9090915 -0.01287889 -0.2465921 0.1063581 0.9632655 0.3733729 -0.1605314 -0.9136862 -0.2457076 -0.9558823 -0.1609871 0.3187388 0.9397972 0.1232351 0.4606219 0.8691785 0.1798784 0.3059873 0.07001143 -0.9494579 -0.4978923 -0.7633494 0.4115836 0.4655703 0.6380953 0.6132527 0.007385492 -8.54521e-4 -0.9999725 -0.3598816 -0.8225211 0.4403911 0.5679986 0.6140831 0.5479778 -0.2315515 -0.8036396 0.5482219 0.6352994 0.4993644 0.5890925 -0.2587999 0.24116 -0.935342 -0.1410301 0.1638891 -0.9763457 0.1800333 -0.4217462 0.888661 0.9513367 -0.3072953 0.02298074 -0.1350159 -0.3008254 0.9440735 0.1789639 0.4260465 -0.8868238 0.9874083 -0.1131335 -0.11057 -0.979178 0.1857703 0.08185249 -0.9232236 0.3537126 0.1501524 -0.06637835 0.3393079 -0.9383306 0.8144121 -0.3469453 0.4651472 -0.5683256 0.4915702 0.6598218 -0.07751786 -0.1563175 -0.9846603 0.9047465 -0.2010616 0.3755102 -0.6732319 0.5712659 0.469483 0.8233034 -0.1538753 0.546346 -0.5994533 0.6019253 0.5275812 -0.198406 -0.3044606 -0.9316323 -0.2110982 -0.3370491 -0.9175159 -0.2230641 0.06393748 0.9727047 -0.5368281 0.03115981 0.8431161 -0.3435512 0.03567653 0.9384561 -0.3824657 -0.2799519 0.8805379 0.3656517 -0.04715228 0.9295567 0.4284642 -0.3660212 0.8261036 0.4095408 -0.1635233 0.8975168 0.6788375 -0.1469802 0.7194279 0.09277939 0.09491574 0.9911524 -0.3883538 0.2436634 0.8887122 0.04641985 -0.08887231 0.9949609 0.3884191 -0.1616912 0.9071862 -0.1593698 -0.2963389 0.9416924 0.03311294 -0.4492375 0.8927986 0.5010694 -0.1708177 0.8483814 -0.4373486 -0.2636604 0.8597729 0.08575767 0.2691754 0.9592655 0.3260307 0.02679532 0.9449794 0.1456393 0.2126296 0.9662184 -0.1055963 0.434196 0.894608 0.3649131 -0.1302847 0.921881 0.5831298 0.1053216 0.8055229 0.4224228 -0.07388812 0.9033823 0.1684668 -0.3011039 0.9385922 0.8937904 -0.4307199 0.1249768 0.8907706 -0.2719586 0.3640968 0.9635141 -0.1747515 0.2027374 0.2511993 -0.9501383 0.1847601 0.3203308 -0.9057831 0.2773901 0.4930649 -0.8613073 0.1226253 0.4918749 -0.8680827 0.0670197 0.9101716 -0.4125269 0.03753846 -0.9105808 -0.2112867 0.3552473 -0.8199692 -0.2946359 0.4907546 -0.8235089 -0.3557968 0.4418619 -0.8098297 0.5758382 0.1121889 -0.8258194 0.5188572 0.2209286 -0.9336194 0.3414818 0.1083744 -0.9524266 0.26253 0.1547956 -0.8636271 -0.3076927 0.3993413 0.2133573 0.03103762 0.9764812 0.3943414 0.1777756 0.9016046 0.09485465 0.1896177 0.9772654 0.1225663 0.3174943 0.9403058 -0.164438 0.3538409 0.9207372 -0.09390699 0.1284545 0.9872594 -0.5754154 -0.7723579 0.2689992 -0.7350798 -0.2437244 0.6326581 -0.758275 -0.3685779 0.5377447 -0.6669716 -0.2966489 0.6834827 -0.9969308 -0.07010191 -0.03485256 -0.5413903 -0.1936174 0.8181741 -0.9648512 -0.06347906 -0.2550149 0.9878334 -0.1340386 -0.07886064 0.7761071 -0.3980029 0.4891336 0.8510957 -0.3916561 0.3496307 0.8058413 -0.3042811 0.5079693 0.5076882 -0.8613457 -0.01834207 0.7155818 -0.2017313 0.6687655 0.4045031 -0.8892415 -0.2136047 -0.009796619 -0.9450855 0.3266766 0.1458514 -0.8298791 0.5385425 0.2556605 -0.8890591 0.3797522 -0.7463203 -0.5665308 0.3493551 -0.6721526 -0.5915822 0.4452431 -0.567965 -0.7598097 0.316394 -0.5776057 -0.7728673 0.2627699 0.008789598 -0.9703684 0.2414705 -0.9427388 -0.2135429 0.2562088 -0.8196305 -0.2574621 0.5117807 -0.8185575 -0.4199758 0.391898 -0.809781 0.5825698 0.0697655 -0.8256807 0.5338206 0.1824469 -0.9335583 0.3485927 0.08337903 -0.9406393 0.3381857 0.0287798 -0.9481169 -0.262223 0.1797595 0.9951651 -0.09802716 -0.006103754 0.9737424 0.09131312 0.208537 0.9839895 0.1763685 0.02566635 0.5852712 -0.7742475 0.2408288 0.6480793 -0.6947435 0.3119692 0.7701088 -0.6261827 0.1217696 0.7630337 -0.6426976 0.06869804 0.9911269 -0.09134256 -0.09656131 0.2218771 0.5027486 0.8354727 -0.09280914 0.3954691 0.9137784 0.1470436 0.4819051 0.8637973 0.4461911 0.5455617 0.7094195 0.2175092 0.3833497 0.8976262 0.5002744 0.4696024 0.7274609 0.3202376 0.4358137 0.8411387 0.2437276 0.6999921 0.6712734 -0.3710561 0.263719 0.8903761 -0.542976 0.4792509 0.6895621 -0.4534257 0.3373912 0.824968 -0.6962051 0.1654143 0.6985247 -0.06622666 0.256453 0.9642853 0.4375922 0.2527646 0.8629155 -0.08917689 0.4323341 0.8972931 -0.4332219 0.3465775 0.8319874 0.02884072 0.6613838 0.749493 -0.2050552 0.7099569 0.6737312 -0.5407743 0.2943602 0.7879819 0.301072 0.6967841 0.6510358 0.003479063 0.0964387 0.9953328 -0.3076903 0.2190027 0.9259399 -0.07281845 0.1275696 0.989153 0.2423239 -0.005340874 0.9701808 -0.4001649 0.3329315 0.8538295 -0.5172967 0.01202446 0.8557217 -0.4332779 0.2578243 0.8635953 -0.2786416 0.5532241 0.7850491 -0.9905658 0.1158208 0.07324635 -0.9339503 0.06891244 0.3506968 -0.9645656 -0.09985947 0.2442162 -0.5789135 0.8044484 -0.1331235 -0.6287546 0.7772606 -0.02310293 -0.7717163 0.6225675 -0.1298605 -0.7722696 0.6080738 -0.1839725 -0.9980809 0.06192225 5.49335e-4 0.7684366 0.6235937 0.1436527 0.6520069 0.7154557 0.2510184 0.6339777 0.7512329 0.1836346 0.9611779 -0.181041 0.2082338 0.954057 -0.08585017 0.2870625 0.9923493 0.06186157 0.1068463 0.980826 0.1537252 0.1197878 0.6893131 0.7074111 0.1562597 -0.2014868 0.2652716 0.9428861 -0.3164476 0.04928755 0.9473287 -0.03384596 0.1687721 0.9850739 -0.01318436 0.03512775 0.999296 0.267897 0.09369373 0.958881 0.1200608 0.2892875 0.9496833 0.2550181 0.9624218 -0.09332758 0.5891731 0.695685 0.4109715 0.5671741 0.7759579 0.2760487 0.5058878 0.7372545 0.4478096 0.9052568 0.3853338 -0.1789638 0.4239133 0.6560127 0.6244557 0.8807776 0.2865732 -0.3769704 -0.9686672 -0.2483621 3.05188e-4 -0.8740846 0.2633149 0.4082174 -0.9398253 0.1803412 0.2901818 -0.8683695 0.1793016 0.4623694 -0.7834038 0.5650371 -0.258866 -0.7494954 0.1813157 0.6366957 -0.6944607 0.5512349 -0.462455 -0.3355863 0.9414787 -0.03161758 -0.4422863 0.8683059 0.2245613 -0.5638319 0.8229351 0.06979608 0.4874232 0.8725458 0.03289973 0.4078623 0.9048414 0.1221084 0.2519037 0.9667498 -0.04403889 0.2569669 0.961276 -0.09958231 -0.3608577 0.9252168 -0.1172848 0.7989965 0.5994915 0.04706078 0.6647938 0.6910706 0.2836734 0.6069642 0.7863251 0.1152707 0.9641437 -0.2027109 0.1712758 0.9598602 -0.1131653 0.2566362 0.9951999 0.04635858 0.08618617 0.9988198 0.03738552 0.03100711 0.7875752 0.6148068 -0.04168903 -0.9635578 -0.2548063 0.08142566 -0.878408 -0.3309823 0.3447466 -0.854803 -0.4761554 0.2063686 -0.8280443 0.5602392 0.02179062 -0.858999 0.4968558 0.123512 -0.9455095 0.3253021 -0.01379454 -0.9441149 0.3221619 -0.06970608 -0.9561273 -0.2929511 -6.10378e-4 -0.03766024 -0.197579 0.9795634 0.2161933 0.03091526 0.9758611 0.02420139 -0.1436825 0.9893279 -0.2297499 -0.3575956 0.9051743 -0.1785955 -0.1838752 0.9665887 -0.0677517 -0.4911388 0.8684426 -0.1233566 -0.2980762 0.9465378 0.1991992 -0.2774201 0.9398712 -0.1728004 0.4124078 0.8944607 0.1414265 0.5311277 0.8354053 -0.0629 0.4765263 0.8769072 -0.0998283 0.7284935 0.67774 -0.2700302 0.120366 0.9552988 -0.3086073 -0.3849352 0.8698198 -0.08389639 0.1109666 0.9902766 -0.06235134 0.4559615 0.8878127 0.1638587 -0.05270701 0.9850748 0.2843819 0.16328 0.9447045 -0.06479245 0.5652478 0.8223729 0.1969086 -0.3353733 0.9212772 -0.43246 0.07794654 0.8982776 -0.2396358 0.3599116 0.9016865 -0.3898581 0.1479898 0.9089059 -0.5465056 -0.1448131 0.8248399 -0.09079515 0.4275156 0.8994369 -0.3406876 0.5896952 0.7322511 -0.153115 0.47198 0.8682112 0.108344 0.269212 0.9569674 0.2318817 0.9656144 0.1175584 0.03973537 0.9432727 0.3296328 -0.04171991 0.9877586 0.1503078 0.8444708 0.4403334 0.304919 0.7736653 0.5039049 0.3840859 0.7237055 0.6569597 0.211316 0.7395132 0.6544253 0.1576322 0.2254104 0.9738792 0.02737516 0.3155428 -0.8335835 0.4534 0.357596 -0.721998 0.5923209 0.4254633 -0.7159112 0.5535814 -0.4265368 -0.9001953 0.08783435 -0.3860363 -0.8994595 0.2048138 -0.1758798 -0.9759305 0.128942 -0.1034292 -0.9767026 0.1880281 0.3931503 -0.7666462 0.5076285 -0.2280418 0.2502295 0.9409475 -0.3915889 0.3952817 0.8309095 -0.3599731 0.1032462 0.9272323 -0.4830337 0.1036751 0.8694424 -0.4619998 -0.1854957 0.8672645 -0.267376 -0.06924736 0.9611009 0.8113826 -0.4000148 0.4262002 0.2695171 -0.6419153 0.7178477 0.4102365 -0.6448667 0.6448667 0.2999407 -0.562404 0.7705435 0.2580052 -0.9646049 0.05450636 0.1550074 -0.4529674 0.8779485 0.2813896 -0.9451273 -0.1659954 -0.03994947 0.9900086 -0.13523 0.162819 0.8615826 0.4807967 0.1654454 0.9270558 0.3364453 0.06341993 0.8733518 0.4829438 0.7439259 0.664455 0.07123082 -0.0453518 0.7727203 0.6331246 0.8217493 0.5593487 -0.1088911 0.8648179 0.1905303 0.4645302 0.6899785 0.3308284 0.643803 0.7527959 0.4422592 0.4875503 0.6304408 -0.6036753 0.4879759 0.6254343 -0.5214852 0.5804182 0.7901514 -0.3928477 0.470459 0.8132855 -0.40237 0.4203155 0.8997058 0.2095752 0.3828938 0.3397716 -0.8694344 0.358663 0.3180726 -0.7279168 0.6074265 0.4948437 -0.7009726 0.5135827 -0.4261962 -0.9035116 0.04498481 -0.3943037 -0.9041213 0.1645882 -0.1787189 -0.9784682 0.1032456 -0.1584565 -0.9860195 0.05154716 0.400317 -0.8689355 0.2910287 -0.08804631 0.9936874 -0.06952148 -0.3024485 0.9461662 0.1153028 -0.3571012 0.9307643 -0.07846397 0.6030909 0.7360022 0.3075425 0.5028665 0.7854753 0.3607687 0.444698 0.8824378 0.1534515 0.4706415 0.8761544 0.1041631 -0.07910484 0.9840496 -0.1593388 -0.6639369 0.1597355 0.730529 -0.5144271 -0.1238153 0.8485485 -0.6344841 0.09189182 0.7674542 -0.7264516 0.3650417 0.5822478 0.007904529 -0.5700743 0.8215552 0.1876636 -0.4182071 0.888755 -0.1208565 -0.4369145 0.8913471 -0.09677696 -0.314075 0.9444528 -0.3758759 -0.2570337 0.8903095 -0.302085 -0.4811142 0.8229665 -0.6719511 -0.3873249 0.6312379 -0.4726882 -0.4422906 0.7621975 -0.6682307 -0.2076871 0.7143766 -0.5777047 -0.155375 0.8013214 -0.6819206 0.1039178 0.7240066 -0.7870106 -0.08667582 0.6108205 -0.2106098 -0.04684627 0.9764472 0.002746641 -0.369489 0.9292311 -0.04077309 -0.01818919 0.9990029 -0.1178343 0.3292097 0.9368758 0.2027678 0.02774167 0.9788338 0.2569693 0.2442734 0.9350387 -0.3004943 0.3520415 0.8864367 0.3290901 -0.1432273 0.9333733 -0.7042295 -0.07056027 0.7064574 -0.5165007 -0.4089524 0.7523198 -0.5718348 -0.05856597 0.8182758 -0.58475 0.2968308 0.7549563 -0.3534786 -0.03421252 0.9348168 -0.2727487 0.1781396 0.9454494 -0.7102214 0.3384928 0.6172587 -0.2319149 -0.2138782 0.9489318 0.2349382 -0.7336861 0.6375805 0.5024321 -0.3878032 0.7727682 0.1673688 -0.5138564 0.8413914 -0.1888208 -0.6019561 0.7758837 0.03854537 -0.1610789 0.9861885 -0.2047194 -0.1151776 0.9720207 -0.1559849 -0.8148695 0.5582619 0.1929101 0.002105772 0.9812143 0.3211247 -0.3287545 0.8881438 0.464074 0.1059319 0.8794395 0.1678538 -0.07968479 0.9825861 -0.1382225 -0.2894159 0.9471711 -0.06991928 0.2446411 0.9670895 -0.3116599 0.2057285 0.9276551 -0.01776206 -0.5481519 0.8361902 0.03470009 0.4322106 0.901105 0.1988914 -0.007751762 0.979991 0.005401849 0.4019686 0.9156375 -0.1001021 0.06180083 0.9930561 -0.1582405 -0.3025034 0.9399212 -0.4778417 0.1254956 0.8694357 -0.6062259 -0.0720244 0.7920245 0.1293717 -0.4020627 0.9064263 -0.514866 0.3324502 0.7901835 0.1884542 0.06402862 0.9799926 -0.1390458 0.3771878 0.9156395 -0.1156058 0.0217905 0.9930562 -0.03927737 -0.3391529 0.9399111 -0.49106 -0.0541417 0.8694416 -0.5400938 -0.2845891 0.7920276 0.2649103 -0.3289406 0.906433 -0.5998304 0.1257709 0.7901806 -0.1014141 0.1712717 0.9799905 -0.3405365 -0.2136059 0.9156459 0.002410948 -0.11762 0.9930558 0.339978 0.03125107 0.9399141 0.1539398 -0.4694494 0.8694366 0.3895435 -0.4700524 0.7920269 0.2674425 0.3268945 0.9064295 2.13634e-4 -0.6128857 0.7901715 0.02179026 0.01934874 0.9995754 -0.2827643 0.3446275 0.8951404 -0.2810163 -0.01406908 0.9595999 -0.2052414 -0.3748059 0.9040998 -0.6318756 -0.0736435 0.7715633 -0.6724894 -0.2992402 0.6769147 0.1004081 -0.3725479 0.922565 -0.7215082 0.1124944 0.6832064 0.09500694 -0.4171394 0.9038631 0.4524152 -0.1320866 0.8819716 0.1036126 -0.1214663 0.987173 -0.2675939 -0.1307755 0.9546158 0.08188337 0.2792519 0.9567202 -0.1419739 0.3774577 0.9150788 -0.309069 -0.4172294 0.8546321 0.271654 0.3763968 0.8857367 -0.2854777 -0.3186522 0.9038602 0.1537254 -0.4455198 0.8819755 -0.03921711 -0.1547627 0.987173 -0.2613992 0.1427395 0.9546183 0.2751935 0.09461015 0.9567223 0.2259013 0.3340606 0.9150805 -0.5191292 0.01098686 0.8546252 0.4641708 -0.004059076 0.8857365 -0.06076294 0.06149536 0.9962562 0.2072858 -0.1473463 0.9671203 0.05005151 -0.003296017 0.9987412 0.3033946 0.1869015 0.9343552 0.01324528 -0.4064228 0.9135891 -0.1502467 -0.6523208 0.7429022 -0.03360182 -0.5123594 0.8581136 0.1958387 -0.6812393 0.7053796 0.10166 0.1235424 0.9871183 -0.1150572 -0.1397472 0.9834799 0.0341199 0.01498466 0.9993055 0.2150353 -0.2473242 0.9447701 0.1482021 -0.06027573 0.9871186 -0.1676719 0.0682407 0.9834783 0.02444547 -0.02810776 0.999306 -0.1721266 -0.2788818 0.9447738 0.02893233 0.1573578 0.9871178 -0.03277742 -0.178048 0.9834758 0.02255332 0.02966415 0.9993055 0.3080279 -0.1118825 0.9447757 0.07767182 0.1398703 0.9871188 -0.08795577 -0.158241 0.9834753 0.0308544 0.02087479 0.999306 0.2561444 -0.2044455 0.944771 0.1036742 -0.2277047 0.9681954 0.342056 -0.2219336 0.9130955 0.1120949 -0.03149521 0.9931983 0.2171711 0.05276679 0.9747063 0.02014231 0.2652687 0.9639642 -0.07297092 0.04062074 0.9965065 0.1904109 0.09067332 0.9775081 0.4119101 0.01046788 0.9111644 0.2498924 0.2731481 0.9289478 0.3682467 0.3132814 0.8753566 0.2294114 0.556087 0.7988352 0.09055048 0.3911036 0.9158813 -0.2754684 0.0377525 0.9605686 -0.1501823 -0.1720336 0.9735757 -0.1039164 0.133367 0.9856038 0.02169901 0.082493 0.9963555 0.1146597 0.3490452 0.9300649 -0.1293102 0.3243286 0.9370645 0.185097 -0.3228593 0.9281708 0.2765092 -0.5168219 0.8102085 0.3602777 -0.2340813 0.9029983 0.4704191 -0.2790347 0.8371652 0.5562123 -0.002105772 0.8310376 0.3395533 -0.03994923 0.939738 0.06073313 0.5495281 0.8332649 -0.1342846 0.4171062 0.8988826 0.1744184 0.4014218 0.8991323 0.1372141 0.2808983 0.9498782 0.4079163 0.1944667 0.8920691 0.3589981 0.4267508 0.8300628 0.09598398 0.5864029 0.8043126 -0.09589284 0.457246 0.8841554 0.212567 0.4413094 0.871815 0.1776823 0.3232281 0.9294906 0.4457234 0.2340162 0.8640412 0.3939728 0.4633125 0.7938054 0.7448723 0.1830822 0.6415966 0.5764684 0.323407 0.7503947 0.6705176 0.02908521 0.7413234 0.5638381 0.02496451 0.8255079 0.5650978 -0.2617651 0.7823961 0.7385039 -0.1388624 0.6597949 -0.4938272 -0.1729814 0.8521808 -0.2855993 -0.2851721 0.9149371 -0.411558 -0.002899348 0.911379 -0.2859026 0.01977634 0.9580546 -0.3331805 0.298663 0.8943105 -0.5197179 0.1483252 0.8413638 -0.1749968 -0.1268071 0.9763689 -0.07889205 -0.3478575 0.9342222 0.009583055 -0.05868887 0.9982303 0.1275374 -0.1247907 0.983952 0.2493096 0.1371523 0.9586626 0.00601226 0.1397778 0.9901647 -0.4711256 -0.2829134 0.8354644 -0.2508362 -0.372241 0.8935983 -0.4106048 -0.1078547 0.9054121 -0.2888066 -0.07272809 0.9546211 -0.3699249 0.2015191 0.9069431 -0.5363411 0.0328384 0.8433623 -0.5199576 0.3740752 0.7679271 -0.5070819 0.143808 0.849816 -0.3416047 0.4049326 0.8481367 -0.2600565 0.3169143 0.9121053 -0.04684716 0.5066822 0.8608592 -0.266586 0.573549 0.7745796 -0.9494557 -0.09045922 0.3005847 -0.848434 -0.2219357 0.480525 -0.9105604 0.07181084 0.407091 -0.8462159 0.08258593 0.5264014 -0.8104458 0.3626329 0.4600817 -0.9286915 0.231242 0.28993 -0.2147611 0.02053916 0.9764507 -0.1503085 -0.2151929 0.9649349 -0.02291947 0.0645163 0.9976534 0.08466017 -0.01855564 0.9962372 0.2432348 0.2187282 0.944984 0.002105772 0.2590447 0.9658631 -0.6283843 0.1689221 0.759341 -0.7723909 0.2555714 0.5814601 -0.6970536 -0.01184135 0.7169214 -0.7836171 -0.04986876 0.6192394 -0.6811686 -0.3181676 0.6593776 -0.5787954 -0.1468886 0.8021345 0.09644198 0.479677 0.8721289 0.1380078 0.6724296 0.7271811 -0.09723412 0.5151334 0.8515769 -0.1594944 0.6097469 0.7763828 -0.3974875 0.4460442 0.801903 -0.1984387 0.3556758 0.9133 0.3849942 -0.1143538 0.9158072 0.3982461 0.1298595 0.9080401 0.1972763 -0.09503686 0.9757305 0.1238152 0.01815873 0.9921392 -0.1090146 -0.1543356 0.9819859 0.1056866 -0.2703356 0.9569478 -0.1614161 -0.5190403 0.83937 0.02264499 -0.3818215 0.9239587 -0.2837044 -0.3700731 0.884623 -0.254191 -0.2472937 0.9350042 -0.5160493 -0.1664823 0.8402243 -0.4578474 -0.4002579 0.7938321 0.01763981 -0.03799581 0.9991223 0.2599029 -0.03262519 0.9650835 0.01879948 0.1595823 0.9870057 0.1230238 0.2432703 0.9621252 -0.07727527 0.4415251 0.8939151 -0.1674572 0.2232153 0.9602776 0.02450698 -0.4416142 0.8968704 0.209941 -0.286483 0.9348007 -0.09863871 -0.2960383 0.9500694 -0.06991857 -0.1673956 0.9834074 -0.3494187 -0.1113354 0.9303284 -0.2831566 -0.3448968 0.8949127 -0.5966255 0.271654 0.7551438 -0.5412652 0.04867875 0.8394417 -0.4290752 0.3367229 0.8381601 -0.3333567 0.2664595 0.9043632 -0.1596778 0.4933776 0.8550332 -0.386498 0.5162055 0.7642979 0.652226 -0.06610459 0.7551368 0.5283244 0.1273276 0.839441 0.5143733 -0.1814376 0.8381531 0.4011709 -0.1455446 0.9043666 0.3093739 -0.4161913 0.8550279 0.5315556 -0.365103 0.7642962 0.05618631 0.6531474 0.7551435 -0.1353532 0.5263363 0.8394342 0.1736249 0.5170601 0.8381548 0.1394405 0.403337 0.9043648 0.4114325 0.3156625 0.8550325 0.3569834 0.5370469 0.764293 -0.3935208 -0.1116715 0.912508 -0.6046448 -0.1109064 0.7887361 -0.3796029 -0.3052266 0.873349 -0.4622731 -0.383839 0.7993568 -0.2408272 -0.5704959 0.7851986 -0.1937974 -0.3649495 0.9106341 0.6132225 0.2357304 0.7539161 0.4272652 0.3803576 0.8202272 0.5221436 0.08749693 0.8483574 0.4017537 0.0873152 0.9115756 0.4117019 -0.2015783 0.8887451 0.6044267 -0.08438473 0.792179 0.2903563 -0.5525743 0.7812521 0.3691014 -0.336995 0.8661401 0.1117926 -0.5078736 0.8541468 0.07062172 -0.3941878 0.9163125 -0.1990779 -0.4805277 0.854085 -0.02233982 -0.6313448 0.7751805 0.0604577 0.7824712 0.619745 0.2909976 0.7910495 0.538109 0.00778228 0.8876417 0.460469 0.08463001 0.9303507 0.3567708 -0.1639157 0.9635964 0.2112197 -0.1895259 0.8779231 0.4396941 0.2659729 -0.1890345 0.9452642 0.446675 -0.3141923 0.837714 0.3769704 -0.02621579 0.9258543 0.498596 -0.0119636 0.8667519 0.4390462 0.271619 0.8564237 0.2624033 0.1333075 0.9557059 -0.0918616 -0.3131231 0.9452595 -0.1512222 -0.5247458 0.8377193 0.09821045 -0.3648863 0.9258578 0.1513461 -0.4752189 0.8667534 0.4000106 -0.3263991 0.85642 0.2116507 -0.2045092 0.9557092 -0.3360818 0.7355223 0.5882652 -0.4302541 0.54943 0.7162458 -0.1664507 0.7077973 0.6865255 -0.1353533 0.612737 0.7786097 0.1419128 0.6764819 0.722657 -0.02121061 0.8053631 0.5924023 0.5871874 0.5560274 0.5882555 0.3806 0.5849235 0.7162459 0.6158421 0.3865532 0.686524 0.5359515 0.3263747 0.7786114 0.686005 0.08462905 0.7226583 0.7551638 0.2806838 0.5924056 0.2116835 0.1629743 0.9636543 0.06390708 0.3555176 0.9324823 0.05014288 0.05359154 0.9973033 -0.08066266 0.09030675 0.9926421 -0.1395929 -0.1927872 0.9712605 0.09924799 -0.1385565 0.985369 0.397603 0.4020588 0.8247791 0.1631229 0.4432244 0.8814438 0.3763567 0.2201619 0.8999357 0.2649959 0.1609264 0.950726 0.4036498 -0.09052056 0.9104247 0.5296879 0.1082509 0.8412565 0.7148822 -0.1758822 0.6767637 0.6197474 0.02215671 0.7844885 0.5753542 -0.2832517 0.7672915 0.4734451 -0.2415293 0.8470616 0.350913 -0.4986579 0.792591 0.5668365 -0.4624297 0.681803 0.6479504 0.1938266 0.7366083 0.6044843 0.4261329 0.6730599 0.48602 0.2021904 0.8502374 0.3974261 0.3041887 0.8657492 0.2153123 0.1045279 0.9709349 0.4337046 0.01733475 0.9008885 0.1928219 -0.6905025 0.6971558 0.3498086 -0.5212948 0.7783867 0.05111896 -0.597955 0.799898 0.05917668 -0.4837291 0.873215 -0.2296881 -0.4718891 0.8512133 -0.1259808 -0.663139 0.7378181 0.2261503 0.08780491 0.9701271 0.123695 0.3084288 0.9431709 0.04434353 0.01489305 0.9989054 -0.0754134 0.07901471 0.9940169 -0.1933982 -0.1840899 0.963695 0.05124133 -0.1829001 0.9817952 -0.3486499 -0.3596063 0.865521 -0.04837244 -0.397631 0.9162696 -0.2833094 -0.1358407 0.9493594 -0.09628647 -0.06259381 0.9933837 -0.260909 0.2180294 0.94042 -0.4746662 0.009491443 0.8801147 -0.8776828 0.1048958 0.4676214 -0.7519592 -0.1070914 0.6504528 -0.7437425 0.2449436 0.6219726 -0.6115659 0.1875379 0.7686461 -0.5057356 0.4936804 0.7074682 -0.7293137 0.4641947 0.5026182 -0.3509994 -0.811257 0.4676126 -0.1119133 -0.751257 0.6504526 -0.447009 -0.6429092 0.6219733 -0.3542686 -0.5325931 0.7686602 -0.6174869 -0.3438248 0.7074563 -0.6530256 -0.5665028 0.5026255 -0.9419077 -0.2867565 0.1748738 -0.8125234 -0.3898574 0.4333784 -0.9447957 -0.08368474 0.3167936 -0.8626905 -0.05346989 0.5028978 -0.8825827 0.25691 0.3937578 -0.9831899 0.1006811 0.1523187 -0.7887312 -0.340164 0.5120466 -0.5653932 -0.443989 0.695129 -0.7436007 -0.1417922 0.6534165 -0.5967671 -0.112859 0.7944381 -0.6687899 0.1991659 0.7162772 -0.8495916 0.04510724 0.5255089 0.4540079 -0.2893553 0.8427042 0.4060819 0.005279719 0.9138215 0.2219039 -0.2957904 0.9291215 0.09924733 -0.1405394 0.9850882 -0.1239085 -0.373984 0.9191207 0.1358104 -0.5154084 0.8461145 0.6025672 0.6025978 0.5232483 0.3584147 0.6071748 0.7091386 0.6386963 0.3981475 0.6584419 0.5157973 0.3108944 0.7983094 0.7014606 0.05295133 0.7107385 0.8070827 0.2701262 0.5250234 0.1037953 0.2563906 0.9609841 -0.0430324 0.5066531 0.8610754 -0.132789 0.1840918 0.973898 -0.3025045 0.2814159 0.910657 -0.4081958 -0.03079396 0.9123749 -0.115882 -0.06479263 0.9911475 0.6260687 -0.03595143 0.7789388 0.4772862 0.1366944 0.8680511 0.4995441 -0.1710315 0.8492372 0.3804566 -0.152323 0.9121681 0.3228651 -0.4282487 0.844015 0.540856 -0.3467862 0.766299 0.04025518 0.7098524 0.7031992 -0.1432285 0.5810018 0.8012008 0.165721 0.5859749 0.7932025 0.1384038 0.4760665 0.8684499 0.4132037 0.3976387 0.8192352 0.3463625 0.6087971 0.7137221 -0.4221422 -0.5721138 0.703194 -0.1980417 -0.5646739 0.8012009 -0.4593809 -0.3997456 0.7932041 -0.3763621 -0.3227095 0.8684529 -0.5634491 -0.1066958 0.8192322 -0.623054 -0.3199961 0.7137271 -0.6961515 -0.2295072 0.6802203 -0.4662163 -0.5436444 0.6979206 -0.5675913 -0.2114657 0.7956898 -0.6262575 0.1437462 0.7662498 -0.3555214 -0.1705733 0.918972 -0.3033601 0.0483728 0.9516475 -0.7546837 0.1820787 0.6303172 -0.2116175 -0.3335403 0.9186778 -0.8894162 0.3708063 -0.2672857 -0.8899146 0.4535485 0.04843425 -0.9972112 -0.04739612 -0.0576505 -0.4109688 -0.07092612 0.9088863 -0.2571842 -0.1012317 0.9610455 -0.2476307 0.02978646 0.9683966 0.490961 0.2881309 0.8221544 0.1891897 0.6108456 0.768814 -0.03985804 0.438317 0.8979364 -0.9434656 0.3224031 -0.07699954 -0.9154144 -0.3152602 -0.2502549 -0.9741482 -0.1196359 -0.1916311 -0.9612565 0.2079258 -0.1809776 -0.9704337 -0.2409451 0.0142827 -0.4410354 0.003479182 0.8974831 -0.4061851 -0.4003863 0.821404 -0.0288403 0.1083421 0.9936953 0.1137149 0.05591136 0.991939 -0.508082 0.6293039 0.5880726 -0.1080698 -0.7495306 0.6530887 -0.4513505 -0.6223503 0.6395021 -0.253679 -0.5384271 0.8035815 0.2677406 -0.1394704 0.9533431 -0.2311559 -0.5561292 0.7983028 -0.1667879 -0.401115 0.9007157 -0.6497887 -0.4906605 0.5805402 -0.2438496 -0.7925268 0.5589621 -0.2135727 -0.7102407 0.6707794 -0.3781068 -0.581184 0.7205973 -0.7004466 -0.1896159 0.6880557 0.3206948 -0.190134 0.927903 0.4308971 0.3651288 0.8252326 0.5102204 -0.1018732 -0.853989 0.7223352 -0.1596474 -0.6728631 0.7527016 0.2098214 -0.6240316 0.3481909 0.3348236 0.8755892 -8.54546e-4 0.3279321 0.944701 0.09048891 0.2456172 0.9651342 -0.3640273 0.0220955 0.9311262 -0.06872838 -0.2236725 0.9722383 0.1421586 -0.1162477 0.9829941 0.861771 -0.1818945 -0.4735666 0.5764779 0.4213791 -0.7000808 0.774042 0.2282572 -0.5905572 0.8133136 -0.101111 -0.5729727 0.7456642 0.3756856 -0.5503138 0.5279207 -0.08237123 0.8452897 0.5001197 0.3214292 0.8040919 0.08270645 0.517724 0.8515406 0.1549437 0.1639772 0.9742197 -0.02084434 0.2219634 0.9748322 0.5579556 -0.3787762 0.7383862 -0.961409 0.2550777 0.1030931 -0.6961174 0.6959343 0.1763412 -0.9068925 0.3145054 0.2804149 -0.3351949 0.5857899 0.7378988 0.3132827 0.708144 0.6327608 0.1718825 0.6384252 0.7502465 -0.4756413 0.8640282 0.1649866 -0.8587813 0.5101904 -0.04690808 -0.8065066 0.5858511 -0.07953363 -0.7268149 0.680029 0.09644067 -0.4012415 0.7730621 0.4913049 -0.3558238 0.6372112 0.683631 -0.6775543 0.1614459 0.7175343 -0.03262448 0.1933054 0.9805961 -0.1156369 0.500544 0.8579533 -0.08075338 0.3078151 0.9480131 -0.3944645 0.2904846 0.8717893 -0.03024494 -0.4036833 0.9143989 -0.3257649 -0.5197772 0.7897525 -0.1345291 -0.4668537 0.8740422 -0.0585668 -0.7215102 0.6899226 0.0551784 -0.1120049 0.9921745 0.1177739 0.391837 0.9124655 -0.1339163 -0.1002541 0.9859086 -0.1371827 -0.4461567 0.8843784 -0.3726071 0.06595164 0.9256427 -0.4842852 -0.1492409 0.8620876 -0.1220136 -0.5562332 0.8220203 -0.3874675 0.3481591 0.8536125 0.2266323 -0.07193267 0.9713206 0.03409034 -0.3517988 0.9354547 0.1818639 -0.1413955 0.9731048 0.3567107 0.1487516 0.9222963 -0.1115481 -0.4178707 0.9016326 0.1664838 -0.5846009 0.7940562 -0.04452759 -0.4633437 0.8850592 -0.3164222 -0.2568184 0.9131929 -0.2641149 -0.9616967 0.0733686 -0.1221674 -0.9388853 0.3218225 -0.004364192 -0.9863119 0.1648329 -0.8960067 -0.4278761 0.1187188 -0.8448334 -0.491268 0.2119255 -0.7606092 -0.6468322 0.05551511 -0.7643902 -0.6447539 -3.35714e-4 -0.2383834 -0.9710821 -0.01315361 -0.3956215 0.8420881 0.3665671 -0.4681654 0.7325843 0.4941068 -0.5260925 0.7267572 0.4416455 0.4088096 0.8966649 0.1699024 0.3439235 0.8977293 0.2753158 0.156167 0.9754872 0.1550378 0.07266575 0.9777069 0.1970002 -0.4839772 0.7765975 0.4033143 0.01565623 -0.2415579 0.9702602 0.1972766 -0.3895786 0.8996168 0.1492679 -0.09613454 0.9841125 0.2819072 -0.0985164 0.9543704 0.2655478 0.1908062 0.9450277 0.05377423 0.07770103 0.9955254 -0.879268 0.4134177 0.2365875 -0.4103918 0.65305 0.6364781 -0.5319134 0.6566135 0.5347212 -0.4525107 0.5744966 0.6820468 -0.251385 0.9678188 -0.01150566 -0.335679 0.4648051 0.8193144 -0.2267271 0.9460039 -0.2316713 0.05569642 -0.9918847 -0.1142921 -0.2740325 -0.8541428 0.4419801 -0.2461672 -0.9212806 0.3010711 -0.1776207 -0.8669232 0.4657202 -0.7501016 -0.6557666 -0.08554536 -0.1026346 -0.7656856 0.6349737 -0.7857223 -0.5519742 -0.2792221 -0.9472472 -0.1760333 0.2678343 -0.8171811 -0.3160259 0.4820196 -0.8460926 -0.4286161 0.3168841 -0.7134218 0.6159123 0.3341876 -0.7295939 0.5347588 0.4262933 -0.8682214 0.4065515 0.2844426 -0.879837 0.4157015 0.2303891 -0.9638748 -0.1956559 0.1807322 -0.3982738 0.8770874 0.2685067 -0.4327929 0.7382596 0.5173617 -0.5853532 0.7120679 0.3877125 0.4178025 0.8994809 0.1279653 0.3607704 0.9018192 0.237838 0.164561 0.9776917 0.1305318 0.1560738 0.984846 0.07562589 -0.4427679 0.8764107 0.1893696 0.08835375 -0.9952999 -0.03964471 0.2582212 -0.9478589 0.1867762 0.3537492 -0.9352943 0.00927782 -0.6646851 -0.7260294 0.1762809 -0.5790166 -0.7758982 0.2504433 -0.4786034 -0.8758729 0.06152683 -0.4931533 -0.869908 0.007751762 0.09918683 -0.9866193 -0.1294007 0.4878805 -0.1580896 0.8584756 0.3199952 0.1283643 0.938683 0.4520104 -0.08951091 0.8875102 0.5784014 -0.3657431 0.7291666 0.1778321 0.08252239 0.9805947 0.4522322 0.2437256 0.8579533 0.2755846 0.1591859 0.9480048 0.1760075 0.4571556 0.8717972 -0.3973627 -0.07739722 0.914392 -0.587348 0.1769521 0.7897533 -0.4858297 0.006469964 0.8740296 -0.7113741 -0.1340101 0.689919 -0.09344941 -0.08279824 0.9921754 0.4090463 -0.01013231 0.9124574 -0.1320546 0.1026956 0.9859083 -0.4665438 0.0144965 0.8843793 -0.03473043 0.3768163 0.9256368 -0.2718001 0.42769 0.8620941 -0.5687138 -0.02917575 0.822018 0.2334983 0.4656538 0.8536071 -0.009521842 -0.2375882 0.9713193 -0.330313 -0.125771 0.9354545 -0.08835303 -0.2127492 0.9731041 0.2376554 -0.3047678 0.9222996 -0.4325152 -0.002716183 0.9016227 -0.5198717 -0.3149628 0.7940604 -0.4586724 -0.07934981 0.8850556 -0.3312818 0.2373754 0.9131842 -0.9973047 7.93498e-4 0.07336801 -0.9378259 -0.1300424 0.3218255 -0.9524646 -0.2562062 0.1648326 -0.6493023 0.751207 0.1187208 -0.6969105 0.68513 0.2119266 -0.8247226 0.5628061 0.05551457 -0.8237087 0.5670131 -3.35709e-4 -0.9995633 -0.02646011 -0.01315373 0.7077476 0.6039203 0.3665699 0.5829836 0.6449687 0.4941108 0.5620462 0.6993227 0.4416469 0.9727879 -0.1575382 0.1698983 0.9566821 -0.09467023 0.2753127 0.9821069 0.1069086 0.1550374 0.962204 0.1880277 0.1970003 0.6212513 0.6718524 0.4033128 -0.2288613 -0.07889133 0.9702571 -0.323655 -0.2931665 0.8996115 -0.05328607 -0.1693497 0.9841145 -0.02060043 -0.2979284 0.954366 0.2541639 -0.2057299 0.9450269 0.0891456 -0.03134286 0.9955253 0.1665723 0.9572264 0.2365828 0.5215103 0.5682656 0.6364758 0.4928562 0.6864095 0.5347287 0.4346274 0.5881402 0.6820486 0.8670905 0.4980178 -0.01150584 0.3596683 0.4464952 0.8193173 0.8525609 0.4684736 -0.2316731 -0.941974 -0.3156292 -0.1142942 -0.8961894 0.03875905 0.4419757 -0.9535829 -0.005798697 0.3010752 -0.8830603 -0.05755835 0.4657163 -0.8305557 0.5503264 -0.08554595 -0.7656069 -0.1031552 0.6349844 -0.7398485 0.6120948 -0.2792209 -0.4199139 0.8671424 0.2678366 -0.5205984 0.7047214 0.482022 -0.6368148 0.7028891 0.3168814 0.4056673 0.8507356 0.3341903 0.3231036 0.8449158 0.426288 0.1628816 0.9447558 0.2844399 0.1686505 0.9583719 0.2303913 -0.4432272 0.8780006 0.1807334 0.7407973 0.6157288 0.2685096 0.5977803 0.6123685 0.5173621 0.5322248 0.7526041 0.3877162 0.9778761 -0.1654768 0.1279683 0.9650752 -0.1098383 0.2378354 0.9864487 0.09940171 0.1305315 0.9911088 0.1094721 0.07562637 0.7284057 0.6584553 0.1893726 -0.93664 -0.3480431 -0.03964465 -0.8460245 -0.4993562 0.1867778 -0.8086907 -0.5881609 0.009277701 -0.8757706 0.449391 0.1762772 -0.9012516 0.3535912 0.2504375 -0.971167 0.2303248 0.0615257 -0.9692511 0.2459521 0.007751762 -0.9254094 -0.3561919 -0.1294022 -0.02365219 -0.5123218 0.8584679 0.2082952 -0.2747361 0.9386869 0.03299093 -0.4595846 0.887521 -0.2000521 -0.6544498 0.7291603 0.9018664 0.4142646 0.1225642 0.7905463 0.4814754 0.3784416 0.7510461 0.6172806 0.2342956 0.9068487 -0.4131695 0.08316493 0.9210852 -0.3430417 0.1841865 0.9855875 -0.16282 0.04590088 0.9868505 -0.1613215 -0.01007109 0.8928537 0.4486547 0.03900283 -0.191874 -0.9788111 0.07150644 -0.04226875 -0.9482862 0.3145897 0.07233011 -0.9856432 0.1525647 -0.8578889 -0.4921188 0.1478034 -0.7987171 -0.5525495 0.238202 -0.7098432 -0.7001686 0.07672494 -0.7159562 -0.6978276 0.02105838 -0.1689539 -0.9854933 -0.01605302 -0.1918736 -0.978809 0.07153677 -0.1730738 -0.9310466 -0.3212442 -0.07922685 -0.9951883 -0.05765002 0.06808751 -0.9784948 -0.1947101 -0.8545367 -0.4713991 -0.2180594 -0.8140107 -0.5625317 -0.1447225 -0.6886109 -0.6478674 -0.3257038 -0.6828702 -0.625799 -0.3769138 -0.1319634 -0.9075382 -0.3986979 -0.8733969 0.1534197 -0.4622125 -0.963803 -0.03390705 -0.2644507 -0.893432 -0.1207052 -0.432677 -0.5862333 0.8088975 -0.04489296 -0.6790566 0.7339915 -0.01178044 -0.7034332 0.6698318 -0.2377128 -0.6717941 0.6852227 -0.2813588 -0.828529 0.1453008 -0.5407657 -0.6778101 -0.7162038 -0.1662098 -0.6710267 -0.7316074 0.1203069 -0.531915 -0.8462909 0.02929818 -0.9354065 0.04934912 -0.3501136 -0.9675706 -0.01876908 -0.2519028 -0.9042059 -0.2130882 -0.3701424 -0.8809054 -0.2162283 -0.4210119 -0.6233631 -0.7466624 -0.2321932 -0.3731606 0.8913187 0.2574921 -0.5584775 0.7259383 0.4013932 -0.6127994 0.7617647 0.2102177 0.3750515 0.7283427 0.5734574 0.266646 0.72657 0.6332424 0.1761563 0.8669258 0.4662709 0.2011551 0.8851618 0.4195538 -0.3648004 0.9153735 0.1703297 -0.9227603 0.3450852 0.1715507 -0.8865275 0.200604 0.4169256 -0.9598886 0.0879867 0.2662187 -0.3350361 0.9287807 0.1584845 -0.3925403 0.8828037 0.2580109 -0.5701252 0.8129037 0.1189324 -0.5735535 0.8167331 0.06311434 -0.9432421 0.3206297 0.08655107 -0.9851744 0.001892149 0.1715456 -0.9008704 -0.1208567 0.416925 -0.9303882 -0.2519998 0.266222 -0.6377043 0.7538004 0.1584876 -0.6755708 0.6906778 0.2580084 -0.8176727 0.5632639 0.1189336 -0.822213 0.5656701 0.06311333 -0.9958499 -0.02813893 0.08655315 0.8033082 0.5703211 0.1715511 0.663372 0.6213772 0.416927 0.6112995 0.7452788 0.266219 0.9568381 -0.2436043 0.1584862 0.9510324 -0.1702044 0.2580074 0.9927742 0.01596128 0.1189315 0.9978674 0.01666313 0.06311249 0.7945632 0.6009809 0.08655196 0.1702638 0.9748895 0.1435294 0.009399831 0.9264633 0.3762679 -0.09772306 0.9725004 0.2114078 0.8404403 0.4942905 0.2221194 0.7757606 0.5478758 0.3130937 0.6923213 0.7042847 0.1570808 0.7012206 0.7056459 0.1017526 0.1515867 0.9868856 0.0554831 0.9279339 -0.01544266 0.3724248 0.8153604 0.1796075 0.5503897 0.8885368 0.2581011 0.3793234 0.4980844 -0.7132495 0.4931402 0.5243244 -0.6261374 0.5770926 0.7045719 -0.5550876 0.4421046 0.7191016 -0.5741643 0.3914437 0.9579106 -0.01260447 0.2867903 0.9320088 -0.03238129 0.3609863 0.7970879 0.04525923 0.6021649 0.8509675 0.2008775 0.4852861 0.6201746 -0.7701139 0.1493595 0.6356344 -0.725515 0.2638125 0.7976791 -0.5756218 0.1799104 0.8131327 -0.5681521 0.1265646 0.9580622 0.01217716 0.2863016 -0.9701455 -0.1092283 0.216534 -0.8663259 -0.314961 0.3876584 -0.9044132 -0.3772203 0.199353 -0.6372511 0.6014211 0.4818754 -0.6667877 0.5025628 0.5502952 -0.8163622 0.4341989 0.3808205 -0.8249614 0.4581831 0.3309184 -0.9864143 -0.1037656 0.127357 -0.966515 -0.1477743 0.2097895 -0.8586859 -0.2057598 0.469384 -0.8641269 -0.3655006 0.3459681 -0.7670879 0.6397639 0.04773122 -0.7916108 0.5901221 0.1584564 -0.9082226 0.4154281 0.05050933 -0.9135755 0.4066439 -0.004547417 -0.9719978 -0.1943751 0.1320554 0.8803985 0.473664 -0.02325588 0.7684472 0.6060231 0.2054869 0.7204421 0.6928831 0.02960383 0.9279005 -0.3292393 0.1749351 0.9395403 -0.232558 0.2513579 0.9931389 -0.09665262 0.0658288 0.9937311 -0.1111809 0.01171928 0.868736 0.4822378 -0.1128914 -0.03424185 0.9952111 0.09155571 -0.1408461 0.9264714 0.3490176 -0.2804409 0.9380379 0.203563 0.7310529 0.6790485 0.0667451 0.6712417 0.722392 0.166086 0.5308298 0.8471668 0.02298134 0.5302722 0.8471843 -0.0330218 -0.06891107 0.9975935 0.00766015 0.2118326 -0.9730078 0.09155708 0.3044323 -0.8862872 0.3490213 0.4438337 -0.8726827 0.2035598 -0.5976947 -0.7989406 0.06674623 -0.5310907 -0.8308783 0.1660841 -0.370619 -0.9285007 0.02298057 -0.3700724 -0.928416 -0.03302145 0.2463468 -0.9691516 0.00766015 -0.2211105 -0.9752056 -0.009186208 -0.09415274 -0.9641734 0.2480018 0.0341503 -0.9948765 0.09515702 -0.8794823 -0.4745182 0.03665399 -0.8304796 -0.5421373 0.1280266 -0.7304626 -0.6821212 -0.03369247 -0.7312933 -0.6761763 -0.08942031 -0.190258 -0.9771707 -0.09454911 -0.510159 -0.8600311 -0.009186267 -0.3859807 -0.8885461 0.2480018 -0.2733011 -0.9572101 0.09515941 -0.9827649 -0.1811898 0.03665298 -0.9569203 -0.2606009 0.1280268 -0.9047755 -0.4245541 -0.03369331 -0.9037299 -0.4186602 -0.08942079 -0.4814086 -0.8713819 -0.09454822 0.8645263 -0.5025038 -0.009186327 0.8919373 -0.3780776 0.2480028 0.9596021 -0.2647809 0.09515756 0.1899179 -0.9811156 0.03665292 0.2690849 -0.9545693 0.1280266 0.4325826 -0.9009645 -0.03369343 0.4266587 -0.8999813 -0.08942127 0.8756207 -0.4736549 -0.09454786 0.04016292 0.9984588 -0.03830128 -0.8668472 0.497652 0.03030592 -0.9082038 0.4170205 0.03549432 -0.7592866 -0.6474338 0.06567722 0.3470324 -0.4033402 0.8466908 0.5186399 -0.3042744 0.799018 0.455223 -0.3438588 0.8212997 0.615507 -0.2355455 0.75211 -0.9082028 0.4170201 0.03552478 0.8610679 -0.5070456 -0.03830152 0.848104 0.5289624 0.03030574 0.7965824 0.6034872 0.03549385 -0.2119874 0.975063 0.06567764 -0.519435 -0.1153317 0.8466913 -0.5131772 -0.3133997 0.7990182 -0.5181226 -0.2387813 0.8212993 -0.4983794 -0.4312065 0.7521165 0.2833717 -0.958245 -0.0383017 0.9809043 -0.1921157 0.03030514 0.9941045 -0.1024532 0.03549391 0.5104332 0.8574057 0.06567722 -0.4583974 0.2701554 0.8466923 -0.5889863 0.1210994 0.7990182 -0.5416825 0.1790247 0.821298 -0.6585688 0.02487295 0.7521095 0.6375838 -0.7694283 -0.038302 0.977369 0.2093599 0.03030526 0.954224 0.2969762 0.03552359 0.1318724 0.9890886 0.06567674 -0.5277333 0.06796562 0.8466867 -0.5891482 -0.1204299 0.7990001 -0.5684418 -0.04855525 0.8212895 -0.6152344 -0.2362483 0.7521126 -0.1001952 -0.9942304 -0.03830182 0.8353216 -0.5489256 0.03030592 0.8814513 -0.4709395 0.03549361 0.7968827 0.6005536 0.06567692 -0.3221263 0.42351 0.8466842 -0.4993821 0.3349458 0.7990175 -0.4337028 0.370651 0.8212916 -0.6002154 0.2721676 0.752108 0.05758935 -0.9976055 -0.03830134 0.9113373 -0.4105458 0.0302751 0.9446057 -0.3262828 0.03549402 0.6923658 0.7185515 0.065678 -0.3847829 0.3675092 0.8466872 -0.5458954 0.2521184 0.799021 -0.4866527 0.2977414 0.8212912 -0.6355672 0.1742659 0.7521209 -0.09958451 0.9941971 -0.04068219 -0.9228193 0.366265 -0.1193924 -0.9522975 0.2804429 -0.120338 -0.657353 -0.7515352 -0.05551439 0.256299 -0.3613151 0.8965279 0.4172202 -0.2377097 0.8771666 0.3574039 -0.2864176 0.8889474 0.5094797 -0.1550046 0.8464065 -0.04165834 0.00213629 0.9991297 0.2965852 -0.01532059 0.9548835 0.04086494 -0.002105772 0.9991626 -0.2982621 0.01541209 0.9543596 0.3264666 0.006348013 0.9451875 0.2962476 0.3423618 0.8916422 0.3226212 0.08884215 0.9423496 0.3239271 -0.2523299 0.9118118 -0.3019279 -0.05853605 0.9515321 -0.02502572 -0.2580397 0.9658101 -0.2372843 -0.1081284 0.9654039 -0.490905 0.09934073 0.8655309 -0.2672572 0.1521996 0.9515298 -0.1870518 -0.1795136 0.9658088 -0.2504699 0.07245224 0.9654095 -0.3077907 0.3951075 0.8655374 -0.1337037 -0.1449652 0.9803614 0.1339482 -0.1422188 0.9807302 0 0.004852533 0.9999883 0.1372442 0.1519849 0.9788077 -0.1375496 0.1491164 0.9792061 -0.02050876 0.2894119 0.956985 0.08844494 0.04788476 0.9949295 0.1710907 0.2263 0.9589141 0.354901 0.1498159 0.9228221 0.24309 0.3979474 0.8846158 -0.644201 -0.1556483 0.7488516 -0.6188164 -0.4101841 0.6699368 -0.5154018 -0.301587 0.8021261 -0.3674458 -0.4383714 0.8202525 -0.3939061 -0.1772837 0.9018916 -0.3900394 -0.5358006 0.7488573 -0.2058846 -0.7133023 0.669934 -0.1973951 -0.5635893 0.8021237 0.003906369 -0.5719844 0.8202553 -0.1853405 -0.3901824 0.9018906 0.1376117 0.6482918 0.748853 -0.1029124 0.7352499 0.6699379 -0.04959321 0.5950884 0.8021287 -0.2368282 0.520656 0.820262 0.01007121 0.4318418 0.9018932 -0.4139051 0.2671675 0.8702323 -0.5303617 0.02725356 0.8473334 -0.3572912 0.08304339 0.9302939 -0.2897492 -0.1064814 0.951161 -0.1704482 0.1398987 0.975385 0.09445691 0.5218478 0.8477929 -0.0967158 0.6713038 0.7348451 -0.1069084 0.5105234 0.8531919 -0.3046797 0.4820305 0.8214724 -0.1084332 0.3289925 0.9380865 0.2212005 0.3034183 0.9268267 0.03756892 0.4899833 0.870922 0.02093619 0.3076951 0.9512547 -0.1806729 0.3035427 0.9355316 0.007873952 0.1122501 0.9936488 0.708208 -0.02844429 0.7054306 0.7206568 0.2336877 0.6527203 0.6093131 0.1297975 0.7822341 0.4877592 0.2857826 0.8248753 0.4754889 0.01672446 0.8795628 0.5683004 -0.08997094 0.8178875 0.5881928 0.1754232 0.7894657 0.4559259 0.06232011 0.8878332 0.3274984 0.2153109 0.9199925 0.3074776 -0.05713129 0.9498388 0.3181301 0.07492411 0.9450819 0.388569 0.3201147 0.8640259 0.2186976 0.2504982 0.9430918 0.1136837 0.4182952 0.9011688 0.04156702 0.1667259 0.9851268 0.260971 -0.4700286 0.8431888 0.4635286 -0.2951836 0.8354686 0.2813233 -0.2832764 0.9168488 0.2943862 -0.08444601 0.9519484 0.08667474 -0.2642055 0.960564 0.1375479 -0.03588998 0.9898447 0.03512698 -0.2812601 0.9589885 0.2233098 -0.2143371 0.9508903 0.2962851 -0.3864098 0.873443 0.4015731 -0.1346512 0.9058743 -0.1300096 0.2217183 0.966405 -0.3102584 0.02444589 0.950338 -0.1149954 0.02224826 0.9931169 -0.0995838 -0.1789334 0.9788084 0.08536094 0.02359098 0.9960708 -0.3952518 -0.1859828 0.899548 -0.5529491 -0.3485307 0.7568182 -0.3763639 -0.3793854 0.8452319 -0.3459914 -0.5576698 0.754516 -0.1843955 -0.3910394 0.9017131 0.4369769 -0.5234689 0.7314586 0.6534415 -0.3891472 0.6492909 0.5139405 -0.3448956 0.7854378 0.5735238 -0.1525368 0.8048622 0.3516778 -0.2907301 0.8898308 0.115087 -0.2811406 0.9527408 0.374467 -0.2650262 0.8885582 0.2471113 -0.1287286 0.9603983 0.3725219 0.02658253 0.9276426 0.106419 0.009888052 0.9942722 -0.4160367 -0.2510503 0.8740066 -0.5932085 -0.3720638 0.7139133 -0.4220239 -0.4364596 0.7946062 -0.4147296 -0.6036454 0.6808903 -0.2331661 -0.4797301 0.8458681 -0.6829017 0.1502774 0.714886 -0.7946929 -0.06586068 0.6034283 -0.6599192 -0.0470913 0.7498595 -0.6130986 -0.2439088 0.7514112 -0.4988395 -0.02200448 0.8664151 -0.5571932 0.5264296 0.6421898 -0.409814 0.729138 0.5480971 -0.5830369 0.6512471 0.485742 -0.5815736 0.7519928 0.3102886 -0.7333274 0.54438 0.4072854 -0.8342477 -0.5149843 0.1970332 -0.8302459 -0.5532531 -0.06784427 -0.7490619 -0.6573824 0.08218801 -0.6349523 -0.7715258 -0.039797 -0.6396576 -0.732742 0.2322226 -0.5530942 -0.1717604 0.815221 -0.695204 -0.3201192 0.6435955 -0.5385748 -0.3651334 0.7593517 -0.5056354 -0.5436007 0.6699486 -0.3601614 -0.391566 0.8467348 0.360493 -0.6702325 0.6487165 0.1545796 -0.584351 0.7966424 0.1684377 -0.7308838 0.6613907 -0.03158748 -0.7590156 0.6503058 0.1799423 -0.8477371 0.4989615 0.6657851 -0.5007351 0.5531678 0.6098952 -0.3078775 0.7302324 0.5258401 -0.4863182 0.6978445 0.3658083 -0.4482417 0.8156371 0.4236286 -0.6465975 0.63439 -0.0708661 -0.8124274 0.57874 -0.1726173 -0.6358397 0.7522708 -0.2592636 -0.7478207 0.6111847 -0.4361224 -0.6501855 0.6221383 -0.3318351 -0.8320751 0.4444509 0.5466597 -0.6210349 0.5616751 0.3207008 -0.6328561 0.70473 0.3850914 -0.7413423 0.549651 0.2057929 -0.8297943 0.5187397 0.4380674 -0.81821 0.3723298 0.2574589 -0.3305216 0.9080036 0.01840311 -0.2292302 0.9731984 0.07226908 -0.4106642 0.9089182 -0.1178367 -0.4705838 0.8744515 0.1276319 -0.5748928 0.8082132 0.5985976 -0.6249964 0.5010592 0.3843006 -0.6453638 0.6601657 0.4388112 -0.7481886 0.497653 0.2593222 -0.839402 0.4776571 0.4797077 -0.8190556 0.314688 0.2808654 0.05111914 0.9583849 0.02560573 0.1243358 0.9919098 0.1128606 -0.05545365 0.9920622 -0.06235051 -0.1563189 0.9857367 0.1998103 -0.2315504 0.952082 -0.09836387 0.09790611 0.9903227 -0.3567064 0.1251585 0.9257948 -0.2471748 -0.03653144 0.968282 -0.3890842 -0.1666021 0.9060118 -0.1240305 -0.1945607 0.9730173 -0.8151283 -0.04120045 0.5778136 -0.9025079 -0.2004488 0.3811823 -0.8007972 -0.2403703 0.5485853 -0.7562435 -0.4298065 0.4933177 -0.6671496 -0.2664936 0.695624 0.08441632 -0.9882148 0.1276927 0.2649076 -0.9129242 0.310473 0.06784433 -0.9436867 0.3238096 0.05276739 -0.8600878 0.5074097 -0.1324228 -0.9381299 0.3199634 -0.5429471 -0.3575394 0.7598513 -0.3175545 -0.3098942 0.8961722 -0.4760109 -0.1942559 0.8577169 -0.3860298 -0.02490317 0.9221501 -0.6177986 -0.07400882 0.782846 0.6905473 -0.2058183 0.6933855 0.4802163 -0.3133994 0.8192517 0.6104136 -0.3909503 0.6888782 0.5023173 -0.5594189 0.6593391 0.7187287 -0.4492436 0.530669 0.1888854 0.2449498 0.9509584 -0.07831132 0.2441813 0.9665625 0.05627632 0.09891086 0.9935038 -0.08212661 -0.04855573 0.9954384 0.1922409 -0.04770159 0.9801878 0.2694565 0.09158891 0.9586473 0.5084874 0.0213027 0.8608059 0.4223331 0.2001489 0.8840674 0.5607286 0.297165 0.7728368 0.3156316 0.3694983 0.8739839 -0.5102182 0.08609437 0.8557249 -0.2839199 -0.01300114 0.9587599 -0.342058 0.1748743 0.9232635 -0.1579964 0.2528797 0.9545098 -0.3906189 0.3547585 0.8494488 0.1831775 -0.05563688 0.9815043 0.431078 0.006897211 0.9022883 0.2755577 0.1215274 0.9535719 0.3606436 0.2920978 0.885785 0.1063291 0.2279178 0.9678573 0.6493325 0.06445711 0.7577682 0.8192639 0.1242752 0.5597877 0.7007171 0.2396965 0.6719682 0.7265946 0.4035212 0.5560854 0.5526736 0.3422737 0.759869 0.6468025 -0.08618742 0.7577719 0.8259348 -0.06692808 0.5597789 0.7370243 0.07257324 0.6719586 0.7997825 0.2260851 0.5560878 0.6164593 0.2063409 0.7598694 -0.3766371 0.7088078 0.5964362 -0.1187796 0.7412437 0.6606432 -0.2310043 0.8239734 0.5174021 -0.07288038 0.9045041 0.4201914 -0.3377891 0.8718183 0.3547274 0.3715134 -0.2273089 0.9001715 0.5618487 -0.05456733 0.8254384 0.388447 -0.02731454 0.9210662 0.3935494 0.1740529 0.9026763 0.1984328 -0.003296017 0.980109 -0.03943091 -0.07791572 0.9961799 0.2173284 -0.1468287 0.9649921 0.1302261 0.03116023 0.9909946 0.297313 0.1355945 0.9451028 0.03378456 0.2063696 0.9778908 -0.3040338 -0.6627583 0.6843355 -0.04803735 -0.7398187 0.6710892 -0.1395331 -0.6034837 0.785072 0.03332698 -0.5225201 0.8519755 -0.2295984 -0.443876 0.8661747 -0.2290791 -0.17332 0.9578533 0.03482198 -0.2140287 0.9762066 -0.07529026 -0.04840302 0.9959863 0.08466017 0.07541286 0.993552 -0.1863486 0.1171317 0.9754766 -0.1140179 0.04052883 0.9926517 0.1182325 -0.09238249 0.9886793 0.07770264 0.1033086 0.9916096 0.2681102 0.1578752 0.9503643 0.02966451 0.2944175 0.9552165 0.3426635 0.007843255 0.9394255 0.22688 -0.2333806 0.945547 0.41143 -0.1763707 0.8942141 0.4598389 -0.3555534 0.8137137 0.5790057 -0.107976 0.8081421 0.07492476 0.8097063 0.5820326 0.005127131 0.6350044 0.7724915 0.1839687 0.6887843 0.701236 0.2821502 0.5382676 0.7941407 0.3539334 0.7181519 0.5991568 0.2506551 0.3627526 0.8975425 0.06003051 0.19352 0.9792581 0.256422 0.1684657 0.9517706 0.2475134 -0.03296107 0.9683237 0.4434108 0.1409063 0.8851736 -0.347486 0.06231915 0.9356121 -0.53964 -0.09543341 0.8364694 -0.3637253 -0.1382815 0.9211852 -0.3691918 -0.3332707 0.8675414 -0.1722183 -0.1713333 0.9700443 0.02993923 0.2570627 0.9659309 0.287703 0.1903473 0.9386134 0.192242 0.3638529 0.9114023 0.3496341 0.4525466 0.82034 0.08511769 0.5213268 0.8491016 -0.01504564 -0.06723254 0.997624 0.2485173 -0.03109896 0.9681282 0.0986374 0.09927833 0.9901588 0.2121694 0.2596878 0.9420968 -0.05835157 0.2226639 0.9731474 -0.1099929 0.7691266 0.6295601 -0.3588501 0.672165 0.6476272 -0.1929138 0.6311739 0.7512682 -0.2720494 0.4679531 0.8408384 -0.01669406 0.5679954 0.8228624 -0.2720211 0.4679569 0.8408453 0.4259886 -0.1901963 0.8845108 0.35781 0.06433498 0.9315757 0.2584955 -0.1067553 0.9600955 0.08197295 -0.01486253 0.9965237 0.1521967 -0.2762857 0.9489481 0.2033182 -0.1359931 0.9696224 0.1385587 0.1233904 0.9826375 0.02725315 -0.04181057 0.9987539 -0.1482632 0.05807834 0.9872411 -0.08172971 -0.2082611 0.9746526 -0.005157768 0.1113042 0.993773 -0.05136382 0.3668716 0.9288526 -0.1758507 0.2137858 0.9609225 -0.3374795 0.3114468 0.8883177 -0.2901474 0.04925823 0.9557135 -0.5589548 0.2911509 0.7764025 -0.4103034 0.1096869 0.9053288 -0.382008 0.3047946 0.8724507 -0.1894301 0.3018919 0.9343327 -0.3423674 0.4884335 0.8026314 0.3827078 0.7606548 0.5243464 0.3359279 0.5954961 0.7297512 0.4952946 0.6174321 0.6111146 0.584848 0.448059 0.6761628 0.6332501 0.6181125 0.4657589 -0.1902866 0.09799683 0.9768252 -0.4057489 -0.04730427 0.9127597 -0.2219051 -0.1011406 0.9698087 -0.2486989 -0.2959728 0.9222521 -0.02768057 -0.1467955 0.9887796 0.0833159 -0.2136 0.973362 -0.1531128 -0.3316783 0.9308845 0.0339064 -0.4005291 0.9156565 -0.02118039 -0.5706207 0.8209406 0.2215687 -0.4496685 0.8652777 0.7889542 -0.6049229 0.1077941 -0.4380443 0.667733 0.6018722 0.6405894 -0.2036519 0.7403858 -0.6638889 -0.5301833 0.5274061 -0.1638268 -0.4622125 0.8715047 -0.6307152 -0.4833978 0.6070626 0.6128007 -0.5729423 0.544254 0.6527132 -0.1091365 0.7497031 0.3153901 0.3813735 0.8689554 0.1576955 0.4690884 0.8689581 -0.4914902 0.05786544 0.8689587 0.01965433 0.4292522 0.9029708 0.4917562 -0.4200665 0.7627058 -0.05847549 -0.6440856 0.7627152 -0.568237 -0.6177086 0.5436385 0.5405881 0.5293875 0.6538452 0.6533337 -0.3816174 0.6538526</float_array>
          <technique_common>
            <accessor source="#tree_oak_bush_a200-mesh-normals-array" count="1616" stride="3">
              <param name="X" type="float"/>
              <param name="Y" type="float"/>
              <param name="Z" type="float"/>
            </accessor>
          </technique_common>
        </source>
        <source id="tree_oak_bush_a200-mesh-map-0">
          <float_array id="tree_oak_bush_a200-mesh-map-0-array" count="8514">0.2378866 0.001106619 0.551374 0.5313483 0.6708162 0.001106619 0.1468858 0.4394145 0.002034306 0.9929001 0.3739684 0.9929 0.9999001 0.4898265 0.8789055 0.4625447 0.9999001 0.9999001 0.3759027 0.9995645 0.551374 0.5313483 0.3095951 0.5195625 0.8107848 0.9995645 0.551374 0.5313483 0.6226554 0.9995645 0.7390388 0.4874166 0.551374 0.5313483 0.8107848 0.9995645 0.6226554 0.9995645 0.551374 0.5313483 0.3759027 0.9995645 0.002034306 0.9929001 0.1468858 0.4394145 0.01759999 9.998e-5 0.1468858 0.4394145 0.3043724 0.4817284 0.01759999 9.998e-5 0.3739684 0.9929 0.3043724 0.4817284 0.1468858 0.4394145 0.6731231 0.001106619 0.8789055 0.4625447 0.9999001 0.001106619 0.9999001 0.9999001 0.8789055 0.4625447 0.8399379 0.5109759 0.3095951 0.5195625 0.551374 0.5313483 0.2378866 0.001106619 0.6708162 0.001106619 0.551374 0.5313483 0.7390388 0.4874166 0.2378866 0.001106619 0.6708162 0.001106619 0.551374 0.5313483 0.1468858 0.4394145 0.3739684 0.9929 0.002034306 0.9929001 0.3759027 0.9995645 0.3095951 0.5195625 0.551374 0.5313483 0.8107848 0.9995645 0.6226554 0.9995645 0.551374 0.5313483 0.7390388 0.4874166 0.8107848 0.9995645 0.551374 0.5313483 0.6226554 0.9995645 0.3759027 0.9995645 0.551374 0.5313483 0.002034306 0.9929001 0.01759999 9.998e-5 0.1468858 0.4394145 0.1468858 0.4394145 0.01759999 9.998e-5 0.3043724 0.4817284 0.3739684 0.9929 0.1468858 0.4394145 0.3043724 0.4817284 0.3095951 0.5195625 0.2378866 0.001106619 0.551374 0.5313483 0.6708162 0.001106619 0.7390388 0.4874166 0.551374 0.5313483 0.9999001 0.001106619 0.8789055 0.4625447 0.9999001 0.4898265 0.8399379 0.5109759 0.8789055 0.4625447 0.6731231 0.001106619 0.2378866 0.001106619 0.551374 0.5313483 0.6708162 0.001106619 0.1468858 0.4394145 0.002034306 0.9929001 0.3739684 0.9929 0.9999001 0.4898265 0.8789055 0.4625447 0.9999001 0.9999001 0.3759027 0.9995645 0.551374 0.5313483 0.3095951 0.5195625 0.8107848 0.9995645 0.551374 0.5313483 0.6226554 0.9995645 0.7390388 0.4874166 0.551374 0.5313483 0.8107848 0.9995645 0.6226554 0.9995645 0.551374 0.5313483 0.3759027 0.9995645 0.002034306 0.9929001 0.1468858 0.4394145 0.01019245 0.4725614 0.1468858 0.4394145 0.3043724 0.4817284 0.01759999 9.998e-5 0.3739684 0.9929 0.3043724 0.4817284 0.1468858 0.4394145 0.6731231 0.001106619 0.8789055 0.4625447 0.9999001 0.001106619 0.9999001 0.9999001 0.8789055 0.4625447 0.8399379 0.5109759 0.3095951 0.5195625 0.551374 0.5313483 0.2378866 0.001106619 0.6708162 0.001106619 0.551374 0.5313483 0.7390388 0.4874166 0.2378866 0.001106619 0.6708162 0.001106619 0.551374 0.5313483 0.1468858 0.4394145 0.3739684 0.9929 0.002034306 0.9929001 0.3759027 0.9995645 0.3095951 0.5195625 0.551374 0.5313483 0.8107848 0.9995645 0.6226554 0.9995645 0.551374 0.5313483 0.7390388 0.4874166 0.8107848 0.9995645 0.551374 0.5313483 0.6226554 0.9995645 0.3759027 0.9995645 0.551374 0.5313483 0.002034306 0.9929001 0.01759999 9.998e-5 0.1468858 0.4394145 0.1468858 0.4394145 0.01759999 9.998e-5 0.3043724 0.4817284 0.3739684 0.9929 0.1468858 0.4394145 0.3043724 0.4817284 0.3095951 0.5195625 0.2378866 0.001106619 0.551374 0.5313483 0.6708162 0.001106619 0.7390388 0.4874166 0.551374 0.5313483 0.9999001 0.001106619 0.8789055 0.4625447 0.9999001 0.4898265 0.8399379 0.5109759 0.8789055 0.4625447 0.6731231 0.001106619 0.01019245 0.4725614 0.1468858 0.4394145 0.01759999 9.998e-5 0.3359558 0.4969456 0.5165344 0.04522454 0.3584662 0.5009129 0.2688637 7.18602e-5 0.3051288 0.4915125 0.2533556 0.47743 0.2004232 0.4795666 0.2017109 0.003620684 0.2262256 0.4785251 0.1508641 0.4966286 0.1329639 0.007253825 0.2004232 0.4795666 0.2097424 0.7376904 0.1880982 0.9964253 0.1694812 0.746527 0.2017109 0.003620684 0.2533556 0.47743 0.2262256 0.4785251 0.2508891 0.9999281 0.2521224 0.7386791 0.2924569 0.7457203 0.2190616 0.9958142 0.227077 0.7380948 0.2508891 0.9999281 0.2004232 0.4795666 0.1694812 0.746527 0.1508641 0.4966286 0.3584662 0.5009129 0.3150652 0.7478067 0.3359558 0.4969456 0.2924569 0.7457203 0.2533556 0.47743 0.3051288 0.4915125 0.227077 0.7380948 0.2004232 0.4795666 0.2262256 0.4785251 0.3086313 0.998112 0.2797851 0.9999281 0.3150652 0.7478067 0.3359558 0.4969456 0.2924569 0.7457203 0.3051288 0.4915125 0.2521224 0.7386791 0.2262256 0.4785251 0.2533556 0.47743 0.3898273 0.01241487 0.3359558 0.4969456 0.3051288 0.4915125 0.2521224 0.7386791 0.2508891 0.9999281 0.227077 0.7380948 0.3150652 0.7478067 0.2758194 0.9999281 0.2924569 0.7457203 0.2758194 0.9999281 0.2508891 0.9999281 0.2924569 0.7457203 0.3335488 0.7495124 0.3086313 0.998112 0.3150652 0.7478067 0.3086313 0.998112 0.2797851 0.9999281 0.2797851 0.9999281 0.2190616 0.9958142 0.1880982 0.9964253 0.1880982 0.9964253 0.2508891 0.9999281 0.2758194 0.9999281 0.2508891 0.9999281 0.2190616 0.9958142 0.2508891 0.9999281 0.2190616 0.9958142 0.2797851 0.9999281 0.3086313 0.998112 0.2508891 0.9999281 0.2190616 0.9958142 0.1880982 0.9964253 0.1880982 0.9964253 0.2508891 0.9999281 0.2797851 0.9999281 0.2508891 0.9999281 0.2190616 0.9958142 0.2508891 0.9999281 0.2190616 0.9958142 0.2797851 0.9999281 0.3086313 0.998112 0.3086313 0.998112 0.2508891 0.9999281 0.3086313 0.998112 0.2508891 0.9999281 0.2190616 0.9958142 0.1880982 0.9964253 0.1880982 0.9964253 0.2190616 0.9958142 0.2508891 0.9999281 0.2190616 0.9958142 0.2508891 0.9999281 0.3086313 0.998112 0.2508891 0.9999281 0.2190616 0.9958142 0.1880982 0.9964253 0.1880982 0.9964253 0.2508891 0.9999281 0.2190616 0.9958142 0.2190616 0.9958142 0.2508891 0.9999281 0.3086313 0.998112 0.2508891 0.9999281 0.2190616 0.9958142 0.1880982 0.9964253 0.1880982 0.9964253 0.2508891 0.9999281 0.2190616 0.9958142 0.2190616 0.9958142 -0.5038282 0.1259611 -0.1146118 0.09227794 -0.1131616 0.1301727 -0.4905983 0.05303454 -0.1146118 0.09227794 -0.5000143 0.08895391 -0.4946203 0.01990532 -0.1131675 -0.02042448 -0.1069043 0.0153023 -0.4905983 0.05303454 -0.1069043 0.0153023 -0.1076286 0.05286151 -0.1131675 -0.02042448 0.1553828 -0.04357594 0.1629052 0.008641242 -0.1076286 0.05286151 0.1545413 0.1049444 -0.1146118 0.09227794 -0.1069043 0.0153023 -0.1131675 -0.02042448 0.1629052 0.008641242 -0.1069043 0.0153023 0.1620864 0.06023019 -0.1076286 0.05286151 -0.1131616 0.1301727 -0.1146118 0.09227794 0.1545413 0.1049444 1.006232 -0.03119391 0.1629052 0.008641242 0.1553828 -0.04357594 0.1620864 0.06023019 1.008688 0.07072001 0.1545413 0.1049444 1.01241 0.004551827 1.498039 -0.03529751 1.503828 -0.005304038 1.008688 0.07072001 1.500075 0.02520078 1.500164 0.04953157 1.01241 0.004551827 1.500075 0.02520078 1.010768 0.04101365 0.1629052 0.008641242 1.010768 0.04101365 0.1620864 0.06023019 -0.5038282 0.1259611 -0.1146118 0.09227794 -0.1131616 0.1301727 -0.4905983 0.05303454 -0.1146118 0.09227794 -0.5000143 0.08895391 -0.4946203 0.01990532 -0.1131675 -0.02042448 -0.1069043 0.0153023 -0.4946203 0.01990532 -0.1076286 0.05286151 -0.4905983 0.05303454 -0.1131675 -0.02042448 0.1553828 -0.04357594 0.1629052 0.008641242 -0.1076286 0.05286151 0.1545413 0.1049444 -0.1146118 0.09227794 -0.1069043 0.0153023 -0.1131675 -0.02042448 0.1629052 0.008641242 -0.1076286 0.05286151 0.1629052 0.008641242 0.1620864 0.06023019 -0.1131616 0.1301727 -0.1146118 0.09227794 0.1545413 0.1049444 1.006232 -0.03119391 0.1629052 0.008641242 0.1553828 -0.04357594 0.1620864 0.06023019 1.008688 0.07072001 0.1545413 0.1049444 1.01241 0.004551827 1.498039 -0.03529751 1.503828 -0.005304038 1.008688 0.07072001 1.500075 0.02520078 1.500164 0.04953157 1.01241 0.004551827 1.500075 0.02520078 1.010768 0.04101365 0.1629052 0.008641242 1.010768 0.04101365 0.1620864 0.06023019 -0.5038282 0.1259611 -0.1146118 0.09227794 -0.1131616 0.1301727 -0.4905983 0.05303454 -0.1146118 0.09227794 -0.5000143 0.08895391 -0.4946203 0.01990532 -0.1131675 -0.02042448 -0.1069043 0.0153023 -0.4946203 0.01990532 -0.1076286 0.05286151 -0.4905983 0.05303454 -0.1131675 -0.02042448 0.1553828 -0.04357594 0.1629052 0.008641242 -0.1076286 0.05286151 0.1545413 0.1049444 -0.1146118 0.09227794 -0.1069043 0.0153023 -0.1131675 -0.02042448 0.1629052 0.008641242 -0.1076286 0.05286151 0.1629052 0.008641242 0.1620864 0.06023019 -0.1131616 0.1301727 -0.1146118 0.09227794 0.1545413 0.1049444 1.006232 -0.03119391 0.1629052 0.008641242 0.1553828 -0.04357594 0.1620864 0.06023019 1.008688 0.07072001 0.1545413 0.1049444 1.01241 0.004551827 1.498039 -0.03529751 1.503828 -0.005304038 1.008688 0.07072001 1.500075 0.02520078 1.500164 0.04953157 1.01241 0.004551827 1.500075 0.02520078 1.010768 0.04101365 1.01241 0.004551827 0.1620864 0.06023019 0.1629052 0.008641242 0.5655792 0.5724869 9.998e-5 0.9733611 0.2027099 0.6901947 1.00033e-4 0.558623 0.5655792 0.5724869 0.2027099 0.6901947 9.998e-5 0.9733611 1.00033e-4 0.558623 0.2027099 0.6901947 0.5655792 0.5724869 9.998e-5 0.9733611 0.2027099 0.6901947 1.00033e-4 0.558623 0.5655792 0.5724869 0.2027099 0.6901947 9.998e-5 0.9733611 1.00033e-4 0.558623 0.2027099 0.6901947 0.8185026 1.00029e-4 0.9999001 0.2235139 0.8233681 0.2320287 0.6481993 0.2288743 0.8258009 0.419357 0.6446277 0.5604946 0.6399109 1.00017e-4 0.8233681 0.2320287 0.6481993 0.2288743 0.8258009 0.419357 0.9994118 0.5666688 0.6446277 0.5604946 0.9999001 0.2235139 0.8258009 0.419357 0.8233681 0.2320287 0.7281361 0.7816033 0.9999 0.7802446 0.9999001 0.9999001 0.7281361 0.9999001 0.7281361 0.7816033 0.9999001 0.9999001 0.7281361 0.7816033 0.9999 0.7802446 0.9999001 0.9999001 0.7281361 0.9999001 0.7281361 0.7816033 0.9999001 0.9999001 0.7266577 0.8609114 0.7266577 0.9999001 0.5695388 0.9999001 0.5728923 0.5648676 0.7266577 0.5648677 0.7266577 0.7219228 0.5717744 0.7219226 0.7266577 0.8609114 0.5706566 0.8609114 0.5706566 0.8609114 0.7266577 0.8609114 0.5695388 0.9999001 0.5717744 0.7219226 0.5728923 0.5648676 0.7266577 0.7219228 0.7266577 0.8609114 0.7266577 0.9999001 0.5695388 0.9999001 0.5728923 0.5648676 0.7266577 0.5648677 0.7266577 0.7219228 0.5717744 0.7219226 0.7266577 0.8609114 0.5706566 0.8609114 0.5706566 0.8609114 0.7266577 0.8609114 0.5695388 0.9999001 0.5717744 0.7219226 0.5728923 0.5648676 0.7266577 0.7219228 1.00099e-4 9.998e-5 0.6386566 1.00017e-4 0.3136724 0.2860494 0.3136724 0.2860494 0.6386566 0.300652 0.6386566 0.5591769 0.007033586 0.5548431 1.00099e-4 9.998e-5 0.3136724 0.2860494 0.6386566 1.00017e-4 0.6386566 0.300652 0.3136724 0.2860494 0.007033586 0.5548431 0.3136724 0.2860494 0.6386566 0.5591769 0.5700773 0.5684846 0.556461 0.7721304 0.3331996 0.7457156 0.3490711 0.9807376 0.1768814 0.9779122 0.3331996 0.7457156 0.556461 0.7721304 0.5423011 0.9839084 0.3331996 0.7457156 0.3331996 0.7457156 0.1768814 0.9779122 -0.005794525 0.9749146 0.5423011 0.9839084 0.3490711 0.9807376 0.3331996 0.7457156 0.5700773 0.5684846 0.556461 0.7721304 0.3331996 0.7457156 0.3490711 0.9807376 0.1768814 0.9779122 0.3331996 0.7457156 0.556461 0.7721304 0.5423011 0.9839084 0.3331996 0.7457156 0.3331996 0.7457156 0.1768814 0.9779122 -0.005794525 0.9749146 0.5423011 0.9839084 0.3490711 0.9807376 0.3331996 0.7457156 0.7266577 0.8609114 0.7266577 0.9999001 0.5695388 0.9999001 0.5728923 0.5648676 0.7266577 0.5648677 0.7266577 0.7219228 0.5717744 0.7219226 0.7266577 0.8609114 0.5706566 0.8609114 0.5706566 0.8609114 0.7266577 0.8609114 0.5695388 0.9999001 0.5717744 0.7219226 0.5728923 0.5648676 0.7266577 0.7219228 0.7266577 0.8609114 0.7266577 0.9999001 0.5695388 0.9999001 0.5728923 0.5648676 0.7266577 0.5648677 0.7266577 0.7219228 0.5717744 0.7219226 0.7266577 0.8609114 0.5706566 0.8609114 0.5706566 0.8609114 0.7266577 0.8609114 0.5695388 0.9999001 0.5717744 0.7219226 0.5728923 0.5648676 0.7266577 0.7219228 0.7266577 0.8609114 0.7266577 0.9999001 0.5695388 0.9999001 0.5728923 0.5648676 0.7266577 0.5648677 0.7266577 0.7219228 0.5717744 0.7219226 0.7266577 0.8609114 0.5706566 0.8609114 0.5706566 0.8609114 0.7266577 0.8609114 0.5695388 0.9999001 0.5717744 0.7219226 0.5728923 0.5648676 0.7266577 0.7219228 0.7281361 0.7816033 0.9999 0.7802446 0.9999001 0.9999001 0.7281361 0.9999001 0.7281361 0.7816033 0.9999001 0.9999001 0.5655792 0.5724869 9.998e-5 0.9733611 0.2027099 0.6901947 1.00033e-4 0.558623 0.5655792 0.5724869 0.2027099 0.6901947 9.998e-5 0.9733611 1.00033e-4 0.558623 0.2027099 0.6901947 0.5655792 0.5724869 9.998e-5 0.9733611 0.2027099 0.6901947 1.00033e-4 0.558623 0.5655792 0.5724869 0.2027099 0.6901947 9.998e-5 0.9733611 1.00033e-4 0.558623 0.2027099 0.6901947 0.8185026 1.00029e-4 0.9999001 0.2235139 0.8233681 0.2320287 0.6481993 0.2288743 0.8258009 0.419357 0.6446277 0.5604946 0.6399109 1.00017e-4 0.8233681 0.2320287 0.6481993 0.2288743 0.8258009 0.419357 0.9994118 0.5666688 0.6446277 0.5604946 0.9999001 0.2235139 0.8258009 0.419357 0.8233681 0.2320287 0.7281361 0.7816033 0.9999 0.7802446 0.9999001 0.9999001 0.7281361 0.9999001 0.7281361 0.7816033 0.9999001 0.9999001 0.7281361 0.7816033 0.9999 0.7802446 0.9999001 0.9999001 0.7281361 0.9999001 0.7281361 0.7816033 0.9999001 0.9999001 0.7266577 0.8609114 0.7266577 0.9999001 0.5695388 0.9999001 0.5728923 0.5648676 0.7266577 0.5648677 0.7266577 0.7219228 0.5717744 0.7219226 0.7266577 0.8609114 0.5706566 0.8609114 0.5706566 0.8609114 0.7266577 0.8609114 0.5695388 0.9999001 0.5717744 0.7219226 0.5728923 0.5648676 0.7266577 0.7219228 0.7266577 0.8609114 0.7266577 0.9999001 0.5695388 0.9999001 0.5728923 0.5648676 0.7266577 0.5648677 0.7266577 0.7219228 0.5717744 0.7219226 0.7266577 0.8609114 0.5706566 0.8609114 0.5706566 0.8609114 0.7266577 0.8609114 0.5695388 0.9999001 0.5717744 0.7219226 0.5728923 0.5648676 0.7266577 0.7219228 1.00099e-4 9.998e-5 0.6386566 1.00017e-4 0.3136724 0.2860494 0.3136724 0.2860494 0.6386566 0.300652 0.6386566 0.5591769 0.007033586 0.5548431 1.00099e-4 9.998e-5 0.3136724 0.2860494 0.6386566 1.00017e-4 0.6386566 0.300652 0.3136724 0.2860494 0.007033586 0.5548431 0.3136724 0.2860494 0.6386566 0.5591769 0.5700773 0.5684846 0.556461 0.7721304 0.3331996 0.7457156 0.3490711 0.9807376 0.1768814 0.9779122 0.3331996 0.7457156 0.556461 0.7721304 0.5423011 0.9839084 0.3331996 0.7457156 0.3331996 0.7457156 0.1768814 0.9779122 -0.005794525 0.9749146 0.5423011 0.9839084 0.3490711 0.9807376 0.3331996 0.7457156 0.5700773 0.5684846 0.556461 0.7721304 0.3331996 0.7457156 0.3490711 0.9807376 0.1768814 0.9779122 0.3331996 0.7457156 0.556461 0.7721304 0.5423011 0.9839084 0.3331996 0.7457156 0.3331996 0.7457156 0.1768814 0.9779122 -0.005794525 0.9749146 0.5423011 0.9839084 0.3490711 0.9807376 0.3331996 0.7457156 0.7266577 0.8609114 0.7266577 0.9999001 0.5695388 0.9999001 0.5728923 0.5648676 0.7266577 0.5648677 0.7266577 0.7219228 0.5717744 0.7219226 0.7266577 0.8609114 0.5706566 0.8609114 0.5706566 0.8609114 0.7266577 0.8609114 0.5695388 0.9999001 0.5717744 0.7219226 0.5728923 0.5648676 0.7266577 0.7219228 0.7266577 0.8609114 0.7266577 0.9999001 0.5695388 0.9999001 0.5728923 0.5648676 0.7266577 0.5648677 0.7266577 0.7219228 0.5717744 0.7219226 0.7266577 0.8609114 0.5706566 0.8609114 0.5706566 0.8609114 0.7266577 0.8609114 0.5695388 0.9999001 0.5717744 0.7219226 0.5728923 0.5648676 0.7266577 0.7219228 0.7266577 0.8609114 0.7266577 0.9999001 0.5695388 0.9999001 0.5728923 0.5648676 0.7266577 0.5648677 0.7266577 0.7219228 0.5717744 0.7219226 0.7266577 0.8609114 0.5706566 0.8609114 0.5706566 0.8609114 0.7266577 0.8609114 0.5695388 0.9999001 0.5717744 0.7219226 0.5728923 0.5648676 0.7266577 0.7219228 0.7281361 0.7816033 0.9999 0.7802446 0.9999001 0.9999001 0.7281361 0.9999001 0.7281361 0.7816033 0.9999001 0.9999001 0.5655792 0.5724869 9.998e-5 0.9733611 0.2027099 0.6901947 1.00033e-4 0.558623 0.5655792 0.5724869 0.2027099 0.6901947 9.998e-5 0.9733611 1.00033e-4 0.558623 0.2027099 0.6901947 0.5655792 0.5724869 9.998e-5 0.9733611 0.2027099 0.6901947 1.00033e-4 0.558623 0.5655792 0.5724869 0.2027099 0.6901947 9.998e-5 0.9733611 1.00033e-4 0.558623 0.2027099 0.6901947 0.8185026 1.00029e-4 0.9999001 0.2235139 0.8233681 0.2320287 0.6481993 0.2288743 0.8258009 0.419357 0.6446277 0.5604946 0.6399109 1.00017e-4 0.8233681 0.2320287 0.6481993 0.2288743 0.8258009 0.419357 0.9994118 0.5666688 0.6446277 0.5604946 0.9999001 0.2235139 0.8258009 0.419357 0.8233681 0.2320287 0.7281361 0.7816033 0.9999 0.7802446 0.9999001 0.9999001 0.7281361 0.9999001 0.7281361 0.7816033 0.9999001 0.9999001 0.7281361 0.7816033 0.9999 0.7802446 0.9999001 0.9999001 0.7281361 0.9999001 0.7281361 0.7816033 0.9999001 0.9999001 0.7266577 0.8609114 0.7266577 0.9999001 0.5695388 0.9999001 0.5728923 0.5648676 0.7266577 0.5648677 0.7266577 0.7219228 0.5717744 0.7219226 0.7266577 0.8609114 0.5706566 0.8609114 0.5706566 0.8609114 0.7266577 0.8609114 0.5695388 0.9999001 0.5717744 0.7219226 0.5728923 0.5648676 0.7266577 0.7219228 0.7266577 0.8609114 0.7266577 0.9999001 0.5695388 0.9999001 0.5728923 0.5648676 0.7266577 0.5648677 0.7266577 0.7219228 0.5717744 0.7219226 0.7266577 0.8609114 0.5706566 0.8609114 0.5706566 0.8609114 0.7266577 0.8609114 0.5695388 0.9999001 0.5717744 0.7219226 0.5728923 0.5648676 0.7266577 0.7219228 1.00099e-4 9.998e-5 0.6386566 1.00017e-4 0.3136724 0.2860494 0.3136724 0.2860494 0.6386566 0.300652 0.6386566 0.5591769 0.007033586 0.5548431 1.00099e-4 9.998e-5 0.3136724 0.2860494 0.6386566 1.00017e-4 0.6386566 0.300652 0.3136724 0.2860494 0.007033586 0.5548431 0.3136724 0.2860494 0.6386566 0.5591769 0.5700773 0.5684846 0.556461 0.7721304 0.3331996 0.7457156 0.3490711 0.9807376 0.1768814 0.9779122 0.3331996 0.7457156 0.556461 0.7721304 0.5423011 0.9839084 0.3331996 0.7457156 0.3331996 0.7457156 0.1768814 0.9779122 -0.005794525 0.9749146 0.5423011 0.9839084 0.3490711 0.9807376 0.3331996 0.7457156 0.5700773 0.5684846 0.556461 0.7721304 0.3331996 0.7457156 0.3490711 0.9807376 0.1768814 0.9779122 0.3331996 0.7457156 0.556461 0.7721304 0.5423011 0.9839084 0.3331996 0.7457156 0.3331996 0.7457156 0.1768814 0.9779122 -0.005794525 0.9749146 0.5423011 0.9839084 0.3490711 0.9807376 0.3331996 0.7457156 0.7266577 0.8609114 0.7266577 0.9999001 0.5695388 0.9999001 0.5728923 0.5648676 0.7266577 0.5648677 0.7266577 0.7219228 0.5717744 0.7219226 0.7266577 0.8609114 0.5706566 0.8609114 0.5706566 0.8609114 0.7266577 0.8609114 0.5695388 0.9999001 0.5717744 0.7219226 0.5728923 0.5648676 0.7266577 0.7219228 0.7266577 0.8609114 0.7266577 0.9999001 0.5695388 0.9999001 0.5728923 0.5648676 0.7266577 0.5648677 0.7266577 0.7219228 0.5717744 0.7219226 0.7266577 0.8609114 0.5706566 0.8609114 0.5706566 0.8609114 0.7266577 0.8609114 0.5695388 0.9999001 0.5717744 0.7219226 0.5728923 0.5648676 0.7266577 0.7219228 0.7266577 0.8609114 0.7266577 0.9999001 0.5695388 0.9999001 0.5728923 0.5648676 0.7266577 0.5648677 0.7266577 0.7219228 0.5717744 0.7219226 0.7266577 0.8609114 0.5706566 0.8609114 0.5706566 0.8609114 0.7266577 0.8609114 0.5695388 0.9999001 0.5717744 0.7219226 0.5728923 0.5648676 0.7266577 0.7219228 0.7281361 0.7816033 0.9999 0.7802446 0.9999001 0.9999001 0.7281361 0.9999001 0.7281361 0.7816033 0.9999001 0.9999001 1.00099e-4 9.998e-5 0.6386566 1.00017e-4 0.3136724 0.2860494 0.3136724 0.2860494 0.6386566 0.300652 0.6386566 0.5591769 0.007033586 0.5548431 1.00099e-4 9.998e-5 0.3136724 0.2860494 0.6386566 1.00017e-4 0.6386566 0.300652 0.3136724 0.2860494 0.007033586 0.5548431 0.3136724 0.2860494 0.6386566 0.5591769 1.00099e-4 9.998e-5 0.6386566 1.00017e-4 0.3136724 0.2860494 0.3136724 0.2860494 0.6386566 0.300652 0.6386566 0.5591769 0.007033586 0.5548431 1.00099e-4 9.998e-5 0.3136724 0.2860494 0.6386566 1.00017e-4 0.6386566 0.300652 0.3136724 0.2860494 0.007033586 0.5548431 0.3136724 0.2860494 0.6386566 0.5591769 0.8185026 1.00029e-4 0.9999001 0.2235139 0.8233681 0.2320287 0.6481993 0.2288743 0.8258009 0.419357 0.6446277 0.5604946 0.8185026 1.00029e-4 0.6481993 0.2288743 0.6399109 1.00017e-4 0.8258009 0.419357 0.9994118 0.5666688 0.6446277 0.5604946 0.9999001 0.2235139 0.8258009 0.419357 0.8233681 0.2320287 0.8185026 1.00029e-4 0.9999001 0.2235139 0.8233681 0.2320287 0.6481993 0.2288743 0.8258009 0.419357 0.6446277 0.5604946 0.8185026 1.00029e-4 0.6481993 0.2288743 0.6399109 1.00017e-4 0.8258009 0.419357 0.9994118 0.5666688 0.6446277 0.5604946 0.9999001 0.2235139 0.8258009 0.419357 0.8233681 0.2320287 0.8185026 1.00029e-4 0.9999001 0.2235139 0.8233681 0.2320287 0.6481993 0.2288743 0.8258009 0.419357 0.6446277 0.5604946 0.8185026 1.00029e-4 0.6481993 0.2288743 0.6399109 1.00017e-4 0.8258009 0.419357 0.9994118 0.5666688 0.6446277 0.5604946 0.9999001 0.2235139 0.8258009 0.419357 0.8233681 0.2320287 0.8185026 1.00029e-4 0.9999001 0.2235139 0.8233681 0.2320287 0.6481993 0.2288743 0.8258009 0.419357 0.6446277 0.5604946 0.8185026 1.00029e-4 0.6481993 0.2288743 0.6399109 1.00017e-4 0.8258009 0.419357 0.9994118 0.5666688 0.6446277 0.5604946 0.9999001 0.2235139 0.8258009 0.419357 0.8233681 0.2320287 0.8185026 1.00029e-4 0.9999001 0.2235139 0.8233681 0.2320287 0.6481993 0.2288743 0.8258009 0.419357 0.6446277 0.5604946 0.8185026 1.00029e-4 0.6481993 0.2288743 0.6399109 1.00017e-4 0.8258009 0.419357 0.9994118 0.5666688 0.6446277 0.5604946 0.9999001 0.2235139 0.8258009 0.419357 0.8233681 0.2320287 0.8185026 1.00029e-4 0.9999001 0.2235139 0.8233681 0.2320287 0.6481993 0.2288743 0.8258009 0.419357 0.6446277 0.5604946 0.8185026 1.00029e-4 0.6481993 0.2288743 0.6399109 1.00017e-4 0.8258009 0.419357 0.9994118 0.5666688 0.6446277 0.5604946 0.9999001 0.2235139 0.8258009 0.419357 0.8233681 0.2320287 0.8185026 1.00029e-4 0.9999001 0.2235139 0.8233681 0.2320287 0.6481993 0.2288743 0.8258009 0.419357 0.6446277 0.5604946 0.8185026 1.00029e-4 0.6481993 0.2288743 0.6399109 1.00017e-4 0.8258009 0.419357 0.9994118 0.5666688 0.6446277 0.5604946 0.9999001 0.2235139 0.8258009 0.419357 0.8233681 0.2320287 0.8185026 1.00029e-4 0.9999001 0.2235139 0.8233681 0.2320287 0.6481993 0.2288743 0.8258009 0.419357 0.6446277 0.5604946 0.8185026 1.00029e-4 0.6481993 0.2288743 0.6399109 1.00017e-4 0.8258009 0.419357 0.9994118 0.5666688 0.6446277 0.5604946 0.9999001 0.2235139 0.8258009 0.419357 0.8233681 0.2320287 0.8185026 1.00029e-4 0.9999001 0.2235139 0.8233681 0.2320287 0.6481993 0.2288743 0.8258009 0.419357 0.6446277 0.5604946 0.8185026 1.00029e-4 0.6481993 0.2288743 0.6399109 1.00017e-4 0.8258009 0.419357 0.9994118 0.5666688 0.6446277 0.5604946 0.9999001 0.2235139 0.8258009 0.419357 0.8233681 0.2320287 0.8185026 1.00029e-4 0.9999001 0.2235139 0.8233681 0.2320287 0.6481993 0.2288743 0.8258009 0.419357 0.6446277 0.5604946 0.8185026 1.00029e-4 0.6481993 0.2288743 0.6399109 1.00017e-4 0.8258009 0.419357 0.9994118 0.5666688 0.6446277 0.5604946 0.9999001 0.2235139 0.8258009 0.419357 0.8233681 0.2320287 0.5655792 0.5724869 9.998e-5 0.9733611 0.2027099 0.6901947 1.00033e-4 0.558623 0.5655792 0.5724869 0.2027099 0.6901947 9.998e-5 0.9733611 1.00033e-4 0.558623 0.2027099 0.6901947 0.5655792 0.5724869 9.998e-5 0.9733611 0.2027099 0.6901947 1.00033e-4 0.558623 0.5655792 0.5724869 0.2027099 0.6901947 9.998e-5 0.9733611 1.00033e-4 0.558623 0.2027099 0.6901947 0.5655792 0.5724869 9.998e-5 0.9733611 0.2027099 0.6901947 1.00033e-4 0.558623 0.5655792 0.5724869 0.2027099 0.6901947 9.998e-5 0.9733611 1.00033e-4 0.558623 0.2027099 0.6901947 0.5655792 0.5724869 9.998e-5 0.9733611 0.2027099 0.6901947 1.00033e-4 0.558623 0.5655792 0.5724869 0.2027099 0.6901947 9.998e-5 0.9733611 1.00033e-4 0.558623 0.2027099 0.6901947 0.5655792 0.5724869 9.998e-5 0.9733611 0.2027099 0.6901947 1.00033e-4 0.558623 0.5655792 0.5724869 0.2027099 0.6901947 9.998e-5 0.9733611 1.00033e-4 0.558623 0.2027099 0.6901947 0.5655792 0.5724869 9.998e-5 0.9733611 0.2027099 0.6901947 1.00033e-4 0.558623 0.5655792 0.5724869 0.2027099 0.6901947 9.998e-5 0.9733611 1.00033e-4 0.558623 0.2027099 0.6901947 1.00099e-4 9.998e-5 0.6386566 1.00017e-4 0.3136724 0.2860494 0.3136724 0.2860494 0.6386566 0.300652 0.6386566 0.5591769 0.007033586 0.5548431 1.00099e-4 9.998e-5 0.3136724 0.2860494 0.6386566 1.00017e-4 0.6386566 0.300652 0.3136724 0.2860494 0.007033586 0.5548431 0.3136724 0.2860494 0.6386566 0.5591769 1.00099e-4 9.998e-5 0.6386566 1.00017e-4 0.3136724 0.2860494 0.3136724 0.2860494 0.6386566 0.300652 0.6386566 0.5591769 0.007033586 0.5548431 1.00099e-4 9.998e-5 0.3136724 0.2860494 0.6386566 1.00017e-4 0.6386566 0.300652 0.3136724 0.2860494 0.007033586 0.5548431 0.3136724 0.2860494 0.6386566 0.5591769 1.00099e-4 9.998e-5 0.6386566 1.00017e-4 0.3136724 0.2860494 0.3136724 0.2860494 0.6386566 0.300652 0.6386566 0.5591769 0.007033586 0.5548431 1.00099e-4 9.998e-5 0.3136724 0.2860494 0.6386566 1.00017e-4 0.6386566 0.300652 0.3136724 0.2860494 0.007033586 0.5548431 0.3136724 0.2860494 0.6386566 0.5591769 1.00099e-4 9.998e-5 0.6386566 1.00017e-4 0.3136724 0.2860494 0.3136724 0.2860494 0.6386566 0.300652 0.6386566 0.5591769 0.007033586 0.5548431 1.00099e-4 9.998e-5 0.3136724 0.2860494 0.6386566 1.00017e-4 0.6386566 0.300652 0.3136724 0.2860494 0.007033586 0.5548431 0.3136724 0.2860494 0.6386566 0.5591769 1.00099e-4 9.998e-5 0.6386566 1.00017e-4 0.3136724 0.2860494 0.3136724 0.2860494 0.6386566 0.300652 0.6386566 0.5591769 0.007033586 0.5548431 1.00099e-4 9.998e-5 0.3136724 0.2860494 0.6386566 1.00017e-4 0.6386566 0.300652 0.3136724 0.2860494 0.007033586 0.5548431 0.3136724 0.2860494 0.6386566 0.5591769 1.00099e-4 9.998e-5 0.6386566 1.00017e-4 0.3136724 0.2860494 0.3136724 0.2860494 0.6386566 0.300652 0.6386566 0.5591769 0.007033586 0.5548431 1.00099e-4 9.998e-5 0.3136724 0.2860494 0.6386566 1.00017e-4 0.6386566 0.300652 0.3136724 0.2860494 0.007033586 0.5548431 0.3136724 0.2860494 0.6386566 0.5591769 1.00099e-4 9.998e-5 0.6386566 1.00017e-4 0.3136724 0.2860494 0.3136724 0.2860494 0.6386566 0.300652 0.6386566 0.5591769 0.007033586 0.5548431 1.00099e-4 9.998e-5 0.3136724 0.2860494 0.6386566 1.00017e-4 0.6386566 0.300652 0.3136724 0.2860494 0.007033586 0.5548431 0.3136724 0.2860494 0.6386566 0.5591769 1.00099e-4 9.998e-5 0.6386566 1.00017e-4 0.3136724 0.2860494 0.3136724 0.2860494 0.6386566 0.300652 0.6386566 0.5591769 0.007033586 0.5548431 1.00099e-4 9.998e-5 0.3136724 0.2860494 0.6386566 1.00017e-4 0.6386566 0.300652 0.3136724 0.2860494 0.007033586 0.5548431 0.3136724 0.2860494 0.6386566 0.5591769 1.00099e-4 9.998e-5 0.6386566 1.00017e-4 0.3136724 0.2860494 0.3136724 0.2860494 0.6386566 0.300652 0.6386566 0.5591769 0.007033586 0.5548431 1.00099e-4 9.998e-5 0.3136724 0.2860494 0.6386566 1.00017e-4 0.6386566 0.300652 0.3136724 0.2860494 0.007033586 0.5548431 0.3136724 0.2860494 0.6386566 0.5591769 1.00099e-4 9.998e-5 0.6386566 1.00017e-4 0.3136724 0.2860494 0.3136724 0.2860494 0.6386566 0.300652 0.6386566 0.5591769 0.007033586 0.5548431 1.00099e-4 9.998e-5 0.3136724 0.2860494 0.6386566 1.00017e-4 0.6386566 0.300652 0.3136724 0.2860494 0.007033586 0.5548431 0.3136724 0.2860494 0.6386566 0.5591769 1.00099e-4 9.998e-5 0.6386566 1.00017e-4 0.3136724 0.2860494 0.3136724 0.2860494 0.6386566 0.300652 0.6386566 0.5591769 0.007033586 0.5548431 1.00099e-4 9.998e-5 0.3136724 0.2860494 0.6386566 1.00017e-4 0.6386566 0.300652 0.3136724 0.2860494 0.007033586 0.5548431 0.3136724 0.2860494 0.6386566 0.5591769 1.00099e-4 9.998e-5 0.6386566 1.00017e-4 0.3136724 0.2860494 0.3136724 0.2860494 0.6386566 0.300652 0.6386566 0.5591769 0.007033586 0.5548431 1.00099e-4 9.998e-5 0.3136724 0.2860494 0.6386566 1.00017e-4 0.6386566 0.300652 0.3136724 0.2860494 0.007033586 0.5548431 0.3136724 0.2860494 0.6386566 0.5591769 1.00099e-4 9.998e-5 0.6386566 1.00017e-4 0.3136724 0.2860494 0.3136724 0.2860494 0.6386566 0.300652 0.6386566 0.5591769 0.007033586 0.5548431 1.00099e-4 9.998e-5 0.3136724 0.2860494 0.6386566 1.00017e-4 0.6386566 0.300652 0.3136724 0.2860494 0.007033586 0.5548431 0.3136724 0.2860494 0.6386566 0.5591769 1.00099e-4 9.998e-5 0.6386566 1.00017e-4 0.3136724 0.2860494 0.3136724 0.2860494 0.6386566 0.300652 0.6386566 0.5591769 0.007033586 0.5548431 1.00099e-4 9.998e-5 0.3136724 0.2860494 0.6386566 1.00017e-4 0.6386566 0.300652 0.3136724 0.2860494 0.007033586 0.5548431 0.3136724 0.2860494 0.6386566 0.5591769 1.00099e-4 9.998e-5 0.6386566 1.00017e-4 0.3136724 0.2860494 0.3136724 0.2860494 0.6386566 0.300652 0.6386566 0.5591769 0.007033586 0.5548431 1.00099e-4 9.998e-5 0.3136724 0.2860494 0.6386566 1.00017e-4 0.6386566 0.300652 0.3136724 0.2860494 0.007033586 0.5548431 0.3136724 0.2860494 0.6386566 0.5591769 1.00099e-4 9.998e-5 0.6386566 1.00017e-4 0.3136724 0.2860494 0.3136724 0.2860494 0.6386566 0.300652 0.6386566 0.5591769 0.007033586 0.5548431 1.00099e-4 9.998e-5 0.3136724 0.2860494 0.6386566 1.00017e-4 0.6386566 0.300652 0.3136724 0.2860494 0.007033586 0.5548431 0.3136724 0.2860494 0.6386566 0.5591769 1.00099e-4 9.998e-5 0.6386566 1.00017e-4 0.3136724 0.2860494 0.3136724 0.2860494 0.6386566 0.300652 0.6386566 0.5591769 0.007033586 0.5548431 1.00099e-4 9.998e-5 0.3136724 0.2860494 0.6386566 1.00017e-4 0.6386566 0.300652 0.3136724 0.2860494 0.007033586 0.5548431 0.3136724 0.2860494 0.6386566 0.5591769 1.00099e-4 9.998e-5 0.6386566 1.00017e-4 0.3136724 0.2860494 0.3136724 0.2860494 0.6386566 0.300652 0.6386566 0.5591769 0.007033586 0.5548431 1.00099e-4 9.998e-5 0.3136724 0.2860494 0.6386566 1.00017e-4 0.6386566 0.300652 0.3136724 0.2860494 0.007033586 0.5548431 0.3136724 0.2860494 0.6386566 0.5591769 1.00099e-4 9.998e-5 0.6386566 1.00017e-4 0.3136724 0.2860494 0.3136724 0.2860494 0.6386566 0.300652 0.6386566 0.5591769 0.007033586 0.5548431 1.00099e-4 9.998e-5 0.3136724 0.2860494 0.6386566 1.00017e-4 0.6386566 0.300652 0.3136724 0.2860494 0.007033586 0.5548431 0.3136724 0.2860494 0.6386566 0.5591769 1.00099e-4 9.998e-5 0.6386566 1.00017e-4 0.3136724 0.2860494 0.3136724 0.2860494 0.6386566 0.300652 0.6386566 0.5591769 0.007033586 0.5548431 1.00099e-4 9.998e-5 0.3136724 0.2860494 0.6386566 1.00017e-4 0.6386566 0.300652 0.3136724 0.2860494 0.007033586 0.5548431 0.3136724 0.2860494 0.6386566 0.5591769 1.00099e-4 9.998e-5 0.6386566 1.00017e-4 0.3136724 0.2860494 0.3136724 0.2860494 0.6386566 0.300652 0.6386566 0.5591769 0.007033586 0.5548431 1.00099e-4 9.998e-5 0.3136724 0.2860494 0.6386566 1.00017e-4 0.6386566 0.300652 0.3136724 0.2860494 0.007033586 0.5548431 0.3136724 0.2860494 0.6386566 0.5591769 1.00099e-4 9.998e-5 0.6386566 1.00017e-4 0.3136724 0.2860494 0.3136724 0.2860494 0.6386566 0.300652 0.6386566 0.5591769 0.007033586 0.5548431 1.00099e-4 9.998e-5 0.3136724 0.2860494 0.6386566 1.00017e-4 0.6386566 0.300652 0.3136724 0.2860494 0.007033586 0.5548431 0.3136724 0.2860494 0.6386566 0.5591769 1.00099e-4 9.998e-5 0.6386566 1.00017e-4 0.3136724 0.2860494 0.3136724 0.2860494 0.6386566 0.300652 0.6386566 0.5591769 0.007033586 0.5548431 1.00099e-4 9.998e-5 0.3136724 0.2860494 0.6386566 1.00017e-4 0.6386566 0.300652 0.3136724 0.2860494 0.007033586 0.5548431 0.3136724 0.2860494 0.6386566 0.5591769 1.00099e-4 9.998e-5 0.6386566 1.00017e-4 0.3136724 0.2860494 0.3136724 0.2860494 0.6386566 0.300652 0.6386566 0.5591769 0.007033586 0.5548431 1.00099e-4 9.998e-5 0.3136724 0.2860494 0.6386566 1.00017e-4 0.6386566 0.300652 0.3136724 0.2860494 0.007033586 0.5548431 0.3136724 0.2860494 0.6386566 0.5591769 1.00099e-4 9.998e-5 0.6386566 1.00017e-4 0.3136724 0.2860494 0.3136724 0.2860494 0.6386566 0.300652 0.6386566 0.5591769 0.007033586 0.5548431 1.00099e-4 9.998e-5 0.3136724 0.2860494 0.6386566 1.00017e-4 0.6386566 0.300652 0.3136724 0.2860494 0.007033586 0.5548431 0.3136724 0.2860494 0.6386566 0.5591769 1.00099e-4 9.998e-5 0.6386566 1.00017e-4 0.3136724 0.2860494 0.3136724 0.2860494 0.6386566 0.300652 0.6386566 0.5591769 0.007033586 0.5548431 1.00099e-4 9.998e-5 0.3136724 0.2860494 0.6386566 1.00017e-4 0.6386566 0.300652 0.3136724 0.2860494 0.007033586 0.5548431 0.3136724 0.2860494 0.6386566 0.5591769 1.00099e-4 9.998e-5 0.6386566 1.00017e-4 0.3136724 0.2860494 0.3136724 0.2860494 0.6386566 0.300652 0.6386566 0.5591769 0.007033586 0.5548431 1.00099e-4 9.998e-5 0.3136724 0.2860494 0.6386566 1.00017e-4 0.6386566 0.300652 0.3136724 0.2860494 0.007033586 0.5548431 0.3136724 0.2860494 0.6386566 0.5591769 1.00099e-4 9.998e-5 0.6386566 1.00017e-4 0.3136724 0.2860494 0.3136724 0.2860494 0.6386566 0.300652 0.6386566 0.5591769 0.007033586 0.5548431 1.00099e-4 9.998e-5 0.3136724 0.2860494 0.6386566 1.00017e-4 0.6386566 0.300652 0.3136724 0.2860494 0.007033586 0.5548431 0.3136724 0.2860494 0.6386566 0.5591769 1.00099e-4 9.998e-5 0.6386566 1.00017e-4 0.3136724 0.2860494 0.3136724 0.2860494 0.6386566 0.300652 0.6386566 0.5591769 0.007033586 0.5548431 1.00099e-4 9.998e-5 0.3136724 0.2860494 0.6386566 1.00017e-4 0.6386566 0.300652 0.3136724 0.2860494 0.007033586 0.5548431 0.3136724 0.2860494 0.6386566 0.5591769 1.00099e-4 9.998e-5 0.6386566 1.00017e-4 0.3136724 0.2860494 0.3136724 0.2860494 0.6386566 0.300652 0.6386566 0.5591769 0.007033586 0.5548431 1.00099e-4 9.998e-5 0.3136724 0.2860494 0.6386566 1.00017e-4 0.6386566 0.300652 0.3136724 0.2860494 0.007033586 0.5548431 0.3136724 0.2860494 0.6386566 0.5591769 1.00099e-4 9.998e-5 0.6386566 1.00017e-4 0.3136724 0.2860494 0.3136724 0.2860494 0.6386566 0.300652 0.6386566 0.5591769 0.007033586 0.5548431 1.00099e-4 9.998e-5 0.3136724 0.2860494 0.6386566 1.00017e-4 0.6386566 0.300652 0.3136724 0.2860494 0.007033586 0.5548431 0.3136724 0.2860494 0.6386566 0.5591769 1.00099e-4 9.998e-5 0.6386566 1.00017e-4 0.3136724 0.2860494 0.3136724 0.2860494 0.6386566 0.300652 0.6386566 0.5591769 0.007033586 0.5548431 1.00099e-4 9.998e-5 0.3136724 0.2860494 0.6386566 1.00017e-4 0.6386566 0.300652 0.3136724 0.2860494 0.007033586 0.5548431 0.3136724 0.2860494 0.6386566 0.5591769 1.00099e-4 9.998e-5 0.6386566 1.00017e-4 0.3136724 0.2860494 0.3136724 0.2860494 0.6386566 0.300652 0.6386566 0.5591769 0.007033586 0.5548431 1.00099e-4 9.998e-5 0.3136724 0.2860494 0.6386566 1.00017e-4 0.6386566 0.300652 0.3136724 0.2860494 0.007033586 0.5548431 0.3136724 0.2860494 0.6386566 0.5591769 1.00099e-4 9.998e-5 0.6386566 1.00017e-4 0.3136724 0.2860494 0.3136724 0.2860494 0.6386566 0.300652 0.6386566 0.5591769 0.007033586 0.5548431 1.00099e-4 9.998e-5 0.3136724 0.2860494 0.6386566 1.00017e-4 0.6386566 0.300652 0.3136724 0.2860494 0.007033586 0.5548431 0.3136724 0.2860494 0.6386566 0.5591769 1.00099e-4 9.998e-5 0.6386566 1.00017e-4 0.3136724 0.2860494 0.3136724 0.2860494 0.6386566 0.300652 0.6386566 0.5591769 0.007033586 0.5548431 1.00099e-4 9.998e-5 0.3136724 0.2860494 0.6386566 1.00017e-4 0.6386566 0.300652 0.3136724 0.2860494 0.007033586 0.5548431 0.3136724 0.2860494 0.6386566 0.5591769 1.00099e-4 9.998e-5 0.6386566 1.00017e-4 0.3136724 0.2860494 0.3136724 0.2860494 0.6386566 0.300652 0.6386566 0.5591769 0.007033586 0.5548431 1.00099e-4 9.998e-5 0.3136724 0.2860494 0.6386566 1.00017e-4 0.6386566 0.300652 0.3136724 0.2860494 0.007033586 0.5548431 0.3136724 0.2860494 0.6386566 0.5591769 1.00099e-4 9.998e-5 0.6386566 1.00017e-4 0.3136724 0.2860494 0.3136724 0.2860494 0.6386566 0.300652 0.6386566 0.5591769 0.007033586 0.5548431 1.00099e-4 9.998e-5 0.3136724 0.2860494 0.6386566 1.00017e-4 0.6386566 0.300652 0.3136724 0.2860494 0.007033586 0.5548431 0.3136724 0.2860494 0.6386566 0.5591769 1.00099e-4 9.998e-5 0.6386566 1.00017e-4 0.3136724 0.2860494 0.3136724 0.2860494 0.6386566 0.300652 0.6386566 0.5591769 0.007033586 0.5548431 1.00099e-4 9.998e-5 0.3136724 0.2860494 0.6386566 1.00017e-4 0.6386566 0.300652 0.3136724 0.2860494 0.007033586 0.5548431 0.3136724 0.2860494 0.6386566 0.5591769 1.00099e-4 9.998e-5 0.6386566 1.00017e-4 0.3136724 0.2860494 0.3136724 0.2860494 0.6386566 0.300652 0.6386566 0.5591769 0.007033586 0.5548431 1.00099e-4 9.998e-5 0.3136724 0.2860494 0.6386566 1.00017e-4 0.6386566 0.300652 0.3136724 0.2860494 0.007033586 0.5548431 0.3136724 0.2860494 0.6386566 0.5591769 1.00099e-4 9.998e-5 0.6386566 1.00017e-4 0.3136724 0.2860494 0.3136724 0.2860494 0.6386566 0.300652 0.6386566 0.5591769 0.007033586 0.5548431 1.00099e-4 9.998e-5 0.3136724 0.2860494 0.6386566 1.00017e-4 0.6386566 0.300652 0.3136724 0.2860494 0.007033586 0.5548431 0.3136724 0.2860494 0.6386566 0.5591769 1.00099e-4 9.998e-5 0.6386566 1.00017e-4 0.3136724 0.2860494 0.3136724 0.2860494 0.6386566 0.300652 0.6386566 0.5591769 0.007033586 0.5548431 1.00099e-4 9.998e-5 0.3136724 0.2860494 0.6386566 1.00017e-4 0.6386566 0.300652 0.3136724 0.2860494 0.007033586 0.5548431 0.3136724 0.2860494 0.6386566 0.5591769 1.00099e-4 9.998e-5 0.6386566 1.00017e-4 0.3136724 0.2860494 0.3136724 0.2860494 0.6386566 0.300652 0.6386566 0.5591769 0.007033586 0.5548431 1.00099e-4 9.998e-5 0.3136724 0.2860494 0.6386566 1.00017e-4 0.6386566 0.300652 0.3136724 0.2860494 0.007033586 0.5548431 0.3136724 0.2860494 0.6386566 0.5591769 1.00099e-4 9.998e-5 0.6386566 1.00017e-4 0.3136724 0.2860494 0.3136724 0.2860494 0.6386566 0.300652 0.6386566 0.5591769 0.007033586 0.5548431 1.00099e-4 9.998e-5 0.3136724 0.2860494 0.6386566 1.00017e-4 0.6386566 0.300652 0.3136724 0.2860494 0.007033586 0.5548431 0.3136724 0.2860494 0.6386566 0.5591769 1.00099e-4 9.998e-5 0.6386566 1.00017e-4 0.3136724 0.2860494 0.3136724 0.2860494 0.6386566 0.300652 0.6386566 0.5591769 0.007033586 0.5548431 1.00099e-4 9.998e-5 0.3136724 0.2860494 0.6386566 1.00017e-4 0.6386566 0.300652 0.3136724 0.2860494 0.007033586 0.5548431 0.3136724 0.2860494 0.6386566 0.5591769 1.00099e-4 9.998e-5 0.6386566 1.00017e-4 0.3136724 0.2860494 0.3136724 0.2860494 0.6386566 0.300652 0.6386566 0.5591769 0.007033586 0.5548431 1.00099e-4 9.998e-5 0.3136724 0.2860494 0.6386566 1.00017e-4 0.6386566 0.300652 0.3136724 0.2860494 0.007033586 0.5548431 0.3136724 0.2860494 0.6386566 0.5591769 1.00099e-4 9.998e-5 0.6386566 1.00017e-4 0.3136724 0.2860494 0.3136724 0.2860494 0.6386566 0.300652 0.6386566 0.5591769 0.007033586 0.5548431 1.00099e-4 9.998e-5 0.3136724 0.2860494 0.6386566 1.00017e-4 0.6386566 0.300652 0.3136724 0.2860494 0.007033586 0.5548431 0.3136724 0.2860494 0.6386566 0.5591769 1.00099e-4 9.998e-5 0.6386566 1.00017e-4 0.3136724 0.2860494 0.3136724 0.2860494 0.6386566 0.300652 0.6386566 0.5591769 0.007033586 0.5548431 1.00099e-4 9.998e-5 0.3136724 0.2860494 0.6386566 1.00017e-4 0.6386566 0.300652 0.3136724 0.2860494 0.007033586 0.5548431 0.3136724 0.2860494 0.6386566 0.5591769 1.00099e-4 9.998e-5 0.6386566 1.00017e-4 0.3136724 0.2860494 0.3136724 0.2860494 0.6386566 0.300652 0.6386566 0.5591769 0.007033586 0.5548431 1.00099e-4 9.998e-5 0.3136724 0.2860494 0.6386566 1.00017e-4 0.6386566 0.300652 0.3136724 0.2860494 0.007033586 0.5548431 0.3136724 0.2860494 0.6386566 0.5591769 0.8185026 1.00029e-4 0.9999001 0.2235139 0.8233681 0.2320287 0.6481993 0.2288743 0.8258009 0.419357 0.6446277 0.5604946 0.8185026 1.00029e-4 0.6481993 0.2288743 0.6399109 1.00017e-4 0.8258009 0.419357 0.9994118 0.5666688 0.6446277 0.5604946 0.9999001 0.2235139 0.8258009 0.419357 0.8233681 0.2320287 0.2378866 0.001106619 0.6708162 0.001106619 0.551374 0.5313483 0.1468858 0.4394145 0.3739684 0.9929 0.002034306 0.9929001 0.9999001 0.4898265 0.9999001 0.9999001 0.8789055 0.4625447 0.3759027 0.9995645 0.3095951 0.5195625 0.551374 0.5313483 0.8107848 0.9995645 0.6226554 0.9995645 0.551374 0.5313483 0.7390388 0.4874166 0.8107848 0.9995645 0.551374 0.5313483 0.6226554 0.9995645 0.3759027 0.9995645 0.551374 0.5313483 0.002034306 0.9929001 0.01759999 9.998e-5 0.1468858 0.4394145 0.1468858 0.4394145 0.01759999 9.998e-5 0.3043724 0.4817284 0.3739684 0.9929 0.1468858 0.4394145 0.3043724 0.4817284 0.6731231 0.001106619 0.9999001 0.001106619 0.8789055 0.4625447 0.9999001 0.9999001 0.8399379 0.5109759 0.8789055 0.4625447 0.3095951 0.5195625 0.2378866 0.001106619 0.551374 0.5313483 0.6708162 0.001106619 0.7390388 0.4874166 0.551374 0.5313483 0.2378866 0.001106619 0.551374 0.5313483 0.6708162 0.001106619 0.1468858 0.4394145 0.002034306 0.9929001 0.3739684 0.9929 0.3759027 0.9995645 0.551374 0.5313483 0.3095951 0.5195625 0.8107848 0.9995645 0.551374 0.5313483 0.6226554 0.9995645 0.7390388 0.4874166 0.551374 0.5313483 0.8107848 0.9995645 0.6226554 0.9995645 0.551374 0.5313483 0.3759027 0.9995645 0.002034306 0.9929001 0.1468858 0.4394145 0.01759999 9.998e-5 0.1468858 0.4394145 0.3043724 0.4817284 0.01759999 9.998e-5 0.3739684 0.9929 0.3043724 0.4817284 0.1468858 0.4394145 0.3095951 0.5195625 0.551374 0.5313483 0.2378866 0.001106619 0.6708162 0.001106619 0.551374 0.5313483 0.7390388 0.4874166 0.9999001 0.001106619 0.9999001 0.4898265 0.8789055 0.4625447 0.8399379 0.5109759 0.6731231 0.001106619 0.8789055 0.4625447 0.2378866 0.001106619 0.6708162 0.001106619 0.551374 0.5313483 0.1468858 0.4394145 0.3739684 0.9929 0.002034306 0.9929001 0.9999001 0.4898265 0.9999001 0.9999001 0.8789055 0.4625447 0.3759027 0.9995645 0.3095951 0.5195625 0.551374 0.5313483 0.8107848 0.9995645 0.6226554 0.9995645 0.551374 0.5313483 0.7390388 0.4874166 0.8107848 0.9995645 0.551374 0.5313483 0.6226554 0.9995645 0.3759027 0.9995645 0.551374 0.5313483 0.002034306 0.9929001 0.01019245 0.4725614 0.1468858 0.4394145 0.1468858 0.4394145 0.01759999 9.998e-5 0.3043724 0.4817284 0.3739684 0.9929 0.1468858 0.4394145 0.3043724 0.4817284 0.6731231 0.001106619 0.9999001 0.001106619 0.8789055 0.4625447 0.9999001 0.9999001 0.8399379 0.5109759 0.8789055 0.4625447 0.3095951 0.5195625 0.2378866 0.001106619 0.551374 0.5313483 0.6708162 0.001106619 0.7390388 0.4874166 0.551374 0.5313483 0.2378866 0.001106619 0.551374 0.5313483 0.6708162 0.001106619 0.1468858 0.4394145 0.002034306 0.9929001 0.3739684 0.9929 0.3759027 0.9995645 0.551374 0.5313483 0.3095951 0.5195625 0.8107848 0.9995645 0.551374 0.5313483 0.6226554 0.9995645 0.7390388 0.4874166 0.551374 0.5313483 0.8107848 0.9995645 0.6226554 0.9995645 0.551374 0.5313483 0.3759027 0.9995645 0.002034306 0.9929001 0.1468858 0.4394145 0.01759999 9.998e-5 0.1468858 0.4394145 0.3043724 0.4817284 0.01759999 9.998e-5 0.3739684 0.9929 0.3043724 0.4817284 0.1468858 0.4394145 0.3095951 0.5195625 0.551374 0.5313483 0.2378866 0.001106619 0.6708162 0.001106619 0.551374 0.5313483 0.7390388 0.4874166 0.9999001 0.001106619 0.9999001 0.4898265 0.8789055 0.4625447 0.8399379 0.5109759 0.6731231 0.001106619 0.8789055 0.4625447 0.01019245 0.4725614 0.01759999 9.998e-5 0.1468858 0.4394145 0.5655792 0.5724869 9.998e-5 0.9733611 0.2027099 0.6901947 1.00033e-4 0.558623 0.5655792 0.5724869 0.2027099 0.6901947 9.998e-5 0.9733611 1.00033e-4 0.558623 0.2027099 0.6901947 0.5655792 0.5724869 9.998e-5 0.9733611 0.2027099 0.6901947 1.00033e-4 0.558623 0.5655792 0.5724869 0.2027099 0.6901947 9.998e-5 0.9733611 1.00033e-4 0.558623 0.2027099 0.6901947 0.8185026 1.00029e-4 0.9999001 0.2235139 0.8233681 0.2320287 0.6481993 0.2288743 0.8258009 0.419357 0.6446277 0.5604946 0.6399109 1.00017e-4 0.8233681 0.2320287 0.6481993 0.2288743 0.8258009 0.419357 0.9994118 0.5666688 0.6446277 0.5604946 0.9999001 0.2235139 0.8258009 0.419357 0.8233681 0.2320287 0.7281361 0.7816033 0.9999 0.7802446 0.9999001 0.9999001 0.7281361 0.9999001 0.7281361 0.7816033 0.9999001 0.9999001 0.7281361 0.7816033 0.9999 0.7802446 0.9999001 0.9999001 0.7281361 0.9999001 0.7281361 0.7816033 0.9999001 0.9999001 0.7266577 0.8609114 0.7266577 0.9999001 0.5695388 0.9999001 0.5728923 0.5648676 0.7266577 0.5648677 0.7266577 0.7219228 0.5717744 0.7219226 0.7266577 0.8609114 0.5706566 0.8609114 0.5706566 0.8609114 0.7266577 0.8609114 0.5695388 0.9999001 0.5717744 0.7219226 0.5728923 0.5648676 0.7266577 0.7219228 0.7266577 0.8609114 0.7266577 0.9999001 0.5695388 0.9999001 0.5728923 0.5648676 0.7266577 0.5648677 0.7266577 0.7219228 0.5717744 0.7219226 0.7266577 0.8609114 0.5706566 0.8609114 0.5706566 0.8609114 0.7266577 0.8609114 0.5695388 0.9999001 0.5717744 0.7219226 0.5728923 0.5648676 0.7266577 0.7219228 1.00099e-4 9.998e-5 0.6386566 1.00017e-4 0.3136724 0.2860494 0.3136724 0.2860494 0.6386566 0.300652 0.6386566 0.5591769 0.007033586 0.5548431 1.00099e-4 9.998e-5 0.3136724 0.2860494 0.6386566 1.00017e-4 0.6386566 0.300652 0.3136724 0.2860494 0.007033586 0.5548431 0.3136724 0.2860494 0.6386566 0.5591769 0.5700773 0.5684846 0.556461 0.7721304 0.3331996 0.7457156 0.3490711 0.9807376 0.1768814 0.9779122 0.3331996 0.7457156 0.556461 0.7721304 0.5423011 0.9839084 0.3331996 0.7457156 0.3331996 0.7457156 0.1768814 0.9779122 -0.005794525 0.9749146 0.5423011 0.9839084 0.3490711 0.9807376 0.3331996 0.7457156 0.5700773 0.5684846 0.556461 0.7721304 0.3331996 0.7457156 0.3490711 0.9807376 0.1768814 0.9779122 0.3331996 0.7457156 0.556461 0.7721304 0.5423011 0.9839084 0.3331996 0.7457156 0.3331996 0.7457156 0.1768814 0.9779122 -0.005794525 0.9749146 0.5423011 0.9839084 0.3490711 0.9807376 0.3331996 0.7457156 0.7266577 0.8609114 0.7266577 0.9999001 0.5695388 0.9999001 0.5728923 0.5648676 0.7266577 0.5648677 0.7266577 0.7219228 0.5717744 0.7219226 0.7266577 0.8609114 0.5706566 0.8609114 0.5706566 0.8609114 0.7266577 0.8609114 0.5695388 0.9999001 0.5717744 0.7219226 0.5728923 0.5648676 0.7266577 0.7219228 0.7266577 0.8609114 0.7266577 0.9999001 0.5695388 0.9999001 0.5728923 0.5648676 0.7266577 0.5648677 0.7266577 0.7219228 0.5717744 0.7219226 0.7266577 0.8609114 0.5706566 0.8609114 0.5706566 0.8609114 0.7266577 0.8609114 0.5695388 0.9999001 0.5717744 0.7219226 0.5728923 0.5648676 0.7266577 0.7219228 0.7266577 0.8609114 0.7266577 0.9999001 0.5695388 0.9999001 0.5728923 0.5648676 0.7266577 0.5648677 0.7266577 0.7219228 0.5717744 0.7219226 0.7266577 0.8609114 0.5706566 0.8609114 0.5706566 0.8609114 0.7266577 0.8609114 0.5695388 0.9999001 0.5717744 0.7219226 0.5728923 0.5648676 0.7266577 0.7219228 0.7281361 0.7816033 0.9999 0.7802446 0.9999001 0.9999001 0.7281361 0.9999001 0.7281361 0.7816033 0.9999001 0.9999001 0.5655792 0.5724869 9.998e-5 0.9733611 0.2027099 0.6901947 1.00033e-4 0.558623 0.5655792 0.5724869 0.2027099 0.6901947 9.998e-5 0.9733611 1.00033e-4 0.558623 0.2027099 0.6901947 0.5655792 0.5724869 9.998e-5 0.9733611 0.2027099 0.6901947 1.00033e-4 0.558623 0.5655792 0.5724869 0.2027099 0.6901947 9.998e-5 0.9733611 1.00033e-4 0.558623 0.2027099 0.6901947 0.8185026 1.00029e-4 0.9999001 0.2235139 0.8233681 0.2320287 0.6481993 0.2288743 0.8258009 0.419357 0.6446277 0.5604946 0.6399109 1.00017e-4 0.8233681 0.2320287 0.6481993 0.2288743 0.8258009 0.419357 0.9994118 0.5666688 0.6446277 0.5604946 0.9999001 0.2235139 0.8258009 0.419357 0.8233681 0.2320287 0.7281361 0.7816033 0.9999 0.7802446 0.9999001 0.9999001 0.7281361 0.9999001 0.7281361 0.7816033 0.9999001 0.9999001 0.7281361 0.7816033 0.9999 0.7802446 0.9999001 0.9999001 0.7281361 0.9999001 0.7281361 0.7816033 0.9999001 0.9999001 0.7266577 0.8609114 0.7266577 0.9999001 0.5695388 0.9999001 0.5728923 0.5648676 0.7266577 0.5648677 0.7266577 0.7219228 0.5717744 0.7219226 0.7266577 0.8609114 0.5706566 0.8609114 0.5706566 0.8609114 0.7266577 0.8609114 0.5695388 0.9999001 0.5717744 0.7219226 0.5728923 0.5648676 0.7266577 0.7219228 0.7266577 0.8609114 0.7266577 0.9999001 0.5695388 0.9999001 0.5728923 0.5648676 0.7266577 0.5648677 0.7266577 0.7219228 0.5717744 0.7219226 0.7266577 0.8609114 0.5706566 0.8609114 0.5706566 0.8609114 0.7266577 0.8609114 0.5695388 0.9999001 0.5717744 0.7219226 0.5728923 0.5648676 0.7266577 0.7219228 1.00099e-4 9.998e-5 0.6386566 1.00017e-4 0.3136724 0.2860494 0.3136724 0.2860494 0.6386566 0.300652 0.6386566 0.5591769 0.007033586 0.5548431 1.00099e-4 9.998e-5 0.3136724 0.2860494 0.6386566 1.00017e-4 0.6386566 0.300652 0.3136724 0.2860494 0.007033586 0.5548431 0.3136724 0.2860494 0.6386566 0.5591769 0.5700773 0.5684846 0.556461 0.7721304 0.3331996 0.7457156 0.3490711 0.9807376 0.1768814 0.9779122 0.3331996 0.7457156 0.556461 0.7721304 0.5423011 0.9839084 0.3331996 0.7457156 0.3331996 0.7457156 0.1768814 0.9779122 -0.005794525 0.9749146 0.5423011 0.9839084 0.3490711 0.9807376 0.3331996 0.7457156 0.5700773 0.5684846 0.556461 0.7721304 0.3331996 0.7457156 0.3490711 0.9807376 0.1768814 0.9779122 0.3331996 0.7457156 0.556461 0.7721304 0.5423011 0.9839084 0.3331996 0.7457156 0.3331996 0.7457156 0.1768814 0.9779122 -0.005794525 0.9749146 0.5423011 0.9839084 0.3490711 0.9807376 0.3331996 0.7457156 0.7266577 0.8609114 0.7266577 0.9999001 0.5695388 0.9999001 0.5728923 0.5648676 0.7266577 0.5648677 0.7266577 0.7219228 0.5717744 0.7219226 0.7266577 0.8609114 0.5706566 0.8609114 0.5706566 0.8609114 0.7266577 0.8609114 0.5695388 0.9999001 0.5717744 0.7219226 0.5728923 0.5648676 0.7266577 0.7219228 0.7266577 0.8609114 0.7266577 0.9999001 0.5695388 0.9999001 0.5728923 0.5648676 0.7266577 0.5648677 0.7266577 0.7219228 0.5717744 0.7219226 0.7266577 0.8609114 0.5706566 0.8609114 0.5706566 0.8609114 0.7266577 0.8609114 0.5695388 0.9999001 0.5717744 0.7219226 0.5728923 0.5648676 0.7266577 0.7219228 0.7266577 0.8609114 0.7266577 0.9999001 0.5695388 0.9999001 0.5728923 0.5648676 0.7266577 0.5648677 0.7266577 0.7219228 0.5717744 0.7219226 0.7266577 0.8609114 0.5706566 0.8609114 0.5706566 0.8609114 0.7266577 0.8609114 0.5695388 0.9999001 0.5717744 0.7219226 0.5728923 0.5648676 0.7266577 0.7219228 0.7281361 0.7816033 0.9999 0.7802446 0.9999001 0.9999001 0.7281361 0.9999001 0.7281361 0.7816033 0.9999001 0.9999001 0.7266577 0.8609114 0.7266577 0.9999001 0.5695388 0.9999001 0.5728923 0.5648676 0.7266577 0.5648677 0.7266577 0.7219228 0.5717744 0.7219226 0.7266577 0.8609114 0.5706566 0.8609114 0.5706566 0.8609114 0.7266577 0.8609114 0.5695388 0.9999001 0.5717744 0.7219226 0.5728923 0.5648676 0.7266577 0.7219228 0.7266577 0.8609114 0.7266577 0.9999001 0.5695388 0.9999001 0.5728923 0.5648676 0.7266577 0.5648677 0.7266577 0.7219228 0.5717744 0.7219226 0.7266577 0.8609114 0.5706566 0.8609114 0.5706566 0.8609114 0.7266577 0.8609114 0.5695388 0.9999001 0.5717744 0.7219226 0.5728923 0.5648676 0.7266577 0.7219228 0.7266577 0.8609114 0.7266577 0.9999001 0.5695388 0.9999001 0.5728923 0.5648676 0.7266577 0.5648677 0.7266577 0.7219228 0.5717744 0.7219226 0.7266577 0.8609114 0.5706566 0.8609114 0.5706566 0.8609114 0.7266577 0.8609114 0.5695388 0.9999001 0.5717744 0.7219226 0.5728923 0.5648676 0.7266577 0.7219228 0.7266577 0.8609114 0.7266577 0.9999001 0.5695388 0.9999001 0.5728923 0.5648676 0.7266577 0.5648677 0.7266577 0.7219228 0.5717744 0.7219226 0.7266577 0.8609114 0.5706566 0.8609114 0.5706566 0.8609114 0.7266577 0.8609114 0.5695388 0.9999001 0.5717744 0.7219226 0.5728923 0.5648676 0.7266577 0.7219228 0.7266577 0.8609114 0.7266577 0.9999001 0.5695388 0.9999001 0.5728923 0.5648676 0.7266577 0.5648677 0.7266577 0.7219228 0.5717744 0.7219226 0.7266577 0.8609114 0.5706566 0.8609114 0.5706566 0.8609114 0.7266577 0.8609114 0.5695388 0.9999001 0.5717744 0.7219226 0.5728923 0.5648676 0.7266577 0.7219228 0.7266577 0.8609114 0.7266577 0.9999001 0.5695388 0.9999001 0.5728923 0.5648676 0.7266577 0.5648677 0.7266577 0.7219228 0.5717744 0.7219226 0.7266577 0.8609114 0.5706566 0.8609114 0.5706566 0.8609114 0.7266577 0.8609114 0.5695388 0.9999001 0.5717744 0.7219226 0.5728923 0.5648676 0.7266577 0.7219228 0.7266577 0.8609114 0.7266577 0.9999001 0.5695388 0.9999001 0.5728923 0.5648676 0.7266577 0.5648677 0.7266577 0.7219228 0.5717744 0.7219226 0.7266577 0.8609114 0.5706566 0.8609114 0.5706566 0.8609114 0.7266577 0.8609114 0.5695388 0.9999001 0.5717744 0.7219226 0.5728923 0.5648676 0.7266577 0.7219228 0.7266577 0.8609114 0.7266577 0.9999001 0.5695388 0.9999001 0.5728923 0.5648676 0.7266577 0.5648677 0.7266577 0.7219228 0.5717744 0.7219226 0.7266577 0.8609114 0.5706566 0.8609114 0.5706566 0.8609114 0.7266577 0.8609114 0.5695388 0.9999001 0.5717744 0.7219226 0.5728923 0.5648676 0.7266577 0.7219228 0.7266577 0.8609114 0.7266577 0.9999001 0.5695388 0.9999001 0.5728923 0.5648676 0.7266577 0.5648677 0.7266577 0.7219228 0.5717744 0.7219226 0.7266577 0.8609114 0.5706566 0.8609114 0.5706566 0.8609114 0.7266577 0.8609114 0.5695388 0.9999001 0.5717744 0.7219226 0.5728923 0.5648676 0.7266577 0.7219228 0.7266577 0.8609114 0.7266577 0.9999001 0.5695388 0.9999001 0.5728923 0.5648676 0.7266577 0.5648677 0.7266577 0.7219228 0.5717744 0.7219226 0.7266577 0.8609114 0.5706566 0.8609114 0.5706566 0.8609114 0.7266577 0.8609114 0.5695388 0.9999001 0.5717744 0.7219226 0.5728923 0.5648676 0.7266577 0.7219228 0.7266577 0.8609114 0.7266577 0.9999001 0.5695388 0.9999001 0.5728923 0.5648676 0.7266577 0.5648677 0.7266577 0.7219228 0.5717744 0.7219226 0.7266577 0.8609114 0.5706566 0.8609114 0.5706566 0.8609114 0.7266577 0.8609114 0.5695388 0.9999001 0.5717744 0.7219226 0.5728923 0.5648676 0.7266577 0.7219228 0.7266577 0.8609114 0.7266577 0.9999001 0.5695388 0.9999001 0.5728923 0.5648676 0.7266577 0.5648677 0.7266577 0.7219228 0.5717744 0.7219226 0.7266577 0.8609114 0.5706566 0.8609114 0.5706566 0.8609114 0.7266577 0.8609114 0.5695388 0.9999001 0.5717744 0.7219226 0.5728923 0.5648676 0.7266577 0.7219228 0.7266577 0.8609114 0.7266577 0.9999001 0.5695388 0.9999001 0.5728923 0.5648676 0.7266577 0.5648677 0.7266577 0.7219228 0.5717744 0.7219226 0.7266577 0.8609114 0.5706566 0.8609114 0.5706566 0.8609114 0.7266577 0.8609114 0.5695388 0.9999001 0.5717744 0.7219226 0.5728923 0.5648676 0.7266577 0.7219228 0.7266577 0.8609114 0.7266577 0.9999001 0.5695388 0.9999001 0.5728923 0.5648676 0.7266577 0.5648677 0.7266577 0.7219228 0.5717744 0.7219226 0.7266577 0.8609114 0.5706566 0.8609114 0.5706566 0.8609114 0.7266577 0.8609114 0.5695388 0.9999001 0.5717744 0.7219226 0.5728923 0.5648676 0.7266577 0.7219228 0.7266577 0.8609114 0.7266577 0.9999001 0.5695388 0.9999001 0.5728923 0.5648676 0.7266577 0.5648677 0.7266577 0.7219228 0.5717744 0.7219226 0.7266577 0.8609114 0.5706566 0.8609114 0.5706566 0.8609114 0.7266577 0.8609114 0.5695388 0.9999001 0.5717744 0.7219226 0.5728923 0.5648676 0.7266577 0.7219228 0.7266577 0.8609114 0.7266577 0.9999001 0.5695388 0.9999001 0.5728923 0.5648676 0.7266577 0.5648677 0.7266577 0.7219228 0.5717744 0.7219226 0.7266577 0.8609114 0.5706566 0.8609114 0.5706566 0.8609114 0.7266577 0.8609114 0.5695388 0.9999001 0.5717744 0.7219226 0.5728923 0.5648676 0.7266577 0.7219228 0.7266577 0.8609114 0.7266577 0.9999001 0.5695388 0.9999001 0.5728923 0.5648676 0.7266577 0.5648677 0.7266577 0.7219228 0.5717744 0.7219226 0.7266577 0.8609114 0.5706566 0.8609114 0.5706566 0.8609114 0.7266577 0.8609114 0.5695388 0.9999001 0.5717744 0.7219226 0.5728923 0.5648676 0.7266577 0.7219228 0.7266577 0.8609114 0.7266577 0.9999001 0.5695388 0.9999001 0.5728923 0.5648676 0.7266577 0.5648677 0.7266577 0.7219228 0.5717744 0.7219226 0.7266577 0.8609114 0.5706566 0.8609114 0.5706566 0.8609114 0.7266577 0.8609114 0.5695388 0.9999001 0.5717744 0.7219226 0.5728923 0.5648676 0.7266577 0.7219228 0.7266577 0.8609114 0.7266577 0.9999001 0.5695388 0.9999001 0.5728923 0.5648676 0.7266577 0.5648677 0.7266577 0.7219228 0.5717744 0.7219226 0.7266577 0.8609114 0.5706566 0.8609114 0.5706566 0.8609114 0.7266577 0.8609114 0.5695388 0.9999001 0.5717744 0.7219226 0.5728923 0.5648676 0.7266577 0.7219228 0.7266577 0.8609114 0.7266577 0.9999001 0.5695388 0.9999001 0.5728923 0.5648676 0.7266577 0.5648677 0.7266577 0.7219228 0.5717744 0.7219226 0.7266577 0.8609114 0.5706566 0.8609114 0.5706566 0.8609114 0.7266577 0.8609114 0.5695388 0.9999001 0.5717744 0.7219226 0.5728923 0.5648676 0.7266577 0.7219228 0.7266577 0.8609114 0.7266577 0.9999001 0.5695388 0.9999001 0.5728923 0.5648676 0.7266577 0.5648677 0.7266577 0.7219228 0.5717744 0.7219226 0.7266577 0.8609114 0.5706566 0.8609114 0.5706566 0.8609114 0.7266577 0.8609114 0.5695388 0.9999001 0.5717744 0.7219226 0.5728923 0.5648676 0.7266577 0.7219228 0.7266577 0.8609114 0.7266577 0.9999001 0.5695388 0.9999001 0.5728923 0.5648676 0.7266577 0.5648677 0.7266577 0.7219228 0.5717744 0.7219226 0.7266577 0.8609114 0.5706566 0.8609114 0.5706566 0.8609114 0.7266577 0.8609114 0.5695388 0.9999001 0.5717744 0.7219226 0.5728923 0.5648676 0.7266577 0.7219228 0.5700773 0.5684846 0.5423011 0.9839084 0.3331996 0.7457156 0.5423011 0.9839084 -0.005794525 0.9749146 0.3331996 0.7457156 0.9999 0.7802446 0.7281361 0.7816033 0.9999001 0.5695406 0.7281361 0.7816033 0.7281361 0.5627887 0.9999001 0.5695406 0.5700773 0.5684846 0.5423011 0.9839084 0.3331996 0.7457156 0.5423011 0.9839084 -0.005794525 0.9749146 0.3331996 0.7457156 0.9999 0.7802446 0.7281361 0.7816033 0.9999001 0.5695406 0.7281361 0.7816033 0.7281361 0.5627887 0.9999001 0.5695406 0.5700773 0.5684846 0.5423011 0.9839084 0.3331996 0.7457156 0.5423011 0.9839084 -0.005794525 0.9749146 0.3331996 0.7457156 0.9999 0.7802446 0.7281361 0.7816033 0.9999001 0.5695406 0.7281361 0.7816033 0.7281361 0.5627887 0.9999001 0.5695406 0.5700773 0.5684846 0.5423011 0.9839084 0.3331996 0.7457156 0.5423011 0.9839084 -0.005794525 0.9749146 0.3331996 0.7457156 0.9999 0.7802446 0.7281361 0.7816033 0.9999001 0.5695406 0.7281361 0.7816033 0.7281361 0.5627887 0.9999001 0.5695406 0.5700773 0.5684846 0.5423011 0.9839084 0.3331996 0.7457156 0.5423011 0.9839084 -0.005794525 0.9749146 0.3331996 0.7457156 0.9999 0.7802446 0.7281361 0.7816033 0.9999001 0.5695406 0.7281361 0.7816033 0.7281361 0.5627887 0.9999001 0.5695406 0.5700773 0.5684846 0.5423011 0.9839084 0.3331996 0.7457156 0.5423011 0.9839084 -0.005794525 0.9749146 0.3331996 0.7457156 0.9999 0.7802446 0.7281361 0.7816033 0.9999001 0.5695406 0.7281361 0.7816033 0.7281361 0.5627887 0.9999001 0.5695406 0.5700773 0.5684846 0.5423011 0.9839084 0.3331996 0.7457156 0.5423011 0.9839084 -0.005794525 0.9749146 0.3331996 0.7457156 0.9999 0.7802446 0.7281361 0.7816033 0.9999001 0.5695406 0.7281361 0.7816033 0.7281361 0.5627887 0.9999001 0.5695406 0.5700773 0.5684846 0.5423011 0.9839084 0.3331996 0.7457156 0.5423011 0.9839084 -0.005794525 0.9749146 0.3331996 0.7457156 0.9999 0.7802446 0.7281361 0.7816033 0.9999001 0.5695406 0.7281361 0.7816033 0.7281361 0.5627887 0.9999001 0.5695406 0.7281361 0.7816033 0.9999 0.7802446 0.9999001 0.9999001 0.7281361 0.9999001 0.7281361 0.7816033 0.9999001 0.9999001 0.7281361 0.7816033 0.9999 0.7802446 0.9999001 0.9999001 0.7281361 0.9999001 0.7281361 0.7816033 0.9999001 0.9999001 0.7281361 0.7816033 0.9999 0.7802446 0.9999001 0.9999001 0.7281361 0.9999001 0.7281361 0.7816033 0.9999001 0.9999001 0.7281361 0.7816033 0.9999 0.7802446 0.9999001 0.9999001 0.7281361 0.9999001 0.7281361 0.7816033 0.9999001 0.9999001 0.7281361 0.7816033 0.9999 0.7802446 0.9999001 0.9999001 0.7281361 0.9999001 0.7281361 0.7816033 0.9999001 0.9999001 0.7281361 0.7816033 0.9999 0.7802446 0.9999001 0.9999001 0.7281361 0.9999001 0.7281361 0.7816033 0.9999001 0.9999001 0.7281361 0.7816033 0.7281361 0.5627887 0.866765 0.6806516 0.9999001 0.5695406 0.9999 0.7802446 0.866765 0.6806516 0.7281361 0.5627887 0.9999001 0.5695406 0.866765 0.6806516 0.9999 0.7802446 0.7281361 0.7816033 0.866765 0.6806516 0.7281361 0.7816033 0.7281361 0.5627887 0.866765 0.6806516 0.9999001 0.5695406 0.9999 0.7802446 0.866765 0.6806516 0.7281361 0.5627887 0.9999001 0.5695406 0.866765 0.6806516 0.9999 0.7802446 0.7281361 0.7816033 0.866765 0.6806516 0.7281361 0.7816033 0.7281361 0.5627887 0.866765 0.6806516 0.9999001 0.5695406 0.9999 0.7802446 0.866765 0.6806516 0.7281361 0.5627887 0.9999001 0.5695406 0.866765 0.6806516 0.9999 0.7802446 0.7281361 0.7816033 0.866765 0.6806516 0.7281361 0.7816033 0.7281361 0.5627887 0.866765 0.6806516 0.9999001 0.5695406 0.9999 0.7802446 0.866765 0.6806516 0.7281361 0.5627887 0.9999001 0.5695406 0.866765 0.6806516 0.9999 0.7802446 0.7281361 0.7816033 0.866765 0.6806516 0.7281361 0.7816033 0.7281361 0.5627887 0.866765 0.6806516 0.9999001 0.5695406 0.9999 0.7802446 0.866765 0.6806516 0.7281361 0.5627887 0.9999001 0.5695406 0.866765 0.6806516 0.9999 0.7802446 0.7281361 0.7816033 0.866765 0.6806516 0.7281361 0.7816033 0.7281361 0.5627887 0.866765 0.6806516 0.9999001 0.5695406 0.9999 0.7802446 0.866765 0.6806516 0.7281361 0.5627887 0.9999001 0.5695406 0.866765 0.6806516 0.9999 0.7802446 0.7281361 0.7816033 0.866765 0.6806516 0.7281361 0.7816033 0.7281361 0.5627887 0.866765 0.6806516 0.9999001 0.5695406 0.9999 0.7802446 0.866765 0.6806516 0.7281361 0.5627887 0.9999001 0.5695406 0.866765 0.6806516 0.9999 0.7802446 0.7281361 0.7816033 0.866765 0.6806516 0.7281361 0.7816033 0.7281361 0.5627887 0.866765 0.6806516 0.9999001 0.5695406 0.9999 0.7802446 0.866765 0.6806516 0.7281361 0.5627887 0.9999001 0.5695406 0.866765 0.6806516 0.9999 0.7802446 0.7281361 0.7816033 0.866765 0.6806516 0.7281361 0.7816033 0.7281361 0.5627887 0.866765 0.6806516 0.9999001 0.5695406 0.9999 0.7802446 0.866765 0.6806516 0.7281361 0.5627887 0.9999001 0.5695406 0.866765 0.6806516 0.9999 0.7802446 0.7281361 0.7816033 0.866765 0.6806516 0.7281361 0.7816033 0.7281361 0.5627887 0.866765 0.6806516 0.9999001 0.5695406 0.9999 0.7802446 0.866765 0.6806516 0.7281361 0.5627887 0.9999001 0.5695406 0.866765 0.6806516 0.9999 0.7802446 0.7281361 0.7816033 0.866765 0.6806516 0.7281361 0.7816033 0.7281361 0.5627887 0.866765 0.6806516 0.9999001 0.5695406 0.9999 0.7802446 0.866765 0.6806516 0.7281361 0.5627887 0.9999001 0.5695406 0.866765 0.6806516 0.9999 0.7802446 0.7281361 0.7816033 0.866765 0.6806516 0.7281361 0.7816033 0.7281361 0.5627887 0.866765 0.6806516 0.9999001 0.5695406 0.9999 0.7802446 0.866765 0.6806516 0.7281361 0.5627887 0.9999001 0.5695406 0.866765 0.6806516 0.9999 0.7802446 0.7281361 0.7816033 0.866765 0.6806516 0.7281361 0.7816033 0.7281361 0.5627887 0.866765 0.6806516 0.9999001 0.5695406 0.9999 0.7802446 0.866765 0.6806516 0.7281361 0.5627887 0.9999001 0.5695406 0.866765 0.6806516 0.9999 0.7802446 0.7281361 0.7816033 0.866765 0.6806516 0.7281361 0.7816033 0.7281361 0.5627887 0.866765 0.6806516 0.9999001 0.5695406 0.9999 0.7802446 0.866765 0.6806516 0.7281361 0.5627887 0.9999001 0.5695406 0.866765 0.6806516 0.9999 0.7802446 0.7281361 0.7816033 0.866765 0.6806516 0.7281361 0.7816033 0.7281361 0.5627887 0.866765 0.6806516 0.9999001 0.5695406 0.9999 0.7802446 0.866765 0.6806516 0.7281361 0.5627887 0.9999001 0.5695406 0.866765 0.6806516 0.9999 0.7802446 0.7281361 0.7816033 0.866765 0.6806516 0.7281361 0.7816033 0.7281361 0.5627887 0.866765 0.6806516 0.9999001 0.5695406 0.9999 0.7802446 0.866765 0.6806516 0.7281361 0.5627887 0.9999001 0.5695406 0.866765 0.6806516 0.9999 0.7802446 0.7281361 0.7816033 0.866765 0.6806516 0.7281361 0.7816033 0.7281361 0.5627887 0.866765 0.6806516 0.9999001 0.5695406 0.9999 0.7802446 0.866765 0.6806516 0.7281361 0.5627887 0.9999001 0.5695406 0.866765 0.6806516 0.9999 0.7802446 0.7281361 0.7816033 0.866765 0.6806516 0.7281361 0.7816033 0.7281361 0.5627887 0.866765 0.6806516 0.9999001 0.5695406 0.9999 0.7802446 0.866765 0.6806516 0.7281361 0.5627887 0.9999001 0.5695406 0.866765 0.6806516 0.9999 0.7802446 0.7281361 0.7816033 0.866765 0.6806516 0.7281361 0.7816033 0.7281361 0.5627887 0.866765 0.6806516 0.9999001 0.5695406 0.9999 0.7802446 0.866765 0.6806516 0.7281361 0.5627887 0.9999001 0.5695406 0.866765 0.6806516 0.9999 0.7802446 0.7281361 0.7816033 0.866765 0.6806516 0.7281361 0.7816033 0.7281361 0.5627887 0.866765 0.6806516 0.9999001 0.5695406 0.9999 0.7802446 0.866765 0.6806516 0.7281361 0.5627887 0.9999001 0.5695406 0.866765 0.6806516 0.9999 0.7802446 0.7281361 0.7816033 0.866765 0.6806516 0.7281361 0.7816033 0.7281361 0.5627887 0.866765 0.6806516 0.9999001 0.5695406 0.9999 0.7802446 0.866765 0.6806516 0.7281361 0.5627887 0.9999001 0.5695406 0.866765 0.6806516 0.9999 0.7802446 0.7281361 0.7816033 0.866765 0.6806516 0.7281361 0.7816033 0.7281361 0.5627887 0.866765 0.6806516 0.9999001 0.5695406 0.9999 0.7802446 0.866765 0.6806516 0.7281361 0.5627887 0.9999001 0.5695406 0.866765 0.6806516 0.9999 0.7802446 0.7281361 0.7816033 0.866765 0.6806516 0.7281361 0.7816033 0.7281361 0.5627887 0.866765 0.6806516 0.9999001 0.5695406 0.9999 0.7802446 0.866765 0.6806516 0.7281361 0.5627887 0.9999001 0.5695406 0.866765 0.6806516 0.9999 0.7802446 0.7281361 0.7816033 0.866765 0.6806516 0.7281361 0.7816033 0.7281361 0.5627887 0.866765 0.6806516 0.9999001 0.5695406 0.9999 0.7802446 0.866765 0.6806516 0.7281361 0.5627887 0.9999001 0.5695406 0.866765 0.6806516 0.9999 0.7802446 0.7281361 0.7816033 0.866765 0.6806516 0.7281361 0.7816033 0.7281361 0.5627887 0.866765 0.6806516 0.9999001 0.5695406 0.9999 0.7802446 0.866765 0.6806516 0.7281361 0.5627887 0.9999001 0.5695406 0.866765 0.6806516 0.9999 0.7802446 0.7281361 0.7816033 0.866765 0.6806516 0.7281361 0.7816033 0.7281361 0.5627887 0.866765 0.6806516 0.9999001 0.5695406 0.9999 0.7802446 0.866765 0.6806516 0.7281361 0.5627887 0.9999001 0.5695406 0.866765 0.6806516 0.9999 0.7802446 0.7281361 0.7816033 0.866765 0.6806516 0.7281361 0.7816033 0.7281361 0.5627887 0.866765 0.6806516 0.9999001 0.5695406 0.9999 0.7802446 0.866765 0.6806516 0.7281361 0.5627887 0.9999001 0.5695406 0.866765 0.6806516 0.9999 0.7802446 0.7281361 0.7816033 0.866765 0.6806516 0.7281361 0.7816033 0.7281361 0.5627887 0.866765 0.6806516 0.9999001 0.5695406 0.9999 0.7802446 0.866765 0.6806516 0.7281361 0.5627887 0.9999001 0.5695406 0.866765 0.6806516 0.9999 0.7802446 0.7281361 0.7816033 0.866765 0.6806516 0.7281361 0.7816033 0.7281361 0.5627887 0.866765 0.6806516 0.9999001 0.5695406 0.9999 0.7802446 0.866765 0.6806516 0.7281361 0.5627887 0.9999001 0.5695406 0.866765 0.6806516 0.9999 0.7802446 0.7281361 0.7816033 0.866765 0.6806516 0.7281361 0.7816033 0.7281361 0.5627887 0.866765 0.6806516 0.9999001 0.5695406 0.9999 0.7802446 0.866765 0.6806516 0.7281361 0.5627887 0.9999001 0.5695406 0.866765 0.6806516 0.9999 0.7802446 0.7281361 0.7816033 0.866765 0.6806516 0.7281361 0.7816033 0.7281361 0.5627887 0.866765 0.6806516 0.9999001 0.5695406 0.9999 0.7802446 0.866765 0.6806516 0.7281361 0.5627887 0.9999001 0.5695406 0.866765 0.6806516 0.9999 0.7802446 0.7281361 0.7816033 0.866765 0.6806516 0.7281361 0.7816033 0.7281361 0.5627887 0.866765 0.6806516 0.9999001 0.5695406 0.9999 0.7802446 0.866765 0.6806516 0.7281361 0.5627887 0.9999001 0.5695406 0.866765 0.6806516 0.9999 0.7802446 0.7281361 0.7816033 0.866765 0.6806516 0.7281361 0.7816033 0.7281361 0.5627887 0.866765 0.6806516 0.9999001 0.5695406 0.9999 0.7802446 0.866765 0.6806516 0.7281361 0.5627887 0.9999001 0.5695406 0.866765 0.6806516 0.9999 0.7802446 0.7281361 0.7816033 0.866765 0.6806516 0.7281361 0.7816033 0.7281361 0.5627887 0.866765 0.6806516 0.9999001 0.5695406 0.9999 0.7802446 0.866765 0.6806516 0.7281361 0.5627887 0.9999001 0.5695406 0.866765 0.6806516 0.9999 0.7802446 0.7281361 0.7816033 0.866765 0.6806516 0.7281361 0.7816033 0.7281361 0.5627887 0.866765 0.6806516 0.9999001 0.5695406 0.9999 0.7802446 0.866765 0.6806516 0.7281361 0.5627887 0.9999001 0.5695406 0.866765 0.6806516 0.9999 0.7802446 0.7281361 0.7816033 0.866765 0.6806516 0.7281361 0.7816033 0.7281361 0.5627887 0.866765 0.6806516 0.9999001 0.5695406 0.9999 0.7802446 0.866765 0.6806516 0.7281361 0.5627887 0.9999001 0.5695406 0.866765 0.6806516 0.9999 0.7802446 0.7281361 0.7816033 0.866765 0.6806516 0.7281361 0.7816033 0.7281361 0.5627887 0.866765 0.6806516 0.9999001 0.5695406 0.9999 0.7802446 0.866765 0.6806516 0.7281361 0.5627887 0.9999001 0.5695406 0.866765 0.6806516 0.9999 0.7802446 0.7281361 0.7816033 0.866765 0.6806516 0.7281361 0.7816033 0.7281361 0.5627887 0.866765 0.6806516 0.9999001 0.5695406 0.9999 0.7802446 0.866765 0.6806516 0.7281361 0.5627887 0.9999001 0.5695406 0.866765 0.6806516 0.9999 0.7802446 0.7281361 0.7816033 0.866765 0.6806516 0.7281361 0.7816033 0.7281361 0.5627887 0.866765 0.6806516 0.9999001 0.5695406 0.9999 0.7802446 0.866765 0.6806516 0.7281361 0.5627887 0.9999001 0.5695406 0.866765 0.6806516 0.9999 0.7802446 0.7281361 0.7816033 0.866765 0.6806516 0.7281361 0.7816033 0.7281361 0.5627887 0.866765 0.6806516 0.9999001 0.5695406 0.9999 0.7802446 0.866765 0.6806516 0.7281361 0.5627887 0.9999001 0.5695406 0.866765 0.6806516 0.9999 0.7802446 0.7281361 0.7816033 0.866765 0.6806516 0.7281361 0.7816033 0.7281361 0.5627887 0.866765 0.6806516 0.9999001 0.5695406 0.9999 0.7802446 0.866765 0.6806516 0.7281361 0.5627887 0.9999001 0.5695406 0.866765 0.6806516 0.9999 0.7802446 0.7281361 0.7816033 0.866765 0.6806516 0.7281361 0.7816033 0.7281361 0.5627887 0.866765 0.6806516 0.9999001 0.5695406 0.9999 0.7802446 0.866765 0.6806516 0.7281361 0.5627887 0.9999001 0.5695406 0.866765 0.6806516 0.9999 0.7802446 0.7281361 0.7816033 0.866765 0.6806516 0.7281361 0.7816033 0.7281361 0.5627887 0.866765 0.6806516 0.9999001 0.5695406 0.9999 0.7802446 0.866765 0.6806516 0.7281361 0.5627887 0.9999001 0.5695406 0.866765 0.6806516 0.9999 0.7802446 0.7281361 0.7816033 0.866765 0.6806516 0.7281361 0.7816033 0.7281361 0.5627887 0.866765 0.6806516 0.9999001 0.5695406 0.9999 0.7802446 0.866765 0.6806516 0.7281361 0.5627887 0.9999001 0.5695406 0.866765 0.6806516 0.9999 0.7802446 0.7281361 0.7816033 0.866765 0.6806516 0.7281361 0.7816033 0.7281361 0.5627887 0.866765 0.6806516 0.9999001 0.5695406 0.9999 0.7802446 0.866765 0.6806516 0.7281361 0.5627887 0.9999001 0.5695406 0.866765 0.6806516 0.9999 0.7802446 0.7281361 0.7816033 0.866765 0.6806516 0.7281361 0.7816033 0.7281361 0.5627887 0.866765 0.6806516 0.9999001 0.5695406 0.9999 0.7802446 0.866765 0.6806516 0.7281361 0.5627887 0.9999001 0.5695406 0.866765 0.6806516 0.9999 0.7802446 0.7281361 0.7816033 0.866765 0.6806516 0.7281361 0.7816033 0.7281361 0.5627887 0.866765 0.6806516 0.9999001 0.5695406 0.9999 0.7802446 0.866765 0.6806516 0.7281361 0.5627887 0.9999001 0.5695406 0.866765 0.6806516 0.9999 0.7802446 0.7281361 0.7816033 0.866765 0.6806516 0.7281361 0.7816033 0.7281361 0.5627887 0.866765 0.6806516 0.9999001 0.5695406 0.9999 0.7802446 0.866765 0.6806516 0.7281361 0.5627887 0.9999001 0.5695406 0.866765 0.6806516 0.9999 0.7802446 0.7281361 0.7816033 0.866765 0.6806516 0.7281361 0.7816033 0.7281361 0.5627887 0.866765 0.6806516 0.9999001 0.5695406 0.9999 0.7802446 0.866765 0.6806516 0.7281361 0.5627887 0.9999001 0.5695406 0.866765 0.6806516 0.9999 0.7802446 0.7281361 0.7816033 0.866765 0.6806516 0.7281361 0.7816033 0.7281361 0.5627887 0.866765 0.6806516 0.9999001 0.5695406 0.9999 0.7802446 0.866765 0.6806516 0.7281361 0.5627887 0.9999001 0.5695406 0.866765 0.6806516 0.9999 0.7802446 0.7281361 0.7816033 0.866765 0.6806516 0.7281361 0.7816033 0.7281361 0.5627887 0.866765 0.6806516 0.9999001 0.5695406 0.9999 0.7802446 0.866765 0.6806516 0.7281361 0.5627887 0.9999001 0.5695406 0.866765 0.6806516 0.9999 0.7802446 0.7281361 0.7816033 0.866765 0.6806516 0.7281361 0.7816033 0.7281361 0.5627887 0.866765 0.6806516 0.9999001 0.5695406 0.9999 0.7802446 0.866765 0.6806516 0.7281361 0.5627887 0.9999001 0.5695406 0.866765 0.6806516 0.9999 0.7802446 0.7281361 0.7816033 0.866765 0.6806516 0.7281361 0.7816033 0.7281361 0.5627887 0.866765 0.6806516 0.9999001 0.5695406 0.9999 0.7802446 0.866765 0.6806516 0.7281361 0.5627887 0.9999001 0.5695406 0.866765 0.6806516 0.9999 0.7802446 0.7281361 0.7816033 0.866765 0.6806516 0.7281361 0.7816033 0.7281361 0.5627887 0.866765 0.6806516 0.9999001 0.5695406 0.9999 0.7802446 0.866765 0.6806516 0.7281361 0.5627887 0.9999001 0.5695406 0.866765 0.6806516 0.9999 0.7802446 0.7281361 0.7816033 0.866765 0.6806516 0.7281361 0.7816033 0.7281361 0.5627887 0.866765 0.6806516 0.9999001 0.5695406 0.9999 0.7802446 0.866765 0.6806516 0.7281361 0.5627887 0.9999001 0.5695406 0.866765 0.6806516 0.9999 0.7802446 0.7281361 0.7816033 0.866765 0.6806516 0.7281361 0.7816033 0.7281361 0.5627887 0.866765 0.6806516 0.9999001 0.5695406 0.9999 0.7802446 0.866765 0.6806516 0.7281361 0.5627887 0.9999001 0.5695406 0.866765 0.6806516 0.9999 0.7802446 0.7281361 0.7816033 0.866765 0.6806516 0.7281361 0.7816033 0.7281361 0.5627887 0.866765 0.6806516 0.9999001 0.5695406 0.9999 0.7802446 0.866765 0.6806516 0.7281361 0.5627887 0.9999001 0.5695406 0.866765 0.6806516 0.9999 0.7802446 0.7281361 0.7816033 0.866765 0.6806516 0.7281361 0.7816033 0.7281361 0.5627887 0.866765 0.6806516 0.9999001 0.5695406 0.9999 0.7802446 0.866765 0.6806516 0.7281361 0.5627887 0.9999001 0.5695406 0.866765 0.6806516 0.9999 0.7802446 0.7281361 0.7816033 0.866765 0.6806516 0.7281361 0.7816033 0.7281361 0.5627887 0.866765 0.6806516 0.9999001 0.5695406 0.9999 0.7802446 0.866765 0.6806516 0.7281361 0.5627887 0.9999001 0.5695406 0.866765 0.6806516 0.9999 0.7802446 0.7281361 0.7816033 0.866765 0.6806516 0.7281361 0.7816033 0.7281361 0.5627887 0.866765 0.6806516 0.9999001 0.5695406 0.9999 0.7802446 0.866765 0.6806516 0.7281361 0.5627887 0.9999001 0.5695406 0.866765 0.6806516 0.9999 0.7802446 0.7281361 0.7816033 0.866765 0.6806516 0.7281361 0.7816033 0.7281361 0.5627887 0.866765 0.6806516 0.9999001 0.5695406 0.9999 0.7802446 0.866765 0.6806516 0.7281361 0.5627887 0.9999001 0.5695406 0.866765 0.6806516 0.9999 0.7802446 0.7281361 0.7816033 0.866765 0.6806516 0.7281361 0.7816033 0.7281361 0.5627887 0.866765 0.6806516 0.9999001 0.5695406 0.9999 0.7802446 0.866765 0.6806516 0.7281361 0.5627887 0.9999001 0.5695406 0.866765 0.6806516 0.9999 0.7802446 0.7281361 0.7816033 0.866765 0.6806516 0.7281361 0.7816033 0.7281361 0.5627887 0.866765 0.6806516 0.9999001 0.5695406 0.9999 0.7802446 0.866765 0.6806516 0.7281361 0.5627887 0.9999001 0.5695406 0.866765 0.6806516 0.9999 0.7802446 0.7281361 0.7816033 0.866765 0.6806516 0.7281361 0.7816033 0.7281361 0.5627887 0.866765 0.6806516 0.9999001 0.5695406 0.9999 0.7802446 0.866765 0.6806516 0.7281361 0.5627887 0.9999001 0.5695406 0.866765 0.6806516 0.9999 0.7802446 0.7281361 0.7816033 0.866765 0.6806516 0.7281361 0.7816033 0.7281361 0.5627887 0.866765 0.6806516 0.9999001 0.5695406 0.9999 0.7802446 0.866765 0.6806516 0.7281361 0.5627887 0.9999001 0.5695406 0.866765 0.6806516 0.9999 0.7802446 0.7281361 0.7816033 0.866765 0.6806516 0.7281361 0.7816033 0.7281361 0.5627887 0.866765 0.6806516 0.9999001 0.5695406 0.9999 0.7802446 0.866765 0.6806516 0.7281361 0.5627887 0.9999001 0.5695406 0.866765 0.6806516 0.9999 0.7802446 0.7281361 0.7816033 0.866765 0.6806516 0.7281361 0.7816033 0.7281361 0.5627887 0.866765 0.6806516 0.9999001 0.5695406 0.9999 0.7802446 0.866765 0.6806516 0.7281361 0.5627887 0.9999001 0.5695406 0.866765 0.6806516 0.9999 0.7802446 0.7281361 0.7816033 0.866765 0.6806516 0.7281361 0.7816033 0.7281361 0.5627887 0.866765 0.6806516 0.9999001 0.5695406 0.9999 0.7802446 0.866765 0.6806516 0.7281361 0.5627887 0.9999001 0.5695406 0.866765 0.6806516 0.9999 0.7802446 0.7281361 0.7816033 0.866765 0.6806516 0.7281361 0.7816033 0.7281361 0.5627887 0.866765 0.6806516 0.9999001 0.5695406 0.9999 0.7802446 0.866765 0.6806516 0.7281361 0.5627887 0.9999001 0.5695406 0.866765 0.6806516 0.9999 0.7802446 0.7281361 0.7816033 0.866765 0.6806516 0.7281361 0.7816033 0.7281361 0.5627887 0.866765 0.6806516 0.9999001 0.5695406 0.9999 0.7802446 0.866765 0.6806516 0.7281361 0.5627887 0.9999001 0.5695406 0.866765 0.6806516 0.9999 0.7802446 0.7281361 0.7816033 0.866765 0.6806516 0.7281361 0.7816033 0.7281361 0.5627887 0.866765 0.6806516 0.9999001 0.5695406 0.9999 0.7802446 0.866765 0.6806516 0.7281361 0.5627887 0.9999001 0.5695406 0.866765 0.6806516 0.9999 0.7802446 0.7281361 0.7816033 0.866765 0.6806516 0.7281361 0.7816033 0.7281361 0.5627887 0.866765 0.6806516 0.9999001 0.5695406 0.9999 0.7802446 0.866765 0.6806516 0.7281361 0.5627887 0.9999001 0.5695406 0.866765 0.6806516 0.9999 0.7802446 0.7281361 0.7816033 0.866765 0.6806516 0.3359558 0.4969456 0.4641063 0.03164875 0.5165344 0.04522454 0.2688637 7.18602e-5 0.3898273 0.01241487 0.3051288 0.4915125 0.2004232 0.4795666 0.1329639 0.007253825 0.2017109 0.003620684 0.1508641 0.4966286 7.18602e-5 0.03839462 0.1329639 0.007253825 0.2097424 0.7376904 0.2190616 0.9958142 0.1880982 0.9964253 0.2017109 0.003620684 0.2688637 7.18602e-5 0.2533556 0.47743 0.2190616 0.9958142 0.2097424 0.7376904 0.227077 0.7380948 0.2004232 0.4795666 0.2097424 0.7376904 0.1694812 0.746527 0.3584662 0.5009129 0.3335488 0.7495124 0.3150652 0.7478067 0.2924569 0.7457203 0.2521224 0.7386791 0.2533556 0.47743 0.227077 0.7380948 0.2097424 0.7376904 0.2004232 0.4795666 0.3359558 0.4969456 0.3150652 0.7478067 0.2924569 0.7457203 0.2521224 0.7386791 0.227077 0.7380948 0.2262256 0.4785251 0.3898273 0.01241487 0.4641063 0.03164875 0.3359558 0.4969456 0.3086313 0.998112 0.3086313 0.998112 0.2797851 0.9999281 0.2190616 0.9958142 0.2190616 0.9958142 0.1880982 0.9964253 0.2508891 0.9999281 0.2758194 0.9999281 0.2758194 0.9999281 0.2190616 0.9958142 0.2508891 0.9999281 0.2508891 0.9999281 0.2190616 0.9958142 0.2190616 0.9958142 0.1880982 0.9964253 0.2190616 0.9958142 0.2508891 0.9999281 0.2508891 0.9999281 0.2508891 0.9999281 0.3086313 0.998112 0.3086313 0.998112 0.2190616 0.9958142 0.2190616 0.9958142 0.1880982 0.9964253 0.2190616 0.9958142 0.2508891 0.9999281 0.2508891 0.9999281 0.2508891 0.9999281 0.3086313 0.998112 0.3086313 0.998112 0.2190616 0.9958142 0.2190616 0.9958142 0.1880982 0.9964253 0.2508891 0.9999281 0.2508891 0.9999281 0.2190616 0.9958142 0.2508891 0.9999281 0.3086313 0.998112 0.3086313 0.998112 0.2190616 0.9958142 0.2190616 0.9958142 0.1880982 0.9964253 0.2508891 0.9999281 0.2508891 0.9999281 0.2190616 0.9958142 -0.5038282 0.1259611 -0.5000143 0.08895391 -0.1146118 0.09227794 -0.4905983 0.05303454 -0.1076286 0.05286151 -0.1146118 0.09227794 -0.4946203 0.01990532 -0.5038282 -0.01378256 -0.1131675 -0.02042448 -0.4905983 0.05303454 -0.4946203 0.01990532 -0.1069043 0.0153023 -0.1076286 0.05286151 0.1620864 0.06023019 0.1545413 0.1049444 -0.1069043 0.0153023 0.1629052 0.008641242 0.1620864 0.06023019 1.006232 -0.03119391 1.01241 0.004551827 0.1629052 0.008641242 0.1620864 0.06023019 1.010768 0.04101365 1.008688 0.07072001 1.01241 0.004551827 1.006232 -0.03119391 1.498039 -0.03529751 1.008688 0.07072001 1.010768 0.04101365 1.500075 0.02520078 1.01241 0.004551827 1.503828 -0.005304038 1.500075 0.02520078 0.1629052 0.008641242 1.01241 0.004551827 1.010768 0.04101365 -0.5038282 0.1259611 -0.5000143 0.08895391 -0.1146118 0.09227794 -0.4905983 0.05303454 -0.1076286 0.05286151 -0.1146118 0.09227794 -0.4946203 0.01990532 -0.5038282 -0.01378256 -0.1131675 -0.02042448 -0.4946203 0.01990532 -0.1069043 0.0153023 -0.1076286 0.05286151 -0.1076286 0.05286151 0.1620864 0.06023019 0.1545413 0.1049444 -0.1076286 0.05286151 -0.1069043 0.0153023 0.1629052 0.008641242 1.006232 -0.03119391 1.01241 0.004551827 0.1629052 0.008641242 0.1620864 0.06023019 1.010768 0.04101365 1.008688 0.07072001 1.01241 0.004551827 1.006232 -0.03119391 1.498039 -0.03529751 1.008688 0.07072001 1.010768 0.04101365 1.500075 0.02520078 1.01241 0.004551827 1.503828 -0.005304038 1.500075 0.02520078 0.1629052 0.008641242 1.01241 0.004551827 1.010768 0.04101365 -0.5038282 0.1259611 -0.5000143 0.08895391 -0.1146118 0.09227794 -0.4905983 0.05303454 -0.1076286 0.05286151 -0.1146118 0.09227794 -0.4946203 0.01990532 -0.5038282 -0.01378256 -0.1131675 -0.02042448 -0.4946203 0.01990532 -0.1069043 0.0153023 -0.1076286 0.05286151 -0.1076286 0.05286151 0.1620864 0.06023019 0.1545413 0.1049444 -0.1076286 0.05286151 -0.1069043 0.0153023 0.1629052 0.008641242 1.006232 -0.03119391 1.01241 0.004551827 0.1629052 0.008641242 0.1620864 0.06023019 1.010768 0.04101365 1.008688 0.07072001 1.01241 0.004551827 1.006232 -0.03119391 1.498039 -0.03529751 1.008688 0.07072001 1.010768 0.04101365 1.500075 0.02520078 1.01241 0.004551827 1.503828 -0.005304038 1.500075 0.02520078 1.01241 0.004551827 1.010768 0.04101365 0.1620864 0.06023019 0.8185026 1.00029e-4 0.9999001 1.0004e-4 0.9999001 0.2235139 0.6481993 0.2288743 0.8233681 0.2320287 0.8258009 0.419357 0.6399109 1.00017e-4 0.8185026 1.00029e-4 0.8233681 0.2320287 0.9999001 0.2235139 0.9994118 0.5666688 0.8258009 0.419357 0.5717744 0.7219226 0.7266577 0.7219228 0.7266577 0.8609114 0.5717744 0.7219226 0.7266577 0.7219228 0.7266577 0.8609114 0.5717744 0.7219226 0.7266577 0.7219228 0.7266577 0.8609114 0.5717744 0.7219226 0.7266577 0.7219228 0.7266577 0.8609114 0.5717744 0.7219226 0.7266577 0.7219228 0.7266577 0.8609114 0.8185026 1.00029e-4 0.9999001 1.0004e-4 0.9999001 0.2235139 0.6481993 0.2288743 0.8233681 0.2320287 0.8258009 0.419357 0.6399109 1.00017e-4 0.8185026 1.00029e-4 0.8233681 0.2320287 0.9999001 0.2235139 0.9994118 0.5666688 0.8258009 0.419357 0.5717744 0.7219226 0.7266577 0.7219228 0.7266577 0.8609114 0.5717744 0.7219226 0.7266577 0.7219228 0.7266577 0.8609114 0.5717744 0.7219226 0.7266577 0.7219228 0.7266577 0.8609114 0.5717744 0.7219226 0.7266577 0.7219228 0.7266577 0.8609114 0.5717744 0.7219226 0.7266577 0.7219228 0.7266577 0.8609114 0.8185026 1.00029e-4 0.9999001 1.0004e-4 0.9999001 0.2235139 0.6481993 0.2288743 0.8233681 0.2320287 0.8258009 0.419357 0.6399109 1.00017e-4 0.8185026 1.00029e-4 0.8233681 0.2320287 0.9999001 0.2235139 0.9994118 0.5666688 0.8258009 0.419357 0.5717744 0.7219226 0.7266577 0.7219228 0.7266577 0.8609114 0.5717744 0.7219226 0.7266577 0.7219228 0.7266577 0.8609114 0.5717744 0.7219226 0.7266577 0.7219228 0.7266577 0.8609114 0.5717744 0.7219226 0.7266577 0.7219228 0.7266577 0.8609114 0.5717744 0.7219226 0.7266577 0.7219228 0.7266577 0.8609114 0.8185026 1.00029e-4 0.9999001 1.0004e-4 0.9999001 0.2235139 0.6481993 0.2288743 0.8233681 0.2320287 0.8258009 0.419357 0.8185026 1.00029e-4 0.8233681 0.2320287 0.6481993 0.2288743 0.9999001 0.2235139 0.9994118 0.5666688 0.8258009 0.419357 0.8185026 1.00029e-4 0.9999001 1.0004e-4 0.9999001 0.2235139 0.6481993 0.2288743 0.8233681 0.2320287 0.8258009 0.419357 0.8185026 1.00029e-4 0.8233681 0.2320287 0.6481993 0.2288743 0.9999001 0.2235139 0.9994118 0.5666688 0.8258009 0.419357 0.8185026 1.00029e-4 0.9999001 1.0004e-4 0.9999001 0.2235139 0.6481993 0.2288743 0.8233681 0.2320287 0.8258009 0.419357 0.8185026 1.00029e-4 0.8233681 0.2320287 0.6481993 0.2288743 0.9999001 0.2235139 0.9994118 0.5666688 0.8258009 0.419357 0.8185026 1.00029e-4 0.9999001 1.0004e-4 0.9999001 0.2235139 0.6481993 0.2288743 0.8233681 0.2320287 0.8258009 0.419357 0.8185026 1.00029e-4 0.8233681 0.2320287 0.6481993 0.2288743 0.9999001 0.2235139 0.9994118 0.5666688 0.8258009 0.419357 0.8185026 1.00029e-4 0.9999001 1.0004e-4 0.9999001 0.2235139 0.6481993 0.2288743 0.8233681 0.2320287 0.8258009 0.419357 0.8185026 1.00029e-4 0.8233681 0.2320287 0.6481993 0.2288743 0.9999001 0.2235139 0.9994118 0.5666688 0.8258009 0.419357 0.8185026 1.00029e-4 0.9999001 1.0004e-4 0.9999001 0.2235139 0.6481993 0.2288743 0.8233681 0.2320287 0.8258009 0.419357 0.8185026 1.00029e-4 0.8233681 0.2320287 0.6481993 0.2288743 0.9999001 0.2235139 0.9994118 0.5666688 0.8258009 0.419357 0.8185026 1.00029e-4 0.9999001 1.0004e-4 0.9999001 0.2235139 0.6481993 0.2288743 0.8233681 0.2320287 0.8258009 0.419357 0.8185026 1.00029e-4 0.8233681 0.2320287 0.6481993 0.2288743 0.9999001 0.2235139 0.9994118 0.5666688 0.8258009 0.419357 0.8185026 1.00029e-4 0.9999001 1.0004e-4 0.9999001 0.2235139 0.6481993 0.2288743 0.8233681 0.2320287 0.8258009 0.419357 0.8185026 1.00029e-4 0.8233681 0.2320287 0.6481993 0.2288743 0.9999001 0.2235139 0.9994118 0.5666688 0.8258009 0.419357 0.8185026 1.00029e-4 0.9999001 1.0004e-4 0.9999001 0.2235139 0.6481993 0.2288743 0.8233681 0.2320287 0.8258009 0.419357 0.8185026 1.00029e-4 0.8233681 0.2320287 0.6481993 0.2288743 0.9999001 0.2235139 0.9994118 0.5666688 0.8258009 0.419357 0.8185026 1.00029e-4 0.9999001 1.0004e-4 0.9999001 0.2235139 0.6481993 0.2288743 0.8233681 0.2320287 0.8258009 0.419357 0.8185026 1.00029e-4 0.8233681 0.2320287 0.6481993 0.2288743 0.9999001 0.2235139 0.9994118 0.5666688 0.8258009 0.419357 0.8185026 1.00029e-4 0.9999001 1.0004e-4 0.9999001 0.2235139 0.6481993 0.2288743 0.8233681 0.2320287 0.8258009 0.419357 0.8185026 1.00029e-4 0.8233681 0.2320287 0.6481993 0.2288743 0.9999001 0.2235139 0.9994118 0.5666688 0.8258009 0.419357 0.8185026 1.00029e-4 0.9999001 1.0004e-4 0.9999001 0.2235139 0.6481993 0.2288743 0.8233681 0.2320287 0.8258009 0.419357 0.6399109 1.00017e-4 0.8185026 1.00029e-4 0.8233681 0.2320287 0.9999001 0.2235139 0.9994118 0.5666688 0.8258009 0.419357 0.5717744 0.7219226 0.7266577 0.7219228 0.7266577 0.8609114 0.5717744 0.7219226 0.7266577 0.7219228 0.7266577 0.8609114 0.5717744 0.7219226 0.7266577 0.7219228 0.7266577 0.8609114 0.5717744 0.7219226 0.7266577 0.7219228 0.7266577 0.8609114 0.5717744 0.7219226 0.7266577 0.7219228 0.7266577 0.8609114 0.8185026 1.00029e-4 0.9999001 1.0004e-4 0.9999001 0.2235139 0.6481993 0.2288743 0.8233681 0.2320287 0.8258009 0.419357 0.6399109 1.00017e-4 0.8185026 1.00029e-4 0.8233681 0.2320287 0.9999001 0.2235139 0.9994118 0.5666688 0.8258009 0.419357 0.5717744 0.7219226 0.7266577 0.7219228 0.7266577 0.8609114 0.5717744 0.7219226 0.7266577 0.7219228 0.7266577 0.8609114 0.5717744 0.7219226 0.7266577 0.7219228 0.7266577 0.8609114 0.5717744 0.7219226 0.7266577 0.7219228 0.7266577 0.8609114 0.5717744 0.7219226 0.7266577 0.7219228 0.7266577 0.8609114 0.5717744 0.7219226 0.7266577 0.7219228 0.7266577 0.8609114 0.5717744 0.7219226 0.7266577 0.7219228 0.7266577 0.8609114 0.5717744 0.7219226 0.7266577 0.7219228 0.7266577 0.8609114 0.5717744 0.7219226 0.7266577 0.7219228 0.7266577 0.8609114 0.5717744 0.7219226 0.7266577 0.7219228 0.7266577 0.8609114 0.5717744 0.7219226 0.7266577 0.7219228 0.7266577 0.8609114 0.5717744 0.7219226 0.7266577 0.7219228 0.7266577 0.8609114 0.5717744 0.7219226 0.7266577 0.7219228 0.7266577 0.8609114 0.5717744 0.7219226 0.7266577 0.7219228 0.7266577 0.8609114 0.5717744 0.7219226 0.7266577 0.7219228 0.7266577 0.8609114 0.5717744 0.7219226 0.7266577 0.7219228 0.7266577 0.8609114 0.5717744 0.7219226 0.7266577 0.7219228 0.7266577 0.8609114 0.5717744 0.7219226 0.7266577 0.7219228 0.7266577 0.8609114 0.5717744 0.7219226 0.7266577 0.7219228 0.7266577 0.8609114 0.5717744 0.7219226 0.7266577 0.7219228 0.7266577 0.8609114 0.5717744 0.7219226 0.7266577 0.7219228 0.7266577 0.8609114 0.5717744 0.7219226 0.7266577 0.7219228 0.7266577 0.8609114 0.5717744 0.7219226 0.7266577 0.7219228 0.7266577 0.8609114 0.5717744 0.7219226 0.7266577 0.7219228 0.7266577 0.8609114 0.5717744 0.7219226 0.7266577 0.7219228 0.7266577 0.8609114 0.5717744 0.7219226 0.7266577 0.7219228 0.7266577 0.8609114 0.5717744 0.7219226 0.7266577 0.7219228 0.7266577 0.8609114</float_array>
          <technique_common>
            <accessor source="#tree_oak_bush_a200-mesh-map-0-array" count="4257" stride="2">
              <param name="S" type="float"/>
              <param name="T" type="float"/>
            </accessor>
          </technique_common>
        </source>
        <source id="tree_oak_bush_a200-mesh-colors-Col" name="Col">
          <float_array id="tree_oak_bush_a200-mesh-colors-Col-array" count="12771">0 0.06666666 0 0 0.145098 0 0 0.06666666 0 0 0.2941176 0 0 0.3607843 0 0 0.03529411 0 0 0.05098038 0 0 0.07843136 0 0 0 0 0 0.0117647 0 0 0.145098 0 0 0.03529411 0 0 0.4 0 0 0.145098 0 0 0.2313725 0 0 0.227451 0 0 0.145098 0 0 0.4 0 0 0.2313725 0 0 0.145098 0 0 0.0117647 0 0 0.3607843 0 0 0.2941176 0 0 0.3647059 0 0 0.2941176 0 0 0.2078431 0 0 0.3647059 0 0 0.03529411 0 0 0.2078431 0 0 0.2941176 0 0 0.1647059 0 0 0.07843136 0 0 0.1058824 0 0 0 0 0 0.07843136 0 0 0.07843136 0 0 0.03529411 0 0 0.145098 0 0 0.06666666 0 0 0.06666666 0 0 0.145098 0 0 0.227451 0 0 0.06666666 0 0 0.06666666 0 0 0.145098 0 0 0.2941176 0 0 0.03529411 0 0 0.3607843 0 0 0.0117647 0 0 0.03529411 0 0 0.145098 0 0 0.4 0 0 0.2313725 0 0 0.145098 0 0 0.227451 0 0 0.4 0 0 0.145098 0 0 0.2313725 0 0 0.0117647 0 0 0.145098 0 0 0.3607843 0 0 0.3647059 0 0 0.2941176 0 0 0.2941176 0 0 0.3647059 0 0 0.2078431 0 0 0.03529411 0 0 0.2941176 0 0 0.2078431 0 0 0.03529411 0 0 0.06666666 0 0 0.145098 0 0 0.06666666 0 0 0.227451 0 0 0.145098 0 0 0.1058824 0 0 0.07843136 0 0 0.05098038 0 0 0.07843136 0 0 0.07843136 0 0 0.1647059 0 0 0.06666666 0 0 0.145098 0 0 0.06666666 0 0 0.2941176 0 0 0.3607843 0 0 0.03529411 0 0 0.05098038 0 0 0.07843136 0 0 0 0 0 0.0117647 0 0 0.145098 0 0 0.03529411 0 0 0.4 0 0 0.145098 0 0 0.2313725 0 0 0.227451 0 0 0.145098 0 0 0.4 0 0 0.2313725 0 0 0.145098 0 0 0.0117647 0 0 0.3607843 0 0 0.2941176 0 0 0.3607843 0 0 0.2941176 0 0 0.2078431 0 0 0.3647059 0 0 0.03529411 0 0 0.2078431 0 0 0.2941176 0 0 0.1647059 0 0 0.07843136 0 0 0.1058824 0 0 0 0 0 0.07843136 0 0 0.07843136 0 0 0.03529411 0 0 0.145098 0 0 0.06666666 0 0 0.06666666 0 0 0.145098 0 0 0.227451 0 0 0.06666666 0 0 0.06666666 0 0 0.145098 0 0 0.2941176 0 0 0.03529411 0 0 0.3607843 0 0 0.0117647 0 0 0.03529411 0 0 0.145098 0 0 0.4 0 0 0.2313725 0 0 0.145098 0 0 0.227451 0 0 0.4 0 0 0.145098 0 0 0.2313725 0 0 0.0117647 0 0 0.145098 0 0 0.3607843 0 0 0.3647059 0 0 0.2941176 0 0 0.2941176 0 0 0.3647059 0 0 0.2078431 0 0 0.03529411 0 0 0.2941176 0 0 0.2078431 0 0 0.03529411 0 0 0.06666666 0 0 0.145098 0 0 0.06666666 0 0 0.227451 0 0 0.145098 0 0 0.1058824 0 0 0.07843136 0 0 0.05098038 0 0 0.07843136 0 0 0.07843136 0 0 0.1647059 0 0 0.3607843 0 0 0.2941176 0 0 0.3647059 0 0 0 0 0 0 0 0 0 0 0 0 0 0 0 0 0 0 0 0 0 0 0 0 0 0 0 0 0 0 0 0 0 0 0 0 0 0 0 0 0 0 0 0 0 0 0 0 0 0 0 0 0 0 0 0 0 0 0 0 0 0 0 0 0 0 0 0 0 0 0 0 0 0 0 0 0 0 0 0 0 0 0 0 0 0 0 0 0 0 0 0 0 0 0 0 0 0 0 0 0 0 0 0 0 0 0 0 0 0 0 0 0 0 0 0 0 0 0 0 0 0 0 0 0 0 0 0 0 0 0 0 0 0 0 0 0 0 0 0 0 0 0 0 0 0 0 0 0 0 0 0 0 0 0 0 0 0 0 0 0 0 0 0 0 0 0 0 0 0 0 0 0 0 0 0 0 0 0 0 0 0 0 0 0 0 0 0 0 0 0 0 0 0 0 0 0 0 0 0 0 0 0 0 0 0 0 0 0 0 0 0 0 0 0 0 0 0 0 0 0 0 0 0 0 0 0 0 0 0 0 0 0 0 0 0 0 0 0 0 0 0 0 0 0 0 0 0 0 0 0 0 0 0 0 0 0 0 0 0 0 0 0 0 0 0 0 0 0 0 0 0 0 0 0 0 0 0 0 0 0 0 0 0 0 0 0 0 0 0 0 0 0 0 0 0 0 0 0 0 0 0 0 0 0 0 0 0 0 0 0 0 0 0 0 0 0 0 0 0 0 0 0 0 0 0 0 0 0 0 0 0 0 0 0 0 0 0 0 0 0 0 0 0 0 0 0 0 0 0 0 0 0 0 0 0 0 0 0 0 0 0 0 0 0 0 0 0 0 0 0 0 0 0 0 0 0 0 0 0 0 0 0 0 0 0 0 0 0 0 0 0 0 0 0 0 0 0 0 0 0 0 0 0 0 0 0 0 0 0 0 0 0 0 0 0 0 0 0 0 0 0 0 0 0 0 0 0 0 0 0 0 0 0 0 0 0 0 0 0 0 0 0 0 0 0 0 0 0 0 0 0 0 0 0 0 0 0 0 0 0 0 0 0 0 0 0 0 0 0 0 0 0 0 0 0 0 0 0 0 0 0 0 0 0 0 0 0 0 0 0 0 0 0 0 0 0 0 0 0 0 0 0 0 0 0 0 0 0 0 0 0 0 0 0 0 0 0 0 0 0 0 0 0 0 0 0 0 0 0 0 0 0 0 0 0 0 0 0 0 0 0 0 0 0 0 0 0 0 0 0 0 0 0 0 0 0 0 0 0 0 0 0 0 0 0 0 0 0 0 0 0 0 0 0 0 0 0 0 0 0 0 0 0 0 0 0 0 0 0 0 0 0 0 0 0 0 0 0 0 0 0 0 0 0 0 0 0 0 0 0 0 0 0 0 0 0 0 0 0 0 0 0 0 0 0 0 0 0 0 0 0 0 0 0 0 0 0 0 0 0 0 0 0 0 0 0 0 0 0 0 0 0 0 0 0 0 0 0 0 0 0 0 0 0 0 0 0 0 0 0 0 0 0 0 0 0 0 0 0 0 0 0 0 0 0 0 0 0 0 0 0 0 0 0 0 0 0 0 0 0 0 0 0 0 0 0 0 0 0 0 0 0 0 0 0 0 0 0 0 0 0 0 0 0 0 0 0 0 0 0 0 0 0 0 0 0 0 0 0 0 0 0 0 0 0 0 0 0.07058823 0.2980392 0 0.5725491 0.2039216 1 0.2901961 0.1882353 0.2862745 0.5137255 0.3254902 1 0.07058823 0.2980392 0 0.2901961 0.1882353 0.2862745 0.5725491 0.172549 1 0.5137255 0.3254902 1 0.2901961 0.1882353 0.2862745 0.07058823 0.2980392 0 0.5725491 0.2039216 1 0.2901961 0.1882353 0.2862745 0.5137255 0.3254902 1 0.07058823 0.2980392 0 0.2901961 0.1882353 0.2862745 0.5725491 0.172549 1 0.5137255 0.3254902 1 0.2901961 0.1882353 0.2862745 0.003921568 0.2039216 0 0.2156863 0.4313725 0.7647059 0.3843137 0.4470588 0.01568627 0.172549 0.2235294 0.7647059 0.682353 0.3568627 1 0.7176471 0.5254902 1 0 0.07058823 0.2666667 0.3843137 0.4470588 0.01568627 0.172549 0.2235294 0.7647059 0.682353 0.3568627 1 0.7607843 0.5764706 1 0.7176471 0.5254902 1 0.2156863 0.4313725 0.7647059 0.682353 0.3568627 1 0.3843137 0.4470588 0.01568627 1 1 0.8588235 0 0.07450979 0 0 0.1254902 0 1 0.5803922 1 1 1 0.8588235 0 0.1254902 0 1 1 0.8588235 0 0.07450979 0 0 0.1254902 0 1 0.5803922 1 1 1 0.8588235 0 0.1254902 0 0.2431373 0.3960784 1 0.1960784 0.8941177 0.9882353 0.2078431 0.4117647 0.6901961 0.1098039 0.1137255 0.3647059 0.1411765 0.1372549 0.5333334 0.1529412 0.2392157 1 0.1490196 0.1568627 0.9019608 0.2431373 0.3960784 1 0.2392157 0.1607843 1 0.2392157 0.1607843 1 0.2431373 0.3960784 1 0.2078431 0.4117647 0.6901961 0.1490196 0.1568627 0.9019608 0.1098039 0.1137255 0.3647059 0.1529412 0.2392157 1 0.2431373 0.3960784 1 0.1960784 0.8941177 0.9882353 0.2078431 0.4117647 0.6901961 0.1098039 0.1137255 0.3647059 0.1411765 0.1372549 0.5333334 0.1529412 0.2392157 1 0.1490196 0.1568627 0.9019608 0.2431373 0.3960784 1 0.2392157 0.1607843 1 0.2392157 0.1607843 1 0.2431373 0.3960784 1 0.2078431 0.4117647 0.6901961 0.1490196 0.1568627 0.9019608 0.1098039 0.1137255 0.3647059 0.1529412 0.2392157 1 0.4509804 0.1372549 0.7529412 0 0.1882353 0.6078432 0.2627451 0.345098 0.5411765 0.2627451 0.345098 0.5411765 0 0.3137255 0 0 0.1607843 0.6196079 0.9372549 0.9254902 1 0.4509804 0.1372549 0.7529412 0.2627451 0.345098 0.5411765 0 0.1882353 0.6078432 0 0.3137255 0 0.2627451 0.345098 0.5411765 0.9372549 0.9254902 1 0.2627451 0.345098 0.5411765 0 0.1607843 0.6196079 0.5450981 0.345098 1 0.3843137 0.2235294 0.7372549 0.2392157 0.09019607 0.4901961 0.1411765 0.172549 0.6509804 0.07058823 0.2392157 0.8196079 0.2392157 0.09019607 0.4901961 0.3843137 0.2235294 0.7372549 0.2196078 0.0980392 0.4666666 0.2392157 0.09019607 0.4901961 0.2392157 0.09019607 0.4901961 0.07058823 0.2392157 0.8196079 0 0.317647 1 0.2196078 0.0980392 0.4666666 0.1411765 0.172549 0.6509804 0.2392157 0.09019607 0.4901961 0.5450981 0.345098 1 0.3843137 0.2235294 0.7372549 0.2392157 0.09019607 0.4901961 0.1411765 0.172549 0.6509804 0.07058823 0.2392157 0.8196079 0.2392157 0.09019607 0.4901961 0.3843137 0.2235294 0.7372549 0.2196078 0.0980392 0.4666666 0.2392157 0.09019607 0.4901961 0.2392157 0.09019607 0.4901961 0.07058823 0.2392157 0.8196079 0 0.317647 1 0.2196078 0.0980392 0.4666666 0.1411765 0.172549 0.6509804 0.2392157 0.09019607 0.4901961 0.2431373 0.3960784 1 0.1960784 0.8941177 0.9882353 0.2078431 0.4117647 0.6901961 0.1098039 0.1137255 0.3647059 0.1411765 0.1372549 0.5333334 0.1529412 0.2392157 1 0.1490196 0.1568627 0.9019608 0.2431373 0.3960784 1 0.2392157 0.1607843 1 0.2392157 0.1607843 1 0.2431373 0.3960784 1 0.2078431 0.4117647 0.6901961 0.1490196 0.1568627 0.9019608 0.1098039 0.1137255 0.3647059 0.1529412 0.2392157 1 0.2431373 0.3960784 1 0.1960784 0.8941177 0.9882353 0.2078431 0.4117647 0.6901961 0.1098039 0.1137255 0.3647059 0.1411765 0.1372549 0.5333334 0.1529412 0.2392157 1 0.1490196 0.1568627 0.9019608 0.2431373 0.3960784 1 0.2392157 0.1607843 1 0.2392157 0.1607843 1 0.2431373 0.3960784 1 0.2078431 0.4117647 0.6901961 0.1490196 0.1568627 0.9019608 0.1098039 0.1137255 0.3647059 0.1529412 0.2392157 1 0.2431373 0.3960784 1 0.1960784 0.8941177 0.9882353 0.2078431 0.4117647 0.6901961 0.1098039 0.1137255 0.3647059 0.1411765 0.1372549 0.5333334 0.1529412 0.2392157 1 0.1490196 0.1568627 0.9019608 0.2431373 0.3960784 1 0.2392157 0.1607843 1 0.2392157 0.1607843 1 0.2431373 0.3960784 1 0.2078431 0.4117647 0.6901961 0.1490196 0.1568627 0.9019608 0.1098039 0.1137255 0.3647059 0.1529412 0.2392157 1 1 1 0.8588235 0 0.07450979 0 0 0.1254902 0 1 0.5803922 1 1 1 0.8588235 0 0.1254902 0 0.07058823 0.2980392 0 0.5725491 0.2039216 1 0.2901961 0.1882353 0.2862745 0.5137255 0.3254902 1 0.07058823 0.2980392 0 0.2901961 0.1882353 0.2862745 0.5725491 0.172549 1 0.5137255 0.3254902 1 0.2901961 0.1882353 0.2862745 0.07058823 0.2980392 0 0.5725491 0.2039216 1 0.2901961 0.1882353 0.2862745 0.5137255 0.3254902 1 0.07058823 0.2980392 0 0.2901961 0.1882353 0.2862745 0.5725491 0.172549 1 0.5137255 0.3254902 1 0.2901961 0.1882353 0.2862745 0.003921568 0.2039216 0 0.2156863 0.4313725 0.7647059 0.3843137 0.4470588 0.01568627 0.172549 0.2235294 0.7647059 0.682353 0.3568627 1 0.7176471 0.5254902 1 0 0.07058823 0.2666667 0.3843137 0.4470588 0.01568627 0.172549 0.2235294 0.7647059 0.682353 0.3568627 1 0.7607843 0.5764706 1 0.7176471 0.5254902 1 0.2156863 0.4313725 0.7647059 0.682353 0.3568627 1 0.3843137 0.4470588 0.01568627 1 1 0.8588235 0 0.07450979 0 0 0.1254902 0 1 0.5803922 1 1 1 0.8588235 0 0.1254902 0 1 1 0.8588235 0 0.07450979 0 0 0.1254902 0 1 0.5803922 1 1 1 0.8588235 0 0.1254902 0 0.2431373 0.3960784 1 0.1960784 0.8941177 0.9882353 0.2078431 0.4117647 0.6901961 0.1098039 0.1137255 0.3647059 0.1411765 0.1372549 0.5333334 0.1529412 0.2392157 1 0.1490196 0.1568627 0.9019608 0.2431373 0.3960784 1 0.2392157 0.1607843 1 0.2392157 0.1607843 1 0.2431373 0.3960784 1 0.2078431 0.4117647 0.6901961 0.1490196 0.1568627 0.9019608 0.1098039 0.1137255 0.3647059 0.1529412 0.2392157 1 0.2431373 0.3960784 1 0.1960784 0.8941177 0.9882353 0.2078431 0.4117647 0.6901961 0.1098039 0.1137255 0.3647059 0.1411765 0.1372549 0.5333334 0.1529412 0.2392157 1 0.1490196 0.1568627 0.9019608 0.2431373 0.3960784 1 0.2392157 0.1607843 1 0.2392157 0.1607843 1 0.2431373 0.3960784 1 0.2078431 0.4117647 0.6901961 0.1490196 0.1568627 0.9019608 0.1098039 0.1137255 0.3647059 0.1529412 0.2392157 1 0.4509804 0.1372549 0.7529412 0 0.1882353 0.6078432 0.2627451 0.345098 0.5411765 0.2627451 0.345098 0.5411765 0 0.3137255 0 0 0.1607843 0.6196079 0.9372549 0.9254902 1 0.4509804 0.1372549 0.7529412 0.2627451 0.345098 0.5411765 0 0.1882353 0.6078432 0 0.3137255 0 0.2627451 0.345098 0.5411765 0.9372549 0.9254902 1 0.2627451 0.345098 0.5411765 0 0.1607843 0.6196079 0.5450981 0.345098 1 0.3843137 0.2235294 0.7372549 0.2392157 0.09019607 0.4901961 0.1411765 0.172549 0.6509804 0.07058823 0.2392157 0.8196079 0.2392157 0.09019607 0.4901961 0.3843137 0.2235294 0.7372549 0.2196078 0.0980392 0.4666666 0.2392157 0.09019607 0.4901961 0.2392157 0.09019607 0.4901961 0.07058823 0.2392157 0.8196079 0 0.317647 1 0.2196078 0.0980392 0.4666666 0.1411765 0.172549 0.6509804 0.2392157 0.09019607 0.4901961 0.5450981 0.345098 1 0.3843137 0.2235294 0.7372549 0.2392157 0.09019607 0.4901961 0.1411765 0.172549 0.6509804 0.07058823 0.2392157 0.8196079 0.2392157 0.09019607 0.4901961 0.3843137 0.2235294 0.7372549 0.2196078 0.0980392 0.4666666 0.2392157 0.09019607 0.4901961 0.2392157 0.09019607 0.4901961 0.07058823 0.2392157 0.8196079 0 0.317647 1 0.2196078 0.0980392 0.4666666 0.1411765 0.172549 0.6509804 0.2392157 0.09019607 0.4901961 0.2431373 0.3960784 1 0.1960784 0.8941177 0.9882353 0.2078431 0.4117647 0.6901961 0.1098039 0.1137255 0.3647059 0.1411765 0.1372549 0.5333334 0.1529412 0.2392157 1 0.1490196 0.1568627 0.9019608 0.2431373 0.3960784 1 0.2392157 0.1607843 1 0.2392157 0.1607843 1 0.2431373 0.3960784 1 0.2078431 0.4117647 0.6901961 0.1490196 0.1568627 0.9019608 0.1098039 0.1137255 0.3647059 0.1529412 0.2392157 1 0.2431373 0.3960784 1 0.1960784 0.8941177 0.9882353 0.2078431 0.4117647 0.6901961 0.1098039 0.1137255 0.3647059 0.1411765 0.1372549 0.5333334 0.1529412 0.2392157 1 0.1490196 0.1568627 0.9019608 0.2431373 0.3960784 1 0.2392157 0.1607843 1 0.2392157 0.1607843 1 0.2431373 0.3960784 1 0.2078431 0.4117647 0.6901961 0.1490196 0.1568627 0.9019608 0.1098039 0.1137255 0.3647059 0.1529412 0.2392157 1 0.2431373 0.3960784 1 0.1960784 0.8941177 0.9882353 0.2078431 0.4117647 0.6901961 0.1098039 0.1137255 0.3647059 0.1411765 0.1372549 0.5333334 0.1529412 0.2392157 1 0.1490196 0.1568627 0.9019608 0.2431373 0.3960784 1 0.2392157 0.1607843 1 0.2392157 0.1607843 1 0.2431373 0.3960784 1 0.2078431 0.4117647 0.6901961 0.1490196 0.1568627 0.9019608 0.1098039 0.1137255 0.3647059 0.1529412 0.2392157 1 1 1 0.8588235 0 0.07450979 0 0 0.1254902 0 1 0.5803922 1 1 1 0.8588235 0 0.1254902 0 0.07058823 0.2980392 0 0.5725491 0.2039216 1 0.2901961 0.1882353 0.2862745 0.5137255 0.3254902 1 0.07058823 0.2980392 0 0.2901961 0.1882353 0.2862745 0.5725491 0.172549 1 0.5137255 0.3254902 1 0.2901961 0.1882353 0.2862745 0.07058823 0.2980392 0 0.5725491 0.2039216 1 0.2901961 0.1882353 0.2862745 0.5137255 0.3254902 1 0.07058823 0.2980392 0 0.2901961 0.1882353 0.2862745 0.5725491 0.172549 1 0.5137255 0.3254902 1 0.2901961 0.1882353 0.2862745 0.003921568 0.2039216 0 0.2156863 0.4313725 0.7647059 0.3843137 0.4470588 0.01568627 0.172549 0.2235294 0.7647059 0.682353 0.3568627 1 0.7176471 0.5254902 1 0 0.07058823 0.2666667 0.3843137 0.4470588 0.01568627 0.172549 0.2235294 0.7647059 0.682353 0.3568627 1 0.7607843 0.5764706 1 0.7176471 0.5254902 1 0.2156863 0.4313725 0.7647059 0.682353 0.3568627 1 0.3843137 0.4470588 0.01568627 1 1 0.8588235 0 0.07450979 0 0 0.1254902 0 1 0.5803922 1 1 1 0.8588235 0 0.1254902 0 1 1 0.8588235 0 0.07450979 0 0 0.1254902 0 1 0.5803922 1 1 1 0.8588235 0 0.1254902 0 0.2431373 0.3960784 1 0.1960784 0.8941177 0.9882353 0.2078431 0.4117647 0.6901961 0.1098039 0.1137255 0.3647059 0.1411765 0.1372549 0.5333334 0.1529412 0.2392157 1 0.1490196 0.1568627 0.9019608 0.2431373 0.3960784 1 0.2392157 0.1607843 1 0.2392157 0.1607843 1 0.2431373 0.3960784 1 0.2078431 0.4117647 0.6901961 0.1490196 0.1568627 0.9019608 0.1098039 0.1137255 0.3647059 0.1529412 0.2392157 1 0.2431373 0.3960784 1 0.1960784 0.8941177 0.9882353 0.2078431 0.4117647 0.6901961 0.1098039 0.1137255 0.3647059 0.1411765 0.1372549 0.5333334 0.1529412 0.2392157 1 0.1490196 0.1568627 0.9019608 0.2431373 0.3960784 1 0.2392157 0.1607843 1 0.2392157 0.1607843 1 0.2431373 0.3960784 1 0.2078431 0.4117647 0.6901961 0.1490196 0.1568627 0.9019608 0.1098039 0.1137255 0.3647059 0.1529412 0.2392157 1 0.4509804 0.1372549 0.7529412 0 0.1882353 0.6078432 0.2627451 0.345098 0.5411765 0.2627451 0.345098 0.5411765 0 0.3137255 0 0 0.1607843 0.6196079 0.9372549 0.9254902 1 0.4509804 0.1372549 0.7529412 0.2627451 0.345098 0.5411765 0 0.1882353 0.6078432 0 0.3137255 0 0.2627451 0.345098 0.5411765 0.9372549 0.9254902 1 0.2627451 0.345098 0.5411765 0 0.1607843 0.6196079 0.5450981 0.345098 1 0.3843137 0.2235294 0.7372549 0.2392157 0.09019607 0.4901961 0.1411765 0.172549 0.6509804 0.07058823 0.2392157 0.8196079 0.2392157 0.09019607 0.4901961 0.3843137 0.2235294 0.7372549 0.2196078 0.0980392 0.4666666 0.2392157 0.09019607 0.4901961 0.2392157 0.09019607 0.4901961 0.07058823 0.2392157 0.8196079 0 0.317647 1 0.2196078 0.0980392 0.4666666 0.1411765 0.172549 0.6509804 0.2392157 0.09019607 0.4901961 0.5450981 0.345098 1 0.3843137 0.2235294 0.7372549 0.2392157 0.09019607 0.4901961 0.1411765 0.172549 0.6509804 0.07058823 0.2392157 0.8196079 0.2392157 0.09019607 0.4901961 0.3843137 0.2235294 0.7372549 0.2196078 0.0980392 0.4666666 0.2392157 0.09019607 0.4901961 0.2392157 0.09019607 0.4901961 0.07058823 0.2392157 0.8196079 0 0.317647 1 0.2196078 0.0980392 0.4666666 0.1411765 0.172549 0.6509804 0.2392157 0.09019607 0.4901961 0.2431373 0.3960784 1 0.1960784 0.8941177 0.9882353 0.2078431 0.4117647 0.6901961 0.1098039 0.1137255 0.3647059 0.1411765 0.1372549 0.5333334 0.1529412 0.2392157 1 0.1490196 0.1568627 0.9019608 0.2431373 0.3960784 1 0.2392157 0.1607843 1 0.2392157 0.1607843 1 0.2431373 0.3960784 1 0.2078431 0.4117647 0.6901961 0.1490196 0.1568627 0.9019608 0.1098039 0.1137255 0.3647059 0.1529412 0.2392157 1 0.2431373 0.3960784 1 0.1960784 0.8941177 0.9882353 0.2078431 0.4117647 0.6901961 0.1098039 0.1137255 0.3647059 0.1411765 0.1372549 0.5333334 0.1529412 0.2392157 1 0.1490196 0.1568627 0.9019608 0.2431373 0.3960784 1 0.2392157 0.1607843 1 0.2392157 0.1607843 1 0.2431373 0.3960784 1 0.2078431 0.4117647 0.6901961 0.1490196 0.1568627 0.9019608 0.1098039 0.1137255 0.3647059 0.1529412 0.2392157 1 0.2431373 0.3960784 1 0.1960784 0.8941177 0.9882353 0.2078431 0.4117647 0.6901961 0.1098039 0.1137255 0.3647059 0.1411765 0.1372549 0.5333334 0.1529412 0.2392157 1 0.1490196 0.1568627 0.9019608 0.2431373 0.3960784 1 0.2392157 0.1607843 1 0.2392157 0.1607843 1 0.2431373 0.3960784 1 0.2078431 0.4117647 0.6901961 0.1490196 0.1568627 0.9019608 0.1098039 0.1137255 0.3647059 0.1529412 0.2392157 1 1 1 0.8588235 0 0.07450979 0 0 0.1254902 0 1 0.5803922 1 1 1 0.8588235 0 0.1254902 0 0.4509804 0.1372549 0.7529412 0 0.1882353 0.6078432 0.2627451 0.345098 0.5411765 0.2627451 0.345098 0.5411765 0 0.3137255 0 0 0.1607843 0.6196079 0.9372549 0.9254902 1 0.4509804 0.1372549 0.7529412 0.2627451 0.345098 0.5411765 0 0.1882353 0.6078432 0 0.3137255 0 0.2627451 0.345098 0.5411765 0.9372549 0.9254902 1 0.2627451 0.345098 0.5411765 0 0.1607843 0.6196079 0.4509804 0.1372549 0.7529412 0 0.1882353 0.6078432 0.2627451 0.345098 0.5411765 0.2627451 0.345098 0.5411765 0 0.3137255 0 0 0.1607843 0.6196079 0.9372549 0.9254902 1 0.4509804 0.1372549 0.7529412 0.2627451 0.345098 0.5411765 0 0.1882353 0.6078432 0 0.3137255 0 0.2627451 0.345098 0.5411765 0.9372549 0.9254902 1 0.2627451 0.345098 0.5411765 0 0.1607843 0.6196079 0.003921568 0.2039216 0 0.2156863 0.4313725 0.7647059 0.3843137 0.4470588 0.01568627 0.172549 0.2235294 0.7647059 0.682353 0.3568627 1 0.7176471 0.5254902 1 0.003921568 0.2039216 0 0.172549 0.2235294 0.7647059 0 0.07058823 0.2666667 0.682353 0.3568627 1 0.7607843 0.5764706 1 0.7176471 0.5254902 1 0.2156863 0.4313725 0.7647059 0.682353 0.3568627 1 0.3843137 0.4470588 0.01568627 0.003921568 0.2039216 0 0.2156863 0.4313725 0.7647059 0.3843137 0.4470588 0.01568627 0.172549 0.2235294 0.7647059 0.682353 0.3568627 1 0.7176471 0.5254902 1 0.003921568 0.2039216 0 0.172549 0.2235294 0.7647059 0 0.07058823 0.2666667 0.682353 0.3568627 1 0.7607843 0.5764706 1 0.7176471 0.5254902 1 0.2156863 0.4313725 0.7647059 0.682353 0.3568627 1 0.3843137 0.4470588 0.01568627 0.003921568 0.2039216 0 0.2156863 0.4313725 0.7647059 0.3843137 0.4470588 0.01568627 0.172549 0.2235294 0.7647059 0.682353 0.3568627 1 0.7176471 0.5254902 1 0.003921568 0.2039216 0 0.172549 0.2235294 0.7647059 0 0.07058823 0.2666667 0.682353 0.3568627 1 0.7607843 0.5764706 1 0.7176471 0.5254902 1 0.2156863 0.4313725 0.7647059 0.682353 0.3568627 1 0.3843137 0.4470588 0.01568627 0.003921568 0.2039216 0 0.2156863 0.4313725 0.7647059 0.3843137 0.4470588 0.01568627 0.172549 0.2235294 0.7647059 0.682353 0.3568627 1 0.7176471 0.5254902 1 0.003921568 0.2039216 0 0.172549 0.2235294 0.7647059 0 0.07058823 0.2666667 0.682353 0.3568627 1 0.7607843 0.5764706 1 0.7176471 0.5254902 1 0.2156863 0.4313725 0.7647059 0.682353 0.3568627 1 0.3843137 0.4470588 0.01568627 0.003921568 0.2039216 0 0.2156863 0.4313725 0.7647059 0.3843137 0.4470588 0.01568627 0.172549 0.2235294 0.7647059 0.682353 0.3568627 1 0.7176471 0.5254902 1 0.003921568 0.2039216 0 0.172549 0.2235294 0.7647059 0 0.07058823 0.2666667 0.682353 0.3568627 1 0.7607843 0.5764706 1 0.7176471 0.5254902 1 0.2156863 0.4313725 0.7647059 0.682353 0.3568627 1 0.3843137 0.4470588 0.01568627 0.003921568 0.2039216 0 0.2156863 0.4313725 0.7647059 0.3843137 0.4470588 0.01568627 0.172549 0.2235294 0.7647059 0.682353 0.3568627 1 0.7176471 0.5254902 1 0.003921568 0.2039216 0 0.172549 0.2235294 0.7647059 0 0.07058823 0.2666667 0.682353 0.3568627 1 0.7607843 0.5764706 1 0.7176471 0.5254902 1 0.2156863 0.4313725 0.7647059 0.682353 0.3568627 1 0.3843137 0.4470588 0.01568627 0.003921568 0.2039216 0 0.2156863 0.4313725 0.7647059 0.3843137 0.4470588 0.01568627 0.172549 0.2235294 0.7647059 0.682353 0.3568627 1 0.7176471 0.5254902 1 0.003921568 0.2039216 0 0.172549 0.2235294 0.7647059 0 0.07058823 0.2666667 0.682353 0.3568627 1 0.7607843 0.5764706 1 0.7176471 0.5254902 1 0.2156863 0.4313725 0.7647059 0.682353 0.3568627 1 0.3843137 0.4470588 0.01568627 0.003921568 0.2039216 0 0.2156863 0.4313725 0.7647059 0.3843137 0.4470588 0.01568627 0.172549 0.2235294 0.7647059 0.682353 0.3568627 1 0.7176471 0.5254902 1 0.003921568 0.2039216 0 0.172549 0.2235294 0.7647059 0 0.07058823 0.2666667 0.682353 0.3568627 1 0.7607843 0.5764706 1 0.7176471 0.5254902 1 0.2156863 0.4313725 0.7647059 0.682353 0.3568627 1 0.3843137 0.4470588 0.01568627 0.003921568 0.2039216 0 0.2156863 0.4313725 0.7647059 0.3843137 0.4470588 0.01568627 0.172549 0.2235294 0.7647059 0.682353 0.3568627 1 0.7176471 0.5254902 1 0.003921568 0.2039216 0 0.172549 0.2235294 0.7647059 0 0.07058823 0.2666667 0.682353 0.3568627 1 0.7607843 0.5764706 1 0.7176471 0.5254902 1 0.2156863 0.4313725 0.7647059 0.682353 0.3568627 1 0.3843137 0.4470588 0.01568627 0.003921568 0.2039216 0 0.2156863 0.4313725 0.7647059 0.3843137 0.4470588 0.01568627 0.172549 0.2235294 0.7647059 0.682353 0.3568627 1 0.7176471 0.5254902 1 0.003921568 0.2039216 0 0.172549 0.2235294 0.7647059 0 0.07058823 0.2666667 0.682353 0.3568627 1 0.7607843 0.5764706 1 0.7176471 0.5254902 1 0.2156863 0.4313725 0.7647059 0.682353 0.3568627 1 0.3843137 0.4470588 0.01568627 0.07058823 0.2980392 0 0.5725491 0.2039216 1 0.2901961 0.1882353 0.2862745 0.5137255 0.3254902 1 0.07058823 0.2980392 0 0.2901961 0.1882353 0.2862745 0.5725491 0.172549 1 0.5137255 0.3254902 1 0.2901961 0.1882353 0.2862745 0.07058823 0.2980392 0 0.5725491 0.2039216 1 0.2901961 0.1882353 0.2862745 0.5137255 0.3254902 1 0.07058823 0.2980392 0 0.2901961 0.1882353 0.2862745 0.5725491 0.172549 1 0.5137255 0.3254902 1 0.2901961 0.1882353 0.2862745 0.07058823 0.2980392 0 0.5725491 0.2039216 1 0.2901961 0.1882353 0.2862745 0.5137255 0.3254902 1 0.07058823 0.2980392 0 0.2901961 0.1882353 0.2862745 0.5725491 0.172549 1 0.5137255 0.3254902 1 0.2901961 0.1882353 0.2862745 0.07058823 0.2980392 0 0.5725491 0.2039216 1 0.2901961 0.1882353 0.2862745 0.5137255 0.3254902 1 0.07058823 0.2980392 0 0.2901961 0.1882353 0.2862745 0.5725491 0.172549 1 0.5137255 0.3254902 1 0.2901961 0.1882353 0.2862745 0.07058823 0.2980392 0 0.5725491 0.2039216 1 0.2901961 0.1882353 0.2862745 0.5137255 0.3254902 1 0.07058823 0.2980392 0 0.2901961 0.1882353 0.2862745 0.5725491 0.172549 1 0.5137255 0.3254902 1 0.2901961 0.1882353 0.2862745 0.07058823 0.2980392 0 0.5725491 0.2039216 1 0.2901961 0.1882353 0.2862745 0.5137255 0.3254902 1 0.07058823 0.2980392 0 0.2901961 0.1882353 0.2862745 0.5725491 0.172549 1 0.5137255 0.3254902 1 0.2901961 0.1882353 0.2862745 0.4509804 0.1372549 0.7529412 0 0.1882353 0.6078432 0.2627451 0.345098 0.5411765 0.2627451 0.345098 0.5411765 0 0.3137255 0 0 0.1607843 0.6196079 0.9372549 0.9254902 1 0.4509804 0.1372549 0.7529412 0.2627451 0.345098 0.5411765 0 0.1882353 0.6078432 0 0.3137255 0 0.2627451 0.345098 0.5411765 0.9372549 0.9254902 1 0.2627451 0.345098 0.5411765 0 0.1607843 0.6196079 0.4509804 0.1372549 0.7529412 0 0.1882353 0.6078432 0.2627451 0.345098 0.5411765 0.2627451 0.345098 0.5411765 0 0.3137255 0 0 0.1607843 0.6196079 0.9372549 0.9254902 1 0.4509804 0.1372549 0.7529412 0.2627451 0.345098 0.5411765 0 0.1882353 0.6078432 0 0.3137255 0 0.2627451 0.345098 0.5411765 0.9372549 0.9254902 1 0.2627451 0.345098 0.5411765 0 0.1607843 0.6196079 0.4509804 0.1372549 0.7529412 0 0.1882353 0.6078432 0.2627451 0.345098 0.5411765 0.2627451 0.345098 0.5411765 0 0.3137255 0 0 0.1607843 0.6196079 0.9372549 0.9254902 1 0.4509804 0.1372549 0.7529412 0.2627451 0.345098 0.5411765 0 0.1882353 0.6078432 0 0.3137255 0 0.2627451 0.345098 0.5411765 0.9372549 0.9254902 1 0.2627451 0.345098 0.5411765 0 0.1607843 0.6196079 0.4509804 0.1372549 0.7529412 0 0.1882353 0.6078432 0.2627451 0.345098 0.5411765 0.2627451 0.345098 0.5411765 0 0.3137255 0 0 0.1607843 0.6196079 0.9372549 0.9254902 1 0.4509804 0.1372549 0.7529412 0.2627451 0.345098 0.5411765 0 0.1882353 0.6078432 0 0.3137255 0 0.2627451 0.345098 0.5411765 0.9372549 0.9254902 1 0.2627451 0.345098 0.5411765 0 0.1607843 0.6196079 0.4509804 0.1372549 0.7529412 0 0.1882353 0.6078432 0.2627451 0.345098 0.5411765 0.2627451 0.345098 0.5411765 0 0.3137255 0 0 0.1607843 0.6196079 0.9372549 0.9254902 1 0.4509804 0.1372549 0.7529412 0.2627451 0.345098 0.5411765 0 0.1882353 0.6078432 0 0.3137255 0 0.2627451 0.345098 0.5411765 0.9372549 0.9254902 1 0.2627451 0.345098 0.5411765 0 0.1607843 0.6196079 0.4509804 0.1372549 0.7529412 0 0.1882353 0.6078432 0.2627451 0.345098 0.5411765 0.2627451 0.345098 0.5411765 0 0.3137255 0 0 0.1607843 0.6196079 0.9372549 0.9254902 1 0.4509804 0.1372549 0.7529412 0.2627451 0.345098 0.5411765 0 0.1882353 0.6078432 0 0.3137255 0 0.2627451 0.345098 0.5411765 0.9372549 0.9254902 1 0.2627451 0.345098 0.5411765 0 0.1607843 0.6196079 0.4509804 0.1372549 0.7529412 0 0.1882353 0.6078432 0.2627451 0.345098 0.5411765 0.2627451 0.345098 0.5411765 0 0.3137255 0 0 0.1607843 0.6196079 0.9372549 0.9254902 1 0.4509804 0.1372549 0.7529412 0.2627451 0.345098 0.5411765 0 0.1882353 0.6078432 0 0.3137255 0 0.2627451 0.345098 0.5411765 0.9372549 0.9254902 1 0.2627451 0.345098 0.5411765 0 0.1607843 0.6196079 0.4509804 0.1372549 0.7529412 0 0.1882353 0.6078432 0.2627451 0.345098 0.5411765 0.2627451 0.345098 0.5411765 0 0.3137255 0 0 0.1607843 0.6196079 0.9372549 0.9254902 1 0.4509804 0.1372549 0.7529412 0.2627451 0.345098 0.5411765 0 0.1882353 0.6078432 0 0.3137255 0 0.2627451 0.345098 0.5411765 0.9372549 0.9254902 1 0.2627451 0.345098 0.5411765 0 0.1607843 0.6196079 0.4509804 0.1372549 0.7529412 0 0.1882353 0.6078432 0.2627451 0.345098 0.5411765 0.2627451 0.345098 0.5411765 0 0.3137255 0 0 0.1607843 0.6196079 0.9372549 0.9254902 1 0.4509804 0.1372549 0.7529412 0.2627451 0.345098 0.5411765 0 0.1882353 0.6078432 0 0.3137255 0 0.2627451 0.345098 0.5411765 0.9372549 0.9254902 1 0.2627451 0.345098 0.5411765 0 0.1607843 0.6196079 0.4509804 0.1372549 0.7529412 0 0.1882353 0.6078432 0.2627451 0.345098 0.5411765 0.2627451 0.345098 0.5411765 0 0.3137255 0 0 0.1607843 0.6196079 0.9372549 0.9254902 1 0.4509804 0.1372549 0.7529412 0.2627451 0.345098 0.5411765 0 0.1882353 0.6078432 0 0.3137255 0 0.2627451 0.345098 0.5411765 0.9372549 0.9254902 1 0.2627451 0.345098 0.5411765 0 0.1607843 0.6196079 0.4509804 0.1372549 0.7529412 0 0.1882353 0.6078432 0.2627451 0.345098 0.5411765 0.2627451 0.345098 0.5411765 0 0.3137255 0 0 0.1607843 0.6196079 0.9372549 0.9254902 1 0.4509804 0.1372549 0.7529412 0.2627451 0.345098 0.5411765 0 0.1882353 0.6078432 0 0.3137255 0 0.2627451 0.345098 0.5411765 0.9372549 0.9254902 1 0.2627451 0.345098 0.5411765 0 0.1607843 0.6196079 0.4509804 0.1372549 0.7529412 0 0.1882353 0.6078432 0.2627451 0.345098 0.5411765 0.2627451 0.345098 0.5411765 0 0.3137255 0 0 0.1607843 0.6196079 0.9372549 0.9254902 1 0.4509804 0.1372549 0.7529412 0.2627451 0.345098 0.5411765 0 0.1882353 0.6078432 0 0.3137255 0 0.2627451 0.345098 0.5411765 0.9372549 0.9254902 1 0.2627451 0.345098 0.5411765 0 0.1607843 0.6196079 0.4509804 0.1372549 0.7529412 0 0.1882353 0.6078432 0.2627451 0.345098 0.5411765 0.2627451 0.345098 0.5411765 0 0.3137255 0 0 0.1607843 0.6196079 0.9372549 0.9254902 1 0.4509804 0.1372549 0.7529412 0.2627451 0.345098 0.5411765 0 0.1882353 0.6078432 0 0.3137255 0 0.2627451 0.345098 0.5411765 0.9372549 0.9254902 1 0.2627451 0.345098 0.5411765 0 0.1607843 0.6196079 0.4509804 0.1372549 0.7529412 0 0.1882353 0.6078432 0.2627451 0.345098 0.5411765 0.2627451 0.345098 0.5411765 0 0.3137255 0 0 0.1607843 0.6196079 0.9372549 0.9254902 1 0.4509804 0.1372549 0.7529412 0.2627451 0.345098 0.5411765 0 0.1882353 0.6078432 0 0.3137255 0 0.2627451 0.345098 0.5411765 0.9372549 0.9254902 1 0.2627451 0.345098 0.5411765 0 0.1607843 0.6196079 0.4509804 0.1372549 0.7529412 0 0.1882353 0.6078432 0.2627451 0.345098 0.5411765 0.2627451 0.345098 0.5411765 0 0.3137255 0 0 0.1607843 0.6196079 0.9372549 0.9254902 1 0.4509804 0.1372549 0.7529412 0.2627451 0.345098 0.5411765 0 0.1882353 0.6078432 0 0.3137255 0 0.2627451 0.345098 0.5411765 0.9372549 0.9254902 1 0.2627451 0.345098 0.5411765 0 0.1607843 0.6196079 0.4509804 0.1372549 0.7529412 0 0.1882353 0.6078432 0.2627451 0.345098 0.5411765 0.2627451 0.345098 0.5411765 0 0.3137255 0 0 0.1607843 0.6196079 0.9372549 0.9254902 1 0.4509804 0.1372549 0.7529412 0.2627451 0.345098 0.5411765 0 0.1882353 0.6078432 0 0.3137255 0 0.2627451 0.345098 0.5411765 0.9372549 0.9254902 1 0.2627451 0.345098 0.5411765 0 0.1607843 0.6196079 0.4509804 0.1372549 0.7529412 0 0.1882353 0.6078432 0.2627451 0.345098 0.5411765 0.2627451 0.345098 0.5411765 0 0.3137255 0 0 0.1607843 0.6196079 0.9372549 0.9254902 1 0.4509804 0.1372549 0.7529412 0.2627451 0.345098 0.5411765 0 0.1882353 0.6078432 0 0.3137255 0 0.2627451 0.345098 0.5411765 0.9372549 0.9254902 1 0.2627451 0.345098 0.5411765 0 0.1607843 0.6196079 0.4509804 0.1372549 0.7529412 0 0.1882353 0.6078432 0.2627451 0.345098 0.5411765 0.2627451 0.345098 0.5411765 0 0.3137255 0 0 0.1607843 0.6196079 0.9372549 0.9254902 1 0.4509804 0.1372549 0.7529412 0.2627451 0.345098 0.5411765 0 0.1882353 0.6078432 0 0.3137255 0 0.2627451 0.345098 0.5411765 0.9372549 0.9254902 1 0.2627451 0.345098 0.5411765 0 0.1607843 0.6196079 0.4509804 0.1372549 0.7529412 0 0.1882353 0.6078432 0.2627451 0.345098 0.5411765 0.2627451 0.345098 0.5411765 0 0.3137255 0 0 0.1607843 0.6196079 0.9372549 0.9254902 1 0.4509804 0.1372549 0.7529412 0.2627451 0.345098 0.5411765 0 0.1882353 0.6078432 0 0.3137255 0 0.2627451 0.345098 0.5411765 0.9372549 0.9254902 1 0.2627451 0.345098 0.5411765 0 0.1607843 0.6196079 0.4509804 0.1372549 0.7529412 0 0.1882353 0.6078432 0.2627451 0.345098 0.5411765 0.2627451 0.345098 0.5411765 0 0.3137255 0 0 0.1607843 0.6196079 0.9372549 0.9254902 1 0.4509804 0.1372549 0.7529412 0.2627451 0.345098 0.5411765 0 0.1882353 0.6078432 0 0.3137255 0 0.2627451 0.345098 0.5411765 0.9372549 0.9254902 1 0.2627451 0.345098 0.5411765 0 0.1607843 0.6196079 0.4509804 0.1372549 0.7529412 0 0.1882353 0.6078432 0.2627451 0.345098 0.5411765 0.2627451 0.345098 0.5411765 0 0.3137255 0 0 0.1607843 0.6196079 0.9372549 0.9254902 1 0.4509804 0.1372549 0.7529412 0.2627451 0.345098 0.5411765 0 0.1882353 0.6078432 0 0.3137255 0 0.2627451 0.345098 0.5411765 0.9372549 0.9254902 1 0.2627451 0.345098 0.5411765 0 0.1607843 0.6196079 0.4509804 0.1372549 0.7529412 0 0.1882353 0.6078432 0.2627451 0.345098 0.5411765 0.2627451 0.345098 0.5411765 0 0.3137255 0 0 0.1607843 0.6196079 0.9372549 0.9254902 1 0.4509804 0.1372549 0.7529412 0.2627451 0.345098 0.5411765 0 0.1882353 0.6078432 0 0.3137255 0 0.2627451 0.345098 0.5411765 0.9372549 0.9254902 1 0.2627451 0.345098 0.5411765 0 0.1607843 0.6196079 0.4509804 0.1372549 0.7529412 0 0.1882353 0.6078432 0.2627451 0.345098 0.5411765 0.2627451 0.345098 0.5411765 0 0.3137255 0 0 0.1607843 0.6196079 0.9372549 0.9254902 1 0.4509804 0.1372549 0.7529412 0.2627451 0.345098 0.5411765 0 0.1882353 0.6078432 0 0.3137255 0 0.2627451 0.345098 0.5411765 0.9372549 0.9254902 1 0.2627451 0.345098 0.5411765 0 0.1607843 0.6196079 0.4509804 0.1372549 0.7529412 0 0.1882353 0.6078432 0.2627451 0.345098 0.5411765 0.2627451 0.345098 0.5411765 0 0.3137255 0 0 0.1607843 0.6196079 0.9372549 0.9254902 1 0.4509804 0.1372549 0.7529412 0.2627451 0.345098 0.5411765 0 0.1882353 0.6078432 0 0.3137255 0 0.2627451 0.345098 0.5411765 0.9372549 0.9254902 1 0.2627451 0.345098 0.5411765 0 0.1607843 0.6196079 0.4509804 0.1372549 0.7529412 0 0.1882353 0.6078432 0.2627451 0.345098 0.5411765 0.2627451 0.345098 0.5411765 0 0.3137255 0 0 0.1607843 0.6196079 0.9372549 0.9254902 1 0.4509804 0.1372549 0.7529412 0.2627451 0.345098 0.5411765 0 0.1882353 0.6078432 0 0.3137255 0 0.2627451 0.345098 0.5411765 0.9372549 0.9254902 1 0.2627451 0.345098 0.5411765 0 0.1607843 0.6196079 0.4509804 0.1372549 0.7529412 0 0.1882353 0.6078432 0.2627451 0.345098 0.5411765 0.2627451 0.345098 0.5411765 0 0.3137255 0 0 0.1607843 0.6196079 0.9372549 0.9254902 1 0.4509804 0.1372549 0.7529412 0.2627451 0.345098 0.5411765 0 0.1882353 0.6078432 0 0.3137255 0 0.2627451 0.345098 0.5411765 0.9372549 0.9254902 1 0.2627451 0.345098 0.5411765 0 0.1607843 0.6196079 0.4509804 0.1372549 0.7529412 0 0.1882353 0.6078432 0.2627451 0.345098 0.5411765 0.2627451 0.345098 0.5411765 0 0.3137255 0 0 0.1607843 0.6196079 0.9372549 0.9254902 1 0.4509804 0.1372549 0.7529412 0.2627451 0.345098 0.5411765 0 0.1882353 0.6078432 0 0.3137255 0 0.2627451 0.345098 0.5411765 0.9372549 0.9254902 1 0.2627451 0.345098 0.5411765 0 0.1607843 0.6196079 0.4509804 0.1372549 0.7529412 0 0.1882353 0.6078432 0.2627451 0.345098 0.5411765 0.2627451 0.345098 0.5411765 0 0.3137255 0 0 0.1607843 0.6196079 0.9372549 0.9254902 1 0.4509804 0.1372549 0.7529412 0.2627451 0.345098 0.5411765 0 0.1882353 0.6078432 0 0.3137255 0 0.2627451 0.345098 0.5411765 0.9372549 0.9254902 1 0.2627451 0.345098 0.5411765 0 0.1607843 0.6196079 0.4509804 0.1372549 0.7529412 0 0.1882353 0.6078432 0.2627451 0.345098 0.5411765 0.2627451 0.345098 0.5411765 0 0.3137255 0 0 0.1607843 0.6196079 0.9372549 0.9254902 1 0.4509804 0.1372549 0.7529412 0.2627451 0.345098 0.5411765 0 0.1882353 0.6078432 0 0.3137255 0 0.2627451 0.345098 0.5411765 0.9372549 0.9254902 1 0.2627451 0.345098 0.5411765 0 0.1607843 0.6196079 0.4509804 0.1372549 0.7529412 0 0.1882353 0.6078432 0.2627451 0.345098 0.5411765 0.2627451 0.345098 0.5411765 0 0.3137255 0 0 0.1607843 0.6196079 0.9372549 0.9254902 1 0.4509804 0.1372549 0.7529412 0.2627451 0.345098 0.5411765 0 0.1882353 0.6078432 0 0.3137255 0 0.2627451 0.345098 0.5411765 0.9372549 0.9254902 1 0.2627451 0.345098 0.5411765 0 0.1607843 0.6196079 0.4509804 0.1372549 0.7529412 0 0.1882353 0.6078432 0.2627451 0.345098 0.5411765 0.2627451 0.345098 0.5411765 0 0.3137255 0 0 0.1607843 0.6196079 0.9372549 0.9254902 1 0.4509804 0.1372549 0.7529412 0.2627451 0.345098 0.5411765 0 0.1882353 0.6078432 0 0.3137255 0 0.2627451 0.345098 0.5411765 0.9372549 0.9254902 1 0.2627451 0.345098 0.5411765 0 0.1607843 0.6196079 0.4509804 0.1372549 0.7529412 0 0.1882353 0.6078432 0.2627451 0.345098 0.5411765 0.2627451 0.345098 0.5411765 0 0.3137255 0 0 0.1607843 0.6196079 0.9372549 0.9254902 1 0.4509804 0.1372549 0.7529412 0.2627451 0.345098 0.5411765 0 0.1882353 0.6078432 0 0.3137255 0 0.2627451 0.345098 0.5411765 0.9372549 0.9254902 1 0.2627451 0.345098 0.5411765 0 0.1607843 0.6196079 0.4509804 0.1372549 0.7529412 0 0.1882353 0.6078432 0.2627451 0.345098 0.5411765 0.2627451 0.345098 0.5411765 0 0.3137255 0 0 0.1607843 0.6196079 0.9372549 0.9254902 1 0.4509804 0.1372549 0.7529412 0.2627451 0.345098 0.5411765 0 0.1882353 0.6078432 0 0.3137255 0 0.2627451 0.345098 0.5411765 0.9372549 0.9254902 1 0.2627451 0.345098 0.5411765 0 0.1607843 0.6196079 0.4509804 0.1372549 0.7529412 0 0.1882353 0.6078432 0.2627451 0.345098 0.5411765 0.2627451 0.345098 0.5411765 0 0.3137255 0 0 0.1607843 0.6196079 0.9372549 0.9254902 1 0.4509804 0.1372549 0.7529412 0.2627451 0.345098 0.5411765 0 0.1882353 0.6078432 0 0.3137255 0 0.2627451 0.345098 0.5411765 0.9372549 0.9254902 1 0.2627451 0.345098 0.5411765 0 0.1607843 0.6196079 0.4509804 0.1372549 0.7529412 0 0.1882353 0.6078432 0.2627451 0.345098 0.5411765 0.2627451 0.345098 0.5411765 0 0.3137255 0 0 0.1607843 0.6196079 0.9372549 0.9254902 1 0.4509804 0.1372549 0.7529412 0.2627451 0.345098 0.5411765 0 0.1882353 0.6078432 0 0.3137255 0 0.2627451 0.345098 0.5411765 0.9372549 0.9254902 1 0.2627451 0.345098 0.5411765 0 0.1607843 0.6196079 0.4509804 0.1372549 0.7529412 0 0.1882353 0.6078432 0.2627451 0.345098 0.5411765 0.2627451 0.345098 0.5411765 0 0.3137255 0 0 0.1607843 0.6196079 0.9372549 0.9254902 1 0.4509804 0.1372549 0.7529412 0.2627451 0.345098 0.5411765 0 0.1882353 0.6078432 0 0.3137255 0 0.2627451 0.345098 0.5411765 0.9372549 0.9254902 1 0.2627451 0.345098 0.5411765 0 0.1607843 0.6196079 0.4509804 0.1372549 0.7529412 0 0.1882353 0.6078432 0.2627451 0.345098 0.5411765 0.2627451 0.345098 0.5411765 0 0.3137255 0 0 0.1607843 0.6196079 0.9372549 0.9254902 1 0.4509804 0.1372549 0.7529412 0.2627451 0.345098 0.5411765 0 0.1882353 0.6078432 0 0.3137255 0 0.2627451 0.345098 0.5411765 0.9372549 0.9254902 1 0.2627451 0.345098 0.5411765 0 0.1607843 0.6196079 0.4509804 0.1372549 0.7529412 0 0.1882353 0.6078432 0.2627451 0.345098 0.5411765 0.2627451 0.345098 0.5411765 0 0.3137255 0 0 0.1607843 0.6196079 0.9372549 0.9254902 1 0.4509804 0.1372549 0.7529412 0.2627451 0.345098 0.5411765 0 0.1882353 0.6078432 0 0.3137255 0 0.2627451 0.345098 0.5411765 0.9372549 0.9254902 1 0.2627451 0.345098 0.5411765 0 0.1607843 0.6196079 0.4509804 0.1372549 0.7529412 0 0.1882353 0.6078432 0.2627451 0.345098 0.5411765 0.2627451 0.345098 0.5411765 0 0.3137255 0 0 0.1607843 0.6196079 0.9372549 0.9254902 1 0.4509804 0.1372549 0.7529412 0.2627451 0.345098 0.5411765 0 0.1882353 0.6078432 0 0.3137255 0 0.2627451 0.345098 0.5411765 0.9372549 0.9254902 1 0.2627451 0.345098 0.5411765 0 0.1607843 0.6196079 0.4509804 0.1372549 0.7529412 0 0.1882353 0.6078432 0.2627451 0.345098 0.5411765 0.2627451 0.345098 0.5411765 0 0.3137255 0 0 0.1607843 0.6196079 0.9372549 0.9254902 1 0.4509804 0.1372549 0.7529412 0.2627451 0.345098 0.5411765 0 0.1882353 0.6078432 0 0.3137255 0 0.2627451 0.345098 0.5411765 0.9372549 0.9254902 1 0.2627451 0.345098 0.5411765 0 0.1607843 0.6196079 0.4509804 0.1372549 0.7529412 0 0.1882353 0.6078432 0.2627451 0.345098 0.5411765 0.2627451 0.345098 0.5411765 0 0.3137255 0 0 0.1607843 0.6196079 0.9372549 0.9254902 1 0.4509804 0.1372549 0.7529412 0.2627451 0.345098 0.5411765 0 0.1882353 0.6078432 0 0.3137255 0 0.2627451 0.345098 0.5411765 0.9372549 0.9254902 1 0.2627451 0.345098 0.5411765 0 0.1607843 0.6196079 0.4509804 0.1372549 0.7529412 0 0.1882353 0.6078432 0.2627451 0.345098 0.5411765 0.2627451 0.345098 0.5411765 0 0.3137255 0 0 0.1607843 0.6196079 0.9372549 0.9254902 1 0.4509804 0.1372549 0.7529412 0.2627451 0.345098 0.5411765 0 0.1882353 0.6078432 0 0.3137255 0 0.2627451 0.345098 0.5411765 0.9372549 0.9254902 1 0.2627451 0.345098 0.5411765 0 0.1607843 0.6196079 0.4509804 0.1372549 0.7529412 0 0.1882353 0.6078432 0.2627451 0.345098 0.5411765 0.2627451 0.345098 0.5411765 0 0.3137255 0 0 0.1607843 0.6196079 0.9372549 0.9254902 1 0.4509804 0.1372549 0.7529412 0.2627451 0.345098 0.5411765 0 0.1882353 0.6078432 0 0.3137255 0 0.2627451 0.345098 0.5411765 0.9372549 0.9254902 1 0.2627451 0.345098 0.5411765 0 0.1607843 0.6196079 0.4509804 0.1372549 0.7529412 0 0.1882353 0.6078432 0.2627451 0.345098 0.5411765 0.2627451 0.345098 0.5411765 0 0.3137255 0 0 0.1607843 0.6196079 0.9372549 0.9254902 1 0.4509804 0.1372549 0.7529412 0.2627451 0.345098 0.5411765 0 0.1882353 0.6078432 0 0.3137255 0 0.2627451 0.345098 0.5411765 0.9372549 0.9254902 1 0.2627451 0.345098 0.5411765 0 0.1607843 0.6196079 0.4509804 0.1372549 0.7529412 0 0.1882353 0.6078432 0.2627451 0.345098 0.5411765 0.2627451 0.345098 0.5411765 0 0.3137255 0 0 0.1607843 0.6196079 0.9372549 0.9254902 1 0.4509804 0.1372549 0.7529412 0.2627451 0.345098 0.5411765 0 0.1882353 0.6078432 0 0.3137255 0 0.2627451 0.345098 0.5411765 0.9372549 0.9254902 1 0.2627451 0.345098 0.5411765 0 0.1607843 0.6196079 0.4509804 0.1372549 0.7529412 0 0.1882353 0.6078432 0.2627451 0.345098 0.5411765 0.2627451 0.345098 0.5411765 0 0.3137255 0 0 0.1607843 0.6196079 0.9372549 0.9254902 1 0.4509804 0.1372549 0.7529412 0.2627451 0.345098 0.5411765 0 0.1882353 0.6078432 0 0.3137255 0 0.2627451 0.345098 0.5411765 0.9372549 0.9254902 1 0.2627451 0.345098 0.5411765 0 0.1607843 0.6196079 0.4509804 0.1372549 0.7529412 0 0.1882353 0.6078432 0.2627451 0.345098 0.5411765 0.2627451 0.345098 0.5411765 0 0.3137255 0 0 0.1607843 0.6196079 0.9372549 0.9254902 1 0.4509804 0.1372549 0.7529412 0.2627451 0.345098 0.5411765 0 0.1882353 0.6078432 0 0.3137255 0 0.2627451 0.345098 0.5411765 0.9372549 0.9254902 1 0.2627451 0.345098 0.5411765 0 0.1607843 0.6196079 0.4509804 0.1372549 0.7529412 0 0.1882353 0.6078432 0.2627451 0.345098 0.5411765 0.2627451 0.345098 0.5411765 0 0.3137255 0 0 0.1607843 0.6196079 0.9372549 0.9254902 1 0.4509804 0.1372549 0.7529412 0.2627451 0.345098 0.5411765 0 0.1882353 0.6078432 0 0.3137255 0 0.2627451 0.345098 0.5411765 0.9372549 0.9254902 1 0.2627451 0.345098 0.5411765 0 0.1607843 0.6196079 0.003921568 0.2039216 0 0.2156863 0.4313725 0.7647059 0.3843137 0.4470588 0.01568627 0.172549 0.2235294 0.7647059 0.682353 0.3568627 1 0.7176471 0.5254902 1 0.003921568 0.2039216 0 0.172549 0.2235294 0.7647059 0 0.07058823 0.2666667 0.682353 0.3568627 1 0.7607843 0.5764706 1 0.7176471 0.5254902 1 0.2156863 0.4313725 0.7647059 0.682353 0.3568627 1 0.3843137 0.4470588 0.01568627 0 0.06666666 0 0 0.06666666 0 0 0.145098 0 0 0.2941176 0 0 0.03529411 0 0 0.3607843 0 0 0.05098038 0 0 0 0 0 0.07843136 0 0 0.0117647 0 0 0.03529411 0 0 0.145098 0 0 0.4 0 0 0.2313725 0 0 0.145098 0 0 0.227451 0 0 0.4 0 0 0.145098 0 0 0.2313725 0 0 0.0117647 0 0 0.145098 0 0 0.3607843 0 0 0.3647059 0 0 0.2941176 0 0 0.2941176 0 0 0.3647059 0 0 0.2078431 0 0 0.03529411 0 0 0.2941176 0 0 0.2078431 0 0 0.1647059 0 0 0.1058824 0 0 0.07843136 0 0 0 0 0 0.07843136 0 0 0.07843136 0 0 0.03529411 0 0 0.06666666 0 0 0.145098 0 0 0.06666666 0 0 0.227451 0 0 0.145098 0 0 0.06666666 0 0 0.145098 0 0 0.06666666 0 0 0.2941176 0 0 0.3607843 0 0 0.03529411 0 0 0.0117647 0 0 0.145098 0 0 0.03529411 0 0 0.4 0 0 0.145098 0 0 0.2313725 0 0 0.227451 0 0 0.145098 0 0 0.4 0 0 0.2313725 0 0 0.145098 0 0 0.0117647 0 0 0.3607843 0 0 0.2941176 0 0 0.3647059 0 0 0.2941176 0 0 0.2078431 0 0 0.3647059 0 0 0.03529411 0 0 0.2078431 0 0 0.2941176 0 0 0.03529411 0 0 0.145098 0 0 0.06666666 0 0 0.06666666 0 0 0.145098 0 0 0.227451 0 0 0.1058824 0 0 0.05098038 0 0 0.07843136 0 0 0.07843136 0 0 0.1647059 0 0 0.07843136 0 0 0.06666666 0 0 0.06666666 0 0 0.145098 0 0 0.2941176 0 0 0.03529411 0 0 0.3607843 0 0 0.05098038 0 0 0 0 0 0.07843136 0 0 0.0117647 0 0 0.03529411 0 0 0.145098 0 0 0.4 0 0 0.2313725 0 0 0.145098 0 0 0.227451 0 0 0.4 0 0 0.145098 0 0 0.2313725 0 0 0.0117647 0 0 0.145098 0 0 0.3607843 0 0 0.3607843 0 0 0.2941176 0 0 0.2941176 0 0 0.3647059 0 0 0.2078431 0 0 0.03529411 0 0 0.2941176 0 0 0.2078431 0 0 0.1647059 0 0 0.1058824 0 0 0.07843136 0 0 0 0 0 0.07843136 0 0 0.07843136 0 0 0.03529411 0 0 0.06666666 0 0 0.145098 0 0 0.06666666 0 0 0.227451 0 0 0.145098 0 0 0.06666666 0 0 0.145098 0 0 0.06666666 0 0 0.2941176 0 0 0.3607843 0 0 0.03529411 0 0 0.0117647 0 0 0.145098 0 0 0.03529411 0 0 0.4 0 0 0.145098 0 0 0.2313725 0 0 0.227451 0 0 0.145098 0 0 0.4 0 0 0.2313725 0 0 0.145098 0 0 0.0117647 0 0 0.3607843 0 0 0.2941176 0 0 0.3647059 0 0 0.2941176 0 0 0.2078431 0 0 0.3647059 0 0 0.03529411 0 0 0.2078431 0 0 0.2941176 0 0 0.03529411 0 0 0.145098 0 0 0.06666666 0 0 0.06666666 0 0 0.145098 0 0 0.227451 0 0 0.1058824 0 0 0.05098038 0 0 0.07843136 0 0 0.07843136 0 0 0.1647059 0 0 0.07843136 0 0 0.3607843 0 0 0.3647059 0 0 0.2941176 0 0.07058823 0.2980392 0 0.5725491 0.2039216 1 0.2901961 0.1882353 0.2862745 0.5137255 0.3254902 1 0.07058823 0.2980392 0 0.2901961 0.1882353 0.2862745 0.5725491 0.172549 1 0.5137255 0.3254902 1 0.2901961 0.1882353 0.2862745 0.07058823 0.2980392 0 0.5725491 0.2039216 1 0.2901961 0.1882353 0.2862745 0.5137255 0.3254902 1 0.07058823 0.2980392 0 0.2901961 0.1882353 0.2862745 0.5725491 0.172549 1 0.5137255 0.3254902 1 0.2901961 0.1882353 0.2862745 0.003921568 0.2039216 0 0.2156863 0.4313725 0.7647059 0.3843137 0.4470588 0.01568627 0.172549 0.2235294 0.7647059 0.682353 0.3568627 1 0.7176471 0.5254902 1 0 0.07058823 0.2666667 0.3843137 0.4470588 0.01568627 0.172549 0.2235294 0.7647059 0.682353 0.3568627 1 0.7607843 0.5764706 1 0.7176471 0.5254902 1 0.2156863 0.4313725 0.7647059 0.682353 0.3568627 1 0.3843137 0.4470588 0.01568627 1 1 0.8588235 0 0.07450979 0 0 0.1254902 0 1 0.5803922 1 1 1 0.8588235 0 0.1254902 0 1 1 0.8588235 0 0.07450979 0 0 0.1254902 0 1 0.5803922 1 1 1 0.8588235 0 0.1254902 0 0.2431373 0.3960784 1 0.1960784 0.8941177 0.9882353 0.2078431 0.4117647 0.6901961 0.1098039 0.1137255 0.3647059 0.1411765 0.1372549 0.5333334 0.1529412 0.2392157 1 0.1490196 0.1568627 0.9019608 0.2431373 0.3960784 1 0.2392157 0.1607843 1 0.2392157 0.1607843 1 0.2431373 0.3960784 1 0.2078431 0.4117647 0.6901961 0.1490196 0.1568627 0.9019608 0.1098039 0.1137255 0.3647059 0.1529412 0.2392157 1 0.2431373 0.3960784 1 0.1960784 0.8941177 0.9882353 0.2078431 0.4117647 0.6901961 0.1098039 0.1137255 0.3647059 0.1411765 0.1372549 0.5333334 0.1529412 0.2392157 1 0.1490196 0.1568627 0.9019608 0.2431373 0.3960784 1 0.2392157 0.1607843 1 0.2392157 0.1607843 1 0.2431373 0.3960784 1 0.2078431 0.4117647 0.6901961 0.1490196 0.1568627 0.9019608 0.1098039 0.1137255 0.3647059 0.1529412 0.2392157 1 0.4509804 0.1372549 0.7529412 0 0.1882353 0.6078432 0.2627451 0.345098 0.5411765 0.2627451 0.345098 0.5411765 0 0.3137255 0 0 0.1607843 0.6196079 0.9372549 0.9254902 1 0.4509804 0.1372549 0.7529412 0.2627451 0.345098 0.5411765 0 0.1882353 0.6078432 0 0.3137255 0 0.2627451 0.345098 0.5411765 0.9372549 0.9254902 1 0.2627451 0.345098 0.5411765 0 0.1607843 0.6196079 0.5450981 0.345098 1 0.3843137 0.2235294 0.7372549 0.2392157 0.09019607 0.4901961 0.1411765 0.172549 0.6509804 0.07058823 0.2392157 0.8196079 0.2392157 0.09019607 0.4901961 0.3843137 0.2235294 0.7372549 0.2196078 0.0980392 0.4666666 0.2392157 0.09019607 0.4901961 0.2392157 0.09019607 0.4901961 0.07058823 0.2392157 0.8196079 0 0.317647 1 0.2196078 0.0980392 0.4666666 0.1411765 0.172549 0.6509804 0.2392157 0.09019607 0.4901961 0.5450981 0.345098 1 0.3843137 0.2235294 0.7372549 0.2392157 0.09019607 0.4901961 0.1411765 0.172549 0.6509804 0.07058823 0.2392157 0.8196079 0.2392157 0.09019607 0.4901961 0.3843137 0.2235294 0.7372549 0.2196078 0.0980392 0.4666666 0.2392157 0.09019607 0.4901961 0.2392157 0.09019607 0.4901961 0.07058823 0.2392157 0.8196079 0 0.317647 1 0.2196078 0.0980392 0.4666666 0.1411765 0.172549 0.6509804 0.2392157 0.09019607 0.4901961 0.2431373 0.3960784 1 0.1960784 0.8941177 0.9882353 0.2078431 0.4117647 0.6901961 0.1098039 0.1137255 0.3647059 0.1411765 0.1372549 0.5333334 0.1529412 0.2392157 1 0.1490196 0.1568627 0.9019608 0.2431373 0.3960784 1 0.2392157 0.1607843 1 0.2392157 0.1607843 1 0.2431373 0.3960784 1 0.2078431 0.4117647 0.6901961 0.1490196 0.1568627 0.9019608 0.1098039 0.1137255 0.3647059 0.1529412 0.2392157 1 0.2431373 0.3960784 1 0.1960784 0.8941177 0.9882353 0.2078431 0.4117647 0.6901961 0.1098039 0.1137255 0.3647059 0.1411765 0.1372549 0.5333334 0.1529412 0.2392157 1 0.1490196 0.1568627 0.9019608 0.2431373 0.3960784 1 0.2392157 0.1607843 1 0.2392157 0.1607843 1 0.2431373 0.3960784 1 0.2078431 0.4117647 0.6901961 0.1490196 0.1568627 0.9019608 0.1098039 0.1137255 0.3647059 0.1529412 0.2392157 1 0.2431373 0.3960784 1 0.1960784 0.8941177 0.9882353 0.2078431 0.4117647 0.6901961 0.1098039 0.1137255 0.3647059 0.1411765 0.1372549 0.5333334 0.1529412 0.2392157 1 0.1490196 0.1568627 0.9019608 0.2431373 0.3960784 1 0.2392157 0.1607843 1 0.2392157 0.1607843 1 0.2431373 0.3960784 1 0.2078431 0.4117647 0.6901961 0.1490196 0.1568627 0.9019608 0.1098039 0.1137255 0.3647059 0.1529412 0.2392157 1 1 1 0.8588235 0 0.07450979 0 0 0.1254902 0 1 0.5803922 1 1 1 0.8588235 0 0.1254902 0 0.07058823 0.2980392 0 0.5725491 0.2039216 1 0.2901961 0.1882353 0.2862745 0.5137255 0.3254902 1 0.07058823 0.2980392 0 0.2901961 0.1882353 0.2862745 0.5725491 0.172549 1 0.5137255 0.3254902 1 0.2901961 0.1882353 0.2862745 0.07058823 0.2980392 0 0.5725491 0.2039216 1 0.2901961 0.1882353 0.2862745 0.5137255 0.3254902 1 0.07058823 0.2980392 0 0.2901961 0.1882353 0.2862745 0.5725491 0.172549 1 0.5137255 0.3254902 1 0.2901961 0.1882353 0.2862745 0.003921568 0.2039216 0 0.2156863 0.4313725 0.7647059 0.3843137 0.4470588 0.01568627 0.172549 0.2235294 0.7647059 0.682353 0.3568627 1 0.7176471 0.5254902 1 0 0.07058823 0.2666667 0.3843137 0.4470588 0.01568627 0.172549 0.2235294 0.7647059 0.682353 0.3568627 1 0.7607843 0.5764706 1 0.7176471 0.5254902 1 0.2156863 0.4313725 0.7647059 0.682353 0.3568627 1 0.3843137 0.4470588 0.01568627 1 1 0.8588235 0 0.07450979 0 0 0.1254902 0 1 0.5803922 1 1 1 0.8588235 0 0.1254902 0 1 1 0.8588235 0 0.07450979 0 0 0.1254902 0 1 0.5803922 1 1 1 0.8588235 0 0.1254902 0 0.2431373 0.3960784 1 0.1960784 0.8941177 0.9882353 0.2078431 0.4117647 0.6901961 0.1098039 0.1137255 0.3647059 0.1411765 0.1372549 0.5333334 0.1529412 0.2392157 1 0.1490196 0.1568627 0.9019608 0.2431373 0.3960784 1 0.2392157 0.1607843 1 0.2392157 0.1607843 1 0.2431373 0.3960784 1 0.2078431 0.4117647 0.6901961 0.1490196 0.1568627 0.9019608 0.1098039 0.1137255 0.3647059 0.1529412 0.2392157 1 0.2431373 0.3960784 1 0.1960784 0.8941177 0.9882353 0.2078431 0.4117647 0.6901961 0.1098039 0.1137255 0.3647059 0.1411765 0.1372549 0.5333334 0.1529412 0.2392157 1 0.1490196 0.1568627 0.9019608 0.2431373 0.3960784 1 0.2392157 0.1607843 1 0.2392157 0.1607843 1 0.2431373 0.3960784 1 0.2078431 0.4117647 0.6901961 0.1490196 0.1568627 0.9019608 0.1098039 0.1137255 0.3647059 0.1529412 0.2392157 1 0.4509804 0.1372549 0.7529412 0 0.1882353 0.6078432 0.2627451 0.345098 0.5411765 0.2627451 0.345098 0.5411765 0 0.3137255 0 0 0.1607843 0.6196079 0.9372549 0.9254902 1 0.4509804 0.1372549 0.7529412 0.2627451 0.345098 0.5411765 0 0.1882353 0.6078432 0 0.3137255 0 0.2627451 0.345098 0.5411765 0.9372549 0.9254902 1 0.2627451 0.345098 0.5411765 0 0.1607843 0.6196079 0.5450981 0.345098 1 0.3843137 0.2235294 0.7372549 0.2392157 0.09019607 0.4901961 0.1411765 0.172549 0.6509804 0.07058823 0.2392157 0.8196079 0.2392157 0.09019607 0.4901961 0.3843137 0.2235294 0.7372549 0.2196078 0.0980392 0.4666666 0.2392157 0.09019607 0.4901961 0.2392157 0.09019607 0.4901961 0.07058823 0.2392157 0.8196079 0 0.317647 1 0.2196078 0.0980392 0.4666666 0.1411765 0.172549 0.6509804 0.2392157 0.09019607 0.4901961 0.5450981 0.345098 1 0.3843137 0.2235294 0.7372549 0.2392157 0.09019607 0.4901961 0.1411765 0.172549 0.6509804 0.07058823 0.2392157 0.8196079 0.2392157 0.09019607 0.4901961 0.3843137 0.2235294 0.7372549 0.2196078 0.0980392 0.4666666 0.2392157 0.09019607 0.4901961 0.2392157 0.09019607 0.4901961 0.07058823 0.2392157 0.8196079 0 0.317647 1 0.2196078 0.0980392 0.4666666 0.1411765 0.172549 0.6509804 0.2392157 0.09019607 0.4901961 0.2431373 0.3960784 1 0.1960784 0.8941177 0.9882353 0.2078431 0.4117647 0.6901961 0.1098039 0.1137255 0.3647059 0.1411765 0.1372549 0.5333334 0.1529412 0.2392157 1 0.1490196 0.1568627 0.9019608 0.2431373 0.3960784 1 0.2392157 0.1607843 1 0.2392157 0.1607843 1 0.2431373 0.3960784 1 0.2078431 0.4117647 0.6901961 0.1490196 0.1568627 0.9019608 0.1098039 0.1137255 0.3647059 0.1529412 0.2392157 1 0.2431373 0.3960784 1 0.1960784 0.8941177 0.9882353 0.2078431 0.4117647 0.6901961 0.1098039 0.1137255 0.3647059 0.1411765 0.1372549 0.5333334 0.1529412 0.2392157 1 0.1490196 0.1568627 0.9019608 0.2431373 0.3960784 1 0.2392157 0.1607843 1 0.2392157 0.1607843 1 0.2431373 0.3960784 1 0.2078431 0.4117647 0.6901961 0.1490196 0.1568627 0.9019608 0.1098039 0.1137255 0.3647059 0.1529412 0.2392157 1 0.2431373 0.3960784 1 0.1960784 0.8941177 0.9882353 0.2078431 0.4117647 0.6901961 0.1098039 0.1137255 0.3647059 0.1411765 0.1372549 0.5333334 0.1529412 0.2392157 1 0.1490196 0.1568627 0.9019608 0.2431373 0.3960784 1 0.2392157 0.1607843 1 0.2392157 0.1607843 1 0.2431373 0.3960784 1 0.2078431 0.4117647 0.6901961 0.1490196 0.1568627 0.9019608 0.1098039 0.1137255 0.3647059 0.1529412 0.2392157 1 1 1 0.8588235 0 0.07450979 0 0 0.1254902 0 1 0.5803922 1 1 1 0.8588235 0 0.1254902 0 0.2431373 0.3960784 1 0.1960784 0.8941177 0.9882353 0.2078431 0.4117647 0.6901961 0.1098039 0.1137255 0.3647059 0.1411765 0.1372549 0.5333334 0.1529412 0.2392157 1 0.1490196 0.1568627 0.9019608 0.2431373 0.3960784 1 0.2392157 0.1607843 1 0.2392157 0.1607843 1 0.2431373 0.3960784 1 0.2078431 0.4117647 0.6901961 0.1490196 0.1568627 0.9019608 0.1098039 0.1137255 0.3647059 0.1529412 0.2392157 1 0.2431373 0.3960784 1 0.1960784 0.8941177 0.9882353 0.2078431 0.4117647 0.6901961 0.1098039 0.1137255 0.3647059 0.1411765 0.1372549 0.5333334 0.1529412 0.2392157 1 0.1490196 0.1568627 0.9019608 0.2431373 0.3960784 1 0.2392157 0.1607843 1 0.2392157 0.1607843 1 0.2431373 0.3960784 1 0.2078431 0.4117647 0.6901961 0.1490196 0.1568627 0.9019608 0.1098039 0.1137255 0.3647059 0.1529412 0.2392157 1 0.2431373 0.3960784 1 0.1960784 0.8941177 0.9882353 0.2078431 0.4117647 0.6901961 0.1098039 0.1137255 0.3647059 0.1411765 0.1372549 0.5333334 0.1529412 0.2392157 1 0.1490196 0.1568627 0.9019608 0.2431373 0.3960784 1 0.2392157 0.1607843 1 0.2392157 0.1607843 1 0.2431373 0.3960784 1 0.2078431 0.4117647 0.6901961 0.1490196 0.1568627 0.9019608 0.1098039 0.1137255 0.3647059 0.1529412 0.2392157 1 0.2431373 0.3960784 1 0.1960784 0.8941177 0.9882353 0.2078431 0.4117647 0.6901961 0.1098039 0.1137255 0.3647059 0.1411765 0.1372549 0.5333334 0.1529412 0.2392157 1 0.1490196 0.1568627 0.9019608 0.2431373 0.3960784 1 0.2392157 0.1607843 1 0.2392157 0.1607843 1 0.2431373 0.3960784 1 0.2078431 0.4117647 0.6901961 0.1490196 0.1568627 0.9019608 0.1098039 0.1137255 0.3647059 0.1529412 0.2392157 1 0.2431373 0.3960784 1 0.1960784 0.8941177 0.9882353 0.2078431 0.4117647 0.6901961 0.1098039 0.1137255 0.3647059 0.1411765 0.1372549 0.5333334 0.1529412 0.2392157 1 0.1490196 0.1568627 0.9019608 0.2431373 0.3960784 1 0.2392157 0.1607843 1 0.2392157 0.1607843 1 0.2431373 0.3960784 1 0.2078431 0.4117647 0.6901961 0.1490196 0.1568627 0.9019608 0.1098039 0.1137255 0.3647059 0.1529412 0.2392157 1 0.2431373 0.3960784 1 0.1960784 0.8941177 0.9882353 0.2078431 0.4117647 0.6901961 0.1098039 0.1137255 0.3647059 0.1411765 0.1372549 0.5333334 0.1529412 0.2392157 1 0.1490196 0.1568627 0.9019608 0.2431373 0.3960784 1 0.2392157 0.1607843 1 0.2392157 0.1607843 1 0.2431373 0.3960784 1 0.2078431 0.4117647 0.6901961 0.1490196 0.1568627 0.9019608 0.1098039 0.1137255 0.3647059 0.1529412 0.2392157 1 0.2431373 0.3960784 1 0.1960784 0.8941177 0.9882353 0.2078431 0.4117647 0.6901961 0.1098039 0.1137255 0.3647059 0.1411765 0.1372549 0.5333334 0.1529412 0.2392157 1 0.1490196 0.1568627 0.9019608 0.2431373 0.3960784 1 0.2392157 0.1607843 1 0.2392157 0.1607843 1 0.2431373 0.3960784 1 0.2078431 0.4117647 0.6901961 0.1490196 0.1568627 0.9019608 0.1098039 0.1137255 0.3647059 0.1529412 0.2392157 1 0.2431373 0.3960784 1 0.1960784 0.8941177 0.9882353 0.2078431 0.4117647 0.6901961 0.1098039 0.1137255 0.3647059 0.1411765 0.1372549 0.5333334 0.1529412 0.2392157 1 0.1490196 0.1568627 0.9019608 0.2431373 0.3960784 1 0.2392157 0.1607843 1 0.2392157 0.1607843 1 0.2431373 0.3960784 1 0.2078431 0.4117647 0.6901961 0.1490196 0.1568627 0.9019608 0.1098039 0.1137255 0.3647059 0.1529412 0.2392157 1 0.2431373 0.3960784 1 0.1960784 0.8941177 0.9882353 0.2078431 0.4117647 0.6901961 0.1098039 0.1137255 0.3647059 0.1411765 0.1372549 0.5333334 0.1529412 0.2392157 1 0.1490196 0.1568627 0.9019608 0.2431373 0.3960784 1 0.2392157 0.1607843 1 0.2392157 0.1607843 1 0.2431373 0.3960784 1 0.2078431 0.4117647 0.6901961 0.1490196 0.1568627 0.9019608 0.1098039 0.1137255 0.3647059 0.1529412 0.2392157 1 0.2431373 0.3960784 1 0.1960784 0.8941177 0.9882353 0.2078431 0.4117647 0.6901961 0.1098039 0.1137255 0.3647059 0.1411765 0.1372549 0.5333334 0.1529412 0.2392157 1 0.1490196 0.1568627 0.9019608 0.2431373 0.3960784 1 0.2392157 0.1607843 1 0.2392157 0.1607843 1 0.2431373 0.3960784 1 0.2078431 0.4117647 0.6901961 0.1490196 0.1568627 0.9019608 0.1098039 0.1137255 0.3647059 0.1529412 0.2392157 1 0.2431373 0.3960784 1 0.1960784 0.8941177 0.9882353 0.2078431 0.4117647 0.6901961 0.1098039 0.1137255 0.3647059 0.1411765 0.1372549 0.5333334 0.1529412 0.2392157 1 0.1490196 0.1568627 0.9019608 0.2431373 0.3960784 1 0.2392157 0.1607843 1 0.2392157 0.1607843 1 0.2431373 0.3960784 1 0.2078431 0.4117647 0.6901961 0.1490196 0.1568627 0.9019608 0.1098039 0.1137255 0.3647059 0.1529412 0.2392157 1 0.2431373 0.3960784 1 0.1960784 0.8941177 0.9882353 0.2078431 0.4117647 0.6901961 0.1098039 0.1137255 0.3647059 0.1411765 0.1372549 0.5333334 0.1529412 0.2392157 1 0.1490196 0.1568627 0.9019608 0.2431373 0.3960784 1 0.2392157 0.1607843 1 0.2392157 0.1607843 1 0.2431373 0.3960784 1 0.2078431 0.4117647 0.6901961 0.1490196 0.1568627 0.9019608 0.1098039 0.1137255 0.3647059 0.1529412 0.2392157 1 0.2431373 0.3960784 1 0.1960784 0.8941177 0.9882353 0.2078431 0.4117647 0.6901961 0.1098039 0.1137255 0.3647059 0.1411765 0.1372549 0.5333334 0.1529412 0.2392157 1 0.1490196 0.1568627 0.9019608 0.2431373 0.3960784 1 0.2392157 0.1607843 1 0.2392157 0.1607843 1 0.2431373 0.3960784 1 0.2078431 0.4117647 0.6901961 0.1490196 0.1568627 0.9019608 0.1098039 0.1137255 0.3647059 0.1529412 0.2392157 1 0.2431373 0.3960784 1 0.1960784 0.8941177 0.9882353 0.2078431 0.4117647 0.6901961 0.1098039 0.1137255 0.3647059 0.1411765 0.1372549 0.5333334 0.1529412 0.2392157 1 0.1490196 0.1568627 0.9019608 0.2431373 0.3960784 1 0.2392157 0.1607843 1 0.2392157 0.1607843 1 0.2431373 0.3960784 1 0.2078431 0.4117647 0.6901961 0.1490196 0.1568627 0.9019608 0.1098039 0.1137255 0.3647059 0.1529412 0.2392157 1 0.2431373 0.3960784 1 0.1960784 0.8941177 0.9882353 0.2078431 0.4117647 0.6901961 0.1098039 0.1137255 0.3647059 0.1411765 0.1372549 0.5333334 0.1529412 0.2392157 1 0.1490196 0.1568627 0.9019608 0.2431373 0.3960784 1 0.2392157 0.1607843 1 0.2392157 0.1607843 1 0.2431373 0.3960784 1 0.2078431 0.4117647 0.6901961 0.1490196 0.1568627 0.9019608 0.1098039 0.1137255 0.3647059 0.1529412 0.2392157 1 0.2431373 0.3960784 1 0.1960784 0.8941177 0.9882353 0.2078431 0.4117647 0.6901961 0.1098039 0.1137255 0.3647059 0.1411765 0.1372549 0.5333334 0.1529412 0.2392157 1 0.1490196 0.1568627 0.9019608 0.2431373 0.3960784 1 0.2392157 0.1607843 1 0.2392157 0.1607843 1 0.2431373 0.3960784 1 0.2078431 0.4117647 0.6901961 0.1490196 0.1568627 0.9019608 0.1098039 0.1137255 0.3647059 0.1529412 0.2392157 1 0.2431373 0.3960784 1 0.1960784 0.8941177 0.9882353 0.2078431 0.4117647 0.6901961 0.1098039 0.1137255 0.3647059 0.1411765 0.1372549 0.5333334 0.1529412 0.2392157 1 0.1490196 0.1568627 0.9019608 0.2431373 0.3960784 1 0.2392157 0.1607843 1 0.2392157 0.1607843 1 0.2431373 0.3960784 1 0.2078431 0.4117647 0.6901961 0.1490196 0.1568627 0.9019608 0.1098039 0.1137255 0.3647059 0.1529412 0.2392157 1 0.2431373 0.3960784 1 0.1960784 0.8941177 0.9882353 0.2078431 0.4117647 0.6901961 0.1098039 0.1137255 0.3647059 0.1411765 0.1372549 0.5333334 0.1529412 0.2392157 1 0.1490196 0.1568627 0.9019608 0.2431373 0.3960784 1 0.2392157 0.1607843 1 0.2392157 0.1607843 1 0.2431373 0.3960784 1 0.2078431 0.4117647 0.6901961 0.1490196 0.1568627 0.9019608 0.1098039 0.1137255 0.3647059 0.1529412 0.2392157 1 0.2431373 0.3960784 1 0.1960784 0.8941177 0.9882353 0.2078431 0.4117647 0.6901961 0.1098039 0.1137255 0.3647059 0.1411765 0.1372549 0.5333334 0.1529412 0.2392157 1 0.1490196 0.1568627 0.9019608 0.2431373 0.3960784 1 0.2392157 0.1607843 1 0.2392157 0.1607843 1 0.2431373 0.3960784 1 0.2078431 0.4117647 0.6901961 0.1490196 0.1568627 0.9019608 0.1098039 0.1137255 0.3647059 0.1529412 0.2392157 1 0.2431373 0.3960784 1 0.1960784 0.8941177 0.9882353 0.2078431 0.4117647 0.6901961 0.1098039 0.1137255 0.3647059 0.1411765 0.1372549 0.5333334 0.1529412 0.2392157 1 0.1490196 0.1568627 0.9019608 0.2431373 0.3960784 1 0.2392157 0.1607843 1 0.2392157 0.1607843 1 0.2431373 0.3960784 1 0.2078431 0.4117647 0.6901961 0.1490196 0.1568627 0.9019608 0.1098039 0.1137255 0.3647059 0.1529412 0.2392157 1 0.2431373 0.3960784 1 0.1960784 0.8941177 0.9882353 0.2078431 0.4117647 0.6901961 0.1098039 0.1137255 0.3647059 0.1411765 0.1372549 0.5333334 0.1529412 0.2392157 1 0.1490196 0.1568627 0.9019608 0.2431373 0.3960784 1 0.2392157 0.1607843 1 0.2392157 0.1607843 1 0.2431373 0.3960784 1 0.2078431 0.4117647 0.6901961 0.1490196 0.1568627 0.9019608 0.1098039 0.1137255 0.3647059 0.1529412 0.2392157 1 0.2431373 0.3960784 1 0.1960784 0.8941177 0.9882353 0.2078431 0.4117647 0.6901961 0.1098039 0.1137255 0.3647059 0.1411765 0.1372549 0.5333334 0.1529412 0.2392157 1 0.1490196 0.1568627 0.9019608 0.2431373 0.3960784 1 0.2392157 0.1607843 1 0.2392157 0.1607843 1 0.2431373 0.3960784 1 0.2078431 0.4117647 0.6901961 0.1490196 0.1568627 0.9019608 0.1098039 0.1137255 0.3647059 0.1529412 0.2392157 1 0.5450981 0.345098 1 0.2196078 0.0980392 0.4666666 0.2392157 0.09019607 0.4901961 0.2196078 0.0980392 0.4666666 0 0.317647 1 0.2392157 0.09019607 0.4901961 0.2862745 0.4196078 0.3882353 0.2784314 0.3333333 0.5764706 0.1490196 0.1921569 0.6117647 0.2784314 0.3333333 0.5764706 0.2823529 0.2705882 0.7803922 0.1490196 0.1921569 0.6117647 0.5450981 0.345098 1 0.2196078 0.0980392 0.4666666 0.2392157 0.09019607 0.4901961 0.2196078 0.0980392 0.4666666 0 0.317647 1 0.2392157 0.09019607 0.4901961 0.2862745 0.4196078 0.3882353 0.2784314 0.3333333 0.5764706 0.1490196 0.1921569 0.6117647 0.2784314 0.3333333 0.5764706 0.2823529 0.2705882 0.7803922 0.1490196 0.1921569 0.6117647 0.5450981 0.345098 1 0.2196078 0.0980392 0.4666666 0.2392157 0.09019607 0.4901961 0.2196078 0.0980392 0.4666666 0 0.317647 1 0.2392157 0.09019607 0.4901961 0.2862745 0.4196078 0.3882353 0.2784314 0.3333333 0.5764706 0.1490196 0.1921569 0.6117647 0.2784314 0.3333333 0.5764706 0.2823529 0.2705882 0.7803922 0.1490196 0.1921569 0.6117647 0.5450981 0.345098 1 0.2196078 0.0980392 0.4666666 0.2392157 0.09019607 0.4901961 0.2196078 0.0980392 0.4666666 0 0.317647 1 0.2392157 0.09019607 0.4901961 0.2862745 0.4196078 0.3882353 0.2784314 0.3333333 0.5764706 0.1490196 0.1921569 0.6117647 0.2784314 0.3333333 0.5764706 0.2823529 0.2705882 0.7803922 0.1490196 0.1921569 0.6117647 0.5450981 0.345098 1 0.2196078 0.0980392 0.4666666 0.2392157 0.09019607 0.4901961 0.2196078 0.0980392 0.4666666 0 0.317647 1 0.2392157 0.09019607 0.4901961 0.2862745 0.4196078 0.3882353 0.2784314 0.3333333 0.5764706 0.1490196 0.1921569 0.6117647 0.2784314 0.3333333 0.5764706 0.2823529 0.2705882 0.7803922 0.1490196 0.1921569 0.6117647 0.5450981 0.345098 1 0.2196078 0.0980392 0.4666666 0.2392157 0.09019607 0.4901961 0.2196078 0.0980392 0.4666666 0 0.317647 1 0.2392157 0.09019607 0.4901961 0.2862745 0.4196078 0.3882353 0.2784314 0.3333333 0.5764706 0.1490196 0.1921569 0.6117647 0.2784314 0.3333333 0.5764706 0.2823529 0.2705882 0.7803922 0.1490196 0.1921569 0.6117647 0.5450981 0.345098 1 0.2196078 0.0980392 0.4666666 0.2392157 0.09019607 0.4901961 0.2196078 0.0980392 0.4666666 0 0.317647 1 0.2392157 0.09019607 0.4901961 0.2862745 0.4196078 0.3882353 0.2784314 0.3333333 0.5764706 0.1490196 0.1921569 0.6117647 0.2784314 0.3333333 0.5764706 0.2823529 0.2705882 0.7803922 0.1490196 0.1921569 0.6117647 0.5450981 0.345098 1 0.2196078 0.0980392 0.4666666 0.2392157 0.09019607 0.4901961 0.2196078 0.0980392 0.4666666 0 0.317647 1 0.2392157 0.09019607 0.4901961 0.2862745 0.4196078 0.3882353 0.2784314 0.3333333 0.5764706 0.1490196 0.1921569 0.6117647 0.2784314 0.3333333 0.5764706 0.2823529 0.2705882 0.7803922 0.1490196 0.1921569 0.6117647 1 1 0.8588235 0 0.07450979 0 0 0.1254902 0 1 0.5803922 1 1 1 0.8588235 0 0.1254902 0 1 1 0.8588235 0 0.07450979 0 0 0.1254902 0 1 0.5803922 1 1 1 0.8588235 0 0.1254902 0 1 1 0.8588235 0 0.07450979 0 0 0.1254902 0 1 0.5803922 1 1 1 0.8588235 0 0.1254902 0 1 1 0.8588235 0 0.07450979 0 0 0.1254902 0 1 0.5803922 1 1 1 0.8588235 0 0.1254902 0 1 1 0.8588235 0 0.07450979 0 0 0.1254902 0 1 0.5803922 1 1 1 0.8588235 0 0.1254902 0 1 1 0.8588235 0 0.07450979 0 0 0.1254902 0 1 0.5803922 1 1 1 0.8588235 0 0.1254902 0 0.2784314 0.3333333 0.5764706 0.2823529 0.2705882 0.7803922 0.3843137 0.3058823 0.9803922 0.1490196 0.1921569 0.6117647 0.2862745 0.4196078 0.3882353 0.3843137 0.3058823 0.9803922 0.2823529 0.2705882 0.7803922 0.1490196 0.1921569 0.6117647 0.3843137 0.3058823 0.9803922 0.2862745 0.4196078 0.3882353 0.2784314 0.3333333 0.5764706 0.3843137 0.3058823 0.9803922 0.2784314 0.3333333 0.5764706 0.2823529 0.2705882 0.7803922 0.3843137 0.3058823 0.9803922 0.1490196 0.1921569 0.6117647 0.2862745 0.4196078 0.3882353 0.3843137 0.3058823 0.9803922 0.2823529 0.2705882 0.7803922 0.1490196 0.1921569 0.6117647 0.3843137 0.3058823 0.9803922 0.2862745 0.4196078 0.3882353 0.2784314 0.3333333 0.5764706 0.3843137 0.3058823 0.9803922 0.2784314 0.3333333 0.5764706 0.2823529 0.2705882 0.7803922 0.3843137 0.3058823 0.9803922 0.1490196 0.1921569 0.6117647 0.2862745 0.4196078 0.3882353 0.3843137 0.3058823 0.9803922 0.2823529 0.2705882 0.7803922 0.1490196 0.1921569 0.6117647 0.3843137 0.3058823 0.9803922 0.2862745 0.4196078 0.3882353 0.2784314 0.3333333 0.5764706 0.3843137 0.3058823 0.9803922 0.2784314 0.3333333 0.5764706 0.2823529 0.2705882 0.7803922 0.3843137 0.3058823 0.9803922 0.1490196 0.1921569 0.6117647 0.2862745 0.4196078 0.3882353 0.3843137 0.3058823 0.9803922 0.2823529 0.2705882 0.7803922 0.1490196 0.1921569 0.6117647 0.3843137 0.3058823 0.9803922 0.2862745 0.4196078 0.3882353 0.2784314 0.3333333 0.5764706 0.3843137 0.3058823 0.9803922 0.2784314 0.3333333 0.5764706 0.2823529 0.2705882 0.7803922 0.3843137 0.3058823 0.9803922 0.1490196 0.1921569 0.6117647 0.2862745 0.4196078 0.3882353 0.3843137 0.3058823 0.9803922 0.2823529 0.2705882 0.7803922 0.1490196 0.1921569 0.6117647 0.3843137 0.3058823 0.9803922 0.2862745 0.4196078 0.3882353 0.2784314 0.3333333 0.5764706 0.3843137 0.3058823 0.9803922 0.2784314 0.3333333 0.5764706 0.2823529 0.2705882 0.7803922 0.3843137 0.3058823 0.9803922 0.1490196 0.1921569 0.6117647 0.2862745 0.4196078 0.3882353 0.3843137 0.3058823 0.9803922 0.2823529 0.2705882 0.7803922 0.1490196 0.1921569 0.6117647 0.3843137 0.3058823 0.9803922 0.2862745 0.4196078 0.3882353 0.2784314 0.3333333 0.5764706 0.3843137 0.3058823 0.9803922 0.2784314 0.3333333 0.5764706 0.2823529 0.2705882 0.7803922 0.3843137 0.3058823 0.9803922 0.1490196 0.1921569 0.6117647 0.2862745 0.4196078 0.3882353 0.3843137 0.3058823 0.9803922 0.2823529 0.2705882 0.7803922 0.1490196 0.1921569 0.6117647 0.3843137 0.3058823 0.9803922 0.2862745 0.4196078 0.3882353 0.2784314 0.3333333 0.5764706 0.3843137 0.3058823 0.9803922 0.2784314 0.3333333 0.5764706 0.2823529 0.2705882 0.7803922 0.3843137 0.3058823 0.9803922 0.1490196 0.1921569 0.6117647 0.2862745 0.4196078 0.3882353 0.3843137 0.3058823 0.9803922 0.2823529 0.2705882 0.7803922 0.1490196 0.1921569 0.6117647 0.3843137 0.3058823 0.9803922 0.2862745 0.4196078 0.3882353 0.2784314 0.3333333 0.5764706 0.3843137 0.3058823 0.9803922 0.2784314 0.3333333 0.5764706 0.2823529 0.2705882 0.7803922 0.3843137 0.3058823 0.9803922 0.1490196 0.1921569 0.6117647 0.2862745 0.4196078 0.3882353 0.3843137 0.3058823 0.9803922 0.2823529 0.2705882 0.7803922 0.1490196 0.1921569 0.6117647 0.3843137 0.3058823 0.9803922 0.2862745 0.4196078 0.3882353 0.2784314 0.3333333 0.5764706 0.3843137 0.3058823 0.9803922 0.2784314 0.3333333 0.5764706 0.2823529 0.2705882 0.7803922 0.3843137 0.3058823 0.9803922 0.1490196 0.1921569 0.6117647 0.2862745 0.4196078 0.3882353 0.3843137 0.3058823 0.9803922 0.2823529 0.2705882 0.7803922 0.1490196 0.1921569 0.6117647 0.3843137 0.3058823 0.9803922 0.2862745 0.4196078 0.3882353 0.2784314 0.3333333 0.5764706 0.3843137 0.3058823 0.9803922 0.2784314 0.3333333 0.5764706 0.2823529 0.2705882 0.7803922 0.3843137 0.3058823 0.9803922 0.1490196 0.1921569 0.6117647 0.2862745 0.4196078 0.3882353 0.3843137 0.3058823 0.9803922 0.2823529 0.2705882 0.7803922 0.1490196 0.1921569 0.6117647 0.3843137 0.3058823 0.9803922 0.2862745 0.4196078 0.3882353 0.2784314 0.3333333 0.5764706 0.3843137 0.3058823 0.9803922 0.2784314 0.3333333 0.5764706 0.2823529 0.2705882 0.7803922 0.3843137 0.3058823 0.9803922 0.1490196 0.1921569 0.6117647 0.2862745 0.4196078 0.3882353 0.3843137 0.3058823 0.9803922 0.2823529 0.2705882 0.7803922 0.1490196 0.1921569 0.6117647 0.3843137 0.3058823 0.9803922 0.2862745 0.4196078 0.3882353 0.2784314 0.3333333 0.5764706 0.3843137 0.3058823 0.9803922 0.2784314 0.3333333 0.5764706 0.2823529 0.2705882 0.7803922 0.3843137 0.3058823 0.9803922 0.1490196 0.1921569 0.6117647 0.2862745 0.4196078 0.3882353 0.3843137 0.3058823 0.9803922 0.2823529 0.2705882 0.7803922 0.1490196 0.1921569 0.6117647 0.3843137 0.3058823 0.9803922 0.2862745 0.4196078 0.3882353 0.2784314 0.3333333 0.5764706 0.3843137 0.3058823 0.9803922 0.2784314 0.3333333 0.5764706 0.2823529 0.2705882 0.7803922 0.3843137 0.3058823 0.9803922 0.1490196 0.1921569 0.6117647 0.2862745 0.4196078 0.3882353 0.3843137 0.3058823 0.9803922 0.2823529 0.2705882 0.7803922 0.1490196 0.1921569 0.6117647 0.3843137 0.3058823 0.9803922 0.2862745 0.4196078 0.3882353 0.2784314 0.3333333 0.5764706 0.3843137 0.3058823 0.9803922 0.2784314 0.3333333 0.5764706 0.2823529 0.2705882 0.7803922 0.3843137 0.3058823 0.9803922 0.1490196 0.1921569 0.6117647 0.2862745 0.4196078 0.3882353 0.3843137 0.3058823 0.9803922 0.2823529 0.2705882 0.7803922 0.1490196 0.1921569 0.6117647 0.3843137 0.3058823 0.9803922 0.2862745 0.4196078 0.3882353 0.2784314 0.3333333 0.5764706 0.3843137 0.3058823 0.9803922 0.2784314 0.3333333 0.5764706 0.2823529 0.2705882 0.7803922 0.3843137 0.3058823 0.9803922 0.1490196 0.1921569 0.6117647 0.2862745 0.4196078 0.3882353 0.3843137 0.3058823 0.9803922 0.2823529 0.2705882 0.7803922 0.1490196 0.1921569 0.6117647 0.3843137 0.3058823 0.9803922 0.2862745 0.4196078 0.3882353 0.2784314 0.3333333 0.5764706 0.3843137 0.3058823 0.9803922 0.2784314 0.3333333 0.5764706 0.2823529 0.2705882 0.7803922 0.3843137 0.3058823 0.9803922 0.1490196 0.1921569 0.6117647 0.2862745 0.4196078 0.3882353 0.3843137 0.3058823 0.9803922 0.2823529 0.2705882 0.7803922 0.1490196 0.1921569 0.6117647 0.3843137 0.3058823 0.9803922 0.2862745 0.4196078 0.3882353 0.2784314 0.3333333 0.5764706 0.3843137 0.3058823 0.9803922 0.2784314 0.3333333 0.5764706 0.2823529 0.2705882 0.7803922 0.3843137 0.3058823 0.9803922 0.1490196 0.1921569 0.6117647 0.2862745 0.4196078 0.3882353 0.3843137 0.3058823 0.9803922 0.2823529 0.2705882 0.7803922 0.1490196 0.1921569 0.6117647 0.3843137 0.3058823 0.9803922 0.2862745 0.4196078 0.3882353 0.2784314 0.3333333 0.5764706 0.3843137 0.3058823 0.9803922 0.2784314 0.3333333 0.5764706 0.2823529 0.2705882 0.7803922 0.3843137 0.3058823 0.9803922 0.1490196 0.1921569 0.6117647 0.2862745 0.4196078 0.3882353 0.3843137 0.3058823 0.9803922 0.2823529 0.2705882 0.7803922 0.1490196 0.1921569 0.6117647 0.3843137 0.3058823 0.9803922 0.2862745 0.4196078 0.3882353 0.2784314 0.3333333 0.5764706 0.3843137 0.3058823 0.9803922 0.2784314 0.3333333 0.5764706 0.2823529 0.2705882 0.7803922 0.3843137 0.3058823 0.9803922 0.1490196 0.1921569 0.6117647 0.2862745 0.4196078 0.3882353 0.3843137 0.3058823 0.9803922 0.2823529 0.2705882 0.7803922 0.1490196 0.1921569 0.6117647 0.3843137 0.3058823 0.9803922 0.2862745 0.4196078 0.3882353 0.2784314 0.3333333 0.5764706 0.3843137 0.3058823 0.9803922 0.2784314 0.3333333 0.5764706 0.2823529 0.2705882 0.7803922 0.3843137 0.3058823 0.9803922 0.1490196 0.1921569 0.6117647 0.2862745 0.4196078 0.3882353 0.3843137 0.3058823 0.9803922 0.2823529 0.2705882 0.7803922 0.1490196 0.1921569 0.6117647 0.3843137 0.3058823 0.9803922 0.2862745 0.4196078 0.3882353 0.2784314 0.3333333 0.5764706 0.3843137 0.3058823 0.9803922 0.2784314 0.3333333 0.5764706 0.2823529 0.2705882 0.7803922 0.3843137 0.3058823 0.9803922 0.1490196 0.1921569 0.6117647 0.2862745 0.4196078 0.3882353 0.3843137 0.3058823 0.9803922 0.2823529 0.2705882 0.7803922 0.1490196 0.1921569 0.6117647 0.3843137 0.3058823 0.9803922 0.2862745 0.4196078 0.3882353 0.2784314 0.3333333 0.5764706 0.3843137 0.3058823 0.9803922 0.2784314 0.3333333 0.5764706 0.2823529 0.2705882 0.7803922 0.3843137 0.3058823 0.9803922 0.1490196 0.1921569 0.6117647 0.2862745 0.4196078 0.3882353 0.3843137 0.3058823 0.9803922 0.2823529 0.2705882 0.7803922 0.1490196 0.1921569 0.6117647 0.3843137 0.3058823 0.9803922 0.2862745 0.4196078 0.3882353 0.2784314 0.3333333 0.5764706 0.3843137 0.3058823 0.9803922 0.2784314 0.3333333 0.5764706 0.2823529 0.2705882 0.7803922 0.3843137 0.3058823 0.9803922 0.1490196 0.1921569 0.6117647 0.2862745 0.4196078 0.3882353 0.3843137 0.3058823 0.9803922 0.2823529 0.2705882 0.7803922 0.1490196 0.1921569 0.6117647 0.3843137 0.3058823 0.9803922 0.2862745 0.4196078 0.3882353 0.2784314 0.3333333 0.5764706 0.3843137 0.3058823 0.9803922 0.2784314 0.3333333 0.5764706 0.2823529 0.2705882 0.7803922 0.3843137 0.3058823 0.9803922 0.1490196 0.1921569 0.6117647 0.2862745 0.4196078 0.3882353 0.3843137 0.3058823 0.9803922 0.2823529 0.2705882 0.7803922 0.1490196 0.1921569 0.6117647 0.3843137 0.3058823 0.9803922 0.2862745 0.4196078 0.3882353 0.2784314 0.3333333 0.5764706 0.3843137 0.3058823 0.9803922 0.2784314 0.3333333 0.5764706 0.2823529 0.2705882 0.7803922 0.3843137 0.3058823 0.9803922 0.1490196 0.1921569 0.6117647 0.2862745 0.4196078 0.3882353 0.3843137 0.3058823 0.9803922 0.2823529 0.2705882 0.7803922 0.1490196 0.1921569 0.6117647 0.3843137 0.3058823 0.9803922 0.2862745 0.4196078 0.3882353 0.2784314 0.3333333 0.5764706 0.3843137 0.3058823 0.9803922 0.2784314 0.3333333 0.5764706 0.2823529 0.2705882 0.7803922 0.3843137 0.3058823 0.9803922 0.1490196 0.1921569 0.6117647 0.2862745 0.4196078 0.3882353 0.3843137 0.3058823 0.9803922 0.2823529 0.2705882 0.7803922 0.1490196 0.1921569 0.6117647 0.3843137 0.3058823 0.9803922 0.2862745 0.4196078 0.3882353 0.2784314 0.3333333 0.5764706 0.3843137 0.3058823 0.9803922 0.2784314 0.3333333 0.5764706 0.2823529 0.2705882 0.7803922 0.3843137 0.3058823 0.9803922 0.1490196 0.1921569 0.6117647 0.2862745 0.4196078 0.3882353 0.3843137 0.3058823 0.9803922 0.2823529 0.2705882 0.7803922 0.1490196 0.1921569 0.6117647 0.3843137 0.3058823 0.9803922 0.2862745 0.4196078 0.3882353 0.2784314 0.3333333 0.5764706 0.3843137 0.3058823 0.9803922 0.2784314 0.3333333 0.5764706 0.2823529 0.2705882 0.7803922 0.3843137 0.3058823 0.9803922 0.1490196 0.1921569 0.6117647 0.2862745 0.4196078 0.3882353 0.3843137 0.3058823 0.9803922 0.2823529 0.2705882 0.7803922 0.1490196 0.1921569 0.6117647 0.3843137 0.3058823 0.9803922 0.2862745 0.4196078 0.3882353 0.2784314 0.3333333 0.5764706 0.3843137 0.3058823 0.9803922 0.2784314 0.3333333 0.5764706 0.2823529 0.2705882 0.7803922 0.3843137 0.3058823 0.9803922 0.1490196 0.1921569 0.6117647 0.2862745 0.4196078 0.3882353 0.3843137 0.3058823 0.9803922 0.2823529 0.2705882 0.7803922 0.1490196 0.1921569 0.6117647 0.3843137 0.3058823 0.9803922 0.2862745 0.4196078 0.3882353 0.2784314 0.3333333 0.5764706 0.3843137 0.3058823 0.9803922 0.2784314 0.3333333 0.5764706 0.2823529 0.2705882 0.7803922 0.3843137 0.3058823 0.9803922 0.1490196 0.1921569 0.6117647 0.2862745 0.4196078 0.3882353 0.3843137 0.3058823 0.9803922 0.2823529 0.2705882 0.7803922 0.1490196 0.1921569 0.6117647 0.3843137 0.3058823 0.9803922 0.2862745 0.4196078 0.3882353 0.2784314 0.3333333 0.5764706 0.3843137 0.3058823 0.9803922 0.2784314 0.3333333 0.5764706 0.2823529 0.2705882 0.7803922 0.3843137 0.3058823 0.9803922 0.1490196 0.1921569 0.6117647 0.2862745 0.4196078 0.3882353 0.3843137 0.3058823 0.9803922 0.2823529 0.2705882 0.7803922 0.1490196 0.1921569 0.6117647 0.3843137 0.3058823 0.9803922 0.2862745 0.4196078 0.3882353 0.2784314 0.3333333 0.5764706 0.3843137 0.3058823 0.9803922 0.2784314 0.3333333 0.5764706 0.2823529 0.2705882 0.7803922 0.3843137 0.3058823 0.9803922 0.1490196 0.1921569 0.6117647 0.2862745 0.4196078 0.3882353 0.3843137 0.3058823 0.9803922 0.2823529 0.2705882 0.7803922 0.1490196 0.1921569 0.6117647 0.3843137 0.3058823 0.9803922 0.2862745 0.4196078 0.3882353 0.2784314 0.3333333 0.5764706 0.3843137 0.3058823 0.9803922 0.2784314 0.3333333 0.5764706 0.2823529 0.2705882 0.7803922 0.3843137 0.3058823 0.9803922 0.1490196 0.1921569 0.6117647 0.2862745 0.4196078 0.3882353 0.3843137 0.3058823 0.9803922 0.2823529 0.2705882 0.7803922 0.1490196 0.1921569 0.6117647 0.3843137 0.3058823 0.9803922 0.2862745 0.4196078 0.3882353 0.2784314 0.3333333 0.5764706 0.3843137 0.3058823 0.9803922 0.2784314 0.3333333 0.5764706 0.2823529 0.2705882 0.7803922 0.3843137 0.3058823 0.9803922 0.1490196 0.1921569 0.6117647 0.2862745 0.4196078 0.3882353 0.3843137 0.3058823 0.9803922 0.2823529 0.2705882 0.7803922 0.1490196 0.1921569 0.6117647 0.3843137 0.3058823 0.9803922 0.2862745 0.4196078 0.3882353 0.2784314 0.3333333 0.5764706 0.3843137 0.3058823 0.9803922 0.2784314 0.3333333 0.5764706 0.2823529 0.2705882 0.7803922 0.3843137 0.3058823 0.9803922 0.1490196 0.1921569 0.6117647 0.2862745 0.4196078 0.3882353 0.3843137 0.3058823 0.9803922 0.2823529 0.2705882 0.7803922 0.1490196 0.1921569 0.6117647 0.3843137 0.3058823 0.9803922 0.2862745 0.4196078 0.3882353 0.2784314 0.3333333 0.5764706 0.3843137 0.3058823 0.9803922 0.2784314 0.3333333 0.5764706 0.2823529 0.2705882 0.7803922 0.3843137 0.3058823 0.9803922 0.1490196 0.1921569 0.6117647 0.2862745 0.4196078 0.3882353 0.3843137 0.3058823 0.9803922 0.2823529 0.2705882 0.7803922 0.1490196 0.1921569 0.6117647 0.3843137 0.3058823 0.9803922 0.2862745 0.4196078 0.3882353 0.2784314 0.3333333 0.5764706 0.3843137 0.3058823 0.9803922 0.2784314 0.3333333 0.5764706 0.2823529 0.2705882 0.7803922 0.3843137 0.3058823 0.9803922 0.1490196 0.1921569 0.6117647 0.2862745 0.4196078 0.3882353 0.3843137 0.3058823 0.9803922 0.2823529 0.2705882 0.7803922 0.1490196 0.1921569 0.6117647 0.3843137 0.3058823 0.9803922 0.2862745 0.4196078 0.3882353 0.2784314 0.3333333 0.5764706 0.3843137 0.3058823 0.9803922 0.2784314 0.3333333 0.5764706 0.2823529 0.2705882 0.7803922 0.3843137 0.3058823 0.9803922 0.1490196 0.1921569 0.6117647 0.2862745 0.4196078 0.3882353 0.3843137 0.3058823 0.9803922 0.2823529 0.2705882 0.7803922 0.1490196 0.1921569 0.6117647 0.3843137 0.3058823 0.9803922 0.2862745 0.4196078 0.3882353 0.2784314 0.3333333 0.5764706 0.3843137 0.3058823 0.9803922 0.2784314 0.3333333 0.5764706 0.2823529 0.2705882 0.7803922 0.3843137 0.3058823 0.9803922 0.1490196 0.1921569 0.6117647 0.2862745 0.4196078 0.3882353 0.3843137 0.3058823 0.9803922 0.2823529 0.2705882 0.7803922 0.1490196 0.1921569 0.6117647 0.3843137 0.3058823 0.9803922 0.2862745 0.4196078 0.3882353 0.2784314 0.3333333 0.5764706 0.3843137 0.3058823 0.9803922 0.2784314 0.3333333 0.5764706 0.2823529 0.2705882 0.7803922 0.3843137 0.3058823 0.9803922 0.1490196 0.1921569 0.6117647 0.2862745 0.4196078 0.3882353 0.3843137 0.3058823 0.9803922 0.2823529 0.2705882 0.7803922 0.1490196 0.1921569 0.6117647 0.3843137 0.3058823 0.9803922 0.2862745 0.4196078 0.3882353 0.2784314 0.3333333 0.5764706 0.3843137 0.3058823 0.9803922 0.2784314 0.3333333 0.5764706 0.2823529 0.2705882 0.7803922 0.3843137 0.3058823 0.9803922 0.1490196 0.1921569 0.6117647 0.2862745 0.4196078 0.3882353 0.3843137 0.3058823 0.9803922 0.2823529 0.2705882 0.7803922 0.1490196 0.1921569 0.6117647 0.3843137 0.3058823 0.9803922 0.2862745 0.4196078 0.3882353 0.2784314 0.3333333 0.5764706 0.3843137 0.3058823 0.9803922 0.2784314 0.3333333 0.5764706 0.2823529 0.2705882 0.7803922 0.3843137 0.3058823 0.9803922 0.1490196 0.1921569 0.6117647 0.2862745 0.4196078 0.3882353 0.3843137 0.3058823 0.9803922 0.2823529 0.2705882 0.7803922 0.1490196 0.1921569 0.6117647 0.3843137 0.3058823 0.9803922 0.2862745 0.4196078 0.3882353 0.2784314 0.3333333 0.5764706 0.3843137 0.3058823 0.9803922 0.2784314 0.3333333 0.5764706 0.2823529 0.2705882 0.7803922 0.3843137 0.3058823 0.9803922 0.1490196 0.1921569 0.6117647 0.2862745 0.4196078 0.3882353 0.3843137 0.3058823 0.9803922 0.2823529 0.2705882 0.7803922 0.1490196 0.1921569 0.6117647 0.3843137 0.3058823 0.9803922 0.2862745 0.4196078 0.3882353 0.2784314 0.3333333 0.5764706 0.3843137 0.3058823 0.9803922 0.2784314 0.3333333 0.5764706 0.2823529 0.2705882 0.7803922 0.3843137 0.3058823 0.9803922 0.1490196 0.1921569 0.6117647 0.2862745 0.4196078 0.3882353 0.3843137 0.3058823 0.9803922 0.2823529 0.2705882 0.7803922 0.1490196 0.1921569 0.6117647 0.3843137 0.3058823 0.9803922 0.2862745 0.4196078 0.3882353 0.2784314 0.3333333 0.5764706 0.3843137 0.3058823 0.9803922 0.2784314 0.3333333 0.5764706 0.2823529 0.2705882 0.7803922 0.3843137 0.3058823 0.9803922 0.1490196 0.1921569 0.6117647 0.2862745 0.4196078 0.3882353 0.3843137 0.3058823 0.9803922 0.2823529 0.2705882 0.7803922 0.1490196 0.1921569 0.6117647 0.3843137 0.3058823 0.9803922 0.2862745 0.4196078 0.3882353 0.2784314 0.3333333 0.5764706 0.3843137 0.3058823 0.9803922 0.2784314 0.3333333 0.5764706 0.2823529 0.2705882 0.7803922 0.3843137 0.3058823 0.9803922 0.1490196 0.1921569 0.6117647 0.2862745 0.4196078 0.3882353 0.3843137 0.3058823 0.9803922 0.2823529 0.2705882 0.7803922 0.1490196 0.1921569 0.6117647 0.3843137 0.3058823 0.9803922 0.2862745 0.4196078 0.3882353 0.2784314 0.3333333 0.5764706 0.3843137 0.3058823 0.9803922 0.2784314 0.3333333 0.5764706 0.2823529 0.2705882 0.7803922 0.3843137 0.3058823 0.9803922 0.1490196 0.1921569 0.6117647 0.2862745 0.4196078 0.3882353 0.3843137 0.3058823 0.9803922 0.2823529 0.2705882 0.7803922 0.1490196 0.1921569 0.6117647 0.3843137 0.3058823 0.9803922 0.2862745 0.4196078 0.3882353 0.2784314 0.3333333 0.5764706 0.3843137 0.3058823 0.9803922 0.2784314 0.3333333 0.5764706 0.2823529 0.2705882 0.7803922 0.3843137 0.3058823 0.9803922 0.1490196 0.1921569 0.6117647 0.2862745 0.4196078 0.3882353 0.3843137 0.3058823 0.9803922 0.2823529 0.2705882 0.7803922 0.1490196 0.1921569 0.6117647 0.3843137 0.3058823 0.9803922 0.2862745 0.4196078 0.3882353 0.2784314 0.3333333 0.5764706 0.3843137 0.3058823 0.9803922 0.2784314 0.3333333 0.5764706 0.2823529 0.2705882 0.7803922 0.3843137 0.3058823 0.9803922 0.1490196 0.1921569 0.6117647 0.2862745 0.4196078 0.3882353 0.3843137 0.3058823 0.9803922 0.2823529 0.2705882 0.7803922 0.1490196 0.1921569 0.6117647 0.3843137 0.3058823 0.9803922 0.2862745 0.4196078 0.3882353 0.2784314 0.3333333 0.5764706 0.3843137 0.3058823 0.9803922 0.2784314 0.3333333 0.5764706 0.2823529 0.2705882 0.7803922 0.3843137 0.3058823 0.9803922 0.1490196 0.1921569 0.6117647 0.2862745 0.4196078 0.3882353 0.3843137 0.3058823 0.9803922 0.2823529 0.2705882 0.7803922 0.1490196 0.1921569 0.6117647 0.3843137 0.3058823 0.9803922 0.2862745 0.4196078 0.3882353 0.2784314 0.3333333 0.5764706 0.3843137 0.3058823 0.9803922 0.2784314 0.3333333 0.5764706 0.2823529 0.2705882 0.7803922 0.3843137 0.3058823 0.9803922 0.1490196 0.1921569 0.6117647 0.2862745 0.4196078 0.3882353 0.3843137 0.3058823 0.9803922 0.2823529 0.2705882 0.7803922 0.1490196 0.1921569 0.6117647 0.3843137 0.3058823 0.9803922 0.2862745 0.4196078 0.3882353 0.2784314 0.3333333 0.5764706 0.3843137 0.3058823 0.9803922 0.2784314 0.3333333 0.5764706 0.2823529 0.2705882 0.7803922 0.3843137 0.3058823 0.9803922 0.1490196 0.1921569 0.6117647 0.2862745 0.4196078 0.3882353 0.3843137 0.3058823 0.9803922 0.2823529 0.2705882 0.7803922 0.1490196 0.1921569 0.6117647 0.3843137 0.3058823 0.9803922 0.2862745 0.4196078 0.3882353 0.2784314 0.3333333 0.5764706 0.3843137 0.3058823 0.9803922 0.2784314 0.3333333 0.5764706 0.2823529 0.2705882 0.7803922 0.3843137 0.3058823 0.9803922 0.1490196 0.1921569 0.6117647 0.2862745 0.4196078 0.3882353 0.3843137 0.3058823 0.9803922 0.2823529 0.2705882 0.7803922 0.1490196 0.1921569 0.6117647 0.3843137 0.3058823 0.9803922 0.2862745 0.4196078 0.3882353 0.2784314 0.3333333 0.5764706 0.3843137 0.3058823 0.9803922 0.2784314 0.3333333 0.5764706 0.2823529 0.2705882 0.7803922 0.3843137 0.3058823 0.9803922 0.1490196 0.1921569 0.6117647 0.2862745 0.4196078 0.3882353 0.3843137 0.3058823 0.9803922 0.2823529 0.2705882 0.7803922 0.1490196 0.1921569 0.6117647 0.3843137 0.3058823 0.9803922 0.2862745 0.4196078 0.3882353 0.2784314 0.3333333 0.5764706 0.3843137 0.3058823 0.9803922 0.2784314 0.3333333 0.5764706 0.2823529 0.2705882 0.7803922 0.3843137 0.3058823 0.9803922 0.1490196 0.1921569 0.6117647 0.2862745 0.4196078 0.3882353 0.3843137 0.3058823 0.9803922 0.2823529 0.2705882 0.7803922 0.1490196 0.1921569 0.6117647 0.3843137 0.3058823 0.9803922 0.2862745 0.4196078 0.3882353 0.2784314 0.3333333 0.5764706 0.3843137 0.3058823 0.9803922 0.2784314 0.3333333 0.5764706 0.2823529 0.2705882 0.7803922 0.3843137 0.3058823 0.9803922 0.1490196 0.1921569 0.6117647 0.2862745 0.4196078 0.3882353 0.3843137 0.3058823 0.9803922 0.2823529 0.2705882 0.7803922 0.1490196 0.1921569 0.6117647 0.3843137 0.3058823 0.9803922 0.2862745 0.4196078 0.3882353 0.2784314 0.3333333 0.5764706 0.3843137 0.3058823 0.9803922 0.2784314 0.3333333 0.5764706 0.2823529 0.2705882 0.7803922 0.3843137 0.3058823 0.9803922 0.1490196 0.1921569 0.6117647 0.2862745 0.4196078 0.3882353 0.3843137 0.3058823 0.9803922 0.2823529 0.2705882 0.7803922 0.1490196 0.1921569 0.6117647 0.3843137 0.3058823 0.9803922 0.2862745 0.4196078 0.3882353 0.2784314 0.3333333 0.5764706 0.3843137 0.3058823 0.9803922 0.2784314 0.3333333 0.5764706 0.2823529 0.2705882 0.7803922 0.3843137 0.3058823 0.9803922 0.1490196 0.1921569 0.6117647 0.2862745 0.4196078 0.3882353 0.3843137 0.3058823 0.9803922 0.2823529 0.2705882 0.7803922 0.1490196 0.1921569 0.6117647 0.3843137 0.3058823 0.9803922 0.2862745 0.4196078 0.3882353 0.2784314 0.3333333 0.5764706 0.3843137 0.3058823 0.9803922 0.2784314 0.3333333 0.5764706 0.2823529 0.2705882 0.7803922 0.3843137 0.3058823 0.9803922 0.1490196 0.1921569 0.6117647 0.2862745 0.4196078 0.3882353 0.3843137 0.3058823 0.9803922 0.2823529 0.2705882 0.7803922 0.1490196 0.1921569 0.6117647 0.3843137 0.3058823 0.9803922 0.2862745 0.4196078 0.3882353 0.2784314 0.3333333 0.5764706 0.3843137 0.3058823 0.9803922 0.2784314 0.3333333 0.5764706 0.2823529 0.2705882 0.7803922 0.3843137 0.3058823 0.9803922 0.1490196 0.1921569 0.6117647 0.2862745 0.4196078 0.3882353 0.3843137 0.3058823 0.9803922 0.2823529 0.2705882 0.7803922 0.1490196 0.1921569 0.6117647 0.3843137 0.3058823 0.9803922 0.2862745 0.4196078 0.3882353 0.2784314 0.3333333 0.5764706 0.3843137 0.3058823 0.9803922 0.2784314 0.3333333 0.5764706 0.2823529 0.2705882 0.7803922 0.3843137 0.3058823 0.9803922 0.1490196 0.1921569 0.6117647 0.2862745 0.4196078 0.3882353 0.3843137 0.3058823 0.9803922 0.2823529 0.2705882 0.7803922 0.1490196 0.1921569 0.6117647 0.3843137 0.3058823 0.9803922 0.2862745 0.4196078 0.3882353 0.2784314 0.3333333 0.5764706 0.3843137 0.3058823 0.9803922 0.2784314 0.3333333 0.5764706 0.2823529 0.2705882 0.7803922 0.3843137 0.3058823 0.9803922 0.1490196 0.1921569 0.6117647 0.2862745 0.4196078 0.3882353 0.3843137 0.3058823 0.9803922 0.2823529 0.2705882 0.7803922 0.1490196 0.1921569 0.6117647 0.3843137 0.3058823 0.9803922 0.2862745 0.4196078 0.3882353 0.2784314 0.3333333 0.5764706 0.3843137 0.3058823 0.9803922 0.2784314 0.3333333 0.5764706 0.2823529 0.2705882 0.7803922 0.3843137 0.3058823 0.9803922 0.1490196 0.1921569 0.6117647 0.2862745 0.4196078 0.3882353 0.3843137 0.3058823 0.9803922 0.2823529 0.2705882 0.7803922 0.1490196 0.1921569 0.6117647 0.3843137 0.3058823 0.9803922 0.2862745 0.4196078 0.3882353 0.2784314 0.3333333 0.5764706 0.3843137 0.3058823 0.9803922 0.2784314 0.3333333 0.5764706 0.2823529 0.2705882 0.7803922 0.3843137 0.3058823 0.9803922 0.1490196 0.1921569 0.6117647 0.2862745 0.4196078 0.3882353 0.3843137 0.3058823 0.9803922 0.2823529 0.2705882 0.7803922 0.1490196 0.1921569 0.6117647 0.3843137 0.3058823 0.9803922 0.2862745 0.4196078 0.3882353 0.2784314 0.3333333 0.5764706 0.3843137 0.3058823 0.9803922 0.2784314 0.3333333 0.5764706 0.2823529 0.2705882 0.7803922 0.3843137 0.3058823 0.9803922 0.1490196 0.1921569 0.6117647 0.2862745 0.4196078 0.3882353 0.3843137 0.3058823 0.9803922 0.2823529 0.2705882 0.7803922 0.1490196 0.1921569 0.6117647 0.3843137 0.3058823 0.9803922 0.2862745 0.4196078 0.3882353 0.2784314 0.3333333 0.5764706 0.3843137 0.3058823 0.9803922 0.2784314 0.3333333 0.5764706 0.2823529 0.2705882 0.7803922 0.3843137 0.3058823 0.9803922 0.1490196 0.1921569 0.6117647 0.2862745 0.4196078 0.3882353 0.3843137 0.3058823 0.9803922 0.2823529 0.2705882 0.7803922 0.1490196 0.1921569 0.6117647 0.3843137 0.3058823 0.9803922 0.2862745 0.4196078 0.3882353 0.2784314 0.3333333 0.5764706 0.3843137 0.3058823 0.9803922 0.2784314 0.3333333 0.5764706 0.2823529 0.2705882 0.7803922 0.3843137 0.3058823 0.9803922 0.1490196 0.1921569 0.6117647 0.2862745 0.4196078 0.3882353 0.3843137 0.3058823 0.9803922 0.2823529 0.2705882 0.7803922 0.1490196 0.1921569 0.6117647 0.3843137 0.3058823 0.9803922 0.2862745 0.4196078 0.3882353 0.2784314 0.3333333 0.5764706 0.3843137 0.3058823 0.9803922 0.2784314 0.3333333 0.5764706 0.2823529 0.2705882 0.7803922 0.3843137 0.3058823 0.9803922 0.1490196 0.1921569 0.6117647 0.2862745 0.4196078 0.3882353 0.3843137 0.3058823 0.9803922 0.2823529 0.2705882 0.7803922 0.1490196 0.1921569 0.6117647 0.3843137 0.3058823 0.9803922 0.2862745 0.4196078 0.3882353 0.2784314 0.3333333 0.5764706 0.3843137 0.3058823 0.9803922 0.2784314 0.3333333 0.5764706 0.2823529 0.2705882 0.7803922 0.3843137 0.3058823 0.9803922 0.1490196 0.1921569 0.6117647 0.2862745 0.4196078 0.3882353 0.3843137 0.3058823 0.9803922 0.2823529 0.2705882 0.7803922 0.1490196 0.1921569 0.6117647 0.3843137 0.3058823 0.9803922 0.2862745 0.4196078 0.3882353 0.2784314 0.3333333 0.5764706 0.3843137 0.3058823 0.9803922 0.2784314 0.3333333 0.5764706 0.2823529 0.2705882 0.7803922 0.3843137 0.3058823 0.9803922 0.1490196 0.1921569 0.6117647 0.2862745 0.4196078 0.3882353 0.3843137 0.3058823 0.9803922 0.2823529 0.2705882 0.7803922 0.1490196 0.1921569 0.6117647 0.3843137 0.3058823 0.9803922 0.2862745 0.4196078 0.3882353 0.2784314 0.3333333 0.5764706 0.3843137 0.3058823 0.9803922 0.2784314 0.3333333 0.5764706 0.2823529 0.2705882 0.7803922 0.3843137 0.3058823 0.9803922 0.1490196 0.1921569 0.6117647 0.2862745 0.4196078 0.3882353 0.3843137 0.3058823 0.9803922 0.2823529 0.2705882 0.7803922 0.1490196 0.1921569 0.6117647 0.3843137 0.3058823 0.9803922 0.2862745 0.4196078 0.3882353 0.2784314 0.3333333 0.5764706 0.3843137 0.3058823 0.9803922 0 0 0 0 0 0 0 0 0 0 0 0 0 0 0 0 0 0 0 0 0 0 0 0 0 0 0 0 0 0 0 0 0 0 0 0 0 0 0 0 0 0 0 0 0 0 0 0 0 0 0 0 0 0 0 0 0 0 0 0 0 0 0 0 0 0 0 0 0 0 0 0 0 0 0 0 0 0 0 0 0 0 0 0 0 0 0 0 0 0 0 0 0 0 0 0 0 0 0 0 0 0 0 0 0 0 0 0 0 0 0 0 0 0 0 0 0 0 0 0 0 0 0 0 0 0 0 0 0 0 0 0 0 0 0 0 0 0 0 0 0 0 0 0 0 0 0 0 0 0 0 0 0 0 0 0 0 0 0 0 0 0 0 0 0 0 0 0 0 0 0 0 0 0 0 0 0 0 0 0 0 0 0 0 0 0 0 0 0 0 0 0 0 0 0 0 0 0 0 0 0 0 0 0 0 0 0 0 0 0 0 0 0 0 0 0 0 0 0 0 0 0 0 0 0 0 0 0 0 0 0 0 0 0 0 0 0 0 0 0 0 0 0 0 0 0 0 0 0 0 0 0 0 0 0 0 0 0 0 0 0 0 0 0 0 0 0 0 0 0 0 0 0 0 0 0 0 0 0 0 0 0 0 0 0 0 0 0 0 0 0 0 0 0 0 0 0 0 0 0 0 0 0 0 0 0 0 0 0 0 0 0 0 0 0 0 0 0 0 0 0 0 0 0 0 0 0 0 0 0 0 0 0 0 0 0 0 0 0 0 0 0 0 0 0 0 0 0 0 0 0 0 0 0 0 0 0 0 0 0 0 0 0 0 0 0 0 0 0 0 0 0 0 0 0 0 0 0 0 0 0 0 0 0 0 0 0 0 0 0 0 0 0 0 0 0 0 0 0 0 0 0 0 0 0 0 0 0 0 0 0 0 0 0 0 0 0 0 0 0 0 0 0 0 0 0 0 0 0 0 0 0 0 0 0 0 0 0 0 0 0 0 0 0 0 0 0 0 0 0 0 0 0 0 0 0 0 0 0 0 0 0 0 0 0 0 0 0 0 0 0 0 0 0 0 0 0 0 0 0 0 0 0 0 0 0 0 0 0 0 0 0 0 0 0 0 0 0 0 0 0 0 0 0 0 0 0 0 0 0 0 0 0 0 0 0 0 0 0 0 0 0 0 0 0 0 0 0 0 0 0 0 0 0 0 0 0 0 0 0 0 0 0 0 0 0 0 0 0 0 0 0 0 0 0 0 0 0 0 0 0 0 0 0 0 0 0 0 0 0 0 0 0 0 0 0 0 0 0 0 0 0 0 0 0 0.003921568 0.2039216 0 0.02352941 0.05882352 0.5254902 0.2156863 0.4313725 0.7647059 0.172549 0.2235294 0.7647059 0.3843137 0.4470588 0.01568627 0.682353 0.3568627 1 0 0.07058823 0.2666667 0.003921568 0.2039216 0 0.3843137 0.4470588 0.01568627 0.2156863 0.4313725 0.7647059 0.7607843 0.5764706 1 0.682353 0.3568627 1 0.1490196 0.1568627 0.9019608 0.1529412 0.2392157 1 0.2431373 0.3960784 1 0.1490196 0.1568627 0.9019608 0.1529412 0.2392157 1 0.2431373 0.3960784 1 0.1490196 0.1568627 0.9019608 0.1529412 0.2392157 1 0.2431373 0.3960784 1 0.1490196 0.1568627 0.9019608 0.1529412 0.2392157 1 0.2431373 0.3960784 1 0.1490196 0.1568627 0.9019608 0.1529412 0.2392157 1 0.2431373 0.3960784 1 0.003921568 0.2039216 0 0.02352941 0.05882352 0.5254902 0.2156863 0.4313725 0.7647059 0.172549 0.2235294 0.7647059 0.3843137 0.4470588 0.01568627 0.682353 0.3568627 1 0 0.07058823 0.2666667 0.003921568 0.2039216 0 0.3843137 0.4470588 0.01568627 0.2156863 0.4313725 0.7647059 0.7607843 0.5764706 1 0.682353 0.3568627 1 0.1490196 0.1568627 0.9019608 0.1529412 0.2392157 1 0.2431373 0.3960784 1 0.1490196 0.1568627 0.9019608 0.1529412 0.2392157 1 0.2431373 0.3960784 1 0.1490196 0.1568627 0.9019608 0.1529412 0.2392157 1 0.2431373 0.3960784 1 0.1490196 0.1568627 0.9019608 0.1529412 0.2392157 1 0.2431373 0.3960784 1 0.1490196 0.1568627 0.9019608 0.1529412 0.2392157 1 0.2431373 0.3960784 1 0.003921568 0.2039216 0 0.02352941 0.05882352 0.5254902 0.2156863 0.4313725 0.7647059 0.172549 0.2235294 0.7647059 0.3843137 0.4470588 0.01568627 0.682353 0.3568627 1 0 0.07058823 0.2666667 0.003921568 0.2039216 0 0.3843137 0.4470588 0.01568627 0.2156863 0.4313725 0.7647059 0.7607843 0.5764706 1 0.682353 0.3568627 1 0.1490196 0.1568627 0.9019608 0.1529412 0.2392157 1 0.2431373 0.3960784 1 0.1490196 0.1568627 0.9019608 0.1529412 0.2392157 1 0.2431373 0.3960784 1 0.1490196 0.1568627 0.9019608 0.1529412 0.2392157 1 0.2431373 0.3960784 1 0.1490196 0.1568627 0.9019608 0.1529412 0.2392157 1 0.2431373 0.3960784 1 0.1490196 0.1568627 0.9019608 0.1529412 0.2392157 1 0.2431373 0.3960784 1 0.003921568 0.2039216 0 0.02352941 0.05882352 0.5254902 0.2156863 0.4313725 0.7647059 0.172549 0.2235294 0.7647059 0.3843137 0.4470588 0.01568627 0.682353 0.3568627 1 0.003921568 0.2039216 0 0.3843137 0.4470588 0.01568627 0.172549 0.2235294 0.7647059 0.2156863 0.4313725 0.7647059 0.7607843 0.5764706 1 0.682353 0.3568627 1 0.003921568 0.2039216 0 0.02352941 0.05882352 0.5254902 0.2156863 0.4313725 0.7647059 0.172549 0.2235294 0.7647059 0.3843137 0.4470588 0.01568627 0.682353 0.3568627 1 0.003921568 0.2039216 0 0.3843137 0.4470588 0.01568627 0.172549 0.2235294 0.7647059 0.2156863 0.4313725 0.7647059 0.7607843 0.5764706 1 0.682353 0.3568627 1 0.003921568 0.2039216 0 0.02352941 0.05882352 0.5254902 0.2156863 0.4313725 0.7647059 0.172549 0.2235294 0.7647059 0.3843137 0.4470588 0.01568627 0.682353 0.3568627 1 0.003921568 0.2039216 0 0.3843137 0.4470588 0.01568627 0.172549 0.2235294 0.7647059 0.2156863 0.4313725 0.7647059 0.7607843 0.5764706 1 0.682353 0.3568627 1 0.003921568 0.2039216 0 0.02352941 0.05882352 0.5254902 0.2156863 0.4313725 0.7647059 0.172549 0.2235294 0.7647059 0.3843137 0.4470588 0.01568627 0.682353 0.3568627 1 0.003921568 0.2039216 0 0.3843137 0.4470588 0.01568627 0.172549 0.2235294 0.7647059 0.2156863 0.4313725 0.7647059 0.7607843 0.5764706 1 0.682353 0.3568627 1 0.003921568 0.2039216 0 0.02352941 0.05882352 0.5254902 0.2156863 0.4313725 0.7647059 0.172549 0.2235294 0.7647059 0.3843137 0.4470588 0.01568627 0.682353 0.3568627 1 0.003921568 0.2039216 0 0.3843137 0.4470588 0.01568627 0.172549 0.2235294 0.7647059 0.2156863 0.4313725 0.7647059 0.7607843 0.5764706 1 0.682353 0.3568627 1 0.003921568 0.2039216 0 0.02352941 0.05882352 0.5254902 0.2156863 0.4313725 0.7647059 0.172549 0.2235294 0.7647059 0.3843137 0.4470588 0.01568627 0.682353 0.3568627 1 0.003921568 0.2039216 0 0.3843137 0.4470588 0.01568627 0.172549 0.2235294 0.7647059 0.2156863 0.4313725 0.7647059 0.7607843 0.5764706 1 0.682353 0.3568627 1 0.003921568 0.2039216 0 0.02352941 0.05882352 0.5254902 0.2156863 0.4313725 0.7647059 0.172549 0.2235294 0.7647059 0.3843137 0.4470588 0.01568627 0.682353 0.3568627 1 0.003921568 0.2039216 0 0.3843137 0.4470588 0.01568627 0.172549 0.2235294 0.7647059 0.2156863 0.4313725 0.7647059 0.7607843 0.5764706 1 0.682353 0.3568627 1 0.003921568 0.2039216 0 0.02352941 0.05882352 0.5254902 0.2156863 0.4313725 0.7647059 0.172549 0.2235294 0.7647059 0.3843137 0.4470588 0.01568627 0.682353 0.3568627 1 0.003921568 0.2039216 0 0.3843137 0.4470588 0.01568627 0.172549 0.2235294 0.7647059 0.2156863 0.4313725 0.7647059 0.7607843 0.5764706 1 0.682353 0.3568627 1 0.003921568 0.2039216 0 0.02352941 0.05882352 0.5254902 0.2156863 0.4313725 0.7647059 0.172549 0.2235294 0.7647059 0.3843137 0.4470588 0.01568627 0.682353 0.3568627 1 0.003921568 0.2039216 0 0.3843137 0.4470588 0.01568627 0.172549 0.2235294 0.7647059 0.2156863 0.4313725 0.7647059 0.7607843 0.5764706 1 0.682353 0.3568627 1 0.003921568 0.2039216 0 0.02352941 0.05882352 0.5254902 0.2156863 0.4313725 0.7647059 0.172549 0.2235294 0.7647059 0.3843137 0.4470588 0.01568627 0.682353 0.3568627 1 0.003921568 0.2039216 0 0.3843137 0.4470588 0.01568627 0.172549 0.2235294 0.7647059 0.2156863 0.4313725 0.7647059 0.7607843 0.5764706 1 0.682353 0.3568627 1 0.003921568 0.2039216 0 0.02352941 0.05882352 0.5254902 0.2156863 0.4313725 0.7647059 0.172549 0.2235294 0.7647059 0.3843137 0.4470588 0.01568627 0.682353 0.3568627 1 0.003921568 0.2039216 0 0.3843137 0.4470588 0.01568627 0.172549 0.2235294 0.7647059 0.2156863 0.4313725 0.7647059 0.7607843 0.5764706 1 0.682353 0.3568627 1 0.003921568 0.2039216 0 0.02352941 0.05882352 0.5254902 0.2156863 0.4313725 0.7647059 0.172549 0.2235294 0.7647059 0.3843137 0.4470588 0.01568627 0.682353 0.3568627 1 0 0.07058823 0.2666667 0.003921568 0.2039216 0 0.3843137 0.4470588 0.01568627 0.2156863 0.4313725 0.7647059 0.7607843 0.5764706 1 0.682353 0.3568627 1 0.1490196 0.1568627 0.9019608 0.1529412 0.2392157 1 0.2431373 0.3960784 1 0.1490196 0.1568627 0.9019608 0.1529412 0.2392157 1 0.2431373 0.3960784 1 0.1490196 0.1568627 0.9019608 0.1529412 0.2392157 1 0.2431373 0.3960784 1 0.1490196 0.1568627 0.9019608 0.1529412 0.2392157 1 0.2431373 0.3960784 1 0.1490196 0.1568627 0.9019608 0.1529412 0.2392157 1 0.2431373 0.3960784 1 0.003921568 0.2039216 0 0.02352941 0.05882352 0.5254902 0.2156863 0.4313725 0.7647059 0.172549 0.2235294 0.7647059 0.3843137 0.4470588 0.01568627 0.682353 0.3568627 1 0 0.07058823 0.2666667 0.003921568 0.2039216 0 0.3843137 0.4470588 0.01568627 0.2156863 0.4313725 0.7647059 0.7607843 0.5764706 1 0.682353 0.3568627 1 0.1490196 0.1568627 0.9019608 0.1529412 0.2392157 1 0.2431373 0.3960784 1 0.1490196 0.1568627 0.9019608 0.1529412 0.2392157 1 0.2431373 0.3960784 1 0.1490196 0.1568627 0.9019608 0.1529412 0.2392157 1 0.2431373 0.3960784 1 0.1490196 0.1568627 0.9019608 0.1529412 0.2392157 1 0.2431373 0.3960784 1 0.1490196 0.1568627 0.9019608 0.1529412 0.2392157 1 0.2431373 0.3960784 1 0.1490196 0.1568627 0.9019608 0.1529412 0.2392157 1 0.2431373 0.3960784 1 0.1490196 0.1568627 0.9019608 0.1529412 0.2392157 1 0.2431373 0.3960784 1 0.1490196 0.1568627 0.9019608 0.1529412 0.2392157 1 0.2431373 0.3960784 1 0.1490196 0.1568627 0.9019608 0.1529412 0.2392157 1 0.2431373 0.3960784 1 0.1490196 0.1568627 0.9019608 0.1529412 0.2392157 1 0.2431373 0.3960784 1 0.1490196 0.1568627 0.9019608 0.1529412 0.2392157 1 0.2431373 0.3960784 1 0.1490196 0.1568627 0.9019608 0.1529412 0.2392157 1 0.2431373 0.3960784 1 0.1490196 0.1568627 0.9019608 0.1529412 0.2392157 1 0.2431373 0.3960784 1 0.1490196 0.1568627 0.9019608 0.1529412 0.2392157 1 0.2431373 0.3960784 1 0.1490196 0.1568627 0.9019608 0.1529412 0.2392157 1 0.2431373 0.3960784 1 0.1490196 0.1568627 0.9019608 0.1529412 0.2392157 1 0.2431373 0.3960784 1 0.1490196 0.1568627 0.9019608 0.1529412 0.2392157 1 0.2431373 0.3960784 1 0.1490196 0.1568627 0.9019608 0.1529412 0.2392157 1 0.2431373 0.3960784 1 0.1490196 0.1568627 0.9019608 0.1529412 0.2392157 1 0.2431373 0.3960784 1 0.1490196 0.1568627 0.9019608 0.1529412 0.2392157 1 0.2431373 0.3960784 1 0.1490196 0.1568627 0.9019608 0.1529412 0.2392157 1 0.2431373 0.3960784 1 0.1490196 0.1568627 0.9019608 0.1529412 0.2392157 1 0.2431373 0.3960784 1 0.1490196 0.1568627 0.9019608 0.1529412 0.2392157 1 0.2431373 0.3960784 1 0.1490196 0.1568627 0.9019608 0.1529412 0.2392157 1 0.2431373 0.3960784 1 0.1490196 0.1568627 0.9019608 0.1529412 0.2392157 1 0.2431373 0.3960784 1 0.1490196 0.1568627 0.9019608 0.1529412 0.2392157 1 0.2431373 0.3960784 1 0.1490196 0.1568627 0.9019608 0.1529412 0.2392157 1 0.2431373 0.3960784 1</float_array>
          <technique_common>
            <accessor source="#tree_oak_bush_a200-mesh-colors-Col-array" count="4257" stride="3">
              <param name="R" type="float"/>
              <param name="G" type="float"/>
              <param name="B" type="float"/>
            </accessor>
          </technique_common>
        </source>
        <vertices id="tree_oak_bush_a200-mesh-vertices">
          <input semantic="POSITION" source="#tree_oak_bush_a200-mesh-positions"/>
        </vertices>
        <polylist material="tro_tree_1_branches-material" count="110">
          <input semantic="VERTEX" source="#tree_oak_bush_a200-mesh-vertices" offset="0"/>
          <input semantic="NORMAL" source="#tree_oak_bush_a200-mesh-normals" offset="1"/>
          <input semantic="TEXCOORD" source="#tree_oak_bush_a200-mesh-map-0" offset="2" set="0"/>
          <input semantic="COLOR" source="#tree_oak_bush_a200-mesh-colors-Col" offset="3" set="0"/>
          <vcount>3 3 3 3 3 3 3 3 3 3 3 3 3 3 3 3 3 3 3 3 3 3 3 3 3 3 3 3 3 3 3 3 3 3 3 3 3 3 3 3 3 3 3 3 3 3 3 3 3 3 3 3 3 3 3 3 3 3 3 3 3 3 3 3 3 3 3 3 3 3 3 3 3 3 3 3 3 3 3 3 3 3 3 3 3 3 3 3 3 3 3 3 3 3 3 3 3 3 3 3 3 3 3 3 3 3 3 3 3 3 </vcount>
          <p>5 0 0 0 13 1 1 1 6 2 2 2 11 3 3 3 8 4 4 4 9 5 5 5 30 6 6 6 14 7 7 7 2 8 8 8 4 9 9 9 13 1 10 10 16 10 11 11 0 11 12 12 13 1 13 13 10 12 14 14 15 13 15 15 13 1 16 16 0 11 17 17 10 12 18 18 13 1 19 19 4 9 20 20 8 4 21 21 11 3 22 22 7 14 23 23 11 3 24 24 12 15 25 25 7 14 26 26 9 5 27 27 12 15 28 28 11 3 29 29 3 16 30 30 14 7 31 31 1 17 32 32 2 8 33 33 14 7 34 34 31 18 35 35 16 10 36 36 13 1 37 37 5 0 38 38 6 2 39 39 13 1 40 40 15 13 41 41 19 19 42 42 20 20 43 43 27 21 44 44 25 22 45 45 23 23 46 46 22 24 47 47 18 25 48 48 29 26 49 49 27 21 50 50 17 27 51 51 24 28 52 52 27 21 53 53 28 29 54 54 17 27 55 55 27 21 56 56 24 28 57 57 18 25 58 58 27 21 59 59 22 24 60 60 21 30 61 61 25 22 62 62 25 22 63 63 21 30 64 64 26 31 65 65 23 23 66 66 25 22 67 67 26 31 68 68 29 26 69 69 19 19 70 70 27 21 71 71 20 20 72 72 28 29 73 73 27 21 74 74 1 17 75 75 14 7 76 76 30 6 77 77 31 18 78 78 14 7 79 79 3 16 80 80 37 32 81 81 45 33 82 82 38 34 83 83 43 35 84 84 40 36 85 85 41 37 86 86 62 38 87 87 46 39 88 88 34 40 89 89 36 41 90 90 45 33 91 91 48 42 92 92 32 43 93 93 45 33 94 94 42 44 95 95 47 45 96 96 45 33 97 97 32 43 98 98 42 44 99 99 45 33 100 100 36 41 101 101 40 36 102 102 43 35 103 103 64 46 104 104 43 35 105 105 44 47 106 106 39 48 107 107 41 37 108 108 44 47 109 109 43 35 110 110 35 49 111 111 46 39 112 112 33 50 113 113 34 40 114 114 46 39 115 115 63 51 116 116 48 42 117 117 45 33 118 118 37 32 119 119 38 34 120 120 45 33 121 121 47 45 122 122 51 52 123 123 52 53 124 124 59 54 125 125 57 55 126 126 55 56 127 127 54 57 128 128 50 58 129 129 61 59 130 130 59 54 131 131 49 60 132 132 56 61 133 133 59 54 134 134 60 62 135 135 49 60 136 136 59 54 137 137 56 61 138 138 50 58 139 139 59 54 140 140 54 57 141 141 53 63 142 142 57 55 143 143 57 55 144 144 53 63 145 145 58 64 146 146 55 56 147 147 57 55 148 148 58 64 149 149 61 59 150 150 51 52 151 151 59 54 152 152 52 53 153 153 60 62 154 154 59 54 155 155 33 50 156 156 46 39 157 157 62 38 158 158 63 51 159 159 46 39 160 160 35 49 161 161 64 46 162 162 43 35 163 163 39 48 164 164 849 823 1896 1896 850 824 1897 1897 857 825 1898 1898 855 826 1899 1899 853 827 1900 1900 852 828 1901 1901 874 829 1902 1902 846 830 1903 1903 858 831 1904 1904 848 832 1905 1905 860 833 1906 1906 857 825 1907 1907 844 834 1908 1908 854 835 1909 1909 857 825 1910 1910 859 836 1911 1911 844 834 1912 1912 857 825 1913 1913 854 835 1914 1914 848 832 1915 1915 857 825 1916 1916 852 828 1917 1917 851 837 1918 1918 855 826 1919 1919 855 826 1920 1920 851 837 1921 1921 856 838 1922 1922 853 827 1923 1923 855 826 1924 1924 856 838 1925 1925 847 839 1926 1926 845 840 1927 1927 858 831 1928 1928 846 830 1929 1929 875 841 1930 1930 858 831 1931 1931 860 833 1932 1932 849 823 1933 1933 857 825 1934 1934 850 824 1935 1935 859 836 1936 1936 857 825 1937 1937 863 842 1938 1938 871 843 1939 1939 864 844 1940 1940 869 845 1941 1941 866 846 1942 1942 867 847 1943 1943 862 848 1944 1944 871 843 1945 1945 873 849 1946 1946 861 850 1947 1947 871 843 1948 1948 868 851 1949 1949 872 852 1950 1950 871 843 1951 1951 861 850 1952 1952 868 851 1953 1953 871 843 1954 1954 862 848 1955 1955 866 846 1956 1956 869 845 1957 1957 865 853 1958 1958 869 845 1959 1959 870 854 1960 1960 865 853 1961 1961 867 847 1962 1962 870 854 1963 1963 869 845 1964 1964 873 849 1965 1965 871 843 1966 1966 863 842 1967 1967 864 844 1968 1968 871 843 1969 1969 872 852 1970 1970 845 840 1971 1971 874 829 1972 1972 858 831 1973 1973 875 841 1974 1974 847 839 1975 1975 858 831 1976 1976 881 855 1977 1977 882 856 1978 1978 889 857 1979 1979 887 858 1980 1980 885 859 1981 1981 884 860 1982 1982 906 861 1983 1983 878 862 1984 1984 890 863 1985 1985 880 864 1986 1986 892 865 1987 1987 889 857 1988 1988 876 866 1989 1989 886 867 1990 1990 889 857 1991 1991 891 868 1992 1992 876 866 1993 1993 889 857 1994 1994 886 867 1995 1995 880 864 1996 1996 889 857 1997 1997 884 860 1998 1998 908 869 1999 1999 887 858 2000 2000 887 858 2001 2001 883 870 2002 2002 888 871 2003 2003 885 859 2004 2004 887 858 2005 2005 888 871 2006 2006 879 872 2007 2007 877 873 2008 2008 890 863 2009 2009 878 862 2010 2010 907 874 2011 2011 890 863 2012 2012 892 865 2013 2013 881 855 2014 2014 889 857 2015 2015 882 856 2016 2016 891 868 2017 2017 889 857 2018 2018 895 875 2019 2019 903 876 2020 2020 896 877 2021 2021 901 878 2022 2022 898 879 2023 2023 899 880 2024 2024 894 881 2025 2025 903 876 2026 2026 905 882 2027 2027 893 883 2028 2028 903 876 2029 2029 900 884 2030 2030 904 885 2031 2031 903 876 2032 2032 893 883 2033 2033 900 884 2034 2034 903 876 2035 2035 894 881 2036 2036 898 879 2037 2037 901 878 2038 2038 897 886 2039 2039 901 878 2040 2040 902 887 2041 2041 897 886 2042 2042 899 880 2043 2043 902 887 2044 2044 901 878 2045 2045 905 882 2046 2046 903 876 2047 2047 895 875 2048 2048 896 877 2049 2049 903 876 2050 2050 904 885 2051 2051 877 873 2052 2052 906 861 2053 2053 890 863 2054 2054 907 874 2055 2055 879 872 2056 2056 890 863 2057 2057 908 869 2058 2058 883 870 2059 2059 887 858 2060 2060</p>
        </polylist>
        <polylist material="tro_tree_2_trunk-material" count="148">
          <input semantic="VERTEX" source="#tree_oak_bush_a200-mesh-vertices" offset="0"/>
          <input semantic="NORMAL" source="#tree_oak_bush_a200-mesh-normals" offset="1"/>
          <input semantic="TEXCOORD" source="#tree_oak_bush_a200-mesh-map-0" offset="2" set="0"/>
          <input semantic="COLOR" source="#tree_oak_bush_a200-mesh-colors-Col" offset="3" set="0"/>
          <vcount>3 3 3 3 3 3 3 3 3 3 3 3 3 3 3 3 3 3 3 3 3 3 3 3 3 3 3 3 3 3 3 3 3 3 3 3 3 3 3 3 3 3 3 3 3 3 3 3 3 3 3 3 3 3 3 3 3 3 3 3 3 3 3 3 3 3 3 3 3 3 3 3 3 3 3 3 3 3 3 3 3 3 3 3 3 3 3 3 3 3 3 3 3 3 3 3 3 3 3 3 3 3 3 3 3 3 3 3 3 3 3 3 3 3 3 3 3 3 3 3 3 3 3 3 3 3 3 3 3 3 3 3 3 3 3 3 3 3 3 3 3 3 3 3 3 3 3 3 </vcount>
          <p>85 65 165 165 72 66 166 166 68 67 167 167 70 68 168 168 67 69 169 169 66 70 170 170 65 71 171 171 75 72 172 172 82 73 173 173 68 67 174 174 69 74 175 175 65 71 176 176 77 75 177 177 76 76 178 178 78 77 179 179 75 72 180 180 66 70 181 181 82 73 182 182 74 78 183 183 80 79 184 184 79 80 185 185 73 81 186 186 86 82 187 187 74 78 188 188 65 71 189 189 78 77 190 190 68 67 191 191 68 67 192 192 81 83 193 193 85 65 194 194 79 80 195 195 66 70 196 196 67 69 197 197 86 82 198 198 65 71 199 199 82 73 200 200 76 76 201 201 83 84 202 202 81 83 203 203 85 65 204 204 79 80 205 205 67 69 206 206 80 79 207 207 82 73 208 208 66 70 209 209 71 85 210 210 85 65 211 211 67 69 212 212 80 79 213 213 74 78 214 214 86 82 215 215 81 83 216 216 83 84 217 217 79 80 218 218 83 84 219 219 74 78 220 220 79 80 221 221 78 77 222 222 76 76 223 223 81 83 224 224 76 76 225 225 90 86 226 226 83 84 227 227 73 81 228 228 89 87 229 229 76 76 230 230 74 78 231 231 90 86 232 232 88 88 233 233 73 81 234 234 88 88 235 235 87 89 236 236 90 86 237 237 93 90 238 238 92 91 239 239 87 89 240 240 93 90 241 241 89 87 242 242 88 88 243 243 90 86 244 244 92 91 245 245 87 89 246 246 92 91 247 247 91 92 248 248 90 86 249 249 89 87 250 250 93 90 251 251 92 91 252 252 96 93 253 253 95 94 254 254 91 92 255 255 96 93 256 256 93 90 257 257 91 92 258 258 95 94 259 259 94 95 260 260 95 94 261 261 99 96 262 262 98 97 263 263 94 95 264 264 99 96 265 265 96 93 266 266 95 94 267 267 97 98 268 268 94 95 269 269 98 97 270 270 102 99 271 271 101 100 272 272 97 98 273 273 102 99 274 274 99 96 275 275 98 97 276 276 100 101 277 277 97 98 278 278 106 102 279 279 109 103 280 280 110 104 281 281 103 105 282 282 109 103 283 283 105 106 284 284 104 107 285 285 110 104 286 286 108 108 287 287 103 105 288 288 108 108 289 289 107 109 290 290 110 104 291 291 113 110 292 292 112 111 293 293 107 109 294 294 113 110 295 295 109 103 296 296 108 108 297 297 110 104 298 298 112 111 299 299 108 108 300 300 111 112 301 301 107 109 302 302 110 104 303 303 109 103 304 304 113 110 305 305 116 113 306 306 112 111 307 307 113 110 308 308 111 112 309 309 116 113 310 310 113 110 311 311 115 114 312 312 119 115 313 313 118 116 314 314 116 113 315 315 117 117 316 316 119 115 317 317 115 114 318 318 117 117 319 319 114 118 320 320 112 111 321 321 114 118 322 322 111 112 323 323 123 119 324 324 126 120 325 325 127 121 326 326 120 122 327 327 126 120 328 328 122 123 329 329 121 124 330 330 127 121 331 331 125 125 332 332 121 124 333 333 124 126 334 334 120 122 335 335 127 121 336 336 130 127 337 337 129 128 338 338 124 126 339 339 130 127 340 340 126 120 341 341 125 125 342 342 127 121 343 343 129 128 344 344 124 126 345 345 129 128 346 346 128 129 347 347 127 121 348 348 126 120 349 349 130 127 350 350 133 130 351 351 129 128 352 352 130 127 353 353 128 129 354 354 133 130 355 355 130 127 356 356 132 131 357 357 136 132 358 358 135 133 359 359 133 130 360 360 134 134 361 361 136 132 362 362 132 131 363 363 134 134 364 364 131 135 365 365 129 128 366 366 131 135 367 367 128 129 368 368 140 136 369 369 143 137 370 370 144 138 371 371 137 139 372 372 143 137 373 373 139 140 374 374 138 141 375 375 144 138 376 376 142 142 377 377 138 141 378 378 141 143 379 379 137 139 380 380 144 138 381 381 147 144 382 382 146 145 383 383 141 143 384 384 147 144 385 385 143 137 386 386 142 142 387 387 144 138 388 388 146 145 389 389 141 143 390 390 146 145 391 391 145 146 392 392 144 138 393 393 143 137 394 394 147 144 395 395 150 147 396 396 146 145 397 397 147 144 398 398 145 146 399 399 150 147 400 400 147 144 401 401 149 148 402 402 153 149 403 403 152 150 404 404 150 147 405 405 151 151 406 406 153 149 407 407 149 148 408 408 151 151 409 409 148 152 410 410 149 148 411 411 145 146 412 412 146 145 413 413 85 65 3729 3729 84 1599 3730 3730 72 66 3731 3731 70 68 3732 3732 71 85 3733 3733 67 69 3734 3734 65 71 3735 3735 69 74 3736 3736 75 72 3737 3737 68 67 3738 3738 72 66 3739 3739 69 74 3740 3740 77 75 3741 3741 73 81 3742 3742 76 76 3743 3743 75 72 3744 3744 70 68 3745 3745 66 70 3746 3746 73 81 3747 3747 77 75 3748 3748 86 82 3749 3749 65 71 3750 3750 77 75 3751 3751 78 77 3752 3752 68 67 3753 3753 78 77 3754 3754 81 83 3755 3755 79 80 3756 3756 80 79 3757 3757 66 70 3758 3758 86 82 3759 3759 77 75 3760 3760 65 71 3761 3761 85 65 3762 3762 81 83 3763 3763 79 80 3764 3764 80 79 3765 3765 86 82 3766 3766 82 73 3767 3767 71 85 3768 3768 84 1599 3769 3769 85 65 3770 3770 76 76 3771 3771 89 87 3772 3772 90 86 3773 3773 73 81 3774 3774 87 89 3775 3775 89 87 3776 3776 74 78 3777 3777 83 84 3778 3778 90 86 3779 3779 73 81 3780 3780 74 78 3781 3781 88 88 3782 3782 87 89 3783 3783 91 92 3784 3784 93 90 3785 3785 87 89 3786 3786 88 88 3787 3787 92 91 3788 3788 92 91 3789 3789 93 90 3790 3790 96 93 3791 3791 91 92 3792 3792 94 95 3793 3793 96 93 3794 3794 91 92 3795 3795 92 91 3796 3796 95 94 3797 3797 95 94 3798 3798 96 93 3799 3799 99 96 3800 3800 94 95 3801 3801 97 98 3802 3802 99 96 3803 3803 95 94 3804 3804 98 97 3805 3805 97 98 3806 3806 98 97 3807 3807 99 96 3808 3808 102 99 3809 3809 97 98 3810 3810 100 101 3811 3811 102 99 3812 3812 98 97 3813 3813 101 100 3814 3814 100 101 3815 3815 106 102 3816 3816 105 106 3817 3817 109 103 3818 3818 103 105 3819 3819 107 109 3820 3820 109 103 3821 3821 104 107 3822 3822 106 102 3823 3823 110 104 3824 3824 103 105 3825 3825 104 107 3826 3826 108 108 3827 3827 107 109 3828 3828 111 112 3829 3829 113 110 3830 3830 108 108 3831 3831 112 111 3832 3832 111 112 3833 3833 116 113 3834 3834 115 114 3835 3835 112 111 3836 3836 111 112 3837 3837 114 118 3838 3838 116 113 3839 3839 115 114 3840 3840 116 113 3841 3841 119 115 3842 3842 116 113 3843 3843 114 118 3844 3844 117 117 3845 3845 115 114 3846 3846 118 116 3847 3847 117 117 3848 3848 112 111 3849 3849 115 114 3850 3850 114 118 3851 3851 123 119 3852 3852 122 123 3853 3853 126 120 3854 3854 120 122 3855 3855 124 126 3856 3856 126 120 3857 3857 121 124 3858 3858 123 119 3859 3859 127 121 3860 3860 121 124 3861 3861 125 125 3862 3862 124 126 3863 3863 124 126 3864 3864 128 129 3865 3865 130 127 3866 3866 124 126 3867 3867 125 125 3868 3868 129 128 3869 3869 133 130 3870 3870 132 131 3871 3871 129 128 3872 3872 128 129 3873 3873 131 135 3874 3874 133 130 3875 3875 132 131 3876 3876 133 130 3877 3877 136 132 3878 3878 133 130 3879 3879 131 135 3880 3880 134 134 3881 3881 132 131 3882 3882 135 133 3883 3883 134 134 3884 3884 129 128 3885 3885 132 131 3886 3886 131 135 3887 3887 140 136 3888 3888 139 140 3889 3889 143 137 3890 3890 137 139 3891 3891 141 143 3892 3892 143 137 3893 3893 138 141 3894 3894 140 136 3895 3895 144 138 3896 3896 138 141 3897 3897 142 142 3898 3898 141 143 3899 3899 141 143 3900 3900 145 146 3901 3901 147 144 3902 3902 141 143 3903 3903 142 142 3904 3904 146 145 3905 3905 150 147 3906 3906 149 148 3907 3907 146 145 3908 3908 145 146 3909 3909 148 152 3910 3910 150 147 3911 3911 149 148 3912 3912 150 147 3913 3913 153 149 3914 3914 150 147 3915 3915 148 152 3916 3916 151 151 3917 3917 149 148 3918 3918 152 150 3919 3919 151 151 3920 3920 149 148 3921 3921 148 152 3922 3922 145 146 3923 3923</p>
        </polylist>
        <polylist material="tro_tree_2_leaves-material" count="1161">
          <input semantic="VERTEX" source="#tree_oak_bush_a200-mesh-vertices" offset="0"/>
          <input semantic="NORMAL" source="#tree_oak_bush_a200-mesh-normals" offset="1"/>
          <input semantic="TEXCOORD" source="#tree_oak_bush_a200-mesh-map-0" offset="2" set="0"/>
          <input semantic="COLOR" source="#tree_oak_bush_a200-mesh-colors-Col" offset="3" set="0"/>
          <vcount>3 3 3 3 3 3 3 3 3 3 3 3 3 3 3 3 3 3 3 3 3 3 3 3 3 3 3 3 3 3 3 3 3 3 3 3 3 3 3 3 3 3 3 3 3 3 3 3 3 3 3 3 3 3 3 3 3 3 3 3 3 3 3 3 3 3 3 3 3 3 3 3 3 3 3 3 3 3 3 3 3 3 3 3 3 3 3 3 3 3 3 3 3 3 3 3 3 3 3 3 3 3 3 3 3 3 3 3 3 3 3 3 3 3 3 3 3 3 3 3 3 3 3 3 3 3 3 3 3 3 3 3 3 3 3 3 3 3 3 3 3 3 3 3 3 3 3 3 3 3 3 3 3 3 3 3 3 3 3 3 3 3 3 3 3 3 3 3 3 3 3 3 3 3 3 3 3 3 3 3 3 3 3 3 3 3 3 3 3 3 3 3 3 3 3 3 3 3 3 3 3 3 3 3 3 3 3 3 3 3 3 3 3 3 3 3 3 3 3 3 3 3 3 3 3 3 3 3 3 3 3 3 3 3 3 3 3 3 3 3 3 3 3 3 3 3 3 3 3 3 3 3 3 3 3 3 3 3 3 3 3 3 3 3 3 3 3 3 3 3 3 3 3 3 3 3 3 3 3 3 3 3 3 3 3 3 3 3 3 3 3 3 3 3 3 3 3 3 3 3 3 3 3 3 3 3 3 3 3 3 3 3 3 3 3 3 3 3 3 3 3 3 3 3 3 3 3 3 3 3 3 3 3 3 3 3 3 3 3 3 3 3 3 3 3 3 3 3 3 3 3 3 3 3 3 3 3 3 3 3 3 3 3 3 3 3 3 3 3 3 3 3 3 3 3 3 3 3 3 3 3 3 3 3 3 3 3 3 3 3 3 3 3 3 3 3 3 3 3 3 3 3 3 3 3 3 3 3 3 3 3 3 3 3 3 3 3 3 3 3 3 3 3 3 3 3 3 3 3 3 3 3 3 3 3 3 3 3 3 3 3 3 3 3 3 3 3 3 3 3 3 3 3 3 3 3 3 3 3 3 3 3 3 3 3 3 3 3 3 3 3 3 3 3 3 3 3 3 3 3 3 3 3 3 3 3 3 3 3 3 3 3 3 3 3 3 3 3 3 3 3 3 3 3 3 3 3 3 3 3 3 3 3 3 3 3 3 3 3 3 3 3 3 3 3 3 3 3 3 3 3 3 3 3 3 3 3 3 3 3 3 3 3 3 3 3 3 3 3 3 3 3 3 3 3 3 3 3 3 3 3 3 3 3 3 3 3 3 3 3 3 3 3 3 3 3 3 3 3 3 3 3 3 3 3 3 3 3 3 3 3 3 3 3 3 3 3 3 3 3 3 3 3 3 3 3 3 3 3 3 3 3 3 3 3 3 3 3 3 3 3 3 3 3 3 3 3 3 3 3 3 3 3 3 3 3 3 3 3 3 3 3 3 3 3 3 3 3 3 3 3 3 3 3 3 3 3 3 3 3 3 3 3 3 3 3 3 3 3 3 3 3 3 3 3 3 3 3 3 3 3 3 3 3 3 3 3 3 3 3 3 3 3 3 3 3 3 3 3 3 3 3 3 3 3 3 3 3 3 3 3 3 3 3 3 3 3 3 3 3 3 3 3 3 3 3 3 3 3 3 3 3 3 3 3 3 3 3 3 3 3 3 3 3 3 3 3 3 3 3 3 3 3 3 3 3 3 3 3 3 3 3 3 3 3 3 3 3 3 3 3 3 3 3 3 3 3 3 3 3 3 3 3 3 3 3 3 3 3 3 3 3 3 3 3 3 3 3 3 3 3 3 3 3 3 3 3 3 3 3 3 3 3 3 3 3 3 3 3 3 3 3 3 3 3 3 3 3 3 3 3 3 3 3 3 3 3 3 3 3 3 3 3 3 3 3 3 3 3 3 3 3 3 3 3 3 3 3 3 3 3 3 3 3 3 3 3 3 3 3 3 3 3 3 3 3 3 3 3 3 3 3 3 3 3 3 3 3 3 3 3 3 3 3 3 3 3 3 3 3 3 3 3 3 3 3 3 3 3 3 3 3 3 3 3 3 3 3 3 3 3 3 3 3 3 3 3 3 3 3 3 3 3 3 3 3 3 3 3 3 3 3 3 3 3 3 3 3 3 3 3 3 3 3 3 3 3 3 3 3 3 3 3 3 3 3 3 3 3 3 3 3 3 3 3 3 3 3 3 3 3 3 3 3 3 3 3 3 3 3 3 3 3 3 3 3 3 3 3 3 3 3 3 3 3 3 3 3 3 3 3 3 3 3 3 3 3 3 3 3 3 3 3 3 3 3 3 3 3 3 3 3 3 3 3 3 3 3 3 3 3 3 3 3 3 3 3 3 3 3 3 3 3 3 3 3 3 3 3 3 3 3 3 3 3 3 3 3 3 3 3 3 3 3 3 3 3 3 3 3 3 3 3 3 3 3 3 3 3 3 3 3 3 3 3 3 3 3 3 3 3 3 3 3 3 3 3 3 3 3 3 3 3 3 3 3 3 3 3 3 3 3 3 3 3 3 3 3 3 3 3 3 3 3 3 3 3 3 3 3 3 3 3 3 3 3 3 3 3 3 3 3 3 3 3 3 3 3 3 3 3 </vcount>
          <p>155 153 414 414 154 154 415 415 157 155 416 416 156 156 417 417 155 153 418 418 157 155 419 419 154 154 420 420 156 156 421 421 157 155 422 422 159 157 423 423 158 158 424 424 161 159 425 425 160 160 426 426 159 157 427 427 161 159 428 428 158 158 429 429 160 160 430 430 161 159 431 431 167 161 432 432 168 162 433 433 169 163 434 434 166 164 435 435 170 165 436 436 162 166 437 437 163 167 438 438 169 163 439 439 166 164 440 440 170 165 441 441 164 168 442 442 162 166 443 443 168 162 444 444 170 165 445 445 169 163 446 446 174 169 447 447 171 170 448 448 172 171 449 449 173 172 450 450 174 169 451 451 172 171 452 452 178 173 453 453 175 174 454 454 176 175 455 455 177 176 456 456 178 173 457 457 176 175 458 458 184 177 459 459 181 178 460 460 182 179 461 461 180 180 462 462 179 181 463 463 183 182 464 464 186 183 465 465 184 177 466 466 185 184 467 467 185 184 468 468 184 177 469 469 182 179 470 470 186 183 471 471 180 180 472 472 183 182 473 473 192 185 474 474 189 186 475 475 190 187 476 476 188 188 477 477 187 189 478 478 191 190 479 479 194 191 480 480 192 185 481 481 193 192 482 482 193 192 483 483 192 185 484 484 190 187 485 485 194 191 486 486 188 188 487 487 191 190 488 488 197 193 489 489 199 194 490 490 200 195 491 491 200 195 492 492 195 196 493 493 196 197 494 494 198 198 495 495 197 193 496 496 200 195 497 497 199 194 498 498 195 196 499 499 200 195 500 500 198 198 501 501 200 195 502 502 196 197 503 503 203 199 504 504 205 200 505 505 204 201 506 506 206 202 507 507 207 203 508 508 204 201 509 509 205 200 510 510 201 204 511 511 204 201 512 512 204 201 513 513 207 203 514 514 202 205 515 515 201 204 516 516 206 202 517 517 204 201 518 518 210 206 519 519 212 207 520 520 211 208 521 521 213 209 522 522 214 210 523 523 211 208 524 524 212 207 525 525 208 211 526 526 211 208 527 527 211 208 528 528 214 210 529 529 209 212 530 530 208 211 531 531 213 209 532 532 211 208 533 533 220 213 534 534 217 214 535 535 218 215 536 536 216 216 537 537 215 217 538 538 219 218 539 539 222 219 540 540 220 213 541 541 221 220 542 542 221 220 543 543 220 213 544 544 218 215 545 545 222 219 546 546 216 216 547 547 219 218 548 548 228 221 549 549 225 222 550 550 226 223 551 551 224 224 552 552 223 225 553 553 227 226 554 554 230 227 555 555 228 221 556 556 229 228 557 557 229 228 558 558 228 221 559 559 226 223 560 560 230 227 561 561 224 224 562 562 227 226 563 563 236 229 564 564 233 230 565 565 234 231 566 566 232 232 567 567 231 233 568 568 235 234 569 569 238 235 570 570 236 229 571 571 237 236 572 572 237 236 573 573 236 229 574 574 234 231 575 575 238 235 576 576 232 232 577 577 235 234 578 578 242 237 579 579 239 238 580 580 240 239 581 581 241 240 582 582 242 237 583 583 240 239 584 584 244 241 585 585 243 242 586 586 246 243 587 587 245 244 588 588 244 241 589 589 246 243 590 590 243 242 591 591 245 244 592 592 246 243 593 593 248 245 594 594 247 246 595 595 250 247 596 596 249 248 597 597 248 245 598 598 250 247 599 599 247 246 600 600 249 248 601 601 250 247 602 602 256 249 603 603 257 250 604 604 258 251 605 605 255 252 606 606 259 253 607 607 251 254 608 608 252 255 609 609 258 251 610 610 255 252 611 611 259 253 612 612 253 256 613 613 251 254 614 614 257 250 615 615 259 253 616 616 258 251 617 617 263 257 618 618 260 258 619 619 261 259 620 620 262 260 621 621 263 257 622 622 261 259 623 623 267 261 624 624 264 262 625 625 265 263 626 626 266 264 627 627 267 261 628 628 265 263 629 629 273 265 630 630 270 266 631 631 271 267 632 632 269 268 633 633 268 269 634 634 272 270 635 635 275 271 636 636 273 265 637 637 274 272 638 638 274 272 639 639 273 265 640 640 271 267 641 641 275 271 642 642 269 268 643 643 272 270 644 644 281 273 645 645 278 274 646 646 279 275 647 647 277 276 648 648 276 277 649 649 280 278 650 650 283 279 651 651 281 273 652 652 282 280 653 653 282 280 654 654 281 273 655 655 279 275 656 656 283 279 657 657 277 276 658 658 280 278 659 659 286 281 660 660 288 282 661 661 289 283 662 662 289 283 663 663 284 284 664 664 285 285 665 665 287 286 666 666 286 281 667 667 289 283 668 668 288 282 669 669 284 284 670 670 289 283 671 671 287 286 672 672 289 283 673 673 285 285 674 674 292 287 675 675 294 288 676 676 293 289 677 677 295 290 678 678 296 291 679 679 293 289 680 680 294 288 681 681 290 292 682 682 293 289 683 683 293 289 684 684 296 291 685 685 291 293 686 686 290 292 687 687 295 290 688 688 293 289 689 689 299 294 690 690 301 295 691 691 300 296 692 692 302 297 693 693 303 298 694 694 300 296 695 695 301 295 696 696 297 299 697 697 300 296 698 698 300 296 699 699 303 298 700 700 298 300 701 701 297 299 702 702 302 297 703 703 300 296 704 704 309 301 705 705 306 302 706 706 307 303 707 707 305 304 708 708 304 305 709 709 308 306 710 710 311 307 711 711 309 301 712 712 310 308 713 713 310 308 714 714 309 301 715 715 307 303 716 716 311 307 717 717 305 304 718 718 308 306 719 719 317 309 720 720 314 310 721 721 315 311 722 722 313 312 723 723 312 313 724 724 316 314 725 725 319 315 726 726 317 309 727 727 318 316 728 728 318 316 729 729 317 309 730 730 315 311 731 731 319 315 732 732 313 312 733 733 316 314 734 734 325 317 735 735 322 318 736 736 323 319 737 737 321 320 738 738 320 321 739 739 324 322 740 740 327 323 741 741 325 317 742 742 326 324 743 743 326 324 744 744 325 317 745 745 323 319 746 746 327 323 747 747 321 320 748 748 324 322 749 749 331 325 750 750 328 326 751 751 329 327 752 752 330 328 753 753 331 325 754 754 329 327 755 755 333 329 756 756 332 330 757 757 335 331 758 758 334 332 759 759 333 329 760 760 335 331 761 761 332 330 762 762 334 332 763 763 335 331 764 764 337 333 765 765 336 334 766 766 339 335 767 767 338 336 768 768 337 333 769 769 339 335 770 770 336 334 771 771 338 336 772 772 339 335 773 773 345 337 774 774 346 338 775 775 347 339 776 776 344 340 777 777 348 341 778 778 340 342 779 779 341 343 780 780 347 339 781 781 344 340 782 782 348 341 783 783 342 344 784 784 340 342 785 785 346 338 786 786 348 341 787 787 347 339 788 788 352 345 789 789 349 346 790 790 350 347 791 791 351 348 792 792 352 345 793 793 350 347 794 794 356 349 795 795 353 350 796 796 354 351 797 797 355 352 798 798 356 349 799 799 354 351 800 800 362 353 801 801 359 354 802 802 360 355 803 803 358 356 804 804 357 357 805 805 361 358 806 806 364 359 807 807 362 353 808 808 363 360 809 809 363 360 810 810 362 353 811 811 360 355 812 812 364 359 813 813 358 356 814 814 361 358 815 815 370 361 816 816 367 362 817 817 368 363 818 818 366 364 819 819 365 365 820 820 369 366 821 821 372 367 822 822 370 361 823 823 371 368 824 824 371 368 825 825 370 361 826 826 368 363 827 827 372 367 828 828 366 364 829 829 369 366 830 830 375 369 831 831 377 370 832 832 378 371 833 833 378 371 834 834 373 372 835 835 374 373 836 836 376 374 837 837 375 369 838 838 378 371 839 839 377 370 840 840 373 372 841 841 378 371 842 842 376 374 843 843 378 371 844 844 374 373 845 845 381 375 846 846 383 376 847 847 382 377 848 848 384 378 849 849 385 379 850 850 382 377 851 851 383 376 852 852 379 380 853 853 382 377 854 854 382 377 855 855 385 379 856 856 380 381 857 857 379 380 858 858 384 378 859 859 382 377 860 860 388 382 861 861 390 383 862 862 389 384 863 863 391 385 864 864 392 386 865 865 389 384 866 866 390 383 867 867 386 387 868 868 389 384 869 869 389 384 870 870 392 386 871 871 387 388 872 872 386 387 873 873 391 385 874 874 389 384 875 875 398 389 876 876 395 390 877 877 396 391 878 878 394 392 879 879 393 393 880 880 397 394 881 881 400 395 882 882 398 389 883 883 399 396 884 884 399 396 885 885 398 389 886 886 396 391 887 887 400 395 888 888 394 392 889 889 397 394 890 890 406 397 891 891 403 398 892 892 404 399 893 893 402 400 894 894 401 401 895 895 405 402 896 896 408 403 897 897 406 397 898 898 407 404 899 899 407 404 900 900 406 397 901 901 404 399 902 902 408 403 903 903 402 400 904 904 405 402 905 905 414 405 906 906 411 406 907 907 412 407 908 908 410 408 909 909 409 409 910 910 413 410 911 911 416 411 912 912 414 405 913 913 415 412 914 914 415 412 915 915 414 405 916 916 412 407 917 917 416 411 918 918 410 408 919 919 413 410 920 920 420 413 921 921 417 414 922 922 418 415 923 923 419 416 924 924 420 413 925 925 418 415 926 926 423 417 927 927 425 418 928 928 426 419 929 929 426 419 930 930 421 420 931 931 422 421 932 932 424 422 933 933 423 417 934 934 426 419 935 935 425 418 936 936 421 420 937 937 426 419 938 938 424 422 939 939 426 419 940 940 422 421 941 941 429 423 942 942 431 424 943 943 432 425 944 944 432 425 945 945 427 426 946 946 428 427 947 947 430 428 948 948 429 423 949 949 432 425 950 950 431 424 951 951 427 426 952 952 432 425 953 953 430 428 954 954 432 425 955 955 428 427 956 956 438 429 957 957 439 430 958 958 440 431 959 959 437 432 960 960 441 433 961 961 433 434 962 962 438 429 963 963 437 432 964 964 434 435 965 965 441 433 966 966 435 436 967 967 433 434 968 968 439 430 969 969 441 433 970 970 440 431 971 971 447 437 972 972 448 438 973 973 449 439 974 974 446 440 975 975 450 441 976 976 442 442 977 977 447 437 978 978 446 440 979 979 443 443 980 980 450 441 981 981 444 444 982 982 442 442 983 983 448 438 984 984 450 441 985 985 449 439 986 986 456 445 987 987 457 446 988 988 458 447 989 989 455 448 990 990 459 449 991 991 451 450 992 992 456 445 993 993 455 448 994 994 452 451 995 995 459 449 996 996 453 452 997 997 451 450 998 998 457 446 999 999 459 449 1000 1000 458 447 1001 1001 465 453 1002 1002 466 454 1003 1003 467 455 1004 1004 464 456 1005 1005 468 457 1006 1006 460 458 1007 1007 465 453 1008 1008 464 456 1009 1009 461 459 1010 1010 468 457 1011 1011 462 460 1012 1012 460 458 1013 1013 466 454 1014 1014 468 457 1015 1015 467 455 1016 1016 474 461 1017 1017 475 462 1018 1018 476 463 1019 1019 473 464 1020 1020 477 465 1021 1021 469 466 1022 1022 474 461 1023 1023 473 464 1024 1024 470 467 1025 1025 477 465 1026 1026 471 468 1027 1027 469 466 1028 1028 475 462 1029 1029 477 465 1030 1030 476 463 1031 1031 483 469 1032 1032 484 470 1033 1033 485 471 1034 1034 482 472 1035 1035 486 473 1036 1036 478 474 1037 1037 483 469 1038 1038 482 472 1039 1039 479 475 1040 1040 486 473 1041 1041 480 476 1042 1042 478 474 1043 1043 484 470 1044 1044 486 473 1045 1045 485 471 1046 1046 492 477 1047 1047 493 478 1048 1048 494 479 1049 1049 491 480 1050 1050 495 481 1051 1051 487 482 1052 1052 492 477 1053 1053 491 480 1054 1054 488 483 1055 1055 495 481 1056 1056 489 484 1057 1057 487 482 1058 1058 493 478 1059 1059 495 481 1060 1060 494 479 1061 1061 501 485 1062 1062 502 486 1063 1063 503 487 1064 1064 500 488 1065 1065 504 489 1066 1066 496 490 1067 1067 501 485 1068 1068 500 488 1069 1069 497 491 1070 1070 504 489 1071 1071 498 492 1072 1072 496 490 1073 1073 502 486 1074 1074 504 489 1075 1075 503 487 1076 1076 510 493 1077 1077 511 494 1078 1078 512 495 1079 1079 509 496 1080 1080 513 497 1081 1081 505 498 1082 1082 510 493 1083 1083 509 496 1084 1084 506 499 1085 1085 513 497 1086 1086 507 500 1087 1087 505 498 1088 1088 511 494 1089 1089 513 497 1090 1090 512 495 1091 1091 519 501 1092 1092 520 502 1093 1093 521 503 1094 1094 518 504 1095 1095 522 505 1096 1096 514 506 1097 1097 519 501 1098 1098 518 504 1099 1099 515 507 1100 1100 522 505 1101 1101 516 508 1102 1102 514 506 1103 1103 520 502 1104 1104 522 505 1105 1105 521 503 1106 1106 524 509 1107 1107 523 510 1108 1108 526 511 1109 1109 525 512 1110 1110 524 509 1111 1111 526 511 1112 1112 523 510 1113 1113 525 512 1114 1114 526 511 1115 1115 528 513 1116 1116 527 514 1117 1117 530 515 1118 1118 529 516 1119 1119 528 513 1120 1120 530 515 1121 1121 527 514 1122 1122 529 516 1123 1123 530 515 1124 1124 532 517 1125 1125 531 518 1126 1126 534 519 1127 1127 533 520 1128 1128 532 517 1129 1129 534 519 1130 1130 531 518 1131 1131 533 520 1132 1132 534 519 1133 1133 536 521 1134 1134 535 522 1135 1135 538 523 1136 1136 537 524 1137 1137 536 521 1138 1138 538 523 1139 1139 535 522 1140 1140 537 524 1141 1141 538 523 1142 1142 540 525 1143 1143 539 526 1144 1144 542 527 1145 1145 541 528 1146 1146 540 525 1147 1147 542 527 1148 1148 539 526 1149 1149 541 528 1150 1150 542 527 1151 1151 544 529 1152 1152 543 530 1153 1153 546 531 1154 1154 545 532 1155 1155 544 529 1156 1156 546 531 1157 1157 543 530 1158 1158 545 532 1159 1159 546 531 1160 1160 549 533 1161 1161 551 534 1162 1162 552 535 1163 1163 552 535 1164 1164 547 536 1165 1165 548 537 1166 1166 550 538 1167 1167 549 533 1168 1168 552 535 1169 1169 551 534 1170 1170 547 536 1171 1171 552 535 1172 1172 550 538 1173 1173 552 535 1174 1174 548 537 1175 1175 555 539 1176 1176 557 540 1177 1177 558 541 1178 1178 558 541 1179 1179 553 542 1180 1180 554 543 1181 1181 556 544 1182 1182 555 539 1183 1183 558 541 1184 1184 557 540 1185 1185 553 542 1186 1186 558 541 1187 1187 556 544 1188 1188 558 541 1189 1189 554 543 1190 1190 561 545 1191 1191 563 546 1192 1192 564 547 1193 1193 564 547 1194 1194 559 548 1195 1195 560 549 1196 1196 562 550 1197 1197 561 545 1198 1198 564 547 1199 1199 563 546 1200 1200 559 548 1201 1201 564 547 1202 1202 562 550 1203 1203 564 547 1204 1204 560 549 1205 1205 567 551 1206 1206 569 552 1207 1207 570 553 1208 1208 570 553 1209 1209 565 554 1210 1210 566 555 1211 1211 568 556 1212 1212 567 551 1213 1213 570 553 1214 1214 569 552 1215 1215 565 554 1216 1216 570 553 1217 1217 568 556 1218 1218 570 553 1219 1219 566 555 1220 1220 573 557 1221 1221 575 558 1222 1222 576 559 1223 1223 576 559 1224 1224 571 560 1225 1225 572 561 1226 1226 574 562 1227 1227 573 557 1228 1228 576 559 1229 1229 575 558 1230 1230 571 560 1231 1231 576 559 1232 1232 574 562 1233 1233 576 559 1234 1234 572 561 1235 1235 579 563 1236 1236 581 564 1237 1237 582 565 1238 1238 582 565 1239 1239 577 566 1240 1240 578 567 1241 1241 580 568 1242 1242 579 563 1243 1243 582 565 1244 1244 581 564 1245 1245 577 566 1246 1246 582 565 1247 1247 580 568 1248 1248 582 565 1249 1249 578 567 1250 1250 585 569 1251 1251 587 570 1252 1252 588 571 1253 1253 588 571 1254 1254 583 572 1255 1255 584 573 1256 1256 586 574 1257 1257 585 569 1258 1258 588 571 1259 1259 587 570 1260 1260 583 572 1261 1261 588 571 1262 1262 586 574 1263 1263 588 571 1264 1264 584 573 1265 1265 591 575 1266 1266 593 576 1267 1267 594 577 1268 1268 594 577 1269 1269 589 578 1270 1270 590 579 1271 1271 592 580 1272 1272 591 575 1273 1273 594 577 1274 1274 593 576 1275 1275 589 578 1276 1276 594 577 1277 1277 592 580 1278 1278 594 577 1279 1279 590 579 1280 1280 597 581 1281 1281 599 582 1282 1282 600 583 1283 1283 600 583 1284 1284 595 584 1285 1285 596 585 1286 1286 598 586 1287 1287 597 581 1288 1288 600 583 1289 1289 599 582 1290 1290 595 584 1291 1291 600 583 1292 1292 598 586 1293 1293 600 583 1294 1294 596 585 1295 1295 603 587 1296 1296 605 588 1297 1297 606 589 1298 1298 606 589 1299 1299 601 590 1300 1300 602 591 1301 1301 604 592 1302 1302 603 587 1303 1303 606 589 1304 1304 605 588 1305 1305 601 590 1306 1306 606 589 1307 1307 604 592 1308 1308 606 589 1309 1309 602 591 1310 1310 609 593 1311 1311 611 594 1312 1312 612 595 1313 1313 612 595 1314 1314 607 596 1315 1315 608 597 1316 1316 610 598 1317 1317 609 593 1318 1318 612 595 1319 1319 611 594 1320 1320 607 596 1321 1321 612 595 1322 1322 610 598 1323 1323 612 595 1324 1324 608 597 1325 1325 615 599 1326 1326 617 600 1327 1327 618 601 1328 1328 618 601 1329 1329 613 602 1330 1330 614 603 1331 1331 616 604 1332 1332 615 599 1333 1333 618 601 1334 1334 617 600 1335 1335 613 602 1336 1336 618 601 1337 1337 616 604 1338 1338 618 601 1339 1339 614 603 1340 1340 621 605 1341 1341 623 606 1342 1342 624 607 1343 1343 624 607 1344 1344 619 608 1345 1345 620 609 1346 1346 622 610 1347 1347 621 605 1348 1348 624 607 1349 1349 623 606 1350 1350 619 608 1351 1351 624 607 1352 1352 622 610 1353 1353 624 607 1354 1354 620 609 1355 1355 627 611 1356 1356 629 612 1357 1357 630 613 1358 1358 630 613 1359 1359 625 614 1360 1360 626 615 1361 1361 628 616 1362 1362 627 611 1363 1363 630 613 1364 1364 629 612 1365 1365 625 614 1366 1366 630 613 1367 1367 628 616 1368 1368 630 613 1369 1369 626 615 1370 1370 633 617 1371 1371 635 618 1372 1372 636 619 1373 1373 636 619 1374 1374 631 620 1375 1375 632 621 1376 1376 634 622 1377 1377 633 617 1378 1378 636 619 1379 1379 635 618 1380 1380 631 620 1381 1381 636 619 1382 1382 634 622 1383 1383 636 619 1384 1384 632 621 1385 1385 639 623 1386 1386 641 624 1387 1387 642 625 1388 1388 642 625 1389 1389 637 626 1390 1390 638 627 1391 1391 640 628 1392 1392 639 623 1393 1393 642 625 1394 1394 641 624 1395 1395 637 626 1396 1396 642 625 1397 1397 640 628 1398 1398 642 625 1399 1399 638 627 1400 1400 645 629 1401 1401 647 630 1402 1402 648 631 1403 1403 648 631 1404 1404 643 632 1405 1405 644 633 1406 1406 646 634 1407 1407 645 629 1408 1408 648 631 1409 1409 647 630 1410 1410 643 632 1411 1411 648 631 1412 1412 646 634 1413 1413 648 631 1414 1414 644 633 1415 1415 651 635 1416 1416 653 636 1417 1417 654 637 1418 1418 654 637 1419 1419 649 638 1420 1420 650 639 1421 1421 652 640 1422 1422 651 635 1423 1423 654 637 1424 1424 653 636 1425 1425 649 638 1426 1426 654 637 1427 1427 652 640 1428 1428 654 637 1429 1429 650 639 1430 1430 657 641 1431 1431 659 642 1432 1432 660 643 1433 1433 660 643 1434 1434 655 644 1435 1435 656 645 1436 1436 658 646 1437 1437 657 641 1438 1438 660 643 1439 1439 659 642 1440 1440 655 644 1441 1441 660 643 1442 1442 658 646 1443 1443 660 643 1444 1444 656 645 1445 1445 663 647 1446 1446 665 648 1447 1447 666 649 1448 1448 666 649 1449 1449 661 650 1450 1450 662 651 1451 1451 664 652 1452 1452 663 647 1453 1453 666 649 1454 1454 665 648 1455 1455 661 650 1456 1456 666 649 1457 1457 664 652 1458 1458 666 649 1459 1459 662 651 1460 1460 669 653 1461 1461 671 654 1462 1462 672 655 1463 1463 672 655 1464 1464 667 656 1465 1465 668 657 1466 1466 670 658 1467 1467 669 653 1468 1468 672 655 1469 1469 671 654 1470 1470 667 656 1471 1471 672 655 1472 1472 670 658 1473 1473 672 655 1474 1474 668 657 1475 1475 675 659 1476 1476 677 660 1477 1477 678 661 1478 1478 678 661 1479 1479 673 662 1480 1480 674 663 1481 1481 676 664 1482 1482 675 659 1483 1483 678 661 1484 1484 677 660 1485 1485 673 662 1486 1486 678 661 1487 1487 676 664 1488 1488 678 661 1489 1489 674 663 1490 1490 681 665 1491 1491 683 666 1492 1492 684 667 1493 1493 684 667 1494 1494 679 668 1495 1495 680 669 1496 1496 682 670 1497 1497 681 665 1498 1498 684 667 1499 1499 683 666 1500 1500 679 668 1501 1501 684 667 1502 1502 682 670 1503 1503 684 667 1504 1504 680 669 1505 1505 687 671 1506 1506 689 672 1507 1507 690 673 1508 1508 690 673 1509 1509 685 674 1510 1510 686 675 1511 1511 688 676 1512 1512 687 671 1513 1513 690 673 1514 1514 689 672 1515 1515 685 674 1516 1516 690 673 1517 1517 688 676 1518 1518 690 673 1519 1519 686 675 1520 1520 693 677 1521 1521 695 678 1522 1522 696 679 1523 1523 696 679 1524 1524 691 680 1525 1525 692 681 1526 1526 694 682 1527 1527 693 677 1528 1528 696 679 1529 1529 695 678 1530 1530 691 680 1531 1531 696 679 1532 1532 694 682 1533 1533 696 679 1534 1534 692 681 1535 1535 699 683 1536 1536 701 684 1537 1537 702 685 1538 1538 702 685 1539 1539 697 686 1540 1540 698 687 1541 1541 700 688 1542 1542 699 683 1543 1543 702 685 1544 1544 701 684 1545 1545 697 686 1546 1546 702 685 1547 1547 700 688 1548 1548 702 685 1549 1549 698 687 1550 1550 705 689 1551 1551 707 690 1552 1552 708 691 1553 1553 708 691 1554 1554 703 692 1555 1555 704 693 1556 1556 706 694 1557 1557 705 689 1558 1558 708 691 1559 1559 707 690 1560 1560 703 692 1561 1561 708 691 1562 1562 706 694 1563 1563 708 691 1564 1564 704 693 1565 1565 711 695 1566 1566 713 696 1567 1567 714 697 1568 1568 714 697 1569 1569 709 698 1570 1570 710 699 1571 1571 712 700 1572 1572 711 695 1573 1573 714 697 1574 1574 713 696 1575 1575 709 698 1576 1576 714 697 1577 1577 712 700 1578 1578 714 697 1579 1579 710 699 1580 1580 717 701 1581 1581 719 702 1582 1582 720 703 1583 1583 720 703 1584 1584 715 704 1585 1585 716 705 1586 1586 718 706 1587 1587 717 701 1588 1588 720 703 1589 1589 719 702 1590 1590 715 704 1591 1591 720 703 1592 1592 718 706 1593 1593 720 703 1594 1594 716 705 1595 1595 723 707 1596 1596 725 708 1597 1597 726 709 1598 1598 726 709 1599 1599 721 710 1600 1600 722 711 1601 1601 724 712 1602 1602 723 707 1603 1603 726 709 1604 1604 725 708 1605 1605 721 710 1606 1606 726 709 1607 1607 724 712 1608 1608 726 709 1609 1609 722 711 1610 1610 729 713 1611 1611 731 714 1612 1612 732 715 1613 1613 732 715 1614 1614 727 716 1615 1615 728 717 1616 1616 730 718 1617 1617 729 713 1618 1618 732 715 1619 1619 731 714 1620 1620 727 716 1621 1621 732 715 1622 1622 730 718 1623 1623 732 715 1624 1624 728 717 1625 1625 735 719 1626 1626 737 720 1627 1627 738 721 1628 1628 738 721 1629 1629 733 722 1630 1630 734 723 1631 1631 736 724 1632 1632 735 719 1633 1633 738 721 1634 1634 737 720 1635 1635 733 722 1636 1636 738 721 1637 1637 736 724 1638 1638 738 721 1639 1639 734 723 1640 1640 741 725 1641 1641 743 726 1642 1642 744 727 1643 1643 744 727 1644 1644 739 728 1645 1645 740 729 1646 1646 742 730 1647 1647 741 725 1648 1648 744 727 1649 1649 743 726 1650 1650 739 728 1651 1651 744 727 1652 1652 742 730 1653 1653 744 727 1654 1654 740 729 1655 1655 747 731 1656 1656 749 732 1657 1657 750 733 1658 1658 750 733 1659 1659 745 734 1660 1660 746 735 1661 1661 748 736 1662 1662 747 731 1663 1663 750 733 1664 1664 749 732 1665 1665 745 734 1666 1666 750 733 1667 1667 748 736 1668 1668 750 733 1669 1669 746 735 1670 1670 753 737 1671 1671 755 738 1672 1672 756 739 1673 1673 756 739 1674 1674 751 740 1675 1675 752 741 1676 1676 754 742 1677 1677 753 737 1678 1678 756 739 1679 1679 755 738 1680 1680 751 740 1681 1681 756 739 1682 1682 754 742 1683 1683 756 739 1684 1684 752 741 1685 1685 759 743 1686 1686 761 744 1687 1687 762 745 1688 1688 762 745 1689 1689 757 746 1690 1690 758 747 1691 1691 760 748 1692 1692 759 743 1693 1693 762 745 1694 1694 761 744 1695 1695 757 746 1696 1696 762 745 1697 1697 760 748 1698 1698 762 745 1699 1699 758 747 1700 1700 765 749 1701 1701 767 750 1702 1702 768 751 1703 1703 768 751 1704 1704 763 752 1705 1705 764 753 1706 1706 766 754 1707 1707 765 749 1708 1708 768 751 1709 1709 767 750 1710 1710 763 752 1711 1711 768 751 1712 1712 766 754 1713 1713 768 751 1714 1714 764 753 1715 1715 771 755 1716 1716 773 756 1717 1717 774 757 1718 1718 774 757 1719 1719 769 758 1720 1720 770 759 1721 1721 772 760 1722 1722 771 755 1723 1723 774 757 1724 1724 773 756 1725 1725 769 758 1726 1726 774 757 1727 1727 772 760 1728 1728 774 757 1729 1729 770 759 1730 1730 777 761 1731 1731 779 762 1732 1732 780 763 1733 1733 780 763 1734 1734 775 764 1735 1735 776 765 1736 1736 778 766 1737 1737 777 761 1738 1738 780 763 1739 1739 779 762 1740 1740 775 764 1741 1741 780 763 1742 1742 778 766 1743 1743 780 763 1744 1744 776 765 1745 1745 783 767 1746 1746 785 768 1747 1747 786 769 1748 1748 786 769 1749 1749 781 770 1750 1750 782 771 1751 1751 784 772 1752 1752 783 767 1753 1753 786 769 1754 1754 785 768 1755 1755 781 770 1756 1756 786 769 1757 1757 784 772 1758 1758 786 769 1759 1759 782 771 1760 1760 789 773 1761 1761 791 774 1762 1762 792 775 1763 1763 792 775 1764 1764 787 776 1765 1765 788 777 1766 1766 790 778 1767 1767 789 773 1768 1768 792 775 1769 1769 791 774 1770 1770 787 776 1771 1771 792 775 1772 1772 790 778 1773 1773 792 775 1774 1774 788 777 1775 1775 795 779 1776 1776 797 780 1777 1777 798 781 1778 1778 798 781 1779 1779 793 782 1780 1780 794 783 1781 1781 796 784 1782 1782 795 779 1783 1783 798 781 1784 1784 797 780 1785 1785 793 782 1786 1786 798 781 1787 1787 796 784 1788 1788 798 781 1789 1789 794 783 1790 1790 801 785 1791 1791 803 786 1792 1792 804 787 1793 1793 804 787 1794 1794 799 788 1795 1795 800 789 1796 1796 802 790 1797 1797 801 785 1798 1798 804 787 1799 1799 803 786 1800 1800 799 788 1801 1801 804 787 1802 1802 802 790 1803 1803 804 787 1804 1804 800 789 1805 1805 807 791 1806 1806 809 792 1807 1807 810 793 1808 1808 810 793 1809 1809 805 794 1810 1810 806 795 1811 1811 808 796 1812 1812 807 791 1813 1813 810 793 1814 1814 809 792 1815 1815 805 794 1816 1816 810 793 1817 1817 808 796 1818 1818 810 793 1819 1819 806 795 1820 1820 813 641 1821 1821 815 642 1822 1822 816 643 1823 1823 816 643 1824 1824 811 644 1825 1825 812 645 1826 1826 814 646 1827 1827 813 641 1828 1828 816 643 1829 1829 815 642 1830 1830 811 644 1831 1831 816 643 1832 1832 814 646 1833 1833 816 643 1834 1834 812 645 1835 1835 819 797 1836 1836 821 798 1837 1837 822 799 1838 1838 822 799 1839 1839 817 800 1840 1840 818 801 1841 1841 820 802 1842 1842 819 797 1843 1843 822 799 1844 1844 821 798 1845 1845 817 800 1846 1846 822 799 1847 1847 820 802 1848 1848 822 799 1849 1849 818 801 1850 1850 825 803 1851 1851 827 804 1852 1852 828 805 1853 1853 828 805 1854 1854 823 806 1855 1855 824 807 1856 1856 826 808 1857 1857 825 803 1858 1858 828 805 1859 1859 827 804 1860 1860 823 806 1861 1861 828 805 1862 1862 826 808 1863 1863 828 805 1864 1864 824 807 1865 1865 831 809 1866 1866 833 810 1867 1867 834 811 1868 1868 834 811 1869 1869 829 812 1870 1870 830 813 1871 1871 832 814 1872 1872 831 809 1873 1873 834 811 1874 1874 833 810 1875 1875 829 812 1876 1876 834 811 1877 1877 832 814 1878 1878 834 811 1879 1879 830 813 1880 1880 840 815 1881 1881 841 816 1882 1882 842 817 1883 1883 839 818 1884 1884 843 819 1885 1885 835 820 1886 1886 840 815 1887 1887 839 818 1888 1888 836 821 1889 1889 843 819 1890 1890 837 822 1891 1891 835 820 1892 1892 841 816 1893 1893 843 819 1894 1894 842 817 1895 1895 910 888 2061 2061 909 889 2062 2062 912 890 2063 2063 911 891 2064 2064 910 888 2065 2065 912 890 2066 2066 909 889 2067 2067 911 891 2068 2068 912 890 2069 2069 914 892 2070 2070 913 893 2071 2071 916 894 2072 2072 915 895 2073 2073 914 892 2074 2074 916 894 2075 2075 913 893 2076 2076 915 895 2077 2077 916 894 2078 2078 922 896 2079 2079 923 897 2080 2080 924 898 2081 2081 921 899 2082 2082 925 900 2083 2083 917 901 2084 2084 918 902 2085 2085 924 898 2086 2086 921 899 2087 2087 925 900 2088 2088 919 903 2089 2089 917 901 2090 2090 923 897 2091 2091 925 900 2092 2092 924 898 2093 2093 929 904 2094 2094 926 905 2095 2095 927 906 2096 2096 928 907 2097 2097 929 904 2098 2098 927 906 2099 2099 933 908 2100 2100 930 909 2101 2101 931 910 2102 2102 932 911 2103 2103 933 908 2104 2104 931 910 2105 2105 939 912 2106 2106 936 913 2107 2107 937 914 2108 2108 935 915 2109 2109 934 916 2110 2110 938 917 2111 2111 941 918 2112 2112 939 912 2113 2113 940 919 2114 2114 940 919 2115 2115 939 912 2116 2116 937 914 2117 2117 941 918 2118 2118 935 915 2119 2119 938 917 2120 2120 947 920 2121 2121 944 921 2122 2122 945 922 2123 2123 943 923 2124 2124 942 924 2125 2125 946 925 2126 2126 949 926 2127 2127 947 920 2128 2128 948 927 2129 2129 948 927 2130 2130 947 920 2131 2131 945 922 2132 2132 949 926 2133 2133 943 923 2134 2134 946 925 2135 2135 952 928 2136 2136 954 929 2137 2137 955 930 2138 2138 955 930 2139 2139 950 931 2140 2140 951 932 2141 2141 953 933 2142 2142 952 928 2143 2143 955 930 2144 2144 954 929 2145 2145 950 931 2146 2146 955 930 2147 2147 953 933 2148 2148 955 930 2149 2149 951 932 2150 2150 958 934 2151 2151 960 935 2152 2152 959 936 2153 2153 961 937 2154 2154 962 938 2155 2155 959 936 2156 2156 960 935 2157 2157 956 939 2158 2158 959 936 2159 2159 959 936 2160 2160 962 938 2161 2161 957 940 2162 2162 956 939 2163 2163 961 937 2164 2164 959 936 2165 2165 965 941 2166 2166 967 942 2167 2167 966 943 2168 2168 968 944 2169 2169 969 945 2170 2170 966 943 2171 2171 967 942 2172 2172 963 946 2173 2173 966 943 2174 2174 966 943 2175 2175 969 945 2176 2176 964 947 2177 2177 963 946 2178 2178 968 944 2179 2179 966 943 2180 2180 975 948 2181 2181 972 949 2182 2182 973 950 2183 2183 971 951 2184 2184 970 952 2185 2185 974 953 2186 2186 977 954 2187 2187 975 948 2188 2188 976 955 2189 2189 976 955 2190 2190 975 948 2191 2191 973 950 2192 2192 977 954 2193 2193 971 951 2194 2194 974 953 2195 2195 983 956 2196 2196 980 957 2197 2197 981 958 2198 2198 979 959 2199 2199 978 960 2200 2200 982 961 2201 2201 985 962 2202 2202 983 956 2203 2203 984 963 2204 2204 984 963 2205 2205 983 956 2206 2206 981 958 2207 2207 985 962 2208 2208 979 959 2209 2209 982 961 2210 2210 991 964 2211 2211 988 965 2212 2212 989 966 2213 2213 987 967 2214 2214 986 968 2215 2215 990 969 2216 2216 993 970 2217 2217 991 964 2218 2218 992 971 2219 2219 992 971 2220 2220 991 964 2221 2221 989 966 2222 2222 993 970 2223 2223 987 967 2224 2224 990 969 2225 2225 997 972 2226 2226 994 973 2227 2227 995 974 2228 2228 996 975 2229 2229 997 972 2230 2230 995 974 2231 2231 999 976 2232 2232 998 977 2233 2233 1001 978 2234 2234 1000 979 2235 2235 999 976 2236 2236 1001 978 2237 2237 998 977 2238 2238 1000 979 2239 2239 1001 978 2240 2240 1003 980 2241 2241 1002 981 2242 2242 1005 982 2243 2243 1004 983 2244 2244 1003 980 2245 2245 1005 982 2246 2246 1002 981 2247 2247 1004 983 2248 2248 1005 982 2249 2249 1011 984 2250 2250 1012 985 2251 2251 1013 986 2252 2252 1010 987 2253 2253 1014 988 2254 2254 1006 989 2255 2255 1007 990 2256 2256 1013 986 2257 2257 1010 987 2258 2258 1014 988 2259 2259 1008 991 2260 2260 1006 989 2261 2261 1012 985 2262 2262 1014 988 2263 2263 1013 986 2264 2264 1018 992 2265 2265 1015 993 2266 2266 1016 994 2267 2267 1017 995 2268 2268 1018 992 2269 2269 1016 994 2270 2270 1022 996 2271 2271 1019 997 2272 2272 1020 998 2273 2273 1021 999 2274 2274 1022 996 2275 2275 1020 998 2276 2276 1028 1000 2277 2277 1025 1001 2278 2278 1026 1002 2279 2279 1024 1003 2280 2280 1023 1004 2281 2281 1027 1005 2282 2282 1030 1006 2283 2283 1028 1000 2284 2284 1029 1007 2285 2285 1029 1007 2286 2286 1028 1000 2287 2287 1026 1002 2288 2288 1030 1006 2289 2289 1024 1003 2290 2290 1027 1005 2291 2291 1036 1008 2292 2292 1033 1009 2293 2293 1034 1010 2294 2294 1032 1011 2295 2295 1031 1012 2296 2296 1035 1013 2297 2297 1038 1014 2298 2298 1036 1008 2299 2299 1037 1015 2300 2300 1037 1015 2301 2301 1036 1008 2302 2302 1034 1010 2303 2303 1038 1014 2304 2304 1032 1011 2305 2305 1035 1013 2306 2306 1041 1016 2307 2307 1043 1017 2308 2308 1044 1018 2309 2309 1044 1018 2310 2310 1039 1019 2311 2311 1040 1020 2312 2312 1042 1021 2313 2313 1041 1016 2314 2314 1044 1018 2315 2315 1043 1017 2316 2316 1039 1019 2317 2317 1044 1018 2318 2318 1042 1021 2319 2319 1044 1018 2320 2320 1040 1020 2321 2321 1047 1022 2322 2322 1049 1023 2323 2323 1048 1024 2324 2324 1050 1025 2325 2325 1051 1026 2326 2326 1048 1024 2327 2327 1049 1023 2328 2328 1045 1027 2329 2329 1048 1024 2330 2330 1048 1024 2331 2331 1051 1026 2332 2332 1046 1028 2333 2333 1045 1027 2334 2334 1050 1025 2335 2335 1048 1024 2336 2336 1054 1029 2337 2337 1056 1030 2338 2338 1055 1031 2339 2339 1057 1032 2340 2340 1058 1033 2341 2341 1055 1031 2342 2342 1056 1030 2343 2343 1052 1034 2344 2344 1055 1031 2345 2345 1055 1031 2346 2346 1058 1033 2347 2347 1053 1035 2348 2348 1052 1034 2349 2349 1057 1032 2350 2350 1055 1031 2351 2351 1064 1036 2352 2352 1061 1037 2353 2353 1062 1038 2354 2354 1060 1039 2355 2355 1059 1040 2356 2356 1063 1041 2357 2357 1066 1042 2358 2358 1064 1036 2359 2359 1065 1043 2360 2360 1065 1043 2361 2361 1064 1036 2362 2362 1062 1038 2363 2363 1066 1042 2364 2364 1060 1039 2365 2365 1063 1041 2366 2366 1072 1044 2367 2367 1069 1045 2368 2368 1070 1046 2369 2369 1068 1047 2370 2370 1067 1048 2371 2371 1071 1049 2372 2372 1074 1050 2373 2373 1072 1044 2374 2374 1073 1051 2375 2375 1073 1051 2376 2376 1072 1044 2377 2377 1070 1046 2378 2378 1074 1050 2379 2379 1068 1047 2380 2380 1071 1049 2381 2381 1080 1052 2382 2382 1077 1053 2383 2383 1078 1054 2384 2384 1076 1055 2385 2385 1075 1056 2386 2386 1079 1057 2387 2387 1082 1058 2388 2388 1080 1052 2389 2389 1081 1059 2390 2390 1081 1059 2391 2391 1080 1052 2392 2392 1078 1054 2393 2393 1082 1058 2394 2394 1076 1055 2395 2395 1079 1057 2396 2396 1086 1060 2397 2397 1083 1061 2398 2398 1084 1062 2399 2399 1085 1063 2400 2400 1086 1060 2401 2401 1084 1062 2402 2402 1092 1064 2403 2403 1089 1065 2404 2404 1090 1066 2405 2405 1088 1067 2406 2406 1087 1068 2407 2407 1091 1069 2408 2408 1094 1070 2409 2409 1092 1064 2410 2410 1093 1071 2411 2411 1093 1071 2412 2412 1092 1064 2413 2413 1090 1066 2414 2414 1094 1070 2415 2415 1088 1067 2416 2416 1091 1069 2417 2417 1100 1072 2418 2418 1097 1073 2419 2419 1098 1074 2420 2420 1096 1075 2421 2421 1095 1076 2422 2422 1099 1077 2423 2423 1102 1078 2424 2424 1100 1072 2425 2425 1101 1079 2426 2426 1101 1079 2427 2427 1100 1072 2428 2428 1098 1074 2429 2429 1102 1078 2430 2430 1096 1075 2431 2431 1099 1077 2432 2432 1108 1080 2433 2433 1105 1073 2434 2434 1106 1074 2435 2435 1104 1075 2436 2436 1103 1076 2437 2437 1107 1077 2438 2438 1110 1078 2439 2439 1108 1080 2440 2440 1109 1079 2441 2441 1109 1079 2442 2442 1108 1080 2443 2443 1106 1074 2444 2444 1110 1078 2445 2445 1104 1075 2446 2446 1107 1077 2447 2447 1116 1081 2448 2448 1113 1082 2449 2449 1114 1083 2450 2450 1112 1084 2451 2451 1111 1085 2452 2452 1115 1086 2453 2453 1118 1087 2454 2454 1116 1081 2455 2455 1117 1088 2456 2456 1117 1088 2457 2457 1116 1081 2458 2458 1114 1083 2459 2459 1118 1087 2460 2460 1112 1084 2461 2461 1115 1086 2462 2462 1124 1089 2463 2463 1121 1090 2464 2464 1122 1091 2465 2465 1120 1092 2466 2466 1119 1093 2467 2467 1123 1094 2468 2468 1126 1095 2469 2469 1124 1089 2470 2470 1125 1096 2471 2471 1125 1096 2472 2472 1124 1089 2473 2473 1122 1091 2474 2474 1126 1095 2475 2475 1120 1092 2476 2476 1123 1094 2477 2477 1132 1097 2478 2478 1129 1098 2479 2479 1130 1099 2480 2480 1128 1100 2481 2481 1127 1101 2482 2482 1131 1102 2483 2483 1134 1103 2484 2484 1132 1097 2485 2485 1133 1104 2486 2486 1133 1104 2487 2487 1132 1097 2488 2488 1130 1099 2489 2489 1134 1103 2490 2490 1128 1100 2491 2491 1131 1102 2492 2492 1140 1105 2493 2493 1137 1106 2494 2494 1138 1107 2495 2495 1136 1108 2496 2496 1135 1109 2497 2497 1139 1110 2498 2498 1142 1111 2499 2499 1140 1105 2500 2500 1141 1112 2501 2501 1141 1112 2502 2502 1140 1105 2503 2503 1138 1107 2504 2504 1142 1111 2505 2505 1136 1108 2506 2506 1139 1110 2507 2507 1148 1113 2508 2508 1145 1114 2509 2509 1146 1115 2510 2510 1144 1116 2511 2511 1143 1117 2512 2512 1147 1118 2513 2513 1150 1119 2514 2514 1148 1113 2515 2515 1149 1120 2516 2516 1149 1120 2517 2517 1148 1113 2518 2518 1146 1115 2519 2519 1150 1119 2520 2520 1144 1116 2521 2521 1147 1118 2522 2522 1156 1121 2523 2523 1153 1122 2524 2524 1154 1123 2525 2525 1152 1124 2526 2526 1151 1125 2527 2527 1155 1126 2528 2528 1158 1127 2529 2529 1156 1121 2530 2530 1157 1128 2531 2531 1157 1128 2532 2532 1156 1121 2533 2533 1154 1123 2534 2534 1158 1127 2535 2535 1152 1124 2536 2536 1155 1126 2537 2537 1164 1129 2538 2538 1161 1130 2539 2539 1162 1131 2540 2540 1160 1132 2541 2541 1159 1133 2542 2542 1163 1134 2543 2543 1166 1135 2544 2544 1164 1129 2545 2545 1165 1136 2546 2546 1165 1136 2547 2547 1164 1129 2548 2548 1162 1131 2549 2549 1166 1135 2550 2550 1160 1132 2551 2551 1163 1134 2552 2552 1172 1137 2553 2553 1169 1138 2554 2554 1170 1139 2555 2555 1168 1140 2556 2556 1167 1141 2557 2557 1171 1142 2558 2558 1174 1143 2559 2559 1172 1137 2560 2560 1173 1144 2561 2561 1173 1144 2562 2562 1172 1137 2563 2563 1170 1139 2564 2564 1174 1143 2565 2565 1168 1140 2566 2566 1171 1142 2567 2567 1180 1145 2568 2568 1177 1146 2569 2569 1178 1147 2570 2570 1176 1148 2571 2571 1175 1149 2572 2572 1179 1150 2573 2573 1182 1151 2574 2574 1180 1145 2575 2575 1181 1152 2576 2576 1181 1152 2577 2577 1180 1145 2578 2578 1178 1147 2579 2579 1182 1151 2580 2580 1176 1148 2581 2581 1179 1150 2582 2582 1188 1153 2583 2583 1185 1154 2584 2584 1186 1155 2585 2585 1184 1156 2586 2586 1183 1157 2587 2587 1187 1158 2588 2588 1190 1159 2589 2589 1188 1153 2590 2590 1189 1160 2591 2591 1189 1160 2592 2592 1188 1153 2593 2593 1186 1155 2594 2594 1190 1159 2595 2595 1184 1156 2596 2596 1187 1158 2597 2597 1196 1161 2598 2598 1193 1162 2599 2599 1194 1163 2600 2600 1192 1164 2601 2601 1191 1165 2602 2602 1195 1166 2603 2603 1198 1167 2604 2604 1196 1161 2605 2605 1197 1168 2606 2606 1197 1168 2607 2607 1196 1161 2608 2608 1194 1163 2609 2609 1198 1167 2610 2610 1192 1164 2611 2611 1195 1166 2612 2612 1204 1169 2613 2613 1201 1170 2614 2614 1202 1171 2615 2615 1200 1172 2616 2616 1199 1173 2617 2617 1203 1174 2618 2618 1206 1175 2619 2619 1204 1169 2620 2620 1205 1176 2621 2621 1205 1176 2622 2622 1204 1169 2623 2623 1202 1171 2624 2624 1206 1175 2625 2625 1200 1172 2626 2626 1203 1174 2627 2627 1212 1177 2628 2628 1209 1178 2629 2629 1210 1179 2630 2630 1208 1180 2631 2631 1207 1181 2632 2632 1211 1182 2633 2633 1214 1183 2634 2634 1212 1177 2635 2635 1213 1184 2636 2636 1213 1184 2637 2637 1212 1177 2638 2638 1210 1179 2639 2639 1214 1183 2640 2640 1208 1180 2641 2641 1211 1182 2642 2642 1220 1185 2643 2643 1217 1186 2644 2644 1218 1187 2645 2645 1216 1188 2646 2646 1215 1189 2647 2647 1219 1190 2648 2648 1222 1191 2649 2649 1220 1185 2650 2650 1221 1192 2651 2651 1221 1192 2652 2652 1220 1185 2653 2653 1218 1187 2654 2654 1222 1191 2655 2655 1216 1188 2656 2656 1219 1190 2657 2657 1228 1193 2658 2658 1225 1194 2659 2659 1226 1195 2660 2660 1224 1196 2661 2661 1223 1197 2662 2662 1227 1198 2663 2663 1230 1199 2664 2664 1228 1193 2665 2665 1229 1200 2666 2666 1229 1200 2667 2667 1228 1193 2668 2668 1226 1195 2669 2669 1230 1199 2670 2670 1224 1196 2671 2671 1227 1198 2672 2672 1236 1201 2673 2673 1233 1202 2674 2674 1234 1203 2675 2675 1232 1204 2676 2676 1231 1205 2677 2677 1235 1206 2678 2678 1238 1207 2679 2679 1236 1201 2680 2680 1237 1208 2681 2681 1237 1208 2682 2682 1236 1201 2683 2683 1234 1203 2684 2684 1238 1207 2685 2685 1232 1204 2686 2686 1235 1206 2687 2687 1244 1209 2688 2688 1241 1210 2689 2689 1242 1211 2690 2690 1240 1212 2691 2691 1239 1213 2692 2692 1243 1214 2693 2693 1246 1215 2694 2694 1244 1209 2695 2695 1245 1216 2696 2696 1245 1216 2697 2697 1244 1209 2698 2698 1242 1211 2699 2699 1246 1215 2700 2700 1240 1212 2701 2701 1243 1214 2702 2702 1252 1209 2703 2703 1249 1210 2704 2704 1250 1211 2705 2705 1248 1212 2706 2706 1247 1213 2707 2707 1251 1214 2708 2708 1254 1215 2709 2709 1252 1209 2710 2710 1253 1216 2711 2711 1253 1216 2712 2712 1252 1209 2713 2713 1250 1211 2714 2714 1254 1215 2715 2715 1248 1212 2716 2716 1251 1214 2717 2717 1260 1217 2718 2718 1257 1218 2719 2719 1258 1219 2720 2720 1256 1220 2721 2721 1255 1221 2722 2722 1259 1222 2723 2723 1262 1223 2724 2724 1260 1217 2725 2725 1261 1224 2726 2726 1261 1224 2727 2727 1260 1217 2728 2728 1258 1219 2729 2729 1262 1223 2730 2730 1256 1220 2731 2731 1259 1222 2732 2732 1265 1225 2733 2733 1263 1226 2734 2734 1266 1227 2735 2735 1263 1226 2736 2736 1264 1228 2737 2737 1266 1227 2738 2738 1270 1229 2739 2739 1267 1230 2740 2740 1269 1231 2741 2741 1267 1230 2742 2742 1268 1232 2743 2743 1269 1231 2744 2744 1273 1225 2745 2745 1271 1226 2746 2746 1274 1233 2747 2747 1271 1226 2748 2748 1272 1228 2749 2749 1274 1233 2750 2750 1278 1229 2751 2751 1275 1230 2752 2752 1277 1231 2753 2753 1275 1230 2754 2754 1276 1232 2755 2755 1277 1231 2756 2756 1281 1234 2757 2757 1279 1235 2758 2758 1282 1236 2759 2759 1279 1235 2760 2760 1280 1237 2761 2761 1282 1236 2762 2762 1286 1238 2763 2763 1283 1239 2764 2764 1285 1240 2765 2765 1283 1239 2766 2766 1284 1241 2767 2767 1285 1240 2768 2768 1289 1242 2769 2769 1287 1243 2770 2770 1290 1244 2771 2771 1287 1243 2772 2772 1288 1245 2773 2773 1290 1244 2774 2774 1294 1246 2775 2775 1291 1247 2776 2776 1293 1248 2777 2777 1291 1247 2778 2778 1292 1249 2779 2779 1293 1248 2780 2780 1297 1250 2781 2781 1295 1251 2782 2782 1298 1252 2783 2783 1295 1251 2784 2784 1296 1253 2785 2785 1298 1252 2786 2786 1302 1254 2787 2787 1299 1255 2788 2788 1301 1256 2789 2789 1299 1255 2790 2790 1300 1257 2791 2791 1301 1256 2792 2792 1305 1258 2793 2793 1303 1259 2794 2794 1306 1260 2795 2795 1303 1259 2796 2796 1304 1261 2797 2797 1306 1260 2798 2798 1310 1262 2799 2799 1307 1263 2800 2800 1309 1264 2801 2801 1307 1263 2802 2802 1308 1265 2803 2803 1309 1264 2804 2804 1313 1266 2805 2805 1311 1267 2806 2806 1314 1268 2807 2807 1311 1267 2808 2808 1312 1269 2809 2809 1314 1268 2810 2810 1318 1270 2811 2811 1315 1271 2812 2812 1317 1272 2813 2813 1315 1271 2814 2814 1316 1273 2815 2815 1317 1272 2816 2816 1321 1274 2817 2817 1319 1275 2818 2818 1322 1276 2819 2819 1319 1275 2820 2820 1320 1277 2821 2821 1322 1276 2822 2822 1326 1278 2823 2823 1323 1279 2824 2824 1325 1280 2825 2825 1323 1279 2826 2826 1324 1281 2827 2827 1325 1280 2828 2828 1330 1282 2829 2829 1327 1283 2830 2830 1328 1284 2831 2831 1329 1285 2832 2832 1330 1282 2833 2833 1328 1284 2834 2834 1334 1286 2835 2835 1331 1287 2836 2836 1332 1288 2837 2837 1333 1289 2838 2838 1334 1286 2839 2839 1332 1288 2840 2840 1338 1286 2841 2841 1335 1287 2842 2842 1336 1288 2843 2843 1337 1289 2844 2844 1338 1286 2845 2845 1336 1288 2846 2846 1342 1290 2847 2847 1339 1291 2848 2848 1340 1292 2849 2849 1341 1293 2850 2850 1342 1290 2851 2851 1340 1292 2852 2852 1346 1290 2853 2853 1343 1291 2854 2854 1344 1292 2855 2855 1345 1293 2856 2856 1346 1290 2857 2857 1344 1292 2858 2858 1350 1294 2859 2859 1347 1295 2860 2860 1348 1296 2861 2861 1349 1297 2862 2862 1350 1294 2863 2863 1348 1296 2864 2864 1351 1298 2865 2865 1352 1299 2866 2866 1355 1300 2867 2867 1353 1301 2868 2868 1354 1302 2869 2869 1355 1300 2870 2870 1352 1299 2871 2871 1353 1301 2872 2872 1355 1300 2873 2873 1354 1302 2874 2874 1351 1298 2875 2875 1355 1300 2876 2876 1356 1303 2877 2877 1357 1304 2878 2878 1360 1305 2879 2879 1358 1306 2880 2880 1359 1307 2881 2881 1360 1305 2882 2882 1357 1304 2883 2883 1358 1306 2884 2884 1360 1305 2885 2885 1359 1307 2886 2886 1356 1303 2887 2887 1360 1305 2888 2888 1361 1308 2889 2889 1362 1309 2890 2890 1365 1310 2891 2891 1363 1311 2892 2892 1364 1312 2893 2893 1365 1310 2894 2894 1362 1309 2895 2895 1363 1311 2896 2896 1365 1310 2897 2897 1364 1312 2898 2898 1361 1308 2899 2899 1365 1310 2900 2900 1366 1313 2901 2901 1367 1314 2902 2902 1370 1315 2903 2903 1368 1316 2904 2904 1369 1317 2905 2905 1370 1315 2906 2906 1367 1314 2907 2907 1368 1316 2908 2908 1370 1315 2909 2909 1369 1317 2910 2910 1366 1313 2911 2911 1370 1315 2912 2912 1371 1318 2913 2913 1372 1319 2914 2914 1375 1320 2915 2915 1373 1321 2916 2916 1374 1322 2917 2917 1375 1320 2918 2918 1372 1319 2919 2919 1373 1321 2920 2920 1375 1320 2921 2921 1374 1322 2922 2922 1371 1318 2923 2923 1375 1320 2924 2924 1376 1323 2925 2925 1377 1324 2926 2926 1380 1325 2927 2927 1378 1326 2928 2928 1379 1327 2929 2929 1380 1325 2930 2930 1377 1324 2931 2931 1378 1326 2932 2932 1380 1325 2933 2933 1379 1327 2934 2934 1376 1323 2935 2935 1380 1325 2936 2936 1381 1328 2937 2937 1382 1329 2938 2938 1385 1330 2939 2939 1383 1331 2940 2940 1384 1332 2941 2941 1385 1330 2942 2942 1382 1329 2943 2943 1383 1331 2944 2944 1385 1330 2945 2945 1384 1332 2946 2946 1381 1328 2947 2947 1385 1330 2948 2948 1386 1328 2949 2949 1387 1329 2950 2950 1390 1330 2951 2951 1388 1331 2952 2952 1389 1332 2953 2953 1390 1330 2954 2954 1387 1329 2955 2955 1388 1331 2956 2956 1390 1330 2957 2957 1389 1332 2958 2958 1386 1328 2959 2959 1390 1330 2960 2960 1391 1333 2961 2961 1392 1334 2962 2962 1395 1335 2963 2963 1393 1336 2964 2964 1394 1337 2965 2965 1395 1335 2966 2966 1392 1334 2967 2967 1393 1336 2968 2968 1395 1335 2969 2969 1394 1337 2970 2970 1391 1333 2971 2971 1395 1335 2972 2972 1396 1338 2973 2973 1397 1339 2974 2974 1400 1340 2975 2975 1398 1341 2976 2976 1399 1342 2977 2977 1400 1340 2978 2978 1397 1339 2979 2979 1398 1341 2980 2980 1400 1340 2981 2981 1399 1342 2982 2982 1396 1338 2983 2983 1400 1340 2984 2984 1401 1343 2985 2985 1402 1344 2986 2986 1405 1345 2987 2987 1403 1346 2988 2988 1404 1347 2989 2989 1405 1345 2990 2990 1402 1344 2991 2991 1403 1346 2992 2992 1405 1345 2993 2993 1404 1347 2994 2994 1401 1343 2995 2995 1405 1345 2996 2996 1406 1348 2997 2997 1407 1349 2998 2998 1410 1350 2999 2999 1408 1351 3000 3000 1409 1352 3001 3001 1410 1350 3002 3002 1407 1349 3003 3003 1408 1351 3004 3004 1410 1350 3005 3005 1409 1352 3006 3006 1406 1348 3007 3007 1410 1350 3008 3008 1411 1353 3009 3009 1412 1354 3010 3010 1415 1355 3011 3011 1413 1356 3012 3012 1414 1357 3013 3013 1415 1355 3014 3014 1412 1354 3015 3015 1413 1356 3016 3016 1415 1355 3017 3017 1414 1357 3018 3018 1411 1353 3019 3019 1415 1355 3020 3020 1416 1358 3021 3021 1417 1359 3022 3022 1420 1360 3023 3023 1418 1361 3024 3024 1419 1362 3025 3025 1420 1360 3026 3026 1417 1359 3027 3027 1418 1361 3028 3028 1420 1360 3029 3029 1419 1362 3030 3030 1416 1358 3031 3031 1420 1360 3032 3032 1421 1363 3033 3033 1422 1364 3034 3034 1425 1365 3035 3035 1423 1366 3036 3036 1424 1367 3037 3037 1425 1365 3038 3038 1422 1364 3039 3039 1423 1366 3040 3040 1425 1365 3041 3041 1424 1367 3042 3042 1421 1363 3043 3043 1425 1365 3044 3044 1426 1368 3045 3045 1427 1369 3046 3046 1430 1370 3047 3047 1428 1371 3048 3048 1429 1372 3049 3049 1430 1370 3050 3050 1427 1369 3051 3051 1428 1371 3052 3052 1430 1370 3053 3053 1429 1372 3054 3054 1426 1368 3055 3055 1430 1370 3056 3056 1431 1373 3057 3057 1432 1374 3058 3058 1435 1375 3059 3059 1433 1376 3060 3060 1434 1377 3061 3061 1435 1375 3062 3062 1432 1374 3063 3063 1433 1376 3064 3064 1435 1375 3065 3065 1434 1377 3066 3066 1431 1373 3067 3067 1435 1375 3068 3068 1436 1378 3069 3069 1437 1379 3070 3070 1440 1380 3071 3071 1438 1381 3072 3072 1439 1382 3073 3073 1440 1380 3074 3074 1437 1379 3075 3075 1438 1381 3076 3076 1440 1380 3077 3077 1439 1382 3078 3078 1436 1378 3079 3079 1440 1380 3080 3080 1441 1378 3081 3081 1442 1379 3082 3082 1445 1380 3083 3083 1443 1381 3084 3084 1444 1382 3085 3085 1445 1380 3086 3086 1442 1379 3087 3087 1443 1381 3088 3088 1445 1380 3089 3089 1444 1382 3090 3090 1441 1378 3091 3091 1445 1380 3092 3092 1446 1383 3093 3093 1447 1384 3094 3094 1450 1385 3095 3095 1448 1386 3096 3096 1449 1387 3097 3097 1450 1385 3098 3098 1447 1384 3099 3099 1448 1386 3100 3100 1450 1385 3101 3101 1449 1387 3102 3102 1446 1383 3103 3103 1450 1385 3104 3104 1451 1383 3105 3105 1452 1384 3106 3106 1455 1385 3107 3107 1453 1386 3108 3108 1454 1387 3109 3109 1455 1385 3110 3110 1452 1384 3111 3111 1453 1386 3112 3112 1455 1385 3113 3113 1454 1387 3114 3114 1451 1383 3115 3115 1455 1385 3116 3116 1456 1383 3117 3117 1457 1384 3118 3118 1460 1385 3119 3119 1458 1386 3120 3120 1459 1387 3121 3121 1460 1385 3122 3122 1457 1384 3123 3123 1458 1386 3124 3124 1460 1385 3125 3125 1459 1387 3126 3126 1456 1383 3127 3127 1460 1385 3128 3128 1461 1388 3129 3129 1462 1389 3130 3130 1465 1390 3131 3131 1463 1391 3132 3132 1464 1392 3133 3133 1465 1390 3134 3134 1462 1389 3135 3135 1463 1391 3136 3136 1465 1390 3137 3137 1464 1392 3138 3138 1461 1388 3139 3139 1465 1390 3140 3140 1466 1388 3141 3141 1467 1389 3142 3142 1470 1390 3143 3143 1468 1391 3144 3144 1469 1392 3145 3145 1470 1390 3146 3146 1467 1389 3147 3147 1468 1391 3148 3148 1470 1390 3149 3149 1469 1392 3150 3150 1466 1388 3151 3151 1470 1390 3152 3152 1471 1388 3153 3153 1472 1389 3154 3154 1475 1390 3155 3155 1473 1391 3156 3156 1474 1392 3157 3157 1475 1390 3158 3158 1472 1389 3159 3159 1473 1391 3160 3160 1475 1390 3161 3161 1474 1392 3162 3162 1471 1388 3163 3163 1475 1390 3164 3164 1476 1393 3165 3165 1477 1394 3166 3166 1480 1395 3167 3167 1478 1396 3168 3168 1479 1397 3169 3169 1480 1395 3170 3170 1477 1394 3171 3171 1478 1396 3172 3172 1480 1395 3173 3173 1479 1397 3174 3174 1476 1393 3175 3175 1480 1395 3176 3176 1481 1393 3177 3177 1482 1394 3178 3178 1485 1395 3179 3179 1483 1396 3180 3180 1484 1397 3181 3181 1485 1395 3182 3182 1482 1394 3183 3183 1483 1396 3184 3184 1485 1395 3185 3185 1484 1397 3186 3186 1481 1393 3187 3187 1485 1395 3188 3188 1486 1398 3189 3189 1487 1399 3190 3190 1490 1400 3191 3191 1488 1401 3192 3192 1489 1402 3193 3193 1490 1400 3194 3194 1487 1399 3195 3195 1488 1401 3196 3196 1490 1400 3197 3197 1489 1402 3198 3198 1486 1398 3199 3199 1490 1400 3200 3200 1491 1403 3201 3201 1492 1404 3202 3202 1495 1405 3203 3203 1493 1406 3204 3204 1494 1407 3205 3205 1495 1405 3206 3206 1492 1404 3207 3207 1493 1406 3208 3208 1495 1405 3209 3209 1494 1407 3210 3210 1491 1403 3211 3211 1495 1405 3212 3212 1496 1408 3213 3213 1497 1409 3214 3214 1500 1410 3215 3215 1498 1411 3216 3216 1499 1412 3217 3217 1500 1410 3218 3218 1497 1409 3219 3219 1498 1411 3220 3220 1500 1410 3221 3221 1499 1412 3222 3222 1496 1408 3223 3223 1500 1410 3224 3224 1501 1413 3225 3225 1502 1414 3226 3226 1505 1415 3227 3227 1503 1416 3228 3228 1504 1417 3229 3229 1505 1415 3230 3230 1502 1414 3231 3231 1503 1416 3232 3232 1505 1415 3233 3233 1504 1417 3234 3234 1501 1413 3235 3235 1505 1415 3236 3236 1506 1418 3237 3237 1507 1419 3238 3238 1510 1420 3239 3239 1508 1421 3240 3240 1509 1422 3241 3241 1510 1420 3242 3242 1507 1419 3243 3243 1508 1421 3244 3244 1510 1420 3245 3245 1509 1422 3246 3246 1506 1418 3247 3247 1510 1420 3248 3248 1511 1423 3249 3249 1512 1424 3250 3250 1515 1425 3251 3251 1513 1426 3252 3252 1514 1427 3253 3253 1515 1425 3254 3254 1512 1424 3255 3255 1513 1426 3256 3256 1515 1425 3257 3257 1514 1427 3258 3258 1511 1423 3259 3259 1515 1425 3260 3260 1516 1428 3261 3261 1517 1429 3262 3262 1520 1430 3263 3263 1518 1431 3264 3264 1519 1432 3265 3265 1520 1430 3266 3266 1517 1429 3267 3267 1518 1431 3268 3268 1520 1430 3269 3269 1519 1432 3270 3270 1516 1428 3271 3271 1520 1430 3272 3272 1521 1433 3273 3273 1522 1434 3274 3274 1525 1435 3275 3275 1523 1436 3276 3276 1524 1437 3277 3277 1525 1435 3278 3278 1522 1434 3279 3279 1523 1436 3280 3280 1525 1435 3281 3281 1524 1437 3282 3282 1521 1433 3283 3283 1525 1435 3284 3284 1526 1438 3285 3285 1527 1439 3286 3286 1530 1440 3287 3287 1528 1441 3288 3288 1529 1442 3289 3289 1530 1440 3290 3290 1527 1439 3291 3291 1528 1441 3292 3292 1530 1440 3293 3293 1529 1442 3294 3294 1526 1438 3295 3295 1530 1440 3296 3296 1531 1443 3297 3297 1532 1444 3298 3298 1535 1445 3299 3299 1533 1446 3300 3300 1534 1447 3301 3301 1535 1445 3302 3302 1532 1444 3303 3303 1533 1446 3304 3304 1535 1445 3305 3305 1534 1447 3306 3306 1531 1443 3307 3307 1535 1445 3308 3308 1536 1448 3309 3309 1537 1449 3310 3310 1540 1450 3311 3311 1538 1451 3312 3312 1539 1452 3313 3313 1540 1450 3314 3314 1537 1449 3315 3315 1538 1451 3316 3316 1540 1450 3317 3317 1539 1452 3318 3318 1536 1448 3319 3319 1540 1450 3320 3320 1541 1453 3321 3321 1542 1454 3322 3322 1545 1455 3323 3323 1543 1456 3324 3324 1544 1457 3325 3325 1545 1455 3326 3326 1542 1454 3327 3327 1543 1456 3328 3328 1545 1455 3329 3329 1544 1457 3330 3330 1541 1453 3331 3331 1545 1455 3332 3332 1546 1458 3333 3333 1547 1459 3334 3334 1550 1460 3335 3335 1548 1461 3336 3336 1549 1462 3337 3337 1550 1460 3338 3338 1547 1459 3339 3339 1548 1461 3340 3340 1550 1460 3341 3341 1549 1462 3342 3342 1546 1458 3343 3343 1550 1460 3344 3344 1551 1463 3345 3345 1552 1464 3346 3346 1555 1465 3347 3347 1553 1466 3348 3348 1554 1467 3349 3349 1555 1465 3350 3350 1552 1464 3351 3351 1553 1466 3352 3352 1555 1465 3353 3353 1554 1467 3354 3354 1551 1463 3355 3355 1555 1465 3356 3356 1556 1468 3357 3357 1557 1469 3358 3358 1560 1470 3359 3359 1558 1471 3360 3360 1559 1472 3361 3361 1560 1470 3362 3362 1557 1469 3363 3363 1558 1471 3364 3364 1560 1470 3365 3365 1559 1472 3366 3366 1556 1468 3367 3367 1560 1470 3368 3368 1561 1468 3369 3369 1562 1469 3370 3370 1565 1470 3371 3371 1563 1471 3372 3372 1564 1472 3373 3373 1565 1470 3374 3374 1562 1469 3375 3375 1563 1471 3376 3376 1565 1470 3377 3377 1564 1472 3378 3378 1561 1468 3379 3379 1565 1470 3380 3380 1566 1468 3381 3381 1567 1469 3382 3382 1570 1470 3383 3383 1568 1471 3384 3384 1569 1472 3385 3385 1570 1470 3386 3386 1567 1469 3387 3387 1568 1471 3388 3388 1570 1470 3389 3389 1569 1472 3390 3390 1566 1468 3391 3391 1570 1470 3392 3392 1571 1473 3393 3393 1572 1474 3394 3394 1575 1475 3395 3395 1573 1476 3396 3396 1574 1477 3397 3397 1575 1475 3398 3398 1572 1474 3399 3399 1573 1476 3400 3400 1575 1475 3401 3401 1574 1477 3402 3402 1571 1473 3403 3403 1575 1475 3404 3404 1576 1478 3405 3405 1577 1479 3406 3406 1580 1480 3407 3407 1578 1481 3408 3408 1579 1482 3409 3409 1580 1480 3410 3410 1577 1479 3411 3411 1578 1481 3412 3412 1580 1480 3413 3413 1579 1482 3414 3414 1576 1478 3415 3415 1580 1480 3416 3416 1581 1483 3417 3417 1582 1484 3418 3418 1585 1485 3419 3419 1583 1486 3420 3420 1584 1487 3421 3421 1585 1485 3422 3422 1582 1484 3423 3423 1583 1486 3424 3424 1585 1485 3425 3425 1584 1487 3426 3426 1581 1483 3427 3427 1585 1485 3428 3428 1586 1488 3429 3429 1587 1489 3430 3430 1590 1490 3431 3431 1588 1491 3432 3432 1589 1492 3433 3433 1590 1490 3434 3434 1587 1489 3435 3435 1588 1491 3436 3436 1590 1490 3437 3437 1589 1492 3438 3438 1586 1488 3439 3439 1590 1490 3440 3440 1591 1493 3441 3441 1592 1494 3442 3442 1595 1495 3443 3443 1593 1496 3444 3444 1594 1497 3445 3445 1595 1495 3446 3446 1592 1494 3447 3447 1593 1496 3448 3448 1595 1495 3449 3449 1594 1497 3450 3450 1591 1493 3451 3451 1595 1495 3452 3452 1596 1498 3453 3453 1597 1499 3454 3454 1600 1500 3455 3455 1598 1501 3456 3456 1599 1502 3457 3457 1600 1500 3458 3458 1597 1499 3459 3459 1598 1501 3460 3460 1600 1500 3461 3461 1599 1502 3462 3462 1596 1498 3463 3463 1600 1500 3464 3464 1601 1503 3465 3465 1602 1504 3466 3466 1605 1505 3467 3467 1603 1506 3468 3468 1604 1507 3469 3469 1605 1505 3470 3470 1602 1504 3471 3471 1603 1506 3472 3472 1605 1505 3473 3473 1604 1507 3474 3474 1601 1503 3475 3475 1605 1505 3476 3476 1606 1508 3477 3477 1607 1509 3478 3478 1610 1510 3479 3479 1608 1511 3480 3480 1609 1512 3481 3481 1610 1510 3482 3482 1607 1509 3483 3483 1608 1511 3484 3484 1610 1510 3485 3485 1609 1512 3486 3486 1606 1508 3487 3487 1610 1510 3488 3488 1611 1513 3489 3489 1612 1514 3490 3490 1615 1515 3491 3491 1613 1516 3492 3492 1614 1517 3493 3493 1615 1515 3494 3494 1612 1514 3495 3495 1613 1516 3496 3496 1615 1515 3497 3497 1614 1517 3498 3498 1611 1513 3499 3499 1615 1515 3500 3500 1616 1518 3501 3501 1617 1519 3502 3502 1620 1520 3503 3503 1618 1521 3504 3504 1619 1522 3505 3505 1620 1520 3506 3506 1617 1519 3507 3507 1618 1521 3508 3508 1620 1520 3509 3509 1619 1522 3510 3510 1616 1518 3511 3511 1620 1520 3512 3512 1621 1523 3513 3513 1622 1524 3514 3514 1625 1525 3515 3515 1623 1526 3516 3516 1624 1527 3517 3517 1625 1525 3518 3518 1622 1524 3519 3519 1623 1526 3520 3520 1625 1525 3521 3521 1624 1527 3522 3522 1621 1523 3523 3523 1625 1525 3524 3524 1626 1528 3525 3525 1627 1529 3526 3526 1630 1530 3527 3527 1628 1531 3528 3528 1629 1532 3529 3529 1630 1530 3530 3530 1627 1529 3531 3531 1628 1531 3532 3532 1630 1530 3533 3533 1629 1532 3534 3534 1626 1528 3535 3535 1630 1530 3536 3536 1631 1533 3537 3537 1632 1534 3538 3538 1635 1535 3539 3539 1633 1536 3540 3540 1634 1537 3541 3541 1635 1535 3542 3542 1632 1534 3543 3543 1633 1536 3544 3544 1635 1535 3545 3545 1634 1537 3546 3546 1631 1533 3547 3547 1635 1535 3548 3548 1636 1538 3549 3549 1637 1539 3550 3550 1640 1540 3551 3551 1638 1541 3552 3552 1639 1542 3553 3553 1640 1540 3554 3554 1637 1539 3555 3555 1638 1541 3556 3556 1640 1540 3557 3557 1639 1542 3558 3558 1636 1538 3559 3559 1640 1540 3560 3560 1641 1543 3561 3561 1642 1544 3562 3562 1645 1545 3563 3563 1643 1546 3564 3564 1644 1547 3565 3565 1645 1545 3566 3566 1642 1544 3567 3567 1643 1546 3568 3568 1645 1545 3569 3569 1644 1547 3570 3570 1641 1543 3571 3571 1645 1545 3572 3572 1646 1543 3573 3573 1647 1544 3574 3574 1650 1545 3575 3575 1648 1546 3576 3576 1649 1547 3577 3577 1650 1545 3578 3578 1647 1544 3579 3579 1648 1546 3580 3580 1650 1545 3581 3581 1649 1547 3582 3582 1646 1543 3583 3583 1650 1545 3584 3584 1651 1548 3585 3585 1652 1549 3586 3586 1655 1550 3587 3587 1653 1551 3588 3588 1654 1552 3589 3589 1655 1550 3590 3590 1652 1549 3591 3591 1653 1551 3592 3592 1655 1550 3593 3593 1654 1552 3594 3594 1651 1548 3595 3595 1655 1550 3596 3596 1656 1553 3597 3597 1657 1554 3598 3598 1660 1555 3599 3599 1658 1556 3600 3600 1659 1557 3601 3601 1660 1555 3602 3602 1657 1554 3603 3603 1658 1556 3604 3604 1660 1555 3605 3605 1659 1557 3606 3606 1656 1553 3607 3607 1660 1555 3608 3608 1661 1553 3609 3609 1662 1554 3610 3610 1665 1555 3611 3611 1663 1556 3612 3612 1664 1557 3613 3613 1665 1555 3614 3614 1662 1554 3615 3615 1663 1556 3616 3616 1665 1555 3617 3617 1664 1557 3618 3618 1661 1553 3619 3619 1665 1555 3620 3620 1666 1558 3621 3621 1667 1559 3622 3622 1670 1560 3623 3623 1668 1561 3624 3624 1669 1562 3625 3625 1670 1560 3626 3626 1667 1559 3627 3627 1668 1561 3628 3628 1670 1560 3629 3629 1669 1562 3630 3630 1666 1558 3631 3631 1670 1560 3632 3632 1671 1558 3633 3633 1672 1559 3634 3634 1675 1560 3635 3635 1673 1563 3636 3636 1674 1562 3637 3637 1675 1560 3638 3638 1672 1559 3639 3639 1673 1563 3640 3640 1675 1560 3641 3641 1674 1562 3642 3642 1671 1558 3643 3643 1675 1560 3644 3644 1676 1564 3645 3645 1677 1565 3646 3646 1680 1566 3647 3647 1678 1567 3648 3648 1679 1568 3649 3649 1680 1566 3650 3650 1677 1565 3651 3651 1678 1567 3652 3652 1680 1566 3653 3653 1679 1568 3654 3654 1676 1564 3655 3655 1680 1566 3656 3656 1681 1569 3657 3657 1682 1570 3658 3658 1685 1571 3659 3659 1683 1572 3660 3660 1684 1573 3661 3661 1685 1571 3662 3662 1682 1570 3663 3663 1683 1572 3664 3664 1685 1571 3665 3665 1684 1573 3666 3666 1681 1569 3667 3667 1685 1571 3668 3668 1686 1574 3669 3669 1687 1575 3670 3670 1690 1576 3671 3671 1688 1577 3672 3672 1689 1578 3673 3673 1690 1576 3674 3674 1687 1575 3675 3675 1688 1577 3676 3676 1690 1576 3677 3677 1689 1578 3678 3678 1686 1574 3679 3679 1690 1576 3680 3680 1691 1579 3681 3681 1692 1580 3682 3682 1695 1581 3683 3683 1693 1582 3684 3684 1694 1583 3685 3685 1695 1581 3686 3686 1692 1580 3687 3687 1693 1582 3688 3688 1695 1581 3689 3689 1694 1583 3690 3690 1691 1579 3691 3691 1695 1581 3692 3692 1696 1584 3693 3693 1697 1585 3694 3694 1700 1586 3695 3695 1698 1587 3696 3696 1699 1588 3697 3697 1700 1586 3698 3698 1697 1585 3699 3699 1698 1587 3700 3700 1700 1586 3701 3701 1699 1588 3702 3702 1696 1584 3703 3703 1700 1586 3704 3704 1701 1589 3705 3705 1702 1590 3706 3706 1705 1591 3707 3707 1703 1592 3708 3708 1704 1593 3709 3709 1705 1591 3710 3710 1702 1590 3711 3711 1703 1592 3712 3712 1705 1591 3713 3713 1704 1593 3714 3714 1701 1589 3715 3715 1705 1591 3716 3716 1706 1594 3717 3717 1707 1595 3718 3718 1710 1596 3719 3719 1708 1597 3720 3720 1709 1598 3721 3721 1710 1596 3722 3722 1707 1595 3723 3723 1708 1597 3724 3724 1710 1596 3725 3725 1709 1598 3726 3726 1706 1594 3727 3727 1710 1596 3728 3728 167 161 3924 3924 165 1600 3925 3925 168 162 3926 3926 166 164 3927 3927 169 163 3928 3928 170 165 3929 3929 163 167 3930 3930 167 161 3931 3931 169 163 3932 3932 168 162 3933 3933 164 168 3934 3934 170 165 3935 3935 186 183 3936 3936 183 182 3937 3937 184 177 3938 3938 194 191 3939 3939 191 190 3940 3940 192 185 3941 3941 222 219 3942 3942 219 218 3943 3943 220 213 3944 3944 230 227 3945 3945 227 226 3946 3946 228 221 3947 3947 238 235 3948 3948 235 234 3949 3949 236 229 3950 3950 256 249 3951 3951 254 1601 3952 3952 257 250 3953 3953 255 252 3954 3954 258 251 3955 3955 259 253 3956 3956 252 255 3957 3957 256 249 3958 3958 258 251 3959 3959 257 250 3960 3960 253 256 3961 3961 259 253 3962 3962 275 271 3963 3963 272 270 3964 3964 273 265 3965 3965 283 279 3966 3966 280 278 3967 3967 281 273 3968 3968 311 307 3969 3969 308 306 3970 3970 309 301 3971 3971 319 315 3972 3972 316 314 3973 3973 317 309 3974 3974 327 323 3975 3975 324 322 3976 3976 325 317 3977 3977 345 337 3978 3978 343 1602 3979 3979 346 338 3980 3980 344 340 3981 3981 347 339 3982 3982 348 341 3983 3983 341 343 3984 3984 345 337 3985 3985 347 339 3986 3986 346 338 3987 3987 342 344 3988 3988 348 341 3989 3989 364 359 3990 3990 361 358 3991 3991 362 353 3992 3992 372 367 3993 3993 369 366 3994 3994 370 361 3995 3995 400 395 3996 3996 397 394 3997 3997 398 389 3998 3998 408 403 3999 3999 405 402 4000 4000 406 397 4001 4001 416 411 4002 4002 413 410 4003 4003 414 405 4004 4004 438 429 4005 4005 436 1603 4006 4006 439 430 4007 4007 437 432 4008 4008 440 431 4009 4009 441 433 4010 4010 438 429 4011 4011 440 431 4012 4012 437 432 4013 4013 439 430 4014 4014 435 436 4015 4015 441 433 4016 4016 447 437 4017 4017 445 1604 4018 4018 448 438 4019 4019 446 440 4020 4020 449 439 4021 4021 450 441 4022 4022 447 437 4023 4023 449 439 4024 4024 446 440 4025 4025 448 438 4026 4026 444 444 4027 4027 450 441 4028 4028 456 445 4029 4029 454 1605 4030 4030 457 446 4031 4031 455 448 4032 4032 458 447 4033 4033 459 449 4034 4034 456 445 4035 4035 458 447 4036 4036 455 448 4037 4037 457 446 4038 4038 453 452 4039 4039 459 449 4040 4040 465 453 4041 4041 463 1606 4042 4042 466 454 4043 4043 464 456 4044 4044 467 455 4045 4045 468 457 4046 4046 465 453 4047 4047 467 455 4048 4048 464 456 4049 4049 466 454 4050 4050 462 460 4051 4051 468 457 4052 4052 474 461 4053 4053 472 1607 4054 4054 475 462 4055 4055 473 464 4056 4056 476 463 4057 4057 477 465 4058 4058 474 461 4059 4059 476 463 4060 4060 473 464 4061 4061 475 462 4062 4062 471 468 4063 4063 477 465 4064 4064 483 469 4065 4065 481 1608 4066 4066 484 470 4067 4067 482 472 4068 4068 485 471 4069 4069 486 473 4070 4070 483 469 4071 4071 485 471 4072 4072 482 472 4073 4073 484 470 4074 4074 480 476 4075 4075 486 473 4076 4076 492 477 4077 4077 490 1609 4078 4078 493 478 4079 4079 491 480 4080 4080 494 479 4081 4081 495 481 4082 4082 492 477 4083 4083 494 479 4084 4084 491 480 4085 4085 493 478 4086 4086 489 484 4087 4087 495 481 4088 4088 501 485 4089 4089 499 1610 4090 4090 502 486 4091 4091 500 488 4092 4092 503 487 4093 4093 504 489 4094 4094 501 485 4095 4095 503 487 4096 4096 500 488 4097 4097 502 486 4098 4098 498 492 4099 4099 504 489 4100 4100 510 493 4101 4101 508 1611 4102 4102 511 494 4103 4103 509 496 4104 4104 512 495 4105 4105 513 497 4106 4106 510 493 4107 4107 512 495 4108 4108 509 496 4109 4109 511 494 4110 4110 507 500 4111 4111 513 497 4112 4112 519 501 4113 4113 517 1612 4114 4114 520 502 4115 4115 518 504 4116 4116 521 503 4117 4117 522 505 4118 4118 519 501 4119 4119 521 503 4120 4120 518 504 4121 4121 520 502 4122 4122 516 508 4123 4123 522 505 4124 4124 840 815 4125 4125 838 1613 4126 4126 841 816 4127 4127 839 818 4128 4128 842 817 4129 4129 843 819 4130 4130 840 815 4131 4131 842 817 4132 4132 839 818 4133 4133 841 816 4134 4134 837 822 4135 4135 843 819 4136 4136 922 896 4137 4137 920 1614 4138 4138 923 897 4139 4139 921 899 4140 4140 924 898 4141 4141 925 900 4142 4142 918 902 4143 4143 922 896 4144 4144 924 898 4145 4145 923 897 4146 4146 919 903 4147 4147 925 900 4148 4148 941 918 4149 4149 938 917 4150 4150 939 912 4151 4151 949 926 4152 4152 946 925 4153 4153 947 920 4154 4154 977 954 4155 4155 974 953 4156 4156 975 948 4157 4157 985 962 4158 4158 982 961 4159 4159 983 956 4160 4160 993 970 4161 4161 990 969 4162 4162 991 964 4163 4163 1011 984 4164 4164 1009 1615 4165 4165 1012 985 4166 4166 1010 987 4167 4167 1013 986 4168 4168 1014 988 4169 4169 1007 990 4170 4170 1011 984 4171 4171 1013 986 4172 4172 1012 985 4173 4173 1008 991 4174 4174 1014 988 4175 4175 1030 1006 4176 4176 1027 1005 4177 4177 1028 1000 4178 4178 1038 1014 4179 4179 1035 1013 4180 4180 1036 1008 4181 4181 1066 1042 4182 4182 1063 1041 4183 4183 1064 1036 4184 4184 1074 1050 4185 4185 1071 1049 4186 4186 1072 1044 4187 4187 1082 1058 4188 4188 1079 1057 4189 4189 1080 1052 4190 4190 1094 1070 4191 4191 1091 1069 4192 4192 1092 1064 4193 4193 1102 1078 4194 4194 1099 1077 4195 4195 1100 1072 4196 4196 1110 1078 4197 4197 1107 1077 4198 4198 1108 1080 4199 4199 1118 1087 4200 4200 1115 1086 4201 4201 1116 1081 4202 4202 1126 1095 4203 4203 1123 1094 4204 4204 1124 1089 4205 4205 1134 1103 4206 4206 1131 1102 4207 4207 1132 1097 4208 4208 1142 1111 4209 4209 1139 1110 4210 4210 1140 1105 4211 4211 1150 1119 4212 4212 1147 1118 4213 4213 1148 1113 4214 4214 1158 1127 4215 4215 1155 1126 4216 4216 1156 1121 4217 4217 1166 1135 4218 4218 1163 1134 4219 4219 1164 1129 4220 4220 1174 1143 4221 4221 1171 1142 4222 4222 1172 1137 4223 4223 1182 1151 4224 4224 1179 1150 4225 4225 1180 1145 4226 4226 1190 1159 4227 4227 1187 1158 4228 4228 1188 1153 4229 4229 1198 1167 4230 4230 1195 1166 4231 4231 1196 1161 4232 4232 1206 1175 4233 4233 1203 1174 4234 4234 1204 1169 4235 4235 1214 1183 4236 4236 1211 1182 4237 4237 1212 1177 4238 4238 1222 1191 4239 4239 1219 1190 4240 4240 1220 1185 4241 4241 1230 1199 4242 4242 1227 1198 4243 4243 1228 1193 4244 4244 1238 1207 4245 4245 1235 1206 4246 4246 1236 1201 4247 4247 1246 1215 4248 4248 1243 1214 4249 4249 1244 1209 4250 4250 1254 1215 4251 4251 1251 1214 4252 4252 1252 1209 4253 4253 1262 1223 4254 4254 1259 1222 4255 4255 1260 1217 4256 4256</p>
        </polylist>
      </mesh>
      <extra><technique profile="MAYA"><double_sided>1</double_sided></technique></extra>
    </geometry>
    <geometry id="Colmesh-1-mesh" name="Colmesh-1">
      <mesh>
        <source id="Colmesh-1-mesh-positions">
          <float_array id="Colmesh-1-mesh-positions-array" count="93">-0.1903641 0.8716253 1.905759 -0.9452138 0.4358124 1.905759 -0.9452136 -0.435813 1.905759 -0.1903636 -0.8716254 1.905759 0.564486 -0.4358124 1.905759 0.5644857 0.4358128 1.905759 -1.42937e-7 0.5970881 -0.4254852 -0.5170935 0.2985439 -0.4254852 -0.5170934 -0.2985442 -0.4254852 1.93976e-7 -0.5970882 -0.4254852 0.5170935 -0.2985439 -0.4254852 0.5170934 0.2985441 -0.4254852 -0.1903638 0 2.242312 -3.387459 -1.542647 1.798467 -1.441568 -3.944324 2.184333 1.639432 -2.785788 2.29279 3.104286 0.3513026 2.735959 0.5124917 4.206861 2.393214 -0.8929983 1.919171 2.112191 -2.423057 2.751309 1.61879 -4.12127 0.3109306 1.71867 -0.5075539 -0.6117884 3.699182 -1.799355 1.276046 2.173499 -1.521802 -0.5328329 0.6586813 -1.224122 -2.434622 0.7525622 0.7869064 -2.011966 0.8360407 3.668988 -0.5759792 1.736055 0.5611494 3.026737 0.7124622 -1.503247 2.180173 0.7971311 -2.936374 1.258758 0.8817585 2.253812 2.942052 1.224259</float_array>
          <technique_common>
            <accessor source="#Colmesh-1-mesh-positions-array" count="31" stride="3">
              <param name="X" type="float"/>
              <param name="Y" type="float"/>
              <param name="Z" type="float"/>
            </accessor>
          </technique_common>
        </source>
        <source id="Colmesh-1-mesh-normals">
          <float_array id="Colmesh-1-mesh-normals-array" count="132">0.4990673 0.8644106 -0.06104397 0.9997934 2.34619e-7 -0.020325 0.4990679 -0.8644102 -0.06104391 -0.4949773 -0.8573267 -0.1413811 -0.9835523 -3.46211e-7 -0.180624 0.2036074 0.352658 0.9133326 0.4072144 0 0.9133326 0.2036071 -0.3526579 0.9133327 -0.2036071 -0.352658 0.9133327 -0.4072144 0 0.9133327 -0.2036074 0.3526579 0.9133327 0.2790884 -0.2323462 -0.9317322 -0.4949777 0.8573263 -0.1413812 0.5059579 0.1638454 -0.8468538 0.4757675 0.2499883 -0.8432978 -0.1346195 0.4410721 -0.8873178 -0.3156407 0.2756522 -0.9079575 -0.1969811 -0.2174001 -0.9559998 0.3417375 -0.2007367 -0.918107 0.3442109 -0.4363297 -0.8313456 0.4866271 -0.3230035 -0.8117036 -0.1742963 0.690699 0.7018232 0.3741617 -0.5108688 0.7739613 0.1710128 -0.7089376 0.6842237 -0.6069837 0.3818849 -0.6969468 0.4308289 0.231563 0.8722185 0.4709314 0.1168771 0.8743932 -0.4969579 0.6115343 0.6156774 -0.9088191 -0.3879182 -0.1535174 0.336597 -0.7660427 0.5476139 -0.3025239 0.009820878 0.9530912 -0.7031791 -0.5161628 -0.4889941 -0.2088735 -0.8031901 0.5579047 0.4990675 0.8644104 -0.06104397 0.9997935 1.71248e-7 -0.020325 0.4990681 -0.8644101 -0.06104397 -0.4949775 -0.8573265 -0.1413811 -0.9835522 0 -0.180624 -0.494978 0.8573263 -0.1413811 -0.30459 0.7557538 0.579708 0.7291876 -0.4877842 0.4799501 0.4262029 0.2066439 0.8807097 0.536266 0.5388697 0.6496446 -0.2882745 0.02329856 0.9572644</float_array>
          <technique_common>
            <accessor source="#Colmesh-1-mesh-normals-array" count="44" stride="3">
              <param name="X" type="float"/>
              <param name="Y" type="float"/>
              <param name="Z" type="float"/>
            </accessor>
          </technique_common>
        </source>
        <vertices id="Colmesh-1-mesh-vertices">
          <input semantic="POSITION" source="#Colmesh-1-mesh-positions"/>
        </vertices>
        <lines count="2">
          <input semantic="VERTEX" source="#Colmesh-1-mesh-vertices" offset="0"/>
          <p>18 19 17 18</p>
        </lines>
        <polylist material="leaves_strong-material" count="18">
          <input semantic="VERTEX" source="#Colmesh-1-mesh-vertices" offset="0"/>
          <input semantic="NORMAL" source="#Colmesh-1-mesh-normals" offset="1"/>
          <vcount>3 3 3 3 3 3 3 3 3 3 3 3 3 3 3 3 3 3 </vcount>
          <p>5 0 6 0 0 0 4 1 11 1 5 1 9 2 4 2 3 2 8 3 3 3 2 3 1 4 8 4 2 4 0 5 12 5 5 5 5 6 12 6 4 6 4 7 12 7 3 7 3 8 12 8 2 8 2 9 12 9 1 9 1 10 12 10 0 10 0 12 7 12 1 12 5 33 11 33 6 33 4 34 10 34 11 34 9 35 10 35 4 35 8 36 9 36 3 36 1 37 7 37 8 37 0 38 6 38 7 38</p>
        </polylist>
        <polylist material="leaves_thin-material" count="26">
          <input semantic="VERTEX" source="#Colmesh-1-mesh-vertices" offset="0"/>
          <input semantic="NORMAL" source="#Colmesh-1-mesh-normals" offset="1"/>
          <vcount>3 3 3 3 3 3 3 3 3 3 3 3 3 3 3 3 3 3 3 3 3 3 3 3 3 3 </vcount>
          <p>20 11 19 11 22 11 20 13 21 13 13 13 13 14 21 14 14 14 14 15 21 15 15 15 15 16 21 16 16 16 16 17 21 17 17 17 22 18 19 18 17 18 21 19 20 19 22 19 21 20 22 20 17 20 14 21 25 21 24 21 19 22 29 22 28 22 17 23 19 23 28 23 15 24 16 24 26 24 20 25 23 25 29 25 13 26 24 26 23 26 25 27 15 27 26 27 16 28 30 28 26 28 27 29 17 29 28 29 26 30 27 30 25 30 16 31 17 31 30 31 17 32 27 32 30 32 14 39 15 39 25 39 19 40 20 40 29 40 20 41 13 41 23 41 13 42 14 42 24 42 26 43 30 43 27 43</p>
        </polylist>
      </mesh>
      <extra><technique profile="MAYA"><double_sided>1</double_sided></technique></extra>
    </geometry>
  </library_geometries>
  <library_controllers/>
  <library_visual_scenes>
    <visual_scene id="Scene" name="Scene">
      <node id="base00" name="base00" type="NODE">
        <matrix sid="transform">1 0 0 0 0 1 0 0 0 0 1 0 0 0 0 1</matrix>
        <node id="bb__autobillboard25" name="bb__autobillboard25" type="NODE">
          <matrix sid="transform">1 0 0 0 0 1 0 0 0 0 1 0 0 0 0 1</matrix>
        </node>
        <node id="collision-1" name="collision-1" type="NODE">
          <matrix sid="transform">1 0 0 0 0 1 0 0 0 0 1 0 0 0 0 1</matrix>
        </node>
        <node id="detail350" name="detail350" type="NODE">
          <matrix sid="transform">1 0 0 0 0 1 0 0 0 0 1 0 0 0 0 1</matrix>
        </node>
        <node id="detail900" name="detail900" type="NODE">
          <matrix sid="transform">1 0 0 0 0 1 0 0 0 0 1 0 0 0 0 1</matrix>
        </node>
        <node id="start01" name="start01" type="NODE">
          <matrix sid="transform">1 0 0 0 0 1 0 0 0 0 1 0 0 0 0 1</matrix>
          <node id="tree_oak_bush_a240" name="tree_oak_bush_a240" type="NODE">
            <matrix sid="transform">1 0 0 0 0 1 0 0 0 0 1 0 0 0 0 1</matrix>
            <instance_geometry url="#tree_oak_bush_a200_001-mesh" name="tree_oak_bush_a240">
              <bind_material>
                <technique_common>
                  <instance_material symbol="tro_tree_1_branches-material" target="#tro_tree_1_branches-material"/>
                  <instance_material symbol="tro_tree_2_trunk-material" target="#tro_tree_2_trunk-material"/>
                  <instance_material symbol="tro_tree_2_leaves-material" target="#tro_tree_2_leaves-material"/>
                </technique_common>
              </bind_material>
            </instance_geometry>
          </node>
          <node id="tree_oak_bush_a700" name="tree_oak_bush_a700" type="NODE">
            <matrix sid="transform">1 0 0 0 0 1 0 0 0 0 1 0 0 0 0 1</matrix>
            <instance_geometry url="#tree_oak_bush_a200-mesh" name="tree_oak_bush_a700">
              <bind_material>
                <technique_common>
                  <instance_material symbol="tro_tree_1_branches-material" target="#tro_tree_1_branches-material"/>
                  <instance_material symbol="tro_tree_2_trunk-material" target="#tro_tree_2_trunk-material"/>
                  <instance_material symbol="tro_tree_2_leaves-material" target="#tro_tree_2_leaves-material"/>
                </technique_common>
              </bind_material>
            </instance_geometry>
          </node>
          <node id="Colmesh-1" name="Colmesh-1" type="NODE">
            <matrix sid="transform">1 0 0 0 0 1 0 0 0 0 1 0 0 0 0 1</matrix>
            <instance_geometry url="#Colmesh-1-mesh" name="Colmesh-1">
              <bind_material>
                <technique_common>
                  <instance_material symbol="leaves_strong-material" target="#leaves_strong-material"/>
                  <instance_material symbol="leaves_thin-material" target="#leaves_thin-material"/>
                </technique_common>
              </bind_material>
            </instance_geometry>
          </node>
        </node>
      </node>
    </visual_scene>
  </library_visual_scenes>
  <scene>
    <instance_visual_scene url="#Scene"/>
  </scene>
</COLLADA>