<?xml version="1.0" encoding="utf-8"?>
<COLLADA xmlns="http://www.collada.org/2005/11/COLLADASchema" version="1.4.1">
  <asset>
    <contributor>
      <author>Blender User</author>
      <authoring_tool>Blender 2.70.0 commit date:2014-04-10, commit time:11:49, hash:f93bc76</authoring_tool>
    </contributor>
    <created>2015-02-20T12:14:26</created>
    <modified>2015-02-20T12:14:26</modified>
    <unit name="meter" meter="1"/>
    <up_axis>Z_UP</up_axis>
  </asset>
  <library_images/>
  <library_effects>
    <effect id="tro_tree_2_trunk-effect">
      <profile_COMMON>
        <technique sid="common">
          <lambert>
            <emission>
              <color sid="emission">0 0 0 1</color>
            </emission>
            <ambient>
              <color sid="ambient">0 0 0 1</color>
            </ambient>
            <diffuse>
              <color sid="diffuse">0.64 0.64 0.64 1</color>
            </diffuse>
            <index_of_refraction>
              <float sid="index_of_refraction">1</float>
            </index_of_refraction>
          </lambert>
        </technique>
        <extra>
          <technique profile="GOOGLEEARTH">
            <double_sided>1</double_sided>
          </technique>
        </extra>
      </profile_COMMON>
      <extra><technique profile="MAX3D"><double_sided>1</double_sided></technique></extra>
    </effect>
    <effect id="tro_tree_2_leaves-effect">
      <profile_COMMON>
        <technique sid="common">
          <lambert>
            <emission>
              <color sid="emission">0 0 0 1</color>
            </emission>
            <ambient>
              <color sid="ambient">0 0 0 1</color>
            </ambient>
            <diffuse>
              <color sid="diffuse">0.8 0.8 0.8 1</color>
            </diffuse>
            <transparency>
              <float sid="transparency">0</float>
            </transparency>
            <index_of_refraction>
              <float sid="index_of_refraction">1</float>
            </index_of_refraction>
          </lambert>
        </technique>
        <extra>
          <technique profile="GOOGLEEARTH">
            <double_sided>1</double_sided>
          </technique>
        </extra>
      </profile_COMMON>
      <extra><technique profile="MAX3D"><double_sided>1</double_sided></technique></extra>
    </effect>
    <effect id="tro_tree_1_branches-effect">
      <profile_COMMON>
        <technique sid="common">
          <lambert>
            <emission>
              <color sid="emission">0 0 0 1</color>
            </emission>
            <ambient>
              <color sid="ambient">0 0 0 1</color>
            </ambient>
            <diffuse>
              <color sid="diffuse">0.64 0.64 0.64 1</color>
            </diffuse>
            <transparency>
              <float sid="transparency">0</float>
            </transparency>
            <index_of_refraction>
              <float sid="index_of_refraction">1</float>
            </index_of_refraction>
          </lambert>
        </technique>
        <extra>
          <technique profile="GOOGLEEARTH">
            <double_sided>1</double_sided>
          </technique>
        </extra>
      </profile_COMMON>
      <extra><technique profile="MAX3D"><double_sided>1</double_sided></technique></extra>
    </effect>
    <effect id="ColorEffectR27G177B88-material-effect">
      <profile_COMMON>
        <technique sid="common">
          <phong>
            <emission>
              <color sid="emission">0 0 0 1</color>
            </emission>
            <ambient>
              <color sid="ambient">0 0 0 1</color>
            </ambient>
            <diffuse>
              <color sid="diffuse">0.08561849 0.5550975 0.2773633 1</color>
            </diffuse>
            <specular>
              <color sid="specular">0.5 0.5 0.5 1</color>
            </specular>
            <shininess>
              <float sid="shininess">50</float>
            </shininess>
            <index_of_refraction>
              <float sid="index_of_refraction">1</float>
            </index_of_refraction>
          </phong>
        </technique>
        <extra>
          <technique profile="GOOGLEEARTH">
            <double_sided>1</double_sided>
          </technique>
        </extra>
      </profile_COMMON>
      <extra><technique profile="MAX3D"><double_sided>1</double_sided></technique></extra>
    </effect>
  </library_effects>
  <library_materials>
    <material id="tro_tree_2_trunk-material" name="tro_tree_2_trunk">
      <instance_effect url="#tro_tree_2_trunk-effect"/>
    </material>
    <material id="tro_tree_2_leaves-material" name="tro_tree_2_leaves">
      <instance_effect url="#tro_tree_2_leaves-effect"/>
    </material>
    <material id="tro_tree_1_branches-material" name="tro_tree_1_branches">
      <instance_effect url="#tro_tree_1_branches-effect"/>
    </material>
    <material id="ColorEffectR27G177B88-material-material" name="ColorEffectR27G177B88-material">
      <instance_effect url="#ColorEffectR27G177B88-material-effect"/>
    </material>
  </library_materials>
  <library_geometries>
    <geometry id="tree_oak_bush_a200_001-mesh" name="tree_oak_bush_a200.001">
      <mesh>
        <source id="tree_oak_bush_a200_001-mesh-positions">
          <float_array id="tree_oak_bush_a200_001-mesh-positions-array" count="2856">0.7890923 2.150144 4.359672 1.42322 2.709058 3.966016 0.9117613 3.024477 3.98651 0.8702068 2.273714 3.803507 1.533809 1.553899 3.852049 2.222433 2.148989 3.649235 1.712169 2.465001 3.613641 1.713196 1.741699 3.338512 1.185941 0.6275379 3.309673 2.01834 0.2595086 3.106859 2.085813 0.8558979 3.071265 1.432412 0.5456827 2.796136 1.180302 -0.5039034 3.495793 2.018545 -0.8734028 3.669828 2.120573 -0.3240726 3.447733 1.554188 -0.7459848 3.131411 -0.1365144 -1.714057 3.443464 -0.5129418 -2.412893 3.696095 0.01437973 -2.514324 3.7081 -0.2343273 -2.144357 3.179706 0.137948 -2.419282 3.579616 -0.2435331 -2.354324 2.841953 0.2770474 -2.431869 2.734795 0.1112328 -2.016161 3.261695 -1.488726 -0.9446836 4.074463 -2.052554 -1.154446 3.498277 -1.656509 -1.515064 3.458229 -1.485635 -0.8543072 3.568383 -1.146835 -0.5270119 3.848915 -1.336259 -1.336276 3.904623 -1.74994 -1.070611 4.120936 -1.456878 -0.8096373 3.551779 -1.6621 -0.01469349 4.140491 -2.350234 -0.1202979 3.683094 -2.295128 0.4097623 3.750181 -1.725997 0.03526139 3.632834 -1.734603 0.05806493 3.899077 -1.696454 -0.3296354 3.162785 -1.51847 0.1700178 3.078113 -1.328606 -0.1490714 3.661263 -1.850098 1.724675 5.0405 -1.81195 1.336974 4.304208 -1.633966 1.836628 4.219535 -1.444102 1.517538 4.802686 -0.6054627 2.102181 5.053676 -0.9206969 1.873283 4.317383 -0.399612 1.972288 4.232711 -0.5789549 1.647169 4.815862 -0.169616 1.262258 6.605564 -0.4195212 1.780355 6.003056 0.09754204 1.894329 6.093369 -0.095398 1.230487 6.097847 -0.4550746 -0.9537442 5.594135 -0.4033837 -1.720544 5.272824 -0.9275174 -1.614683 5.323602 -0.5119968 -1.106568 5.106591 -0.07422155 -1.03373 4.561518 0.04242229 -1.855434 4.49017 -0.482425 -1.786208 4.580967 -0.1632224 -1.341103 4.159156 -0.3113578 -1.244632 3.626147 -0.2184321 -1.899253 3.569306 -0.6365579 -1.844102 3.641641 -0.3822615 -1.489505 3.305601 -0.6584369 -0.7671092 3.802242 -0.7246277 -1.424971 3.745402 -1.117462 -1.271505 3.817737 -0.7857999 -0.9879451 3.481696 1.219516 -1.027001 3.053874 1.270928 -0.9323855 3.341736 1.874454 -0.4345119 2.954243 1.810658 -0.3775115 3.242319 1.5781 -0.9656994 3.06384 1.777335 -0.7743843 3.031794 1.810039 -0.751029 3.331903 1.61105 -0.9421685 3.366207 0.3611217 -0.8632081 2.609161 0.456411 -0.8130565 2.897023 1.234792 -0.7340243 2.50953 1.213376 -0.6511972 2.797605 0.6934009 -1.0113 2.619127 0.9653244 -0.9627881 2.58708 1.005492 -0.9615195 2.88719 0.73387 -1.010022 2.921493 0.1426877 -2.608545 3.212388 0.1565992 -2.479093 3.490791 -0.2085714 -1.69743 3.141797 -0.2005404 -1.687046 3.442021 0.2139452 -2.258403 3.143375 0.1020916 -2.007386 3.100922 0.176848 -1.921196 3.381392 0.2892642 -2.171565 3.425954 -0.5322889 -1.731808 3.236366 -0.49566 -1.856746 3.51477 0.1405749 -2.439458 3.165775 0.1371231 -2.452124 3.466 -0.4642903 -2.082598 3.167354 -0.2649783 -2.271794 3.1249 -0.3011108 -2.380014 3.405371 -0.5006946 -2.191632 3.449933 -2.25996 -9.74655e-4 3.5148 -2.165041 -0.03266477 3.709718 -1.752121 -0.4729426 3.434311 -1.690569 -0.4250715 3.633851 -2.194497 -0.252012 3.512779 -2.050541 -0.3818717 3.471416 -2.005907 -0.4046171 3.68138 -2.149526 -0.2749293 3.724322 -1.542937 0.3695533 3.509161 -1.571992 0.2331037 3.734571 -2.328491 0.06039929 3.529038 -2.254843 -0.07846832 3.735133 -1.842751 0.4173265 3.58889 -2.066412 0.3324341 3.571773 -2.055634 0.2426626 3.816783 -1.831893 0.3268806 3.835743 -2.086419 1.572313 4.185347 -1.89271 1.581596 4.437945 -1.323921 0.9236112 4.021463 -1.187092 1.044848 4.273527 -1.959953 1.218444 4.216574 -1.749544 1.035796 4.143194 -1.624217 1.0569 4.430038 -1.833684 1.239706 4.505575 -1.094288 1.821102 4.2547 -1.170034 1.654644 4.515409 -2.038708 1.468941 4.140119 -1.989112 1.297324 4.395157 -1.463227 1.884719 4.299746 -1.728195 1.788545 4.240092 -1.758845 1.676874 4.531678 -1.494107 1.77221 4.593524 -0.2914381 2.763646 4.191345 -0.2161309 2.596989 4.452054 -0.6488021 1.821182 4.076764 -0.4870268 1.745412 4.331802 -0.582384 2.528033 4.236392 -0.6846243 2.265346 4.176737 -0.6208165 2.168711 4.468323 -0.5180972 2.430672 4.530169 0.3361883 2.044131 4.146059 0.1417526 1.991978 4.392817 -0.3732689 2.769213 4.146685 -0.5196847 2.604214 4.366445 0.2374994 2.389997 4.259324 0.04207587 2.600066 4.232923 -0.08518159 2.523392 4.509253 0.1092856 2.312747 4.537732 1.306995 2.614639 3.965658 1.286185 2.414408 4.212416 0.3761896 2.211309 3.966284 0.4779359 2.015579 4.186044 0.9487063 2.646128 4.078923 0.6826528 2.538726 4.052522 0.7087611 2.392467 4.328852 0.9750104 2.49877 4.357331 1.316473 1.722592 4.022216 1.126183 1.78828 4.268975 1.1348 2.720625 4.022843 0.921093 2.66593 4.242602 1.428416 2.064399 4.135482 1.384165 2.34788 4.10908 1.235797 2.355629 4.38541 1.278932 2.072207 4.413889 1.019144 1.899986 3.562353 0.92023 1.946666 3.861438 1.132954 2.883852 3.781738 0.9717558 2.82851 4.042331 1.246984 2.170683 3.692753 1.279759 2.454775 3.727886 1.210478 2.430212 4.032891 1.177182 2.145936 4.000052 1.230339 2.805609 3.643182 1.21186 2.680475 3.93544 0.404835 2.217313 3.682235 0.5083941 2.116875 3.958178 0.8598759 2.784483 3.710283 0.6263663 2.616497 3.69383 0.6386263 2.560511 4.002288 0.8722279 2.728076 4.021061 0.7151102 0.5456274 3.648019 0.6805515 0.6673061 3.940278 1.091965 1.421422 3.743274 0.9562874 1.47045 4.019217 1.04419 0.7170791 3.71512 1.188076 0.9661629 3.698667 1.153899 1.01217 4.007125 1.009756 0.763432 4.025898 0.7530153 -0.3473446 2.893305 0.6359212 -0.6883993 2.736553 2.124286 -0.2644024 3.191279 1.683636 -1.270142 3.276859 1.040578 0.1692492 2.707582 1.339481 -1.31319 2.642834 1.060727 -0.1910533 2.665906 0.6639167 -1.503596 2.6519 0.3402311 -0.4031763 2.675031 1.893818 1.004824 2.853465 1.148315 0.8648791 2.868601 1.992861 0.5551477 2.859412 1.259875 0.384952 2.874587 1.611115 0.6848351 3.139103 0.818336 0.8186727 2.675273 1.634038 0.1451319 2.979102 0.8490037 0.2404738 2.507374 0.6986325 -0.9613826 2.628508 0.6348832 -0.9630606 2.929162 1.236576 -0.3307321 2.949148 1.072376 -0.3748624 3.196933 0.4216466 -0.4956191 2.676053 0.532495 -0.3689067 2.98269 1.144514 -0.9930942 2.817105 1.195383 -0.763931 3.099367 0.6927234 2.013309 3.635219 0.4412496 0.9553809 2.779933 -0.08283281 1.682203 3.374269 -1.526595 1.382784 2.300317 -0.4235087 0.5497322 2.356801 -1.497056 0.5007943 2.321176 -0.6115768 -1.124435 3.022637 0.329804 -2.41596 3.240688 -0.7715495 -2.41136 3.237794 0.3354956 -1.165185 3.061884 -1.047186 0.07725191 3.588494 -2.308421 -0.542711 3.619869 -2.324793 0.5585305 3.616975 -1.057764 -0.5245848 3.441065 -0.2717871 -1.906307 3.373368 -0.07229489 -1.174486 3.388504 -0.7195966 -1.79914 3.379316 -0.552785 -1.065376 3.394491 -0.1515868 -1.46932 3.452015 -0.3209853 -1.12584 3.506926 -0.6180304 -1.356203 3.45831 -0.394838 -1.423806 3.53562 -0.4524173 -1.661171 3.50319 0.5756091 -1.236275 3.136631 -0.1093575 -0.9109991 3.161208 0.3909257 -1.658085 3.131962 -0.3017343 -1.364621 3.155768 -0.2010499 -1.150145 3.273629 0.3787093 -2.534918 3.230193 0.1465712 -1.81428 3.278994 -0.05510818 -2.689236 3.223713 -0.3156955 -1.984762 3.271434 -0.5680822 -1.44359 3.506168 -0.4854087 -0.6910131 3.55497 -1.027083 -1.407121 3.499689 -0.9769803 -0.6576686 3.54741 -2.239349 -1.121833 3.476029 -1.024637 -0.4610977 3.819771 -1.408373 -1.416412 3.519797 3.137156 1.667498 2.971487 1.862598 1.131217 3.315229 2.339707 2.043493 3.015255 2.117689 -0.5589364 5.632702 0.8214475 -0.3854787 5.067083 1.689987 0.1665815 5.368299 1.283103 1.60692 3.555787 0.3501515 2.904547 3.773838 1.451452 2.892777 3.770945 0.3363165 1.653836 3.595035 0.721951 1.347255 3.936526 1.065382 2.908117 4.154577 1.791761 2.080244 4.151684 0.1248811 2.083539 3.975774 0.3067386 0.7747398 3.756865 0.374465 0.4777796 3.592557 1.239824 1.586798 3.78448 1.502273 0.6536132 3.781933 0.1799205 1.289139 3.627102 -1.008936 0.7109381 4.124106 -1.822299 2.16591 4.300016 -2.188431 1.127186 4.30291 -0.6593399 1.592067 4.084859 -1.001519 1.442728 3.75291 -0.5814482 0.7880178 3.343217 -0.6602327 1.749834 3.726047 -0.1941793 1.089386 3.388069 1.635759 2.337973 3.463551 1.424592 1.609435 3.478687 2.081798 2.22366 3.469498 1.903277 1.492657 3.484673 0.5226247 2.46469 4.493558 -0.0630114 1.982622 4.508694 0.8262186 2.118498 4.499505 0.2661342 1.615963 4.51468 -1.035501 2.221092 4.706814 -0.6874211 1.54781 4.740252 -0.6332262 2.443953 4.683102 -0.2597768 1.791248 4.714376 1.576878 -0.2344269 4.071156 0.8360945 -0.073812 4.028135 1.496107 -0.6869783 4.037389 0.7553212 -0.5590677 3.992001 -0.6760123 -1.309132 5.340071 -0.05719006 -0.9537416 5.080909 -0.9198603 -0.9179778 5.338195 -0.3227924 -0.5380993 5.080538 -1.222459 -0.07423305 6.59936 -0.5185092 0.04280328 6.340199 -1.314437 0.3774344 6.597485 -0.6223252 0.525012 6.339828 1.0328 1.890747 4.394792 0.4725875 1.448701 4.135631 1.331216 1.539448 4.392916 0.7961043 1.076358 4.135259 -0.1019256 0.5806183 6.010603 0.243804 0.5656808 5.823926 -0.7116291 1.846845 6.041977 0.3897085 1.854277 6.039083 -0.7036567 0.5960826 5.863173 -0.4224888 0.5690873 5.690595 -1.790167 -0.2577677 5.908647 -1.690895 0.8391118 5.905753 -0.5445134 -0.3709746 5.729842 0.25796 1.501419 4.135515 -0.7933754 2.722128 4.215152 0.3042714 2.812314 4.221951 -0.6896762 1.463987 4.162555 -0.2221837 -0.3407991 4.084197 0.2151315 -1.891345 4.163835 -0.8178808 -1.509445 4.170633 0.6525747 -0.7071502 4.111237 0.6755546 -0.7277927 4.276462 0.1196252 -0.3900378 4.666913 0.4162313 -1.10105 4.20241 -0.1536449 -0.7917211 4.584538 -0.7128186 -0.7195735 4.409654 0.0323435 -0.8501744 4.466794 -0.6418215 -0.2760353 4.308233 0.1026676 -0.3748341 4.357625 -1.609757 -0.8723872 3.828976 -0.889357 -0.608423 3.574874 -1.775028 -0.4139106 3.885001 -1.071663 -0.1200242 3.636454 -1.585032 0.1614562 3.223594 -0.8737768 -0.2184817 3.278225 -1.367882 0.6012868 3.230613 -0.6468603 0.2548295 3.285041 -0.3298788 -1.417097 2.923612 0.1911419 -0.8016508 2.978244 -0.7142056 -1.112305 2.930631 -0.223863 -0.4802697 2.98506 -0.7656558 -0.9105527 3.471592 -0.07546705 -0.4935684 3.526224 -1.032614 -0.4990456 3.478611 -0.3662049 -0.05654835 3.53304 -0.1048563 -0.9023671 5.326335 0.1781486 -0.236799 4.965575 -0.5527853 -0.7070184 5.369378 -0.3031684 -0.03298044 5.014087 0.8559909 -1.187991 6.660227 0.2005344 -0.6842859 5.499662 0.9480292 -0.4261856 6.223885 1.630122 1.658163 3.214409 0.5370283 0.8243089 2.84013 0.7578511 1.778753 3.276175 2.036793 -0.1497652 2.858704 1.239017 0.9485182 3.291809 2.251451 0.682703 3.059035 -0.7529258 -1.228344 5.654752 -0.1103935 0.008659839 5.950092 0.09147101 -1.037277 5.827091 -2.060738 2.213164 4.865715 -0.9913883 1.36679 4.597453 -1.96448 1.341735 4.968478 -0.4287729 -1.626244 5.002191 -0.1637554 -0.8957405 5.22434 -0.8969427 -1.487807 5.050214 -0.6665197 -0.7530975 5.273763 -0.8514545 -1.057863 4.879828 -0.07867997 -0.9760757 5.101978 -0.932106 -0.5763624 4.927852 -0.1707055 -0.4616339 5.151401 -0.9877137 0.2067279 6.443079 0.06163036 0.326045 2.476016 0.2857816 0.4976101 6.788683 0.01339191 0.153593 4.741329 -0.007468461 0.2692318 3.4028 -0.1823062 1.056195 6.443521 -0.2165681 -0.0885086 6.737808 0.08511877 0.1653165 4.865026 -0.1194325 -0.278491 5.105862 0.5683355 0.002836227 1.733181 -0.7210916 0.2789259 1.780515 -1.183808 1.45234 4.929549 0.9526396 2.183726 4.666751 0.01053112 0.1222715 1.753658 0.1455138 0.9025412 3.234633 0.2954424 0.3131199 3.995918 -0.7531707 1.209891 3.319199 0.3393612 0.06661415 2.839886 -0.5093219 -0.07299137 3.071559 -0.1989231 -0.8867912 5.377341 1.137919 -0.2701655 5.978842 0.009412288 0.01233959 2.929955 0.09679001 -0.5409794 4.371613 0.898703 -0.4124813 4.419246 -0.09079551 0.2825527 4.760366 0.4709101 -0.07123088 1.657542 0.6559435 -0.6086884 3.863514 1.729483 -0.5677595 3.396178 0.6793 -0.2399787 2.573084 0.7438495 -0.009965896 2.713805 0.1866931 0.4886837 1.780964 0.7938408 -0.1225128 2.007317 2.082101 1.321506 3.387969 0.8833664 2.140345 4.037364 0.4227377 0.2510634 1.868965 0.9597215 0.7388554 3.234938 0.4125009 1.338734 3.285358 1.392921 0.5252266 2.792068 0.2293341 -0.1425638 1.415922 -0.3723173 0.4740439 1.642275 -1.360773 0.1308059 3.880023 -0.4820979 -1.787922 3.672322 -0.004573583 0.09716033 1.503923 0.02412539 2.39372e-4 3.171296 -0.004074752 -0.9905586 2.920316 -0.9771722 -0.1683063 2.427026 -0.9877137 0.2067279 6.443079 0.06163036 0.326045 2.476016 0.2857816 0.4976101 6.788683 0.01339191 0.153593 4.741329 -0.007468461 0.2692318 3.4028 -0.1823062 1.056195 6.443521 -0.2165681 -0.0885086 6.737808 0.08511877 0.1653165 4.865026 -0.1194325 -0.278491 5.105862 0.5683355 0.002836227 1.733181 -0.7210916 0.2789259 1.780515 -1.183808 1.45234 4.929549 0.9526396 2.183726 4.666751 0.01053112 0.1222715 1.753658 0.1455138 0.9025412 3.234633 0.2954424 0.3131199 3.995918 -0.7531707 1.209891 3.319199 0.3393612 0.06661415 2.839886 -0.5093219 -0.07299137 3.071559 -0.1989231 -0.8867912 5.377341 1.137919 -0.2701655 5.978842 0.009412288 0.01233959 2.929955 0.09679001 -0.5409794 4.371613 0.898703 -0.4124813 4.419246 -0.09079551 0.2825527 4.760366 0.4709101 -0.07123088 1.657542 0.6559435 -0.6086884 3.863514 1.729483 -0.5677595 3.396178 0.6793 -0.2399787 2.573084 0.7438495 -0.009965896 2.713805 0.1866931 0.4886837 1.780964 0.7938408 -0.1225128 2.007317 2.082101 1.321506 3.387969 0.8833664 2.140345 4.037364 0.4227377 0.2510634 1.868965 0.9597215 0.7388554 3.234938 0.4125009 1.338734 3.285358 1.392921 0.5252266 2.792068 0.2293341 -0.1425638 1.415922 -0.3723173 0.4740439 1.642275 -1.360773 0.1308059 3.880023 -0.4820979 -1.787922 3.672322 -0.004573583 0.09716033 1.503923 0.02412539 2.39372e-4 3.171296 -0.004074752 -0.9905586 2.920316 -0.9771722 -0.1683063 2.427026 1.461771 -0.2229056 3.12952 1.539178 -0.6420269 3.280416 2.003123 -0.6382384 2.977705 1.172412 -0.2968779 4.107273 1.172412 -0.7062683 4.107273 1.716048 -0.6927614 4.107273 1.716048 -0.2995958 4.107273 2.004453 -0.1910207 3.022845 0.9470337 0.424555 2.366441 0.8666122 0.001938104 2.50555 1.150336 -0.1710853 2.062315 1.373202 0.218937 2.078338 0.7967552 0.226054 2.294783 0.796297 -0.1827473 2.272836 1.327379 -0.1636228 2.157468 1.327819 0.2289772 2.178544 1.186494 -0.6653907 3.264142 1.186036 -1.074192 3.242196 1.717118 -1.055067 3.126827 1.717558 -0.6624673 3.147904 1.048325 -1.012479 2.775355 0.6523614 -1.11412 2.753408 0.8035009 -1.6236 2.63804 1.183773 -1.525987 2.659117 0.7861486 -1.058662 2.865029 0.6430143 -0.6752565 2.854423 0.3303678 -0.818054 2.433015 0.46783 -1.186265 2.443201 0.9154145 -0.7964103 2.924766 0.8729196 -1.20345 2.91416 1.216447 -1.21475 2.492752 1.257258 -0.8238402 2.502938 1.193511 -0.3121486 3.233341 1.596602 -0.3826227 3.221065 1.618331 -0.09913492 2.757507 1.231214 -0.0314536 2.769297 1.119844 -0.3296881 3.25935 1.033218 -0.6412301 3.510423 1.565309 -0.750417 3.5365 1.648503 -0.4512215 3.295377 1.672335 -0.5711885 3.478866 1.364357 -0.3376398 3.613789 1.01968 -0.659179 3.342617 1.315454 -0.8834729 3.213041 1.378092 -0.2971614 3.457558 1.23573 -0.6565061 3.592481 1.637953 -0.9022837 3.32131 1.774673 -0.5571792 3.191733 1.550877 -0.6010146 3.443352 0.7852867 0.09733676 2.86023 0.6429248 -0.262008 2.995153 1.045147 -0.5077856 2.723982 1.181868 -0.1626808 2.594406 0.7629151 0.1048455 2.530518 0.5586678 -0.05338144 2.848082 1.001024 -0.3453643 2.969698 1.197177 -0.1934075 2.664718 1.045958 -0.3693271 3.499279 0.7223814 -0.6761646 3.57393 1.09174 -0.9544757 3.878908 1.293949 -0.5605581 3.956262 1.285335 -0.6211064 3.861917 1.166647 -0.412967 3.529966 0.6814152 -0.6555023 3.568042 0.7953992 -0.8553937 3.886838 0.9549133 -0.5876482 3.751983 1.368915 -0.570209 3.725554 1.077535 -0.3264904 3.878193 0.7371794 -0.7505219 3.869296 1.017013 -0.9845824 3.722706 0.2191934 1.120511 3.638555 -0.05612194 0.8587806 3.791194 0.3263916 0.4723508 3.782297 0.5907967 0.7237092 3.635707 0.633559 0.7295356 3.694669 0.3434937 1.014008 3.745045 -0.03043919 0.6279458 3.662254 0.2481313 0.3547469 3.613875 1.678802 0.9981188 2.896758 1.494404 0.7960347 3.068813 1.728278 0.4699084 2.916394 1.905369 0.6639842 2.751156 1.390526 0.507508 3.018462 1.24095 0.2213293 3.005319 1.613737 0.04393124 2.887646 1.757385 0.3187693 2.900268 1.097564 0.5019546 3.063201 1.403814 0.5956042 3.10661 1.349591 0.8821502 2.791589 1.055477 0.7922111 2.749899 1.209761 0.7326199 2.96087 -0.6888183 -2.164255 3.288509 -0.3702573 -2.116027 3.263277 -0.4494328 -1.69942 3.196517 -0.7553702 -1.745737 3.220749 -0.9012482 -1.342132 3.660861 -0.5826873 -1.293904 3.635629 -0.6618627 -0.8772974 3.568869 -0.9678001 -0.9236145 3.593101 -0.8385116 -0.8790522 3.619876 -1.154074 -0.9338994 3.576794 -1.062507 -1.348578 3.513998 -0.7594493 -1.295904 3.555373 -0.2289701 -0.9617474 3.469062 -0.5480344 -1.012419 3.460452 -0.4723963 -1.430789 3.519885 -0.1659756 -1.382125 3.528153 -1.035008 0.3333758 3.565375 -1.354072 0.2827042 3.556764 -1.278434 -0.1356656 3.616197 -0.9720136 -0.08700156 3.624466 -1.624601 0.5440072 3.679529 -1.945991 0.5165243 3.659608 -1.897194 0.09087991 3.632546 -1.58854 0.1172741 3.651677 -1.860248 -0.6470735 3.53219 -1.555835 -0.5439124 3.56587 -1.707199 -0.1444101 3.607981 -1.999549 -0.2434837 3.575635 -1.68692 -0.2458093 3.669338 -1.382507 -0.1426482 3.703018 -1.533871 0.2568539 3.745129 -1.826221 0.1577802 3.712783 -1.906001 -0.2433636 3.612631 -1.726164 0.149936 3.657947 -2.257062 0.3702989 3.714607 -2.429771 -0.007415771 3.671086 -0.1919653 -0.633559 3.28205 -0.012129 -0.2402594 3.327366 -0.5430266 -0.0198965 3.384026 -0.7157356 -0.3976112 3.340505 -0.6726035 0.3277515 3.871492 -0.260562 0.4783385 3.773571 -0.1078546 -0.05123734 3.717681 -0.5377853 -0.1425855 3.611668 -0.9405315 -0.4362798 2.924068 -1.083063 -0.0213828 2.826147 -0.5506126 0.1209785 2.770256 -0.4676575 -0.3106501 2.664244 0.2531982 -1.279142 2.868482 -0.1862278 -1.290779 2.774607 -0.1557877 -0.7448804 2.685377 0.2793125 -0.8072538 2.579447 0.3998269 -0.8322318 2.64926 0.1113942 -0.5041473 2.567021 -0.2645332 -0.902885 2.72606 -0.02146649 -1.169861 2.557176 -0.5449723 0.230647 2.764627 -0.9055451 -0.01596999 2.682387 -0.5552225 -0.4373808 2.841427 -0.2607983 -0.2284026 2.672543 -1.305933 -0.461422 3.771406 -1.689705 -0.6856911 3.767067 -1.335756 -1.133264 3.769426 -1.087824 -0.9120307 3.549278 -2.023967 -1.15047 3.449654 -1.679685 -1.380469 3.287894 -1.420098 -1.159517 3.745498 -1.646764 -0.8360143 3.692131 -1.81117 -0.3152568 3.802551 -1.972079 0.09626483 3.754024 -2.40411 -0.1873764 3.51215 -2.132063 -0.4462249 3.378481 -0.3170967 0.1780902 2.129585 -0.2478069 0.494301 1.824944 -0.8175646 0.5216836 1.840207 -0.8140574 0.1283751 1.904823 -0.7916879 0.3761774 1.630135 -0.384063 0.004277229 2.059255 -0.500591 0.4394844 2.097198 -0.8308237 -0.05848455 1.737747 -0.4983968 0.3949661 2.111555 -0.8016188 0.2816228 1.806914 -0.5155178 -0.2118544 1.822177 -0.187024 0.004468202 1.886794 -1.33863 0.9379816 2.504437 -1.641852 0.8246383 2.199796 -1.355751 0.331161 2.215059 -1.027257 0.5474837 2.279675 -1.422868 1.304942 2.321707 -1.473616 0.8661699 2.371706 -0.9049121 0.8860492 2.413981 -0.916518 1.185153 2.150768 -0.3741552 1.371673 3.888494 -0.4249032 0.9329012 3.938493 0.1438006 0.9527805 3.980767 0.1321947 1.251885 3.717555 0.4183302 1.293075 3.828382 0.1012615 1.485068 3.58302 -0.2357744 1.158301 3.907422 0.05727827 0.8881474 3.903447 0.2336037 0.6584735 4.721777 -0.08346486 0.8504665 4.476415 -0.4205009 0.5236995 4.800816 -0.1274481 0.2535459 4.796841 -0.355924 0.7911753 4.769594 -0.3848996 0.3586247 4.671325 0.1791849 0.384155 4.753563 0.1638283 0.7522304 4.601367 -0.5131837 0.4476907 4.517764 -0.5421593 0.01514017 4.419495 0.02192521 0.04067051 4.501733 0.00656861 0.4087459 4.349537 -0.2423677 -0.08912324 4.552634 0.05369931 0.2420792 4.536965 -0.4155721 0.5495467 4.432781 -0.5556677 0.2313517 4.237835 0.03198599 -0.355628 4.405449 0.3560406 -0.08423781 4.543044 -0.06091398 0.1124514 4.879301 -0.3115362 0.03380692 4.579497 0.1229568 0.2333383 4.845715 -0.2451517 0.1312934 4.618385 0.03759968 -0.3574419 4.535945 0.3712226 -0.1393947 4.530447 0.9898075 1.239233 4.318809 0.6216989 1.137189 4.091479 0.9044503 0.6484532 4.009039 1.238073 0.8665004 4.003541 0.8753702 -0.2174196 4.985399 0.8836198 -0.6665526 4.969435 0.4956299 -0.6343932 4.575323 0.6610473 -0.2258353 4.474619 2.368432 1.102061 3.29497 2.167209 0.7255464 3.154294 1.690535 0.9433829 3.333802 1.874281 1.350608 3.264311 1.553964 1.611479 3.026093 1.996747 1.536139 3.043708 1.88832 1.135339 3.410447 1.481691 1.096344 3.216654 1.093766 2.168106 4.012818 1.531838 2.200543 3.917513 1.511087 1.669664 3.760568 1.073732 1.735825 3.666938 0.6460623 1.621275 3.702244 1.049975 1.564955 3.513232 0.8630532 1.081413 3.317932 0.4477536 1.259567 3.332458 0.3444214 2.156628 3.694821 0.7770834 2.233169 3.600017 0.8650571 1.692867 3.685045 0.433924 1.625091 3.566918 -0.8109773 2.518366 4.038608 -0.8159952 2.082736 4.12691 -0.4261487 2.238042 4.51357 -0.3064756 2.513705 4.251717 0.1211643 2.846398 4.144542 -0.2628213 2.684827 4.299611 0.07533037 2.253737 4.459051 0.2865857 2.324537 4.12854 0.9161599 3.046621 3.645296 0.7365714 2.670724 3.800364 1.275726 2.573271 3.959805 1.386551 2.766557 3.629294 0.8362258 2.68827 4.055374 0.8699445 2.273043 4.210443 1.385011 2.459836 4.369883 1.383648 2.682635 4.039372 1.549286 2.598863 4.047995 1.140351 2.678381 4.203063 1.181308 2.132022 4.362504 1.396219 2.073246 4.031993 2.162163 2.283058 3.371325 1.753228 2.362576 3.526393 1.794185 1.816217 3.685833 2.009097 1.757441 3.355323 1.550554 2.385645 3.52276 1.54386 1.943951 3.473172 2.103113 2.005065 3.568605 2.077021 2.352737 3.375417 2.114779 1.825184 3.209092 2.108084 1.38349 3.159504 2.667337 1.444604 3.254937 2.641245 1.792276 3.061749 1.516288 1.313357 3.529749 1.951448 1.368457 3.457667 1.851402 1.863147 3.723896 1.492566 1.860139 3.550385 2.241801 0.221377 2.886939 2.23497 0.664439 2.922239 1.844568 0.5465647 3.32136 1.734863 0.2384431 3.093535 -0.1848162 -1.233002 4.167695 -0.5885315 -1.419038 4.166395 -0.2914112 -1.874366 4.339607 0.005107164 -1.743195 4.107768 0.4691769 -1.200387 4.329256 0.2216109 -0.9694414 4.041206 -0.1288188 -1.414722 4.108519 0.1979986 -1.639725 4.146489 -0.2032254 -0.8534505 4.304807 -0.6219154 -0.727684 4.224318 -0.7061977 -1.292038 4.221601 -0.3420429 -1.324783 4.062866 0.04191458 -0.5932765 5.27125 -0.3767753 -0.46751 5.190761 -0.4610577 -1.031864 5.188045 -0.09690284 -1.064609 5.02931 -0.06339323 -0.5203152 5.900033 -0.5052592 -0.485579 5.866198 -0.4814126 -1.025758 6.048527 -0.1426819 -1.059015 5.841082 0.7835409 -0.3612959 5.770142 0.5105828 -0.2406213 5.440704 0.3409194 -0.7831805 5.490206 0.7188119 -0.8713214 5.581346 0.6269255 -0.2984829 5.331793 0.8084467 -0.703553 5.355573 1.10447 -0.4585683 5.777425 1.090646 -0.1222739 5.5639 0.6893358 -0.6685891 5.528491 1.112474 -0.5844412 5.635592 0.9500548 -0.04868626 5.525169 0.7115125 -0.2008576 5.244421 0.4420103 -1.019579 6.168807 0.8741295 -0.9190581 6.141131 0.6692058 -0.3867297 6.15661 0.3552404 -0.5237999 5.952856 -0.182803 -0.3903585 5.457273 0.2493161 -0.2898374 5.429598 0.0443924 0.2424912 5.445077 -0.269573 0.105421 5.241322 -0.3103038 0.12106 5.457273 -0.302205 -0.3225231 5.429598 0.2611743 -0.233241 5.445077 0.1926664 0.1024211 5.241322 -1.904043 1.589213 4.878098 -1.720546 1.212791 4.728993 -1.244109 1.465344 4.915626 -1.408686 1.811052 4.804819 -2.269017 1.554595 4.360118 -2.08552 1.178173 4.211013 -1.609083 1.430726 4.397646 -1.77366 1.776434 4.286839 -1.41159 1.984492 4.506719 -1.801346 2.050684 4.303478 -1.812903 1.480286 4.314392 -1.417293 1.492021 4.267134 -0.2616732 2.241676 4.777997 -0.6387287 2.473564 4.818675 -0.8583519 1.951418 4.887497 -0.5831468 1.824125 4.628776 0.1938799 0.8674629 6.260733 -0.1910798 1.089497 6.250505 -0.3980473 0.5775306 6.394249 -0.1090677 0.4204946 6.169064 -0.01400405 0.2070986 6.433662 -0.2492702 0.566549 6.319456 -0.2284404 0.6602229 6.881949 -0.2438227 0.2645352 6.92747 -0.3496686 0.1103589 6.4404 -0.1270693 0.4777883 6.326194 -0.03358554 0.4994555 6.888687 -0.3971147 0.3424462 6.934208 -0.2501092 0.1650911 6.832149 0.1580597 0.3344673 6.784112 -0.03757375 0.4479183 6.26022 -0.2462348 0.1093863 6.287315 0.348413 0.1329406 5.989997 0.2386748 0.4733013 5.72597 -0.1031775 0.5994989 6.165081 -0.1431098 0.2067365 6.220041 -0.3780931 0.0947088 6.013043 -0.03390276 -0.002351999 5.749016 0.2604576 0.2124522 6.188127 -0.04450327 0.4631628 6.243088 -0.05114191 -0.002100706 6.07124 0.300799 0.04519903 5.803849 0.2399894 0.5925369 5.953284 -0.1527276 0.5249322 5.962255 -0.6516092 -0.1038565 6.003925 -0.2996683 -0.0565567 5.736534 -0.3604778 0.4907811 5.885969 -0.7531949 0.4231763 5.89494 -0.6609452 1.230077 6.0994 -0.2195809 1.232924 6.152195 -0.2963592 1.79513 6.091894 -0.5913469 1.706746 5.838817 -0.1312292 1.30983 6.184574 0.1366622 1.016312 5.985377 0.5132818 1.440925 6.044272 0.2085121 1.69141 5.987258 -0.1196877 0.7595391 6.229516 0.1813333 1.056197 6.091755 -0.2049253 1.423321 6.295793 -0.4835863 1.165202 6.17496 2.232036 1.949246 3.10081 2.4703 1.608687 3.258438 2.866758 1.830348 2.913049 2.568167 1.930672 2.668802 2.825217 1.726901 2.854981 2.60354 1.963759 3.158879 2.445464 1.443609 3.332262 2.453186 1.336005 2.948544 2.041655 1.46239 3.136913 1.731335 1.173974 3.271503 2.191332 0.8769993 3.432173 2.375229 1.028682 3.112716 1.259369 0.006536483 4.006791 0.9490496 -0.2818801 4.14138 1.409047 -0.5788543 4.30205 1.592943 -0.4271717 3.982593 -0.02271842 -1.326179 4.444258 -0.3336562 -1.623387 4.332087 0.1055589 -1.858556 4.053894 0.236688 -1.487656 3.989732 -0.5905796 -1.628929 4.175856 -0.2282218 -1.519721 4.409025 -0.4436826 -0.9951115 4.346036 -0.5749087 -1.114327 3.989041 -0.7877696 -1.255799 5.169883 -0.4671267 -1.290268 5.386358 -0.5804082 -0.8191977 5.504061 -0.6994011 -0.7855539 5.178471 -0.2891964 -1.022002 5.256064 -0.634117 -1.15591 5.374217 -0.4619929 -1.577039 5.170213 -0.3023057 -1.376291 4.934628 -0.2895426 -0.7044575 6.103401 -0.4151371 -0.5329068 5.77835 -0.6178661 -0.982132 5.702907 -0.3383063 -1.115075 5.862509 -1.442454 0.03389787 6.07962 -1.640693 -0.04294466 5.754569 -1.259358 -0.3551719 5.679127 -1.058504 -0.1196186 5.838728 -1.862175 0.2010591 5.797342 -1.564611 0.03482985 5.983582 -1.479326 0.5060281 6.122482 -1.599524 0.6009052 5.80967 -1.524918 0.8078348 5.767761 -1.61187 0.4782653 5.954001 -1.134272 0.5129198 6.092901 -1.07229 0.652947 5.780089 -0.2544571 1.807067 5.89859 -0.3455364 1.506625 6.127285 0.1405902 1.531563 6.235236 0.1903274 1.630604 5.905058 -0.01614409 0.07603108 0.3944776 0 -0.04995018 0.3944776 0.05634814 0.04275572 0.3914108 0 0.1239323 -0.4985991 -0.1055656 0.08020555 -0.4985991 -0.247512 -0.1384788 -0.4985991 0.07088685 -0.1885437 -0.4985991 -0.0475983 0.1209577 1.589489 -0.00117588 0.02469998 1.602541 0.06539261 0.1131815 1.590543 6.87607e-4 0.2955948 2.705545 0.08399587 0.2813004 2.704769 0.07720881 0.3423836 2.706629 0.00614351 0.245443 5.005115 0.004716396 0.2663068 5.004288 0.0266183 0.2474033 5.005037 0.02445721 0.2676996 5.004233 0.04836016 0.2626261 2.605204 0.02726018 0.2950114 2.670717 0.06626987 0.2641993 2.60553 0.07831782 0.2984526 2.670829 -0.004237473 0.0144034 2.908091 0.02973967 0.01772636 2.908887 0.009273588 0.04359239 2.930585 0.08049732 -0.4294077 4.061424 0.09584599 -0.42773 4.061394 0.08675587 -0.4142766 4.06729 0.04981178 0.07233858 0.5327084 0.3586748 0.1023809 1.295761 0.3374623 0.144231 1.290996 0.3057334 0.1016214 1.289697 0.7069411 0.5248827 2.605747 0.6955267 0.5422604 2.605321 0.6859244 0.5239899 2.616056 0.06237179 0.004568636 0.5325575 0.3239241 0.1019473 1.225518 0.3463431 0.1240038 1.295279 0.6354181 -0.215065 2.422884 0.6405111 -0.2048701 2.424472 0.628764 -0.2061764 2.429572 0.314262 0.1037604 1.299203 -0.09337192 0.004251718 0.3944776 0.1055663 0.08020329 -0.4985991 0.1910524 0.09410166 0.6788733 0.1645869 0.06204366 0.7281727 0.2365913 0.0566861 0.7210091</float_array>
          <technique_common>
            <accessor source="#tree_oak_bush_a200_001-mesh-positions-array" count="952" stride="3">
              <param name="X" type="float"/>
              <param name="Y" type="float"/>
              <param name="Z" type="float"/>
            </accessor>
          </technique_common>
        </source>
        <source id="tree_oak_bush_a200_001-mesh-normals">
          <float_array id="tree_oak_bush_a200_001-mesh-normals-array" count="2856">0.9884335 -0.08520764 0.1252174 0.5048066 0.8241524 0.2567217 0.4255196 0.8682516 0.2549516 -0.6308786 0.7717521 0.07943964 0.9501633 -0.1096225 0.2917875 0.44026 0.7826472 0.4399853 0.3621021 0.8274789 0.4290902 -0.6436659 0.7633595 0.05429238 0.3071688 -0.9057894 0.2917875 0.8957488 -0.06329536 0.4399853 0.9028596 0.02649003 0.4290902 0.4148076 0.9082614 0.05429238 0.1732535 -0.7290567 0.6621296 0.7367168 0.1431013 0.6608478 0.7506638 0.2237617 0.621601 0.4253365 0.8915067 -0.1558275 -0.9143651 -0.0390942 0.4029664 -0.1042817 -0.5023957 0.8583025 -0.01535075 -0.5199744 0.8539994 0.8834803 -0.3738212 0.2822657 -0.969573 -0.187933 -0.1568346 -0.2345652 -0.6114994 -0.7556383 -0.1456038 -0.6185492 -0.7720878 0.8342845 -0.3062227 -0.4584185 -0.9689627 0.2442701 0.03769034 -0.6658834 -0.7336955 -0.1350749 -0.5955077 -0.7901853 -0.1447492 0.4770348 -0.8656575 -0.151677 -0.6708273 0.7415693 -0.005371212 0.0737937 0.6830043 -0.7266457 0.1455122 0.6365856 -0.7573168 0.772454 -0.2217475 -0.5950499 0.5514389 0.8340709 0.01266515 0.9862056 -0.09741508 -0.1337016 0.9722282 -0.1868343 -0.1407513 0.2305063 -0.9651173 -0.1239662 0.5534226 0.7932371 0.253853 0.4899442 -0.03949093 0.8708457 0.4544511 -0.1222266 0.8823207 -0.1818292 -0.873928 0.4507279 0.5534226 0.7932371 0.253853 0.4899442 -0.03949093 0.8708457 0.4544511 -0.1222266 0.8823207 -0.1818292 -0.873928 0.4507279 0.9642018 -0.07650989 0.253853 0.2135685 -0.4427015 0.8708457 0.1242408 -0.4539018 0.8823207 -0.8459426 -0.2848598 0.4507279 0.94879 -0.2746971 0.155858 0.187994 -0.9781488 0.08868676 0.09912407 -0.9920957 0.07657092 -0.850795 -0.5173498 -0.09198278 -0.7903989 0.6047853 -0.09726244 0.1703543 0.9343852 -0.3127842 0.2584307 0.9127476 -0.3162633 0.9790948 0.1310769 -0.1554002 -0.8687704 0.4670248 -0.1645863 0.0112918 0.7933897 -0.6085696 0.100528 0.7797479 -0.6179082 0.9306619 0.1606189 -0.3285623 -0.8687704 0.4670248 -0.1645863 0.0112918 0.7933897 -0.6085696 0.100528 0.7797479 -0.6179082 0.9306619 0.1606189 -0.3285928 -0.7319865 0.6610919 -0.1645863 0.2005371 0.7676931 -0.6085696 0.2839747 0.7331461 -0.6179082 0.9421064 -0.06637775 -0.3285623 0.9020356 -0.4313486 0.01492351 0.9443037 -0.2125003 0.2511673 0.9862972 -0.1338847 0.09625536 0.07113862 -0.9780267 0.1958678 0.1539048 -0.9465011 0.2836085 0.3804438 -0.9204382 0.08941918 0.3810236 -0.9240394 0.03036588 0.9031342 -0.4242988 -0.06537061 0.5107883 -0.8595538 0.01492351 0.6674093 -0.7010102 0.2511673 0.7459945 -0.6589251 0.09625536 -0.4838099 -0.8529618 0.1958678 -0.3974425 -0.8726768 0.2836085 -0.1945555 -0.9767754 0.08941918 -0.1960814 -0.980102 0.03036588 0.5155797 -0.8543351 -0.06537061 0.7549974 0.5783868 -0.3088778 0.7027497 0.7100742 -0.04333627 0.6169622 0.7676016 -0.1734672 0.9557176 -0.2928556 -0.02826011 0.9806208 -0.1916257 0.04007077 0.9806208 -0.007110774 -0.1957457 0.9674062 -0.01733446 -0.2525101 0.6954558 0.6135746 -0.3739128 -0.4765465 -0.8230537 -0.3088778 -0.3779412 -0.9248024 -0.04333627 -0.2766808 -0.9451583 -0.1734672 -0.9950865 -0.0946989 -0.02826011 -0.9794305 -0.1977294 0.04007077 -0.9088717 -0.3682363 -0.1957457 -0.9005707 -0.3537706 -0.2525101 -0.408063 -0.8328196 -0.3739128 -0.4296396 -0.9009674 0.06045717 -0.2447279 -0.9229713 0.2969146 -0.1842402 -0.9713431 0.1499374 -0.937254 -0.1546373 0.312418 -0.8883938 -0.2348399 0.3944212 -0.8674886 -0.457503 0.1952269 -0.8782312 -0.4581133 0.1370586 -0.382519 -0.9237343 -0.01873832 -0.5873898 0.7245399 0.3604846 -0.632252 0.5187231 0.575457 -0.7341533 0.5133213 0.4443495 0.340434 0.8378247 0.4267403 0.2681356 0.8084353 0.5239418 0.01922661 0.9172338 0.3978393 0.01001006 0.939024 0.3436079 -0.6456801 0.707358 0.2875759 -0.3237709 -0.9040498 0.2789697 -0.09552294 -0.8757897 0.4730979 -0.06024348 -0.9435713 0.3255714 -0.8407239 -0.1596728 0.5173193 -0.7697073 -0.2222663 0.5984374 -0.7668997 -0.4726096 0.4340648 -0.7885678 -0.4833521 0.3800775 -0.290933 -0.9364299 0.1959899 -0.6187018 0.732017 0.285165 -0.6971954 0.5245522 0.4885708 -0.7797174 0.5228736 0.3443709 0.2925199 0.8253731 0.4828333 0.2067018 0.796289 0.5684683 -0.01986753 0.91171 0.4102603 -0.02093565 0.9343852 0.3556322 -0.6664327 0.7169103 0.2045045 -0.9583117 0.01690721 0.285165 -0.8539689 -0.1788384 0.4885708 -0.9070711 -0.2420117 0.3443709 -0.4281442 0.7638783 0.4828333 -0.4627827 0.680166 0.5684683 -0.6989349 0.5857723 0.4102603 -0.7166662 0.5999023 0.3556322 -0.9784234 -0.02893149 0.2045045 0.3923155 0.7887204 0.47322 0.1621143 0.7342143 0.6592609 0.1325418 0.8364818 0.5316935 0.8493912 -0.0275582 0.5270242 0.783227 0.0199896 0.6213874 0.8002564 0.3007904 0.5186926 0.8228095 0.3219398 0.4682455 0.3622852 0.84167 0.4003723 -0.5963317 0.6483963 0.47322 -0.6277047 0.413892 0.6592609 -0.7337871 0.4228339 0.5316935 0.3294168 0.7833796 0.5270242 0.26133 0.738609 0.6213874 0.005157589 0.854915 0.5186926 -0.006469905 0.8835414 0.4682455 -0.6565142 0.6392712 0.4003723 0.7667471 0.4336985 0.47322 0.5454878 0.5174413 0.6592609 0.5782647 0.6187323 0.5316935 0.6882229 -0.4985198 0.5270242 0.6600849 -0.422071 0.6213874 0.8314463 -0.1989806 0.5186926 0.8619953 -0.1940672 0.4682455 0.7715079 0.4943693 0.4003723 0.9483017 0.1238136 0.2921537 0.811182 0.2089907 0.5461593 0.8396558 0.3274636 0.4332408 0.6245308 -0.7518235 0.2113102 0.6426588 -0.6955779 0.3210852 0.8402966 -0.4993133 0.211066 0.8579363 -0.4896389 0.1554307 0.9524217 0.1973326 0.2322153 -0.7734916 0.5995056 0.2055727 -0.7865841 0.4234749 0.449324 -0.872219 0.3732109 0.3161107 0.09054839 0.9504075 0.2974639 0.0190435 0.9186682 0.3945433 -0.2364574 0.941496 0.240028 -0.2457655 0.9519639 0.1825312 -0.8192694 0.5575731 0.1337626 0.9729301 -0.1338542 0.1883297 0.8976104 0.1488388 0.4148686 0.9280068 0.2524186 0.2738731 0.3078707 -0.9037141 0.2974639 0.3599963 -0.8453933 0.3945433 0.6023743 -0.7612537 0.240028 0.6151616 -0.7669607 0.1825312 0.993408 -0.01928764 0.1128879 0.01763969 -0.01599168 0.9996948 0.01763969 -0.01599168 0.9996948 0.01763969 -0.01599168 0.9996948 0.01696825 0.01666307 0.9996948 0.01696825 0.01666307 0.9996948 0.01696825 0.01666307 0.9996948 -0.5200354 -0.2632527 0.8125553 -0.5200354 -0.2632527 0.8125553 -0.5200354 -0.2632527 0.8125553 0.7004303 -0.6739403 0.2348399 0.7004303 -0.6739403 0.2348399 0.7004303 -0.6739403 0.2348399 -0.5241249 -0.6574908 0.5412458 -0.5241249 -0.6574908 0.5412458 -0.5241249 -0.6574908 0.5412458 0.007476985 -0.6297494 0.7767266 0.007476985 -0.6297494 0.7767266 0.007476985 -0.6297494 0.7767266 -0.0341807 0.02246159 0.9991455 -0.0341807 0.02246159 0.9991455 -0.0341807 0.02246159 0.9991455 -0.01684617 0.1544541 0.9878537 -0.01684617 0.1544541 0.9878537 -0.01684617 0.1544541 0.9878537 0.06607258 -0.08413952 0.994232 0.06607258 -0.08413952 0.994232 0.06607258 -0.08413952 0.994232 0.09772026 -0.05307167 0.9937742 0.09772026 -0.05307167 0.9937742 0.09772026 -0.05307167 0.9937742 0.03869742 0.1408429 0.9892575 -0.3218177 0.2206793 0.9206824 -0.3488876 0.08505505 0.9332866 0.3516648 -0.08868676 0.9318827 -0.001831054 -0.01339757 0.9998779 -0.05844295 -0.262154 0.9632252 -0.2569963 -0.3006684 0.918424 0.1122776 -0.3850826 0.9160131 0.007873773 -0.06485182 0.9978332 0.007873773 -0.06485182 0.9978332 0.007873773 -0.06485182 0.9978332 -0.01928764 -0.06241035 0.9978332 -0.01928764 -0.06241035 0.9978332 -0.01928764 -0.06241035 0.9978332 -0.1376995 -0.2459486 0.9594409 -0.1376995 -0.2459486 0.9594409 -0.1376995 -0.2459486 0.9594409 0.161565 0.2309641 0.9594409 0.161565 0.2309641 0.9594409 0.161565 0.2309641 0.9594409 -0.3856014 0.1066316 0.9164403 -0.3856014 0.1066316 0.9164403 -0.3856014 0.1066316 0.9164403 0.01586961 -0.1545152 0.9878537 0.01586961 -0.1545152 0.9878537 0.01586961 -0.1545152 0.9878537 -0.1044648 -0.1149937 0.9878537 -0.1044648 -0.1149937 0.9878537 -0.1044648 -0.1149937 0.9878537 0.1514328 -0.03476053 0.9878537 0.1514328 -0.03476053 0.9878537 0.1514328 -0.03476053 0.9878537 0.1514328 -0.03476053 0.9878537 0.2604144 -0.3385418 0.9041719 0.2604144 -0.3385418 0.9041719 0.2604144 -0.3385418 0.9041719 -0.007202327 0.02267521 0.9996948 -0.007202327 0.02267521 0.9996948 -0.007202327 0.02267521 0.9996948 0.006836116 0.02279728 0.9996948 0.006836116 0.02279728 0.9996948 0.006836116 0.02279728 0.9996948 0.02465891 0.06213563 0.9977416 0.02465891 0.06213563 0.9977416 0.02465891 0.06213563 0.9977416 -0.07144379 -0.06189149 0.9955138 -0.07144379 -0.06189149 0.9955138 -0.07144379 -0.06189149 0.9955138 0.2879116 0.1843928 0.9397259 0.2879116 0.1843928 0.9397259 0.2879116 0.1843928 0.9397259 0.3341472 0.07229834 0.9397259 0.3341472 0.07229834 0.9397259 0.3341472 0.07229834 0.9397259 -0.2578509 -0.2245246 0.9397259 -0.2578509 -0.2245246 0.9397259 -0.2578509 -0.2245246 0.9397259 0.1553392 0.003540098 0.9878537 0.1553392 0.003540098 0.9878537 0.1553392 0.003540098 0.9878537 0.1553392 0.003540098 0.9878537 0.01321446 -0.05371254 0.9984436 0.01321446 -0.05371254 0.9984436 0.01321446 -0.05371254 0.9984436 0.01068145 0.05429238 0.9984436 0.01068145 0.05429238 0.9984436 0.01068145 0.05429238 0.9984436 0.345439 -0.4079715 0.8450881 0.345439 -0.4079715 0.8450881 0.345439 -0.4079715 0.8450881 -0.03442484 0.2282784 0.9729606 -0.03442484 0.2282784 0.9729606 -0.03442484 0.2282784 0.9729606 0.3313394 0.004425168 0.9434797 0.3313394 0.004425168 0.9434797 0.3313394 0.004425168 0.9434797 -0.06707966 0.01745659 0.9975891 -0.06707966 0.01745659 0.9975891 -0.06707966 0.01745659 0.9975891 -0.03122043 -0.06189149 0.9975891 -0.03122043 -0.06189149 0.9975891 -0.03122043 -0.06189149 0.9975891 -0.04931789 -0.04867702 0.9975891 -0.04931789 -0.04867702 0.9975891 -0.04931789 -0.04867702 0.9975891 0.249916 0.3772698 0.8917204 0.249916 0.3772698 0.8917204 0.249916 0.3772698 0.8917204 -0.7028413 0.4155706 0.5773187 -0.7028413 0.4155706 0.5773187 -0.7028413 0.4155706 0.5773187 0.006714046 -0.4168218 0.9089328 0.006714046 -0.4168218 0.9089328 0.006714046 -0.4168218 0.9089328 0.1486556 -0.2674337 0.9520249 0.1486556 -0.2674337 0.9520249 0.1486556 -0.2674337 0.9520249 -0.1658375 -0.1466719 0.9751579 -0.1658375 -0.1466719 0.9751579 -0.1658375 -0.1466719 0.9751579 0.3490096 0.147679 0.9253823 0.3490096 0.147679 0.9253823 0.3490096 0.147679 0.9253823 0.01068145 -0.29429 0.9556261 0.01068145 -0.29429 0.9556261 0.01068145 -0.29429 0.9556261 -0.2598651 -0.138554 0.9556261 -0.2598651 -0.138554 0.9556261 -0.2598651 -0.138554 0.9556261 0.2137821 -0.05258339 0.9754326 0.2137821 -0.05258339 0.9754326 0.2137821 -0.05258339 0.9754326 -0.1214942 0.9873043 -0.102298 -0.3963439 0.9174475 0.03415018 -0.2225104 0.9724418 0.06927698 -0.2691733 0.9549852 -0.124607 -0.9972839 0.07235938 0.01348912 -0.9867244 0.0597552 -0.150853 -0.9892575 -0.06979578 -0.1281472 -0.9978942 0.0087893 0.06381416 -0.9161046 0.3984802 -0.043733 -0.1498764 0.8998993 -0.4094668 0.0743736 0.7220069 -0.6878567 0.6235847 0.6916715 -0.3642079 0.1898556 0.8562578 -0.4803614 0.2936796 0.9250161 -0.2409131 0.4167302 0.8266854 -0.3780022 0.1680349 0.8657186 -0.4714194 0.9816584 0.003509581 -0.1905881 0.009308099 -0.9464401 -0.3226722 -0.4009827 -0.9020966 -0.1592761 0.3484298 -0.934843 -0.06817835 -0.2507706 -0.9421674 -0.2222357 -0.9747612 -0.2230903 0.00225836 0.0889309 -0.9306009 -0.3550524 0.05468916 -0.9310587 -0.3606677 0.163274 -0.9812921 -0.1018708 -0.6720176 0.6048464 0.4272286 0.04531997 0.9602954 0.2751854 -0.03537094 0.9121067 0.4083682 -0.8319651 0.4802088 0.277871 -0.8044984 -0.1289407 0.5797601 -0.1852778 0.5675833 -0.802179 0.1907712 0.6890469 -0.699118 0.08786278 0.4985198 -0.8623921 0.5532701 0.6448561 -0.5272378 -0.2164677 0.7795038 -0.587756 0.6887418 0.5584887 -0.4622638 0.7076327 0.5298624 -0.467391 0.530839 0.539201 -0.6537981 -0.3673208 -0.7235023 -0.58446 -0.6647542 -0.5970031 -0.4490494 -0.6610004 -0.0230109 -0.7499924 -0.3628956 -0.9125034 -0.1886654 0.2519303 -0.9600818 -0.1214942 -0.8764306 -0.477279 -0.06357002 -0.720542 -0.6928312 -0.02783286 -0.9436018 0.1062654 -0.3135166 0.1214942 -0.9873043 0.102298 0.2225104 -0.9724418 -0.06927698 0.3963439 -0.9174475 -0.03415018 0.2691733 -0.9549852 0.124607 0.9972839 -0.07235938 -0.01348912 0.9892575 0.06979578 0.1281472 0.9867244 -0.0597552 0.150853 0.9978942 -0.0087893 -0.06381416 0.9161046 -0.3984802 0.043733 0.1498764 -0.8998993 0.4094668 -0.6235847 -0.6916715 0.3642079 -0.0743736 -0.7220069 0.6878567 -0.1898556 -0.8562578 0.4803614 -0.2936796 -0.9250161 0.2409131 -0.4167302 -0.8266854 0.3780022 -0.1680349 -0.8657186 0.4714194 -0.9816584 -0.003509581 0.1905881 -0.009308099 0.9464401 0.3226722 -0.3484298 0.934843 0.06817835 0.4009827 0.9020966 0.1592761 0.2507706 0.9421674 0.2222357 0.9747612 0.2230903 -0.00225836 -0.0889309 0.9306009 0.3550524 -0.05468916 0.9310587 0.3606677 -0.163274 0.9812921 0.1018708 0.6720176 -0.6048464 -0.4272286 0.03537094 -0.9121067 -0.4083682 -0.04531997 -0.9602954 -0.2751854 0.8319651 -0.4802088 -0.277871 0.8044984 0.1289407 -0.5797601 0.1852778 -0.5675833 0.802179 -0.08786278 -0.4985198 0.8623921 -0.1907712 -0.6890469 0.699118 -0.5532701 -0.6448561 0.5272378 0.2164677 -0.7795038 0.587756 -0.6887418 -0.5584887 0.4622638 -0.7076327 -0.5298624 0.467391 -0.530839 -0.539201 0.6537981 0.3673208 0.7235023 0.58446 0.6610004 0.0230109 0.7499924 0.6647542 0.5970031 0.4490494 0.3628956 0.9125034 0.1886654 -0.2519303 0.9600818 0.1214942 0.8764306 0.477279 0.06357002 0.720542 0.6928312 0.02783286 0.9436018 -0.1062654 0.3135166 0.3950011 0.113071 0.9116489 0.1594897 0.360332 0.9190649 0.3415327 0.1749931 0.9233986 0.544908 -0.08578753 0.8340709 0.2137821 -0.05258339 0.9754326 0.6780602 -0.1801813 0.7125462 0.6010316 0.1443525 0.7860347 0.6665548 -0.1025117 0.7383343 0.6837977 -0.4153569 0.5998718 0.2137821 -0.05258339 0.9754326 0.2137821 -0.05258339 0.9754326 0.2137821 -0.05258339 0.9754326 0.002441465 -0.2201605 0.9754326 0.002441465 -0.2201605 0.9754326 0.002441465 -0.2201605 0.9754326 -0.7327494 -0.2561113 0.6304209 -0.7327494 -0.2561113 0.6304209 -0.7327494 -0.2561113 0.6304209 0.7701651 -0.09677416 0.6304209 0.7701651 -0.09677416 0.6304209 0.7701651 -0.09677416 0.6304209 0.1624195 0.838374 0.5203101 0.1624195 0.838374 0.5203101 0.1624195 0.838374 0.5203101 0.08664202 0.6104007 0.7873165 0.08664202 0.6104007 0.7873165 0.08664202 0.6104007 0.7873165 -0.08960235 -0.5841853 0.8066347 -0.08960235 -0.5841853 0.8066347 -0.08960235 -0.5841853 0.8066347 0.5868099 0.07037568 0.8066347 0.5868099 0.07037568 0.8066347 0.5868099 0.07037568 0.8066347 0.5157933 0.2550432 0.817835 0.4249397 0.01879936 0.9049959 0.5903806 0.06805628 0.8042238 0.6377758 -0.1236 0.7602161 0.7314982 0.1189611 0.6713462 0.3301492 0.74279 0.5824458 0.3301492 0.74279 0.5824458 0.3301492 0.74279 0.5824458 0.281045 -0.2450636 0.9278542 0.281045 -0.2450636 0.9278542 0.281045 -0.2450636 0.9278542 -0.5660268 0.3812067 0.7309183 -0.5034334 0.6650899 0.5515 -0.5568407 0.455031 0.6948454 -0.5694754 0.1330301 0.8111209 -0.1505172 0.7242653 0.6728416 -0.2306894 0.8594318 0.4561601 -0.3305155 0.741905 0.5833613 -0.4957427 0.7321391 0.4670553 -0.4136479 0.5939512 0.6899625 0.2754601 0.2513199 0.9278542 0.2754601 0.2513199 0.9278542 0.2754601 0.2513199 0.9278542 -0.01843315 -0.1925107 0.981109 -0.01843315 -0.1925107 0.981109 -0.01843315 -0.1925107 0.981109 0.6266366 0.087466 0.7743461 0.6266366 0.087466 0.7743461 0.6266366 0.087466 0.7743461 0.2259895 -0.1622058 0.9605091 0.2259895 -0.1622058 0.9605091 0.2259895 -0.1622058 0.9605091 0.0525223 0.1677297 0.9844051 0.0525223 0.1677297 0.9844051 0.0525223 0.1677297 0.9844051 -0.4082461 0.5287027 0.7441633 -0.1550035 0.6083559 0.7783135 -0.3028962 0.6819056 0.6657613 -0.181524 0.8065737 0.5625172 -0.4417859 0.7253029 0.5279397 0.0525223 0.1677297 0.9844051 0.0525223 0.1677297 0.9844051 0.0525223 0.1677297 0.9844051 -0.1039766 -0.1713004 0.9797052 -0.1039766 -0.1713004 0.9797052 -0.1039766 -0.1713004 0.9797052 -0.04763936 0.132023 0.9900815 -0.04763936 0.132023 0.9900815 -0.04763936 0.132023 0.9900815 -0.04763936 0.132023 0.9900815 -0.04763936 0.132023 0.9900815 -0.04763936 0.132023 0.9900815 -0.05575728 -0.06970423 0.9960021 -0.05575728 -0.06970423 0.9960021 -0.05575728 -0.06970423 0.9960021 -0.06567579 -0.1291849 0.9894406 -0.06567579 -0.1291849 0.9894406 -0.06567579 -0.1291849 0.9894406 -0.06567579 -0.1291849 0.9894406 -0.06567579 -0.1291849 0.9894406 -0.06567579 -0.1291849 0.9894406 0.04895168 -0.1363872 0.9894406 0.04895168 -0.1363872 0.9894406 0.04895168 -0.1363872 0.9894406 0.04895168 -0.1363872 0.9894406 0.04895168 -0.1363872 0.9894406 0.04895168 -0.1363872 0.9894406 0.09588915 -0.248268 0.9639272 -0.1044343 -0.503647 0.8575396 0.04779195 -0.3136387 0.9483322 0.2422864 -0.03244113 0.9696341 0.2500992 0.09103667 0.9639272 0.5015412 -0.1142308 0.8575396 0.3145238 0.04165774 0.9483322 0.03714102 0.241615 0.9696341 -7.32444e-4 0.3236793 0.9461348 0.2718589 0.4916532 0.8272348 0.06613361 0.3684194 0.9272744 -0.2101809 0.169103 0.96292 0.1485946 -0.4284799 0.891232 0.1124912 0.0217902 0.993408 0.1267738 -0.1223487 0.984344 0.07718127 0.3057344 0.9489731 0.4433119 0.09564501 0.891232 -0.008026361 0.1143223 0.993408 0.1367839 0.1110568 0.984344 -0.2941374 0.1135899 0.9489731 0.6795862 -0.03231906 0.7328715 0.2767723 -0.01510661 0.9608142 0.4128239 -0.02099668 0.9105502 -0.009826958 -0.002502501 0.999939 -0.4362316 -0.1595507 0.8855556 -0.3631703 -0.5871762 0.7233802 -0.3953368 -0.4638508 0.7927793 -0.2767418 -0.7944579 0.5405744 -0.4226813 -0.7250282 0.5437483 -0.4718161 -0.3490096 0.8096561 -0.4672689 -0.478164 0.7435835 -0.4510941 -0.07147431 0.889584 -0.4196906 0.143498 0.8962371 -0.1405377 0.5099643 0.8485977 -0.2335886 0.4044313 0.8842128 0.05240023 0.6868496 0.7248756 -0.7492905 0.0190435 0.661916 -0.5497909 -0.2175054 0.8064516 -0.7085177 -0.03872793 0.7046114 -0.8435011 0.1994079 0.4986724 0.1071199 -0.4304025 0.8962371 -0.3521531 -0.3947264 0.8485977 -0.2129886 -0.4156316 0.8842128 -0.6054262 -0.3285928 0.7248756 0.1071199 -0.4304025 0.8962371 -0.3521531 -0.3947264 0.8485977 -0.2129886 -0.4156316 0.8842128 -0.6054262 -0.3285928 0.7248756 0.3786737 0.6196478 0.68746 0.1068148 0.338023 0.9350261 0.1967223 0.4365978 0.8778649 -0.07779169 0.1217383 0.9895017 0.3786737 0.6196478 0.68746 0.1068148 0.338023 0.9350261 0.1967223 0.4365978 0.8778649 -0.07779169 0.1217383 0.9895017 0.1002533 0.0941801 0.9904782 -0.004882931 0.5234535 0.8520157 0.02874839 0.3980529 0.9168981 -0.07123017 0.7387616 0.670156 0.1002533 0.0941801 0.9904782 -0.004882931 0.5234535 0.8520157 0.02874839 0.3980529 0.9168981 -0.07123017 0.7387616 0.670156 0.3108005 0.3742179 0.8736839 0.04324471 0.01751762 0.9989013 0.130253 0.1325418 0.9825739 -0.1316263 -0.2111575 0.9685049 0.3108005 0.3742179 0.8736839 0.04324471 0.01751762 0.9989013 0.130253 0.1325418 0.9825739 -0.1316263 -0.2111575 0.9685049 -0.7450789 -0.07773059 0.6623737 -0.3879818 0.06726276 0.919187 -0.512009 0.02227848 0.8586688 -0.1181982 0.1520737 0.9812616 -0.4721518 -0.6716514 0.5708792 -0.02923673 -0.7139806 0.6995453 -0.1722465 -0.7174596 0.6749474 0.255562 -0.6622517 0.7043062 0.3242897 -0.4756004 0.8176825 -0.1328165 -0.4451125 0.8855251 0.01086455 -0.4655598 0.8849147 -0.4088565 -0.376751 0.8311716 0.3242897 -0.4756004 0.8176825 -0.1328165 -0.4451125 0.8855251 0.01086455 -0.4655598 0.8849147 -0.4088565 -0.376751 0.8311716 -0.8033082 0.1703543 0.5706351 -0.8375805 0.4240242 0.3444624 -0.8204596 0.2344431 0.5213477 -0.7136448 -0.03796499 0.6994537 0.09659105 -0.1728263 0.9801935 0.01910454 0.1597644 0.9869381 0.07864618 -0.09308141 0.992523 0.148503 -0.4147771 0.897702 -0.146031 0.5572375 0.8173772 -0.4287545 0.3657033 0.8260445 -0.2170171 0.5163121 0.8284249 0.08267462 0.6604816 0.7462691 0.01730394 -0.4398938 0.8978546 -0.2532426 -0.5971862 0.7610401 -0.04886013 -0.4832911 0.8740807 0.2238532 -0.2843409 0.9322184 0.08105713 -0.5561693 0.8270821 -0.2423169 -0.6253853 0.7416914 0.002594053 -0.5792108 0.8151494 0.323191 -0.459151 0.8274789 0.007995843 -0.01208531 0.9998779 -0.2163152 -0.2626728 0.9403058 -0.04690694 -0.07370215 0.9961547 0.179754 0.181402 0.9668264 -0.2635273 0.7220374 0.639668 -0.5851619 0.3957945 0.7077242 -0.4958342 0.5100864 0.7027803 -0.7252418 0.1447492 0.6730552 0.7953429 0.234962 0.5587024 0.438673 0.3945128 0.8073672 0.5637685 0.3527024 0.7467879 0.1635792 0.4525284 0.8765832 0.4382153 0.7040925 0.5587024 0.06564527 0.5863216 0.8073672 0.1869258 0.6382031 0.7467879 -0.1784417 0.4468826 0.8765832 0.02484202 0.8289743 0.5587024 -0.2379833 0.5398724 0.8073672 -0.159215 0.6456801 0.7467879 -0.3789178 0.2965789 0.8765832 0.7915281 -0.2475051 0.5587024 0.5840327 0.08355963 0.8073672 0.6646931 -0.02081358 0.7467879 0.3877987 0.2848598 0.8765832 0.7915281 -0.2475051 0.5587024 0.5840327 0.08355963 0.8073672 0.6646931 -0.02081358 0.7467879 0.3877987 0.2848598 0.8765832 0.263802 0.4835352 0.8345897 0.007843255 0.1308023 0.9913633 0.09027373 0.2472609 0.9647206 -0.1557359 -0.1078524 0.981872 0.263802 0.4835352 0.8345897 0.007843255 0.1308023 0.9913633 0.09027373 0.2472609 0.9647206 -0.1557359 -0.1078524 0.981872 -0.4343394 -0.0527665 0.8991668 -0.0496841 -0.3054903 0.9508652 -0.1744438 -0.2316049 0.9570299 0.200354 -0.4325388 0.8790552 0.2738121 -0.6329234 0.7241432 0.5864132 -0.2926115 0.7552721 0.5000153 -0.408948 0.763329 0.7206336 -0.04397714 0.6918851 0.577868 0.1203039 0.8071841 0.1551866 0.2316049 0.960326 0.2947173 0.2013916 0.9341105 -0.1306497 0.2768639 0.9519639 -0.2648091 -0.2264473 0.937315 -0.4044923 0.2125003 0.8894925 -0.3693045 0.07654041 0.9261452 -0.4487747 0.4682455 0.7611317 0.3064364 -0.5045625 0.807123 0.008270502 -0.195532 0.9806513 0.1042817 -0.2995086 0.9483627 -0.1821955 0.02246159 0.9829707 0.3064364 -0.5045625 0.807123 0.008270502 -0.195532 0.9806513 0.1042817 -0.2995086 0.9483627 -0.1821955 0.02246159 0.9829707 0.5029756 -0.1668142 0.8480178 0.1784417 0.1385845 0.9741203 0.2869656 0.043733 0.9569079 -0.04754781 0.3175451 0.9470199 -0.2891629 -0.2998138 0.9090853 -0.5713371 0.05615401 0.8187506 -0.4943693 -0.05685597 0.8673666 -0.6878567 0.2763146 0.6711631 -0.5299539 0.4389172 0.7255775 -0.6819666 0.001434326 0.7313455 -0.6494033 0.1420331 0.7470015 -0.7035432 -0.2768334 0.6544694 -0.7996155 0.3389385 0.4956817 -0.5072177 0.2177801 0.8338267 -0.6133 0.2619404 0.7451094 -0.26545 0.1167638 0.9569994 -0.5983764 0.2295907 0.767571 -0.2068544 0.09302037 0.9739067 -0.3375958 0.1391339 0.9309366 0.06485182 -0.004028439 0.9978637 -0.5983764 0.2295907 0.767571 -0.2068544 0.09302037 0.9739067 -0.3375958 0.1391339 0.9309366 0.06485182 -0.004028439 0.9978637 0.3494675 0.5372478 0.767571 0.1341593 0.1828974 0.9739067 0.2065492 0.3011261 0.9309366 -0.01745659 -0.06256294 0.9978637 0.003418028 0.306711 0.9517807 -0.08359014 -0.1469161 0.9855953 -0.05764943 -0.004669308 0.9983215 -0.1297647 -0.4191717 0.8985565 0.003418028 0.306711 0.9517807 -0.08359014 -0.1469161 0.9855953 -0.05764943 -0.004669308 0.9983215 -0.1297647 -0.4191717 0.8985565 0.11948 -0.4354381 0.8922392 -0.2508316 -0.16422 0.9539781 -0.1378216 -0.2553178 0.9569689 -0.4586932 0.02624589 0.8881802 0.4078799 -0.5691397 0.713889 0.2670369 -0.1927854 0.9441816 0.3186743 -0.3183386 0.8927885 0.1481063 0.06772053 0.9866329 0.3951537 -0.4338817 0.8096561 0.2342905 -0.03088468 0.9716483 0.2915738 -0.1611072 0.9428694 0.1062044 0.2287362 0.9676504 0.9071016 0.01312291 0.4206366 0.9335917 0.3445845 0.09823906 0.9474166 0.2463148 0.2041688 0.8475906 0.5174108 -0.1175268 0.4035767 -0.8124943 0.4206366 0.7139806 -0.6931974 0.09823906 0.6313364 -0.7481307 0.2041688 0.832728 -0.5410321 -0.1175268 -0.8518937 0.5203406 -0.0592364 -0.5723441 0.7993713 0.1825922 -0.6758629 0.728843 0.1092562 -0.3315836 0.8887906 0.3162938 0.4325083 0.08163696 0.8979156 0.6572161 0.3953062 0.6416822 0.6007264 0.3039948 0.739372 0.7277139 0.5511948 0.408124 -0.1714224 -0.4053773 0.8979156 -0.03466898 -0.7661367 0.6416822 -0.07943964 -0.668569 0.739372 0.05609297 -0.9111912 0.408124 -0.01208531 0.2002319 0.9796442 0.3953062 -0.01135283 0.9184545 0.2738731 0.05633711 0.9600818 0.610828 -0.1446577 0.7784051 -0.01208531 0.2002319 0.9796442 0.3953062 -0.01135283 0.9184545 0.2738731 0.05633711 0.9600818 0.610828 -0.1446577 0.7784051 -0.6581622 0.432844 0.6159856 -0.3521836 0.2392651 0.9048128 -0.4589374 0.3071688 0.8336436 -0.118839 0.08981597 0.9888302 0.1267433 0.3642384 0.9226356 0.228431 -0.0851466 0.9698172 0.2012085 0.05716115 0.9778436 0.267922 -0.3614917 0.8930326 -0.2890713 -0.1317789 0.9481796 0.1694387 -0.07632678 0.9825739 0.02618485 -0.0959807 0.9950255 0.4423658 -0.03265476 0.8962371 0.2193365 0.9670705 0.1290627 0.3071688 0.7808466 0.5439314 0.2862941 0.8593707 0.423658 0.3292031 0.5764641 0.7478561 0.7332682 -0.6506851 0.1972106 0.8252511 -0.2962126 0.4807886 0.8154546 -0.417188 0.4011658 0.7928709 -0.03820914 0.6081423 0.6515397 0.4677877 0.5971862 0.2548906 0.4866176 0.8355663 0.3884396 0.4922025 0.7789545 -0.02536088 0.4449904 0.8951384 0.6515397 0.4677877 0.5971862 0.2548906 0.4866176 0.8355663 0.3884396 0.4922025 0.7789545 -0.02536088 0.4449904 0.8951384 0.8197882 -0.1967833 0.5377666 0.4885708 -0.4362926 0.7555773 0.6066775 -0.3697928 0.7036653 0.2241584 -0.5405439 0.8108768 -0.9436323 0.1379131 0.3007904 -0.73043 -0.0140385 0.6828212 -0.8164007 0.03442484 0.5764031 -0.5143895 -0.1091341 0.8505508 -0.9204382 0.166509 0.3535875 -0.7459945 -0.1434065 0.6502884 -0.8199103 -0.04724264 0.570513 -0.5529344 -0.3246864 0.7673269 0.8880276 -0.3265175 0.3236793 0.6335337 -0.3070772 0.7101352 0.7304605 -0.320658 0.6029542 0.4019288 -0.2608722 0.8776818 -0.5854061 -0.3573718 0.7276834 -0.787286 0.04388558 0.6149785 -0.7412641 -0.08395642 0.6659139 -0.8289743 0.2942289 0.4755699 0.1934568 -0.6580096 0.7276834 -0.246437 -0.7490158 0.6149785 -0.1109958 -0.7376934 0.6659139 -0.4990081 -0.7243874 0.4755699 -0.7575305 0.4840846 0.4379101 -0.6945708 0.1147496 0.7101963 -0.7314066 0.2361827 0.6396985 -0.5780511 -0.1326944 0.8051088 0.280343 0.854152 0.4379101 -0.06167787 0.7012848 0.7101963 0.04672384 0.7671743 0.6396985 -0.2723777 0.5268411 0.8051088 0.3457442 0.8831446 0.3169957 0.01373332 0.7816401 0.6235542 0.1207007 0.8329417 0.539964 -0.1988586 0.6310312 0.7498093 0 0 1 0 0 1 0 0 1 -0.9867855 0.156682 -0.0408948 -0.8737449 0.4862209 0.00967431 0.4937895 0.8687704 0.03671371 0.6800745 -0.7331156 0.004577755 -0.7137669 -0.7002472 -0.01229894 0.8291574 -0.5568712 0.04831075 0.7666555 -0.5623341 -0.3098239 -0.6993011 -0.6003296 -0.3879818 -0.4753563 -0.6528214 -0.5897397 0.7697073 0.3764458 0.5155187 -0.218482 0.8791162 0.4235054 -0.7887509 -0.5909299 -0.1692251 -0.09747612 0.9208045 0.3776055 0.9045686 -0.3774834 -0.1980346 -0.7844173 0.4918363 0.3778191 0.8831751 -0.402234 -0.2411267 0.8275399 -0.5575731 -0.06515699 -0.8419141 -0.4504837 0.2969756 0.3392437 0.9067354 -0.2504349 0.02514719 0.9825739 -0.1841182 -0.854091 -0.3714713 0.3639637 -0.08169806 0.9598376 -0.2682882 0.8341014 -0.5496689 -0.04541152 0.9466537 0.316599 -0.05984675 0.5386517 -0.8357189 0.1067537 0.2269967 -0.968566 0.1014435 0.9377728 0.3472091 0.002563536 0.8658406 0.492996 -0.08493298 0.6241646 0.7780084 0.07123017 0.4381542 -0.8337962 -0.3357647 -0.8602557 -0.4382153 0.260567 0.5249489 0.8488724 -0.06140321 -0.9452193 -0.2649922 0.190527 -0.9487289 0.1105075 0.2960906 0.1138035 -0.9531846 -0.2800683 0.5340434 -0.8296457 0.1626636 0.8658711 0.4956511 0.06741535 0.01254308 0.9983825 0.05490279 0.08139282 0.9935606 0.07849359 -0.2236701 0.974456 -0.01962339 -0.9877011 -0.1174352 0.1029389 -0.9116489 -0.3576464 0.2022767 -0.6206244 0.7821589 0.05462813 -0.1420331 -0.9793084 0.1439253 -0.9046297 0.4258858 -0.01504558 0.01763969 -0.01599168 0.9996948 0.01696825 0.01666307 0.9996948 -0.5200354 -0.2632527 0.8125553 0.7004303 -0.6739403 0.2348399 -0.5241249 -0.6574908 0.5412458 -0.01684617 0.1544541 0.9878537 0.06607258 -0.08413952 0.994232 0.09772026 -0.05307167 0.9937742 0.09772026 -0.05307167 0.9937742 0.3866085 0.0433973 0.9212012 0.007873773 -0.06485182 0.9978332 -0.01928764 -0.06241035 0.9978332 0.01586961 -0.1545152 0.9878537 -0.1044648 -0.1149937 0.9878537 -0.08432263 -0.04455697 0.9954223 -0.08432263 -0.04455697 0.9954223 -0.08432263 -0.04455697 0.9954223 -0.08432263 -0.04455697 0.9954223 -0.08432263 -0.04455697 0.9954223 0.2604144 -0.3385418 0.9041719 -0.007202327 0.02267521 0.9996948 0.006836116 0.02279728 0.9996948 0.02465891 0.06213563 0.9977416 -0.07144379 -0.06189149 0.9955138 0.2879116 0.1843928 0.9397259 0.3341472 0.07229834 0.9397259 -0.2578509 -0.2245246 0.9397259 0.02069151 -0.09311193 0.9954223 0.02069151 -0.09311193 0.9954223 0.02069151 -0.09311193 0.9954223 0.02069151 -0.09311193 0.9954223 0.02069151 -0.09311193 0.9954223 0.01321446 -0.05371254 0.9984436 0.01068145 0.05429238 0.9984436 0.345439 -0.4079715 0.8450881 -0.03442484 0.2282784 0.9729606 0.3313394 0.004425168 0.9434797 -0.06707966 0.01745659 0.9975891 -0.03122043 -0.06189149 0.9975891 -0.04931789 -0.04867702 0.9975891 0.249916 0.3772698 0.8917204 0.01068145 -0.29429 0.9556261 -0.2598651 -0.138554 0.9556261 -0.2878201 0.1868953 0.9392377 -0.2878201 0.1868953 0.9392377 -0.2878201 0.1868953 0.9392377 -0.2878201 0.1868953 0.9392377 -0.2878201 0.1868953 0.9392377 0.2137821 -0.05258339 0.9754326 0.002441465 -0.2201605 0.9754326 -0.7327494 -0.2561113 0.6304209 0.7701651 -0.09677416 0.6304209 0.1624195 0.838374 0.5203101 0.08664202 0.6104007 0.7873165 -0.08960235 -0.5841853 0.8066347 0.5868099 0.07037568 0.8066347 0.3301492 0.74279 0.5824458 0.281045 -0.2450636 0.9278542 0.2754601 0.2513199 0.9278542 -0.01843315 -0.1925107 0.981109 0.6266366 0.087466 0.7743461 0.2259895 -0.1622058 0.9605091 0.0525223 0.1677297 0.9844051 0.0525223 0.1677297 0.9844051 -0.1039766 -0.1713004 0.9797052 -0.04763936 0.132023 0.9900815 -0.04763936 0.132023 0.9900815 -0.05575728 -0.06970423 0.9960021 -0.06567579 -0.1291849 0.9894406 -0.06567579 -0.1291849 0.9894406 0.04895168 -0.1363872 0.9894406 0.04895168 -0.1363872 0.9894406 0 0 1 0.6823023 -0.621662 -0.3846248</float_array>
          <technique_common>
            <accessor source="#tree_oak_bush_a200_001-mesh-normals-array" count="952" stride="3">
              <param name="X" type="float"/>
              <param name="Y" type="float"/>
              <param name="Z" type="float"/>
            </accessor>
          </technique_common>
        </source>
        <source id="tree_oak_bush_a200_001-mesh-map-0">
          <float_array id="tree_oak_bush_a200_001-mesh-map-0-array" count="3540">0.5700773 0.5684846 0.5423011 0.9839084 0.3331996 0.7457156 0.5423011 0.9839084 -0.005794525 0.9749146 0.3331996 0.7457156 0.5700773 0.5684846 0.5423011 0.9839084 0.3331996 0.7457156 0.5423011 0.9839084 -0.005794525 0.9749146 0.3331996 0.7457156 0.5700773 0.5684846 0.5423011 0.9839084 0.3331996 0.7457156 0.5423011 0.9839084 -0.005794525 0.9749146 0.3331996 0.7457156 0.5700773 0.5684846 0.5423011 0.9839084 0.3331996 0.7457156 0.5423011 0.9839084 -0.005794525 0.9749146 0.3331996 0.7457156 0.5700773 0.5684846 0.5423011 0.9839084 0.3331996 0.7457156 0.5423011 0.9839084 -0.005794525 0.9749146 0.3331996 0.7457156 0.5700773 0.5684846 0.5423011 0.9839084 0.3331996 0.7457156 0.5423011 0.9839084 -0.005794525 0.9749146 0.3331996 0.7457156 0.5700773 0.5684846 0.5423011 0.9839084 0.3331996 0.7457156 0.5423011 0.9839084 -0.005794525 0.9749146 0.3331996 0.7457156 0.5700773 0.5684846 0.5423011 0.9839084 0.3331996 0.7457156 0.5423011 0.9839084 -0.005794525 0.9749146 0.3331996 0.7457156 0.5700773 0.5684846 0.5423011 0.9839084 0.3331996 0.7457156 0.5423011 0.9839084 -0.005794525 0.9749146 0.3331996 0.7457156 0.5700773 0.5684846 0.5423011 0.9839084 0.3331996 0.7457156 0.5423011 0.9839084 -0.005794525 0.9749146 0.3331996 0.7457156 0.5700773 0.5684846 0.5423011 0.9839084 0.3331996 0.7457156 0.5423011 0.9839084 -0.005794525 0.9749146 0.3331996 0.7457156 0.5700773 0.5684846 0.5423011 0.9839084 0.3331996 0.7457156 0.5423011 0.9839084 -0.005794525 0.9749146 0.3331996 0.7457156 0.5700773 0.5684846 0.5423011 0.9839084 0.3331996 0.7457156 0.5423011 0.9839084 -0.005794525 0.9749146 0.3331996 0.7457156 0.5700773 0.5684846 0.5423011 0.9839084 0.3331996 0.7457156 0.5423011 0.9839084 -0.005794525 0.9749146 0.3331996 0.7457156 0.5700773 0.5684846 0.5423011 0.9839084 0.3331996 0.7457156 0.5423011 0.9839084 -0.005794525 0.9749146 0.3331996 0.7457156 0.5700773 0.5684846 0.5423011 0.9839084 0.3331996 0.7457156 0.5423011 0.9839084 -0.005794525 0.9749146 0.3331996 0.7457156 0.5700773 0.5684846 0.5423011 0.9839084 0.3331996 0.7457156 0.5423011 0.9839084 -0.005794525 0.9749146 0.3331996 0.7457156 0.7266577 0.8609114 0.7266577 0.9999001 0.5695388 0.9999001 0.5728923 0.5648676 0.7266577 0.5648677 0.7266577 0.7219228 0.5717744 0.7219226 0.7266577 0.7219228 0.7266577 0.8609114 0.5706566 0.8609114 0.7266577 0.8609114 0.5695388 0.9999001 0.5717744 0.7219226 0.5728923 0.5648676 0.7266577 0.7219228 0.7266577 0.8609114 0.7266577 0.9999001 0.5695388 0.9999001 0.5728923 0.5648676 0.7266577 0.5648677 0.7266577 0.7219228 0.5717744 0.7219226 0.7266577 0.7219228 0.7266577 0.8609114 0.5706566 0.8609114 0.7266577 0.8609114 0.5695388 0.9999001 0.5717744 0.7219226 0.5728923 0.5648676 0.7266577 0.7219228 0.7266577 0.8609114 0.7266577 0.9999001 0.5695388 0.9999001 0.5728923 0.5648676 0.7266577 0.5648677 0.7266577 0.7219228 0.5717744 0.7219226 0.7266577 0.7219228 0.7266577 0.8609114 0.5706566 0.8609114 0.7266577 0.8609114 0.5695388 0.9999001 0.5717744 0.7219226 0.5728923 0.5648676 0.7266577 0.7219228 0.7266577 0.8609114 0.7266577 0.9999001 0.5695388 0.9999001 0.5728923 0.5648676 0.7266577 0.5648677 0.7266577 0.7219228 0.5717744 0.7219226 0.7266577 0.7219228 0.7266577 0.8609114 0.5706566 0.8609114 0.7266577 0.8609114 0.5695388 0.9999001 0.5717744 0.7219226 0.5728923 0.5648676 0.7266577 0.7219228 0.7266577 0.8609114 0.7266577 0.9999001 0.5695388 0.9999001 0.5728923 0.5648676 0.7266577 0.5648677 0.7266577 0.7219228 0.5717744 0.7219226 0.7266577 0.7219228 0.7266577 0.8609114 0.5706566 0.8609114 0.7266577 0.8609114 0.5695388 0.9999001 0.5717744 0.7219226 0.5728923 0.5648676 0.7266577 0.7219228 0.7266577 0.8609114 0.7266577 0.9999001 0.5695388 0.9999001 0.5728923 0.5648676 0.7266577 0.5648677 0.7266577 0.7219228 0.5717744 0.7219226 0.7266577 0.7219228 0.7266577 0.8609114 0.5706566 0.8609114 0.7266577 0.8609114 0.5695388 0.9999001 0.5717744 0.7219226 0.5728923 0.5648676 0.7266577 0.7219228 0.7266577 0.8609114 0.7266577 0.9999001 0.5695388 0.9999001 0.5728923 0.5648676 0.7266577 0.5648677 0.7266577 0.7219228 0.5717744 0.7219226 0.7266577 0.7219228 0.7266577 0.8609114 0.5706566 0.8609114 0.7266577 0.8609114 0.5695388 0.9999001 0.5717744 0.7219226 0.5728923 0.5648676 0.7266577 0.7219228 0.7266577 0.8609114 0.7266577 0.9999001 0.5695388 0.9999001 0.5728923 0.5648676 0.7266577 0.5648677 0.7266577 0.7219228 0.5717744 0.7219226 0.7266577 0.7219228 0.7266577 0.8609114 0.5706566 0.8609114 0.7266577 0.8609114 0.5695388 0.9999001 0.5717744 0.7219226 0.5728923 0.5648676 0.7266577 0.7219228 0.7266577 0.8609114 0.7266577 0.9999001 0.5695388 0.9999001 0.5728923 0.5648676 0.7266577 0.5648677 0.7266577 0.7219228 0.5717744 0.7219226 0.7266577 0.7219228 0.7266577 0.8609114 0.5706566 0.8609114 0.7266577 0.8609114 0.5695388 0.9999001 0.5717744 0.7219226 0.5728923 0.5648676 0.7266577 0.7219228 0.7266577 0.8609114 0.7266577 0.9999001 0.5695388 0.9999001 0.5728923 0.5648676 0.7266577 0.5648677 0.7266577 0.7219228 0.5717744 0.7219226 0.7266577 0.7219228 0.7266577 0.8609114 0.5706566 0.8609114 0.7266577 0.8609114 0.5695388 0.9999001 0.5717744 0.7219226 0.5728923 0.5648676 0.7266577 0.7219228 0.7266577 0.8609114 0.7266577 0.9999001 0.5695388 0.9999001 0.5728923 0.5648676 0.7266577 0.5648677 0.7266577 0.7219228 0.5717744 0.7219226 0.7266577 0.7219228 0.7266577 0.8609114 0.5706566 0.8609114 0.7266577 0.8609114 0.5695388 0.9999001 0.5717744 0.7219226 0.5728923 0.5648676 0.7266577 0.7219228 0.7266577 0.8609114 0.7266577 0.9999001 0.5695388 0.9999001 0.5728923 0.5648676 0.7266577 0.5648677 0.7266577 0.7219228 0.5717744 0.7219226 0.7266577 0.7219228 0.7266577 0.8609114 0.5706566 0.8609114 0.7266577 0.8609114 0.5695388 0.9999001 0.5717744 0.7219226 0.5728923 0.5648676 0.7266577 0.7219228 0.7266577 0.8609114 0.7266577 0.9999001 0.5695388 0.9999001 0.5728923 0.5648676 0.7266577 0.5648677 0.7266577 0.7219228 0.5717744 0.7219226 0.7266577 0.7219228 0.7266577 0.8609114 0.5706566 0.8609114 0.7266577 0.8609114 0.5695388 0.9999001 0.5717744 0.7219226 0.5728923 0.5648676 0.7266577 0.7219228 0.7266577 0.8609114 0.7266577 0.9999001 0.5695388 0.9999001 0.5728923 0.5648676 0.7266577 0.5648677 0.7266577 0.7219228 0.5717744 0.7219226 0.7266577 0.7219228 0.7266577 0.8609114 0.5706566 0.8609114 0.7266577 0.8609114 0.5695388 0.9999001 0.5717744 0.7219226 0.5728923 0.5648676 0.7266577 0.7219228 0.7266577 0.8609114 0.7266577 0.9999001 0.5695388 0.9999001 0.5728923 0.5648676 0.7266577 0.5648677 0.7266577 0.7219228 0.5717744 0.7219226 0.7266577 0.7219228 0.7266577 0.8609114 0.5706566 0.8609114 0.7266577 0.8609114 0.5695388 0.9999001 0.5717744 0.7219226 0.5728923 0.5648676 0.7266577 0.7219228 0.9999001 1.0004e-4 0.9994118 0.5666688 0.6446277 0.5604946 0.9999001 1.0004e-4 0.9994118 0.5666688 0.6446277 0.5604946 0.9999001 1.0004e-4 0.9994118 0.5666688 0.6446277 0.5604946 0.7266577 0.9999001 0.5695388 0.9999001 0.5728923 0.5648676 0.7266577 0.9999001 0.5695388 0.9999001 0.5728923 0.5648676 0.5655792 0.5724869 9.998e-5 0.9733611 1.00033e-4 0.558623 0.5655792 0.5724869 9.998e-5 0.9733611 1.00033e-4 0.558623 1.00099e-4 9.998e-5 0.6386566 1.00017e-4 0.6386566 0.5591769 1.00099e-4 9.998e-5 0.6386566 1.00017e-4 0.6386566 0.300652 0.8185026 1.00029e-4 0.9999001 1.0004e-4 0.9994118 0.5666688 0.8185026 1.00029e-4 0.9999001 1.0004e-4 0.9999001 0.2235139 0.6481993 0.2288743 0.8233681 0.2320287 0.8258009 0.419357 0.8185026 1.00029e-4 0.8233681 0.2320287 0.6481993 0.2288743 0.8258009 0.419357 0.9994118 0.5666688 0.6446277 0.5604946 0.9999001 0.2235139 0.9994118 0.5666688 0.8258009 0.419357 0.9999001 1.0004e-4 0.9994118 0.5666688 0.6446277 0.5604946 0.9999001 1.0004e-4 0.9994118 0.5666688 0.6446277 0.5604946 0.5655792 0.5724869 9.998e-5 0.9733611 1.00033e-4 0.558623 0.5655792 0.5724869 9.998e-5 0.9733611 1.00033e-4 0.558623 0.5655792 0.5724869 9.998e-5 0.9733611 1.00033e-4 0.558623 1.00099e-4 9.998e-5 0.6386566 1.00017e-4 0.6386566 0.5591769 1.00099e-4 9.998e-5 0.6386566 1.00017e-4 0.6386566 0.5591769 0.007033586 0.5548431 1.00099e-4 9.998e-5 0.6386566 0.5591769 1.00099e-4 9.998e-5 0.6386566 1.00017e-4 0.6386566 0.5591769 0.9999001 1.0004e-4 0.9994118 0.5666688 0.6446277 0.5604946 0.9999001 1.0004e-4 0.9994118 0.5666688 0.6446277 0.5604946 0.9999001 1.0004e-4 0.9994118 0.5666688 0.6446277 0.5604946 0.9999001 1.0004e-4 0.9994118 0.5666688 0.6446277 0.5604946 0.9999001 1.0004e-4 0.9994118 0.5666688 0.6446277 0.5604946 0.9999001 1.0004e-4 0.9994118 0.5666688 0.6446277 0.5604946 0.9999001 1.0004e-4 0.9994118 0.5666688 0.6446277 0.5604946 0.9999001 1.0004e-4 0.9994118 0.5666688 0.6446277 0.5604946 0.007033586 0.5548431 1.00099e-4 9.998e-5 0.6386566 0.5591769 1.00099e-4 9.998e-5 0.6386566 1.00017e-4 0.6386566 0.5591769 1.00099e-4 9.998e-5 0.6386566 1.00017e-4 0.6386566 0.5591769 1.00099e-4 9.998e-5 0.6386566 1.00017e-4 0.6386566 0.5591769 0.9999001 1.0004e-4 0.9994118 0.5666688 0.6446277 0.5604946 0.9999001 1.0004e-4 0.9994118 0.5666688 0.6446277 0.5604946 0.9999001 1.0004e-4 0.9994118 0.5666688 0.6446277 0.5604946 0.9999001 1.0004e-4 0.9994118 0.5666688 0.6446277 0.5604946 0.9999001 1.0004e-4 0.9994118 0.5666688 0.6446277 0.5604946 0.9999001 1.0004e-4 0.9994118 0.5666688 0.6446277 0.5604946 0.9999001 1.0004e-4 0.9994118 0.5666688 0.6446277 0.5604946 0.5655792 0.5724869 9.998e-5 0.9733611 1.00033e-4 0.558623 0.5655792 0.5724869 9.998e-5 0.9733611 1.00033e-4 0.558623 0.5655792 0.5724869 9.998e-5 0.9733611 1.00033e-4 0.558623 0.5655792 0.5724869 9.998e-5 0.9733611 1.00033e-4 0.558623 0.5655792 0.5724869 9.998e-5 0.9733611 1.00033e-4 0.558623 0.9999001 1.0004e-4 0.9994118 0.5666688 0.6446277 0.5604946 0.9999001 1.0004e-4 0.9994118 0.5666688 0.6446277 0.5604946 0.9999 0.7802446 0.7281361 0.7816033 0.9999001 0.5695406 0.9999001 0.001106619 0.8789055 0.4625447 0.9999001 0.9999001 0.6731231 0.001106619 0.8789055 0.4625447 0.9999001 0.001106619 0.9999001 0.9999001 0.8789055 0.4625447 0.6731231 0.001106619 0.1468858 0.4394145 0.3739684 0.9929 0.002034306 0.9929001 0.002034306 0.9929001 0.01759999 9.998e-5 0.1468858 0.4394145 0.1468858 0.4394145 0.01759999 9.998e-5 0.3043724 0.4817284 0.3739684 0.9929 0.1468858 0.4394145 0.3043724 0.4817284 0.2378866 0.001106619 0.6708162 0.001106619 0.551374 0.5313483 0.3759027 0.9995645 0.3095951 0.5195625 0.551374 0.5313483 0.8107848 0.9995645 0.6226554 0.9995645 0.551374 0.5313483 0.7390388 0.4874166 0.8107848 0.9995645 0.551374 0.5313483 0.6226554 0.9995645 0.3759027 0.9995645 0.551374 0.5313483 0.3095951 0.5195625 0.2378866 0.001106619 0.551374 0.5313483 0.6708162 0.001106619 0.7390388 0.4874166 0.551374 0.5313483 0.2378866 0.001106619 0.551374 0.5313483 0.6708162 0.001106619 0.3759027 0.9995645 0.551374 0.5313483 0.3095951 0.5195625 0.8107848 0.9995645 0.551374 0.5313483 0.6226554 0.9995645 0.7390388 0.4874166 0.551374 0.5313483 0.8107848 0.9995645 0.6226554 0.9995645 0.551374 0.5313483 0.3759027 0.9995645 0.3095951 0.5195625 0.551374 0.5313483 0.2378866 0.001106619 0.6708162 0.001106619 0.551374 0.5313483 0.7390388 0.4874166 0.1468858 0.4394145 0.002034306 0.9929001 0.3739684 0.9929 0.002034306 0.9929001 0.1468858 0.4394145 0.01759999 9.998e-5 0.1468858 0.4394145 0.3043724 0.4817284 0.01759999 9.998e-5 0.3739684 0.9929 0.3043724 0.4817284 0.1468858 0.4394145 0.2378866 0.001106619 0.551374 0.5313483 0.6708162 0.001106619 0.3759027 0.9995645 0.551374 0.5313483 0.3095951 0.5195625 0.8107848 0.9995645 0.551374 0.5313483 0.6226554 0.9995645 0.7390388 0.4874166 0.551374 0.5313483 0.8107848 0.9995645 0.6226554 0.9995645 0.551374 0.5313483 0.3759027 0.9995645 0.3095951 0.5195625 0.551374 0.5313483 0.2378866 0.001106619 0.6708162 0.001106619 0.551374 0.5313483 0.7390388 0.4874166 0.2378866 0.001106619 0.551374 0.5313483 0.6708162 0.001106619 0.3759027 0.9995645 0.551374 0.5313483 0.3095951 0.5195625 0.8107848 0.9995645 0.551374 0.5313483 0.6226554 0.9995645 0.7390388 0.4874166 0.551374 0.5313483 0.8107848 0.9995645 0.6226554 0.9995645 0.551374 0.5313483 0.3759027 0.9995645 0.3095951 0.5195625 0.551374 0.5313483 0.2378866 0.001106619 0.6708162 0.001106619 0.551374 0.5313483 0.7390388 0.4874166 0.9999001 0.001106619 0.9999001 0.9999001 0.8789055 0.4625447 0.6731231 0.001106619 0.9999001 0.001106619 0.8789055 0.4625447 0.9999001 0.9999001 0.6731231 0.001106619 0.8789055 0.4625447 0.1468858 0.4394145 0.002034306 0.9929001 0.3739684 0.9929 0.002034306 0.9929001 0.1468858 0.4394145 0.01759999 9.998e-5 0.1468858 0.4394145 0.3043724 0.4817284 0.01759999 9.998e-5 0.3739684 0.9929 0.3043724 0.4817284 0.1468858 0.4394145 0.2378866 0.001106619 0.551374 0.5313483 0.6708162 0.001106619 0.3759027 0.9995645 0.551374 0.5313483 0.3095951 0.5195625 0.8107848 0.9995645 0.551374 0.5313483 0.6226554 0.9995645 0.7390388 0.4874166 0.551374 0.5313483 0.8107848 0.9995645 0.6226554 0.9995645 0.551374 0.5313483 0.3759027 0.9995645 0.3095951 0.5195625 0.551374 0.5313483 0.2378866 0.001106619 0.6708162 0.001106619 0.551374 0.5313483 0.7390388 0.4874166 0.2378866 0.001106619 0.6708162 0.001106619 0.551374 0.5313483 0.3759027 0.9995645 0.3095951 0.5195625 0.551374 0.5313483 0.8107848 0.9995645 0.6226554 0.9995645 0.551374 0.5313483 0.7390388 0.4874166 0.8107848 0.9995645 0.551374 0.5313483 0.6226554 0.9995645 0.3759027 0.9995645 0.551374 0.5313483 0.3095951 0.5195625 0.2378866 0.001106619 0.551374 0.5313483 0.6708162 0.001106619 0.7390388 0.4874166 0.551374 0.5313483 0.1468858 0.4394145 0.3739684 0.9929 0.002034306 0.9929001 0.002034306 0.9929001 0.01759999 9.998e-5 0.1468858 0.4394145 0.1468858 0.4394145 0.01759999 9.998e-5 0.3043724 0.4817284 0.3739684 0.9929 0.1468858 0.4394145 0.3043724 0.4817284 0.2378866 0.001106619 0.6708162 0.001106619 0.551374 0.5313483 0.3759027 0.9995645 0.3095951 0.5195625 0.551374 0.5313483 0.8107848 0.9995645 0.6226554 0.9995645 0.551374 0.5313483 0.7390388 0.4874166 0.8107848 0.9995645 0.551374 0.5313483 0.6226554 0.9995645 0.3759027 0.9995645 0.551374 0.5313483 0.3095951 0.5195625 0.2378866 0.001106619 0.551374 0.5313483 0.6708162 0.001106619 0.7390388 0.4874166 0.551374 0.5313483 0.2378866 0.001106619 0.6708162 0.001106619 0.551374 0.5313483 0.3759027 0.9995645 0.3095951 0.5195625 0.551374 0.5313483 0.8107848 0.9995645 0.6226554 0.9995645 0.551374 0.5313483 0.7390388 0.4874166 0.8107848 0.9995645 0.551374 0.5313483 0.6226554 0.9995645 0.3759027 0.9995645 0.551374 0.5313483 0.3095951 0.5195625 0.2378866 0.001106619 0.551374 0.5313483 0.6708162 0.001106619 0.7390388 0.4874166 0.551374 0.5313483 0.7281361 0.7816033 0.9999 0.7802446 0.9999001 0.9999001 0.7281361 0.9999001 0.7281361 0.7816033 0.9999001 0.9999001 0.7281361 0.7816033 0.7281361 0.5627887 0.9999001 0.5695406 0.7281361 0.7816033 0.9999 0.7802446 0.9999001 0.9999001 0.7281361 0.9999001 0.7281361 0.7816033 0.9999001 0.9999001 0.7281361 0.7816033 0.7281361 0.5627887 0.9999001 0.5695406 0.7281361 0.7816033 0.7281361 0.5627887 0.9999001 0.5695406 0.7281361 0.7816033 0.7281361 0.5627887 0.9999001 0.5695406 0.7281361 0.7816033 0.7281361 0.5627887 0.9999001 0.5695406 0.7281361 0.7816033 0.7281361 0.5627887 0.9999001 0.5695406 0.7281361 0.7816033 0.7281361 0.5627887 0.9999001 0.5695406 0.7281361 0.7816033 0.7281361 0.5627887 0.9999001 0.5695406 0.7281361 0.7816033 0.7281361 0.5627887 0.9999001 0.5695406 0.7281361 0.7816033 0.7281361 0.5627887 0.866765 0.6806516 0.9999001 0.5695406 0.9999 0.7802446 0.866765 0.6806516 0.7281361 0.5627887 0.9999001 0.5695406 0.866765 0.6806516 0.9999 0.7802446 0.7281361 0.7816033 0.866765 0.6806516 0.7281361 0.7816033 0.7281361 0.5627887 0.9999001 0.5695406 0.7281361 0.7816033 0.7281361 0.5627887 0.9999001 0.5695406 0.7281361 0.7816033 0.9999 0.7802446 0.9999001 0.9999001 0.7281361 0.9999001 0.7281361 0.7816033 0.9999001 0.9999001 0.7281361 0.7816033 0.7281361 0.5627887 0.866765 0.6806516 0.9999001 0.5695406 0.9999 0.7802446 0.866765 0.6806516 0.7281361 0.5627887 0.9999001 0.5695406 0.866765 0.6806516 0.9999 0.7802446 0.7281361 0.7816033 0.866765 0.6806516 0.7281361 0.7816033 0.7281361 0.5627887 0.9999001 0.5695406 0.7281361 0.7816033 0.7281361 0.5627887 0.9999001 0.5695406 0.7281361 0.7816033 0.7281361 0.5627887 0.9999001 0.5695406 0.7281361 0.7816033 0.7281361 0.5627887 0.9999001 0.5695406 0.7281361 0.7816033 0.7281361 0.5627887 0.9999001 0.5695406 0.7281361 0.7816033 0.7281361 0.5627887 0.866765 0.6806516 0.9999001 0.5695406 0.9999 0.7802446 0.866765 0.6806516 0.7281361 0.5627887 0.9999001 0.5695406 0.866765 0.6806516 0.9999 0.7802446 0.7281361 0.7816033 0.866765 0.6806516 0.7281361 0.7816033 0.7281361 0.5627887 0.9999001 0.5695406 0.7281361 0.7816033 0.7281361 0.5627887 0.9999001 0.5695406 0.7281361 0.7816033 0.7281361 0.5627887 0.9999001 0.5695406 0.7281361 0.7816033 0.7281361 0.5627887 0.9999001 0.5695406 0.7281361 0.7816033 0.7281361 0.5627887 0.9999001 0.5695406 0.7281361 0.7816033 0.7281361 0.5627887 0.9999001 0.5695406 0.7281361 0.7816033 0.7281361 0.5627887 0.9999001 0.5695406 0.7281361 0.7816033 0.7281361 0.5627887 0.9999001 0.5695406 0.7281361 0.7816033 0.7281361 0.5627887 0.9999001 0.5695406 0.7281361 0.7816033 0.9999 0.7802446 0.9999001 0.9999001 0.7281361 0.9999001 0.7281361 0.7816033 0.9999001 0.9999001 0.7281361 0.7816033 0.9999 0.7802446 0.9999001 0.9999001 0.7281361 0.9999001 0.7281361 0.7816033 0.9999001 0.9999001 0.7281361 0.7816033 0.9999 0.7802446 0.9999001 0.9999001 0.7281361 0.9999001 0.7281361 0.7816033 0.9999001 0.9999001 0.9999 0.7802446 0.7281361 0.7816033 0.9999001 0.5695406 0.7281361 0.7816033 0.7281361 0.5627887 0.9999001 0.5695406 0.9999 0.7802446 0.7281361 0.7816033 0.9999001 0.5695406 0.7281361 0.7816033 0.7281361 0.5627887 0.9999001 0.5695406 0.9999 0.7802446 0.7281361 0.7816033 0.9999001 0.5695406 0.7281361 0.7816033 0.7281361 0.5627887 0.9999001 0.5695406 0.9999 0.7802446 0.7281361 0.7816033 0.9999001 0.5695406 0.7281361 0.7816033 0.7281361 0.5627887 0.9999001 0.5695406 0.9999 0.7802446 0.7281361 0.7816033 0.9999001 0.5695406 0.7281361 0.7816033 0.7281361 0.5627887 0.9999001 0.5695406 0.9999 0.7802446 0.7281361 0.7816033 0.9999001 0.5695406 0.7281361 0.7816033 0.7281361 0.5627887 0.9999001 0.5695406 0.7281361 0.7816033 0.9999 0.7802446 0.9999001 0.9999001 0.7281361 0.9999001 0.7281361 0.7816033 0.9999001 0.9999001 0.9999 0.7802446 0.7281361 0.7816033 0.9999001 0.5695406 0.7281361 0.7816033 0.7281361 0.5627887 0.9999001 0.5695406 0.9999 0.7802446 0.7281361 0.7816033 0.9999001 0.5695406 0.7281361 0.7816033 0.7281361 0.5627887 0.9999001 0.5695406 0.9999 0.7802446 0.7281361 0.7816033 0.9999001 0.5695406 0.7281361 0.7816033 0.7281361 0.5627887 0.9999001 0.5695406 0.9999 0.7802446 0.7281361 0.7816033 0.9999001 0.5695406 0.7281361 0.7816033 0.7281361 0.5627887 0.9999001 0.5695406 0.9999 0.7802446 0.7281361 0.7816033 0.9999001 0.5695406 0.7281361 0.7816033 0.7281361 0.5627887 0.9999001 0.5695406 0.9999 0.7802446 0.7281361 0.7816033 0.9999001 0.5695406 0.7281361 0.7816033 0.7281361 0.5627887 0.9999001 0.5695406 0.9999 0.7802446 0.7281361 0.7816033 0.9999001 0.5695406 0.7281361 0.7816033 0.7281361 0.5627887 0.9999001 0.5695406 0.9999 0.7802446 0.7281361 0.7816033 0.9999001 0.5695406 0.7281361 0.7816033 0.7281361 0.5627887 0.9999001 0.5695406 0.9999 0.7802446 0.7281361 0.7816033 0.9999001 0.5695406 0.7281361 0.7816033 0.7281361 0.5627887 0.9999001 0.5695406 0.9999 0.7802446 0.7281361 0.7816033 0.9999001 0.5695406 0.7281361 0.7816033 0.7281361 0.5627887 0.9999001 0.5695406 0.9999 0.7802446 0.7281361 0.7816033 0.9999001 0.5695406 0.7281361 0.7816033 0.7281361 0.5627887 0.9999001 0.5695406 0.9999 0.7802446 0.7281361 0.7816033 0.9999001 0.5695406 0.7281361 0.7816033 0.7281361 0.5627887 0.9999001 0.5695406 0.7281361 0.7816033 0.9999 0.7802446 0.9999001 0.9999001 0.7281361 0.9999001 0.7281361 0.7816033 0.9999001 0.9999001 0.7281361 0.7816033 0.9999 0.7802446 0.9999001 0.9999001 0.7281361 0.9999001 0.7281361 0.7816033 0.9999001 0.9999001 0.7281361 0.7816033 0.9999 0.7802446 0.9999001 0.9999001 0.7281361 0.9999001 0.7281361 0.7816033 0.9999001 0.9999001 0.7281361 0.7816033 0.9999 0.7802446 0.9999001 0.9999001 0.7281361 0.9999001 0.7281361 0.7816033 0.9999001 0.9999001 0.7281361 0.7816033 0.9999 0.7802446 0.9999001 0.9999001 0.7281361 0.9999001 0.7281361 0.7816033 0.9999001 0.9999001 0.7281361 0.7816033 0.9999 0.7802446 0.9999001 0.9999001 0.7281361 0.9999001 0.7281361 0.7816033 0.9999001 0.9999001 0.9999 0.7802446 0.7281361 0.7816033 0.9999001 0.5695406 0.7281361 0.7816033 0.7281361 0.5627887 0.9999001 0.5695406 0.9999 0.7802446 0.7281361 0.7816033 0.9999001 0.5695406 0.7281361 0.7816033 0.7281361 0.5627887 0.9999001 0.5695406 0.9999 0.7802446 0.7281361 0.7816033 0.9999001 0.5695406 0.7281361 0.7816033 0.7281361 0.5627887 0.9999001 0.5695406 0.9999 0.7802446 0.7281361 0.7816033 0.9999001 0.5695406 0.7281361 0.7816033 0.7281361 0.5627887 0.9999001 0.5695406 0.9999 0.7802446 0.7281361 0.7816033 0.9999001 0.5695406 0.7281361 0.7816033 0.7281361 0.5627887 0.9999001 0.5695406 0.9999 0.7802446 0.7281361 0.7816033 0.9999001 0.5695406 0.7281361 0.7816033 0.7281361 0.5627887 0.9999001 0.5695406 0.9999 0.7802446 0.7281361 0.7816033 0.9999001 0.5695406 0.7281361 0.7816033 0.7281361 0.5627887 0.9999001 0.5695406 0.9999 0.7802446 0.7281361 0.7816033 0.9999001 0.5695406 0.7281361 0.7816033 0.7281361 0.5627887 0.9999001 0.5695406 0.9999 0.7802446 0.7281361 0.7816033 0.9999001 0.5695406 0.7281361 0.7816033 0.7281361 0.5627887 0.9999001 0.5695406 0.9999 0.7802446 0.7281361 0.7816033 0.9999001 0.5695406 0.7281361 0.7816033 0.7281361 0.5627887 0.9999001 0.5695406 0.9999 0.7802446 0.7281361 0.7816033 0.9999001 0.5695406 0.7281361 0.7816033 0.7281361 0.5627887 0.9999001 0.5695406 0.9999 0.7802446 0.7281361 0.7816033 0.9999001 0.5695406 0.7281361 0.7816033 0.7281361 0.5627887 0.9999001 0.5695406 0.9999 0.7802446 0.7281361 0.7816033 0.9999001 0.5695406 0.7281361 0.7816033 0.7281361 0.5627887 0.9999001 0.5695406 0.9999 0.7802446 0.7281361 0.7816033 0.9999001 0.5695406 0.7281361 0.7816033 0.7281361 0.5627887 0.9999001 0.5695406 0.9999 0.7802446 0.7281361 0.7816033 0.9999001 0.5695406 0.7281361 0.7816033 0.7281361 0.5627887 0.9999001 0.5695406 0.9999 0.7802446 0.7281361 0.7816033 0.9999001 0.5695406 0.7281361 0.7816033 0.7281361 0.5627887 0.9999001 0.5695406 0.9999 0.7802446 0.7281361 0.7816033 0.9999001 0.5695406 0.7281361 0.7816033 0.7281361 0.5627887 0.9999001 0.5695406 0.9999 0.7802446 0.7281361 0.7816033 0.9999001 0.5695406 0.7281361 0.7816033 0.7281361 0.5627887 0.9999001 0.5695406 0.9999 0.7802446 0.7281361 0.7816033 0.9999001 0.5695406 0.7281361 0.7816033 0.7281361 0.5627887 0.9999001 0.5695406 0.9999 0.7802446 0.7281361 0.7816033 0.9999001 0.5695406 0.7281361 0.7816033 0.7281361 0.5627887 0.9999001 0.5695406 0.9999 0.7802446 0.7281361 0.7816033 0.9999001 0.5695406 0.7281361 0.7816033 0.7281361 0.5627887 0.9999001 0.5695406 0.9999 0.7802446 0.7281361 0.7816033 0.9999001 0.5695406 0.7281361 0.7816033 0.7281361 0.5627887 0.9999001 0.5695406 0.9999 0.7802446 0.7281361 0.7816033 0.9999001 0.5695406 0.7281361 0.7816033 0.7281361 0.5627887 0.9999001 0.5695406 0.9999 0.7802446 0.7281361 0.7816033 0.9999001 0.5695406 0.7281361 0.7816033 0.7281361 0.5627887 0.9999001 0.5695406 0.9999 0.7802446 0.7281361 0.7816033 0.9999001 0.5695406 0.7281361 0.7816033 0.7281361 0.5627887 0.9999001 0.5695406 0.9999 0.7802446 0.7281361 0.7816033 0.9999001 0.5695406 0.7281361 0.7816033 0.7281361 0.5627887 0.9999001 0.5695406 0.9999 0.7802446 0.7281361 0.7816033 0.9999001 0.5695406 0.7281361 0.7816033 0.7281361 0.5627887 0.9999001 0.5695406 0.9999 0.7802446 0.7281361 0.7816033 0.9999001 0.5695406 0.7281361 0.7816033 0.7281361 0.5627887 0.9999001 0.5695406 0.9999 0.7802446 0.7281361 0.7816033 0.9999001 0.5695406 0.7281361 0.7816033 0.7281361 0.5627887 0.9999001 0.5695406 0.9999 0.7802446 0.7281361 0.7816033 0.9999001 0.5695406 0.7281361 0.7816033 0.7281361 0.5627887 0.9999001 0.5695406 0.9999 0.7802446 0.7281361 0.7816033 0.9999001 0.5695406 0.7281361 0.7816033 0.7281361 0.5627887 0.9999001 0.5695406 0.9999 0.7802446 0.7281361 0.7816033 0.9999001 0.5695406 0.7281361 0.7816033 0.7281361 0.5627887 0.9999001 0.5695406 0.9999 0.7802446 0.7281361 0.7816033 0.9999001 0.5695406 0.7281361 0.7816033 0.7281361 0.5627887 0.9999001 0.5695406 0.9999 0.7802446 0.7281361 0.7816033 0.9999001 0.5695406 0.7281361 0.7816033 0.7281361 0.5627887 0.9999001 0.5695406 0.9999 0.7802446 0.7281361 0.7816033 0.9999001 0.5695406 0.7281361 0.7816033 0.7281361 0.5627887 0.9999001 0.5695406 0.9999 0.7802446 0.7281361 0.7816033 0.9999001 0.5695406 0.7281361 0.7816033 0.7281361 0.5627887 0.9999001 0.5695406 0.9999 0.7802446 0.7281361 0.7816033 0.9999001 0.5695406 0.7281361 0.7816033 0.7281361 0.5627887 0.9999001 0.5695406 0.9999 0.7802446 0.7281361 0.7816033 0.9999001 0.5695406 0.7281361 0.7816033 0.7281361 0.5627887 0.9999001 0.5695406 0.9999 0.7802446 0.7281361 0.7816033 0.9999001 0.5695406 0.7281361 0.7816033 0.7281361 0.5627887 0.9999001 0.5695406 0.9999 0.7802446 0.7281361 0.7816033 0.9999001 0.5695406 0.7281361 0.7816033 0.7281361 0.5627887 0.9999001 0.5695406 0.9999 0.7802446 0.7281361 0.7816033 0.9999001 0.5695406 0.7281361 0.7816033 0.7281361 0.5627887 0.9999001 0.5695406 0.9999 0.7802446 0.7281361 0.7816033 0.9999001 0.5695406 0.7281361 0.7816033 0.7281361 0.5627887 0.9999001 0.5695406 0.9999 0.7802446 0.7281361 0.7816033 0.9999001 0.5695406 0.7281361 0.7816033 0.7281361 0.5627887 0.9999001 0.5695406 0.9999 0.7802446 0.7281361 0.7816033 0.9999001 0.5695406 0.7281361 0.7816033 0.7281361 0.5627887 0.9999001 0.5695406 0.9999 0.7802446 0.7281361 0.7816033 0.9999001 0.5695406 0.7281361 0.7816033 0.7281361 0.5627887 0.9999001 0.5695406 0.9999 0.7802446 0.7281361 0.7816033 0.9999001 0.5695406 0.7281361 0.7816033 0.7281361 0.5627887 0.9999001 0.5695406 0.9999 0.7802446 0.7281361 0.7816033 0.9999001 0.5695406 0.7281361 0.7816033 0.7281361 0.5627887 0.9999001 0.5695406 0.9999 0.7802446 0.7281361 0.7816033 0.9999001 0.5695406 0.7281361 0.7816033 0.7281361 0.5627887 0.9999001 0.5695406 0.9999 0.7802446 0.7281361 0.7816033 0.9999001 0.5695406 0.7281361 0.7816033 0.7281361 0.5627887 0.9999001 0.5695406 0.7281361 0.7816033 0.7281361 0.5627887 0.9999001 0.5695406 -0.3546515 -4.029742 0.2921131 16.54562 0.08332377 16.55803 -0.1326556 16.5689 -0.3503937 16.57188 -1.23819 -4.06877 0.08332377 16.55803 -0.1326556 16.5689 -0.9331775 -4.043614 1.356071 -14.00413 1.213194 -13.98191 1.077091 -15.63096 1.446669 -15.57183 1.527204 -13.99527 1.356071 -14.00413 1.649464 -8.852618 1.581089 -8.848596 1.527204 -13.99527 1.356071 -14.00413 1.512918 -8.848838 1.44091 -8.848596 1.64288 -15.53619 1.527204 -13.99527 1.446669 -15.57183 1.689157 -13.99064 1.527204 -13.99527 1.64288 -15.53619 -0.05926662 -4.103232 0.5141112 16.54936 0.2921131 16.54562 0.1646652 -2.679599 0.1702879 -0.2682527 -0.0441147 -0.3332769 0.1646652 -2.679599 0.3447569 -2.866964 0.3674176 -0.2788091 0.4083613 5.76204 0.3147224 5.761333 0.3674176 -0.2788091 0.1702879 -0.2682527 0.2313391 5.753794 0.1359279 5.76204 -0.7998449 -11.00127 -0.8613331 -10.74172 -0.9370864 -11.01566 -0.8972849 -8.157526 -0.9331775 -4.043614 -1.23819 -4.06877 0.741545 -3.497501 0.5340557 1.589032 0.5345362 -3.725634 1.527204 -13.99527 1.581089 -8.848596 1.512918 -8.848838 0.5381318 -2.722493 0.5840796 -0.3371102 0.3674176 -0.2788091 -0.6831986 -8.158868 -0.6385133 -4.003226 -0.9331775 -4.043614 -0.3546515 -4.029742 -0.6385133 -4.003226 -0.6831986 -8.158868 0.8885016 -3.486212 0.5888826 1.602947 0.5340557 1.589032 0.645433 1.590921 0.5888826 1.602947 0.8885016 -3.486212 -0.9370864 -11.01566 -1.535711 -12.87014 -0.7998449 -11.00127 -0.7617059 -11.00433 -0.9766804 -12.91665 -0.678541 -12.92317 0.6526677 -3.656086 0.5381318 -2.722493 0.3447569 -2.866964 0.1646652 -2.679599 -0.06701272 -2.764104 -0.04039061 -3.739613 -0.7998449 -11.00127 -1.535711 -12.87014 -1.267882 -12.89375 0.3447569 -2.866964 0.1646652 -2.679599 0.4027159 -4.222249 -0.6224197 -11.02604 -0.7391011 -10.7407 -0.7617059 -11.00433 -0.04039061 -3.739613 -0.2130506 -2.750313 -0.3313784 -3.7203 -0.05742287 -11.02329 0.8729211 -12.77699 1.037527 -12.74502 -0.2260234 -12.91705 0.2976318 -12.90793 -0.2462236 -11.04277 -0.4934297 -11.03229 -0.3816143 -12.92317 -0.2260234 -12.91705 -0.07529956 -8.157524 -0.05926662 -4.103232 -0.2731218 -8.165131 0.06785589 -11.00815 -0.07529956 -8.157524 -0.2731218 -8.165131 -0.2731218 -8.165131 -0.3648688 -11.0381 -0.2462236 -11.04277 0.3674176 -0.2788091 0.3147224 5.761333 0.2313391 5.753794 0.5345362 -3.725634 0.5340557 1.589032 0.4792372 1.583837 -0.7391011 -10.7407 -0.8972849 -8.157526 -0.8613331 -10.74172 -0.4816717 -8.164187 -0.6831986 -8.158868 -0.7391011 -10.7407 -0.9370864 -11.01566 -0.8613331 -10.74172 -0.8972849 -8.157526 -0.9370864 -11.01566 -0.8972849 -8.157526 -1.10921 -8.160755 0.5706566 0.8609114 0.5717744 0.7219226 0.7266577 0.8609114 0.5706566 0.8609114 0.5717744 0.7219226 0.7266577 0.8609114 0.5706566 0.8609114 0.5717744 0.7219226 0.7266577 0.8609114 0.5706566 0.8609114 0.5717744 0.7219226 0.7266577 0.8609114 0.5706566 0.8609114 0.5717744 0.7219226 0.7266577 0.8609114 0.5706566 0.8609114 0.5717744 0.7219226 0.7266577 0.8609114 0.5706566 0.8609114 0.5717744 0.7219226 0.7266577 0.8609114 0.5706566 0.8609114 0.5717744 0.7219226 0.7266577 0.8609114 0.5706566 0.8609114 0.5717744 0.7219226 0.7266577 0.8609114 0.5706566 0.8609114 0.5717744 0.7219226 0.7266577 0.8609114 0.5706566 0.8609114 0.5717744 0.7219226 0.7266577 0.8609114 0.5706566 0.8609114 0.5717744 0.7219226 0.7266577 0.8609114 0.5706566 0.8609114 0.5717744 0.7219226 0.7266577 0.8609114 0.5706566 0.8609114 0.5717744 0.7219226 0.7266577 0.8609114 0.5706566 0.8609114 0.5717744 0.7219226 0.7266577 0.8609114 0.6399109 1.00017e-4 0.9999001 1.0004e-4 0.6446277 0.5604946 0.6399109 1.00017e-4 0.9999001 1.0004e-4 0.6446277 0.5604946 0.6399109 1.00017e-4 0.9999001 1.0004e-4 0.6446277 0.5604946 0.7266577 0.5648677 0.7266577 0.9999001 0.5728923 0.5648676 0.7266577 0.5648677 0.7266577 0.9999001 0.5728923 0.5648676 0.007033586 0.5548431 1.00099e-4 9.998e-5 0.6386566 0.5591769 0.007033586 0.5548431 1.00099e-4 9.998e-5 0.6386566 0.300652 0.8233681 0.2320287 0.8185026 1.00029e-4 0.9999001 0.2235139 0.6446277 0.5604946 0.8185026 1.00029e-4 0.9994118 0.5666688 0.6446277 0.5604946 0.6399109 1.00017e-4 0.8185026 1.00029e-4 0.6446277 0.5604946 0.6481993 0.2288743 0.8258009 0.419357 0.6399109 1.00017e-4 0.8185026 1.00029e-4 0.6481993 0.2288743 0.8233681 0.2320287 0.9999001 0.2235139 0.8258009 0.419357 0.6399109 1.00017e-4 0.9999001 1.0004e-4 0.6446277 0.5604946 0.6399109 1.00017e-4 0.9999001 1.0004e-4 0.6446277 0.5604946 0.007033586 0.5548431 1.00099e-4 9.998e-5 0.6386566 0.5591769 0.007033586 0.5548431 1.00099e-4 9.998e-5 0.6386566 0.5591769 0.6386566 1.00017e-4 0.6386566 0.300652 1.00099e-4 9.998e-5 0.6386566 0.300652 0.6386566 0.5591769 0.007033586 0.5548431 0.6386566 0.300652 0.007033586 0.5548431 1.00099e-4 9.998e-5 0.6399109 1.00017e-4 0.9999001 1.0004e-4 0.6446277 0.5604946 0.6399109 1.00017e-4 0.9999001 1.0004e-4 0.6446277 0.5604946 0.6399109 1.00017e-4 0.9999001 1.0004e-4 0.6446277 0.5604946 0.6399109 1.00017e-4 0.9999001 1.0004e-4 0.6446277 0.5604946 0.6399109 1.00017e-4 0.9999001 1.0004e-4 0.6446277 0.5604946 0.6399109 1.00017e-4 0.9999001 1.0004e-4 0.6446277 0.5604946 0.6399109 1.00017e-4 0.9999001 1.0004e-4 0.6446277 0.5604946 0.6399109 1.00017e-4 0.9999001 1.0004e-4 0.6446277 0.5604946 0.6386566 1.00017e-4 0.6386566 0.300652 1.00099e-4 9.998e-5 0.6386566 0.300652 0.6386566 0.5591769 0.007033586 0.5548431 0.6386566 0.300652 0.007033586 0.5548431 1.00099e-4 9.998e-5 0.007033586 0.5548431 1.00099e-4 9.998e-5 0.6386566 0.5591769 0.007033586 0.5548431 1.00099e-4 9.998e-5 0.6386566 0.5591769 0.6399109 1.00017e-4 0.9999001 1.0004e-4 0.6446277 0.5604946 0.6399109 1.00017e-4 0.9999001 1.0004e-4 0.6446277 0.5604946 0.6399109 1.00017e-4 0.9999001 1.0004e-4 0.6446277 0.5604946 0.6399109 1.00017e-4 0.9999001 1.0004e-4 0.6446277 0.5604946 0.6399109 1.00017e-4 0.9999001 1.0004e-4 0.6446277 0.5604946 0.6399109 1.00017e-4 0.9999001 1.0004e-4 0.6446277 0.5604946 0.6399109 1.00017e-4 0.9999001 1.0004e-4 0.6446277 0.5604946 0.6399109 1.00017e-4 0.9999001 1.0004e-4 0.6446277 0.5604946 0.6399109 1.00017e-4 0.9999001 1.0004e-4 0.6446277 0.5604946 0.6386566 1.00017e-4 0.6386566 0.300652 1.00099e-4 9.998e-5 0.6386566 0.300652 0.6386566 0.5591769 0.007033586 0.5548431 0.6386566 0.300652 0.007033586 0.5548431 1.00099e-4 9.998e-5 0.9999 0.7802446 0.7281361 0.7816033 0.9999001 0.5695406 0.9999 0.7802446 0.7281361 0.7816033 0.9999001 0.5695406 0.9999 0.7802446 0.7281361 0.7816033 0.9999001 0.5695406 0.9999 0.7802446 0.7281361 0.7816033 0.9999001 0.5695406 0.9999 0.7802446 0.7281361 0.7816033 0.9999001 0.5695406 0.9999 0.7802446 0.7281361 0.7816033 0.9999001 0.5695406 0.9999 0.7802446 0.7281361 0.7816033 0.9999001 0.5695406 0.9999 0.7802446 0.7281361 0.7816033 0.9999001 0.5695406 0.9999 0.7802446 0.7281361 0.7816033 0.9999001 0.5695406 0.9999 0.7802446 0.7281361 0.7816033 0.9999001 0.5695406 0.9999 0.7802446 0.7281361 0.7816033 0.9999001 0.5695406 0.9999 0.7802446 0.7281361 0.7816033 0.9999001 0.5695406 0.9999 0.7802446 0.7281361 0.7816033 0.9999001 0.5695406 0.9999 0.7802446 0.7281361 0.7816033 0.9999001 0.5695406 0.9999 0.7802446 0.7281361 0.7816033 0.9999001 0.5695406 0.9999 0.7802446 0.7281361 0.7816033 0.9999001 0.5695406 0.9999 0.7802446 0.7281361 0.7816033 0.9999001 0.5695406 0.9999 0.7802446 0.7281361 0.7816033 0.9999001 0.5695406 0.9999 0.7802446 0.7281361 0.7816033 0.9999001 0.5695406 0.9999 0.7802446 0.7281361 0.7816033 0.9999001 0.5695406 0.9999 0.7802446 0.7281361 0.7816033 0.9999001 0.5695406 0.9999 0.7802446 0.7281361 0.7816033 0.9999001 0.5695406 0.9999 0.7802446 0.7281361 0.7816033 0.9999001 0.5695406 0.9999 0.7802446 0.7281361 0.7816033 0.9999001 0.5695406 0.9999 0.7802446 0.7281361 0.7816033 0.9999001 0.5695406 -0.6385133 -4.003226 -0.3546515 -4.029742 0.08332377 16.55803 -0.9331775 -4.043614 -0.1326556 16.5689 -1.23819 -4.06877 -0.6385133 -4.003226 0.08332377 16.55803 -0.9331775 -4.043614 1.149364 -15.65004 1.356071 -14.00413 1.077091 -15.63096 1.149364 -15.65004 1.446669 -15.57183 1.356071 -14.00413 1.689157 -13.99064 1.649464 -8.852618 1.527204 -13.99527 1.213194 -13.98191 1.356071 -14.00413 1.44091 -8.848596 1.948696 -15.62638 1.689157 -13.99064 1.64288 -15.53619 -0.06701272 -2.764104 0.1646652 -2.679599 -0.0441147 -0.3332769 0.1702879 -0.2682527 0.1646652 -2.679599 0.3674176 -0.2788091 0.5840796 -0.3371102 0.4083613 5.76204 0.3674176 -0.2788091 -0.0441147 -0.3332769 0.1702879 -0.2682527 0.1359279 5.76204 -1.10921 -8.160755 -0.8972849 -8.157526 -1.23819 -4.06877 1.356071 -14.00413 1.527204 -13.99527 1.512918 -8.848838 0.3447569 -2.866964 0.5381318 -2.722493 0.3674176 -0.2788091 -0.4816717 -8.164187 -0.3546515 -4.029742 -0.6831986 -8.158868 0.741545 -3.497501 0.8885016 -3.486212 0.5340557 1.589032 1.113142 -3.689795 0.645433 1.590921 0.8885016 -3.486212 -0.6224197 -11.02604 -0.7617059 -11.00433 -0.678541 -12.92317 0.4027159 -4.222249 0.6526677 -3.656086 0.3447569 -2.866964 0.2991486 -4.227498 0.1646652 -2.679599 -0.04039061 -3.739613 0.06785589 -11.00815 -0.05742287 -11.02329 1.037527 -12.74502 -0.3648688 -11.0381 -0.2260234 -12.91705 -0.2462236 -11.04277 -0.05742287 -11.02329 0.06785589 -11.00815 -0.2731218 -8.165131 0.1702879 -0.2682527 0.3674176 -0.2788091 0.2313391 5.753794 -0.6224197 -11.02604 -0.4816717 -8.164187 -0.7391011 -10.7407</float_array>
          <technique_common>
            <accessor source="#tree_oak_bush_a200_001-mesh-map-0-array" count="1770" stride="2">
              <param name="S" type="float"/>
              <param name="T" type="float"/>
            </accessor>
          </technique_common>
        </source>
        <source id="tree_oak_bush_a200_001-mesh-colors">
          <float_array id="tree_oak_bush_a200_001-mesh-colors-array" count="5310">0.5450981 0.345098 1 0.2196078 0.0980392 0.4666666 0.2392157 0.09019607 0.4901961 0.2196078 0.0980392 0.4666666 0 0.317647 1 0.2392157 0.09019607 0.4901961 0.5450981 0.345098 1 0.2196078 0.0980392 0.4666666 0.2392157 0.09019607 0.4901961 0.2196078 0.0980392 0.4666666 0 0.317647 1 0.2392157 0.09019607 0.4901961 0.5450981 0.345098 1 0.2196078 0.0980392 0.4666666 0.2392157 0.09019607 0.4901961 0.2196078 0.0980392 0.4666666 0 0.317647 1 0.2392157 0.09019607 0.4901961 0.5450981 0.345098 1 0.2196078 0.0980392 0.4666666 0.2392157 0.09019607 0.4901961 0.2196078 0.0980392 0.4666666 0 0.317647 1 0.2392157 0.09019607 0.4901961 0.5450981 0.345098 1 0.2196078 0.0980392 0.4666666 0.2392157 0.09019607 0.4901961 0.2196078 0.0980392 0.4666666 0 0.317647 1 0.2392157 0.09019607 0.4901961 0.5450981 0.345098 1 0.2196078 0.0980392 0.4666666 0.2392157 0.09019607 0.4901961 0.2196078 0.0980392 0.4666666 0 0.317647 1 0.2392157 0.09019607 0.4901961 0.5450981 0.345098 1 0.2196078 0.0980392 0.4666666 0.2392157 0.09019607 0.4901961 0.2196078 0.0980392 0.4666666 0 0.317647 1 0.2392157 0.09019607 0.4901961 0.5450981 0.345098 1 0.2196078 0.0980392 0.4666666 0.2392157 0.09019607 0.4901961 0.2196078 0.0980392 0.4666666 0 0.317647 1 0.2392157 0.09019607 0.4901961 0.5450981 0.345098 1 0.2196078 0.0980392 0.4666666 0.2392157 0.09019607 0.4901961 0.2196078 0.0980392 0.4666666 0 0.317647 1 0.2392157 0.09019607 0.4901961 0.5450981 0.345098 1 0.2196078 0.0980392 0.4666666 0.2392157 0.09019607 0.4901961 0.2196078 0.0980392 0.4666666 0 0.317647 1 0.2392157 0.09019607 0.4901961 0.5450981 0.345098 1 0.2196078 0.0980392 0.4666666 0.2392157 0.09019607 0.4901961 0.2196078 0.0980392 0.4666666 0 0.317647 1 0.2392157 0.09019607 0.4901961 0.5450981 0.345098 1 0.2196078 0.0980392 0.4666666 0.2392157 0.09019607 0.4901961 0.2196078 0.0980392 0.4666666 0 0.317647 1 0.2392157 0.09019607 0.4901961 0.5450981 0.345098 1 0.2196078 0.0980392 0.4666666 0.2392157 0.09019607 0.4901961 0.2196078 0.0980392 0.4666666 0 0.317647 1 0.2392157 0.09019607 0.4901961 0.5450981 0.345098 1 0.2196078 0.0980392 0.4666666 0.2392157 0.09019607 0.4901961 0.2196078 0.0980392 0.4666666 0 0.317647 1 0.2392157 0.09019607 0.4901961 0.5450981 0.345098 1 0.2196078 0.0980392 0.4666666 0.2392157 0.09019607 0.4901961 0.2196078 0.0980392 0.4666666 0 0.317647 1 0.2392157 0.09019607 0.4901961 0.5450981 0.345098 1 0.2196078 0.0980392 0.4666666 0.2392157 0.09019607 0.4901961 0.2196078 0.0980392 0.4666666 0 0.317647 1 0.2392157 0.09019607 0.4901961 0.5450981 0.345098 1 0.2196078 0.0980392 0.4666666 0.2392157 0.09019607 0.4901961 0.2196078 0.0980392 0.4666666 0 0.317647 1 0.2392157 0.09019607 0.4901961 0.2431373 0.3960784 1 0.1960784 0.8941177 0.9882353 0.2078431 0.4117647 0.6901961 0.1098039 0.1137255 0.3647059 0.1411765 0.1372549 0.5333334 0.1529412 0.2392157 1 0.1490196 0.1568627 0.9019608 0.1529412 0.2392157 1 0.2431373 0.3960784 1 0.2392157 0.1607843 1 0.2431373 0.3960784 1 0.2078431 0.4117647 0.6901961 0.1490196 0.1568627 0.9019608 0.1098039 0.1137255 0.3647059 0.1529412 0.2392157 1 0.2431373 0.3960784 1 0.1960784 0.8941177 0.9882353 0.2078431 0.4117647 0.6901961 0.1098039 0.1137255 0.3647059 0.1411765 0.1372549 0.5333334 0.1529412 0.2392157 1 0.1490196 0.1568627 0.9019608 0.1529412 0.2392157 1 0.2431373 0.3960784 1 0.2392157 0.1607843 1 0.2431373 0.3960784 1 0.2078431 0.4117647 0.6901961 0.1490196 0.1568627 0.9019608 0.1098039 0.1137255 0.3647059 0.1529412 0.2392157 1 0.2431373 0.3960784 1 0.1960784 0.8941177 0.9882353 0.2078431 0.4117647 0.6901961 0.1098039 0.1137255 0.3647059 0.1411765 0.1372549 0.5333334 0.1529412 0.2392157 1 0.1490196 0.1568627 0.9019608 0.1529412 0.2392157 1 0.2431373 0.3960784 1 0.2392157 0.1607843 1 0.2431373 0.3960784 1 0.2078431 0.4117647 0.6901961 0.1490196 0.1568627 0.9019608 0.1098039 0.1137255 0.3647059 0.1529412 0.2392157 1 0.2431373 0.3960784 1 0.1960784 0.8941177 0.9882353 0.2078431 0.4117647 0.6901961 0.1098039 0.1137255 0.3647059 0.1411765 0.1372549 0.5333334 0.1529412 0.2392157 1 0.1490196 0.1568627 0.9019608 0.1529412 0.2392157 1 0.2431373 0.3960784 1 0.2392157 0.1607843 1 0.2431373 0.3960784 1 0.2078431 0.4117647 0.6901961 0.1490196 0.1568627 0.9019608 0.1098039 0.1137255 0.3647059 0.1529412 0.2392157 1 0.2431373 0.3960784 1 0.1960784 0.8941177 0.9882353 0.2078431 0.4117647 0.6901961 0.1098039 0.1137255 0.3647059 0.1411765 0.1372549 0.5333334 0.1529412 0.2392157 1 0.1490196 0.1568627 0.9019608 0.1529412 0.2392157 1 0.2431373 0.3960784 1 0.2392157 0.1607843 1 0.2431373 0.3960784 1 0.2078431 0.4117647 0.6901961 0.1490196 0.1568627 0.9019608 0.1098039 0.1137255 0.3647059 0.1529412 0.2392157 1 0.2431373 0.3960784 1 0.1960784 0.8941177 0.9882353 0.2078431 0.4117647 0.6901961 0.1098039 0.1137255 0.3647059 0.1411765 0.1372549 0.5333334 0.1529412 0.2392157 1 0.1490196 0.1568627 0.9019608 0.1529412 0.2392157 1 0.2431373 0.3960784 1 0.2392157 0.1607843 1 0.2431373 0.3960784 1 0.2078431 0.4117647 0.6901961 0.1490196 0.1568627 0.9019608 0.1098039 0.1137255 0.3647059 0.1529412 0.2392157 1 0.2431373 0.3960784 1 0.1960784 0.8941177 0.9882353 0.2078431 0.4117647 0.6901961 0.1098039 0.1137255 0.3647059 0.1411765 0.1372549 0.5333334 0.1529412 0.2392157 1 0.1490196 0.1568627 0.9019608 0.1529412 0.2392157 1 0.2431373 0.3960784 1 0.2392157 0.1607843 1 0.2431373 0.3960784 1 0.2078431 0.4117647 0.6901961 0.1490196 0.1568627 0.9019608 0.1098039 0.1137255 0.3647059 0.1529412 0.2392157 1 0.2431373 0.3960784 1 0.1960784 0.8941177 0.9882353 0.2078431 0.4117647 0.6901961 0.1098039 0.1137255 0.3647059 0.1411765 0.1372549 0.5333334 0.1529412 0.2392157 1 0.1490196 0.1568627 0.9019608 0.1529412 0.2392157 1 0.2431373 0.3960784 1 0.2392157 0.1607843 1 0.2431373 0.3960784 1 0.2078431 0.4117647 0.6901961 0.1490196 0.1568627 0.9019608 0.1098039 0.1137255 0.3647059 0.1529412 0.2392157 1 0.2431373 0.3960784 1 0.1960784 0.8941177 0.9882353 0.2078431 0.4117647 0.6901961 0.1098039 0.1137255 0.3647059 0.1411765 0.1372549 0.5333334 0.1529412 0.2392157 1 0.1490196 0.1568627 0.9019608 0.1529412 0.2392157 1 0.2431373 0.3960784 1 0.2392157 0.1607843 1 0.2431373 0.3960784 1 0.2078431 0.4117647 0.6901961 0.1490196 0.1568627 0.9019608 0.1098039 0.1137255 0.3647059 0.1529412 0.2392157 1 0.2431373 0.3960784 1 0.1960784 0.8941177 0.9882353 0.2078431 0.4117647 0.6901961 0.1098039 0.1137255 0.3647059 0.1411765 0.1372549 0.5333334 0.1529412 0.2392157 1 0.1490196 0.1568627 0.9019608 0.1529412 0.2392157 1 0.2431373 0.3960784 1 0.2392157 0.1607843 1 0.2431373 0.3960784 1 0.2078431 0.4117647 0.6901961 0.1490196 0.1568627 0.9019608 0.1098039 0.1137255 0.3647059 0.1529412 0.2392157 1 0.2431373 0.3960784 1 0.1960784 0.8941177 0.9882353 0.2078431 0.4117647 0.6901961 0.1098039 0.1137255 0.3647059 0.1411765 0.1372549 0.5333334 0.1529412 0.2392157 1 0.1490196 0.1568627 0.9019608 0.1529412 0.2392157 1 0.2431373 0.3960784 1 0.2392157 0.1607843 1 0.2431373 0.3960784 1 0.2078431 0.4117647 0.6901961 0.1490196 0.1568627 0.9019608 0.1098039 0.1137255 0.3647059 0.1529412 0.2392157 1 0.2431373 0.3960784 1 0.1960784 0.8941177 0.9882353 0.2078431 0.4117647 0.6901961 0.1098039 0.1137255 0.3647059 0.1411765 0.1372549 0.5333334 0.1529412 0.2392157 1 0.1490196 0.1568627 0.9019608 0.1529412 0.2392157 1 0.2431373 0.3960784 1 0.2392157 0.1607843 1 0.2431373 0.3960784 1 0.2078431 0.4117647 0.6901961 0.1490196 0.1568627 0.9019608 0.1098039 0.1137255 0.3647059 0.1529412 0.2392157 1 0.2431373 0.3960784 1 0.1960784 0.8941177 0.9882353 0.2078431 0.4117647 0.6901961 0.1098039 0.1137255 0.3647059 0.1411765 0.1372549 0.5333334 0.1529412 0.2392157 1 0.1490196 0.1568627 0.9019608 0.1529412 0.2392157 1 0.2431373 0.3960784 1 0.2392157 0.1607843 1 0.2431373 0.3960784 1 0.2078431 0.4117647 0.6901961 0.1490196 0.1568627 0.9019608 0.1098039 0.1137255 0.3647059 0.1529412 0.2392157 1 0.2431373 0.3960784 1 0.1960784 0.8941177 0.9882353 0.2078431 0.4117647 0.6901961 0.1098039 0.1137255 0.3647059 0.1411765 0.1372549 0.5333334 0.1529412 0.2392157 1 0.1490196 0.1568627 0.9019608 0.1529412 0.2392157 1 0.2431373 0.3960784 1 0.2392157 0.1607843 1 0.2431373 0.3960784 1 0.2078431 0.4117647 0.6901961 0.1490196 0.1568627 0.9019608 0.1098039 0.1137255 0.3647059 0.1529412 0.2392157 1 0.2431373 0.3960784 1 0.1960784 0.8941177 0.9882353 0.2078431 0.4117647 0.6901961 0.1098039 0.1137255 0.3647059 0.1411765 0.1372549 0.5333334 0.1529412 0.2392157 1 0.1490196 0.1568627 0.9019608 0.1529412 0.2392157 1 0.2431373 0.3960784 1 0.2392157 0.1607843 1 0.2431373 0.3960784 1 0.2078431 0.4117647 0.6901961 0.1490196 0.1568627 0.9019608 0.1098039 0.1137255 0.3647059 0.1529412 0.2392157 1 0.02352941 0.05882352 0.5254902 0.7607843 0.5764706 1 0.7176471 0.5254902 1 0.02352941 0.05882352 0.5254902 0.7607843 0.5764706 1 0.7176471 0.5254902 1 0.02352941 0.05882352 0.5254902 0.7607843 0.5764706 1 0.7176471 0.5254902 1 0.1960784 0.8941177 0.9882353 0.2078431 0.4117647 0.6901961 0.1098039 0.1137255 0.3647059 0.1960784 0.8941177 0.9882353 0.2078431 0.4117647 0.6901961 0.1098039 0.1137255 0.3647059 0.07058823 0.2980392 0 0.5725491 0.172549 1 0.5137255 0.3254902 1 0.07058823 0.2980392 0 0.5725491 0.172549 1 0.5137255 0.3254902 1 0.4509804 0.1372549 0.7529412 0 0.1882353 0.6078432 0 0.1607843 0.6196079 0.4509804 0.1372549 0.7529412 0 0.1882353 0.6078432 0 0.3137255 0 0.003921568 0.2039216 0 0.02352941 0.05882352 0.5254902 0.7607843 0.5764706 1 0.003921568 0.2039216 0 0.02352941 0.05882352 0.5254902 0.2156863 0.4313725 0.7647059 0.172549 0.2235294 0.7647059 0.3843137 0.4470588 0.01568627 0.682353 0.3568627 1 0.003921568 0.2039216 0 0.3843137 0.4470588 0.01568627 0.172549 0.2235294 0.7647059 0.682353 0.3568627 1 0.7607843 0.5764706 1 0.7176471 0.5254902 1 0.2156863 0.4313725 0.7647059 0.7607843 0.5764706 1 0.682353 0.3568627 1 0.02352941 0.05882352 0.5254902 0.7607843 0.5764706 1 0.7176471 0.5254902 1 0.02352941 0.05882352 0.5254902 0.7607843 0.5764706 1 0.7176471 0.5254902 1 0.07058823 0.2980392 0 0.5725491 0.172549 1 0.5137255 0.3254902 1 0.07058823 0.2980392 0 0.5725491 0.172549 1 0.5137255 0.3254902 1 0.07058823 0.2980392 0 0.5725491 0.172549 1 0.5137255 0.3254902 1 0.4509804 0.1372549 0.7529412 0 0.1882353 0.6078432 0 0.1607843 0.6196079 0.4509804 0.1372549 0.7529412 0 0.1882353 0.6078432 0 0.1607843 0.6196079 0.9372549 0.9254902 1 0.4509804 0.1372549 0.7529412 0 0.1607843 0.6196079 0.4509804 0.1372549 0.7529412 0 0.1882353 0.6078432 0 0.1607843 0.6196079 0.02352941 0.05882352 0.5254902 0.7607843 0.5764706 1 0.7176471 0.5254902 1 0.02352941 0.05882352 0.5254902 0.7607843 0.5764706 1 0.7176471 0.5254902 1 0.02352941 0.05882352 0.5254902 0.7607843 0.5764706 1 0.7176471 0.5254902 1 0.02352941 0.05882352 0.5254902 0.7607843 0.5764706 1 0.7176471 0.5254902 1 0.02352941 0.05882352 0.5254902 0.7607843 0.5764706 1 0.7176471 0.5254902 1 0.02352941 0.05882352 0.5254902 0.7607843 0.5764706 1 0.7176471 0.5254902 1 0.02352941 0.05882352 0.5254902 0.7607843 0.5764706 1 0.7176471 0.5254902 1 0.02352941 0.05882352 0.5254902 0.7607843 0.5764706 1 0.7176471 0.5254902 1 0.9372549 0.9254902 1 0.4509804 0.1372549 0.7529412 0 0.1607843 0.6196079 0.4509804 0.1372549 0.7529412 0 0.1882353 0.6078432 0 0.1607843 0.6196079 0.4509804 0.1372549 0.7529412 0 0.1882353 0.6078432 0 0.1607843 0.6196079 0.4509804 0.1372549 0.7529412 0 0.1882353 0.6078432 0 0.1607843 0.6196079 0.02352941 0.05882352 0.5254902 0.7607843 0.5764706 1 0.7176471 0.5254902 1 0.02352941 0.05882352 0.5254902 0.7607843 0.5764706 1 0.7176471 0.5254902 1 0.02352941 0.05882352 0.5254902 0.7607843 0.5764706 1 0.7176471 0.5254902 1 0.02352941 0.05882352 0.5254902 0.7607843 0.5764706 1 0.7176471 0.5254902 1 0.02352941 0.05882352 0.5254902 0.7607843 0.5764706 1 0.7176471 0.5254902 1 0.02352941 0.05882352 0.5254902 0.7607843 0.5764706 1 0.7176471 0.5254902 1 0.02352941 0.05882352 0.5254902 0.7607843 0.5764706 1 0.7176471 0.5254902 1 0.07058823 0.2980392 0 0.5725491 0.172549 1 0.5137255 0.3254902 1 0.07058823 0.2980392 0 0.5725491 0.172549 1 0.5137255 0.3254902 1 0.07058823 0.2980392 0 0.5725491 0.172549 1 0.5137255 0.3254902 1 0.07058823 0.2980392 0 0.5725491 0.172549 1 0.5137255 0.3254902 1 0.07058823 0.2980392 0 0.5725491 0.172549 1 0.5137255 0.3254902 1 0.02352941 0.05882352 0.5254902 0.7607843 0.5764706 1 0.7176471 0.5254902 1 0.02352941 0.05882352 0.5254902 0.7607843 0.5764706 1 0.7176471 0.5254902 1 0.2862745 0.4196078 0.3882353 0.2784314 0.3333333 0.5764706 0.1490196 0.1921569 0.6117647 0 0.1058824 0 0 0.07843136 0 0 0 0 0 0.1647059 0 0 0.07843136 0 0 0.1058824 0 0 0 0 0 0.07843136 0 0 0.1647059 0 0 0.2941176 0 0 0.03529411 0 0 0.3607843 0 0 0.3607843 0 0 0.3647059 0 0 0.2941176 0 0 0.2941176 0 0 0.3647059 0 0 0.2078431 0 0 0.03529411 0 0 0.2941176 0 0 0.2078431 0 0 0.06666666 0 0 0.06666666 0 0 0.145098 0 0 0.0117647 0 0 0.03529411 0 0 0.145098 0 0 0.4 0 0 0.2313725 0 0 0.145098 0 0 0.227451 0 0 0.4 0 0 0.145098 0 0 0.2313725 0 0 0.0117647 0 0 0.145098 0 0 0.03529411 0 0 0.06666666 0 0 0.145098 0 0 0.06666666 0 0 0.227451 0 0 0.145098 0 0 0.06666666 0 0 0.145098 0 0 0.06666666 0 0 0.0117647 0 0 0.145098 0 0 0.03529411 0 0 0.4 0 0 0.145098 0 0 0.2313725 0 0 0.227451 0 0 0.145098 0 0 0.4 0 0 0.2313725 0 0 0.145098 0 0 0.0117647 0 0 0.03529411 0 0 0.145098 0 0 0.06666666 0 0 0.06666666 0 0 0.145098 0 0 0.227451 0 0 0.2941176 0 0 0.3607843 0 0 0.03529411 0 0 0.3607843 0 0 0.2941176 0 0 0.3647059 0 0 0.2941176 0 0 0.2078431 0 0 0.3647059 0 0 0.03529411 0 0 0.2078431 0 0 0.2941176 0 0 0.06666666 0 0 0.145098 0 0 0.06666666 0 0 0.0117647 0 0 0.145098 0 0 0.03529411 0 0 0.4 0 0 0.145098 0 0 0.2313725 0 0 0.227451 0 0 0.145098 0 0 0.4 0 0 0.2313725 0 0 0.145098 0 0 0.0117647 0 0 0.03529411 0 0 0.145098 0 0 0.06666666 0 0 0.06666666 0 0 0.145098 0 0 0.227451 0 0 0.06666666 0 0 0.145098 0 0 0.06666666 0 0 0.0117647 0 0 0.145098 0 0 0.03529411 0 0 0.4 0 0 0.145098 0 0 0.2313725 0 0 0.227451 0 0 0.145098 0 0 0.4 0 0 0.2313725 0 0 0.145098 0 0 0.0117647 0 0 0.03529411 0 0 0.145098 0 0 0.06666666 0 0 0.06666666 0 0 0.145098 0 0 0.227451 0 0 0.1058824 0 0 0 0 0 0.07843136 0 0 0.1647059 0 0 0.1058824 0 0 0.07843136 0 0 0 0 0 0.1647059 0 0 0.07843136 0 0 0.2941176 0 0 0.3607843 0 0 0.03529411 0 0 0.3607843 0 0 0.2941176 0 0 0.3647059 0 0 0.2941176 0 0 0.2078431 0 0 0.3647059 0 0 0.03529411 0 0 0.2078431 0 0 0.2941176 0 0 0.06666666 0 0 0.145098 0 0 0.06666666 0 0 0.0117647 0 0 0.145098 0 0 0.03529411 0 0 0.4 0 0 0.145098 0 0 0.2313725 0 0 0.227451 0 0 0.145098 0 0 0.4 0 0 0.2313725 0 0 0.145098 0 0 0.0117647 0 0 0.03529411 0 0 0.145098 0 0 0.06666666 0 0 0.06666666 0 0 0.145098 0 0 0.227451 0 0 0.06666666 0 0 0.06666666 0 0 0.145098 0 0 0.0117647 0 0 0.03529411 0 0 0.145098 0 0 0.4 0 0 0.2313725 0 0 0.145098 0 0 0.227451 0 0 0.4 0 0 0.145098 0 0 0.2313725 0 0 0.0117647 0 0 0.145098 0 0 0.03529411 0 0 0.06666666 0 0 0.145098 0 0 0.06666666 0 0 0.227451 0 0 0.145098 0 0 0.2941176 0 0 0.03529411 0 0 0.3607843 0 0 0.3607843 0 0 0.3647059 0 0 0.2941176 0 0 0.2941176 0 0 0.3647059 0 0 0.2078431 0 0 0.03529411 0 0 0.2941176 0 0 0.2078431 0 0 0.06666666 0 0 0.06666666 0 0 0.145098 0 0 0.0117647 0 0 0.03529411 0 0 0.145098 0 0 0.4 0 0 0.2313725 0 0 0.145098 0 0 0.227451 0 0 0.4 0 0 0.145098 0 0 0.2313725 0 0 0.0117647 0 0 0.145098 0 0 0.03529411 0 0 0.06666666 0 0 0.145098 0 0 0.06666666 0 0 0.227451 0 0 0.145098 0 0 0.06666666 0 0 0.06666666 0 0 0.145098 0 0 0.0117647 0 0 0.03529411 0 0 0.145098 0 0 0.4 0 0 0.2313725 0 0 0.145098 0 0 0.227451 0 0 0.4 0 0 0.145098 0 0 0.2313725 0 0 0.0117647 0 0 0.145098 0 0 0.03529411 0 0 0.06666666 0 0 0.145098 0 0 0.06666666 0 0 0.227451 0 0 0.145098 0 1 1 0.8588235 0 0.07450979 0 0 0.1254902 0 1 0.5803922 1 1 1 0.8588235 0 0.1254902 0 0.2784314 0.3333333 0.5764706 0.2823529 0.2705882 0.7803922 0.1490196 0.1921569 0.6117647 1 1 0.8588235 0 0.07450979 0 0 0.1254902 0 1 0.5803922 1 1 1 0.8588235 0 0.1254902 0 0.2784314 0.3333333 0.5764706 0.2823529 0.2705882 0.7803922 0.1490196 0.1921569 0.6117647 0.2784314 0.3333333 0.5764706 0.2823529 0.2705882 0.7803922 0.1490196 0.1921569 0.6117647 0.2784314 0.3333333 0.5764706 0.2823529 0.2705882 0.7803922 0.1490196 0.1921569 0.6117647 0.2784314 0.3333333 0.5764706 0.2823529 0.2705882 0.7803922 0.1490196 0.1921569 0.6117647 0.2784314 0.3333333 0.5764706 0.2823529 0.2705882 0.7803922 0.1490196 0.1921569 0.6117647 0.2784314 0.3333333 0.5764706 0.2823529 0.2705882 0.7803922 0.1490196 0.1921569 0.6117647 0.2784314 0.3333333 0.5764706 0.2823529 0.2705882 0.7803922 0.1490196 0.1921569 0.6117647 0.2784314 0.3333333 0.5764706 0.2823529 0.2705882 0.7803922 0.1490196 0.1921569 0.6117647 0.2784314 0.3333333 0.5764706 0.2823529 0.2705882 0.7803922 0.3843137 0.3058823 0.9803922 0.1490196 0.1921569 0.6117647 0.2862745 0.4196078 0.3882353 0.3843137 0.3058823 0.9803922 0.2823529 0.2705882 0.7803922 0.1490196 0.1921569 0.6117647 0.3843137 0.3058823 0.9803922 0.2862745 0.4196078 0.3882353 0.2784314 0.3333333 0.5764706 0.3843137 0.3058823 0.9803922 0.2784314 0.3333333 0.5764706 0.2823529 0.2705882 0.7803922 0.1490196 0.1921569 0.6117647 0.2784314 0.3333333 0.5764706 0.2823529 0.2705882 0.7803922 0.1490196 0.1921569 0.6117647 1 1 0.8588235 0 0.07450979 0 0 0.1254902 0 1 0.5803922 1 1 1 0.8588235 0 0.1254902 0 0.2784314 0.3333333 0.5764706 0.2823529 0.2705882 0.7803922 0.3843137 0.3058823 0.9803922 0.1490196 0.1921569 0.6117647 0.2862745 0.4196078 0.3882353 0.3843137 0.3058823 0.9803922 0.2823529 0.2705882 0.7803922 0.1490196 0.1921569 0.6117647 0.3843137 0.3058823 0.9803922 0.2862745 0.4196078 0.3882353 0.2784314 0.3333333 0.5764706 0.3843137 0.3058823 0.9803922 0.2784314 0.3333333 0.5764706 0.2823529 0.2705882 0.7803922 0.1490196 0.1921569 0.6117647 0.2784314 0.3333333 0.5764706 0.2823529 0.2705882 0.7803922 0.1490196 0.1921569 0.6117647 0.2784314 0.3333333 0.5764706 0.2823529 0.2705882 0.7803922 0.1490196 0.1921569 0.6117647 0.2784314 0.3333333 0.5764706 0.2823529 0.2705882 0.7803922 0.1490196 0.1921569 0.6117647 0.2784314 0.3333333 0.5764706 0.2823529 0.2705882 0.7803922 0.1490196 0.1921569 0.6117647 0.2784314 0.3333333 0.5764706 0.2823529 0.2705882 0.7803922 0.3843137 0.3058823 0.9803922 0.1490196 0.1921569 0.6117647 0.2862745 0.4196078 0.3882353 0.3843137 0.3058823 0.9803922 0.2823529 0.2705882 0.7803922 0.1490196 0.1921569 0.6117647 0.3843137 0.3058823 0.9803922 0.2862745 0.4196078 0.3882353 0.2784314 0.3333333 0.5764706 0.3843137 0.3058823 0.9803922 0.2784314 0.3333333 0.5764706 0.2823529 0.2705882 0.7803922 0.1490196 0.1921569 0.6117647 0.2784314 0.3333333 0.5764706 0.2823529 0.2705882 0.7803922 0.1490196 0.1921569 0.6117647 0.2784314 0.3333333 0.5764706 0.2823529 0.2705882 0.7803922 0.1490196 0.1921569 0.6117647 0.2784314 0.3333333 0.5764706 0.2823529 0.2705882 0.7803922 0.1490196 0.1921569 0.6117647 0.2784314 0.3333333 0.5764706 0.2823529 0.2705882 0.7803922 0.1490196 0.1921569 0.6117647 0.2784314 0.3333333 0.5764706 0.2823529 0.2705882 0.7803922 0.1490196 0.1921569 0.6117647 0.2784314 0.3333333 0.5764706 0.2823529 0.2705882 0.7803922 0.1490196 0.1921569 0.6117647 0.2784314 0.3333333 0.5764706 0.2823529 0.2705882 0.7803922 0.1490196 0.1921569 0.6117647 0.2784314 0.3333333 0.5764706 0.2823529 0.2705882 0.7803922 0.1490196 0.1921569 0.6117647 1 1 0.8588235 0 0.07450979 0 0 0.1254902 0 1 0.5803922 1 1 1 0.8588235 0 0.1254902 0 1 1 0.8588235 0 0.07450979 0 0 0.1254902 0 1 0.5803922 1 1 1 0.8588235 0 0.1254902 0 1 1 0.8588235 0 0.07450979 0 0 0.1254902 0 1 0.5803922 1 1 1 0.8588235 0 0.1254902 0 0.2862745 0.4196078 0.3882353 0.2784314 0.3333333 0.5764706 0.1490196 0.1921569 0.6117647 0.2784314 0.3333333 0.5764706 0.2823529 0.2705882 0.7803922 0.1490196 0.1921569 0.6117647 0.2862745 0.4196078 0.3882353 0.2784314 0.3333333 0.5764706 0.1490196 0.1921569 0.6117647 0.2784314 0.3333333 0.5764706 0.2823529 0.2705882 0.7803922 0.1490196 0.1921569 0.6117647 0.2862745 0.4196078 0.3882353 0.2784314 0.3333333 0.5764706 0.1490196 0.1921569 0.6117647 0.2784314 0.3333333 0.5764706 0.2823529 0.2705882 0.7803922 0.1490196 0.1921569 0.6117647 0.2862745 0.4196078 0.3882353 0.2784314 0.3333333 0.5764706 0.1490196 0.1921569 0.6117647 0.2784314 0.3333333 0.5764706 0.2823529 0.2705882 0.7803922 0.1490196 0.1921569 0.6117647 0.2862745 0.4196078 0.3882353 0.2784314 0.3333333 0.5764706 0.1490196 0.1921569 0.6117647 0.2784314 0.3333333 0.5764706 0.2823529 0.2705882 0.7803922 0.1490196 0.1921569 0.6117647 0.2862745 0.4196078 0.3882353 0.2784314 0.3333333 0.5764706 0.1490196 0.1921569 0.6117647 0.2784314 0.3333333 0.5764706 0.2823529 0.2705882 0.7803922 0.1490196 0.1921569 0.6117647 1 1 0.8588235 0 0.07450979 0 0 0.1254902 0 1 0.5803922 1 1 1 0.8588235 0 0.1254902 0 0.2862745 0.4196078 0.3882353 0.2784314 0.3333333 0.5764706 0.1490196 0.1921569 0.6117647 0.2784314 0.3333333 0.5764706 0.2823529 0.2705882 0.7803922 0.1490196 0.1921569 0.6117647 0.2862745 0.4196078 0.3882353 0.2784314 0.3333333 0.5764706 0.1490196 0.1921569 0.6117647 0.2784314 0.3333333 0.5764706 0.2823529 0.2705882 0.7803922 0.1490196 0.1921569 0.6117647 0.2862745 0.4196078 0.3882353 0.2784314 0.3333333 0.5764706 0.1490196 0.1921569 0.6117647 0.2784314 0.3333333 0.5764706 0.2823529 0.2705882 0.7803922 0.1490196 0.1921569 0.6117647 0.2862745 0.4196078 0.3882353 0.2784314 0.3333333 0.5764706 0.1490196 0.1921569 0.6117647 0.2784314 0.3333333 0.5764706 0.2823529 0.2705882 0.7803922 0.1490196 0.1921569 0.6117647 0.2862745 0.4196078 0.3882353 0.2784314 0.3333333 0.5764706 0.1490196 0.1921569 0.6117647 0.2784314 0.3333333 0.5764706 0.2823529 0.2705882 0.7803922 0.1490196 0.1921569 0.6117647 0.2862745 0.4196078 0.3882353 0.2784314 0.3333333 0.5764706 0.1490196 0.1921569 0.6117647 0.2784314 0.3333333 0.5764706 0.2823529 0.2705882 0.7803922 0.1490196 0.1921569 0.6117647 0.2862745 0.4196078 0.3882353 0.2784314 0.3333333 0.5764706 0.1490196 0.1921569 0.6117647 0.2784314 0.3333333 0.5764706 0.2823529 0.2705882 0.7803922 0.1490196 0.1921569 0.6117647 0.2862745 0.4196078 0.3882353 0.2784314 0.3333333 0.5764706 0.1490196 0.1921569 0.6117647 0.2784314 0.3333333 0.5764706 0.2823529 0.2705882 0.7803922 0.1490196 0.1921569 0.6117647 0.2862745 0.4196078 0.3882353 0.2784314 0.3333333 0.5764706 0.1490196 0.1921569 0.6117647 0.2784314 0.3333333 0.5764706 0.2823529 0.2705882 0.7803922 0.1490196 0.1921569 0.6117647 0.2862745 0.4196078 0.3882353 0.2784314 0.3333333 0.5764706 0.1490196 0.1921569 0.6117647 0.2784314 0.3333333 0.5764706 0.2823529 0.2705882 0.7803922 0.1490196 0.1921569 0.6117647 0.2862745 0.4196078 0.3882353 0.2784314 0.3333333 0.5764706 0.1490196 0.1921569 0.6117647 0.2784314 0.3333333 0.5764706 0.2823529 0.2705882 0.7803922 0.1490196 0.1921569 0.6117647 0.2862745 0.4196078 0.3882353 0.2784314 0.3333333 0.5764706 0.1490196 0.1921569 0.6117647 0.2784314 0.3333333 0.5764706 0.2823529 0.2705882 0.7803922 0.1490196 0.1921569 0.6117647 1 1 0.8588235 0 0.07450979 0 0 0.1254902 0 1 0.5803922 1 1 1 0.8588235 0 0.1254902 0 1 1 0.8588235 0 0.07450979 0 0 0.1254902 0 1 0.5803922 1 1 1 0.8588235 0 0.1254902 0 1 1 0.8588235 0 0.07450979 0 0 0.1254902 0 1 0.5803922 1 1 1 0.8588235 0 0.1254902 0 1 1 0.8588235 0 0.07450979 0 0 0.1254902 0 1 0.5803922 1 1 1 0.8588235 0 0.1254902 0 1 1 0.8588235 0 0.07450979 0 0 0.1254902 0 1 0.5803922 1 1 1 0.8588235 0 0.1254902 0 1 1 0.8588235 0 0.07450979 0 0 0.1254902 0 1 0.5803922 1 1 1 0.8588235 0 0.1254902 0 0.2862745 0.4196078 0.3882353 0.2784314 0.3333333 0.5764706 0.1490196 0.1921569 0.6117647 0.2784314 0.3333333 0.5764706 0.2823529 0.2705882 0.7803922 0.1490196 0.1921569 0.6117647 0.2862745 0.4196078 0.3882353 0.2784314 0.3333333 0.5764706 0.1490196 0.1921569 0.6117647 0.2784314 0.3333333 0.5764706 0.2823529 0.2705882 0.7803922 0.1490196 0.1921569 0.6117647 0.2862745 0.4196078 0.3882353 0.2784314 0.3333333 0.5764706 0.1490196 0.1921569 0.6117647 0.2784314 0.3333333 0.5764706 0.2823529 0.2705882 0.7803922 0.1490196 0.1921569 0.6117647 0.2862745 0.4196078 0.3882353 0.2784314 0.3333333 0.5764706 0.1490196 0.1921569 0.6117647 0.2784314 0.3333333 0.5764706 0.2823529 0.2705882 0.7803922 0.1490196 0.1921569 0.6117647 0.2862745 0.4196078 0.3882353 0.2784314 0.3333333 0.5764706 0.1490196 0.1921569 0.6117647 0.2784314 0.3333333 0.5764706 0.2823529 0.2705882 0.7803922 0.1490196 0.1921569 0.6117647 0.2862745 0.4196078 0.3882353 0.2784314 0.3333333 0.5764706 0.1490196 0.1921569 0.6117647 0.2784314 0.3333333 0.5764706 0.2823529 0.2705882 0.7803922 0.1490196 0.1921569 0.6117647 0.2862745 0.4196078 0.3882353 0.2784314 0.3333333 0.5764706 0.1490196 0.1921569 0.6117647 0.2784314 0.3333333 0.5764706 0.2823529 0.2705882 0.7803922 0.1490196 0.1921569 0.6117647 0.2862745 0.4196078 0.3882353 0.2784314 0.3333333 0.5764706 0.1490196 0.1921569 0.6117647 0.2784314 0.3333333 0.5764706 0.2823529 0.2705882 0.7803922 0.1490196 0.1921569 0.6117647 0.2862745 0.4196078 0.3882353 0.2784314 0.3333333 0.5764706 0.1490196 0.1921569 0.6117647 0.2784314 0.3333333 0.5764706 0.2823529 0.2705882 0.7803922 0.1490196 0.1921569 0.6117647 0.2862745 0.4196078 0.3882353 0.2784314 0.3333333 0.5764706 0.1490196 0.1921569 0.6117647 0.2784314 0.3333333 0.5764706 0.2823529 0.2705882 0.7803922 0.1490196 0.1921569 0.6117647 0.2862745 0.4196078 0.3882353 0.2784314 0.3333333 0.5764706 0.1490196 0.1921569 0.6117647 0.2784314 0.3333333 0.5764706 0.2823529 0.2705882 0.7803922 0.1490196 0.1921569 0.6117647 0.2862745 0.4196078 0.3882353 0.2784314 0.3333333 0.5764706 0.1490196 0.1921569 0.6117647 0.2784314 0.3333333 0.5764706 0.2823529 0.2705882 0.7803922 0.1490196 0.1921569 0.6117647 0.2862745 0.4196078 0.3882353 0.2784314 0.3333333 0.5764706 0.1490196 0.1921569 0.6117647 0.2784314 0.3333333 0.5764706 0.2823529 0.2705882 0.7803922 0.1490196 0.1921569 0.6117647 0.2862745 0.4196078 0.3882353 0.2784314 0.3333333 0.5764706 0.1490196 0.1921569 0.6117647 0.2784314 0.3333333 0.5764706 0.2823529 0.2705882 0.7803922 0.1490196 0.1921569 0.6117647 0.2862745 0.4196078 0.3882353 0.2784314 0.3333333 0.5764706 0.1490196 0.1921569 0.6117647 0.2784314 0.3333333 0.5764706 0.2823529 0.2705882 0.7803922 0.1490196 0.1921569 0.6117647 0.2862745 0.4196078 0.3882353 0.2784314 0.3333333 0.5764706 0.1490196 0.1921569 0.6117647 0.2784314 0.3333333 0.5764706 0.2823529 0.2705882 0.7803922 0.1490196 0.1921569 0.6117647 0.2862745 0.4196078 0.3882353 0.2784314 0.3333333 0.5764706 0.1490196 0.1921569 0.6117647 0.2784314 0.3333333 0.5764706 0.2823529 0.2705882 0.7803922 0.1490196 0.1921569 0.6117647 0.2862745 0.4196078 0.3882353 0.2784314 0.3333333 0.5764706 0.1490196 0.1921569 0.6117647 0.2784314 0.3333333 0.5764706 0.2823529 0.2705882 0.7803922 0.1490196 0.1921569 0.6117647 0.2862745 0.4196078 0.3882353 0.2784314 0.3333333 0.5764706 0.1490196 0.1921569 0.6117647 0.2784314 0.3333333 0.5764706 0.2823529 0.2705882 0.7803922 0.1490196 0.1921569 0.6117647 0.2862745 0.4196078 0.3882353 0.2784314 0.3333333 0.5764706 0.1490196 0.1921569 0.6117647 0.2784314 0.3333333 0.5764706 0.2823529 0.2705882 0.7803922 0.1490196 0.1921569 0.6117647 0.2862745 0.4196078 0.3882353 0.2784314 0.3333333 0.5764706 0.1490196 0.1921569 0.6117647 0.2784314 0.3333333 0.5764706 0.2823529 0.2705882 0.7803922 0.1490196 0.1921569 0.6117647 0.2862745 0.4196078 0.3882353 0.2784314 0.3333333 0.5764706 0.1490196 0.1921569 0.6117647 0.2784314 0.3333333 0.5764706 0.2823529 0.2705882 0.7803922 0.1490196 0.1921569 0.6117647 0.2862745 0.4196078 0.3882353 0.2784314 0.3333333 0.5764706 0.1490196 0.1921569 0.6117647 0.2784314 0.3333333 0.5764706 0.2823529 0.2705882 0.7803922 0.1490196 0.1921569 0.6117647 0.2862745 0.4196078 0.3882353 0.2784314 0.3333333 0.5764706 0.1490196 0.1921569 0.6117647 0.2784314 0.3333333 0.5764706 0.2823529 0.2705882 0.7803922 0.1490196 0.1921569 0.6117647 0.2862745 0.4196078 0.3882353 0.2784314 0.3333333 0.5764706 0.1490196 0.1921569 0.6117647 0.2784314 0.3333333 0.5764706 0.2823529 0.2705882 0.7803922 0.1490196 0.1921569 0.6117647 0.2862745 0.4196078 0.3882353 0.2784314 0.3333333 0.5764706 0.1490196 0.1921569 0.6117647 0.2784314 0.3333333 0.5764706 0.2823529 0.2705882 0.7803922 0.1490196 0.1921569 0.6117647 0.2862745 0.4196078 0.3882353 0.2784314 0.3333333 0.5764706 0.1490196 0.1921569 0.6117647 0.2784314 0.3333333 0.5764706 0.2823529 0.2705882 0.7803922 0.1490196 0.1921569 0.6117647 0.2862745 0.4196078 0.3882353 0.2784314 0.3333333 0.5764706 0.1490196 0.1921569 0.6117647 0.2784314 0.3333333 0.5764706 0.2823529 0.2705882 0.7803922 0.1490196 0.1921569 0.6117647 0.2862745 0.4196078 0.3882353 0.2784314 0.3333333 0.5764706 0.1490196 0.1921569 0.6117647 0.2784314 0.3333333 0.5764706 0.2823529 0.2705882 0.7803922 0.1490196 0.1921569 0.6117647 0.2862745 0.4196078 0.3882353 0.2784314 0.3333333 0.5764706 0.1490196 0.1921569 0.6117647 0.2784314 0.3333333 0.5764706 0.2823529 0.2705882 0.7803922 0.1490196 0.1921569 0.6117647 0.2862745 0.4196078 0.3882353 0.2784314 0.3333333 0.5764706 0.1490196 0.1921569 0.6117647 0.2784314 0.3333333 0.5764706 0.2823529 0.2705882 0.7803922 0.1490196 0.1921569 0.6117647 0.2862745 0.4196078 0.3882353 0.2784314 0.3333333 0.5764706 0.1490196 0.1921569 0.6117647 0.2784314 0.3333333 0.5764706 0.2823529 0.2705882 0.7803922 0.1490196 0.1921569 0.6117647 0.2862745 0.4196078 0.3882353 0.2784314 0.3333333 0.5764706 0.1490196 0.1921569 0.6117647 0.2784314 0.3333333 0.5764706 0.2823529 0.2705882 0.7803922 0.1490196 0.1921569 0.6117647 0.2862745 0.4196078 0.3882353 0.2784314 0.3333333 0.5764706 0.1490196 0.1921569 0.6117647 0.2784314 0.3333333 0.5764706 0.2823529 0.2705882 0.7803922 0.1490196 0.1921569 0.6117647 0.2862745 0.4196078 0.3882353 0.2784314 0.3333333 0.5764706 0.1490196 0.1921569 0.6117647 0.2784314 0.3333333 0.5764706 0.2823529 0.2705882 0.7803922 0.1490196 0.1921569 0.6117647 0.2862745 0.4196078 0.3882353 0.2784314 0.3333333 0.5764706 0.1490196 0.1921569 0.6117647 0.2784314 0.3333333 0.5764706 0.2823529 0.2705882 0.7803922 0.1490196 0.1921569 0.6117647 0.2862745 0.4196078 0.3882353 0.2784314 0.3333333 0.5764706 0.1490196 0.1921569 0.6117647 0.2784314 0.3333333 0.5764706 0.2823529 0.2705882 0.7803922 0.1490196 0.1921569 0.6117647 0.2862745 0.4196078 0.3882353 0.2784314 0.3333333 0.5764706 0.1490196 0.1921569 0.6117647 0.2784314 0.3333333 0.5764706 0.2823529 0.2705882 0.7803922 0.1490196 0.1921569 0.6117647 0.2862745 0.4196078 0.3882353 0.2784314 0.3333333 0.5764706 0.1490196 0.1921569 0.6117647 0.2784314 0.3333333 0.5764706 0.2823529 0.2705882 0.7803922 0.1490196 0.1921569 0.6117647 0.2862745 0.4196078 0.3882353 0.2784314 0.3333333 0.5764706 0.1490196 0.1921569 0.6117647 0.2784314 0.3333333 0.5764706 0.2823529 0.2705882 0.7803922 0.1490196 0.1921569 0.6117647 0.2862745 0.4196078 0.3882353 0.2784314 0.3333333 0.5764706 0.1490196 0.1921569 0.6117647 0.2784314 0.3333333 0.5764706 0.2823529 0.2705882 0.7803922 0.1490196 0.1921569 0.6117647 0.2862745 0.4196078 0.3882353 0.2784314 0.3333333 0.5764706 0.1490196 0.1921569 0.6117647 0.2784314 0.3333333 0.5764706 0.2823529 0.2705882 0.7803922 0.1490196 0.1921569 0.6117647 0.2862745 0.4196078 0.3882353 0.2784314 0.3333333 0.5764706 0.1490196 0.1921569 0.6117647 0.2784314 0.3333333 0.5764706 0.2823529 0.2705882 0.7803922 0.1490196 0.1921569 0.6117647 0.2862745 0.4196078 0.3882353 0.2784314 0.3333333 0.5764706 0.1490196 0.1921569 0.6117647 0.2784314 0.3333333 0.5764706 0.2823529 0.2705882 0.7803922 0.1490196 0.1921569 0.6117647 0.2862745 0.4196078 0.3882353 0.2784314 0.3333333 0.5764706 0.1490196 0.1921569 0.6117647 0.2784314 0.3333333 0.5764706 0.2823529 0.2705882 0.7803922 0.1490196 0.1921569 0.6117647 0.2862745 0.4196078 0.3882353 0.2784314 0.3333333 0.5764706 0.1490196 0.1921569 0.6117647 0.2784314 0.3333333 0.5764706 0.2823529 0.2705882 0.7803922 0.1490196 0.1921569 0.6117647 0.2862745 0.4196078 0.3882353 0.2784314 0.3333333 0.5764706 0.1490196 0.1921569 0.6117647 0.2784314 0.3333333 0.5764706 0.2823529 0.2705882 0.7803922 0.1490196 0.1921569 0.6117647 0.2862745 0.4196078 0.3882353 0.2784314 0.3333333 0.5764706 0.1490196 0.1921569 0.6117647 0.2784314 0.3333333 0.5764706 0.2823529 0.2705882 0.7803922 0.1490196 0.1921569 0.6117647 0.2862745 0.4196078 0.3882353 0.2784314 0.3333333 0.5764706 0.1490196 0.1921569 0.6117647 0.2784314 0.3333333 0.5764706 0.2823529 0.2705882 0.7803922 0.1490196 0.1921569 0.6117647 0.2784314 0.3333333 0.5764706 0.2823529 0.2705882 0.7803922 0.1490196 0.1921569 0.6117647 0 0 0 0 0 0 0 0 0 0 0 0 0 0 0 0 0 0 0 0 0 0 0 0 0 0 0 0 0 0 0 0 0 0 0 0 0 0 0 0 0 0 0 0 0 0 0 0 0 0 0 0 0 0 0 0 0 0 0 0 0 0 0 0 0 0 0 0 0 0 0 0 0 0 0 0 0 0 0 0 0 0 0 0 0 0 0 0 0 0 0 0 0 0 0 0 0 0 0 0 0 0 0 0 0 0 0 0 0 0 0 0 0 0 0 0 0 0 0 0 0 0 0 0 0 0 0 0 0 0 0 0 0 0 0 0 0 0 0 0 0 0 0 0 0 0 0 0 0 0 0 0 0 0 0 0 0 0 0 0 0 0 0 0 0 0 0 0 0 0 0 0 0 0 0 0 0 0 0 0 0 0 0 0 0 0 0 0 0 0 0 0 0 0 0 0 0 0 0 0 0 0 0 0 0 0 0 0 0 0 0 0 0 0 0 0 0 0 0 0 0 0 0 0 0 0 0 0 0 0 0 0 0 0 0 0 0 0 0 0 0 0 0 0 0 0 0 0 0 0 0 0 0 0 0 0 0 0 0 0 0 0 0 0 0 0 0 0 0 0 0 0 0 0 0 0 0 0 0 0 0 0 0 0 0 0 0 0 0 0 0 0 0 0 0 0 0 0 0 0 0 0 0 0 0 0 0 0 0 0 0 0 0 0 0 0 0 0 0 0 0 0 0 0 0 0 0 0 0 0 0 0 0 0 0 0 0 0 0 0 0 0 0 0 0 0 0 0 0 0 0 0 0 0 0 0 0 0 0 0 0 0 0 0 0 0 0 0 0 0 0 0 0 0 0 0 0 0 0 0 0 0 0 0 0 0 0 0.2392157 0.1607843 1 0.1490196 0.1568627 0.9019608 0.2431373 0.3960784 1 0.2392157 0.1607843 1 0.1490196 0.1568627 0.9019608 0.2431373 0.3960784 1 0.2392157 0.1607843 1 0.1490196 0.1568627 0.9019608 0.2431373 0.3960784 1 0.2392157 0.1607843 1 0.1490196 0.1568627 0.9019608 0.2431373 0.3960784 1 0.2392157 0.1607843 1 0.1490196 0.1568627 0.9019608 0.2431373 0.3960784 1 0.2392157 0.1607843 1 0.1490196 0.1568627 0.9019608 0.2431373 0.3960784 1 0.2392157 0.1607843 1 0.1490196 0.1568627 0.9019608 0.2431373 0.3960784 1 0.2392157 0.1607843 1 0.1490196 0.1568627 0.9019608 0.2431373 0.3960784 1 0.2392157 0.1607843 1 0.1490196 0.1568627 0.9019608 0.2431373 0.3960784 1 0.2392157 0.1607843 1 0.1490196 0.1568627 0.9019608 0.2431373 0.3960784 1 0.2392157 0.1607843 1 0.1490196 0.1568627 0.9019608 0.2431373 0.3960784 1 0.2392157 0.1607843 1 0.1490196 0.1568627 0.9019608 0.2431373 0.3960784 1 0.2392157 0.1607843 1 0.1490196 0.1568627 0.9019608 0.2431373 0.3960784 1 0.2392157 0.1607843 1 0.1490196 0.1568627 0.9019608 0.2431373 0.3960784 1 0.2392157 0.1607843 1 0.1490196 0.1568627 0.9019608 0.2431373 0.3960784 1 0 0.07058823 0.2666667 0.02352941 0.05882352 0.5254902 0.7176471 0.5254902 1 0 0.07058823 0.2666667 0.02352941 0.05882352 0.5254902 0.7176471 0.5254902 1 0 0.07058823 0.2666667 0.02352941 0.05882352 0.5254902 0.7176471 0.5254902 1 0.1411765 0.1372549 0.5333334 0.1960784 0.8941177 0.9882353 0.1098039 0.1137255 0.3647059 0.1411765 0.1372549 0.5333334 0.1960784 0.8941177 0.9882353 0.1098039 0.1137255 0.3647059 0.9372549 0.9254902 1 0.4509804 0.1372549 0.7529412 0 0.1607843 0.6196079 0.9372549 0.9254902 1 0.4509804 0.1372549 0.7529412 0 0.3137255 0 0.3843137 0.4470588 0.01568627 0.003921568 0.2039216 0 0.2156863 0.4313725 0.7647059 0.7176471 0.5254902 1 0.003921568 0.2039216 0 0.7607843 0.5764706 1 0.7176471 0.5254902 1 0 0.07058823 0.2666667 0.003921568 0.2039216 0 0.7176471 0.5254902 1 0.172549 0.2235294 0.7647059 0.682353 0.3568627 1 0 0.07058823 0.2666667 0.003921568 0.2039216 0 0.172549 0.2235294 0.7647059 0.3843137 0.4470588 0.01568627 0.2156863 0.4313725 0.7647059 0.682353 0.3568627 1 0 0.07058823 0.2666667 0.02352941 0.05882352 0.5254902 0.7176471 0.5254902 1 0 0.07058823 0.2666667 0.02352941 0.05882352 0.5254902 0.7176471 0.5254902 1 0.9372549 0.9254902 1 0.4509804 0.1372549 0.7529412 0 0.1607843 0.6196079 0.9372549 0.9254902 1 0.4509804 0.1372549 0.7529412 0 0.1607843 0.6196079 0 0.1882353 0.6078432 0 0.3137255 0 0.4509804 0.1372549 0.7529412 0 0.3137255 0 0 0.1607843 0.6196079 0.9372549 0.9254902 1 0 0.3137255 0 0.9372549 0.9254902 1 0.4509804 0.1372549 0.7529412 0 0.07058823 0.2666667 0.02352941 0.05882352 0.5254902 0.7176471 0.5254902 1 0 0.07058823 0.2666667 0.02352941 0.05882352 0.5254902 0.7176471 0.5254902 1 0 0.07058823 0.2666667 0.02352941 0.05882352 0.5254902 0.7176471 0.5254902 1 0 0.07058823 0.2666667 0.02352941 0.05882352 0.5254902 0.7176471 0.5254902 1 0 0.07058823 0.2666667 0.02352941 0.05882352 0.5254902 0.7176471 0.5254902 1 0 0.07058823 0.2666667 0.02352941 0.05882352 0.5254902 0.7176471 0.5254902 1 0 0.07058823 0.2666667 0.02352941 0.05882352 0.5254902 0.7176471 0.5254902 1 0 0.07058823 0.2666667 0.02352941 0.05882352 0.5254902 0.7176471 0.5254902 1 0 0.1882353 0.6078432 0 0.3137255 0 0.4509804 0.1372549 0.7529412 0 0.3137255 0 0 0.1607843 0.6196079 0.9372549 0.9254902 1 0 0.3137255 0 0.9372549 0.9254902 1 0.4509804 0.1372549 0.7529412 0.9372549 0.9254902 1 0.4509804 0.1372549 0.7529412 0 0.1607843 0.6196079 0.9372549 0.9254902 1 0.4509804 0.1372549 0.7529412 0 0.1607843 0.6196079 0 0.07058823 0.2666667 0.02352941 0.05882352 0.5254902 0.7176471 0.5254902 1 0 0.07058823 0.2666667 0.02352941 0.05882352 0.5254902 0.7176471 0.5254902 1 0 0.07058823 0.2666667 0.02352941 0.05882352 0.5254902 0.7176471 0.5254902 1 0 0.07058823 0.2666667 0.02352941 0.05882352 0.5254902 0.7176471 0.5254902 1 0 0.07058823 0.2666667 0.02352941 0.05882352 0.5254902 0.7176471 0.5254902 1 0 0.07058823 0.2666667 0.02352941 0.05882352 0.5254902 0.7176471 0.5254902 1 0 0.07058823 0.2666667 0.02352941 0.05882352 0.5254902 0.7176471 0.5254902 1 0 0.07058823 0.2666667 0.02352941 0.05882352 0.5254902 0.7176471 0.5254902 1 0 0.07058823 0.2666667 0.02352941 0.05882352 0.5254902 0.7176471 0.5254902 1 0 0.1882353 0.6078432 0 0.3137255 0 0.4509804 0.1372549 0.7529412 0 0.3137255 0 0 0.1607843 0.6196079 0.9372549 0.9254902 1 0 0.3137255 0 0.9372549 0.9254902 1 0.4509804 0.1372549 0.7529412 0.2862745 0.4196078 0.3882353 0.2784314 0.3333333 0.5764706 0.1490196 0.1921569 0.6117647 0.2862745 0.4196078 0.3882353 0.2784314 0.3333333 0.5764706 0.1490196 0.1921569 0.6117647 0.2862745 0.4196078 0.3882353 0.2784314 0.3333333 0.5764706 0.1490196 0.1921569 0.6117647 0.2862745 0.4196078 0.3882353 0.2784314 0.3333333 0.5764706 0.1490196 0.1921569 0.6117647 0.2862745 0.4196078 0.3882353 0.2784314 0.3333333 0.5764706 0.1490196 0.1921569 0.6117647 0.2862745 0.4196078 0.3882353 0.2784314 0.3333333 0.5764706 0.1490196 0.1921569 0.6117647 0.2862745 0.4196078 0.3882353 0.2784314 0.3333333 0.5764706 0.1490196 0.1921569 0.6117647 0.2862745 0.4196078 0.3882353 0.2784314 0.3333333 0.5764706 0.1490196 0.1921569 0.6117647 0.2862745 0.4196078 0.3882353 0.2784314 0.3333333 0.5764706 0.1490196 0.1921569 0.6117647 0.2862745 0.4196078 0.3882353 0.2784314 0.3333333 0.5764706 0.1490196 0.1921569 0.6117647 0.2862745 0.4196078 0.3882353 0.2784314 0.3333333 0.5764706 0.1490196 0.1921569 0.6117647 0.2862745 0.4196078 0.3882353 0.2784314 0.3333333 0.5764706 0.1490196 0.1921569 0.6117647 0.2862745 0.4196078 0.3882353 0.2784314 0.3333333 0.5764706 0.1490196 0.1921569 0.6117647 0.2862745 0.4196078 0.3882353 0.2784314 0.3333333 0.5764706 0.1490196 0.1921569 0.6117647 0.2862745 0.4196078 0.3882353 0.2784314 0.3333333 0.5764706 0.1490196 0.1921569 0.6117647 0.2862745 0.4196078 0.3882353 0.2784314 0.3333333 0.5764706 0.1490196 0.1921569 0.6117647 0.2862745 0.4196078 0.3882353 0.2784314 0.3333333 0.5764706 0.1490196 0.1921569 0.6117647 0.2862745 0.4196078 0.3882353 0.2784314 0.3333333 0.5764706 0.1490196 0.1921569 0.6117647 0.2862745 0.4196078 0.3882353 0.2784314 0.3333333 0.5764706 0.1490196 0.1921569 0.6117647 0.2862745 0.4196078 0.3882353 0.2784314 0.3333333 0.5764706 0.1490196 0.1921569 0.6117647 0.2862745 0.4196078 0.3882353 0.2784314 0.3333333 0.5764706 0.1490196 0.1921569 0.6117647 0.2862745 0.4196078 0.3882353 0.2784314 0.3333333 0.5764706 0.1490196 0.1921569 0.6117647 0.2862745 0.4196078 0.3882353 0.2784314 0.3333333 0.5764706 0.1490196 0.1921569 0.6117647 0.2862745 0.4196078 0.3882353 0.2784314 0.3333333 0.5764706 0.1490196 0.1921569 0.6117647 0.2862745 0.4196078 0.3882353 0.2784314 0.3333333 0.5764706 0.1490196 0.1921569 0.6117647 0 0 0 0 0 0 0 0 0 0 0 0 0 0 0 0 0 0 0 0 0 0 0 0 0 0 0 0 0 0 0 0 0 0 0 0 0 0 0 0 0 0 0 0 0 0 0 0 0 0 0 0 0 0 0 0 0 0 0 0 0 0 0 0 0 0 0 0 0 0 0 0 0 0 0 0 0 0 0 0 0 0 0 0 0 0 0 0 0 0 0 0 0 0 0 0 0 0 0 0 0 0 0 0 0 0 0 0 0 0 0 0 0 0 0 0 0 0 0 0 0 0 0 0 0 0 0 0 0 0 0 0 0 0 0 0 0 0 0 0 0 0 0 0 0 0 0 0 0 0 0 0 0 0 0 0 0 0 0 0 0 0 0 0 0 0 0 0 0 0 0 0 0 0 0 0 0 0 0 0 0 0 0 0 0 0 0 0 0 0 0 0 0 0 0 0 0 0 0 0 0 0 0 0 0 0 0 0 0 0 0 0 0 0 0 0 0 0 0 0 0 0 0 0 0 0 0 0 0 0 0 0 0 0</float_array>
          <technique_common>
            <accessor source="#tree_oak_bush_a200_001-mesh-colors-array" count="1770" stride="3">
              <param name="R" type="float"/>
              <param name="G" type="float"/>
              <param name="B" type="float"/>
            </accessor>
          </technique_common>
        </source>
        <vertices id="tree_oak_bush_a200_001-mesh-vertices">
          <input semantic="POSITION" source="#tree_oak_bush_a200_001-mesh-positions"/>
        </vertices>
        <polylist material="tro_tree_2_trunk-material" count="69">
          <input semantic="VERTEX" source="#tree_oak_bush_a200_001-mesh-vertices" offset="0"/>
          <input semantic="NORMAL" source="#tree_oak_bush_a200_001-mesh-normals" offset="1"/>
          <input semantic="TEXCOORD" source="#tree_oak_bush_a200_001-mesh-map-0" offset="2" set="0"/>
          <input semantic="COLOR" source="#tree_oak_bush_a200_001-mesh-colors" offset="3"/>
          <vcount>3 3 3 3 3 3 3 3 3 3 3 3 3 3 3 3 3 3 3 3 3 3 3 3 3 3 3 3 3 3 3 3 3 3 3 3 3 3 3 3 3 3 3 3 3 3 3 3 3 3 3 3 3 3 3 3 3 3 3 3 3 3 3 3 3 3 3 3 3 </vcount>
          <p>916 833 1308 1308 920 834 1309 1309 922 835 1310 1310 921 836 1311 1311 919 837 1312 1312 916 833 1313 1313 922 835 1314 1314 921 836 1315 1315 917 838 1316 1316 928 839 1317 1317 927 840 1318 1318 923 841 1319 1319 926 842 1320 1320 929 843 1321 1321 928 839 1322 1322 930 844 1323 1323 932 845 1324 1324 929 843 1325 1325 928 839 1326 1326 931 846 1327 1327 930 844 1328 1328 924 847 1329 1329 929 843 1330 1330 926 842 1331 1331 927 840 1332 1332 929 843 1333 1333 924 847 1334 1334 916 833 1335 1335 919 837 1336 1336 920 834 1337 1337 951 848 1338 1338 934 849 1339 1339 936 850 1340 1340 951 848 1341 1341 949 851 1342 1342 935 852 1343 1343 939 853 1344 1344 938 854 1345 1345 935 852 1346 1346 934 849 1347 1347 937 855 1348 1348 939 853 1349 1349 908 856 1350 1350 940 857 1351 1351 907 858 1352 1352 915 859 1353 1353 917 838 1354 1354 916 833 1355 1355 942 860 1356 1356 944 861 1357 1357 941 862 1358 1358 929 843 1359 1359 932 845 1360 1360 931 846 1361 1361 950 863 1362 1362 936 850 1363 1363 935 852 1364 1364 915 859 1365 1365 918 864 1366 1366 917 838 1367 1367 916 833 1368 1368 918 864 1369 1369 915 859 1370 1370 946 865 1371 1371 945 866 1372 1372 944 861 1373 1373 943 867 1374 1374 945 866 1375 1375 946 865 1376 1376 907 858 1377 1377 912 868 1378 1378 908 856 1379 1379 908 856 1380 1380 948 869 1381 1381 909 870 1382 1382 933 871 1383 1383 950 863 1384 1384 949 851 1385 1385 951 848 1386 1386 950 863 1387 1387 940 857 1388 1388 908 856 1389 1389 912 868 1390 1390 948 869 1391 1391 949 851 1392 1392 951 848 1393 1393 908 856 1394 1394 906 872 1395 1395 933 871 1396 1396 908 856 1397 1397 940 857 1398 1398 950 863 1399 1399 933 871 1400 1400 947 873 1401 1401 911 874 1402 1402 912 868 1403 1403 910 875 1404 1404 911 874 1405 1405 947 873 1406 1406 906 872 1407 1407 909 870 1408 1408 910 875 1409 1409 914 876 1410 1410 916 833 1411 1411 913 877 1412 1412 907 858 1413 1413 914 876 1414 1414 913 877 1415 1415 913 877 1416 1416 906 872 1417 1417 947 873 1418 1418 935 852 1419 1419 938 854 1420 1420 937 855 1421 1421 941 862 1422 1422 944 861 1423 1423 943 867 1424 1424 933 871 1425 1425 915 859 1426 1426 940 857 1427 1427 913 877 1428 1428 915 859 1429 1429 933 871 1430 1430 907 858 1431 1431 940 857 1432 1432 915 859 1433 1433 907 858 1434 1434 915 859 1435 1435 914 876 1436 1436 918 864 1692 1692 916 833 1693 1693 922 835 1694 1694 917 838 1695 1695 921 836 1696 1696 916 833 1697 1697 918 864 1698 1698 922 835 1699 1699 917 838 1700 1700 925 951 1701 1701 928 839 1702 1702 923 841 1703 1703 925 951 1704 1704 926 842 1705 1705 928 839 1706 1706 927 840 1707 1707 930 844 1708 1708 929 843 1709 1709 927 840 1710 1710 928 839 1711 1711 930 844 1712 1712 923 841 1713 1713 927 840 1714 1714 924 847 1715 1715 950 863 1716 1716 951 848 1717 1717 936 850 1718 1718 934 849 1719 1719 951 848 1720 1720 935 852 1721 1721 936 850 1722 1722 939 853 1723 1723 935 852 1724 1724 936 850 1725 1725 934 849 1726 1726 939 853 1727 1727 914 876 1728 1728 915 859 1729 1729 916 833 1730 1730 928 839 1731 1731 929 843 1732 1732 931 846 1733 1733 949 851 1734 1734 950 863 1735 1735 935 852 1736 1736 913 877 1737 1737 916 833 1738 1738 915 859 1739 1739 942 860 1740 1740 946 865 1741 1741 944 861 1742 1742 941 862 1743 1743 943 867 1744 1744 946 865 1745 1745 906 872 1746 1746 908 856 1747 1747 909 870 1748 1748 908 856 1749 1749 933 871 1750 1750 949 851 1751 1751 908 856 1752 1752 951 848 1753 1753 940 857 1754 1754 907 858 1755 1755 947 873 1756 1756 912 868 1757 1757 906 872 1758 1758 910 875 1759 1759 947 873 1760 1760 947 873 1761 1761 907 858 1762 1762 913 877 1763 1763 934 849 1764 1764 935 852 1765 1765 937 855 1766 1766 906 872 1767 1767 913 877 1768 1768 933 871 1769 1769</p>
        </polylist>
        <polylist material="tro_tree_2_leaves-material" count="443">
          <input semantic="VERTEX" source="#tree_oak_bush_a200_001-mesh-vertices" offset="0"/>
          <input semantic="NORMAL" source="#tree_oak_bush_a200_001-mesh-normals" offset="1"/>
          <input semantic="TEXCOORD" source="#tree_oak_bush_a200_001-mesh-map-0" offset="2" set="0"/>
          <input semantic="COLOR" source="#tree_oak_bush_a200_001-mesh-colors" offset="3"/>
          <vcount>3 3 3 3 3 3 3 3 3 3 3 3 3 3 3 3 3 3 3 3 3 3 3 3 3 3 3 3 3 3 3 3 3 3 3 3 3 3 3 3 3 3 3 3 3 3 3 3 3 3 3 3 3 3 3 3 3 3 3 3 3 3 3 3 3 3 3 3 3 3 3 3 3 3 3 3 3 3 3 3 3 3 3 3 3 3 3 3 3 3 3 3 3 3 3 3 3 3 3 3 3 3 3 3 3 3 3 3 3 3 3 3 3 3 3 3 3 3 3 3 3 3 3 3 3 3 3 3 3 3 3 3 3 3 3 3 3 3 3 3 3 3 3 3 3 3 3 3 3 3 3 3 3 3 3 3 3 3 3 3 3 3 3 3 3 3 3 3 3 3 3 3 3 3 3 3 3 3 3 3 3 3 3 3 3 3 3 3 3 3 3 3 3 3 3 3 3 3 3 3 3 3 3 3 3 3 3 3 3 3 3 3 3 3 3 3 3 3 3 3 3 3 3 3 3 3 3 3 3 3 3 3 3 3 3 3 3 3 3 3 3 3 3 3 3 3 3 3 3 3 3 3 3 3 3 3 3 3 3 3 3 3 3 3 3 3 3 3 3 3 3 3 3 3 3 3 3 3 3 3 3 3 3 3 3 3 3 3 3 3 3 3 3 3 3 3 3 3 3 3 3 3 3 3 3 3 3 3 3 3 3 3 3 3 3 3 3 3 3 3 3 3 3 3 3 3 3 3 3 3 3 3 3 3 3 3 3 3 3 3 3 3 3 3 3 3 3 3 3 3 3 3 3 3 3 3 3 3 3 3 3 3 3 3 3 3 3 3 3 3 3 3 3 3 3 3 3 3 3 3 3 3 3 3 3 3 3 3 3 3 3 3 3 3 3 3 3 3 3 3 3 3 3 3 3 3 3 3 3 3 3 3 3 3 3 3 3 3 3 3 3 3 3 3 3 3 3 3 3 3 3 3 3 3 3 3 3 3 3 3 3 3 3 </vcount>
          <p>2 0 0 0 0 1 1 1 3 2 2 2 0 1 3 3 1 3 4 4 3 2 5 5 6 4 6 6 4 5 7 7 7 6 8 8 4 5 9 9 5 7 10 10 7 6 11 11 10 8 12 12 8 9 13 13 11 10 14 14 8 9 15 15 9 11 16 16 11 10 17 17 14 12 18 18 12 13 19 19 15 14 20 20 12 13 21 21 13 15 22 22 15 14 23 23 18 16 24 24 16 17 25 25 19 18 26 26 16 17 27 27 17 19 28 28 19 18 29 29 22 20 30 30 20 21 31 31 23 22 32 32 20 21 33 33 21 23 34 34 23 22 35 35 26 24 36 36 24 25 37 37 27 26 38 38 24 25 39 39 25 27 40 40 27 26 41 41 30 28 42 42 28 29 43 43 31 30 44 44 28 29 45 45 29 31 46 46 31 30 47 47 34 32 48 48 32 33 49 49 35 34 50 50 32 33 51 51 33 35 52 52 35 34 53 53 38 36 54 54 36 37 55 55 39 38 56 56 36 37 57 57 37 39 58 58 39 38 59 59 42 40 60 60 40 41 61 61 43 42 62 62 40 41 63 63 41 43 64 64 43 42 65 65 46 44 66 66 44 45 67 67 47 46 68 68 44 45 69 69 45 47 70 70 47 46 71 71 50 48 72 72 48 49 73 73 51 50 74 74 48 49 75 75 49 51 76 76 51 50 77 77 54 52 78 78 52 53 79 79 55 54 80 80 52 53 81 81 53 55 82 82 55 54 83 83 58 56 84 84 56 57 85 85 59 58 86 86 56 57 87 87 57 59 88 88 59 58 89 89 62 60 90 90 60 61 91 91 63 62 92 92 60 61 93 93 61 63 94 94 63 62 95 95 66 64 96 96 64 65 97 97 67 66 98 98 64 65 99 99 65 67 100 100 67 66 101 101 73 68 102 102 70 69 103 103 71 70 104 104 69 71 105 105 68 72 106 106 72 73 107 107 75 74 108 108 72 73 109 109 73 68 110 110 74 75 111 111 73 68 112 112 71 70 113 113 75 74 114 114 69 71 115 115 72 73 116 116 81 76 117 117 78 77 118 118 79 78 119 119 77 79 120 120 76 80 121 121 80 81 122 122 83 82 123 123 80 81 124 124 81 76 125 125 82 83 126 126 81 76 127 127 79 78 128 128 83 82 129 129 77 79 130 130 80 81 131 131 89 84 132 132 86 85 133 133 87 86 134 134 85 87 135 135 84 88 136 136 88 89 137 137 91 90 138 138 88 89 139 139 89 84 140 140 90 91 141 141 89 84 142 142 87 86 143 143 91 90 144 144 85 87 145 145 88 89 146 146 97 92 147 147 94 93 148 148 95 94 149 149 93 95 150 150 92 96 151 151 96 97 152 152 99 98 153 153 96 97 154 154 97 92 155 155 98 99 156 156 97 92 157 157 95 94 158 158 99 98 159 159 93 95 160 160 96 97 161 161 105 100 162 162 102 101 163 163 103 102 164 164 101 103 165 165 100 104 166 166 104 105 167 167 107 106 168 168 104 105 169 169 105 100 170 170 106 107 171 171 105 100 172 172 103 102 173 173 107 106 174 174 101 103 175 175 104 105 176 176 113 108 177 177 110 109 178 178 111 110 179 179 109 111 180 180 108 112 181 181 112 113 182 182 115 114 183 183 112 113 184 184 113 108 185 185 114 115 186 186 113 108 187 187 111 110 188 188 115 114 189 189 109 111 190 190 112 113 191 191 121 116 192 192 118 117 193 193 119 118 194 194 117 119 195 195 116 120 196 196 120 121 197 197 123 122 198 198 120 121 199 199 121 116 200 200 122 123 201 201 121 116 202 202 119 118 203 203 123 122 204 204 117 119 205 205 120 121 206 206 129 124 207 207 126 125 208 208 127 126 209 209 125 127 210 210 124 128 211 211 128 129 212 212 131 130 213 213 128 129 214 214 129 124 215 215 130 131 216 216 129 124 217 217 127 126 218 218 131 130 219 219 125 127 220 220 128 129 221 221 137 132 222 222 134 133 223 223 135 134 224 224 133 135 225 225 132 136 226 226 136 137 227 227 139 138 228 228 136 137 229 229 137 132 230 230 138 139 231 231 137 132 232 232 135 134 233 233 139 138 234 234 133 135 235 235 136 137 236 236 145 140 237 237 142 141 238 238 143 142 239 239 141 143 240 240 140 144 241 241 144 145 242 242 147 146 243 243 144 145 244 244 145 140 245 245 146 147 246 246 145 140 247 247 143 142 248 248 147 146 249 249 141 143 250 250 144 145 251 251 153 148 252 252 150 149 253 253 151 150 254 254 149 151 255 255 148 152 256 256 152 153 257 257 155 154 258 258 152 153 259 259 153 148 260 260 154 155 261 261 153 148 262 262 151 150 263 263 155 154 264 264 149 151 265 265 152 153 266 266 161 156 267 267 158 157 268 268 159 158 269 269 157 159 270 270 156 160 271 271 160 161 272 272 163 162 273 273 160 161 274 274 161 156 275 275 162 163 276 276 161 156 277 277 159 158 278 278 163 162 279 279 157 159 280 280 160 161 281 281 169 164 282 282 166 165 283 283 167 166 284 284 165 167 285 285 164 168 286 286 168 169 287 287 171 170 288 288 168 169 289 289 169 164 290 290 170 171 291 291 169 164 292 292 167 166 293 293 171 170 294 294 165 167 295 295 168 169 296 296 177 172 297 297 174 173 298 298 175 174 299 299 173 175 300 300 172 176 301 301 176 177 302 302 179 178 303 303 176 177 304 304 177 172 305 305 178 179 306 306 177 172 307 307 175 174 308 308 179 178 309 309 173 175 310 310 176 177 311 311 185 180 312 312 182 181 313 313 183 182 314 314 181 183 315 315 180 184 316 316 184 185 317 317 187 186 318 318 184 185 319 319 185 180 320 320 186 187 321 321 185 180 322 322 183 182 323 323 187 186 324 324 181 183 325 325 184 185 326 326 196 188 327 327 195 189 328 328 193 190 329 329 200 191 330 330 199 192 331 331 197 193 332 332 204 194 333 333 203 195 334 334 201 196 335 335 207 197 336 336 208 198 337 337 206 199 338 338 211 200 339 339 212 201 340 340 210 202 341 341 214 203 342 342 213 204 343 343 215 205 344 344 217 206 345 345 216 207 346 346 218 208 347 347 220 209 348 348 222 210 349 349 219 211 350 350 224 212 351 351 226 213 352 352 223 214 353 353 240 215 354 354 239 216 355 355 238 217 356 356 232 218 357 357 230 219 358 358 233 220 359 359 231 221 360 360 234 222 361 361 235 223 362 362 232 218 363 363 234 222 364 364 231 221 365 365 235 223 366 366 229 224 367 367 227 225 368 368 233 220 369 369 229 224 370 370 235 223 371 371 244 226 372 372 243 227 373 373 241 228 374 374 248 229 375 375 247 230 376 376 245 231 377 377 250 232 378 378 249 233 379 379 251 234 380 380 253 235 381 381 252 236 382 382 254 237 383 383 256 238 384 384 255 239 385 385 257 240 386 386 259 241 387 387 261 242 388 388 258 243 389 389 263 244 390 390 265 245 391 391 262 246 392 392 272 247 393 393 273 248 394 394 274 249 395 395 273 248 396 396 271 250 397 397 274 249 398 398 278 251 399 399 277 252 400 400 275 253 401 401 282 254 402 402 281 255 403 403 279 256 404 404 286 257 405 405 285 258 406 406 283 259 407 407 290 260 408 408 289 261 409 409 287 262 410 410 294 263 411 411 293 264 412 412 291 265 413 413 298 266 414 414 297 267 415 415 295 268 416 416 302 269 417 417 301 270 418 418 299 271 419 419 306 272 420 420 305 273 421 421 303 274 422 422 314 275 423 423 313 276 424 424 312 277 425 425 313 276 426 426 315 278 427 427 312 277 428 428 317 279 429 429 319 280 430 430 316 281 431 431 321 282 432 432 323 283 433 433 320 284 434 434 327 285 435 435 326 286 436 436 324 287 437 437 331 288 438 438 330 289 439 439 328 290 440 440 335 291 441 441 334 292 442 442 332 293 443 443 339 294 444 444 338 295 445 445 336 296 446 446 343 297 447 447 342 298 448 448 340 299 449 449 347 300 450 450 346 301 451 451 344 302 452 452 351 303 453 453 350 304 454 454 348 305 455 455 353 306 456 456 352 307 457 457 354 308 458 458 356 309 459 459 355 310 460 460 357 311 461 461 359 312 462 462 358 313 463 463 360 314 464 464 362 315 465 465 361 316 466 466 363 317 467 467 365 318 468 468 364 319 469 469 366 320 470 470 370 321 471 471 369 322 472 472 367 323 473 473 374 324 474 474 373 325 475 475 371 326 476 476 482 327 477 477 479 328 478 478 481 329 479 479 474 422 714 714 467 423 715 715 468 424 716 716 469 425 717 717 474 422 718 718 468 424 719 719 479 328 720 720 480 426 721 721 481 329 722 722 478 427 723 723 475 428 724 724 476 429 725 725 477 430 726 726 478 427 727 727 476 429 728 728 483 431 729 729 484 432 730 730 485 433 731 731 487 434 732 732 488 435 733 733 489 436 734 734 491 437 735 735 492 438 736 736 493 439 737 737 495 440 738 738 496 441 739 739 497 442 740 740 499 443 741 741 500 444 742 742 501 445 743 743 503 446 744 744 504 447 745 745 505 448 746 746 507 449 747 747 508 450 748 748 509 451 749 749 516 452 750 750 517 453 751 751 518 454 752 752 511 455 753 753 512 456 754 754 515 457 755 755 513 458 756 756 514 459 757 757 515 457 758 758 512 456 759 759 513 458 760 760 515 457 761 761 514 459 762 762 511 455 763 763 515 457 764 764 520 460 765 765 521 461 766 766 522 462 767 767 533 463 768 768 534 464 769 769 535 465 770 770 527 466 771 771 524 467 772 772 525 468 773 773 526 469 774 774 527 466 775 775 525 468 776 776 528 470 777 777 529 471 778 778 532 472 779 779 530 473 780 780 531 474 781 781 532 472 782 782 529 471 783 783 530 473 784 784 532 472 785 785 531 474 786 786 528 470 787 787 532 472 788 788 537 475 789 789 538 476 790 790 539 477 791 791 541 478 792 792 542 479 793 793 543 480 794 794 545 481 795 795 546 482 796 796 547 483 797 797 549 484 798 798 550 485 799 799 551 486 800 800 558 487 801 801 559 488 802 802 560 489 803 803 553 490 804 804 554 491 805 805 557 492 806 806 555 493 807 807 556 494 808 808 557 492 809 809 554 491 810 810 555 493 811 811 557 492 812 812 556 494 813 813 553 490 814 814 557 492 815 815 562 495 816 816 563 496 817 817 564 497 818 818 566 498 819 819 567 499 820 820 568 500 821 821 570 501 822 822 571 502 823 823 572 503 824 824 574 504 825 825 575 505 826 826 576 506 827 827 578 507 828 828 579 508 829 829 580 509 830 830 582 510 831 831 583 511 832 832 584 512 833 833 586 513 834 834 587 514 835 835 588 515 836 836 590 516 837 837 591 517 838 838 592 518 839 839 594 519 840 840 595 520 841 841 596 521 842 842 598 522 843 843 601 523 844 844 600 524 845 845 599 525 846 846 598 522 847 847 600 524 848 848 602 526 849 849 605 527 850 850 604 528 851 851 603 529 852 852 602 526 853 853 604 528 854 854 606 530 855 855 609 531 856 856 608 532 857 857 607 533 858 858 606 530 859 859 608 532 860 860 613 534 861 861 610 535 862 862 612 536 863 863 610 535 864 864 611 537 865 865 612 536 866 866 617 538 867 867 614 539 868 868 616 540 869 869 614 539 870 870 615 541 871 871 616 540 872 872 621 542 873 873 618 543 874 874 620 544 875 875 618 543 876 876 619 545 877 877 620 544 878 878 625 546 879 879 622 547 880 880 624 548 881 881 622 547 882 882 623 549 883 883 624 548 884 884 629 550 885 885 626 551 886 886 628 552 887 887 626 551 888 888 627 553 889 889 628 552 890 890 633 554 891 891 630 555 892 892 632 556 893 893 630 555 894 894 631 557 895 895 632 556 896 896 637 558 897 897 635 559 898 898 636 560 899 899 634 561 900 900 637 558 901 901 636 560 902 902 641 562 903 903 638 563 904 904 640 564 905 905 638 563 906 906 639 565 907 907 640 564 908 908 645 566 909 909 642 567 910 910 644 568 911 911 642 567 912 912 643 569 913 913 644 568 914 914 649 570 915 915 646 571 916 916 648 572 917 917 646 571 918 918 647 573 919 919 648 572 920 920 653 574 921 921 650 575 922 922 652 576 923 923 650 575 924 924 651 577 925 925 652 576 926 926 657 578 927 927 654 579 928 928 656 580 929 929 654 579 930 930 655 581 931 931 656 580 932 932 661 582 933 933 658 583 934 934 660 584 935 935 658 583 936 936 659 585 937 937 660 584 938 938 665 586 939 939 662 587 940 940 664 588 941 941 662 587 942 942 663 589 943 943 664 588 944 944 669 590 945 945 666 591 946 946 668 592 947 947 666 591 948 948 667 593 949 949 668 592 950 950 673 594 951 951 670 595 952 952 672 596 953 953 670 595 954 954 671 597 955 955 672 596 956 956 677 598 957 957 674 599 958 958 676 600 959 959 674 599 960 960 675 601 961 961 676 600 962 962 681 602 963 963 678 603 964 964 680 604 965 965 678 603 966 966 679 605 967 967 680 604 968 968 685 606 969 969 682 607 970 970 684 608 971 971 682 607 972 972 683 609 973 973 684 608 974 974 686 610 975 975 689 611 976 976 688 612 977 977 687 613 978 978 686 610 979 979 688 612 980 980 690 614 981 981 693 615 982 982 692 616 983 983 691 617 984 984 690 614 985 985 692 616 986 986 694 618 987 987 697 619 988 988 696 620 989 989 695 621 990 990 694 618 991 991 696 620 992 992 698 622 993 993 701 623 994 994 700 624 995 995 699 625 996 996 698 622 997 997 700 624 998 998 702 626 999 999 705 627 1000 1000 704 628 1001 1001 703 629 1002 1002 702 626 1003 1003 704 628 1004 1004 706 630 1005 1005 709 631 1006 1006 708 632 1007 1007 707 633 1008 1008 706 630 1009 1009 708 632 1010 1010 713 634 1011 1011 710 635 1012 1012 712 636 1013 1013 710 635 1014 1014 711 637 1015 1015 712 636 1016 1016 717 638 1017 1017 714 639 1018 1018 716 640 1019 1019 714 639 1020 1020 715 641 1021 1021 716 640 1022 1022 721 642 1023 1023 718 643 1024 1024 720 644 1025 1025 718 643 1026 1026 719 645 1027 1027 720 644 1028 1028 725 646 1029 1029 722 647 1030 1030 724 648 1031 1031 722 647 1032 1032 723 649 1033 1033 724 648 1034 1034 729 650 1035 1035 726 651 1036 1036 728 652 1037 1037 726 651 1038 1038 727 653 1039 1039 728 652 1040 1040 733 654 1041 1041 730 655 1042 1042 732 656 1043 1043 730 655 1044 1044 731 657 1045 1045 732 656 1046 1046 737 658 1047 1047 734 659 1048 1048 736 660 1049 1049 734 659 1050 1050 735 661 1051 1051 736 660 1052 1052 741 662 1053 1053 738 663 1054 1054 740 664 1055 1055 738 663 1056 1056 739 665 1057 1057 740 664 1058 1058 745 666 1059 1059 742 667 1060 1060 744 668 1061 1061 742 667 1062 1062 743 669 1063 1063 744 668 1064 1064 749 670 1065 1065 746 671 1066 1066 748 672 1067 1067 746 671 1068 1068 747 673 1069 1069 748 672 1070 1070 753 674 1071 1071 750 675 1072 1072 752 676 1073 1073 750 675 1074 1074 751 677 1075 1075 752 676 1076 1076 757 678 1077 1077 754 679 1078 1078 756 680 1079 1079 754 679 1080 1080 755 681 1081 1081 756 680 1082 1082 761 682 1083 1083 758 683 1084 1084 760 684 1085 1085 758 683 1086 1086 759 685 1087 1087 760 684 1088 1088 765 686 1089 1089 762 687 1090 1090 764 688 1091 1091 762 687 1092 1092 763 689 1093 1093 764 688 1094 1094 769 690 1095 1095 766 691 1096 1096 768 692 1097 1097 766 691 1098 1098 767 693 1099 1099 768 692 1100 1100 773 694 1101 1101 770 695 1102 1102 772 696 1103 1103 770 695 1104 1104 771 697 1105 1105 772 696 1106 1106 777 698 1107 1107 774 699 1108 1108 776 700 1109 1109 774 699 1110 1110 775 701 1111 1111 776 700 1112 1112 781 702 1113 1113 778 703 1114 1114 780 704 1115 1115 778 703 1116 1116 779 705 1117 1117 780 704 1118 1118 785 706 1119 1119 782 707 1120 1120 784 708 1121 1121 782 707 1122 1122 783 709 1123 1123 784 708 1124 1124 789 710 1125 1125 786 711 1126 1126 788 712 1127 1127 786 711 1128 1128 787 713 1129 1129 788 712 1130 1130 793 714 1131 1131 790 715 1132 1132 792 716 1133 1133 790 715 1134 1134 791 717 1135 1135 792 716 1136 1136 797 718 1137 1137 794 719 1138 1138 796 720 1139 1139 794 719 1140 1140 795 721 1141 1141 796 720 1142 1142 801 722 1143 1143 798 723 1144 1144 800 724 1145 1145 798 723 1146 1146 799 725 1147 1147 800 724 1148 1148 805 726 1149 1149 802 727 1150 1150 804 728 1151 1151 802 727 1152 1152 803 729 1153 1153 804 728 1154 1154 809 730 1155 1155 806 731 1156 1156 808 732 1157 1157 806 731 1158 1158 807 733 1159 1159 808 732 1160 1160 813 734 1161 1161 810 735 1162 1162 812 736 1163 1163 810 735 1164 1164 811 737 1165 1165 812 736 1166 1166 817 738 1167 1167 814 739 1168 1168 816 740 1169 1169 814 739 1170 1170 815 741 1171 1171 816 740 1172 1172 821 742 1173 1173 818 743 1174 1174 820 744 1175 1175 818 743 1176 1176 819 745 1177 1177 820 744 1178 1178 825 746 1179 1179 822 747 1180 1180 824 748 1181 1181 822 747 1182 1182 823 749 1183 1183 824 748 1184 1184 829 750 1185 1185 826 751 1186 1186 828 752 1187 1187 826 751 1188 1188 827 753 1189 1189 828 752 1190 1190 833 754 1191 1191 830 755 1192 1192 832 756 1193 1193 830 755 1194 1194 831 757 1195 1195 832 756 1196 1196 837 758 1197 1197 834 759 1198 1198 836 760 1199 1199 834 759 1200 1200 835 761 1201 1201 836 760 1202 1202 841 762 1203 1203 838 763 1204 1204 840 764 1205 1205 838 763 1206 1206 839 765 1207 1207 840 764 1208 1208 845 766 1209 1209 842 767 1210 1210 844 768 1211 1211 842 767 1212 1212 843 769 1213 1213 844 768 1214 1214 849 770 1215 1215 846 771 1216 1216 848 772 1217 1217 846 771 1218 1218 847 773 1219 1219 848 772 1220 1220 853 774 1221 1221 850 775 1222 1222 852 776 1223 1223 850 775 1224 1224 851 777 1225 1225 852 776 1226 1226 857 778 1227 1227 854 779 1228 1228 856 780 1229 1229 854 779 1230 1230 855 781 1231 1231 856 780 1232 1232 861 782 1233 1233 858 783 1234 1234 860 784 1235 1235 858 783 1236 1236 859 785 1237 1237 860 784 1238 1238 865 786 1239 1239 862 787 1240 1240 864 788 1241 1241 862 787 1242 1242 863 789 1243 1243 864 788 1244 1244 869 790 1245 1245 866 791 1246 1246 868 792 1247 1247 866 791 1248 1248 867 793 1249 1249 868 792 1250 1250 873 794 1251 1251 870 795 1252 1252 872 796 1253 1253 870 795 1254 1254 871 797 1255 1255 872 796 1256 1256 877 798 1257 1257 874 799 1258 1258 876 800 1259 1259 874 799 1260 1260 875 801 1261 1261 876 800 1262 1262 881 802 1263 1263 878 803 1264 1264 880 804 1265 1265 878 803 1266 1266 879 805 1267 1267 880 804 1268 1268 885 806 1269 1269 882 807 1270 1270 884 808 1271 1271 882 807 1272 1272 883 809 1273 1273 884 808 1274 1274 889 810 1275 1275 886 811 1276 1276 888 812 1277 1277 886 811 1278 1278 887 813 1279 1279 888 812 1280 1280 893 814 1281 1281 890 815 1282 1282 892 816 1283 1283 890 815 1284 1284 891 817 1285 1285 892 816 1286 1286 897 818 1287 1287 894 819 1288 1288 896 820 1289 1289 894 819 1290 1290 895 821 1291 1291 896 820 1292 1292 901 822 1293 1293 898 823 1294 1294 900 824 1295 1295 898 823 1296 1296 899 825 1297 1297 900 824 1298 1298 905 826 1299 1299 902 827 1300 1300 904 828 1301 1301 902 827 1302 1302 903 829 1303 1303 904 828 1304 1304 470 830 1305 1305 471 831 1306 1306 472 832 1307 1307 74 75 1437 1437 75 74 1438 1438 73 68 1439 1439 82 83 1440 1440 83 82 1441 1441 81 76 1442 1442 90 91 1443 1443 91 90 1444 1444 89 84 1445 1445 98 99 1446 1446 99 98 1447 1447 97 92 1448 1448 106 107 1449 1449 107 106 1450 1450 105 100 1451 1451 114 115 1452 1452 115 114 1453 1453 113 108 1454 1454 122 123 1455 1455 123 122 1456 1456 121 116 1457 1457 130 131 1458 1458 131 130 1459 1459 129 124 1460 1460 138 139 1461 1461 139 138 1462 1462 137 132 1463 1463 146 147 1464 1464 147 146 1465 1465 145 140 1466 1466 154 155 1467 1467 155 154 1468 1468 153 148 1469 1469 162 163 1470 1470 163 162 1471 1471 161 156 1472 1472 170 171 1473 1473 171 170 1474 1474 169 164 1475 1475 178 179 1476 1476 179 178 1477 1477 177 172 1478 1478 186 187 1479 1479 187 186 1480 1480 185 180 1481 1481 194 878 1482 1482 196 188 1483 1483 193 190 1484 1484 198 879 1485 1485 200 191 1486 1486 197 193 1487 1487 202 880 1488 1488 204 194 1489 1489 201 196 1490 1490 205 881 1491 1491 207 197 1492 1492 206 199 1493 1493 209 882 1494 1494 211 200 1495 1495 210 202 1496 1496 221 883 1497 1497 220 209 1498 1498 219 211 1499 1499 225 884 1500 1500 224 212 1501 1501 223 214 1502 1502 234 222 1503 1503 232 218 1504 1504 233 220 1505 1505 236 885 1506 1506 240 215 1507 1507 238 217 1508 1508 236 885 1509 1509 237 886 1510 1510 240 215 1511 1511 227 225 1512 1512 231 221 1513 1513 235 223 1514 1514 228 887 1515 1515 232 218 1516 1516 231 221 1517 1517 234 222 1518 1518 233 220 1519 1519 235 223 1520 1520 242 888 1521 1521 244 226 1522 1522 241 228 1523 1523 246 889 1524 1524 248 229 1525 1525 245 231 1526 1526 260 890 1527 1527 259 241 1528 1528 258 243 1529 1529 264 891 1530 1530 263 244 1531 1531 262 246 1532 1532 270 892 1533 1533 266 893 1534 1534 268 894 1535 1535 266 893 1536 1536 267 895 1537 1537 269 896 1538 1538 266 893 1539 1539 269 896 1540 1540 268 894 1541 1541 276 897 1542 1542 278 251 1543 1543 275 253 1544 1544 280 898 1545 1545 282 254 1546 1546 279 256 1547 1547 284 899 1548 1548 286 257 1549 1549 283 259 1550 1550 288 900 1551 1551 290 260 1552 1552 287 262 1553 1553 292 901 1554 1554 294 263 1555 1555 291 265 1556 1556 296 902 1557 1557 298 266 1558 1558 295 268 1559 1559 300 903 1560 1560 302 269 1561 1561 299 271 1562 1562 304 904 1563 1563 306 272 1564 1564 303 274 1565 1565 311 905 1566 1566 307 906 1567 1567 309 907 1568 1568 307 906 1569 1569 308 908 1570 1570 310 909 1571 1571 307 906 1572 1572 310 909 1573 1573 309 907 1574 1574 318 910 1575 1575 317 279 1576 1576 316 281 1577 1577 322 911 1578 1578 321 282 1579 1579 320 284 1580 1580 325 912 1581 1581 327 285 1582 1582 324 287 1583 1583 329 913 1584 1584 331 288 1585 1585 328 290 1586 1586 333 914 1587 1587 335 291 1588 1588 332 293 1589 1589 337 915 1590 1590 339 294 1591 1591 336 296 1592 1592 341 916 1593 1593 343 297 1594 1594 340 299 1595 1595 345 917 1596 1596 347 300 1597 1597 344 302 1598 1598 349 918 1599 1599 351 303 1600 1600 348 305 1601 1601 368 919 1602 1602 370 321 1603 1603 367 323 1604 1604 372 920 1605 1605 374 324 1606 1606 371 326 1607 1607 192 921 1608 1608 188 922 1609 1609 190 923 1610 1610 188 922 1611 1611 189 924 1612 1612 191 925 1613 1613 188 922 1614 1614 191 925 1615 1615 190 923 1616 1616 486 926 1617 1617 483 431 1618 1618 485 433 1619 1619 490 927 1620 1620 487 434 1621 1621 489 436 1622 1622 494 928 1623 1623 491 437 1624 1624 493 439 1625 1625 498 929 1626 1626 495 440 1627 1627 497 442 1628 1628 502 930 1629 1629 499 443 1630 1630 501 445 1631 1631 506 931 1632 1632 503 446 1633 1633 505 448 1634 1634 510 932 1635 1635 507 449 1636 1636 509 451 1637 1637 519 933 1638 1638 516 452 1639 1639 518 454 1640 1640 523 934 1641 1641 520 460 1642 1642 522 462 1643 1643 536 935 1644 1644 533 463 1645 1645 535 465 1646 1646 540 936 1647 1647 537 475 1648 1648 539 477 1649 1649 544 937 1650 1650 541 478 1651 1651 543 480 1652 1652 548 938 1653 1653 545 481 1654 1654 547 483 1655 1655 552 939 1656 1656 549 484 1657 1657 551 486 1658 1658 561 940 1659 1659 558 487 1660 1660 560 489 1661 1661 565 941 1662 1662 562 495 1663 1663 564 497 1664 1664 569 942 1665 1665 566 498 1666 1666 568 500 1667 1667 573 943 1668 1668 570 501 1669 1669 572 503 1670 1670 577 944 1671 1671 574 504 1672 1672 576 506 1673 1673 581 945 1674 1674 578 507 1675 1675 580 509 1676 1676 585 946 1677 1677 582 510 1678 1678 584 512 1679 1679 589 947 1680 1680 586 513 1681 1681 588 515 1682 1682 593 948 1683 1683 590 516 1684 1684 592 518 1685 1685 597 949 1686 1686 594 519 1687 1687 596 521 1688 1688 473 950 1689 1689 470 830 1690 1690 472 832 1691 1691</p>
        </polylist>
        <polylist material="tro_tree_1_branches-material" count="78">
          <input semantic="VERTEX" source="#tree_oak_bush_a200_001-mesh-vertices" offset="0"/>
          <input semantic="NORMAL" source="#tree_oak_bush_a200_001-mesh-normals" offset="1"/>
          <input semantic="TEXCOORD" source="#tree_oak_bush_a200_001-mesh-map-0" offset="2" set="0"/>
          <input semantic="COLOR" source="#tree_oak_bush_a200_001-mesh-colors" offset="3"/>
          <vcount>3 3 3 3 3 3 3 3 3 3 3 3 3 3 3 3 3 3 3 3 3 3 3 3 3 3 3 3 3 3 3 3 3 3 3 3 3 3 3 3 3 3 3 3 3 3 3 3 3 3 3 3 3 3 3 3 3 3 3 3 3 3 3 3 3 3 3 3 3 3 3 3 3 3 3 3 3 3 </vcount>
          <p>375 330 480 480 378 331 481 481 376 332 482 482 377 333 483 483 378 331 484 484 375 330 485 485 376 332 486 486 378 331 487 487 377 333 488 488 382 334 489 489 381 335 490 490 380 336 491 491 380 336 492 492 379 337 493 493 382 334 494 494 382 334 495 495 379 337 496 496 383 338 497 497 381 335 498 498 382 334 499 499 383 338 500 500 386 339 501 501 387 340 502 502 389 341 503 503 385 342 504 504 391 343 505 505 389 341 506 506 384 344 507 507 388 345 508 508 389 341 509 509 390 346 510 510 384 344 511 511 389 341 512 512 388 345 513 513 385 342 514 514 389 341 515 515 391 343 516 516 386 339 517 517 389 341 518 518 387 340 519 519 390 346 520 520 389 341 521 521 394 347 522 522 397 348 523 523 395 349 524 524 393 350 525 525 397 348 526 526 399 351 527 527 392 352 528 528 397 348 529 529 396 353 530 530 398 354 531 531 397 348 532 532 392 352 533 533 396 353 534 534 397 348 535 535 393 350 536 536 399 351 537 537 397 348 538 538 394 347 539 539 395 349 540 540 397 348 541 541 398 354 542 542 403 355 543 543 401 356 544 544 402 357 545 545 401 356 546 546 403 355 547 547 400 358 548 548 403 355 549 549 404 359 550 550 400 358 551 551 402 357 552 552 404 359 553 553 403 355 554 554 407 360 555 555 410 361 556 556 408 362 557 557 406 363 558 558 410 361 559 559 412 364 560 560 405 365 561 561 410 361 562 562 409 366 563 563 411 367 564 564 410 361 565 565 405 365 566 566 409 366 567 567 410 361 568 568 406 363 569 569 412 364 570 570 410 361 571 571 407 360 572 572 408 362 573 573 410 361 574 574 411 367 575 575 415 368 576 576 418 369 577 577 416 370 578 578 414 371 579 579 418 369 580 580 420 372 581 581 413 373 582 582 418 369 583 583 417 374 584 584 419 375 585 585 418 369 586 586 413 373 587 587 417 374 588 588 418 369 589 589 414 371 590 590 420 372 591 591 418 369 592 592 415 368 593 593 416 370 594 594 418 369 595 595 419 375 596 596 421 376 597 597 422 377 598 598 424 378 599 599 423 379 600 600 421 376 601 601 424 378 602 602 422 377 603 603 423 379 604 604 424 378 605 605 428 380 606 606 426 381 607 607 427 382 608 608 426 381 609 609 428 380 610 610 425 383 611 611 428 380 612 612 429 384 613 613 425 383 614 614 427 382 615 615 429 384 616 616 428 380 617 617 432 385 618 618 435 386 619 619 433 387 620 620 431 388 621 621 435 386 622 622 437 389 623 623 430 390 624 624 435 386 625 625 434 391 626 626 436 392 627 627 435 386 628 628 430 390 629 629 434 391 630 630 435 386 631 631 431 388 632 632 437 389 633 633 435 386 634 634 432 385 635 635 433 387 636 636 435 386 637 637 436 392 638 638 440 393 639 639 441 394 640 640 443 395 641 641 439 396 642 642 445 397 643 643 443 395 644 644 438 398 645 645 442 399 646 646 443 395 647 647 444 400 648 648 438 398 649 649 443 395 650 650 442 399 651 651 439 396 652 652 443 395 653 653 445 397 654 654 440 393 655 655 443 395 656 656 441 394 657 657 444 400 658 658 443 395 659 659 449 401 660 660 448 402 661 661 447 403 662 662 447 403 663 663 446 404 664 664 449 401 665 665 449 401 666 666 446 404 667 667 450 405 668 668 448 402 669 669 449 401 670 670 450 405 671 671 453 406 672 672 454 407 673 673 456 408 674 674 452 409 675 675 458 410 676 676 456 408 677 677 451 411 678 678 455 412 679 679 456 408 680 680 457 413 681 681 451 411 682 682 456 408 683 683 455 412 684 684 452 409 685 685 456 408 686 686 458 410 687 687 453 406 688 688 456 408 689 689 454 407 690 690 457 413 691 691 456 408 692 692 461 414 693 693 462 415 694 694 464 416 695 695 460 417 696 696 466 418 697 697 464 416 698 698 459 419 699 699 463 420 700 700 464 416 701 701 465 421 702 702 459 419 703 703 464 416 704 704 463 420 705 705 460 417 706 706 464 416 707 707 466 418 708 708 461 414 709 709 464 416 710 710 462 415 711 711 465 421 712 712 464 416 713 713</p>
        </polylist>
      </mesh>
    </geometry>
    <geometry id="tree_oak_bush_a200-mesh" name="tree_oak_bush_a200">
      <mesh>
        <source id="tree_oak_bush_a200-mesh-positions">
          <float_array id="tree_oak_bush_a200-mesh-positions-array" count="3549">0 0.08376777 0.3944776 -0.04727643 0.06418526 0.3944776 -0.066859 0.01690876 0.3944776 -0.04727643 -0.03036767 0.3944776 0 -0.04995018 0.3944776 0.04727643 -0.03036767 0.3944776 0.05996775 0.03120243 0.3911908 0.05272859 0.05430895 0.3916307 0 0.1239323 -0.4985991 -0.1055656 0.08020555 -0.4985991 -0.1104208 0.02020418 -0.4985991 -0.04790133 -0.1307311 -0.4985991 0 -0.1746525 -0.4985991 0.0834648 -0.1354099 -0.4985991 0.1048431 -0.09831881 -0.4985992 0.1055656 0.08020555 -0.4985991 0.02646088 0.1869635 2.356103 -0.02445572 0.1510466 1.585409 -0.05270475 0.08346581 1.594572 -0.01363682 0.2217165 2.347654 1.58005e-4 0.03693175 1.600882 0.06528556 0.0746237 1.595771 0.00653398 0.2708515 2.335384 0.04612958 0.1469105 1.585969 0.07486402 0.2137357 2.34926 0.05945831 0.2669204 2.336135 0.02528113 0.2832576 2.856229 0.02218341 0.2758026 2.70459 0.01760661 0.3385798 2.706501 0.08399587 0.2813004 2.704769 0.07720881 0.3423836 2.706629 0.02077275 0.346163 2.85814 0.08710753 0.2887815 2.856408 0.08038634 0.3499882 2.858268 0.03722649 0.278674 3.124644 0.0336973 0.3276726 3.136762 0.08575588 0.2827834 3.125783 0.0804857 0.3304525 3.137571 -0.03757059 0.2299712 3.609972 -0.04129171 0.2704215 3.620126 0.002065658 0.2337718 3.610927 -0.002970576 0.2731218 3.620804 -0.05057787 0.1999614 3.900061 -0.05367344 0.241634 3.898411 -0.009925544 0.2038769 3.899906 -0.01446276 0.2444159 3.8983 0.00614351 0.245443 5.005115 0.004716396 0.2663068 5.004288 0.0266183 0.2474033 5.005037 0.02445721 0.2676996 5.004233 0.04836016 0.2626261 2.605204 0.02726018 0.2950114 2.670717 0.06626987 0.2641993 2.60553 0.07831782 0.2984526 2.670829 -0.004237473 0.0144034 2.908091 0.02973967 0.01772636 2.908887 0.009273588 0.04359239 2.930585 -0.004579067 -0.1119368 3.124152 0.030227 -0.1081139 3.124091 0.009394645 -0.077425 3.137544 0.08049732 -0.4294077 4.061424 0.09584599 -0.42773 4.061394 0.08675587 -0.4142766 4.06729 0.04981178 0.07233858 0.5327084 0.2838079 0.08041286 0.9284336 0.2606139 0.1200961 0.9268113 0.2344655 0.07858294 0.9473153 0.3586748 0.1023809 1.295761 0.3374623 0.144231 1.290996 0.3057334 0.1016214 1.289697 0.7069411 0.5248827 2.605747 0.6955267 0.5422604 2.605321 0.6859244 0.5239899 2.616056 0.06237179 0.004568636 0.5325575 0.3187263 0.09774494 1.22598 0.3291218 0.1061496 1.225055 0.3463431 0.1240038 1.295279 0.4162895 -0.009795427 1.458197 0.428993 0.01212251 1.460614 0.4027673 0.01085478 1.47389 0.4717056 -0.0886988 1.677663 0.4858626 -0.06678497 1.678195 0.4567239 -0.06343418 1.680264 0.6354181 -0.215065 2.422884 0.6405111 -0.2048701 2.424472 0.628764 -0.2061764 2.429572 0.314262 0.1037604 1.299203 0.473048 0.3176181 2.027022 0.4891359 0.2881104 2.031531 0.4532723 0.2893924 2.040739 -0.1068536 -0.008323848 0.3944776 -0.2524922 -0.1231591 -0.4985991 -0.242531 -0.1537938 -0.4985991 -0.1026297 -0.028831 0.3944776 0.0455926 -0.01419138 -0.4985991 0.1613485 0.07896697 0.7283245 0.1910524 0.09410166 0.6788733 0.2061496 0.06271868 0.6810445 0.1678253 0.04512035 0.7280208 0.2365913 0.0566861 0.7210091 0.2438719 0.06702661 0.7892947 1.461771 -0.2229056 3.129521 1.539178 -0.6420269 3.280416 2.003123 -0.6382384 2.977706 1.172412 -0.2968779 4.107273 1.172412 -0.7062683 4.107273 1.716048 -0.6927614 4.107273 1.716048 -0.2995958 4.107273 2.004453 -0.1910207 3.022845 1.449725 -0.4988213 4.175824 0.9470337 0.424555 2.366442 0.8666122 0.001938104 2.50555 1.150336 -0.1710853 2.062315 1.373202 0.218937 2.078339 0.7967552 0.226054 2.294784 0.796297 -0.1827473 2.272837 1.327379 -0.1636228 2.157468 1.327819 0.2289772 2.178545 1.082086 0.02367043 2.291606 1.186494 -0.6653907 3.264143 1.186036 -1.074192 3.242196 1.717118 -1.055067 3.126828 1.717558 -0.6624673 3.147904 1.471826 -0.8677743 3.260966 1.048325 -1.012479 2.775356 0.6523614 -1.11412 2.753409 0.8035009 -1.6236 2.638041 1.183773 -1.525987 2.659117 0.9236063 -1.339309 2.772179 0.7861486 -1.058662 2.86503 0.6430143 -0.6752565 2.854423 0.3303678 -0.818054 2.433016 0.46783 -1.186265 2.443202 0.5034193 -0.9534834 2.687873 0.9154145 -0.7964103 2.924767 0.8729196 -1.20345 2.91416 1.216447 -1.21475 2.492753 1.257258 -0.8238402 2.502938 1.12177 -1.016446 2.74761 1.193511 -0.3121486 3.233342 1.596602 -0.3826227 3.221065 1.618331 -0.09913492 2.757508 1.231214 -0.0314536 2.769297 1.421349 -0.1460168 3.026283 1.119844 -0.3296881 3.259351 1.033218 -0.6412301 3.510423 1.565309 -0.750417 3.5365 1.648503 -0.4512215 3.295378 1.353021 -0.5024612 3.454699 1.672335 -0.5711885 3.478866 1.364357 -0.3376398 3.613789 1.01968 -0.659179 3.342618 1.315454 -0.8834729 3.213042 1.333266 -0.656121 3.464661 1.378092 -0.2971614 3.457558 1.23573 -0.6565061 3.592481 1.637953 -0.9022837 3.32131 1.774673 -0.5571792 3.191734 1.550877 -0.6010146 3.443353 0.7852867 0.09733676 2.86023 0.6429248 -0.262008 2.995153 1.045147 -0.5077856 2.723982 1.181868 -0.1626808 2.594406 0.958072 -0.2065165 2.846025 0.7629151 0.1048455 2.530518 0.5586678 -0.05338144 2.848082 1.001024 -0.3453643 2.969698 1.197177 -0.1934075 2.664719 0.9070096 -0.07389116 2.794475 1.045958 -0.3693271 3.49928 0.7223814 -0.6761646 3.573931 1.09174 -0.9544757 3.878908 1.293949 -0.5605581 3.956263 1.285335 -0.6211064 3.861917 1.166647 -0.412967 3.529967 0.6814152 -0.6555023 3.568043 0.7953992 -0.8553937 3.886839 0.9549133 -0.5876482 3.751984 1.368915 -0.570209 3.725554 1.077535 -0.3264904 3.878193 0.7371794 -0.7505219 3.869297 1.017013 -0.9845824 3.722707 1.065929 -0.6789882 3.862484 0.2191934 1.120511 3.638556 -0.05612194 0.8587806 3.791194 0.3263916 0.4723508 3.782298 0.5907967 0.7237092 3.635708 0.292761 0.8071079 3.775485 0.633559 0.7295356 3.694669 0.3434937 1.014008 3.745045 -0.03043919 0.6279458 3.662255 0.2481313 0.3547469 3.613875 0.2935838 0.664515 3.74539 1.678802 0.9981188 2.896758 1.494404 0.7960347 3.068814 1.728278 0.4699084 2.916394 1.905369 0.6639842 2.751157 1.737952 0.7334082 2.948679 1.390526 0.507508 3.018463 1.24095 0.2213293 3.005319 1.613737 0.04393124 2.887646 1.757385 0.3187693 2.900268 1.516618 0.2622542 3.003711 1.097564 0.5019546 3.063201 1.403814 0.5956042 3.106611 1.349591 0.8821502 2.791589 1.055477 0.7922111 2.7499 1.209761 0.7326199 2.960871 -0.6888183 -2.164255 3.28851 -0.3702573 -2.116027 3.263278 -0.4494328 -1.69942 3.196517 -0.7553702 -1.745737 3.220749 -0.5638604 -1.918061 3.294856 -0.9012482 -1.342132 3.660861 -0.5826873 -1.293904 3.635629 -0.6618627 -0.8772974 3.568869 -0.9678001 -0.9236145 3.593101 -0.7762904 -1.095939 3.667208 -0.8385116 -0.8790522 3.619877 -1.154074 -0.9338994 3.576795 -1.062507 -1.348578 3.513998 -0.7594493 -1.295904 3.555373 -0.9584001 -1.127832 3.618885 -0.2289701 -0.9617474 3.469062 -0.5480344 -1.012419 3.460452 -0.4723963 -1.430789 3.519885 -0.1659756 -1.382125 3.528154 -0.3557245 -1.193864 3.548566 -1.035008 0.3333758 3.565375 -1.354072 0.2827042 3.556765 -1.278434 -0.1356656 3.616198 -0.9720136 -0.08700156 3.624467 -1.161762 0.1012591 3.644879 -1.624601 0.5440072 3.67953 -1.945991 0.5165243 3.659609 -1.897194 0.09087991 3.632546 -1.58854 0.1172741 3.651678 -1.766671 0.3090906 3.709462 -1.860248 -0.6470735 3.532191 -1.555835 -0.5439124 3.565871 -1.707199 -0.1444101 3.607982 -1.999549 -0.2434837 3.575636 -1.785731 -0.3976522 3.624396 -1.68692 -0.2458093 3.669339 -1.382507 -0.1426482 3.703019 -1.533871 0.2568539 3.74513 -1.826221 0.1577802 3.712784 -1.612403 0.003612041 3.761544 -1.906001 -0.2433636 3.612632 -1.726164 0.149936 3.657948 -2.257062 0.3702989 3.714608 -2.429771 -0.007415771 3.671087 -2.081513 0.05973875 3.736693 -0.1919653 -0.633559 3.282051 -0.012129 -0.2402594 3.327366 -0.5430266 -0.0198965 3.384026 -0.7157356 -0.3976112 3.340505 -0.3674778 -0.3304567 3.406111 -0.6726035 0.3277515 3.871493 -0.260562 0.4783385 3.773572 -0.1078546 -0.05123734 3.717681 -0.5377853 -0.1425855 3.611669 -0.9405315 -0.4362798 2.924068 -1.083063 -0.0213828 2.826148 -0.5506126 0.1209785 2.770257 -0.4676575 -0.3106501 2.664244 0.2531982 -1.279142 2.868483 -0.1862278 -1.290779 2.774607 -0.1557877 -0.7448804 2.685378 0.2793125 -0.8072538 2.579448 0.3998269 -0.8322318 2.649261 0.1113942 -0.5041473 2.567021 -0.2645332 -0.902885 2.726061 -0.02146649 -1.169861 2.557177 -0.5449723 0.230647 2.764627 -0.9055451 -0.01596999 2.682388 -0.5552225 -0.4373808 2.841427 -0.2607983 -0.2284026 2.672543 -1.305933 -0.461422 3.771407 -1.689705 -0.6856911 3.767068 -1.335756 -1.133264 3.769426 -1.087824 -0.9120307 3.549279 -2.023967 -1.15047 3.449654 -1.679685 -1.380469 3.287895 -1.420098 -1.159517 3.745499 -1.646764 -0.8360143 3.692132 -1.81117 -0.3152568 3.802552 -1.972079 0.09626483 3.754025 -2.40411 -0.1873764 3.51215 -2.132063 -0.4462249 3.378482 -0.3170967 0.1780902 2.129585 -0.2478069 0.494301 1.824944 -0.8175646 0.5216836 1.840207 -0.8140574 0.1283751 1.904824 -0.7916879 0.3761774 1.630135 -0.384063 0.004277229 2.059256 -0.500591 0.4394844 2.097199 -0.8308237 -0.05848455 1.737748 -0.4983968 0.3949661 2.111556 -0.8016188 0.2816228 1.806915 -0.5155178 -0.2118544 1.822177 -0.187024 0.004468202 1.886794 -1.33863 0.9379816 2.504437 -1.641852 0.8246383 2.199797 -1.355751 0.331161 2.215059 -1.027257 0.5474837 2.279675 -1.422868 1.304942 2.321707 -1.473616 0.8661699 2.371706 -0.9049121 0.8860492 2.413981 -0.916518 1.185153 2.150769 -0.3741552 1.371673 3.888494 -0.4249032 0.9329012 3.938493 0.1438006 0.9527805 3.980768 0.1321947 1.251885 3.717555 0.4183302 1.293075 3.828383 0.1012615 1.485068 3.583021 -0.2357744 1.158301 3.907422 0.05727827 0.8881474 3.903447 0.2336037 0.6584735 4.721777 -0.08346486 0.8504665 4.476415 -0.4205009 0.5236995 4.800817 -0.1274481 0.2535459 4.796842 -0.355924 0.7911753 4.769595 -0.3848996 0.3586247 4.671326 0.1791849 0.384155 4.753563 0.1638283 0.7522304 4.601368 -0.5131837 0.4476907 4.517765 -0.5421593 0.01514017 4.419496 0.02192521 0.04067051 4.501733 0.00656861 0.4087459 4.349538 -0.2423677 -0.08912324 4.552635 0.05369931 0.2420792 4.536966 -0.4155721 0.5495467 4.432782 -0.5556677 0.2313517 4.237836 0.03198599 -0.355628 4.405449 0.3560406 -0.08423781 4.543045 -0.06091398 0.1124514 4.879302 -0.3115362 0.03380692 4.579497 0.1229568 0.2333383 4.845716 -0.2451517 0.1312934 4.618385 0.03759968 -0.3574419 4.535945 0.3712226 -0.1393947 4.530448 0.9898075 1.239233 4.31881 0.6216989 1.137189 4.091479 0.9044503 0.6484532 4.009039 1.238073 0.8665004 4.003542 0.8753702 -0.2174196 4.9854 0.8836198 -0.6665526 4.969435 0.4956299 -0.6343932 4.575324 0.6610473 -0.2258353 4.47462 2.368432 1.102061 3.29497 2.167209 0.7255464 3.154294 1.690535 0.9433829 3.333802 1.874281 1.350608 3.264312 1.553964 1.611479 3.026094 1.996747 1.536139 3.043709 1.88832 1.135339 3.410448 1.481691 1.096344 3.216654 1.093766 2.168106 4.012818 1.531838 2.200543 3.917513 1.511087 1.669664 3.760569 1.073732 1.735825 3.666939 0.6460623 1.621275 3.702244 1.049975 1.564955 3.513233 0.8630532 1.081413 3.317932 0.4477536 1.259567 3.332458 0.3444214 2.156628 3.694821 0.7770834 2.233169 3.600017 0.8650571 1.692867 3.685045 0.433924 1.625091 3.566919 -0.8109773 2.518366 4.038608 -0.8159952 2.082736 4.126911 -0.4261487 2.238042 4.513571 -0.3064756 2.513705 4.251718 0.1211643 2.846398 4.144543 -0.2628213 2.684827 4.299611 0.07533037 2.253737 4.459051 0.2865857 2.324537 4.12854 0.9161599 3.046621 3.645297 0.7365714 2.670724 3.800365 1.275726 2.573271 3.959805 1.386551 2.766557 3.629294 0.8362258 2.68827 4.055375 0.8699445 2.273043 4.210443 1.385011 2.459836 4.369883 1.383648 2.682635 4.039372 1.549286 2.598863 4.047996 1.140351 2.678381 4.203064 1.181308 2.132022 4.362504 1.396219 2.073246 4.031993 2.162163 2.283058 3.371325 1.753228 2.362576 3.526394 1.794185 1.816217 3.685834 2.009097 1.757441 3.355324 1.550554 2.385645 3.522761 1.54386 1.943951 3.473173 2.103113 2.005065 3.568605 2.077021 2.352737 3.375418 2.114779 1.825184 3.209093 2.108084 1.38349 3.159504 2.667337 1.444604 3.254937 2.641245 1.792276 3.061749 1.516288 1.313357 3.52975 1.951448 1.368457 3.457667 1.851402 1.863147 3.723896 1.492566 1.860139 3.550386 2.241801 0.221377 2.886939 2.23497 0.664439 2.92224 1.844568 0.5465647 3.321361 1.734863 0.2384431 3.093536 -0.1848162 -1.233002 4.167696 -0.5885315 -1.419038 4.166395 -0.2914112 -1.874366 4.339607 0.005107164 -1.743195 4.107769 0.4691769 -1.200387 4.329256 0.2216109 -0.9694414 4.041207 -0.1288188 -1.414722 4.108519 0.1979986 -1.639725 4.14649 -0.2032254 -0.8534505 4.304807 -0.6219154 -0.727684 4.224318 -0.7061977 -1.292038 4.221602 -0.3420429 -1.324783 4.062867 0.04191458 -0.5932765 5.271251 -0.3767753 -0.46751 5.190762 -0.4610577 -1.031864 5.188045 -0.09690284 -1.064609 5.02931 -0.06339323 -0.5203152 5.900033 -0.5052592 -0.485579 5.866198 -0.4814126 -1.025758 6.048527 -0.1426819 -1.059015 5.841082 0.7835409 -0.3612959 5.770142 0.5105828 -0.2406213 5.440705 0.3409194 -0.7831805 5.490207 0.7188119 -0.8713214 5.581346 0.6269255 -0.2984829 5.331793 0.8084467 -0.703553 5.355573 1.10447 -0.4585683 5.777425 1.090646 -0.1222739 5.5639 0.6893358 -0.6685891 5.528491 1.112474 -0.5844412 5.635593 0.9500548 -0.04868626 5.525169 0.7115125 -0.2008576 5.244421 0.4420103 -1.019579 6.168807 0.8741295 -0.9190581 6.141132 0.6692058 -0.3867297 6.156611 0.3552404 -0.5237999 5.952857 -0.182803 -0.3903585 5.457274 0.2493161 -0.2898374 5.429598 0.0443924 0.2424912 5.445077 -0.269573 0.105421 5.241323 -0.3103038 0.12106 5.457274 -0.302205 -0.3225231 5.429598 0.2611743 -0.233241 5.445077 0.1926664 0.1024211 5.241323 -1.904043 1.589213 4.878099 -1.720546 1.212791 4.728993 -1.244109 1.465344 4.915627 -1.408686 1.811052 4.804819 -2.269017 1.554595 4.360119 -2.08552 1.178173 4.211013 -1.609083 1.430726 4.397646 -1.77366 1.776434 4.286839 -1.41159 1.984492 4.506719 -1.801346 2.050684 4.303478 -1.812903 1.480286 4.314392 -1.417293 1.492021 4.267135 -0.2616732 2.241676 4.777997 -0.6387287 2.473564 4.818675 -0.8583519 1.951418 4.887497 -0.5831468 1.824125 4.628776 0.1938799 0.8674629 6.260733 -0.1910798 1.089497 6.250506 -0.3980473 0.5775306 6.394249 -0.1090677 0.4204946 6.169065 -0.01400405 0.2070986 6.433663 -0.2492702 0.566549 6.319457 -0.2284404 0.6602229 6.88195 -0.2438227 0.2645352 6.927471 -0.3496686 0.1103589 6.440401 -0.1270693 0.4777883 6.326194 -0.03358554 0.4994555 6.888688 -0.3971147 0.3424462 6.934208 -0.2501092 0.1650911 6.832149 0.1580597 0.3344673 6.784112 -0.03757375 0.4479183 6.26022 -0.2462348 0.1093863 6.287316 0.348413 0.1329406 5.989997 0.2386748 0.4733013 5.725971 -0.1031775 0.5994989 6.165081 -0.1431098 0.2067365 6.220042 -0.3780931 0.0947088 6.013044 -0.03390276 -0.002351999 5.749017 0.2604576 0.2124522 6.188128 -0.04450327 0.4631628 6.243088 -0.05114191 -0.002100706 6.071241 0.300799 0.04519903 5.80385 0.2399894 0.5925369 5.953285 -0.1527276 0.5249322 5.962256 -0.6516092 -0.1038565 6.003926 -0.2996683 -0.0565567 5.736534 -0.3604778 0.4907811 5.88597 -0.7531949 0.4231763 5.894941 -0.6609452 1.230077 6.099401 -0.2195809 1.232924 6.152195 -0.2963592 1.79513 6.091895 -0.5913469 1.706746 5.838817 -0.1312292 1.30983 6.184575 0.1366622 1.016312 5.985378 0.5132818 1.440925 6.044273 0.2085121 1.69141 5.987258 -0.1196877 0.7595391 6.229516 0.1813333 1.056197 6.091755 -0.2049253 1.423321 6.295793 -0.4835863 1.165202 6.174961 2.232036 1.949246 3.10081 2.4703 1.608687 3.258438 2.866758 1.830348 2.913049 2.568167 1.930672 2.668802 2.825217 1.726901 2.854982 2.60354 1.963759 3.15888 2.445464 1.443609 3.332263 2.453186 1.336005 2.948544 2.041655 1.46239 3.136914 1.731335 1.173974 3.271503 2.191332 0.8769993 3.432173 2.375229 1.028682 3.112716 1.259369 0.006536483 4.006791 0.9490496 -0.2818801 4.141381 1.409047 -0.5788543 4.302051 1.592943 -0.4271717 3.982594 -0.02271842 -1.326179 4.444258 -0.3336562 -1.623387 4.332087 0.1055589 -1.858556 4.053895 0.236688 -1.487656 3.989733 -0.5905796 -1.628929 4.175857 -0.2282218 -1.519721 4.409026 -0.4436826 -0.9951115 4.346036 -0.5749087 -1.114327 3.989041 -0.7877696 -1.255799 5.169883 -0.4671267 -1.290268 5.386359 -0.5804082 -0.8191977 5.504061 -0.6994011 -0.7855539 5.178472 -0.2891964 -1.022002 5.256065 -0.634117 -1.15591 5.374218 -0.4619929 -1.577039 5.170214 -0.3023057 -1.376291 4.934628 -0.2895426 -0.7044575 6.103402 -0.4151371 -0.5329068 5.77835 -0.6178661 -0.982132 5.702908 -0.3383063 -1.115075 5.862509 -1.442454 0.03389787 6.079621 -1.640693 -0.04294466 5.75457 -1.259358 -0.3551719 5.679128 -1.058504 -0.1196186 5.838728 -1.862175 0.2010591 5.797343 -1.564611 0.03482985 5.983583 -1.479326 0.5060281 6.122483 -1.599524 0.6009052 5.809671 -1.524918 0.8078348 5.767762 -1.61187 0.4782653 5.954002 -1.134272 0.5129198 6.092902 -1.07229 0.652947 5.78009 -0.2544571 1.807067 5.898591 -0.3455364 1.506625 6.127285 0.1405902 1.531563 6.235237 0.1903274 1.630604 5.905058 -0.9877137 0.2067279 6.443079 0.06163036 0.326045 2.476016 0.2857816 0.4976101 6.788683 0.01339191 0.153593 4.741329 -0.007468461 0.2692318 3.4028 -0.1823062 1.056195 6.443521 -0.2165681 -0.0885086 6.737808 0.08511877 0.1653165 4.865026 -0.1194325 -0.278491 5.105862 0.5683355 0.002836227 1.733181 -0.7210916 0.2789259 1.780515 -1.183808 1.45234 4.929549 0.9526396 2.183726 4.666751 0.01053112 0.1222715 1.753658 0.1455138 0.9025412 3.234633 0.2954424 0.3131199 3.995918 -0.7531707 1.209891 3.319199 0.3393612 0.06661415 2.839886 -0.5093219 -0.07299137 3.071559 -0.1989231 -0.8867912 5.377341 1.137919 -0.2701655 5.978842 0.009412288 0.01233959 2.929955 0.09679001 -0.5409794 4.371613 0.898703 -0.4124813 4.419246 -0.09079551 0.2825527 4.760366 0.4709101 -0.07123088 1.657542 0.6559435 -0.6086884 3.863514 1.729483 -0.5677595 3.396178 0.6793 -0.2399787 2.573084 0.7438495 -0.009965896 2.713805 0.1866931 0.4886837 1.780964 0.7938408 -0.1225128 2.007317 2.082101 1.321506 3.387969 0.8833664 2.140345 4.037364 0.4227377 0.2510634 1.868965 0.9597215 0.7388554 3.234938 0.4125009 1.338734 3.285358 1.392921 0.5252266 2.792068 0.2293341 -0.1425638 1.415922 -0.3723173 0.4740439 1.642275 -1.360773 0.1308059 3.880023 -0.4820979 -1.787922 3.672322 -0.004573583 0.09716033 1.503923 0.02412539 2.39372e-4 3.171296 -0.004074752 -0.9905586 2.920316 -0.9771722 -0.1683063 2.427026 -0.9877137 0.2067279 6.443079 0.06163036 0.326045 2.476016 0.2857816 0.4976101 6.788683 0.01339191 0.153593 4.741329 -0.007468461 0.2692318 3.4028 -0.1823062 1.056195 6.443521 -0.2165681 -0.0885086 6.737808 0.08511877 0.1653165 4.865026 -0.1194325 -0.278491 5.105862 0.5683355 0.002836227 1.733181 -0.7210916 0.2789259 1.780515 -1.183808 1.45234 4.929549 0.9526396 2.183726 4.666751 0.01053112 0.1222715 1.753658 0.1455138 0.9025412 3.234633 0.2954424 0.3131199 3.995918 -0.7531707 1.209891 3.319199 0.3393612 0.06661415 2.839886 -0.5093219 -0.07299137 3.071559 -0.1989231 -0.8867912 5.377341 1.137919 -0.2701655 5.978842 0.009412288 0.01233959 2.929955 0.09679001 -0.5409794 4.371613 0.898703 -0.4124813 4.419246 -0.09079551 0.2825527 4.760366 0.4709101 -0.07123088 1.657542 0.6559435 -0.6086884 3.863514 1.729483 -0.5677595 3.396178 0.6793 -0.2399787 2.573084 0.7438495 -0.009965896 2.713805 0.1866931 0.4886837 1.780964 0.7938408 -0.1225128 2.007317 2.082101 1.321506 3.387969 0.8833664 2.140345 4.037364 0.4227377 0.2510634 1.868965 0.9597215 0.7388554 3.234938 0.4125009 1.338734 3.285358 1.392921 0.5252266 2.792068 0.2293341 -0.1425638 1.415922 -0.3723173 0.4740439 1.642275 -1.360773 0.1308059 3.880023 -0.4820979 -1.787922 3.672322 -0.004573583 0.09716033 1.503923 0.02412539 2.39372e-4 3.171296 -0.004074752 -0.9905586 2.920316 -0.9771722 -0.1683063 2.427026 0.7530153 -0.3473446 2.893306 0.6359212 -0.6883993 2.736553 2.124286 -0.2644024 3.19128 1.683636 -1.270142 3.27686 1.040578 0.1692492 2.707582 1.252119 -0.5077114 3.267095 1.339481 -1.31319 2.642834 1.060727 -0.1910533 2.665906 0.6639167 -1.503596 2.6519 0.3402311 -0.4031763 2.675032 1.174466 -0.6423347 2.762717 0.6936356 -0.3112576 2.846419 0.4696814 -0.8386791 2.772314 0.8169414 -0.7626615 2.890159 0.9168366 -1.121325 2.840724 1.893818 1.004824 2.853465 1.148315 0.8648791 2.868601 1.992861 0.5551477 2.859413 1.259875 0.384952 2.874588 1.44819 0.9222301 2.932112 1.213098 0.6198965 2.987022 1.550013 0.4531916 2.938407 1.513417 0.6835083 3.015717 1.752109 0.73531 2.983286 1.611115 0.6848351 3.139103 0.818336 0.8186727 2.675273 1.634038 0.1451319 2.979102 0.8490037 0.2404738 2.507375 1.091711 0.7427665 2.930355 0.7662395 0.4819054 2.706576 1.114047 0.1803799 2.762737 1.063955 0.4243949 2.930957 1.337046 0.3985123 3.055945 0.6986325 -0.9613826 2.628509 0.6348832 -0.9630606 2.929162 1.236576 -0.3307321 2.949149 1.072376 -0.3748624 3.196933 0.9831108 -0.8415043 2.7893 1.14541 -0.6386409 2.888438 1.072603 -0.712657 3.17287 0.9097568 -0.9160767 3.07587 0.4216466 -0.4956191 2.676053 0.532495 -0.3689067 2.98269 1.144514 -0.9930942 2.817105 1.195383 -0.763931 3.099367 0.59224 -0.7883425 2.755825 0.8229933 -0.9371142 2.7999 0.8597087 -0.808696 3.09763 0.6285435 -0.6599684 3.055794 0.6927234 2.013309 3.63522 0.4412496 0.9553809 2.779934 -0.08283281 1.682203 3.37427 0.352101 1.407847 3.32007 -1.526595 1.382784 2.300318 -0.4235087 0.5497322 2.356801 -1.497056 0.5007943 2.321177 -1.086471 0.7813153 2.462964 -0.2036756 -1.153366 3.282852 -0.6115768 -1.124435 3.022637 0.329804 -2.41596 3.240688 -0.7715495 -2.41136 3.237795 0.3354956 -1.165185 3.061885 -0.2449481 -1.742259 3.444182 -1.047186 0.07725191 3.588495 -1.035055 0.4230918 3.401818 -2.308421 -0.542711 3.619869 -2.324793 0.5585305 3.616976 -1.057764 -0.5245848 3.441066 -1.645786 0.04476523 3.823363 -0.2717871 -1.906307 3.373369 -0.07229489 -1.174486 3.388505 -0.7195966 -1.79914 3.379316 -0.552785 -1.065376 3.394491 -0.1515868 -1.46932 3.452015 -0.3209853 -1.12584 3.506926 -0.6180304 -1.356203 3.458311 -0.394838 -1.423806 3.53562 -0.4524173 -1.661171 3.50319 0.5756091 -1.236275 3.136631 -0.1093575 -0.9109991 3.161208 0.3909257 -1.658085 3.131963 -0.3017343 -1.364621 3.155768 0.1668958 -1.042782 3.220919 -0.2010499 -1.150145 3.27363 -0.02694028 -1.481883 3.216166 0.07919543 -1.276231 3.298654 0.3025821 -1.374011 3.26335 0.3787093 -2.534918 3.230194 0.1465712 -1.81428 3.278995 -0.05510818 -2.689236 3.223714 -0.3156955 -1.984762 3.271435 0.2402466 -2.10751 3.32889 -0.08966392 -1.91485 3.389971 -0.2124372 -2.267004 3.322294 0.01065433 -2.205996 3.40518 0.09221696 -2.434476 3.362126 -0.5680822 -1.44359 3.506169 -0.4854087 -0.6910131 3.55497 -1.027083 -1.407121 3.49969 -0.9769803 -0.6576686 3.54741 -0.5197625 -0.9969184 3.604866 -0.7421159 -0.6862457 3.665946 -0.9980978 -0.9574638 3.59827 -0.7695556 -0.9929652 3.681156 -0.7885004 -1.234826 3.638101 -2.239349 -1.121833 3.47603 -1.024637 -0.4610977 3.819772 -1.408373 -1.416412 3.519798 -1.541354 -0.9696057 3.743531 3.137156 1.667498 2.971487 1.862598 1.131217 3.315229 2.339707 2.043493 3.015255 2.427458 1.585651 3.238989 2.117689 -0.5589364 5.632703 0.8214475 -0.3854787 5.067083 1.689987 0.1665815 5.3683 1.434194 -0.2759516 5.44647 0.9376865 1.627883 3.742465 1.283103 1.60692 3.555788 0.3501515 2.904547 3.773838 1.451452 2.892777 3.770945 0.3363165 1.653836 3.595035 0.9205051 2.227118 3.977333 0.5069859 1.618442 4.123204 0.721951 1.347255 3.936527 1.065382 2.908117 4.154578 1.791761 2.080244 4.151684 0.1248811 2.083539 3.975774 0.9417 2.031238 4.358072 0.3067386 0.7747398 3.756865 0.374465 0.4777796 3.592558 1.239824 1.586798 3.78448 1.502273 0.6536132 3.781933 0.1799205 1.289139 3.627102 0.8086652 0.9374651 3.96359 -1.363313 1.448736 4.506404 -1.008936 0.7109381 4.124107 -1.822299 2.16591 4.300017 -2.188431 1.127186 4.30291 -0.6593399 1.592067 4.084859 -0.7198483 1.261013 4.270361 -1.001519 1.442728 3.752911 -0.5814482 0.7880178 3.343218 -0.6602327 1.749834 3.726048 -0.1941793 1.089386 3.38807 -0.7685198 1.140906 3.546651 -0.4108231 1.095394 3.354549 -0.3482887 1.382648 3.631537 -0.5594666 1.265633 3.564275 1.635759 2.337973 3.463551 1.424592 1.609435 3.478687 2.081798 2.22366 3.469499 1.903277 1.492657 3.484673 1.508588 1.902963 3.542198 1.672473 1.556819 3.597108 1.973164 1.782403 3.548493 1.75108 1.853566 3.625802 1.812447 2.08998 3.593372 0.5226247 2.46469 4.493558 -0.0630114 1.982622 4.508694 0.8262186 2.118498 4.499505 0.2661342 1.615963 4.51468 0.1720476 2.17746 4.572205 0.1118685 1.799237 4.627116 0.4874127 1.815645 4.5785 0.3442975 1.999773 4.65581 0.5284312 2.160247 4.623379 -1.035501 2.221092 4.706815 -0.6874211 1.54781 4.740253 -0.6332262 2.443953 4.683103 -0.2597768 1.791248 4.714377 -0.8252776 1.821857 4.796302 -0.4661152 1.685417 4.841865 -0.4052525 2.052896 4.771713 -0.6116766 1.956349 4.863525 -0.7310743 2.168535 4.825706 1.576878 -0.2344269 4.071156 0.8360945 -0.073812 4.028136 1.496107 -0.6869783 4.03739 0.7553212 -0.5590677 3.992001 1.124751 -0.1407408 4.136549 0.7859506 -0.3300276 4.161027 1.039123 -0.6122046 4.101353 1.08226 -0.3897202 4.224615 1.325955 -0.4334033 4.20307 -0.6760123 -1.309132 5.340071 -0.05719006 -0.9537416 5.08091 -0.9198603 -0.9179778 5.338195 -0.3227924 -0.5380993 5.080539 -0.2756242 -1.080538 5.270025 -0.149811 -0.7154808 5.223998 -0.5286136 -0.6720781 5.267654 -0.3814953 -0.8568208 5.371481 -0.5890956 -0.9839218 5.421551 -1.222459 -0.07423305 6.599361 -0.5185092 0.04280328 6.3402 -1.314437 0.3774344 6.597485 -0.6223252 0.525012 6.339828 -0.7674633 2.26498e-4 6.529314 -0.5221392 0.2984077 6.483287 -0.8619665 0.4713024 6.526944 -0.7885863 0.2468273 6.630771 -1.027494 0.2001839 6.680841 1.0328 1.890747 4.394793 0.4725875 1.448701 4.135632 1.331216 1.539448 4.392917 0.7961043 1.076358 4.13526 0.6701362 1.606071 4.324746 0.5990478 1.226542 4.278719 0.9801257 1.238989 4.322375 0.8075781 1.400237 4.426203 0.9943649 1.556324 4.476273 -0.1019256 0.5806183 6.010603 0.243804 0.5656808 5.823926 -0.7116291 1.846845 6.041977 0.3897085 1.854277 6.039084 -0.7036567 0.5960826 5.863174 -0.1295517 1.179462 6.245471 -0.4708415 0.2264298 5.877273 -0.4224888 0.5690873 5.690595 -1.790167 -0.2577677 5.908647 -1.690895 0.8391118 5.905754 -0.5445134 -0.3709746 5.729843 -1.069546 0.2569342 6.112141 -0.09103876 1.508659 4.31648 0.25796 1.501419 4.135516 -0.7933754 2.722128 4.215153 0.3042714 2.812314 4.221951 -0.6896762 1.463987 4.162555 -0.1669571 2.124036 4.489941 0.09109407 -0.4947779 4.265162 -0.2221837 -0.3407991 4.084198 0.2151315 -1.891345 4.163835 -0.8178808 -1.509445 4.170633 0.6525747 -0.7071502 4.111238 -0.1000267 -1.084629 4.438623 0.6755546 -0.7277927 4.276462 0.1196252 -0.3900378 4.666913 0.4162313 -1.10105 4.202411 -0.1536449 -0.7917211 4.584539 0.3664906 -0.553674 4.569298 0.02224415 -0.6469755 4.719226 0.09511303 -0.9421618 4.492905 0.2626238 -0.7922649 4.592065 0.4367229 -0.8842495 4.443953 -0.7128186 -0.7195735 4.409655 0.0323435 -0.8501744 4.466794 -0.6418215 -0.2760353 4.308233 0.1026676 -0.3748341 4.357626 -0.2686521 -0.7820697 4.511641 0.05949437 -0.5773888 4.522358 -0.1932156 -0.319931 4.406086 -0.2437521 -0.5230703 4.534702 -0.4845298 -0.4941454 4.491133 -1.609757 -0.8723872 3.828976 -0.889357 -0.608423 3.574875 -1.775028 -0.4139106 3.885002 -1.071663 -0.1200242 3.636455 -1.153407 -0.7139797 3.746629 -0.9477837 -0.3574567 3.724511 -1.324294 -0.2355279 3.804614 -1.224092 -0.4705472 3.861432 -1.463794 -0.5631209 3.915001 -1.585032 0.1614562 3.223594 -0.8737768 -0.2184817 3.278226 -1.367882 0.6012868 3.230613 -0.6468603 0.2548295 3.285042 -1.163801 -0.06505799 3.330296 -0.7697848 0.03078866 3.404077 -0.936073 0.392724 3.337788 -1.062738 0.178567 3.419 -1.29385 0.2938148 3.372071 -0.3298788 -1.417097 2.923613 0.1911419 -0.8016508 2.978244 -0.7142056 -1.112305 2.930632 -0.223863 -0.4802697 2.98506 -0.01984375 -1.052923 3.030315 -0.03068393 -0.6475618 3.104095 -0.4194963 -0.7340148 3.037806 -0.2367667 -0.9028854 3.119019 -0.3980407 -1.104592 3.07209 -0.7656558 -0.9105527 3.471592 -0.07546705 -0.4935684 3.526224 -1.032614 -0.4990456 3.478611 -0.3662049 -0.05654835 3.53304 -0.3556109 -0.6643672 3.578295 -0.2365171 -0.2767437 3.652075 -0.6325882 -0.23459 3.585786 -0.5133074 -0.4529464 3.666998 -0.7305205 -0.5926359 3.620069 -0.1048563 -0.9023671 5.326336 0.1781486 -0.236799 4.965576 -0.5527853 -0.7070184 5.369378 -0.3031684 -0.03298044 5.014088 0.08339524 -0.4755652 5.176233 -0.0416845 -0.08975815 5.102838 -0.3829964 -0.2706204 5.220475 -0.1402444 -0.3474178 5.281108 -0.2318878 -0.5764318 5.370836 0.8559909 -1.187991 6.660227 0.2005344 -0.6842859 5.499663 0.9480292 -0.4261856 6.223885 0.5330995 -0.7250307 6.147065 1.630122 1.658163 3.21441 0.5370283 0.8243089 2.84013 0.7578511 1.778753 3.276175 0.9531698 1.307107 3.193855 2.036793 -0.1497652 2.858705 1.239017 0.9485182 3.29181 2.251451 0.682703 3.059035 1.795757 0.4861685 3.204273 -0.7529258 -1.228344 5.654752 -0.1103935 0.008659839 5.950093 0.09147101 -1.037277 5.827092 -0.2832421 -0.6994493 5.940402 -2.060738 2.213164 4.865715 -0.9913883 1.36679 4.597453 -1.96448 1.341735 4.968478 -1.55248 1.644962 4.893075 -0.4287729 -1.626244 5.002192 -0.1637554 -0.8957405 5.224341 -0.8969427 -1.487807 5.050215 -0.6665197 -0.7530975 5.273764 -0.2690319 -1.210305 5.206168 -0.423966 -0.8633618 5.36587 -0.7565753 -1.064611 5.256723 -0.5238621 -1.171403 5.31097 -0.6023824 -1.400846 5.210534 -0.8514545 -1.057863 4.879829 -0.07867997 -0.9760757 5.101978 -0.932106 -0.5763624 4.927852 -0.1707055 -0.4616339 5.151401 -0.3968026 -1.018318 5.166445 -0.1635674 -0.7279787 5.243508 -0.4794182 -0.5162227 5.217 -0.4734696 -0.7722004 5.271247 -0.7200971 -0.8033197 5.125247 1.219516 -1.027001 3.053875 1.270928 -0.9323855 3.341737 1.874454 -0.4345119 2.954244 1.810658 -0.3775115 3.24232 1.5781 -0.9656994 3.063841 1.777335 -0.7743843 3.031795 1.810039 -0.751029 3.331904 1.61105 -0.9421685 3.366207 0.3611217 -0.8632081 2.609161 0.456411 -0.8130565 2.897023 1.234792 -0.7340243 2.50953 1.213376 -0.6511972 2.797606 0.6934009 -1.0113 2.619127 0.9653244 -0.9627881 2.587081 1.005492 -0.9615195 2.88719 0.73387 -1.010022 2.921494 0.1426877 -2.608545 3.212388 0.1565992 -2.479093 3.490791 -0.2085714 -1.69743 3.141797 -0.2005404 -1.687046 3.442021 0.2139452 -2.258403 3.143375 0.1020916 -2.007386 3.100922 0.176848 -1.921196 3.381392 0.2892642 -2.171565 3.425954 -0.5322889 -1.731808 3.236367 -0.49566 -1.856746 3.51477 0.1405749 -2.439458 3.165776 0.1371231 -2.452124 3.466 -0.4642903 -2.082598 3.167354 -0.2649783 -2.271794 3.124901 -0.3011108 -2.380014 3.405371 -0.5006946 -2.191632 3.449933 -2.25996 -9.74655e-4 3.514801 -2.165041 -0.03266477 3.709718 -1.752121 -0.4729426 3.434311 -1.690569 -0.4250715 3.633851 -2.194497 -0.252012 3.51278 -2.050541 -0.3818717 3.471416 -2.005907 -0.4046171 3.68138 -2.149526 -0.2749293 3.724322 -1.542937 0.3695533 3.509162 -1.571992 0.2331037 3.734572 -2.328491 0.06039929 3.529039 -2.254843 -0.07846832 3.735133 -1.842751 0.4173265 3.588891 -2.066412 0.3324341 3.571773 -2.055634 0.2426626 3.816783 -1.831893 0.3268806 3.835743 -2.086419 1.572313 4.185348 -1.89271 1.581596 4.437945 -1.323921 0.9236112 4.021463 -1.187092 1.044848 4.273527 -1.959953 1.218444 4.216574 -1.749544 1.035796 4.143194 -1.624217 1.0569 4.430038 -1.833684 1.239706 4.505575 -1.094288 1.821102 4.2547 -1.170034 1.654644 4.515409 -2.038708 1.468941 4.14012 -1.989112 1.297324 4.395157 -1.463227 1.884719 4.299747 -1.728195 1.788545 4.240093 -1.758845 1.676874 4.531678 -1.494107 1.77221 4.593525 -0.2914381 2.763646 4.191345 -0.2161309 2.596989 4.452054 -0.6488021 1.821182 4.076765 -0.4870268 1.745412 4.331802 -0.582384 2.528033 4.236392 -0.6846243 2.265346 4.176738 -0.6208165 2.168711 4.468323 -0.5180972 2.430672 4.53017 0.3361883 2.044131 4.146059 0.1417526 1.991978 4.392817 -0.3732689 2.769213 4.146686 -0.5196847 2.604214 4.366445 0.2374994 2.389997 4.259325 0.04207587 2.600066 4.232923 -0.08518159 2.523392 4.509253 0.1092856 2.312747 4.537732 1.306995 2.614639 3.965658 1.286185 2.414408 4.212417 0.3761896 2.211309 3.966285 0.4779359 2.015579 4.186044 0.9487063 2.646128 4.078924 0.6826528 2.538726 4.052522 0.7087611 2.392467 4.328852 0.9750104 2.49877 4.357331 1.316473 1.722592 4.022217 1.126183 1.78828 4.268975 1.1348 2.720625 4.022843 0.921093 2.66593 4.242603 1.428416 2.064399 4.135482 1.384165 2.34788 4.109081 1.235797 2.355629 4.385411 1.278932 2.072207 4.41389 1.019144 1.899986 3.562354 0.92023 1.946666 3.861439 1.132954 2.883852 3.781738 0.9717558 2.82851 4.042332 1.246984 2.170683 3.692754 1.279759 2.454775 3.727886 1.210478 2.430212 4.032892 1.177182 2.145936 4.000052 1.230339 2.805609 3.643182 1.21186 2.680475 3.935441 0.404835 2.217313 3.682235 0.5083941 2.116875 3.958178 0.8598759 2.784483 3.710283 0.6263663 2.616497 3.69383 0.6386263 2.560511 4.002288 0.8722279 2.728076 4.021061 0.7151102 0.5456274 3.64802 0.6805515 0.6673061 3.940278 1.091965 1.421422 3.743275 0.9562874 1.47045 4.019218 1.04419 0.7170791 3.715121 1.188076 0.9661629 3.698668 1.153899 1.01217 4.007126 1.009756 0.763432 4.025899 0.7890923 2.150144 4.359672 1.42322 2.709058 3.966016 0.9117613 3.024477 3.98651 0.8702068 2.273714 3.803508 1.533809 1.553899 3.852049 2.222433 2.148989 3.649236 1.712169 2.465001 3.613641 1.713196 1.741699 3.338513 1.185941 0.6275379 3.309673 2.01834 0.2595086 3.10686 2.085813 0.8558979 3.071265 1.432412 0.5456827 2.796137 1.180302 -0.5039034 3.495793 2.018545 -0.8734028 3.669828 2.120573 -0.3240726 3.447733 1.554188 -0.7459848 3.131411 -0.1365144 -1.714057 3.443465 -0.5129418 -2.412893 3.696096 0.01437973 -2.514324 3.708101 -0.2343273 -2.144357 3.179707 0.137948 -2.419282 3.579616 -0.2435331 -2.354324 2.841954 0.2770474 -2.431869 2.734795 0.1112328 -2.016161 3.261695 -1.488726 -0.9446836 4.074464 -2.052554 -1.154446 3.498277 -1.656509 -1.515064 3.458229 -1.485635 -0.8543072 3.568384 -1.146835 -0.5270119 3.848916 -1.336259 -1.336276 3.904623 -1.74994 -1.070611 4.120936 -1.456878 -0.8096373 3.551779 -1.6621 -0.01469349 4.140492 -2.350234 -0.1202979 3.683094 -2.295128 0.4097623 3.750182 -1.725997 0.03526139 3.632835 -1.734603 0.05806493 3.899078 -1.696454 -0.3296354 3.162786 -1.51847 0.1700178 3.078113 -1.328606 -0.1490714 3.661264 -1.850098 1.724675 5.040501 -1.81195 1.336974 4.304208 -1.633966 1.836628 4.219536 -1.444102 1.517538 4.802687 -0.6054627 2.102181 5.053676 -0.9206969 1.873283 4.317384 -0.399612 1.972288 4.232711 -0.5789549 1.647169 4.815862 -0.169616 1.262258 6.605565 -0.4195212 1.780355 6.003056 0.09754204 1.894329 6.09337 -0.095398 1.230487 6.097847 -0.4550746 -0.9537442 5.594136 -0.4033837 -1.720544 5.272824 -0.9275174 -1.614683 5.323603 -0.5119968 -1.106568 5.106592 -0.07422155 -1.03373 4.561519 0.04242229 -1.855434 4.49017 -0.482425 -1.786208 4.580967 -0.1632224 -1.341103 4.159157 -0.3113578 -1.244632 3.626147 -0.2184321 -1.899253 3.569307 -0.6365579 -1.844102 3.641642 -0.3822615 -1.489505 3.305601 -0.6584369 -0.7671092 3.802243 -0.7246277 -1.424971 3.745402 -1.117462 -1.271505 3.817737 -0.7857999 -0.9879451 3.481697</float_array>
          <technique_common>
            <accessor source="#tree_oak_bush_a200-mesh-positions-array" count="1183" stride="3">
              <param name="X" type="float"/>
              <param name="Y" type="float"/>
              <param name="Z" type="float"/>
            </accessor>
          </technique_common>
        </source>
        <source id="tree_oak_bush_a200-mesh-normals">
          <float_array id="tree_oak_bush_a200-mesh-normals-array" count="3549">0.7874386 0.5986205 -0.1466719 0.9342936 0.3530076 0.04934841 0.02047789 0.9986267 0.04776144 0.9700003 -0.2145756 -0.1141697 0.9937742 0.1107516 -0.01159703 0.7595447 -0.647206 0.06445509 0.7259438 -0.6780602 0.1149632 0.9943541 0.1017182 0.02975553 -0.06991785 -0.9919431 0.1054414 -0.07626575 -0.988464 0.1307718 -0.2535173 -0.9601429 0.1176794 -0.8633686 0.5026093 0.04379403 -0.9657887 0.2225714 0.1330301 -0.9360942 0.3451948 0.06723225 -0.7672048 0.638905 0.05603194 -0.81695 0.5765862 0.008575677 -0.7376629 0.6750695 0.008575677 -0.667684 -0.732902 0.1302835 -0.6931364 0.7178869 -0.06436353 -0.5905331 0.7999207 -0.1065401 -0.9569079 -0.2702719 0.1060518 -0.5149999 0.8536332 -0.07763904 0.9072848 -0.4177069 0.04828023 0.8930937 -0.4436781 0.07400739 -0.1532639 -0.9658192 0.2089907 -0.08227789 -0.9872432 0.1362346 0.6344188 0.7580493 -0.1511582 -0.9606617 -0.2696921 0.0661031 0.6724753 0.7348247 -0.08810693 0.7640919 -0.639668 0.08340704 0.02264469 0.9995422 -0.01889091 -0.6572772 -0.7528916 0.03335672 -0.7434004 0.6681417 0.02978605 0.832606 -0.5517136 0.04834127 0.7837764 -0.6209906 0.001770019 0.6285592 0.7697989 -0.1108432 0.6333506 0.7738578 0.001312255 0.7904294 -0.6119877 0.02536088 -0.6325877 -0.7711112 -0.07177948 -0.7225562 0.6910306 0.01913505 0.6602069 0.7395246 0.1311991 0.7565844 -0.6536149 0.01861625 -0.6578875 -0.7390057 -0.1449324 -0.7632679 0.6460464 -5.49333e-4 0.6237373 0.7675405 0.147679 0.7537767 -0.6568194 -0.01937925 -0.641377 -0.7669607 -0.01989805 -0.7792901 0.6260567 0.02633744 0.6433912 0.7647023 0.03524887 0.7814264 -0.6239814 -0.001281738 -0.6312754 -0.7728813 0.06424146 -0.7481613 0.6630451 0.02465891 0.6535234 0.7558825 -0.03885 0.7884762 -0.5295267 -0.3128147 -0.7134922 -0.5494247 -0.4347361 -0.4753563 -0.6528214 -0.5897397 0.7697073 0.3764458 0.5155187 -0.1788384 0.8229926 0.5391095 0.8700217 -0.4341868 -0.2334666 -0.7761772 -0.5866268 -0.2310251 -0.1242408 0.8958709 0.4265572 0.9109165 -0.3667715 -0.1888485 -0.7953734 -0.5923643 -0.1283608 -0.07623523 0.9354228 0.3451643 -0.7844173 0.4918363 0.3778191 0.06988734 0.9833674 -0.1675161 0.8290658 -0.5564135 -0.05502486 0.8715171 -0.4630573 -0.1612293 -0.8474075 -0.4521927 0.2782067 -0.8423719 -0.4848476 0.2350841 -0.02740561 0.9580065 -0.2853175 -0.07156586 0.9386883 -0.3371685 0.8625752 -0.4900357 -0.1257362 -0.8026978 -0.3627125 0.4733726 0.8274484 -0.5596179 -0.04586929 0.1285744 0.9890133 0.07281714 0.7953429 -0.380871 -0.471511 0.3926206 0.8772851 -0.2759484 0.8915982 -0.3689383 -0.2624897 -0.8407239 0.4475234 0.3047273 0.1460005 0.9844051 -0.09787285 -0.4361095 -0.863155 0.2544328 0.8951689 0.4338206 -0.1019929 -0.008514642 -0.9694815 -0.2449415 -0.01504558 -0.9312113 -0.3641163 -0.8207648 0.3839533 0.422956 -0.8360241 0.4397717 0.3280435 0.8036744 0.5923337 -0.05633711 -0.08539074 -0.985168 -0.1486251 -0.8080996 0.5162206 0.2836085 0.9521775 0.1777092 -0.2484207 0.3822443 -0.7763909 -0.5010529 0.4855495 0.8317515 0.2691122 -0.9162267 -0.1618091 0.3664968 -0.8254952 -0.418897 0.3781853 -0.2749108 -0.9561449 0.1007721 -0.5881527 -0.794702 0.1499679 -0.5755181 -0.7934812 0.197821 0.8861355 -0.4354381 -0.1584215 0.3950011 0.113071 0.9116489 0.1594897 0.360332 0.9190649 0.3415327 0.1749931 0.9233986 -0.1449629 0.1337016 0.9803461 -0.1422162 -0.1339457 0.9807123 0.004852414 0 0.9999695 0.544908 -0.08578753 0.8340709 0.1519821 -0.1372417 0.9787896 0.1491134 0.1375469 0.9791864 0.6780602 -0.1801813 0.7125157 0.6010316 0.1443525 0.7860347 0.6665548 -0.1025117 0.7383343 0.6837977 -0.4153569 0.5998718 0.06811732 0.08041626 0.9944151 0.0705893 -0.1868038 0.9798273 0.218543 -0.0525223 0.974395 0.3575549 -0.1869564 0.9149449 0.3551744 0.08737444 0.9306619 0.06811732 0.08041626 0.9944151 0.0705893 -0.1868038 0.9798273 0.218543 -0.0525223 0.974395 0.3575549 -0.1869564 0.9149449 0.3551744 0.08737444 0.9306619 0.09488201 -0.04586929 0.9944151 -0.163274 -0.1149937 0.9798273 0.003662168 -0.2247382 0.974395 -0.09173864 -0.3929258 0.9149449 0.1733146 -0.3221229 0.9306619 -0.586993 -0.3415937 0.7339702 -0.6824244 -0.0916776 0.7251503 -0.7355877 -0.257271 0.6266366 -0.8539384 -0.1585131 0.49559 -0.7564928 -0.4152958 0.5051729 0.677694 0.04458749 0.7339702 0.6519059 -0.2216559 0.7251503 0.773217 -0.09704881 0.6266366 0.8352306 -0.2381664 0.49559 0.8622699 0.03515732 0.5051729 0.01818901 0.7699515 0.6378369 0.2820215 0.7255775 0.6276437 0.1627247 0.8408765 0.516129 0.3039033 0.875576 0.3754387 0.03320413 0.9217506 0.3863338 -0.02783286 0.732017 0.6806543 -0.08178961 0.5279397 0.8453017 0.09140288 0.6093326 0.7876217 0.2037416 0.4596087 0.8644063 0.2591632 0.6696066 0.6960051 0.1073336 -0.5652943 0.817835 -0.09579759 -0.4144108 0.9049959 -0.09280675 -0.586993 0.8042238 -0.29017 -0.581225 0.7602161 -0.08160644 -0.7365947 0.6713462 0.5157933 0.2550432 0.817835 0.4249397 0.01879936 0.9049959 0.5903806 0.06805628 0.8042238 0.6377758 -0.1236 0.7602161 0.7314982 0.1189611 0.6713462 0.5157933 0.2550432 0.817835 0.4249397 0.01879936 0.9049959 0.5903806 0.06805628 0.8042238 0.6377758 -0.1236 0.7602161 0.7314982 0.1189611 0.6713462 0.2742088 0.8591266 0.4320505 0.1429792 0.7544481 0.640553 0.3340556 0.7401044 0.5836055 0.3764458 0.5908994 0.7134922 0.5114292 0.6989654 0.4998627 -0.5660268 0.3812067 0.7309183 -0.5034334 0.6650899 0.5515 -0.5568407 0.455031 0.6948454 -0.5694754 0.1330301 0.8111209 -0.1505172 0.7242653 0.6728416 -0.2306894 0.8594318 0.4561601 -0.3305155 0.741905 0.5833613 -0.4957427 0.7321391 0.4670553 -0.4136479 0.5939512 0.6899625 0.4640339 -0.2089297 0.8608051 0.2718589 -0.05175936 0.9609363 0.2779015 -0.2487869 0.9277932 0.07956171 -0.2744529 0.9582812 0.2771081 -0.4359874 0.8561968 0.2604144 0.4372082 0.8608051 0.08236944 0.2641987 0.9609363 0.2788171 0.2477797 0.9277932 0.2817164 0.04779195 0.9582812 0.4647054 0.2256538 0.8561968 0.17893 -0.1812189 0.9670095 -0.01263463 0.002777159 0.9999085 -0.02185124 -0.1958983 0.9803461 -0.2225104 -0.1983703 0.9545274 -0.02575761 -0.3874325 0.9215064 0.6136662 0.2817774 0.7375409 0.4626301 0.1123081 0.8793908 0.6292306 0.08368176 0.7726677 0.6157109 -0.1180456 0.779046 0.7712638 0.05600142 0.6340221 0.159154 0.02246159 0.9869686 0.03772085 -0.2157964 0.9756768 0.2301706 -0.1643422 0.9591662 0.2879421 -0.3465071 0.8927274 0.4127933 -0.1019623 0.9050874 -0.4082461 0.5287027 0.7441633 -0.1550035 0.6083559 0.7783135 -0.3028962 0.6819056 0.6657613 -0.181524 0.8065737 0.5625172 -0.4417859 0.7253029 0.5279397 -0.05703908 0.003204405 0.998352 0.2063356 0.0458998 0.9773858 0.05178987 0.1724906 0.9836421 0.1624195 0.3327738 0.9288919 -0.107944 0.2890408 0.9512009 -0.05703908 0.003204405 0.998352 0.2063356 0.0458998 0.9773858 0.05178987 0.1724906 0.9836421 0.1624195 0.3327738 0.9288919 -0.107944 0.2890408 0.9512009 0.001190185 -0.004547238 0.9999695 -0.2596515 -0.05270546 0.9642323 -0.1030305 -0.1760002 0.9789422 -0.2070375 -0.3384808 0.9179052 0.06070131 -0.2891324 0.9553514 0.06323432 0.2922757 0.9542223 -0.2005676 0.2476577 0.9478439 -0.04690694 0.1272317 0.9907529 -0.1591235 -0.04104739 0.9863888 0.1117283 0.004852414 0.9937132 0.06323432 0.2922757 0.9542223 -0.2005981 0.2476882 0.9478439 -0.04690694 0.1272317 0.9907529 -0.1591235 -0.04104739 0.9863888 0.1117283 0.004852414 0.9937132 0.06537061 0.08709979 0.9940489 -0.2005676 0.0615558 0.9777215 -0.05533003 -0.0745567 0.9956664 -0.1775566 -0.2309641 0.9566027 0.09543138 -0.2048097 0.9741203 -0.1425824 -0.3054292 0.9414655 0.1085848 -0.2174444 0.9700003 -0.06729328 -0.1245765 0.9898984 0.01492351 0.06002986 0.9980773 -0.2429884 -0.03036588 0.9695425 -0.1425824 -0.3054292 0.9414655 0.1085848 -0.2174444 0.9700003 -0.06729328 -0.1245765 0.9898984 0.01492351 0.06002986 0.9980773 -0.2429884 -0.03036588 0.9695425 0.1245155 -0.313242 0.9414655 0.2327342 -0.0700705 0.9700003 0.04452645 -0.1344035 0.9898984 -0.03344827 0.05203402 0.9980773 -0.1445051 -0.1976989 0.9695425 0.1245155 -0.313242 0.9414655 0.2327342 -0.0700705 0.9700003 0.04452645 -0.1344035 0.9898984 -0.03344827 0.05203402 0.9980773 -0.1445051 -0.1976989 0.9695425 0.09588915 -0.248268 0.9639272 -0.1044343 -0.503647 0.8575396 0.04779195 -0.3136387 0.9483322 0.2422864 -0.03244113 0.9696341 0.2500992 0.09103667 0.9639272 0.5015412 -0.1142308 0.8575396 0.3145238 0.04165774 0.9483322 0.03714102 0.241615 0.9696341 -7.32444e-4 0.3236793 0.9461348 0.2718589 0.4916532 0.8272348 0.06613361 0.3684194 0.9272744 -0.2101809 0.169103 0.96292 0.1485946 -0.4284799 0.891232 0.1124912 0.0217902 0.993408 0.1267738 -0.1223487 0.984344 0.07718127 0.3057344 0.9489731 0.4433119 0.09564501 0.891232 -0.008026361 0.1143223 0.993408 0.1367839 0.1110568 0.984344 -0.2941374 0.1135899 0.9489731 0.6795862 -0.03231906 0.7328715 0.2767723 -0.01510661 0.9608142 0.4128239 -0.02099668 0.9105502 -0.009826958 -0.002502501 0.999939 -0.4362316 -0.1595507 0.8855556 -0.3631703 -0.5871762 0.7233802 -0.3953368 -0.4638508 0.7927793 -0.2767418 -0.7944579 0.5405744 -0.4226813 -0.7250282 0.5437483 -0.4718161 -0.3490096 0.8096561 -0.4672689 -0.478164 0.7435835 -0.4510941 -0.07147431 0.889584 -0.4196906 0.143498 0.8962371 -0.1405377 0.5099643 0.8485977 -0.2335886 0.4044313 0.8842128 0.05240023 0.6868496 0.7248756 -0.7492905 0.0190435 0.661916 -0.5497909 -0.2175054 0.8064516 -0.7085177 -0.03872793 0.7046114 -0.8435011 0.1994079 0.4986724 0.1071199 -0.4304025 0.8962371 -0.3521531 -0.3947264 0.8485977 -0.2129886 -0.4156316 0.8842128 -0.6054262 -0.3285928 0.7248756 0.1071199 -0.4304025 0.8962371 -0.3521531 -0.3947264 0.8485977 -0.2129886 -0.4156316 0.8842128 -0.6054262 -0.3285928 0.7248756 0.3786737 0.6196478 0.68746 0.1068148 0.338023 0.9350261 0.1967223 0.4365978 0.8778649 -0.07779169 0.1217383 0.9895017 0.3786737 0.6196478 0.68746 0.1068148 0.338023 0.9350261 0.1967223 0.4365978 0.8778649 -0.07779169 0.1217383 0.9895017 0.1002533 0.0941801 0.9904782 -0.004882931 0.5234535 0.8520157 0.02874839 0.3980529 0.9168981 -0.07123017 0.7387616 0.670156 0.1002533 0.0941801 0.9904782 -0.004882931 0.5234535 0.8520157 0.02874839 0.3980529 0.9168981 -0.07123017 0.7387616 0.670156 0.3108005 0.3742179 0.8736839 0.04324471 0.01751762 0.9989013 0.130253 0.1325418 0.9825739 -0.1316263 -0.2111575 0.9685049 0.3108005 0.3742179 0.8736839 0.04324471 0.01751762 0.9989013 0.130253 0.1325418 0.9825739 -0.1316263 -0.2111575 0.9685049 -0.7450789 -0.07773059 0.6623737 -0.3879818 0.06726276 0.919187 -0.512009 0.02227848 0.8586688 -0.1181982 0.1520737 0.9812616 -0.4721518 -0.6716514 0.5708792 -0.02923673 -0.7139806 0.6995453 -0.1722465 -0.7174596 0.6749474 0.255562 -0.6622517 0.7043062 0.3243202 -0.4756004 0.8176825 -0.1328165 -0.4451125 0.8855251 0.01086455 -0.4655598 0.8849147 -0.4088565 -0.376751 0.8311716 0.3242897 -0.4756004 0.8176825 -0.1328165 -0.4451125 0.8855251 0.01086455 -0.4655598 0.8849147 -0.4088565 -0.376751 0.8311716 -0.8033082 0.1703543 0.5706351 -0.8375805 0.4240242 0.3444624 -0.8204596 0.2344431 0.5213477 -0.7136448 -0.03796499 0.6994537 0.09659105 -0.1728263 0.9801935 0.01910454 0.1597644 0.9869381 0.07864618 -0.09308141 0.992523 0.148503 -0.4147771 0.897702 -0.146031 0.5572375 0.8173772 -0.4287545 0.3657033 0.8260445 -0.2170171 0.5163121 0.8284249 0.08267462 0.6604816 0.7462691 0.01730394 -0.4398938 0.8978546 -0.2532426 -0.5971862 0.7610401 -0.04886013 -0.4832911 0.8740807 0.2238532 -0.2843409 0.9322184 0.08105713 -0.5561693 0.8270821 -0.2423169 -0.6253853 0.7416914 0.002594053 -0.5792108 0.8151494 0.323191 -0.459151 0.8274789 0.007995843 -0.01208531 0.9998779 -0.2163152 -0.2626728 0.9403058 -0.04690694 -0.07370215 0.9961547 0.179754 0.181402 0.9668264 -0.2635273 0.7220374 0.639668 -0.5851619 0.3957945 0.7077242 -0.4958342 0.5100864 0.7027803 -0.7252418 0.1447492 0.6730552 0.7953429 0.234962 0.5587024 0.438673 0.3945128 0.8073672 0.5637685 0.3527024 0.7467879 0.1635792 0.4525284 0.8765832 0.4382153 0.7040925 0.5587024 0.06564527 0.5863216 0.8073672 0.1869258 0.6382031 0.7467879 -0.1784417 0.4468826 0.8765832 0.02484202 0.8289743 0.5587024 -0.2379833 0.5398724 0.8073672 -0.159215 0.6456801 0.7467879 -0.3789178 0.2965789 0.8765832 0.7915586 -0.2475051 0.5587024 0.5840327 0.08355963 0.8073672 0.6646931 -0.02081358 0.7467879 0.3877987 0.2848598 0.8765832 0.7915281 -0.2475051 0.5587024 0.5840632 0.08355963 0.8073672 0.6646931 -0.02081358 0.7467879 0.3877987 0.2848598 0.8765832 0.263802 0.4835352 0.8345897 0.007843255 0.1308023 0.9913633 0.09027373 0.2472609 0.9647206 -0.1557359 -0.1078524 0.981872 0.263802 0.4835352 0.8345897 0.007843255 0.1308023 0.9913633 0.09027373 0.2472609 0.9647206 -0.1557359 -0.1078524 0.981872 -0.4343394 -0.0527665 0.8991668 -0.0496841 -0.3054903 0.9508652 -0.1744438 -0.2316049 0.9570299 0.200354 -0.4325388 0.8790552 0.2738121 -0.6329234 0.7241432 0.5864132 -0.2926115 0.7552721 0.5000153 -0.408948 0.763329 0.7206336 -0.04397714 0.6918851 0.577868 0.1203039 0.8071841 0.1551866 0.2316049 0.960326 0.2947173 0.2013916 0.9341105 -0.1306497 0.2768639 0.9519639 -0.2648091 -0.2264473 0.937315 -0.4044923 0.2125003 0.8894925 -0.3693045 0.07654041 0.9261452 -0.4487747 0.4682455 0.7611317 0.3064364 -0.5045625 0.807123 0.008270502 -0.195532 0.9806513 0.1042817 -0.2995086 0.9483627 -0.1821955 0.02246159 0.9830012 0.3064364 -0.5045625 0.807123 0.008270502 -0.195532 0.9806513 0.1042817 -0.2995086 0.9483627 -0.1821955 0.02246159 0.9829707 0.5029756 -0.1668142 0.8480178 0.1784417 0.1385845 0.9741203 0.2869656 0.043733 0.9569079 -0.04754781 0.3175451 0.9470199 -0.2891629 -0.2998138 0.9090853 -0.5713371 0.05615401 0.8187506 -0.4943693 -0.05685597 0.8673666 -0.6878567 0.2763146 0.6711631 -0.5299539 0.4389172 0.7255775 -0.6819666 0.001434326 0.7313455 -0.6494644 0.1420331 0.7470015 -0.7035432 -0.2768334 0.6544694 -0.7996155 0.3389385 0.4956817 -0.5072177 0.2177801 0.8338267 -0.6133 0.2619404 0.7451094 -0.26545 0.1167638 0.9569994 -0.5983764 0.2295907 0.767571 -0.2068544 0.09302037 0.9739067 -0.3375958 0.1391339 0.9309366 0.06485182 -0.004028439 0.9978637 -0.5983764 0.2295907 0.767571 -0.2068544 0.09302037 0.9739067 -0.3375958 0.1391339 0.9309366 0.06485182 -0.004028439 0.9978637 0.3494675 0.5372478 0.767571 0.1341593 0.1828974 0.9739067 0.2065492 0.3011261 0.9309366 -0.01745659 -0.06256294 0.9978637 0.003418028 0.306711 0.9517807 -0.08359014 -0.1469161 0.9855953 -0.05764943 -0.004669308 0.9983215 -0.1297647 -0.4191717 0.8985565 0.003418028 0.306711 0.9517807 -0.08359014 -0.1469161 0.9855953 -0.05764943 -0.004669308 0.9983215 -0.1297647 -0.4191717 0.8985565 0.11948 -0.4354381 0.8922392 -0.2508316 -0.16422 0.9539781 -0.1378216 -0.2553178 0.9569689 -0.4586932 0.02624589 0.8881802 0.4078799 -0.5691397 0.713889 0.2670369 -0.1927854 0.9441816 0.3186743 -0.3183386 0.8927885 0.1481063 0.06772053 0.9866329 0.3951537 -0.4338817 0.8096561 0.2342905 -0.03088468 0.9716483 0.2915738 -0.1611072 0.9428694 0.1062044 0.2287362 0.9676504 0.9071016 0.01312291 0.4206366 0.9335917 0.3445845 0.09823906 0.9474166 0.2463148 0.2041688 0.8475906 0.5174108 -0.1175268 0.4035767 -0.8124943 0.4206366 0.7139806 -0.6931974 0.09823906 0.6313364 -0.7481307 0.2041688 0.832728 -0.5410321 -0.1175268 -0.8518937 0.5203406 -0.0592364 -0.5723441 0.7993713 0.1825922 -0.6758629 0.728843 0.1092562 -0.3315836 0.8887906 0.3162938 0.4325083 0.08163696 0.8979156 0.6572161 0.3953062 0.6416822 0.6007264 0.3039948 0.739372 0.7277139 0.5511948 0.408124 -0.1714224 -0.4053773 0.8979156 -0.03466898 -0.7661367 0.6416822 -0.07943964 -0.668569 0.739372 0.05609297 -0.9111912 0.408124 -0.01208531 0.2002319 0.9796442 0.3953062 -0.01135283 0.9184545 0.2738731 0.05633711 0.9600818 0.610828 -0.1446577 0.7784051 -0.01208531 0.2002319 0.9796442 0.3953062 -0.01135283 0.9184545 0.2738731 0.05633711 0.9600818 0.610828 -0.1446577 0.7784051 -0.6581622 0.432844 0.6159856 -0.3521836 0.2392651 0.9048128 -0.4589374 0.3071688 0.8336436 -0.118839 0.08981597 0.9888302 0.1267433 0.3642384 0.9226356 0.228431 -0.0851466 0.9698172 0.2012085 0.05716115 0.9778436 0.267922 -0.3614917 0.8930326 -0.2890713 -0.1317789 0.9481796 0.1694387 -0.07632678 0.9825739 0.02618485 -0.0959807 0.9950255 0.4423658 -0.03265476 0.8962371 0.2193365 0.9670705 0.1290627 0.3071688 0.7808466 0.5439314 0.2862941 0.8593707 0.423658 0.3292031 0.5764641 0.7478561 0.7332682 -0.6506851 0.1972106 0.8252511 -0.2962126 0.4807886 0.8154546 -0.417188 0.4011658 0.7928709 -0.03820914 0.6081423 0.6515397 0.4677877 0.5971862 0.2548906 0.4866176 0.8355663 0.3884396 0.4922025 0.7789545 -0.02536088 0.4449904 0.8951384 0.6515397 0.4677877 0.5971862 0.2548906 0.4866176 0.8355663 0.3884396 0.4922025 0.7789545 -0.02536088 0.4449904 0.8951384 0.8197882 -0.1967833 0.5377666 0.4885708 -0.4362926 0.7555773 0.6066775 -0.3697928 0.7036653 0.2241584 -0.5405439 0.8108768 -0.9436323 0.1379131 0.3007904 -0.73043 -0.0140385 0.6828212 -0.8164007 0.03442484 0.5764031 -0.51442 -0.1091341 0.8505508 -0.9204382 0.166509 0.3535875 -0.7459945 -0.1434065 0.6502884 -0.8199103 -0.04724264 0.570513 -0.5529344 -0.3246864 0.7673269 0.8880276 -0.3265175 0.3236793 0.6335337 -0.3070772 0.7101352 0.7304605 -0.320658 0.6029542 0.4019288 -0.2608722 0.8776818 -0.5854061 -0.3573718 0.7276834 -0.787286 0.04388558 0.6149785 -0.7412641 -0.08395642 0.6659139 -0.8289743 0.2942289 0.4756004 0.1934568 -0.6580096 0.7276834 -0.246437 -0.7490158 0.6149785 -0.1109958 -0.7376934 0.6659139 -0.4990081 -0.7243874 0.4755699 -0.7575305 0.4840846 0.4379101 -0.6945708 0.1147496 0.7101963 -0.7314066 0.2361827 0.6396985 -0.5780511 -0.1326944 0.8051088 0.280343 0.854152 0.4379101 -0.06167787 0.7012848 0.7101963 0.04672384 0.7671743 0.6396985 -0.2723777 0.5268411 0.8051088 0.3457442 0.8831446 0.3169957 0.01373332 0.7816401 0.6235542 0.1207007 0.8329417 0.539964 -0.1988586 0.6310312 0.7498093 0.1214942 -0.9873043 0.102298 0.2225104 -0.9724418 -0.06927698 0.3963439 -0.9174475 -0.03415018 0.2691733 -0.9549852 0.124607 0.9972839 -0.07235938 -0.01348912 0.9892575 0.06979578 0.1281472 0.9867244 -0.0597552 0.150853 0.9978942 -0.0087893 -0.06381416 0.9161046 -0.3984802 0.043733 0.1498764 -0.8998993 0.4094668 -0.6235847 -0.6916715 0.3642079 -0.0743736 -0.7220069 0.6878567 -0.1898556 -0.8562578 0.4803614 -0.2936796 -0.9250161 0.2409131 -0.4167302 -0.8266854 0.3780022 -0.1680349 -0.8657186 0.4714194 -0.9816584 -0.003509581 0.1905881 -0.009308099 0.9464401 0.3226722 -0.3484298 0.934843 0.06817835 0.4009827 0.9020966 0.1592761 0.2507706 0.9421674 0.2222357 0.9747612 0.2230903 -0.00225836 -0.0889309 0.9306009 0.3550524 -0.05468916 0.9310587 0.3606677 -0.163274 0.9812921 0.1018708 0.6720176 -0.6048464 -0.4272286 0.03537094 -0.9121067 -0.4083682 -0.04531997 -0.9602954 -0.2751854 0.8319651 -0.4802088 -0.277871 0.8044984 0.1289407 -0.5797601 0.1852778 -0.5675833 0.802179 -0.08786278 -0.4985198 0.8623921 -0.1907712 -0.6890469 0.699118 -0.5532701 -0.6448561 0.5272378 0.2164677 -0.7795038 0.587756 -0.6887418 -0.5584887 0.4622638 -0.7076327 -0.5298624 0.467391 -0.530839 -0.539201 0.6537981 0.3673208 0.7235023 0.58446 0.6610004 0.0230109 0.7499924 0.6647542 0.5970031 0.4490494 0.3628956 0.9125034 0.1886654 -0.2519303 0.9600818 0.1214942 0.8764306 0.477279 0.06357002 0.720542 0.6928312 0.02783286 0.9436018 -0.1062654 0.3135166 -0.1214942 0.9873043 -0.102298 -0.3963439 0.9174475 0.03415018 -0.2225104 0.9724418 0.06927698 -0.2691733 0.9549852 -0.124607 -0.9972839 0.07235938 0.01348912 -0.9867244 0.0597552 -0.150853 -0.9892575 -0.06979578 -0.1281472 -0.9978942 0.0087893 0.06381416 -0.9161046 0.3984802 -0.043733 -0.1498764 0.8998993 -0.4094668 0.0743736 0.7220069 -0.6878567 0.6235847 0.6916715 -0.3642079 0.1898556 0.8562578 -0.4803614 0.2936796 0.9250161 -0.2409131 0.4167302 0.8266854 -0.3780022 0.1680349 0.8657186 -0.4714194 0.9816584 0.003509581 -0.1905881 0.009308099 -0.9464401 -0.3226722 -0.4009827 -0.9020966 -0.1592761 0.3484298 -0.934843 -0.06817835 -0.2507706 -0.9421674 -0.2222357 -0.9747612 -0.2230903 0.00225836 0.0889309 -0.9306009 -0.3550524 0.05468916 -0.9310587 -0.3606677 0.163274 -0.9812921 -0.1018708 -0.6720176 0.6048464 0.4272286 0.04531997 0.9602954 0.2751854 -0.03537094 0.9121067 0.4083682 -0.8319651 0.4802088 0.277871 -0.8044984 -0.1289407 0.5797601 -0.1852778 0.5675833 -0.802179 0.1907712 0.6890469 -0.699118 0.08786278 0.4985198 -0.8623921 0.5532701 0.6448561 -0.5272378 -0.2164677 0.7795038 -0.587756 0.6887418 0.5584887 -0.4622638 0.7076327 0.5298624 -0.467391 0.530839 0.539201 -0.6537981 -0.3673208 -0.7235023 -0.58446 -0.6647542 -0.5970031 -0.4490494 -0.6610004 -0.0230109 -0.7499924 -0.3628956 -0.9125034 -0.1886654 0.2519303 -0.9600818 -0.1214942 -0.8764306 -0.477279 -0.06357002 -0.720542 -0.6928312 -0.02783286 -0.9436018 0.1062654 -0.3135166 -0.01190221 0.3361309 0.9417096 -0.25898 0.5659658 0.7826777 -0.3226722 0.152562 0.9341105 -0.5553758 0.1692251 0.8141728 -0.5988647 -0.219245 0.7702261 -0.2120731 -0.1075778 0.9712821 -0.03491312 0.1418195 0.9892575 -0.3885922 0.0356456 0.9206824 -0.3460494 -0.09591966 0.9332866 0.3502609 0.09411907 0.9318827 0.004913449 -0.01257359 0.9999085 0.07684558 -0.2573626 0.9632252 -0.07766956 -0.3878597 0.918424 0.2858669 -0.2813807 0.9160131 -0.1436201 -0.0266121 0.9892575 -0.05807667 -0.385876 0.9206824 0.07574689 -0.3510239 0.9332866 -0.07367163 0.3551134 0.9318827 0.01284825 0.004181027 0.9999085 0.2613911 0.06179994 0.9632252 0.3827021 -0.09997862 0.918424 0.2974639 0.2690817 0.9160131 -0.6540727 -0.2478713 0.7146214 -0.594409 -0.5823542 0.5544908 -0.4849696 -0.5973693 0.6386914 -0.513596 0.09121978 0.853145 -0.5252541 -0.2732933 0.8058413 -0.2907804 -0.2911771 0.9113743 -0.1874752 -0.4647359 0.8653523 -0.2074648 -0.1020539 0.9728996 0.88699 -0.4102603 0.2118595 0.8118534 -0.3346965 0.4783776 0.9070711 -0.1888485 0.3762016 0.3126927 -0.9487289 -0.04593032 0.353618 -0.9327678 0.06976526 0.5502488 -0.8348033 -0.01681566 0.5623646 -0.8238472 -0.07040619 0.9203467 -0.3648793 0.1405987 -0.3114414 -0.8242134 0.4729148 -0.1649525 -0.7509384 0.6393933 -0.02398753 -0.8521683 0.52266 -0.8869594 -0.3109836 0.3413496 -0.8212836 -0.3574633 0.4445936 -0.743614 -0.5502488 0.3797418 -0.7932676 -0.5186316 0.3189184 -0.2079836 -0.8889126 0.4080935 0.03601181 -0.7631154 0.6452223 0.1040071 -0.5046235 0.8570208 0.04574722 -0.6740623 0.7372356 -0.239906 -0.5397198 0.8069094 0.1458479 -0.0356456 0.9886471 -0.1224097 0.1745964 0.976989 0.03601181 0.03012174 0.9988708 -0.2230598 -0.1595507 0.9616382 0.2260506 -0.09979552 0.9689627 0.4181951 0.1704154 0.8922086 -0.06796467 0.09121978 0.9934996 -0.07348853 0.2682882 0.9605091 -0.5368206 0.2343821 0.8104496 -0.2614826 -0.09060943 0.9609363 -0.09549242 -0.2279122 0.9689627 0.2521439 -0.3462935 0.9035921 0.1120029 0.06659138 0.9914548 0.3551744 0.138615 0.9244362 0.2554705 0.5056917 0.8239998 -0.09555345 0.259682 0.9609363 0.03869742 0.1408429 0.9892575 -0.3218177 0.2206793 0.9206824 -0.3488876 0.08505505 0.9332866 0.3516648 -0.08868676 0.9318827 -0.001831054 -0.01339757 0.9999085 -0.05844295 -0.262154 0.9632252 -0.2569963 -0.3006684 0.918424 0.1122776 -0.3850826 0.9160131 -0.1302835 0.0374462 0.9907529 -0.2727439 -0.3014008 0.9136326 -0.1440168 -0.3523362 0.9247108 0.150914 0.3062533 0.9398785 0.01437419 -0.02999967 0.9994202 0.2491531 -0.128727 0.9598376 0.2518388 -0.3297525 0.9098178 0.4002503 0.01867729 0.9161962 -0.05505537 0.0894497 0.9944456 -0.4000366 -0.03650009 0.9157384 -0.3488876 -0.1654408 0.9224219 0.3330485 0.07040619 0.9402447 -0.005035519 -0.06228822 0.9980163 0.08359014 -0.2996002 0.9503769 -0.06131166 -0.4376965 0.897 0.2942289 -0.3072298 0.9049654 -0.01367229 0.1040986 0.9944456 -0.3800165 0.1301614 0.9157384 -0.3860286 -0.008392572 0.9224219 0.3327433 -0.07181 0.9402447 -0.03003019 -0.05481123 0.9980163 -0.04614394 -0.3076266 0.9503769 -0.2348399 -0.374401 0.897 0.1429487 -0.4006775 0.9049654 -0.02438426 -0.1239051 0.9919736 -0.2946562 -0.2631 0.9186376 -0.1533555 -0.1489914 0.976867 -0.04348886 -0.457625 0.8880581 0.03662216 0.1208533 0.9919736 0.3194372 0.2323984 0.9186376 0.167455 0.1329691 0.976867 0.08896142 0.4510025 0.8880581 -0.5345012 0.07391583 0.8419141 -0.2515946 0.02893149 0.9673757 -0.4305856 0.01876884 0.9023408 -0.3057039 0.3341777 0.8915372 -0.2254097 0.1012909 0.9689627 -0.3526108 -0.243202 0.9035921 0.06372261 -0.1136814 0.9914548 0.12949 -0.358623 0.9244362 0.4989776 -0.2683187 0.8239998 0.2620624 0.08890038 0.9609363 -0.07501447 0.2354503 0.9689627 -0.4164861 0.1001923 0.9035921 -0.0421155 -0.1233253 0.9914548 -0.1805475 -0.3357952 0.9244362 0.1332743 -0.5506455 0.8239998 0.2411267 -0.1357768 0.9609363 0.033845 0.244789 0.9689627 -0.3324992 0.2700583 0.9035921 -0.09118926 -0.09308141 0.9914548 -0.3077486 -0.2250435 0.9244362 -0.1172826 -0.5542772 0.8239998 0.1589404 -0.2265083 0.9609363 -0.1685232 -0.1807001 0.9689627 0.1052888 -0.4171575 0.902707 0.1211279 0.02624589 0.9922788 3.05185e-4 0.2767113 0.9609363 0.3538011 0.03772085 0.9345378 0.4009827 0.4219489 0.8131046 0.2022767 -0.5706351 0.7958617 0.01113921 -0.6953337 0.7185888 -0.0525223 -0.5255898 0.849086 0.1618091 -0.4634541 0.8712119 0.1709036 -0.2800378 0.9446395 0.2653585 -0.310007 0.9129307 0.295175 -0.4265267 0.854915 -0.04095584 -0.140202 0.9892575 0.318247 -0.2258064 0.9206824 0.3474838 -0.09060943 0.9332866 -0.3501999 0.09430217 0.9318827 0.002044737 0.01336705 0.9999085 0.06259346 0.2612079 0.9632252 0.2617878 0.2965179 0.918424 -0.1060518 0.3868221 0.9160131 -0.1129795 -0.09259313 0.9892575 0.1351665 -0.3660695 0.9206824 0.2355723 -0.2710044 0.9332866 -0.235786 0.2755821 0.9318827 0.009247064 0.009857475 0.9999085 0.1991637 0.1802118 0.9632252 0.3834956 0.09692674 0.918424 0.1308328 0.3791925 0.9160131 0.1116672 -0.07986694 0.9905087 0.4278695 0.100589 0.8981903 0.3567613 0.2194586 0.9080172 -0.2763146 -0.1242408 0.952971 0.03784292 0.0617389 0.9973449 -0.09015166 0.2814722 0.9553209 0.02795493 0.4413282 0.896878 -0.3009735 0.254738 0.9189428 -0.2833033 -0.02478098 0.958678 -0.3349101 -0.4728538 0.8149968 -0.1685537 -0.5012971 0.8486282 -0.002716124 0.3863949 0.9222999 -0.08273565 -0.06662189 0.9943236 0.2322458 -0.1192358 0.9653005 0.3017365 -0.3575854 0.883755 0.385052 0.0966826 0.9177832 0.4523758 0.2904751 0.8431654 0.1600695 0.6492202 0.7435225 0.03268527 0.5658742 0.8238167 0.507828 -0.2055116 0.8365429 0.2925505 0.1951963 0.9360942 0.02633744 0.0278939 0.9992371 -0.1994995 0.1553697 0.9674673 0.04370248 -0.2387158 0.9700919 0.5253151 0.1142918 0.8431654 0.3766289 0.5525071 0.7435225 0.2281563 0.5188757 0.8238167 0.4041566 -0.3698538 0.8365429 0.3422651 0.08078247 0.9360942 0.03442484 0.01693773 0.9992371 -0.132725 0.215247 0.9674673 -0.04235965 -0.2389599 0.9700919 -0.4050416 -0.3534959 0.8431654 -0.06341743 -0.6656697 0.7435225 0.05032497 -0.5645619 0.8238167 -0.5324259 0.1290627 0.8365429 -0.2608722 -0.2358775 0.9360942 -0.02197331 -0.03146457 0.9992371 0.2200995 -0.1245155 0.9674673 -0.07812738 0.2297128 0.9700919 -0.2271187 0.09732353 0.9689627 -0.3483383 -0.2493057 0.9035921 0.06567579 -0.1125522 0.9914548 0.1357463 -0.3563036 0.9244362 0.5035859 -0.2595905 0.8239998 0.2604755 0.09344768 0.9609363 -0.1188696 -0.2166203 0.9689627 0.214423 -0.3708304 0.9035921 0.1183813 0.05447548 0.9914548 0.3677785 0.100589 0.9244362 0.3071078 0.4760888 0.8239998 -0.06778156 0.2682882 0.9609363 -0.2500992 0.1754814 0.952147 -0.3441572 -0.1840876 0.9206824 0.05703908 -0.008423089 0.9983215 0.1460921 -0.2516251 0.9567248 0.5074008 -0.1378826 0.8505814 0.2364879 0.2076174 0.9491562 0.152562 -0.2647175 0.952147 0.3896908 0.02148503 0.9206824 -0.04812765 0.03173923 0.9983215 -0.02612382 0.2898038 0.9567248 -0.4016846 0.3393048 0.8505814 -0.3020722 -0.08829003 0.9491562 0.2117679 -0.3387554 0.916715 -0.01510661 -0.6107059 0.7916806 0.09659105 -0.6708579 0.7352519 0.5101779 -0.09155553 0.8551592 0.3339946 -0.4142888 0.846614 0.5169836 -0.5063021 0.6901456 0.4614093 -0.6721091 0.5790887 0.6726279 -0.364391 0.6440016 0.1310769 0.2088076 0.9691153 0.1827143 0.5479904 0.8162481 0.0451979 0.5662404 0.8229621 -0.07202368 -0.126194 0.9893796 -0.02600175 0.2381969 0.9708548 -0.2780541 0.2642598 0.9234901 -0.3317057 0.442732 0.8330027 -0.3863644 0.07785272 0.9190344 0.4704123 0.07052826 0.8796045 0.3152257 0.4116947 0.8550371 0.2005066 0.3579516 0.9119236 0.4412366 -0.3185827 0.8389233 0.3334147 0.01739555 0.9425947 0.09866631 -0.07675403 0.9921262 -0.0527665 0.06442457 0.9965209 0.07904291 -0.2881557 0.9542833 0.08560442 -0.04931789 0.9950865 0.2466201 0.2830592 0.9268167 0.1199988 0.3397931 0.9327983 -0.2051454 -0.3045747 0.9301126 -0.05603194 0.02465891 0.9981079 -0.2841273 0.1343424 0.9493088 -0.2754601 0.3355816 0.9008148 -0.4398328 -0.005706906 0.8980377 0.06622517 0.07330542 0.9950865 -0.2248298 0.3006379 0.9268167 -0.3069552 0.1887875 0.9327983 0.2546159 -0.264626 0.9301126 -0.03588974 -0.04959255 0.9981079 -0.1911069 -0.2495193 0.9493088 -0.3859981 -0.1987365 0.9008148 -0.08688616 -0.431196 0.8980377 0.08615374 0.04834127 0.9950865 -0.11713 0.3566698 0.9268167 -0.2306283 0.2768945 0.9327983 0.1568346 -0.3320414 0.9301126 -0.04983669 -0.03555405 0.9981079 -0.2607501 -0.1754814 0.9493088 -0.4292429 -0.06515699 0.9008148 -0.2199469 -0.3809015 0.8980377 0.2929167 0.5138096 0.8063296 -0.06418043 0.626423 0.7768182 -0.1000702 0.5148778 0.8513749 0.5590381 0.2256844 0.7978149 0.2417066 0.3873714 0.889645 0.1545152 0.1602832 0.9748833 -0.0516678 0.1454817 0.9880062 0.2960295 -0.001159667 0.9551683 -0.794702 0.4233833 0.4348887 -0.6555376 0.3073519 0.6897488 -0.7662282 0.3482772 0.5399335 -0.5368511 0.5904721 0.6025269 -0.08386486 -0.540849 0.8369091 0.1605274 -0.3632923 0.9177221 0.03881949 -0.5003204 0.8649251 -0.1192358 -0.2184209 0.9685354 0.01440471 -0.1691641 0.9854427 0.1838129 -0.4146245 0.891232 0.05212557 -0.2922147 0.9549242 0.3580126 -0.1489303 0.9217506 -0.1359599 0.01962339 0.9905087 -0.2833644 -0.2485733 0.9262062 -0.2303537 -0.0707724 0.9705191 0.03201389 -0.2857143 0.9577624 0.4981536 0.08813744 0.8625752 0.2619709 0.2788171 0.9238868 0.427839 0.1957152 0.8823817 0.1917478 -0.016541 0.9812921 0.0527665 -0.1365398 0.9891964 -0.3017975 -0.01812797 0.9531846 -0.3379315 -0.150029 0.9291055 0.3491623 -0.3613697 0.8645589 0.001892089 -0.2849513 0.9585254 -0.07159638 -0.5101779 0.8570513 -0.2725303 -0.5222327 0.8080386 0.09015166 -0.6262704 0.7743461 0.1532334 -0.06967371 0.9857174 0.1011688 0.2707602 0.9573046 -0.213538 0.2443616 0.9458602 -0.1057772 -0.4590899 0.882046 -0.2052369 -0.1157567 0.9718315 -0.5809198 -0.169866 0.7960143 -0.67922 -0.009979546 0.7338481 -0.6173895 -0.3467513 0.7060763 0.9020356 -0.4313486 0.01492351 0.9443037 -0.2125003 0.2511673 0.9862972 -0.1338847 0.09625536 0.07113862 -0.9780267 0.1958678 0.1539048 -0.9465011 0.2836085 0.3804438 -0.9204382 0.08941918 0.3810236 -0.9240394 0.03036588 0.9031342 -0.4242988 -0.06537061 0.5107883 -0.8595538 0.01492351 0.6674093 -0.7010102 0.2511673 0.7459945 -0.6589251 0.09625536 -0.4838099 -0.8529618 0.1958678 -0.3974425 -0.8726768 0.2836085 -0.1945555 -0.9767754 0.08941918 -0.1960814 -0.980102 0.03036588 0.5155797 -0.8543351 -0.06537061 0.7549974 0.5783868 -0.3088778 0.7027497 0.7100742 -0.04333627 0.6169622 0.7676016 -0.1734672 0.9557176 -0.2928556 -0.02826011 0.9806208 -0.1916257 0.04007077 0.9806208 -0.007110774 -0.1957457 0.9674062 -0.01733446 -0.2525101 0.6954558 0.6135746 -0.3739128 -0.4765465 -0.8230537 -0.3088778 -0.3779412 -0.9248024 -0.04333627 -0.2766808 -0.9451583 -0.1734672 -0.9950865 -0.0946989 -0.02826011 -0.9794305 -0.1977294 0.04007077 -0.9088717 -0.3682363 -0.1957457 -0.9005707 -0.3537706 -0.2525101 -0.408063 -0.8328196 -0.3739128 -0.4296396 -0.9009674 0.06045717 -0.2447279 -0.9229713 0.2969146 -0.1842402 -0.9713431 0.1499374 -0.937254 -0.1546373 0.312418 -0.8883938 -0.2348399 0.3944212 -0.8674886 -0.457503 0.1952269 -0.8782312 -0.4581133 0.1370586 -0.382519 -0.9237343 -0.01873832 -0.5873898 0.7245399 0.3604846 -0.632252 0.5187231 0.575457 -0.7341533 0.5133213 0.4443495 0.340434 0.8378247 0.4267403 0.2681356 0.8084353 0.5239418 0.01922661 0.9172338 0.3978393 0.01001006 0.939024 0.3436079 -0.6456801 0.707358 0.2875759 -0.3237709 -0.9040498 0.2789697 -0.09552294 -0.8757897 0.4730979 -0.06024348 -0.9435713 0.3255714 -0.8407239 -0.1596728 0.5173193 -0.7697073 -0.2222663 0.5984374 -0.7668997 -0.4726096 0.4340648 -0.7885678 -0.4833521 0.3800775 -0.290933 -0.9364299 0.1959899 -0.6187018 0.732017 0.285165 -0.6971954 0.5245522 0.4885708 -0.7797174 0.5228736 0.3443709 0.2925199 0.8253731 0.4828333 0.2067018 0.796289 0.5684683 -0.01986753 0.91171 0.4102603 -0.02093565 0.9343852 0.3556322 -0.6664327 0.7169103 0.2045045 -0.9583117 0.01690721 0.285165 -0.8539689 -0.1788384 0.4885708 -0.9070711 -0.2420117 0.3443709 -0.4281442 0.7638783 0.4828333 -0.4627827 0.680166 0.5684683 -0.6989349 0.5857723 0.4102603 -0.7166662 0.5999023 0.3556322 -0.9784234 -0.02893149 0.2045045 0.3923155 0.7887204 0.47322 0.1621143 0.7342143 0.6592609 0.1325418 0.8364818 0.5316935 0.8493912 -0.0275582 0.5270242 0.783227 0.0199896 0.6213874 0.8002564 0.3007904 0.5186926 0.8228095 0.3219398 0.4682455 0.3622852 0.84167 0.4003723 -0.5963317 0.6483963 0.47322 -0.6277047 0.413892 0.6592609 -0.7337871 0.4228339 0.5316935 0.3294168 0.7833796 0.5270242 0.26133 0.738609 0.6213874 0.005157589 0.854915 0.5186926 -0.006469905 0.8835414 0.4682455 -0.6565142 0.6392712 0.4003723 0.7667471 0.4336985 0.47322 0.5454878 0.5174413 0.6592609 0.5782647 0.6187323 0.5316935 0.6882229 -0.4985198 0.5270242 0.6600543 -0.422071 0.6213874 0.8314463 -0.1989806 0.5186926 0.8619953 -0.1940672 0.4682455 0.7715079 0.4943693 0.4003723 0.9483017 0.1238136 0.2921537 0.811182 0.2089907 0.5461593 0.8396558 0.3274636 0.4332408 0.6245308 -0.7518235 0.2113102 0.6426588 -0.6955779 0.3210852 0.8402966 -0.4993133 0.211066 0.8579363 -0.4896389 0.1554307 0.9524217 0.1973326 0.2322153 -0.7734916 0.5995056 0.2055727 -0.7865841 0.4234749 0.449324 -0.872219 0.3732109 0.3161107 0.09054839 0.9504075 0.2974639 0.0190435 0.9186682 0.3945433 -0.2364574 0.941496 0.240028 -0.2457655 0.9519639 0.1825312 -0.8192694 0.5575731 0.1337626 0.9729301 -0.1338542 0.1883297 0.8976104 0.1488388 0.4148686 0.9280068 0.2524186 0.2738731 0.3078707 -0.9037141 0.2974639 0.3599963 -0.8453933 0.3945433 0.6023743 -0.7612537 0.240028 0.6151616 -0.7669607 0.1825312 0.993408 -0.01928764 0.1128879 0.9884335 -0.08520764 0.1252174 0.5048066 0.8241524 0.2567217 0.4255196 0.8682516 0.2549516 -0.6308786 0.7717521 0.07943964 0.9501633 -0.1096225 0.2917875 0.44026 0.7826472 0.4399853 0.3621021 0.8274789 0.4290902 -0.6436659 0.7633595 0.05429238 0.3071688 -0.9057894 0.2917875 0.8957488 -0.06329536 0.4399853 0.9028596 0.02649003 0.4290902 0.4148076 0.9082614 0.05429238 0.1732535 -0.7290567 0.6621296 0.7367168 0.1431013 0.6608478 0.7506638 0.2237617 0.621601 0.4253365 0.8915067 -0.1558275 -0.9143651 -0.0390942 0.4029664 -0.1042817 -0.5023957 0.8583025 -0.01535075 -0.5199744 0.8539994 0.8834803 -0.3738212 0.2822657 -0.969573 -0.187933 -0.1568346 -0.2345652 -0.6114994 -0.7556383 -0.1456038 -0.6185492 -0.7720878 0.8342845 -0.3062227 -0.4584185 -0.9689627 0.2442701 0.03769034 -0.6658834 -0.7336955 -0.1350749 -0.5955077 -0.7901853 -0.1447492 0.4770348 -0.8656575 -0.151677 -0.6708273 0.7415693 -0.005371212 0.0737937 0.6830043 -0.7266457 0.1455122 0.6365856 -0.7573168 0.772454 -0.2217475 -0.5950499 0.5514389 0.8340709 0.01266515 0.9862056 -0.09741508 -0.1337016 0.9722282 -0.1868343 -0.1407513 0.2305063 -0.9651173 -0.1239662 0.5534226 0.7932371 0.253853 0.4899442 -0.03949093 0.8708457 0.4544511 -0.1222266 0.8823207 -0.1818292 -0.873928 0.4507279 0.5534226 0.7932371 0.253853 0.4899442 -0.03949093 0.8708457 0.4544511 -0.1222266 0.8823207 -0.1818292 -0.873928 0.4507279 0.9642018 -0.07650989 0.253853 0.2135685 -0.4427015 0.8708457 0.1242408 -0.4539018 0.8823207 -0.8459426 -0.2848598 0.4507279 0.94879 -0.2746971 0.155858 0.187994 -0.9781488 0.08868676 0.09912407 -0.9920957 0.07657092 -0.850795 -0.5173498 -0.09198278 -0.7903989 0.6047853 -0.09726244 0.1703543 0.9343852 -0.3127842 0.2584612 0.9127476 -0.3162633 0.9790948 0.1310769 -0.1554002 -0.8687704 0.4670248 -0.1645863 0.0112918 0.7933897 -0.6085696 0.100528 0.7797479 -0.6179082 0.9306619 0.1606189 -0.3285623 -0.8687704 0.4670248 -0.1645863 0.0112918 0.7933897 -0.6085696 0.100528 0.7797479 -0.6179082 0.9306619 0.1606189 -0.3285928 -0.7319865 0.6610919 -0.1645863 0.2005371 0.7676931 -0.6085696 0.2839747 0.7331461 -0.6179082 0.9421064 -0.06637775 -0.3285623 0.6823023 -0.621662 -0.3846248 0.8636738 -0.2404553 -0.4429152 0.3162938 0.2264778 0.9212012 -0.2078005 0.328898 0.9212012 -0.6230964 0.1136204 0.7737968 0.3866085 0.0433973 0.9212012 0.02703934 0.3642689 0.9308756 0.2903836 0.2006286 0.935606 0.3470259 0.06442457 0.935606 0.393292 -0.4010132 0.8273263 -0.3872494 -0.03720206 0.9212012 -0.3406171 0.187933 0.9212012 -0.2132939 -0.2457655 0.945555 -0.1708121 0.4209418 0.8908353 0.6409803 -0.1254311 0.7572253 0.5568712 -0.3412579 0.7572253 -0.6524247 0.03036588 0.7572253 0.4050722 -0.02600175 0.9138768 0.06256294 -0.1519516 0.9863888 0.5581225 -0.2732627 0.7834407 -0.08380383 -0.3681753 0.9259621 0.3423261 -0.1593676 0.9259621 0.2735374 -0.2602924 0.9259621 0.6026796 0.3332926 0.7249977 0.3929563 -0.2338633 0.8893094 0.1860103 -0.3888974 0.9022797</float_array>
          <technique_common>
            <accessor source="#tree_oak_bush_a200-mesh-normals-array" count="1183" stride="3">
              <param name="X" type="float"/>
              <param name="Y" type="float"/>
              <param name="Z" type="float"/>
            </accessor>
          </technique_common>
        </source>
        <source id="tree_oak_bush_a200-mesh-map-0">
          <float_array id="tree_oak_bush_a200-mesh-map-0-array" count="5766">-0.7617059 -11.00433 -0.9766804 -12.91665 -0.678541 -12.92317 -0.7998449 -11.00127 -1.267882 -12.89375 -0.9766804 -12.91665 -0.9370864 -11.01566 -1.646101 -12.85545 -1.535711 -12.87014 -1.063369 -11.0069 -1.882661 -12.81449 -1.646101 -12.85545 0.8729211 -12.77699 1.037527 -12.74502 0.06785589 -11.00815 -0.2260234 -12.91705 0.2976318 -12.90793 -0.2462236 -11.04277 -0.3816143 -12.92317 -0.2260234 -12.91705 -0.3648688 -11.0381 -0.678541 -12.92317 -0.3816143 -12.92317 -0.4934297 -11.03229 -0.05926662 -4.103232 -0.3546515 -4.029742 -0.4658206 -5.676423 -0.2571696 -5.677462 -0.4658206 -5.676423 -0.4816717 -8.164187 -0.8972849 -8.157526 -0.89056 -5.651301 -1.105063 -5.657117 -0.9370864 -11.01566 -0.8972849 -8.157526 -1.10921 -8.160755 -0.07529956 -8.157524 -0.05295133 -5.671653 -0.2571696 -5.677462 -0.6709447 -5.664468 -0.89056 -5.651301 -0.8972849 -8.157526 -0.3648688 -11.0381 -0.2731218 -8.165131 -0.4816717 -8.164187 -0.4658206 -5.676423 -0.6709447 -5.664468 -0.6831986 -8.158868 -0.9370864 -11.01566 -0.8613331 -10.74172 -0.8972849 -8.157526 0.06785589 -11.00815 -0.07529956 -8.157524 -0.2731218 -8.165131 -0.2731218 -8.165131 -0.3648688 -11.0381 -0.2462236 -11.04277 -0.4934297 -11.03229 -0.4816717 -8.164187 -0.6224197 -11.02604 0.06589221 -3.288958 -0.287655 -3.253825 -0.3546515 -4.029742 -0.9331775 -4.043614 -0.9543362 -3.235647 -1.310285 -3.244683 -0.6709447 -5.664468 -0.6385133 -4.003226 -0.9331775 -4.043614 -0.3546515 -4.029742 -0.6385133 -4.003226 -0.6709447 -5.664468 -0.89056 -5.651301 -0.9331775 -4.043614 -1.23819 -4.06877 -0.05295133 -5.671653 -0.05926662 -4.103232 -0.2571696 -5.677462 -0.6385133 -4.003226 -0.6140136 -3.23185 -0.9543362 -3.235647 -0.287655 -3.253825 -0.6140136 -3.23185 -0.6385133 -4.003226 -0.9543362 -3.235647 -0.8894824 -1.60378 -1.219697 -1.570414 -0.2408894 -1.548515 -0.5591751 -1.558686 -0.6140136 -3.23185 -0.6140136 -3.23185 -0.5591751 -1.558686 -0.8894824 -1.60378 0.1018522 -1.61818 -0.2408894 -1.548515 -0.287655 -3.253825 -0.7670143 2.147744 -1.102164 2.179871 -1.219697 -1.570414 -0.2408894 -1.548515 -0.09395706 2.204244 -0.4199507 2.190159 -0.5591751 -1.558686 -0.4199507 2.190159 -0.7670143 2.147744 0.2519327 2.132225 -0.09395706 2.204244 -0.2408894 -1.548515 -0.7342016 4.856627 -1.138946 4.870954 -1.102164 2.179871 -0.09395706 2.204244 0.06345635 4.800545 -0.3291547 4.814157 -0.4199507 2.190159 -0.3291547 4.814157 -0.7342016 4.856627 0.4788656 4.81328 0.06345635 4.800545 -0.09395706 2.204244 -0.7342016 4.856627 -0.1326556 16.5689 -0.3503937 16.57188 0.2921131 16.54562 0.08332377 16.55803 -0.3291547 4.814157 0.08332377 16.55803 -0.1326556 16.5689 -0.7342016 4.856627 0.4788656 4.81328 0.5141112 16.54936 0.2921131 16.54562 1.356071 -14.00413 1.213194 -13.98191 1.077091 -15.63096 1.446669 -15.57183 1.527204 -13.99527 1.356071 -14.00413 1.377615 -12.94173 1.23196 -12.93589 1.213194 -13.98191 1.527204 -13.99527 1.537237 -12.95115 1.377615 -12.94173 1.377615 -12.94173 1.512918 -8.848838 1.44091 -8.848596 1.537237 -12.95115 1.581089 -8.848596 1.512918 -8.848838 1.64288 -15.53619 1.527204 -13.99527 1.446669 -15.57183 1.689157 -13.99064 1.527204 -13.99527 1.64288 -15.53619 1.689157 -13.99064 1.702637 -12.94417 1.537237 -12.95115 1.649464 -8.852618 1.581089 -8.848596 1.537237 -12.95115 0.3674176 -0.2788091 0.1702879 -0.2682527 0.1777434 -1.816222 0.5684144 -1.791035 0.5840796 -0.3371102 0.3674176 -0.2788091 0.3408035 3.001367 0.3147224 5.761333 0.2313391 5.753794 0.4083613 5.76204 0.3147224 5.761333 0.3408035 3.001367 0.1777434 -1.816222 0.1702879 -0.2682527 -0.0441147 -0.3332769 0.2000109 2.999769 0.2313391 5.753794 0.1359279 5.76204 -0.4816717 -8.164187 -0.6831986 -8.158868 -0.7391011 -10.7407 -0.7998449 -11.00127 -0.8613331 -10.74172 -0.9370864 -11.01566 -0.6831986 -8.158868 -0.8972849 -8.157526 -0.8613331 -10.74172 0.1958758 -2.849028 0.3447569 -2.866964 0.1646652 -2.679599 0.5381318 -2.722493 0.5684144 -1.791035 0.3598683 -1.833008 -0.06701272 -2.764104 -0.03644788 -1.789774 -0.2130506 -2.750313 0.1958758 -2.849028 0.1646652 -2.679599 -0.06701272 -2.764104 -0.6224197 -11.02604 -0.7391011 -10.7407 -0.7617059 -11.00433 0.6300789 -1.589557 0.5214232 -1.585328 0.5678625 -2.594201 0.7967867 -2.581973 0.7484181 -1.607298 0.6300789 -1.589557 0.6300789 -1.589557 0.5340557 1.589032 0.4792372 1.583837 0.5888826 1.602947 0.5340557 1.589032 0.6300789 -1.589557 0.9176249 -2.57882 0.8658019 -1.569502 0.7484181 -1.607298 0.8658019 -1.569502 0.645433 1.590921 0.5888826 1.602947 0.6737965 -2.604571 0.5678625 -2.594201 0.4792371 -3.719256 0.741545 -3.497501 0.7967867 -2.581973 0.6737965 -2.604571 0.8885016 -3.486212 0.7967867 -2.581973 0.741545 -3.497501 0.9176249 -2.57882 0.7967867 -2.581973 0.8885016 -3.486212 0.3674176 -0.2788091 0.3408035 3.001367 0.2000109 2.999769 0.4933918 3.000885 0.3408035 3.001367 0.3674176 -0.2788091 0.1702879 -0.2682527 0.2000109 2.999769 0.0419436 3.00054 -0.05742287 -11.02329 -0.2731218 -8.165131 -0.1934668 -11.04322 -0.1934668 -11.04322 0.3800216 -12.89966 0.8729211 -12.77699 0.2976318 -12.90793 0.3800216 -12.89966 -0.1934668 -11.04322 -0.2731218 -8.165131 -0.2462236 -11.04277 -0.1934668 -11.04322 -0.7998449 -11.00127 -1.535711 -12.87014 -1.267882 -12.89375 0.3447569 -2.866964 0.1958758 -2.849028 0.2991486 -4.227498 0.6526677 -3.656086 0.5381318 -2.722493 0.3447569 -2.866964 -0.06701272 -2.764104 -0.2130506 -2.750313 -0.3313784 -3.7203 0.1958758 -2.849028 -0.06701272 -2.764104 -0.04039061 -3.739613 0.1646652 -2.679599 0.1742413 -2.416028 -0.06701272 -2.764104 0.1646652 -2.679599 0.3447569 -2.866964 0.1742413 -2.416028 0.1742413 -2.416028 0.1777434 -1.816222 -0.03644788 -1.789774 0.3598683 -1.833008 0.1777434 -1.816222 0.1742413 -2.416028 0.7281361 0.7816033 0.9999 0.7802446 0.9999001 0.9999001 0.7281361 0.7816033 0.7281361 0.5627887 0.866765 0.6806516 0.7281361 0.9999001 0.7281361 0.7816033 0.9999001 0.9999001 0.9999001 0.5695406 0.9999 0.7802446 0.866765 0.6806516 0.7281361 0.5627887 0.9999001 0.5695406 0.866765 0.6806516 0.9999 0.7802446 0.7281361 0.7816033 0.866765 0.6806516 0.7281361 0.7816033 0.9999 0.7802446 0.9999001 0.9999001 0.7281361 0.9999001 0.7281361 0.7816033 0.9999001 0.9999001 0.7281361 0.7816033 0.7281361 0.5627887 0.866765 0.6806516 0.9999001 0.5695406 0.9999 0.7802446 0.866765 0.6806516 0.7281361 0.5627887 0.9999001 0.5695406 0.866765 0.6806516 0.9999 0.7802446 0.7281361 0.7816033 0.866765 0.6806516 0.7281361 0.7816033 0.7281361 0.5627887 0.866765 0.6806516 0.9999001 0.5695406 0.9999 0.7802446 0.866765 0.6806516 0.7281361 0.5627887 0.9999001 0.5695406 0.866765 0.6806516 0.9999 0.7802446 0.7281361 0.7816033 0.866765 0.6806516 0.7281361 0.7816033 0.7281361 0.5627887 0.866765 0.6806516 0.9999001 0.5695406 0.9999 0.7802446 0.866765 0.6806516 0.7281361 0.5627887 0.9999001 0.5695406 0.866765 0.6806516 0.9999 0.7802446 0.7281361 0.7816033 0.866765 0.6806516 0.7281361 0.7816033 0.7281361 0.5627887 0.866765 0.6806516 0.9999001 0.5695406 0.9999 0.7802446 0.866765 0.6806516 0.7281361 0.5627887 0.9999001 0.5695406 0.866765 0.6806516 0.9999 0.7802446 0.7281361 0.7816033 0.866765 0.6806516 0.7281361 0.7816033 0.7281361 0.5627887 0.866765 0.6806516 0.9999001 0.5695406 0.9999 0.7802446 0.866765 0.6806516 0.7281361 0.5627887 0.9999001 0.5695406 0.866765 0.6806516 0.9999 0.7802446 0.7281361 0.7816033 0.866765 0.6806516 0.7281361 0.7816033 0.7281361 0.5627887 0.866765 0.6806516 0.9999001 0.5695406 0.9999 0.7802446 0.866765 0.6806516 0.7281361 0.5627887 0.9999001 0.5695406 0.866765 0.6806516 0.9999 0.7802446 0.7281361 0.7816033 0.866765 0.6806516 0.7281361 0.7816033 0.7281361 0.5627887 0.866765 0.6806516 0.9999001 0.5695406 0.9999 0.7802446 0.866765 0.6806516 0.7281361 0.5627887 0.9999001 0.5695406 0.866765 0.6806516 0.9999 0.7802446 0.7281361 0.7816033 0.866765 0.6806516 0.7281361 0.7816033 0.7281361 0.5627887 0.866765 0.6806516 0.9999001 0.5695406 0.9999 0.7802446 0.866765 0.6806516 0.7281361 0.5627887 0.9999001 0.5695406 0.866765 0.6806516 0.9999 0.7802446 0.7281361 0.7816033 0.866765 0.6806516 0.7281361 0.7816033 0.7281361 0.5627887 0.866765 0.6806516 0.9999001 0.5695406 0.9999 0.7802446 0.866765 0.6806516 0.7281361 0.5627887 0.9999001 0.5695406 0.866765 0.6806516 0.9999 0.7802446 0.7281361 0.7816033 0.866765 0.6806516 0.7281361 0.7816033 0.7281361 0.5627887 0.866765 0.6806516 0.9999001 0.5695406 0.9999 0.7802446 0.866765 0.6806516 0.7281361 0.5627887 0.9999001 0.5695406 0.866765 0.6806516 0.9999 0.7802446 0.7281361 0.7816033 0.866765 0.6806516 0.7281361 0.7816033 0.7281361 0.5627887 0.866765 0.6806516 0.9999001 0.5695406 0.9999 0.7802446 0.866765 0.6806516 0.7281361 0.5627887 0.9999001 0.5695406 0.866765 0.6806516 0.9999 0.7802446 0.7281361 0.7816033 0.866765 0.6806516 0.7281361 0.7816033 0.9999 0.7802446 0.9999001 0.9999001 0.7281361 0.9999001 0.7281361 0.7816033 0.9999001 0.9999001 0.7281361 0.7816033 0.7281361 0.5627887 0.866765 0.6806516 0.9999001 0.5695406 0.9999 0.7802446 0.866765 0.6806516 0.7281361 0.5627887 0.9999001 0.5695406 0.866765 0.6806516 0.9999 0.7802446 0.7281361 0.7816033 0.866765 0.6806516 0.7281361 0.7816033 0.7281361 0.5627887 0.866765 0.6806516 0.9999001 0.5695406 0.9999 0.7802446 0.866765 0.6806516 0.7281361 0.5627887 0.9999001 0.5695406 0.866765 0.6806516 0.9999 0.7802446 0.7281361 0.7816033 0.866765 0.6806516 0.7281361 0.7816033 0.7281361 0.5627887 0.866765 0.6806516 0.9999001 0.5695406 0.9999 0.7802446 0.866765 0.6806516 0.7281361 0.5627887 0.9999001 0.5695406 0.866765 0.6806516 0.9999 0.7802446 0.7281361 0.7816033 0.866765 0.6806516 0.7281361 0.7816033 0.7281361 0.5627887 0.866765 0.6806516 0.9999001 0.5695406 0.9999 0.7802446 0.866765 0.6806516 0.7281361 0.5627887 0.9999001 0.5695406 0.866765 0.6806516 0.9999 0.7802446 0.7281361 0.7816033 0.866765 0.6806516 0.7281361 0.7816033 0.7281361 0.5627887 0.866765 0.6806516 0.9999001 0.5695406 0.9999 0.7802446 0.866765 0.6806516 0.7281361 0.5627887 0.9999001 0.5695406 0.866765 0.6806516 0.9999 0.7802446 0.7281361 0.7816033 0.866765 0.6806516 0.7281361 0.7816033 0.7281361 0.5627887 0.866765 0.6806516 0.9999001 0.5695406 0.9999 0.7802446 0.866765 0.6806516 0.7281361 0.5627887 0.9999001 0.5695406 0.866765 0.6806516 0.9999 0.7802446 0.7281361 0.7816033 0.866765 0.6806516 0.7281361 0.7816033 0.7281361 0.5627887 0.866765 0.6806516 0.9999001 0.5695406 0.9999 0.7802446 0.866765 0.6806516 0.7281361 0.5627887 0.9999001 0.5695406 0.866765 0.6806516 0.9999 0.7802446 0.7281361 0.7816033 0.866765 0.6806516 0.7281361 0.7816033 0.7281361 0.5627887 0.866765 0.6806516 0.9999001 0.5695406 0.9999 0.7802446 0.866765 0.6806516 0.7281361 0.5627887 0.9999001 0.5695406 0.866765 0.6806516 0.9999 0.7802446 0.7281361 0.7816033 0.866765 0.6806516 0.7281361 0.7816033 0.7281361 0.5627887 0.866765 0.6806516 0.9999001 0.5695406 0.9999 0.7802446 0.866765 0.6806516 0.7281361 0.5627887 0.9999001 0.5695406 0.866765 0.6806516 0.9999 0.7802446 0.7281361 0.7816033 0.866765 0.6806516 0.7281361 0.7816033 0.7281361 0.5627887 0.866765 0.6806516 0.9999001 0.5695406 0.9999 0.7802446 0.866765 0.6806516 0.7281361 0.5627887 0.9999001 0.5695406 0.866765 0.6806516 0.9999 0.7802446 0.7281361 0.7816033 0.866765 0.6806516 0.7281361 0.7816033 0.7281361 0.5627887 0.866765 0.6806516 0.9999001 0.5695406 0.9999 0.7802446 0.866765 0.6806516 0.7281361 0.5627887 0.9999001 0.5695406 0.866765 0.6806516 0.9999 0.7802446 0.7281361 0.7816033 0.866765 0.6806516 0.7281361 0.7816033 0.7281361 0.5627887 0.866765 0.6806516 0.9999001 0.5695406 0.9999 0.7802446 0.866765 0.6806516 0.7281361 0.5627887 0.9999001 0.5695406 0.866765 0.6806516 0.9999 0.7802446 0.7281361 0.7816033 0.866765 0.6806516 0.7281361 0.7816033 0.7281361 0.5627887 0.866765 0.6806516 0.9999001 0.5695406 0.9999 0.7802446 0.866765 0.6806516 0.7281361 0.5627887 0.9999001 0.5695406 0.866765 0.6806516 0.9999 0.7802446 0.7281361 0.7816033 0.866765 0.6806516 0.7281361 0.7816033 0.7281361 0.5627887 0.866765 0.6806516 0.9999001 0.5695406 0.9999 0.7802446 0.866765 0.6806516 0.7281361 0.5627887 0.9999001 0.5695406 0.866765 0.6806516 0.9999 0.7802446 0.7281361 0.7816033 0.866765 0.6806516 0.7281361 0.7816033 0.7281361 0.5627887 0.866765 0.6806516 0.9999001 0.5695406 0.9999 0.7802446 0.866765 0.6806516 0.7281361 0.5627887 0.9999001 0.5695406 0.866765 0.6806516 0.9999 0.7802446 0.7281361 0.7816033 0.866765 0.6806516 0.7281361 0.7816033 0.7281361 0.5627887 0.866765 0.6806516 0.9999001 0.5695406 0.9999 0.7802446 0.866765 0.6806516 0.7281361 0.5627887 0.9999001 0.5695406 0.866765 0.6806516 0.9999 0.7802446 0.7281361 0.7816033 0.866765 0.6806516 0.7281361 0.7816033 0.7281361 0.5627887 0.866765 0.6806516 0.9999001 0.5695406 0.9999 0.7802446 0.866765 0.6806516 0.7281361 0.5627887 0.9999001 0.5695406 0.866765 0.6806516 0.9999 0.7802446 0.7281361 0.7816033 0.866765 0.6806516 0.7281361 0.7816033 0.9999 0.7802446 0.9999001 0.9999001 0.7281361 0.9999001 0.7281361 0.7816033 0.9999001 0.9999001 0.7281361 0.7816033 0.9999 0.7802446 0.9999001 0.9999001 0.7281361 0.9999001 0.7281361 0.7816033 0.9999001 0.9999001 0.7281361 0.7816033 0.9999 0.7802446 0.9999001 0.9999001 0.7281361 0.9999001 0.7281361 0.7816033 0.9999001 0.9999001 0.9999 0.7802446 0.7281361 0.7816033 0.9999001 0.5695406 0.7281361 0.7816033 0.7281361 0.5627887 0.9999001 0.5695406 0.9999 0.7802446 0.7281361 0.7816033 0.9999001 0.5695406 0.7281361 0.7816033 0.7281361 0.5627887 0.9999001 0.5695406 0.9999 0.7802446 0.7281361 0.7816033 0.9999001 0.5695406 0.7281361 0.7816033 0.7281361 0.5627887 0.9999001 0.5695406 0.9999 0.7802446 0.7281361 0.7816033 0.9999001 0.5695406 0.7281361 0.7816033 0.7281361 0.5627887 0.9999001 0.5695406 0.9999 0.7802446 0.7281361 0.7816033 0.9999001 0.5695406 0.7281361 0.7816033 0.7281361 0.5627887 0.9999001 0.5695406 0.9999 0.7802446 0.7281361 0.7816033 0.9999001 0.5695406 0.7281361 0.7816033 0.7281361 0.5627887 0.9999001 0.5695406 0.7281361 0.7816033 0.9999 0.7802446 0.9999001 0.9999001 0.7281361 0.9999001 0.7281361 0.7816033 0.9999001 0.9999001 0.9999 0.7802446 0.7281361 0.7816033 0.9999001 0.5695406 0.7281361 0.7816033 0.7281361 0.5627887 0.9999001 0.5695406 0.9999 0.7802446 0.7281361 0.7816033 0.9999001 0.5695406 0.7281361 0.7816033 0.7281361 0.5627887 0.9999001 0.5695406 0.9999 0.7802446 0.7281361 0.7816033 0.9999001 0.5695406 0.7281361 0.7816033 0.7281361 0.5627887 0.9999001 0.5695406 0.9999 0.7802446 0.7281361 0.7816033 0.9999001 0.5695406 0.7281361 0.7816033 0.7281361 0.5627887 0.9999001 0.5695406 0.9999 0.7802446 0.7281361 0.7816033 0.9999001 0.5695406 0.7281361 0.7816033 0.7281361 0.5627887 0.9999001 0.5695406 0.9999 0.7802446 0.7281361 0.7816033 0.9999001 0.5695406 0.7281361 0.7816033 0.7281361 0.5627887 0.9999001 0.5695406 0.9999 0.7802446 0.7281361 0.7816033 0.9999001 0.5695406 0.7281361 0.7816033 0.7281361 0.5627887 0.9999001 0.5695406 0.9999 0.7802446 0.7281361 0.7816033 0.9999001 0.5695406 0.7281361 0.7816033 0.7281361 0.5627887 0.9999001 0.5695406 0.9999 0.7802446 0.7281361 0.7816033 0.9999001 0.5695406 0.7281361 0.7816033 0.7281361 0.5627887 0.9999001 0.5695406 0.9999 0.7802446 0.7281361 0.7816033 0.9999001 0.5695406 0.7281361 0.7816033 0.7281361 0.5627887 0.9999001 0.5695406 0.9999 0.7802446 0.7281361 0.7816033 0.9999001 0.5695406 0.7281361 0.7816033 0.7281361 0.5627887 0.9999001 0.5695406 0.9999 0.7802446 0.7281361 0.7816033 0.9999001 0.5695406 0.7281361 0.7816033 0.7281361 0.5627887 0.9999001 0.5695406 0.7281361 0.7816033 0.9999 0.7802446 0.9999001 0.9999001 0.7281361 0.9999001 0.7281361 0.7816033 0.9999001 0.9999001 0.7281361 0.7816033 0.9999 0.7802446 0.9999001 0.9999001 0.7281361 0.9999001 0.7281361 0.7816033 0.9999001 0.9999001 0.7281361 0.7816033 0.9999 0.7802446 0.9999001 0.9999001 0.7281361 0.9999001 0.7281361 0.7816033 0.9999001 0.9999001 0.7281361 0.7816033 0.9999 0.7802446 0.9999001 0.9999001 0.7281361 0.9999001 0.7281361 0.7816033 0.9999001 0.9999001 0.7281361 0.7816033 0.9999 0.7802446 0.9999001 0.9999001 0.7281361 0.9999001 0.7281361 0.7816033 0.9999001 0.9999001 0.7281361 0.7816033 0.9999 0.7802446 0.9999001 0.9999001 0.7281361 0.9999001 0.7281361 0.7816033 0.9999001 0.9999001 0.9999 0.7802446 0.7281361 0.7816033 0.9999001 0.5695406 0.7281361 0.7816033 0.7281361 0.5627887 0.9999001 0.5695406 0.9999 0.7802446 0.7281361 0.7816033 0.9999001 0.5695406 0.7281361 0.7816033 0.7281361 0.5627887 0.9999001 0.5695406 0.9999 0.7802446 0.7281361 0.7816033 0.9999001 0.5695406 0.7281361 0.7816033 0.7281361 0.5627887 0.9999001 0.5695406 0.9999 0.7802446 0.7281361 0.7816033 0.9999001 0.5695406 0.7281361 0.7816033 0.7281361 0.5627887 0.9999001 0.5695406 0.9999 0.7802446 0.7281361 0.7816033 0.9999001 0.5695406 0.7281361 0.7816033 0.7281361 0.5627887 0.9999001 0.5695406 0.9999 0.7802446 0.7281361 0.7816033 0.9999001 0.5695406 0.7281361 0.7816033 0.7281361 0.5627887 0.9999001 0.5695406 0.9999 0.7802446 0.7281361 0.7816033 0.9999001 0.5695406 0.7281361 0.7816033 0.7281361 0.5627887 0.9999001 0.5695406 0.9999 0.7802446 0.7281361 0.7816033 0.9999001 0.5695406 0.7281361 0.7816033 0.7281361 0.5627887 0.9999001 0.5695406 0.9999 0.7802446 0.7281361 0.7816033 0.9999001 0.5695406 0.7281361 0.7816033 0.7281361 0.5627887 0.9999001 0.5695406 0.9999 0.7802446 0.7281361 0.7816033 0.9999001 0.5695406 0.7281361 0.7816033 0.7281361 0.5627887 0.9999001 0.5695406 0.9999 0.7802446 0.7281361 0.7816033 0.9999001 0.5695406 0.7281361 0.7816033 0.7281361 0.5627887 0.9999001 0.5695406 0.9999 0.7802446 0.7281361 0.7816033 0.9999001 0.5695406 0.7281361 0.7816033 0.7281361 0.5627887 0.9999001 0.5695406 0.9999 0.7802446 0.7281361 0.7816033 0.9999001 0.5695406 0.7281361 0.7816033 0.7281361 0.5627887 0.9999001 0.5695406 0.9999 0.7802446 0.7281361 0.7816033 0.9999001 0.5695406 0.7281361 0.7816033 0.7281361 0.5627887 0.9999001 0.5695406 0.9999 0.7802446 0.7281361 0.7816033 0.9999001 0.5695406 0.7281361 0.7816033 0.7281361 0.5627887 0.9999001 0.5695406 0.9999 0.7802446 0.7281361 0.7816033 0.9999001 0.5695406 0.7281361 0.7816033 0.7281361 0.5627887 0.9999001 0.5695406 0.9999 0.7802446 0.7281361 0.7816033 0.9999001 0.5695406 0.7281361 0.7816033 0.7281361 0.5627887 0.9999001 0.5695406 0.9999 0.7802446 0.7281361 0.7816033 0.9999001 0.5695406 0.7281361 0.7816033 0.7281361 0.5627887 0.9999001 0.5695406 0.9999 0.7802446 0.7281361 0.7816033 0.9999001 0.5695406 0.7281361 0.7816033 0.7281361 0.5627887 0.9999001 0.5695406 0.9999 0.7802446 0.7281361 0.7816033 0.9999001 0.5695406 0.7281361 0.7816033 0.7281361 0.5627887 0.9999001 0.5695406 0.9999 0.7802446 0.7281361 0.7816033 0.9999001 0.5695406 0.7281361 0.7816033 0.7281361 0.5627887 0.9999001 0.5695406 0.9999 0.7802446 0.7281361 0.7816033 0.9999001 0.5695406 0.7281361 0.7816033 0.7281361 0.5627887 0.9999001 0.5695406 0.9999 0.7802446 0.7281361 0.7816033 0.9999001 0.5695406 0.7281361 0.7816033 0.7281361 0.5627887 0.9999001 0.5695406 0.9999 0.7802446 0.7281361 0.7816033 0.9999001 0.5695406 0.7281361 0.7816033 0.7281361 0.5627887 0.9999001 0.5695406 0.9999 0.7802446 0.7281361 0.7816033 0.9999001 0.5695406 0.7281361 0.7816033 0.7281361 0.5627887 0.9999001 0.5695406 0.9999 0.7802446 0.7281361 0.7816033 0.9999001 0.5695406 0.7281361 0.7816033 0.7281361 0.5627887 0.9999001 0.5695406 0.9999 0.7802446 0.7281361 0.7816033 0.9999001 0.5695406 0.7281361 0.7816033 0.7281361 0.5627887 0.9999001 0.5695406 0.9999 0.7802446 0.7281361 0.7816033 0.9999001 0.5695406 0.7281361 0.7816033 0.7281361 0.5627887 0.9999001 0.5695406 0.9999 0.7802446 0.7281361 0.7816033 0.9999001 0.5695406 0.7281361 0.7816033 0.7281361 0.5627887 0.9999001 0.5695406 0.9999 0.7802446 0.7281361 0.7816033 0.9999001 0.5695406 0.7281361 0.7816033 0.7281361 0.5627887 0.9999001 0.5695406 0.9999 0.7802446 0.7281361 0.7816033 0.9999001 0.5695406 0.7281361 0.7816033 0.7281361 0.5627887 0.9999001 0.5695406 0.9999 0.7802446 0.7281361 0.7816033 0.9999001 0.5695406 0.7281361 0.7816033 0.7281361 0.5627887 0.9999001 0.5695406 0.9999 0.7802446 0.7281361 0.7816033 0.9999001 0.5695406 0.7281361 0.7816033 0.7281361 0.5627887 0.9999001 0.5695406 0.9999 0.7802446 0.7281361 0.7816033 0.9999001 0.5695406 0.7281361 0.7816033 0.7281361 0.5627887 0.9999001 0.5695406 0.9999 0.7802446 0.7281361 0.7816033 0.9999001 0.5695406 0.7281361 0.7816033 0.7281361 0.5627887 0.9999001 0.5695406 0.9999 0.7802446 0.7281361 0.7816033 0.9999001 0.5695406 0.7281361 0.7816033 0.7281361 0.5627887 0.9999001 0.5695406 0.9999 0.7802446 0.7281361 0.7816033 0.9999001 0.5695406 0.7281361 0.7816033 0.7281361 0.5627887 0.9999001 0.5695406 0.9999 0.7802446 0.7281361 0.7816033 0.9999001 0.5695406 0.7281361 0.7816033 0.7281361 0.5627887 0.9999001 0.5695406 0.9999 0.7802446 0.7281361 0.7816033 0.9999001 0.5695406 0.7281361 0.7816033 0.7281361 0.5627887 0.9999001 0.5695406 0.9999 0.7802446 0.7281361 0.7816033 0.9999001 0.5695406 0.7281361 0.7816033 0.7281361 0.5627887 0.9999001 0.5695406 0.9999 0.7802446 0.7281361 0.7816033 0.9999001 0.5695406 0.7281361 0.7816033 0.7281361 0.5627887 0.9999001 0.5695406 0.9999 0.7802446 0.7281361 0.7816033 0.9999001 0.5695406 0.7281361 0.7816033 0.7281361 0.5627887 0.9999001 0.5695406 0.9999 0.7802446 0.7281361 0.7816033 0.9999001 0.5695406 0.7281361 0.7816033 0.7281361 0.5627887 0.9999001 0.5695406 0.9999 0.7802446 0.7281361 0.7816033 0.9999001 0.5695406 0.7281361 0.7816033 0.7281361 0.5627887 0.9999001 0.5695406 0.9999 0.7802446 0.7281361 0.7816033 0.9999001 0.5695406 0.7281361 0.7816033 0.7281361 0.5627887 0.9999001 0.5695406 0.9999 0.7802446 0.7281361 0.7816033 0.9999001 0.5695406 0.7281361 0.7816033 0.7281361 0.5627887 0.9999001 0.5695406 0.9999 0.7802446 0.7281361 0.7816033 0.9999001 0.5695406 0.7281361 0.7816033 0.7281361 0.5627887 0.9999001 0.5695406 0.9999 0.7802446 0.7281361 0.7816033 0.9999001 0.5695406 0.7281361 0.7816033 0.7281361 0.5627887 0.9999001 0.5695406 0.9999 0.7802446 0.7281361 0.7816033 0.9999001 0.5695406 0.7281361 0.7816033 0.7281361 0.5627887 0.9999001 0.5695406 0.9999001 0.001106619 0.9999001 0.9999001 0.8789055 0.4625447 0.6731231 0.001106619 0.9999001 0.001106619 0.8789055 0.4625447 0.9999001 0.9999001 0.6731231 0.001106619 0.8789055 0.4625447 0.1468858 0.4394145 0.002034306 0.9929001 0.3739684 0.9929 0.002034306 0.9929001 0.1468858 0.4394145 0.01759999 9.998e-5 0.1468858 0.4394145 0.3043724 0.4817284 0.01759999 9.998e-5 0.3739684 0.9929 0.3043724 0.4817284 0.1468858 0.4394145 0.2378866 0.001106619 0.551374 0.5313483 0.6708162 0.001106619 0.3759027 0.9995645 0.551374 0.5313483 0.3095951 0.5195625 0.8107848 0.9995645 0.551374 0.5313483 0.6226554 0.9995645 0.7390388 0.4874166 0.551374 0.5313483 0.8107848 0.9995645 0.6226554 0.9995645 0.551374 0.5313483 0.3759027 0.9995645 0.3095951 0.5195625 0.551374 0.5313483 0.2378866 0.001106619 0.6708162 0.001106619 0.551374 0.5313483 0.7390388 0.4874166 0.2378866 0.001106619 0.6708162 0.001106619 0.551374 0.5313483 0.3759027 0.9995645 0.3095951 0.5195625 0.551374 0.5313483 0.8107848 0.9995645 0.6226554 0.9995645 0.551374 0.5313483 0.7390388 0.4874166 0.8107848 0.9995645 0.551374 0.5313483 0.6226554 0.9995645 0.3759027 0.9995645 0.551374 0.5313483 0.3095951 0.5195625 0.2378866 0.001106619 0.551374 0.5313483 0.6708162 0.001106619 0.7390388 0.4874166 0.551374 0.5313483 0.1468858 0.4394145 0.3739684 0.9929 0.002034306 0.9929001 0.002034306 0.9929001 0.01759999 9.998e-5 0.1468858 0.4394145 0.1468858 0.4394145 0.01759999 9.998e-5 0.3043724 0.4817284 0.3739684 0.9929 0.1468858 0.4394145 0.3043724 0.4817284 0.2378866 0.001106619 0.6708162 0.001106619 0.551374 0.5313483 0.3759027 0.9995645 0.3095951 0.5195625 0.551374 0.5313483 0.8107848 0.9995645 0.6226554 0.9995645 0.551374 0.5313483 0.7390388 0.4874166 0.8107848 0.9995645 0.551374 0.5313483 0.6226554 0.9995645 0.3759027 0.9995645 0.551374 0.5313483 0.3095951 0.5195625 0.2378866 0.001106619 0.551374 0.5313483 0.6708162 0.001106619 0.7390388 0.4874166 0.551374 0.5313483 0.2378866 0.001106619 0.6708162 0.001106619 0.551374 0.5313483 0.3759027 0.9995645 0.3095951 0.5195625 0.551374 0.5313483 0.8107848 0.9995645 0.6226554 0.9995645 0.551374 0.5313483 0.7390388 0.4874166 0.8107848 0.9995645 0.551374 0.5313483 0.6226554 0.9995645 0.3759027 0.9995645 0.551374 0.5313483 0.3095951 0.5195625 0.2378866 0.001106619 0.551374 0.5313483 0.6708162 0.001106619 0.7390388 0.4874166 0.551374 0.5313483 0.9999001 0.001106619 0.8789055 0.4625447 0.9999001 0.9999001 0.6731231 0.001106619 0.8789055 0.4625447 0.9999001 0.001106619 0.9999001 0.9999001 0.8789055 0.4625447 0.6731231 0.001106619 0.1468858 0.4394145 0.3739684 0.9929 0.002034306 0.9929001 0.002034306 0.9929001 0.01759999 9.998e-5 0.1468858 0.4394145 0.1468858 0.4394145 0.01759999 9.998e-5 0.3043724 0.4817284 0.3739684 0.9929 0.1468858 0.4394145 0.3043724 0.4817284 0.2378866 0.001106619 0.6708162 0.001106619 0.551374 0.5313483 0.3759027 0.9995645 0.3095951 0.5195625 0.551374 0.5313483 0.8107848 0.9995645 0.6226554 0.9995645 0.551374 0.5313483 0.7390388 0.4874166 0.8107848 0.9995645 0.551374 0.5313483 0.6226554 0.9995645 0.3759027 0.9995645 0.551374 0.5313483 0.3095951 0.5195625 0.2378866 0.001106619 0.551374 0.5313483 0.6708162 0.001106619 0.7390388 0.4874166 0.551374 0.5313483 0.2378866 0.001106619 0.551374 0.5313483 0.6708162 0.001106619 0.3759027 0.9995645 0.551374 0.5313483 0.3095951 0.5195625 0.8107848 0.9995645 0.551374 0.5313483 0.6226554 0.9995645 0.7390388 0.4874166 0.551374 0.5313483 0.8107848 0.9995645 0.6226554 0.9995645 0.551374 0.5313483 0.3759027 0.9995645 0.3095951 0.5195625 0.551374 0.5313483 0.2378866 0.001106619 0.6708162 0.001106619 0.551374 0.5313483 0.7390388 0.4874166 0.1468858 0.4394145 0.002034306 0.9929001 0.3739684 0.9929 0.002034306 0.9929001 0.1468858 0.4394145 0.01759999 9.998e-5 0.1468858 0.4394145 0.3043724 0.4817284 0.01759999 9.998e-5 0.3739684 0.9929 0.3043724 0.4817284 0.1468858 0.4394145 0.2378866 0.001106619 0.551374 0.5313483 0.6708162 0.001106619 0.3759027 0.9995645 0.551374 0.5313483 0.3095951 0.5195625 0.8107848 0.9995645 0.551374 0.5313483 0.6226554 0.9995645 0.7390388 0.4874166 0.551374 0.5313483 0.8107848 0.9995645 0.6226554 0.9995645 0.551374 0.5313483 0.3759027 0.9995645 0.3095951 0.5195625 0.551374 0.5313483 0.2378866 0.001106619 0.6708162 0.001106619 0.551374 0.5313483 0.7390388 0.4874166 0.2378866 0.001106619 0.551374 0.5313483 0.6708162 0.001106619 0.3759027 0.9995645 0.551374 0.5313483 0.3095951 0.5195625 0.8107848 0.9995645 0.551374 0.5313483 0.6226554 0.9995645 0.7390388 0.4874166 0.551374 0.5313483 0.8107848 0.9995645 0.6226554 0.9995645 0.551374 0.5313483 0.3759027 0.9995645 0.3095951 0.5195625 0.551374 0.5313483 0.2378866 0.001106619 0.6708162 0.001106619 0.551374 0.5313483 0.7390388 0.4874166 1.00099e-4 9.998e-5 0.6386566 1.00017e-4 0.3136724 0.2860494 0.3136724 0.2860494 0.6386566 0.300652 0.6386566 0.5591769 0.007033586 0.5548431 1.00099e-4 9.998e-5 0.3136724 0.2860494 0.6386566 1.00017e-4 0.6386566 0.300652 0.3136724 0.2860494 0.007033586 0.5548431 0.3136724 0.2860494 0.6386566 0.5591769 0.8185026 1.00029e-4 0.9999001 1.0004e-4 0.9999001 0.2235139 0.6481993 0.2288743 0.8233681 0.2320287 0.8258009 0.419357 0.8185026 1.00029e-4 0.8233681 0.2320287 0.6481993 0.2288743 0.8258009 0.419357 0.9994118 0.5666688 0.6446277 0.5604946 0.9999001 0.2235139 0.9994118 0.5666688 0.8258009 0.419357 0.8185026 1.00029e-4 0.9999001 1.0004e-4 0.9999001 0.2235139 0.6481993 0.2288743 0.8233681 0.2320287 0.8258009 0.419357 0.8185026 1.00029e-4 0.8233681 0.2320287 0.6481993 0.2288743 0.8258009 0.419357 0.9994118 0.5666688 0.6446277 0.5604946 0.9999001 0.2235139 0.9994118 0.5666688 0.8258009 0.419357 0.8185026 1.00029e-4 0.9999001 1.0004e-4 0.9999001 0.2235139 0.6481993 0.2288743 0.8233681 0.2320287 0.8258009 0.419357 0.8185026 1.00029e-4 0.8233681 0.2320287 0.6481993 0.2288743 0.8258009 0.419357 0.9994118 0.5666688 0.6446277 0.5604946 0.9999001 0.2235139 0.9994118 0.5666688 0.8258009 0.419357 0.7266577 0.8609114 0.7266577 0.9999001 0.5695388 0.9999001 0.5728923 0.5648676 0.7266577 0.5648677 0.7266577 0.7219228 0.5717744 0.7219226 0.7266577 0.7219228 0.7266577 0.8609114 0.5706566 0.8609114 0.7266577 0.8609114 0.5695388 0.9999001 0.5717744 0.7219226 0.5728923 0.5648676 0.7266577 0.7219228 0.7266577 0.8609114 0.7266577 0.9999001 0.5695388 0.9999001 0.5728923 0.5648676 0.7266577 0.5648677 0.7266577 0.7219228 0.5717744 0.7219226 0.7266577 0.7219228 0.7266577 0.8609114 0.5706566 0.8609114 0.7266577 0.8609114 0.5695388 0.9999001 0.5717744 0.7219226 0.5728923 0.5648676 0.7266577 0.7219228 0.5655792 0.5724869 9.998e-5 0.9733611 0.2027099 0.6901947 1.00033e-4 0.558623 0.5655792 0.5724869 0.2027099 0.6901947 9.998e-5 0.9733611 1.00033e-4 0.558623 0.2027099 0.6901947 0.5655792 0.5724869 9.998e-5 0.9733611 0.2027099 0.6901947 1.00033e-4 0.558623 0.5655792 0.5724869 0.2027099 0.6901947 9.998e-5 0.9733611 1.00033e-4 0.558623 0.2027099 0.6901947 1.00099e-4 9.998e-5 0.6386566 1.00017e-4 0.3136724 0.2860494 0.3136724 0.2860494 0.6386566 0.300652 0.6386566 0.5591769 0.007033586 0.5548431 1.00099e-4 9.998e-5 0.3136724 0.2860494 0.6386566 1.00017e-4 0.6386566 0.300652 0.3136724 0.2860494 0.007033586 0.5548431 0.3136724 0.2860494 0.6386566 0.5591769 1.00099e-4 9.998e-5 0.6386566 1.00017e-4 0.3136724 0.2860494 0.3136724 0.2860494 0.6386566 0.300652 0.6386566 0.5591769 0.007033586 0.5548431 1.00099e-4 9.998e-5 0.3136724 0.2860494 0.6386566 1.00017e-4 0.6386566 0.300652 0.3136724 0.2860494 0.007033586 0.5548431 0.3136724 0.2860494 0.6386566 0.5591769 0.8185026 1.00029e-4 0.9999001 1.0004e-4 0.9999001 0.2235139 0.6481993 0.2288743 0.8233681 0.2320287 0.8258009 0.419357 0.8185026 1.00029e-4 0.8233681 0.2320287 0.6481993 0.2288743 0.8258009 0.419357 0.9994118 0.5666688 0.6446277 0.5604946 0.9999001 0.2235139 0.9994118 0.5666688 0.8258009 0.419357 0.8185026 1.00029e-4 0.9999001 1.0004e-4 0.9999001 0.2235139 0.6481993 0.2288743 0.8233681 0.2320287 0.8258009 0.419357 0.8185026 1.00029e-4 0.8233681 0.2320287 0.6481993 0.2288743 0.8258009 0.419357 0.9994118 0.5666688 0.6446277 0.5604946 0.9999001 0.2235139 0.9994118 0.5666688 0.8258009 0.419357 0.8185026 1.00029e-4 0.9999001 1.0004e-4 0.9999001 0.2235139 0.6481993 0.2288743 0.8233681 0.2320287 0.8258009 0.419357 0.8185026 1.00029e-4 0.8233681 0.2320287 0.6481993 0.2288743 0.8258009 0.419357 0.9994118 0.5666688 0.6446277 0.5604946 0.9999001 0.2235139 0.9994118 0.5666688 0.8258009 0.419357 0.8185026 1.00029e-4 0.9999001 1.0004e-4 0.9999001 0.2235139 0.6481993 0.2288743 0.8233681 0.2320287 0.8258009 0.419357 0.8185026 1.00029e-4 0.8233681 0.2320287 0.6481993 0.2288743 0.8258009 0.419357 0.9994118 0.5666688 0.6446277 0.5604946 0.9999001 0.2235139 0.9994118 0.5666688 0.8258009 0.419357 0.5655792 0.5724869 9.998e-5 0.9733611 0.2027099 0.6901947 1.00033e-4 0.558623 0.5655792 0.5724869 0.2027099 0.6901947 9.998e-5 0.9733611 1.00033e-4 0.558623 0.2027099 0.6901947 0.5655792 0.5724869 9.998e-5 0.9733611 0.2027099 0.6901947 1.00033e-4 0.558623 0.5655792 0.5724869 0.2027099 0.6901947 9.998e-5 0.9733611 1.00033e-4 0.558623 0.2027099 0.6901947 0.5655792 0.5724869 9.998e-5 0.9733611 0.2027099 0.6901947 1.00033e-4 0.558623 0.5655792 0.5724869 0.2027099 0.6901947 9.998e-5 0.9733611 1.00033e-4 0.558623 0.2027099 0.6901947 1.00099e-4 9.998e-5 0.6386566 1.00017e-4 0.3136724 0.2860494 0.3136724 0.2860494 0.6386566 0.300652 0.6386566 0.5591769 0.007033586 0.5548431 1.00099e-4 9.998e-5 0.3136724 0.2860494 0.6386566 1.00017e-4 0.6386566 0.300652 0.3136724 0.2860494 0.007033586 0.5548431 0.3136724 0.2860494 0.6386566 0.5591769 1.00099e-4 9.998e-5 0.6386566 1.00017e-4 0.3136724 0.2860494 0.3136724 0.2860494 0.6386566 0.300652 0.6386566 0.5591769 0.007033586 0.5548431 1.00099e-4 9.998e-5 0.3136724 0.2860494 0.6386566 1.00017e-4 0.6386566 0.300652 0.3136724 0.2860494 0.007033586 0.5548431 0.3136724 0.2860494 0.6386566 0.5591769 1.00099e-4 9.998e-5 0.6386566 1.00017e-4 0.3136724 0.2860494 0.3136724 0.2860494 0.6386566 0.300652 0.6386566 0.5591769 0.007033586 0.5548431 1.00099e-4 9.998e-5 0.3136724 0.2860494 0.6386566 1.00017e-4 0.6386566 0.300652 0.3136724 0.2860494 0.007033586 0.5548431 0.3136724 0.2860494 0.6386566 0.5591769 1.00099e-4 9.998e-5 0.6386566 1.00017e-4 0.3136724 0.2860494 0.007033586 0.5548431 1.00099e-4 9.998e-5 0.3136724 0.2860494 0.3136724 0.2860494 0.6386566 0.300652 0.6386566 0.5591769 0.007033586 0.5548431 0.3136724 0.2860494 0.6386566 0.5591769 0.6386566 1.00017e-4 0.6386566 0.300652 0.3136724 0.2860494 0.8185026 1.00029e-4 0.9999001 1.0004e-4 0.9999001 0.2235139 0.8233681 0.2320287 0.9994118 0.5666688 0.6446277 0.5604946 0.8185026 1.00029e-4 0.8233681 0.2320287 0.6481993 0.2288743 0.6481993 0.2288743 0.8233681 0.2320287 0.6446277 0.5604946 0.8233681 0.2320287 0.9999001 0.2235139 0.9994118 0.5666688 0.8185026 1.00029e-4 0.9999001 1.0004e-4 0.9999001 0.2235139 0.6481993 0.2288743 0.8233681 0.2320287 0.8258009 0.419357 0.8185026 1.00029e-4 0.8233681 0.2320287 0.6481993 0.2288743 0.8258009 0.419357 0.9994118 0.5666688 0.6446277 0.5604946 0.9999001 0.2235139 0.9994118 0.5666688 0.8258009 0.419357 0.8185026 1.00029e-4 0.9999001 1.0004e-4 0.9999001 0.2235139 0.6481993 0.2288743 0.8233681 0.2320287 0.8258009 0.419357 0.8185026 1.00029e-4 0.8233681 0.2320287 0.6481993 0.2288743 0.8258009 0.419357 0.9994118 0.5666688 0.6446277 0.5604946 0.9999001 0.2235139 0.9994118 0.5666688 0.8258009 0.419357 0.8185026 1.00029e-4 0.9999001 1.0004e-4 0.9999001 0.2235139 0.6481993 0.2288743 0.8233681 0.2320287 0.8258009 0.419357 0.8185026 1.00029e-4 0.8233681 0.2320287 0.6481993 0.2288743 0.8258009 0.419357 0.9994118 0.5666688 0.6446277 0.5604946 0.9999001 0.2235139 0.9994118 0.5666688 0.8258009 0.419357 0.8185026 1.00029e-4 0.9999001 1.0004e-4 0.9999001 0.2235139 0.6481993 0.2288743 0.8233681 0.2320287 0.8258009 0.419357 0.8185026 1.00029e-4 0.8233681 0.2320287 0.6481993 0.2288743 0.8258009 0.419357 0.9994118 0.5666688 0.6446277 0.5604946 0.9999001 0.2235139 0.9994118 0.5666688 0.8258009 0.419357 0.8185026 1.00029e-4 0.9999001 1.0004e-4 0.9999001 0.2235139 0.6481993 0.2288743 0.8233681 0.2320287 0.8258009 0.419357 0.8185026 1.00029e-4 0.8233681 0.2320287 0.6481993 0.2288743 0.8258009 0.419357 0.9994118 0.5666688 0.6446277 0.5604946 0.9999001 0.2235139 0.9994118 0.5666688 0.8258009 0.419357 0.8185026 1.00029e-4 0.9999001 1.0004e-4 0.9999001 0.2235139 0.6481993 0.2288743 0.8233681 0.2320287 0.8258009 0.419357 0.8185026 1.00029e-4 0.8233681 0.2320287 0.6481993 0.2288743 0.8258009 0.419357 0.9994118 0.5666688 0.6446277 0.5604946 0.9999001 0.2235139 0.9994118 0.5666688 0.8258009 0.419357 0.8185026 1.00029e-4 0.9999001 1.0004e-4 0.9999001 0.2235139 0.6481993 0.2288743 0.8233681 0.2320287 0.8258009 0.419357 0.8185026 1.00029e-4 0.8233681 0.2320287 0.6481993 0.2288743 0.8258009 0.419357 0.9994118 0.5666688 0.6446277 0.5604946 0.9999001 0.2235139 0.9994118 0.5666688 0.8258009 0.419357 1.00099e-4 9.998e-5 0.6386566 1.00017e-4 0.3136724 0.2860494 0.3136724 0.2860494 0.6386566 0.300652 0.6386566 0.5591769 0.007033586 0.5548431 1.00099e-4 9.998e-5 0.3136724 0.2860494 0.6386566 1.00017e-4 0.6386566 0.300652 0.3136724 0.2860494 0.007033586 0.5548431 0.3136724 0.2860494 0.6386566 0.5591769 1.00099e-4 9.998e-5 0.6386566 1.00017e-4 0.3136724 0.2860494 0.3136724 0.2860494 0.6386566 0.300652 0.6386566 0.5591769 0.007033586 0.5548431 1.00099e-4 9.998e-5 0.3136724 0.2860494 0.6386566 1.00017e-4 0.6386566 0.300652 0.3136724 0.2860494 0.007033586 0.5548431 0.3136724 0.2860494 0.6386566 0.5591769 1.00099e-4 9.998e-5 0.6386566 1.00017e-4 0.3136724 0.2860494 0.3136724 0.2860494 0.6386566 0.300652 0.6386566 0.5591769 0.007033586 0.5548431 1.00099e-4 9.998e-5 0.3136724 0.2860494 0.6386566 1.00017e-4 0.6386566 0.300652 0.3136724 0.2860494 0.007033586 0.5548431 0.3136724 0.2860494 0.6386566 0.5591769 1.00099e-4 9.998e-5 0.6386566 1.00017e-4 0.3136724 0.2860494 0.3136724 0.2860494 0.6386566 0.300652 0.6386566 0.5591769 0.007033586 0.5548431 1.00099e-4 9.998e-5 0.3136724 0.2860494 0.6386566 1.00017e-4 0.6386566 0.300652 0.3136724 0.2860494 0.007033586 0.5548431 0.3136724 0.2860494 0.6386566 0.5591769 0.8185026 1.00029e-4 0.9999001 1.0004e-4 0.9999001 0.2235139 0.6481993 0.2288743 0.8233681 0.2320287 0.8258009 0.419357 0.8185026 1.00029e-4 0.8233681 0.2320287 0.6481993 0.2288743 0.8258009 0.419357 0.9994118 0.5666688 0.6446277 0.5604946 0.9999001 0.2235139 0.9994118 0.5666688 0.8258009 0.419357 0.8185026 1.00029e-4 0.9999001 1.0004e-4 0.9999001 0.2235139 0.6481993 0.2288743 0.8233681 0.2320287 0.8258009 0.419357 0.8185026 1.00029e-4 0.8233681 0.2320287 0.6481993 0.2288743 0.8258009 0.419357 0.9994118 0.5666688 0.6446277 0.5604946 0.9999001 0.2235139 0.9994118 0.5666688 0.8258009 0.419357 0.8185026 1.00029e-4 0.9999001 1.0004e-4 0.9999001 0.2235139 0.6481993 0.2288743 0.8233681 0.2320287 0.8258009 0.419357 0.8185026 1.00029e-4 0.8233681 0.2320287 0.6481993 0.2288743 0.8258009 0.419357 0.9994118 0.5666688 0.6446277 0.5604946 0.9999001 0.2235139 0.9994118 0.5666688 0.8258009 0.419357 0.8185026 1.00029e-4 0.9999001 1.0004e-4 0.9999001 0.2235139 0.6481993 0.2288743 0.8233681 0.2320287 0.8258009 0.419357 0.8185026 1.00029e-4 0.8233681 0.2320287 0.6481993 0.2288743 0.8258009 0.419357 0.9994118 0.5666688 0.6446277 0.5604946 0.9999001 0.2235139 0.9994118 0.5666688 0.8258009 0.419357 0.8185026 1.00029e-4 0.9999001 1.0004e-4 0.9999001 0.2235139 0.6481993 0.2288743 0.8233681 0.2320287 0.8258009 0.419357 0.8185026 1.00029e-4 0.8233681 0.2320287 0.6481993 0.2288743 0.8258009 0.419357 0.9994118 0.5666688 0.6446277 0.5604946 0.9999001 0.2235139 0.9994118 0.5666688 0.8258009 0.419357 0.8185026 1.00029e-4 0.9999001 1.0004e-4 0.9999001 0.2235139 0.6481993 0.2288743 0.8233681 0.2320287 0.8258009 0.419357 0.8185026 1.00029e-4 0.8233681 0.2320287 0.6481993 0.2288743 0.8258009 0.419357 0.9994118 0.5666688 0.6446277 0.5604946 0.9999001 0.2235139 0.9994118 0.5666688 0.8258009 0.419357 0.8185026 1.00029e-4 0.9999001 1.0004e-4 0.9999001 0.2235139 0.6481993 0.2288743 0.8233681 0.2320287 0.8258009 0.419357 0.8185026 1.00029e-4 0.8233681 0.2320287 0.6481993 0.2288743 0.8258009 0.419357 0.9994118 0.5666688 0.6446277 0.5604946 0.9999001 0.2235139 0.9994118 0.5666688 0.8258009 0.419357 0.5655792 0.5724869 9.998e-5 0.9733611 0.2027099 0.6901947 1.00033e-4 0.558623 0.5655792 0.5724869 0.2027099 0.6901947 9.998e-5 0.9733611 1.00033e-4 0.558623 0.2027099 0.6901947 0.5655792 0.5724869 9.998e-5 0.9733611 0.2027099 0.6901947 1.00033e-4 0.558623 0.5655792 0.5724869 0.2027099 0.6901947 9.998e-5 0.9733611 1.00033e-4 0.558623 0.2027099 0.6901947 0.5655792 0.5724869 9.998e-5 0.9733611 0.2027099 0.6901947 1.00033e-4 0.558623 0.5655792 0.5724869 0.2027099 0.6901947 9.998e-5 0.9733611 1.00033e-4 0.558623 0.2027099 0.6901947 0.5655792 0.5724869 9.998e-5 0.9733611 0.2027099 0.6901947 1.00033e-4 0.558623 0.5655792 0.5724869 0.2027099 0.6901947 9.998e-5 0.9733611 1.00033e-4 0.558623 0.2027099 0.6901947 0.5655792 0.5724869 9.998e-5 0.9733611 0.2027099 0.6901947 1.00033e-4 0.558623 0.5655792 0.5724869 0.2027099 0.6901947 9.998e-5 0.9733611 1.00033e-4 0.558623 0.2027099 0.6901947 0.8185026 1.00029e-4 0.9999001 1.0004e-4 0.9999001 0.2235139 0.6481993 0.2288743 0.8233681 0.2320287 0.8258009 0.419357 0.8185026 1.00029e-4 0.8233681 0.2320287 0.6481993 0.2288743 0.8258009 0.419357 0.9994118 0.5666688 0.6446277 0.5604946 0.9999001 0.2235139 0.9994118 0.5666688 0.8258009 0.419357 0.8185026 1.00029e-4 0.9999001 1.0004e-4 0.9999001 0.2235139 0.6481993 0.2288743 0.8233681 0.2320287 0.8258009 0.419357 0.8185026 1.00029e-4 0.8233681 0.2320287 0.6481993 0.2288743 0.8258009 0.419357 0.9994118 0.5666688 0.6446277 0.5604946 0.9999001 0.2235139 0.9994118 0.5666688 0.8258009 0.419357 0.7266577 0.8609114 0.7266577 0.9999001 0.5695388 0.9999001 0.5728923 0.5648676 0.7266577 0.5648677 0.7266577 0.7219228 0.5717744 0.7219226 0.7266577 0.7219228 0.7266577 0.8609114 0.5706566 0.8609114 0.7266577 0.8609114 0.5695388 0.9999001 0.5717744 0.7219226 0.5728923 0.5648676 0.7266577 0.7219228 0.7266577 0.8609114 0.7266577 0.9999001 0.5695388 0.9999001 0.5728923 0.5648676 0.7266577 0.5648677 0.7266577 0.7219228 0.5717744 0.7219226 0.7266577 0.7219228 0.7266577 0.8609114 0.5706566 0.8609114 0.7266577 0.8609114 0.5695388 0.9999001 0.5717744 0.7219226 0.5728923 0.5648676 0.7266577 0.7219228 0.7266577 0.8609114 0.7266577 0.9999001 0.5695388 0.9999001 0.5728923 0.5648676 0.7266577 0.5648677 0.7266577 0.7219228 0.5717744 0.7219226 0.7266577 0.7219228 0.7266577 0.8609114 0.5706566 0.8609114 0.7266577 0.8609114 0.5695388 0.9999001 0.5717744 0.7219226 0.5728923 0.5648676 0.7266577 0.7219228 0.7266577 0.8609114 0.7266577 0.9999001 0.5695388 0.9999001 0.5728923 0.5648676 0.7266577 0.5648677 0.7266577 0.7219228 0.5717744 0.7219226 0.7266577 0.7219228 0.7266577 0.8609114 0.5706566 0.8609114 0.7266577 0.8609114 0.5695388 0.9999001 0.5717744 0.7219226 0.5728923 0.5648676 0.7266577 0.7219228 0.7266577 0.8609114 0.7266577 0.9999001 0.5695388 0.9999001 0.5728923 0.5648676 0.7266577 0.5648677 0.7266577 0.7219228 0.5717744 0.7219226 0.7266577 0.7219228 0.7266577 0.8609114 0.5706566 0.8609114 0.7266577 0.8609114 0.5695388 0.9999001 0.5717744 0.7219226 0.5728923 0.5648676 0.7266577 0.7219228 0.7266577 0.8609114 0.7266577 0.9999001 0.5695388 0.9999001 0.5728923 0.5648676 0.7266577 0.5648677 0.7266577 0.7219228 0.5717744 0.7219226 0.7266577 0.7219228 0.7266577 0.8609114 0.5706566 0.8609114 0.7266577 0.8609114 0.5695388 0.9999001 0.5717744 0.7219226 0.5728923 0.5648676 0.7266577 0.7219228 0.7266577 0.8609114 0.7266577 0.9999001 0.5695388 0.9999001 0.5728923 0.5648676 0.7266577 0.5648677 0.7266577 0.7219228 0.5717744 0.7219226 0.7266577 0.7219228 0.7266577 0.8609114 0.5706566 0.8609114 0.7266577 0.8609114 0.5695388 0.9999001 0.5717744 0.7219226 0.5728923 0.5648676 0.7266577 0.7219228 0.7266577 0.8609114 0.7266577 0.9999001 0.5695388 0.9999001 0.5728923 0.5648676 0.7266577 0.5648677 0.7266577 0.7219228 0.5717744 0.7219226 0.7266577 0.7219228 0.7266577 0.8609114 0.5706566 0.8609114 0.7266577 0.8609114 0.5695388 0.9999001 0.5717744 0.7219226 0.5728923 0.5648676 0.7266577 0.7219228 0.7266577 0.8609114 0.7266577 0.9999001 0.5695388 0.9999001 0.5728923 0.5648676 0.7266577 0.5648677 0.7266577 0.7219228 0.5717744 0.7219226 0.7266577 0.7219228 0.7266577 0.8609114 0.5706566 0.8609114 0.7266577 0.8609114 0.5695388 0.9999001 0.5717744 0.7219226 0.5728923 0.5648676 0.7266577 0.7219228 0.7266577 0.8609114 0.7266577 0.9999001 0.5695388 0.9999001 0.5728923 0.5648676 0.7266577 0.5648677 0.7266577 0.7219228 0.5717744 0.7219226 0.7266577 0.7219228 0.7266577 0.8609114 0.5706566 0.8609114 0.7266577 0.8609114 0.5695388 0.9999001 0.5717744 0.7219226 0.5728923 0.5648676 0.7266577 0.7219228 0.7266577 0.8609114 0.7266577 0.9999001 0.5695388 0.9999001 0.5728923 0.5648676 0.7266577 0.5648677 0.7266577 0.7219228 0.5717744 0.7219226 0.7266577 0.7219228 0.7266577 0.8609114 0.5706566 0.8609114 0.7266577 0.8609114 0.5695388 0.9999001 0.5717744 0.7219226 0.5728923 0.5648676 0.7266577 0.7219228 0.7266577 0.8609114 0.7266577 0.9999001 0.5695388 0.9999001 0.5728923 0.5648676 0.7266577 0.5648677 0.7266577 0.7219228 0.5717744 0.7219226 0.7266577 0.7219228 0.7266577 0.8609114 0.5706566 0.8609114 0.7266577 0.8609114 0.5695388 0.9999001 0.5717744 0.7219226 0.5728923 0.5648676 0.7266577 0.7219228 0.7266577 0.8609114 0.7266577 0.9999001 0.5695388 0.9999001 0.5728923 0.5648676 0.7266577 0.5648677 0.7266577 0.7219228 0.5717744 0.7219226 0.7266577 0.7219228 0.7266577 0.8609114 0.5706566 0.8609114 0.7266577 0.8609114 0.5695388 0.9999001 0.5717744 0.7219226 0.5728923 0.5648676 0.7266577 0.7219228 0.7266577 0.8609114 0.7266577 0.9999001 0.5695388 0.9999001 0.5728923 0.5648676 0.7266577 0.5648677 0.7266577 0.7219228 0.5717744 0.7219226 0.7266577 0.7219228 0.7266577 0.8609114 0.5706566 0.8609114 0.7266577 0.8609114 0.5695388 0.9999001 0.5717744 0.7219226 0.5728923 0.5648676 0.7266577 0.7219228 0.7266577 0.8609114 0.7266577 0.9999001 0.5695388 0.9999001 0.5728923 0.5648676 0.7266577 0.5648677 0.7266577 0.7219228 0.5717744 0.7219226 0.7266577 0.7219228 0.7266577 0.8609114 0.5706566 0.8609114 0.7266577 0.8609114 0.5695388 0.9999001 0.5717744 0.7219226 0.5728923 0.5648676 0.7266577 0.7219228 0.5700773 0.5684846 0.5423011 0.9839084 0.3331996 0.7457156 0.5423011 0.9839084 -0.005794525 0.9749146 0.3331996 0.7457156 0.5700773 0.5684846 0.5423011 0.9839084 0.3331996 0.7457156 0.5423011 0.9839084 -0.005794525 0.9749146 0.3331996 0.7457156 0.5700773 0.5684846 0.5423011 0.9839084 0.3331996 0.7457156 0.5423011 0.9839084 -0.005794525 0.9749146 0.3331996 0.7457156 0.5700773 0.5684846 0.5423011 0.9839084 0.3331996 0.7457156 0.5423011 0.9839084 -0.005794525 0.9749146 0.3331996 0.7457156 0.5700773 0.5684846 0.5423011 0.9839084 0.3331996 0.7457156 0.5423011 0.9839084 -0.005794525 0.9749146 0.3331996 0.7457156 0.5700773 0.5684846 0.5423011 0.9839084 0.3331996 0.7457156 0.5423011 0.9839084 -0.005794525 0.9749146 0.3331996 0.7457156 0.5700773 0.5684846 0.5423011 0.9839084 0.3331996 0.7457156 0.5423011 0.9839084 -0.005794525 0.9749146 0.3331996 0.7457156 0.5700773 0.5684846 0.5423011 0.9839084 0.3331996 0.7457156 0.5423011 0.9839084 -0.005794525 0.9749146 0.3331996 0.7457156 0.5700773 0.5684846 0.5423011 0.9839084 0.3331996 0.7457156 0.5423011 0.9839084 -0.005794525 0.9749146 0.3331996 0.7457156 0.5700773 0.5684846 0.5423011 0.9839084 0.3331996 0.7457156 0.5423011 0.9839084 -0.005794525 0.9749146 0.3331996 0.7457156 0.5700773 0.5684846 0.5423011 0.9839084 0.3331996 0.7457156 0.5423011 0.9839084 -0.005794525 0.9749146 0.3331996 0.7457156 0.5700773 0.5684846 0.5423011 0.9839084 0.3331996 0.7457156 0.5423011 0.9839084 -0.005794525 0.9749146 0.3331996 0.7457156 0.5700773 0.5684846 0.5423011 0.9839084 0.3331996 0.7457156 0.5423011 0.9839084 -0.005794525 0.9749146 0.3331996 0.7457156 0.5700773 0.5684846 0.5423011 0.9839084 0.3331996 0.7457156 0.5423011 0.9839084 -0.005794525 0.9749146 0.3331996 0.7457156 0.5700773 0.5684846 0.5423011 0.9839084 0.3331996 0.7457156 0.5423011 0.9839084 -0.005794525 0.9749146 0.3331996 0.7457156 0.5700773 0.5684846 0.5423011 0.9839084 0.3331996 0.7457156 0.5423011 0.9839084 -0.005794525 0.9749146 0.3331996 0.7457156 0.5700773 0.5684846 0.5423011 0.9839084 0.3331996 0.7457156 0.5423011 0.9839084 -0.005794525 0.9749146 0.3331996 0.7457156 -0.6224197 -11.02604 -0.7617059 -11.00433 -0.678541 -12.92317 -0.7617059 -11.00433 -0.7998449 -11.00127 -0.9766804 -12.91665 -0.7998449 -11.00127 -0.9370864 -11.01566 -1.535711 -12.87014 -0.9370864 -11.01566 -1.063369 -11.0069 -1.646101 -12.85545 -0.05742287 -11.02329 0.8729211 -12.77699 0.06785589 -11.00815 -0.3648688 -11.0381 -0.2260234 -12.91705 -0.2462236 -11.04277 -0.4934297 -11.03229 -0.3816143 -12.92317 -0.3648688 -11.0381 -0.6224197 -11.02604 -0.678541 -12.92317 -0.4934297 -11.03229 -0.2571696 -5.677462 -0.05926662 -4.103232 -0.4658206 -5.676423 -0.2731218 -8.165131 -0.2571696 -5.677462 -0.4816717 -8.164187 -1.10921 -8.160755 -0.8972849 -8.157526 -1.105063 -5.657117 -1.063369 -11.0069 -0.9370864 -11.01566 -1.10921 -8.160755 -0.2731218 -8.165131 -0.07529956 -8.157524 -0.2571696 -5.677462 -0.6831986 -8.158868 -0.6709447 -5.664468 -0.8972849 -8.157526 -0.4934297 -11.03229 -0.3648688 -11.0381 -0.4816717 -8.164187 -0.4816717 -8.164187 -0.4658206 -5.676423 -0.6831986 -8.158868 -0.05742287 -11.02329 0.06785589 -11.00815 -0.2731218 -8.165131 -0.05926662 -4.103232 0.06589221 -3.288958 -0.3546515 -4.029742 -1.23819 -4.06877 -0.9331775 -4.043614 -1.310285 -3.244683 -0.89056 -5.651301 -0.6709447 -5.664468 -0.9331775 -4.043614 -0.4658206 -5.676423 -0.3546515 -4.029742 -0.6709447 -5.664468 -1.105063 -5.657117 -0.89056 -5.651301 -1.23819 -4.06877 -0.9331775 -4.043614 -0.6385133 -4.003226 -0.9543362 -3.235647 -0.3546515 -4.029742 -0.287655 -3.253825 -0.6385133 -4.003226 -1.310285 -3.244683 -0.9543362 -3.235647 -1.219697 -1.570414 -0.287655 -3.253825 -0.2408894 -1.548515 -0.6140136 -3.23185 -0.9543362 -3.235647 -0.6140136 -3.23185 -0.8894824 -1.60378 0.06589221 -3.288958 0.1018522 -1.61818 -0.287655 -3.253825 -0.8894824 -1.60378 -0.7670143 2.147744 -1.219697 -1.570414 -0.5591751 -1.558686 -0.2408894 -1.548515 -0.4199507 2.190159 -0.8894824 -1.60378 -0.5591751 -1.558686 -0.7670143 2.147744 0.1018522 -1.61818 0.2519327 2.132225 -0.2408894 -1.548515 -0.7670143 2.147744 -0.7342016 4.856627 -1.102164 2.179871 -0.4199507 2.190159 -0.09395706 2.204244 -0.3291547 4.814157 -0.7670143 2.147744 -0.4199507 2.190159 -0.7342016 4.856627 0.2519327 2.132225 0.4788656 4.81328 -0.09395706 2.204244 -1.138946 4.870954 -0.7342016 4.856627 -0.3503937 16.57188 0.06345635 4.800545 0.2921131 16.54562 -0.3291547 4.814157 -0.3291547 4.814157 0.08332377 16.55803 -0.7342016 4.856627 0.06345635 4.800545 0.4788656 4.81328 0.2921131 16.54562 1.149364 -15.65004 1.356071 -14.00413 1.077091 -15.63096 1.149364 -15.65004 1.446669 -15.57183 1.356071 -14.00413 1.356071 -14.00413 1.377615 -12.94173 1.213194 -13.98191 1.356071 -14.00413 1.527204 -13.99527 1.377615 -12.94173 1.23196 -12.93589 1.377615 -12.94173 1.44091 -8.848596 1.377615 -12.94173 1.537237 -12.95115 1.512918 -8.848838 1.948696 -15.62638 1.689157 -13.99064 1.64288 -15.53619 1.527204 -13.99527 1.689157 -13.99064 1.537237 -12.95115 1.702637 -12.94417 1.649464 -8.852618 1.537237 -12.95115 0.3598683 -1.833008 0.3674176 -0.2788091 0.1777434 -1.816222 0.3598683 -1.833008 0.5684144 -1.791035 0.3674176 -0.2788091 0.2000109 2.999769 0.3408035 3.001367 0.2313391 5.753794 0.4933918 3.000885 0.4083613 5.76204 0.3408035 3.001367 -0.03644788 -1.789774 0.1777434 -1.816222 -0.0441147 -0.3332769 0.0419436 3.00054 0.2000109 2.999769 0.1359279 5.76204 -0.6224197 -11.02604 -0.4816717 -8.164187 -0.7391011 -10.7407 -0.7391011 -10.7407 -0.6831986 -8.158868 -0.8613331 -10.74172 0.3447569 -2.866964 0.5381318 -2.722493 0.3598683 -1.833008 0.6737965 -2.604571 0.6300789 -1.589557 0.5678625 -2.594201 0.6737965 -2.604571 0.7967867 -2.581973 0.6300789 -1.589557 0.5214232 -1.585328 0.6300789 -1.589557 0.4792372 1.583837 0.7484181 -1.607298 0.5888826 1.602947 0.6300789 -1.589557 0.7967867 -2.581973 0.9176249 -2.57882 0.7484181 -1.607298 0.7484181 -1.607298 0.8658019 -1.569502 0.5888826 1.602947 0.5345362 -3.725634 0.6737965 -2.604571 0.4792371 -3.719256 0.5345362 -3.725634 0.741545 -3.497501 0.6737965 -2.604571 1.113142 -3.689795 0.9176249 -2.57882 0.8885016 -3.486212 0.1702879 -0.2682527 0.3674176 -0.2788091 0.2000109 2.999769 0.5840796 -0.3371102 0.4933918 3.000885 0.3674176 -0.2788091 -0.0441147 -0.3332769 0.1702879 -0.2682527 0.0419436 3.00054 -0.05742287 -11.02329 -0.1934668 -11.04322 0.8729211 -12.77699 -0.2462236 -11.04277 0.2976318 -12.90793 -0.1934668 -11.04322 0.4027159 -4.222249 0.3447569 -2.866964 0.2991486 -4.227498 0.4027159 -4.222249 0.6526677 -3.656086 0.3447569 -2.866964 -0.04039061 -3.739613 -0.06701272 -2.764104 -0.3313784 -3.7203 0.2991486 -4.227498 0.1958758 -2.849028 -0.04039061 -3.739613 -0.06701272 -2.764104 0.1742413 -2.416028 -0.03644788 -1.789774 0.3447569 -2.866964 0.3598683 -1.833008 0.1742413 -2.416028 0.8233681 0.2320287 0.8185026 1.00029e-4 0.9999001 0.2235139 0.6446277 0.5604946 0.6481993 0.2288743 0.8258009 0.419357 0.6399109 1.00017e-4 0.8185026 1.00029e-4 0.6481993 0.2288743 0.8233681 0.2320287 0.9999001 0.2235139 0.8258009 0.419357 0.8233681 0.2320287 0.8185026 1.00029e-4 0.9999001 0.2235139 0.6446277 0.5604946 0.6481993 0.2288743 0.8258009 0.419357 0.6399109 1.00017e-4 0.8185026 1.00029e-4 0.6481993 0.2288743 0.8233681 0.2320287 0.9999001 0.2235139 0.8258009 0.419357 0.8233681 0.2320287 0.8185026 1.00029e-4 0.9999001 0.2235139 0.6446277 0.5604946 0.6481993 0.2288743 0.8258009 0.419357 0.6399109 1.00017e-4 0.8185026 1.00029e-4 0.6481993 0.2288743 0.8233681 0.2320287 0.9999001 0.2235139 0.8258009 0.419357 0.5706566 0.8609114 0.5717744 0.7219226 0.7266577 0.8609114 0.5706566 0.8609114 0.5717744 0.7219226 0.7266577 0.8609114 0.8233681 0.2320287 0.8185026 1.00029e-4 0.9999001 0.2235139 0.6446277 0.5604946 0.6481993 0.2288743 0.8258009 0.419357 0.6399109 1.00017e-4 0.8185026 1.00029e-4 0.6481993 0.2288743 0.8233681 0.2320287 0.9999001 0.2235139 0.8258009 0.419357 0.8233681 0.2320287 0.8185026 1.00029e-4 0.9999001 0.2235139 0.6446277 0.5604946 0.6481993 0.2288743 0.8258009 0.419357 0.6399109 1.00017e-4 0.8185026 1.00029e-4 0.6481993 0.2288743 0.8233681 0.2320287 0.9999001 0.2235139 0.8258009 0.419357 0.8233681 0.2320287 0.8185026 1.00029e-4 0.9999001 0.2235139 0.6446277 0.5604946 0.6481993 0.2288743 0.8258009 0.419357 0.6399109 1.00017e-4 0.8185026 1.00029e-4 0.6481993 0.2288743 0.8233681 0.2320287 0.9999001 0.2235139 0.8258009 0.419357 0.8233681 0.2320287 0.8185026 1.00029e-4 0.9999001 0.2235139 0.6446277 0.5604946 0.6481993 0.2288743 0.8258009 0.419357 0.6399109 1.00017e-4 0.8185026 1.00029e-4 0.6481993 0.2288743 0.8233681 0.2320287 0.9999001 0.2235139 0.8258009 0.419357 0.8233681 0.2320287 0.8185026 1.00029e-4 0.9999001 0.2235139 0.6399109 1.00017e-4 0.8185026 1.00029e-4 0.6481993 0.2288743 0.8233681 0.2320287 0.8185026 1.00029e-4 0.9999001 0.2235139 0.6446277 0.5604946 0.6481993 0.2288743 0.8258009 0.419357 0.6399109 1.00017e-4 0.8185026 1.00029e-4 0.6481993 0.2288743 0.8233681 0.2320287 0.9999001 0.2235139 0.8258009 0.419357 0.8233681 0.2320287 0.8185026 1.00029e-4 0.9999001 0.2235139 0.6446277 0.5604946 0.6481993 0.2288743 0.8258009 0.419357 0.6399109 1.00017e-4 0.8185026 1.00029e-4 0.6481993 0.2288743 0.8233681 0.2320287 0.9999001 0.2235139 0.8258009 0.419357 0.8233681 0.2320287 0.8185026 1.00029e-4 0.9999001 0.2235139 0.6446277 0.5604946 0.6481993 0.2288743 0.8258009 0.419357 0.6399109 1.00017e-4 0.8185026 1.00029e-4 0.6481993 0.2288743 0.8233681 0.2320287 0.9999001 0.2235139 0.8258009 0.419357 0.8233681 0.2320287 0.8185026 1.00029e-4 0.9999001 0.2235139 0.6446277 0.5604946 0.6481993 0.2288743 0.8258009 0.419357 0.6399109 1.00017e-4 0.8185026 1.00029e-4 0.6481993 0.2288743 0.8233681 0.2320287 0.9999001 0.2235139 0.8258009 0.419357 0.8233681 0.2320287 0.8185026 1.00029e-4 0.9999001 0.2235139 0.6446277 0.5604946 0.6481993 0.2288743 0.8258009 0.419357 0.6399109 1.00017e-4 0.8185026 1.00029e-4 0.6481993 0.2288743 0.8233681 0.2320287 0.9999001 0.2235139 0.8258009 0.419357 0.8233681 0.2320287 0.8185026 1.00029e-4 0.9999001 0.2235139 0.6446277 0.5604946 0.6481993 0.2288743 0.8258009 0.419357 0.6399109 1.00017e-4 0.8185026 1.00029e-4 0.6481993 0.2288743 0.8233681 0.2320287 0.9999001 0.2235139 0.8258009 0.419357 0.8233681 0.2320287 0.8185026 1.00029e-4 0.9999001 0.2235139 0.6446277 0.5604946 0.6481993 0.2288743 0.8258009 0.419357 0.6399109 1.00017e-4 0.8185026 1.00029e-4 0.6481993 0.2288743 0.8233681 0.2320287 0.9999001 0.2235139 0.8258009 0.419357 0.8233681 0.2320287 0.8185026 1.00029e-4 0.9999001 0.2235139 0.6446277 0.5604946 0.6481993 0.2288743 0.8258009 0.419357 0.6399109 1.00017e-4 0.8185026 1.00029e-4 0.6481993 0.2288743 0.8233681 0.2320287 0.9999001 0.2235139 0.8258009 0.419357 0.8233681 0.2320287 0.8185026 1.00029e-4 0.9999001 0.2235139 0.6446277 0.5604946 0.6481993 0.2288743 0.8258009 0.419357 0.6399109 1.00017e-4 0.8185026 1.00029e-4 0.6481993 0.2288743 0.8233681 0.2320287 0.9999001 0.2235139 0.8258009 0.419357 0.8233681 0.2320287 0.8185026 1.00029e-4 0.9999001 0.2235139 0.6446277 0.5604946 0.6481993 0.2288743 0.8258009 0.419357 0.6399109 1.00017e-4 0.8185026 1.00029e-4 0.6481993 0.2288743 0.8233681 0.2320287 0.9999001 0.2235139 0.8258009 0.419357 0.8233681 0.2320287 0.8185026 1.00029e-4 0.9999001 0.2235139 0.6446277 0.5604946 0.6481993 0.2288743 0.8258009 0.419357 0.6399109 1.00017e-4 0.8185026 1.00029e-4 0.6481993 0.2288743 0.8233681 0.2320287 0.9999001 0.2235139 0.8258009 0.419357 0.8233681 0.2320287 0.8185026 1.00029e-4 0.9999001 0.2235139 0.6446277 0.5604946 0.6481993 0.2288743 0.8258009 0.419357 0.6399109 1.00017e-4 0.8185026 1.00029e-4 0.6481993 0.2288743 0.8233681 0.2320287 0.9999001 0.2235139 0.8258009 0.419357 0.8233681 0.2320287 0.8185026 1.00029e-4 0.9999001 0.2235139 0.6446277 0.5604946 0.6481993 0.2288743 0.8258009 0.419357 0.6399109 1.00017e-4 0.8185026 1.00029e-4 0.6481993 0.2288743 0.8233681 0.2320287 0.9999001 0.2235139 0.8258009 0.419357 0.8233681 0.2320287 0.8185026 1.00029e-4 0.9999001 0.2235139 0.6446277 0.5604946 0.6481993 0.2288743 0.8258009 0.419357 0.6399109 1.00017e-4 0.8185026 1.00029e-4 0.6481993 0.2288743 0.8233681 0.2320287 0.9999001 0.2235139 0.8258009 0.419357 0.8233681 0.2320287 0.8185026 1.00029e-4 0.9999001 0.2235139 0.6446277 0.5604946 0.6481993 0.2288743 0.8258009 0.419357 0.6399109 1.00017e-4 0.8185026 1.00029e-4 0.6481993 0.2288743 0.8233681 0.2320287 0.9999001 0.2235139 0.8258009 0.419357 0.8233681 0.2320287 0.8185026 1.00029e-4 0.9999001 0.2235139 0.6446277 0.5604946 0.6481993 0.2288743 0.8258009 0.419357 0.6399109 1.00017e-4 0.8185026 1.00029e-4 0.6481993 0.2288743 0.8233681 0.2320287 0.9999001 0.2235139 0.8258009 0.419357 0.5706566 0.8609114 0.5717744 0.7219226 0.7266577 0.8609114 0.5706566 0.8609114 0.5717744 0.7219226 0.7266577 0.8609114 0.5706566 0.8609114 0.5717744 0.7219226 0.7266577 0.8609114 0.5706566 0.8609114 0.5717744 0.7219226 0.7266577 0.8609114 0.5706566 0.8609114 0.5717744 0.7219226 0.7266577 0.8609114 0.5706566 0.8609114 0.5717744 0.7219226 0.7266577 0.8609114 0.5706566 0.8609114 0.5717744 0.7219226 0.7266577 0.8609114 0.5706566 0.8609114 0.5717744 0.7219226 0.7266577 0.8609114 0.5706566 0.8609114 0.5717744 0.7219226 0.7266577 0.8609114 0.5706566 0.8609114 0.5717744 0.7219226 0.7266577 0.8609114 0.5706566 0.8609114 0.5717744 0.7219226 0.7266577 0.8609114 0.5706566 0.8609114 0.5717744 0.7219226 0.7266577 0.8609114 0.5706566 0.8609114 0.5717744 0.7219226 0.7266577 0.8609114 0.5706566 0.8609114 0.5717744 0.7219226 0.7266577 0.8609114 0.5706566 0.8609114 0.5717744 0.7219226 0.7266577 0.8609114</float_array>
          <technique_common>
            <accessor source="#tree_oak_bush_a200-mesh-map-0-array" count="2883" stride="2">
              <param name="S" type="float"/>
              <param name="T" type="float"/>
            </accessor>
          </technique_common>
        </source>
        <source id="tree_oak_bush_a200-mesh-colors">
          <float_array id="tree_oak_bush_a200-mesh-colors-array" count="8649">0 0 0 0 0 0 0 0 0 0 0 0 0 0 0 0 0 0 0 0 0 0 0 0 0 0 0 0 0 0 0 0 0 0 0 0 0 0 0 0 0 0 0 0 0 0 0 0 0 0 0 0 0 0 0 0 0 0 0 0 0 0 0 0 0 0 0 0 0 0 0 0 0 0 0 0 0 0 0 0 0 0 0 0 0 0 0 0 0 0 0 0 0 0 0 0 0 0 0 0 0 0 0 0 0 0 0 0 0 0 0 0 0 0 0 0 0 0 0 0 0 0 0 0 0 0 0 0 0 0 0 0 0 0 0 0 0 0 0 0 0 0 0 0 0 0 0 0 0 0 0 0 0 0 0 0 0 0 0 0 0 0 0 0 0 0 0 0 0 0 0 0 0 0 0 0 0 0 0 0 0 0 0 0 0 0 0 0 0 0 0 0 0 0 0 0 0 0 0 0 0 0 0 0 0 0 0 0 0 0 0 0 0 0 0 0 0 0 0 0 0 0 0 0 0 0 0 0 0 0 0 0 0 0 0 0 0 0 0 0 0 0 0 0 0 0 0 0 0 0 0 0 0 0 0 0 0 0 0 0 0 0 0 0 0 0 0 0 0 0 0 0 0 0 0 0 0 0 0 0 0 0 0 0 0 0 0 0 0 0 0 0 0 0 0 0 0 0 0 0 0 0 0 0 0 0 0 0 0 0 0 0 0 0 0 0 0 0 0 0 0 0 0 0 0 0 0 0 0 0 0 0 0 0 0 0 0 0 0 0 0 0 0 0 0 0 0 0 0 0 0 0 0 0 0 0 0 0 0 0 0 0 0 0 0 0 0 0 0 0 0 0 0 0 0 0 0 0 0 0 0 0 0 0 0 0 0 0 0 0 0 0 0 0 0 0 0 0 0 0 0 0 0 0 0 0 0 0 0 0 0 0 0 0 0 0 0 0 0 0 0 0 0 0 0 0 0 0 0 0 0 0 0 0 0 0 0 0 0 0 0 0 0 0 0 0 0 0 0 0 0 0 0 0 0 0 0 0 0 0 0 0 0 0 0 0 0 0 0 0 0 0 0 0 0 0 0 0 0 0 0 0 0 0 0 0 0 0 0 0 0 0 0 0 0 0 0 0 0 0 0 0 0 0 0 0 0 0 0 0 0 0 0 0 0 0 0 0 0 0 0 0 0 0 0 0 0 0 0 0 0 0 0 0 0 0 0 0 0 0 0 0 0 0 0 0 0 0 0 0 0 0 0 0 0 0 0 0 0 0 0 0 0 0 0 0 0 0 0 0 0 0 0 0 0 0 0 0 0 0 0 0 0 0 0 0 0 0 0 0 0 0 0 0 0 0 0 0 0 0 0 0 0 0 0 0 0 0 0 0 0 0 0 0 0 0 0 0 0 0 0 0 0 0 0 0 0 0 0 0 0 0 0 0 0 0 0 0 0 0 0 0 0 0 0 0 0 0 0 0 0 0 0 0 0 0 0 0 0 0 0 0 0 0 0 0 0 0 0 0 0 0 0 0 0 0 0 0 0 0 0 0 0 0 0 0 0 0 0 0 0 0 0 0 0 0 0 0 0 0 0 0 0 0 0 0 0 0 0 0 0 0 0 0 0 0 0 0 0 0 0 0 0 0 0 0 0 0 0 0 0 0 0 0 0 0 0 0 0 0 0 0 0 0 0 0 0 0 0 0 0 0 0 0 0 0 0 0 0 0 0 0 0 0 0 0 0 0 0 0 0 0 0 0 0 0 0 0 0 0 0 0 0 0 0 0 0 0 0 0 0 0 0 0 0 0 0 0 0 0 0 0 0 0 0 0 0 0 0 0 0 0 0 0 0 0 0 0 0 0 0 0 0 0 0 0 0 0 0 0 0 0 0 0 0 0 0 0 0 0 0 0 0 0 0 0 1 1 0.8588235 0 0.07450979 0 0 0.1254902 0 0.2784314 0.3333333 0.5764706 0.2823529 0.2705882 0.7803922 0.3843137 0.3058823 0.9803922 1 0.5803922 1 1 1 0.8588235 0 0.1254902 0 0.1490196 0.1921569 0.6117647 0.2862745 0.4196078 0.3882353 0.3843137 0.3058823 0.9803922 0.2823529 0.2705882 0.7803922 0.1490196 0.1921569 0.6117647 0.3843137 0.3058823 0.9803922 0.2862745 0.4196078 0.3882353 0.2784314 0.3333333 0.5764706 0.3843137 0.3058823 0.9803922 1 1 0.8588235 0 0.07450979 0 0 0.1254902 0 1 0.5803922 1 1 1 0.8588235 0 0.1254902 0 0.2784314 0.3333333 0.5764706 0.2823529 0.2705882 0.7803922 0.3843137 0.3058823 0.9803922 0.1490196 0.1921569 0.6117647 0.2862745 0.4196078 0.3882353 0.3843137 0.3058823 0.9803922 0.2823529 0.2705882 0.7803922 0.1490196 0.1921569 0.6117647 0.3843137 0.3058823 0.9803922 0.2862745 0.4196078 0.3882353 0.2784314 0.3333333 0.5764706 0.3843137 0.3058823 0.9803922 0.2784314 0.3333333 0.5764706 0.2823529 0.2705882 0.7803922 0.3843137 0.3058823 0.9803922 0.1490196 0.1921569 0.6117647 0.2862745 0.4196078 0.3882353 0.3843137 0.3058823 0.9803922 0.2823529 0.2705882 0.7803922 0.1490196 0.1921569 0.6117647 0.3843137 0.3058823 0.9803922 0.2862745 0.4196078 0.3882353 0.2784314 0.3333333 0.5764706 0.3843137 0.3058823 0.9803922 0.2784314 0.3333333 0.5764706 0.2823529 0.2705882 0.7803922 0.3843137 0.3058823 0.9803922 0.1490196 0.1921569 0.6117647 0.2862745 0.4196078 0.3882353 0.3843137 0.3058823 0.9803922 0.2823529 0.2705882 0.7803922 0.1490196 0.1921569 0.6117647 0.3843137 0.3058823 0.9803922 0.2862745 0.4196078 0.3882353 0.2784314 0.3333333 0.5764706 0.3843137 0.3058823 0.9803922 0.2784314 0.3333333 0.5764706 0.2823529 0.2705882 0.7803922 0.3843137 0.3058823 0.9803922 0.1490196 0.1921569 0.6117647 0.2862745 0.4196078 0.3882353 0.3843137 0.3058823 0.9803922 0.2823529 0.2705882 0.7803922 0.1490196 0.1921569 0.6117647 0.3843137 0.3058823 0.9803922 0.2862745 0.4196078 0.3882353 0.2784314 0.3333333 0.5764706 0.3843137 0.3058823 0.9803922 0.2784314 0.3333333 0.5764706 0.2823529 0.2705882 0.7803922 0.3843137 0.3058823 0.9803922 0.1490196 0.1921569 0.6117647 0.2862745 0.4196078 0.3882353 0.3843137 0.3058823 0.9803922 0.2823529 0.2705882 0.7803922 0.1490196 0.1921569 0.6117647 0.3843137 0.3058823 0.9803922 0.2862745 0.4196078 0.3882353 0.2784314 0.3333333 0.5764706 0.3843137 0.3058823 0.9803922 0.2784314 0.3333333 0.5764706 0.2823529 0.2705882 0.7803922 0.3843137 0.3058823 0.9803922 0.1490196 0.1921569 0.6117647 0.2862745 0.4196078 0.3882353 0.3843137 0.3058823 0.9803922 0.2823529 0.2705882 0.7803922 0.1490196 0.1921569 0.6117647 0.3843137 0.3058823 0.9803922 0.2862745 0.4196078 0.3882353 0.2784314 0.3333333 0.5764706 0.3843137 0.3058823 0.9803922 0.2784314 0.3333333 0.5764706 0.2823529 0.2705882 0.7803922 0.3843137 0.3058823 0.9803922 0.1490196 0.1921569 0.6117647 0.2862745 0.4196078 0.3882353 0.3843137 0.3058823 0.9803922 0.2823529 0.2705882 0.7803922 0.1490196 0.1921569 0.6117647 0.3843137 0.3058823 0.9803922 0.2862745 0.4196078 0.3882353 0.2784314 0.3333333 0.5764706 0.3843137 0.3058823 0.9803922 0.2784314 0.3333333 0.5764706 0.2823529 0.2705882 0.7803922 0.3843137 0.3058823 0.9803922 0.1490196 0.1921569 0.6117647 0.2862745 0.4196078 0.3882353 0.3843137 0.3058823 0.9803922 0.2823529 0.2705882 0.7803922 0.1490196 0.1921569 0.6117647 0.3843137 0.3058823 0.9803922 0.2862745 0.4196078 0.3882353 0.2784314 0.3333333 0.5764706 0.3843137 0.3058823 0.9803922 0.2784314 0.3333333 0.5764706 0.2823529 0.2705882 0.7803922 0.3843137 0.3058823 0.9803922 0.1490196 0.1921569 0.6117647 0.2862745 0.4196078 0.3882353 0.3843137 0.3058823 0.9803922 0.2823529 0.2705882 0.7803922 0.1490196 0.1921569 0.6117647 0.3843137 0.3058823 0.9803922 0.2862745 0.4196078 0.3882353 0.2784314 0.3333333 0.5764706 0.3843137 0.3058823 0.9803922 0.2784314 0.3333333 0.5764706 0.2823529 0.2705882 0.7803922 0.3843137 0.3058823 0.9803922 0.1490196 0.1921569 0.6117647 0.2862745 0.4196078 0.3882353 0.3843137 0.3058823 0.9803922 0.2823529 0.2705882 0.7803922 0.1490196 0.1921569 0.6117647 0.3843137 0.3058823 0.9803922 0.2862745 0.4196078 0.3882353 0.2784314 0.3333333 0.5764706 0.3843137 0.3058823 0.9803922 0.2784314 0.3333333 0.5764706 0.2823529 0.2705882 0.7803922 0.3843137 0.3058823 0.9803922 0.1490196 0.1921569 0.6117647 0.2862745 0.4196078 0.3882353 0.3843137 0.3058823 0.9803922 0.2823529 0.2705882 0.7803922 0.1490196 0.1921569 0.6117647 0.3843137 0.3058823 0.9803922 0.2862745 0.4196078 0.3882353 0.2784314 0.3333333 0.5764706 0.3843137 0.3058823 0.9803922 1 1 0.8588235 0 0.07450979 0 0 0.1254902 0 1 0.5803922 1 1 1 0.8588235 0 0.1254902 0 0.2784314 0.3333333 0.5764706 0.2823529 0.2705882 0.7803922 0.3843137 0.3058823 0.9803922 0.1490196 0.1921569 0.6117647 0.2862745 0.4196078 0.3882353 0.3843137 0.3058823 0.9803922 0.2823529 0.2705882 0.7803922 0.1490196 0.1921569 0.6117647 0.3843137 0.3058823 0.9803922 0.2862745 0.4196078 0.3882353 0.2784314 0.3333333 0.5764706 0.3843137 0.3058823 0.9803922 0.2784314 0.3333333 0.5764706 0.2823529 0.2705882 0.7803922 0.3843137 0.3058823 0.9803922 0.1490196 0.1921569 0.6117647 0.2862745 0.4196078 0.3882353 0.3843137 0.3058823 0.9803922 0.2823529 0.2705882 0.7803922 0.1490196 0.1921569 0.6117647 0.3843137 0.3058823 0.9803922 0.2862745 0.4196078 0.3882353 0.2784314 0.3333333 0.5764706 0.3843137 0.3058823 0.9803922 0.2784314 0.3333333 0.5764706 0.2823529 0.2705882 0.7803922 0.3843137 0.3058823 0.9803922 0.1490196 0.1921569 0.6117647 0.2862745 0.4196078 0.3882353 0.3843137 0.3058823 0.9803922 0.2823529 0.2705882 0.7803922 0.1490196 0.1921569 0.6117647 0.3843137 0.3058823 0.9803922 0.2862745 0.4196078 0.3882353 0.2784314 0.3333333 0.5764706 0.3843137 0.3058823 0.9803922 0.2784314 0.3333333 0.5764706 0.2823529 0.2705882 0.7803922 0.3843137 0.3058823 0.9803922 0.1490196 0.1921569 0.6117647 0.2862745 0.4196078 0.3882353 0.3843137 0.3058823 0.9803922 0.2823529 0.2705882 0.7803922 0.1490196 0.1921569 0.6117647 0.3843137 0.3058823 0.9803922 0.2862745 0.4196078 0.3882353 0.2784314 0.3333333 0.5764706 0.3843137 0.3058823 0.9803922 0.2784314 0.3333333 0.5764706 0.2823529 0.2705882 0.7803922 0.3843137 0.3058823 0.9803922 0.1490196 0.1921569 0.6117647 0.2862745 0.4196078 0.3882353 0.3843137 0.3058823 0.9803922 0.2823529 0.2705882 0.7803922 0.1490196 0.1921569 0.6117647 0.3843137 0.3058823 0.9803922 0.2862745 0.4196078 0.3882353 0.2784314 0.3333333 0.5764706 0.3843137 0.3058823 0.9803922 0.2784314 0.3333333 0.5764706 0.2823529 0.2705882 0.7803922 0.3843137 0.3058823 0.9803922 0.1490196 0.1921569 0.6117647 0.2862745 0.4196078 0.3882353 0.3843137 0.3058823 0.9803922 0.2823529 0.2705882 0.7803922 0.1490196 0.1921569 0.6117647 0.3843137 0.3058823 0.9803922 0.2862745 0.4196078 0.3882353 0.2784314 0.3333333 0.5764706 0.3843137 0.3058823 0.9803922 0.2784314 0.3333333 0.5764706 0.2823529 0.2705882 0.7803922 0.3843137 0.3058823 0.9803922 0.1490196 0.1921569 0.6117647 0.2862745 0.4196078 0.3882353 0.3843137 0.3058823 0.9803922 0.2823529 0.2705882 0.7803922 0.1490196 0.1921569 0.6117647 0.3843137 0.3058823 0.9803922 0.2862745 0.4196078 0.3882353 0.2784314 0.3333333 0.5764706 0.3843137 0.3058823 0.9803922 0.2784314 0.3333333 0.5764706 0.2823529 0.2705882 0.7803922 0.3843137 0.3058823 0.9803922 0.1490196 0.1921569 0.6117647 0.2862745 0.4196078 0.3882353 0.3843137 0.3058823 0.9803922 0.2823529 0.2705882 0.7803922 0.1490196 0.1921569 0.6117647 0.3843137 0.3058823 0.9803922 0.2862745 0.4196078 0.3882353 0.2784314 0.3333333 0.5764706 0.3843137 0.3058823 0.9803922 0.2784314 0.3333333 0.5764706 0.2823529 0.2705882 0.7803922 0.3843137 0.3058823 0.9803922 0.1490196 0.1921569 0.6117647 0.2862745 0.4196078 0.3882353 0.3843137 0.3058823 0.9803922 0.2823529 0.2705882 0.7803922 0.1490196 0.1921569 0.6117647 0.3843137 0.3058823 0.9803922 0.2862745 0.4196078 0.3882353 0.2784314 0.3333333 0.5764706 0.3843137 0.3058823 0.9803922 0.2784314 0.3333333 0.5764706 0.2823529 0.2705882 0.7803922 0.3843137 0.3058823 0.9803922 0.1490196 0.1921569 0.6117647 0.2862745 0.4196078 0.3882353 0.3843137 0.3058823 0.9803922 0.2823529 0.2705882 0.7803922 0.1490196 0.1921569 0.6117647 0.3843137 0.3058823 0.9803922 0.2862745 0.4196078 0.3882353 0.2784314 0.3333333 0.5764706 0.3843137 0.3058823 0.9803922 0.2784314 0.3333333 0.5764706 0.2823529 0.2705882 0.7803922 0.3843137 0.3058823 0.9803922 0.1490196 0.1921569 0.6117647 0.2862745 0.4196078 0.3882353 0.3843137 0.3058823 0.9803922 0.2823529 0.2705882 0.7803922 0.1490196 0.1921569 0.6117647 0.3843137 0.3058823 0.9803922 0.2862745 0.4196078 0.3882353 0.2784314 0.3333333 0.5764706 0.3843137 0.3058823 0.9803922 0.2784314 0.3333333 0.5764706 0.2823529 0.2705882 0.7803922 0.3843137 0.3058823 0.9803922 0.1490196 0.1921569 0.6117647 0.2862745 0.4196078 0.3882353 0.3843137 0.3058823 0.9803922 0.2823529 0.2705882 0.7803922 0.1490196 0.1921569 0.6117647 0.3843137 0.3058823 0.9803922 0.2862745 0.4196078 0.3882353 0.2784314 0.3333333 0.5764706 0.3843137 0.3058823 0.9803922 0.2784314 0.3333333 0.5764706 0.2823529 0.2705882 0.7803922 0.3843137 0.3058823 0.9803922 0.1490196 0.1921569 0.6117647 0.2862745 0.4196078 0.3882353 0.3843137 0.3058823 0.9803922 0.2823529 0.2705882 0.7803922 0.1490196 0.1921569 0.6117647 0.3843137 0.3058823 0.9803922 0.2862745 0.4196078 0.3882353 0.2784314 0.3333333 0.5764706 0.3843137 0.3058823 0.9803922 0.2784314 0.3333333 0.5764706 0.2823529 0.2705882 0.7803922 0.3843137 0.3058823 0.9803922 0.1490196 0.1921569 0.6117647 0.2862745 0.4196078 0.3882353 0.3843137 0.3058823 0.9803922 0.2823529 0.2705882 0.7803922 0.1490196 0.1921569 0.6117647 0.3843137 0.3058823 0.9803922 0.2862745 0.4196078 0.3882353 0.2784314 0.3333333 0.5764706 0.3843137 0.3058823 0.9803922 0.2784314 0.3333333 0.5764706 0.2823529 0.2705882 0.7803922 0.3843137 0.3058823 0.9803922 0.1490196 0.1921569 0.6117647 0.2862745 0.4196078 0.3882353 0.3843137 0.3058823 0.9803922 0.2823529 0.2705882 0.7803922 0.1490196 0.1921569 0.6117647 0.3843137 0.3058823 0.9803922 0.2862745 0.4196078 0.3882353 0.2784314 0.3333333 0.5764706 0.3843137 0.3058823 0.9803922 0.2784314 0.3333333 0.5764706 0.2823529 0.2705882 0.7803922 0.3843137 0.3058823 0.9803922 0.1490196 0.1921569 0.6117647 0.2862745 0.4196078 0.3882353 0.3843137 0.3058823 0.9803922 0.2823529 0.2705882 0.7803922 0.1490196 0.1921569 0.6117647 0.3843137 0.3058823 0.9803922 0.2862745 0.4196078 0.3882353 0.2784314 0.3333333 0.5764706 0.3843137 0.3058823 0.9803922 0.2784314 0.3333333 0.5764706 0.2823529 0.2705882 0.7803922 0.3843137 0.3058823 0.9803922 0.1490196 0.1921569 0.6117647 0.2862745 0.4196078 0.3882353 0.3843137 0.3058823 0.9803922 0.2823529 0.2705882 0.7803922 0.1490196 0.1921569 0.6117647 0.3843137 0.3058823 0.9803922 0.2862745 0.4196078 0.3882353 0.2784314 0.3333333 0.5764706 0.3843137 0.3058823 0.9803922 1 1 0.8588235 0 0.07450979 0 0 0.1254902 0 1 0.5803922 1 1 1 0.8588235 0 0.1254902 0 1 1 0.8588235 0 0.07450979 0 0 0.1254902 0 1 0.5803922 1 1 1 0.8588235 0 0.1254902 0 1 1 0.8588235 0 0.07450979 0 0 0.1254902 0 1 0.5803922 1 1 1 0.8588235 0 0.1254902 0 0.2862745 0.4196078 0.3882353 0.2784314 0.3333333 0.5764706 0.1490196 0.1921569 0.6117647 0.2784314 0.3333333 0.5764706 0.2823529 0.2705882 0.7803922 0.1490196 0.1921569 0.6117647 0.2862745 0.4196078 0.3882353 0.2784314 0.3333333 0.5764706 0.1490196 0.1921569 0.6117647 0.2784314 0.3333333 0.5764706 0.2823529 0.2705882 0.7803922 0.1490196 0.1921569 0.6117647 0.2862745 0.4196078 0.3882353 0.2784314 0.3333333 0.5764706 0.1490196 0.1921569 0.6117647 0.2784314 0.3333333 0.5764706 0.2823529 0.2705882 0.7803922 0.1490196 0.1921569 0.6117647 0.2862745 0.4196078 0.3882353 0.2784314 0.3333333 0.5764706 0.1490196 0.1921569 0.6117647 0.2784314 0.3333333 0.5764706 0.2823529 0.2705882 0.7803922 0.1490196 0.1921569 0.6117647 0.2862745 0.4196078 0.3882353 0.2784314 0.3333333 0.5764706 0.1490196 0.1921569 0.6117647 0.2784314 0.3333333 0.5764706 0.2823529 0.2705882 0.7803922 0.1490196 0.1921569 0.6117647 0.2862745 0.4196078 0.3882353 0.2784314 0.3333333 0.5764706 0.1490196 0.1921569 0.6117647 0.2784314 0.3333333 0.5764706 0.2823529 0.2705882 0.7803922 0.1490196 0.1921569 0.6117647 1 1 0.8588235 0 0.07450979 0 0 0.1254902 0 1 0.5803922 1 1 1 0.8588235 0 0.1254902 0 0.2862745 0.4196078 0.3882353 0.2784314 0.3333333 0.5764706 0.1490196 0.1921569 0.6117647 0.2784314 0.3333333 0.5764706 0.2823529 0.2705882 0.7803922 0.1490196 0.1921569 0.6117647 0.2862745 0.4196078 0.3882353 0.2784314 0.3333333 0.5764706 0.1490196 0.1921569 0.6117647 0.2784314 0.3333333 0.5764706 0.2823529 0.2705882 0.7803922 0.1490196 0.1921569 0.6117647 0.2862745 0.4196078 0.3882353 0.2784314 0.3333333 0.5764706 0.1490196 0.1921569 0.6117647 0.2784314 0.3333333 0.5764706 0.2823529 0.2705882 0.7803922 0.1490196 0.1921569 0.6117647 0.2862745 0.4196078 0.3882353 0.2784314 0.3333333 0.5764706 0.1490196 0.1921569 0.6117647 0.2784314 0.3333333 0.5764706 0.2823529 0.2705882 0.7803922 0.1490196 0.1921569 0.6117647 0.2862745 0.4196078 0.3882353 0.2784314 0.3333333 0.5764706 0.1490196 0.1921569 0.6117647 0.2784314 0.3333333 0.5764706 0.2823529 0.2705882 0.7803922 0.1490196 0.1921569 0.6117647 0.2862745 0.4196078 0.3882353 0.2784314 0.3333333 0.5764706 0.1490196 0.1921569 0.6117647 0.2784314 0.3333333 0.5764706 0.2823529 0.2705882 0.7803922 0.1490196 0.1921569 0.6117647 0.2862745 0.4196078 0.3882353 0.2784314 0.3333333 0.5764706 0.1490196 0.1921569 0.6117647 0.2784314 0.3333333 0.5764706 0.2823529 0.2705882 0.7803922 0.1490196 0.1921569 0.6117647 0.2862745 0.4196078 0.3882353 0.2784314 0.3333333 0.5764706 0.1490196 0.1921569 0.6117647 0.2784314 0.3333333 0.5764706 0.2823529 0.2705882 0.7803922 0.1490196 0.1921569 0.6117647 0.2862745 0.4196078 0.3882353 0.2784314 0.3333333 0.5764706 0.1490196 0.1921569 0.6117647 0.2784314 0.3333333 0.5764706 0.2823529 0.2705882 0.7803922 0.1490196 0.1921569 0.6117647 0.2862745 0.4196078 0.3882353 0.2784314 0.3333333 0.5764706 0.1490196 0.1921569 0.6117647 0.2784314 0.3333333 0.5764706 0.2823529 0.2705882 0.7803922 0.1490196 0.1921569 0.6117647 0.2862745 0.4196078 0.3882353 0.2784314 0.3333333 0.5764706 0.1490196 0.1921569 0.6117647 0.2784314 0.3333333 0.5764706 0.2823529 0.2705882 0.7803922 0.1490196 0.1921569 0.6117647 0.2862745 0.4196078 0.3882353 0.2784314 0.3333333 0.5764706 0.1490196 0.1921569 0.6117647 0.2784314 0.3333333 0.5764706 0.2823529 0.2705882 0.7803922 0.1490196 0.1921569 0.6117647 1 1 0.8588235 0 0.07450979 0 0 0.1254902 0 1 0.5803922 1 1 1 0.8588235 0 0.1254902 0 1 1 0.8588235 0 0.07450979 0 0 0.1254902 0 1 0.5803922 1 1 1 0.8588235 0 0.1254902 0 1 1 0.8588235 0 0.07450979 0 0 0.1254902 0 1 0.5803922 1 1 1 0.8588235 0 0.1254902 0 1 1 0.8588235 0 0.07450979 0 0 0.1254902 0 1 0.5803922 1 1 1 0.8588235 0 0.1254902 0 1 1 0.8588235 0 0.07450979 0 0 0.1254902 0 1 0.5803922 1 1 1 0.8588235 0 0.1254902 0 1 1 0.8588235 0 0.07450979 0 0 0.1254902 0 1 0.5803922 1 1 1 0.8588235 0 0.1254902 0 0.2862745 0.4196078 0.3882353 0.2784314 0.3333333 0.5764706 0.1490196 0.1921569 0.6117647 0.2784314 0.3333333 0.5764706 0.2823529 0.2705882 0.7803922 0.1490196 0.1921569 0.6117647 0.2862745 0.4196078 0.3882353 0.2784314 0.3333333 0.5764706 0.1490196 0.1921569 0.6117647 0.2784314 0.3333333 0.5764706 0.2823529 0.2705882 0.7803922 0.1490196 0.1921569 0.6117647 0.2862745 0.4196078 0.3882353 0.2784314 0.3333333 0.5764706 0.1490196 0.1921569 0.6117647 0.2784314 0.3333333 0.5764706 0.2823529 0.2705882 0.7803922 0.1490196 0.1921569 0.6117647 0.2862745 0.4196078 0.3882353 0.2784314 0.3333333 0.5764706 0.1490196 0.1921569 0.6117647 0.2784314 0.3333333 0.5764706 0.2823529 0.2705882 0.7803922 0.1490196 0.1921569 0.6117647 0.2862745 0.4196078 0.3882353 0.2784314 0.3333333 0.5764706 0.1490196 0.1921569 0.6117647 0.2784314 0.3333333 0.5764706 0.2823529 0.2705882 0.7803922 0.1490196 0.1921569 0.6117647 0.2862745 0.4196078 0.3882353 0.2784314 0.3333333 0.5764706 0.1490196 0.1921569 0.6117647 0.2784314 0.3333333 0.5764706 0.2823529 0.2705882 0.7803922 0.1490196 0.1921569 0.6117647 0.2862745 0.4196078 0.3882353 0.2784314 0.3333333 0.5764706 0.1490196 0.1921569 0.6117647 0.2784314 0.3333333 0.5764706 0.2823529 0.2705882 0.7803922 0.1490196 0.1921569 0.6117647 0.2862745 0.4196078 0.3882353 0.2784314 0.3333333 0.5764706 0.1490196 0.1921569 0.6117647 0.2784314 0.3333333 0.5764706 0.2823529 0.2705882 0.7803922 0.1490196 0.1921569 0.6117647 0.2862745 0.4196078 0.3882353 0.2784314 0.3333333 0.5764706 0.1490196 0.1921569 0.6117647 0.2784314 0.3333333 0.5764706 0.2823529 0.2705882 0.7803922 0.1490196 0.1921569 0.6117647 0.2862745 0.4196078 0.3882353 0.2784314 0.3333333 0.5764706 0.1490196 0.1921569 0.6117647 0.2784314 0.3333333 0.5764706 0.2823529 0.2705882 0.7803922 0.1490196 0.1921569 0.6117647 0.2862745 0.4196078 0.3882353 0.2784314 0.3333333 0.5764706 0.1490196 0.1921569 0.6117647 0.2784314 0.3333333 0.5764706 0.2823529 0.2705882 0.7803922 0.1490196 0.1921569 0.6117647 0.2862745 0.4196078 0.3882353 0.2784314 0.3333333 0.5764706 0.1490196 0.1921569 0.6117647 0.2784314 0.3333333 0.5764706 0.2823529 0.2705882 0.7803922 0.1490196 0.1921569 0.6117647 0.2862745 0.4196078 0.3882353 0.2784314 0.3333333 0.5764706 0.1490196 0.1921569 0.6117647 0.2784314 0.3333333 0.5764706 0.2823529 0.2705882 0.7803922 0.1490196 0.1921569 0.6117647 0.2862745 0.4196078 0.3882353 0.2784314 0.3333333 0.5764706 0.1490196 0.1921569 0.6117647 0.2784314 0.3333333 0.5764706 0.2823529 0.2705882 0.7803922 0.1490196 0.1921569 0.6117647 0.2862745 0.4196078 0.3882353 0.2784314 0.3333333 0.5764706 0.1490196 0.1921569 0.6117647 0.2784314 0.3333333 0.5764706 0.2823529 0.2705882 0.7803922 0.1490196 0.1921569 0.6117647 0.2862745 0.4196078 0.3882353 0.2784314 0.3333333 0.5764706 0.1490196 0.1921569 0.6117647 0.2784314 0.3333333 0.5764706 0.2823529 0.2705882 0.7803922 0.1490196 0.1921569 0.6117647 0.2862745 0.4196078 0.3882353 0.2784314 0.3333333 0.5764706 0.1490196 0.1921569 0.6117647 0.2784314 0.3333333 0.5764706 0.2823529 0.2705882 0.7803922 0.1490196 0.1921569 0.6117647 0.2862745 0.4196078 0.3882353 0.2784314 0.3333333 0.5764706 0.1490196 0.1921569 0.6117647 0.2784314 0.3333333 0.5764706 0.2823529 0.2705882 0.7803922 0.1490196 0.1921569 0.6117647 0.2862745 0.4196078 0.3882353 0.2784314 0.3333333 0.5764706 0.1490196 0.1921569 0.6117647 0.2784314 0.3333333 0.5764706 0.2823529 0.2705882 0.7803922 0.1490196 0.1921569 0.6117647 0.2862745 0.4196078 0.3882353 0.2784314 0.3333333 0.5764706 0.1490196 0.1921569 0.6117647 0.2784314 0.3333333 0.5764706 0.2823529 0.2705882 0.7803922 0.1490196 0.1921569 0.6117647 0.2862745 0.4196078 0.3882353 0.2784314 0.3333333 0.5764706 0.1490196 0.1921569 0.6117647 0.2784314 0.3333333 0.5764706 0.2823529 0.2705882 0.7803922 0.1490196 0.1921569 0.6117647 0.2862745 0.4196078 0.3882353 0.2784314 0.3333333 0.5764706 0.1490196 0.1921569 0.6117647 0.2784314 0.3333333 0.5764706 0.2823529 0.2705882 0.7803922 0.1490196 0.1921569 0.6117647 0.2862745 0.4196078 0.3882353 0.2784314 0.3333333 0.5764706 0.1490196 0.1921569 0.6117647 0.2784314 0.3333333 0.5764706 0.2823529 0.2705882 0.7803922 0.1490196 0.1921569 0.6117647 0.2862745 0.4196078 0.3882353 0.2784314 0.3333333 0.5764706 0.1490196 0.1921569 0.6117647 0.2784314 0.3333333 0.5764706 0.2823529 0.2705882 0.7803922 0.1490196 0.1921569 0.6117647 0.2862745 0.4196078 0.3882353 0.2784314 0.3333333 0.5764706 0.1490196 0.1921569 0.6117647 0.2784314 0.3333333 0.5764706 0.2823529 0.2705882 0.7803922 0.1490196 0.1921569 0.6117647 0.2862745 0.4196078 0.3882353 0.2784314 0.3333333 0.5764706 0.1490196 0.1921569 0.6117647 0.2784314 0.3333333 0.5764706 0.2823529 0.2705882 0.7803922 0.1490196 0.1921569 0.6117647 0.2862745 0.4196078 0.3882353 0.2784314 0.3333333 0.5764706 0.1490196 0.1921569 0.6117647 0.2784314 0.3333333 0.5764706 0.2823529 0.2705882 0.7803922 0.1490196 0.1921569 0.6117647 0.2862745 0.4196078 0.3882353 0.2784314 0.3333333 0.5764706 0.1490196 0.1921569 0.6117647 0.2784314 0.3333333 0.5764706 0.2823529 0.2705882 0.7803922 0.1490196 0.1921569 0.6117647 0.2862745 0.4196078 0.3882353 0.2784314 0.3333333 0.5764706 0.1490196 0.1921569 0.6117647 0.2784314 0.3333333 0.5764706 0.2823529 0.2705882 0.7803922 0.1490196 0.1921569 0.6117647 0.2862745 0.4196078 0.3882353 0.2784314 0.3333333 0.5764706 0.1490196 0.1921569 0.6117647 0.2784314 0.3333333 0.5764706 0.2823529 0.2705882 0.7803922 0.1490196 0.1921569 0.6117647 0.2862745 0.4196078 0.3882353 0.2784314 0.3333333 0.5764706 0.1490196 0.1921569 0.6117647 0.2784314 0.3333333 0.5764706 0.2823529 0.2705882 0.7803922 0.1490196 0.1921569 0.6117647 0.2862745 0.4196078 0.3882353 0.2784314 0.3333333 0.5764706 0.1490196 0.1921569 0.6117647 0.2784314 0.3333333 0.5764706 0.2823529 0.2705882 0.7803922 0.1490196 0.1921569 0.6117647 0.2862745 0.4196078 0.3882353 0.2784314 0.3333333 0.5764706 0.1490196 0.1921569 0.6117647 0.2784314 0.3333333 0.5764706 0.2823529 0.2705882 0.7803922 0.1490196 0.1921569 0.6117647 0.2862745 0.4196078 0.3882353 0.2784314 0.3333333 0.5764706 0.1490196 0.1921569 0.6117647 0.2784314 0.3333333 0.5764706 0.2823529 0.2705882 0.7803922 0.1490196 0.1921569 0.6117647 0.2862745 0.4196078 0.3882353 0.2784314 0.3333333 0.5764706 0.1490196 0.1921569 0.6117647 0.2784314 0.3333333 0.5764706 0.2823529 0.2705882 0.7803922 0.1490196 0.1921569 0.6117647 0.2862745 0.4196078 0.3882353 0.2784314 0.3333333 0.5764706 0.1490196 0.1921569 0.6117647 0.2784314 0.3333333 0.5764706 0.2823529 0.2705882 0.7803922 0.1490196 0.1921569 0.6117647 0.2862745 0.4196078 0.3882353 0.2784314 0.3333333 0.5764706 0.1490196 0.1921569 0.6117647 0.2784314 0.3333333 0.5764706 0.2823529 0.2705882 0.7803922 0.1490196 0.1921569 0.6117647 0.2862745 0.4196078 0.3882353 0.2784314 0.3333333 0.5764706 0.1490196 0.1921569 0.6117647 0.2784314 0.3333333 0.5764706 0.2823529 0.2705882 0.7803922 0.1490196 0.1921569 0.6117647 0.2862745 0.4196078 0.3882353 0.2784314 0.3333333 0.5764706 0.1490196 0.1921569 0.6117647 0.2784314 0.3333333 0.5764706 0.2823529 0.2705882 0.7803922 0.1490196 0.1921569 0.6117647 0.2862745 0.4196078 0.3882353 0.2784314 0.3333333 0.5764706 0.1490196 0.1921569 0.6117647 0.2784314 0.3333333 0.5764706 0.2823529 0.2705882 0.7803922 0.1490196 0.1921569 0.6117647 0.2862745 0.4196078 0.3882353 0.2784314 0.3333333 0.5764706 0.1490196 0.1921569 0.6117647 0.2784314 0.3333333 0.5764706 0.2823529 0.2705882 0.7803922 0.1490196 0.1921569 0.6117647 0.2862745 0.4196078 0.3882353 0.2784314 0.3333333 0.5764706 0.1490196 0.1921569 0.6117647 0.2784314 0.3333333 0.5764706 0.2823529 0.2705882 0.7803922 0.1490196 0.1921569 0.6117647 0.2862745 0.4196078 0.3882353 0.2784314 0.3333333 0.5764706 0.1490196 0.1921569 0.6117647 0.2784314 0.3333333 0.5764706 0.2823529 0.2705882 0.7803922 0.1490196 0.1921569 0.6117647 0.2862745 0.4196078 0.3882353 0.2784314 0.3333333 0.5764706 0.1490196 0.1921569 0.6117647 0.2784314 0.3333333 0.5764706 0.2823529 0.2705882 0.7803922 0.1490196 0.1921569 0.6117647 0.2862745 0.4196078 0.3882353 0.2784314 0.3333333 0.5764706 0.1490196 0.1921569 0.6117647 0.2784314 0.3333333 0.5764706 0.2823529 0.2705882 0.7803922 0.1490196 0.1921569 0.6117647 0.2862745 0.4196078 0.3882353 0.2784314 0.3333333 0.5764706 0.1490196 0.1921569 0.6117647 0.2784314 0.3333333 0.5764706 0.2823529 0.2705882 0.7803922 0.1490196 0.1921569 0.6117647 0.2862745 0.4196078 0.3882353 0.2784314 0.3333333 0.5764706 0.1490196 0.1921569 0.6117647 0.2784314 0.3333333 0.5764706 0.2823529 0.2705882 0.7803922 0.1490196 0.1921569 0.6117647 0.2862745 0.4196078 0.3882353 0.2784314 0.3333333 0.5764706 0.1490196 0.1921569 0.6117647 0.2784314 0.3333333 0.5764706 0.2823529 0.2705882 0.7803922 0.1490196 0.1921569 0.6117647 0.2862745 0.4196078 0.3882353 0.2784314 0.3333333 0.5764706 0.1490196 0.1921569 0.6117647 0.2784314 0.3333333 0.5764706 0.2823529 0.2705882 0.7803922 0.1490196 0.1921569 0.6117647 0 0.1058824 0 0 0 0 0 0.07843136 0 0 0.1647059 0 0 0.1058824 0 0 0.07843136 0 0 0 0 0 0.1647059 0 0 0.07843136 0 0 0.2941176 0 0 0.3607843 0 0 0.03529411 0 0 0.3607843 0 0 0.2941176 0 0 0.3647059 0 0 0.2941176 0 0 0.2078431 0 0 0.3647059 0 0 0.03529411 0 0 0.2078431 0 0 0.2941176 0 0 0.06666666 0 0 0.145098 0 0 0.06666666 0 0 0.0117647 0 0 0.145098 0 0 0.03529411 0 0 0.4 0 0 0.145098 0 0 0.2313725 0 0 0.227451 0 0 0.145098 0 0 0.4 0 0 0.2313725 0 0 0.145098 0 0 0.0117647 0 0 0.03529411 0 0 0.145098 0 0 0.06666666 0 0 0.06666666 0 0 0.145098 0 0 0.227451 0 0 0.06666666 0 0 0.06666666 0 0 0.145098 0 0 0.0117647 0 0 0.03529411 0 0 0.145098 0 0 0.4 0 0 0.2313725 0 0 0.145098 0 0 0.227451 0 0 0.4 0 0 0.145098 0 0 0.2313725 0 0 0.0117647 0 0 0.145098 0 0 0.03529411 0 0 0.06666666 0 0 0.145098 0 0 0.06666666 0 0 0.227451 0 0 0.145098 0 0 0.2941176 0 0 0.03529411 0 0 0.3607843 0 0 0.3607843 0 0 0.3647059 0 0 0.2941176 0 0 0.2941176 0 0 0.3647059 0 0 0.2078431 0 0 0.03529411 0 0 0.2941176 0 0 0.2078431 0 0 0.06666666 0 0 0.06666666 0 0 0.145098 0 0 0.0117647 0 0 0.03529411 0 0 0.145098 0 0 0.4 0 0 0.2313725 0 0 0.145098 0 0 0.227451 0 0 0.4 0 0 0.145098 0 0 0.2313725 0 0 0.0117647 0 0 0.145098 0 0 0.03529411 0 0 0.06666666 0 0 0.145098 0 0 0.06666666 0 0 0.227451 0 0 0.145098 0 0 0.06666666 0 0 0.06666666 0 0 0.145098 0 0 0.0117647 0 0 0.03529411 0 0 0.145098 0 0 0.4 0 0 0.2313725 0 0 0.145098 0 0 0.227451 0 0 0.4 0 0 0.145098 0 0 0.2313725 0 0 0.0117647 0 0 0.145098 0 0 0.03529411 0 0 0.06666666 0 0 0.145098 0 0 0.06666666 0 0 0.227451 0 0 0.145098 0 0 0.1058824 0 0 0.07843136 0 0 0 0 0 0.1647059 0 0 0.07843136 0 0 0.1058824 0 0 0 0 0 0.07843136 0 0 0.1647059 0 0 0.2941176 0 0 0.03529411 0 0 0.3607843 0 0 0.3607843 0 0 0.3647059 0 0 0.2941176 0 0 0.2941176 0 0 0.3647059 0 0 0.2078431 0 0 0.03529411 0 0 0.2941176 0 0 0.2078431 0 0 0.06666666 0 0 0.06666666 0 0 0.145098 0 0 0.0117647 0 0 0.03529411 0 0 0.145098 0 0 0.4 0 0 0.2313725 0 0 0.145098 0 0 0.227451 0 0 0.4 0 0 0.145098 0 0 0.2313725 0 0 0.0117647 0 0 0.145098 0 0 0.03529411 0 0 0.06666666 0 0 0.145098 0 0 0.06666666 0 0 0.227451 0 0 0.145098 0 0 0.06666666 0 0 0.145098 0 0 0.06666666 0 0 0.0117647 0 0 0.145098 0 0 0.03529411 0 0 0.4 0 0 0.145098 0 0 0.2313725 0 0 0.227451 0 0 0.145098 0 0 0.4 0 0 0.2313725 0 0 0.145098 0 0 0.0117647 0 0 0.03529411 0 0 0.145098 0 0 0.06666666 0 0 0.06666666 0 0 0.145098 0 0 0.227451 0 0 0.2941176 0 0 0.3607843 0 0 0.03529411 0 0 0.3607843 0 0 0.2941176 0 0 0.3647059 0 0 0.2941176 0 0 0.2078431 0 0 0.3647059 0 0 0.03529411 0 0 0.2078431 0 0 0.2941176 0 0 0.06666666 0 0 0.145098 0 0 0.06666666 0 0 0.0117647 0 0 0.145098 0 0 0.03529411 0 0 0.4 0 0 0.145098 0 0 0.2313725 0 0 0.227451 0 0 0.145098 0 0 0.4 0 0 0.2313725 0 0 0.145098 0 0 0.0117647 0 0 0.03529411 0 0 0.145098 0 0 0.06666666 0 0 0.06666666 0 0 0.145098 0 0 0.227451 0 0 0.06666666 0 0 0.145098 0 0 0.06666666 0 0 0.0117647 0 0 0.145098 0 0 0.03529411 0 0 0.4 0 0 0.145098 0 0 0.2313725 0 0 0.227451 0 0 0.145098 0 0 0.4 0 0 0.2313725 0 0 0.145098 0 0 0.0117647 0 0 0.03529411 0 0 0.145098 0 0 0.06666666 0 0 0.06666666 0 0 0.145098 0 0 0.227451 0 0.4509804 0.1372549 0.7529412 0 0.1882353 0.6078432 0.2627451 0.345098 0.5411765 0.2627451 0.345098 0.5411765 0 0.3137255 0 0 0.1607843 0.6196079 0.9372549 0.9254902 1 0.4509804 0.1372549 0.7529412 0.2627451 0.345098 0.5411765 0 0.1882353 0.6078432 0 0.3137255 0 0.2627451 0.345098 0.5411765 0.9372549 0.9254902 1 0.2627451 0.345098 0.5411765 0 0.1607843 0.6196079 0.003921568 0.2039216 0 0.02352941 0.05882352 0.5254902 0.2156863 0.4313725 0.7647059 0.172549 0.2235294 0.7647059 0.3843137 0.4470588 0.01568627 0.682353 0.3568627 1 0.003921568 0.2039216 0 0.3843137 0.4470588 0.01568627 0.172549 0.2235294 0.7647059 0.682353 0.3568627 1 0.7607843 0.5764706 1 0.7176471 0.5254902 1 0.2156863 0.4313725 0.7647059 0.7607843 0.5764706 1 0.682353 0.3568627 1 0.003921568 0.2039216 0 0.02352941 0.05882352 0.5254902 0.2156863 0.4313725 0.7647059 0.172549 0.2235294 0.7647059 0.3843137 0.4470588 0.01568627 0.682353 0.3568627 1 0.003921568 0.2039216 0 0.3843137 0.4470588 0.01568627 0.172549 0.2235294 0.7647059 0.682353 0.3568627 1 0.7607843 0.5764706 1 0.7176471 0.5254902 1 0.2156863 0.4313725 0.7647059 0.7607843 0.5764706 1 0.682353 0.3568627 1 0.003921568 0.2039216 0 0.02352941 0.05882352 0.5254902 0.2156863 0.4313725 0.7647059 0.172549 0.2235294 0.7647059 0.3843137 0.4470588 0.01568627 0.682353 0.3568627 1 0.003921568 0.2039216 0 0.3843137 0.4470588 0.01568627 0.172549 0.2235294 0.7647059 0.682353 0.3568627 1 0.7607843 0.5764706 1 0.7176471 0.5254902 1 0.2156863 0.4313725 0.7647059 0.7607843 0.5764706 1 0.682353 0.3568627 1 0.2431373 0.3960784 1 0.1960784 0.8941177 0.9882353 0.2078431 0.4117647 0.6901961 0.1098039 0.1137255 0.3647059 0.1411765 0.1372549 0.5333334 0.1529412 0.2392157 1 0.1490196 0.1568627 0.9019608 0.1529412 0.2392157 1 0.2431373 0.3960784 1 0.2392157 0.1607843 1 0.2431373 0.3960784 1 0.2078431 0.4117647 0.6901961 0.1490196 0.1568627 0.9019608 0.1098039 0.1137255 0.3647059 0.1529412 0.2392157 1 0.2431373 0.3960784 1 0.1960784 0.8941177 0.9882353 0.2078431 0.4117647 0.6901961 0.1098039 0.1137255 0.3647059 0.1411765 0.1372549 0.5333334 0.1529412 0.2392157 1 0.1490196 0.1568627 0.9019608 0.1529412 0.2392157 1 0.2431373 0.3960784 1 0.2392157 0.1607843 1 0.2431373 0.3960784 1 0.2078431 0.4117647 0.6901961 0.1490196 0.1568627 0.9019608 0.1098039 0.1137255 0.3647059 0.1529412 0.2392157 1 0.07058823 0.2980392 0 0.5725491 0.2039216 1 0.2901961 0.1882353 0.2862745 0.5137255 0.3254902 1 0.07058823 0.2980392 0 0.2901961 0.1882353 0.2862745 0.5725491 0.172549 1 0.5137255 0.3254902 1 0.2901961 0.1882353 0.2862745 0.07058823 0.2980392 0 0.5725491 0.2039216 1 0.2901961 0.1882353 0.2862745 0.5137255 0.3254902 1 0.07058823 0.2980392 0 0.2901961 0.1882353 0.2862745 0.5725491 0.172549 1 0.5137255 0.3254902 1 0.2901961 0.1882353 0.2862745 0.4509804 0.1372549 0.7529412 0 0.1882353 0.6078432 0.2627451 0.345098 0.5411765 0.2627451 0.345098 0.5411765 0 0.3137255 0 0 0.1607843 0.6196079 0.9372549 0.9254902 1 0.4509804 0.1372549 0.7529412 0.2627451 0.345098 0.5411765 0 0.1882353 0.6078432 0 0.3137255 0 0.2627451 0.345098 0.5411765 0.9372549 0.9254902 1 0.2627451 0.345098 0.5411765 0 0.1607843 0.6196079 0.4509804 0.1372549 0.7529412 0 0.1882353 0.6078432 0.2627451 0.345098 0.5411765 0.2627451 0.345098 0.5411765 0 0.3137255 0 0 0.1607843 0.6196079 0.9372549 0.9254902 1 0.4509804 0.1372549 0.7529412 0.2627451 0.345098 0.5411765 0 0.1882353 0.6078432 0 0.3137255 0 0.2627451 0.345098 0.5411765 0.9372549 0.9254902 1 0.2627451 0.345098 0.5411765 0 0.1607843 0.6196079 0.003921568 0.2039216 0 0.02352941 0.05882352 0.5254902 0.2156863 0.4313725 0.7647059 0.172549 0.2235294 0.7647059 0.3843137 0.4470588 0.01568627 0.682353 0.3568627 1 0.003921568 0.2039216 0 0.3843137 0.4470588 0.01568627 0.172549 0.2235294 0.7647059 0.682353 0.3568627 1 0.7607843 0.5764706 1 0.7176471 0.5254902 1 0.2156863 0.4313725 0.7647059 0.7607843 0.5764706 1 0.682353 0.3568627 1 0.003921568 0.2039216 0 0.02352941 0.05882352 0.5254902 0.2156863 0.4313725 0.7647059 0.172549 0.2235294 0.7647059 0.3843137 0.4470588 0.01568627 0.682353 0.3568627 1 0.003921568 0.2039216 0 0.3843137 0.4470588 0.01568627 0.172549 0.2235294 0.7647059 0.682353 0.3568627 1 0.7607843 0.5764706 1 0.7176471 0.5254902 1 0.2156863 0.4313725 0.7647059 0.7607843 0.5764706 1 0.682353 0.3568627 1 0.003921568 0.2039216 0 0.02352941 0.05882352 0.5254902 0.2156863 0.4313725 0.7647059 0.172549 0.2235294 0.7647059 0.3843137 0.4470588 0.01568627 0.682353 0.3568627 1 0.003921568 0.2039216 0 0.3843137 0.4470588 0.01568627 0.172549 0.2235294 0.7647059 0.682353 0.3568627 1 0.7607843 0.5764706 1 0.7176471 0.5254902 1 0.2156863 0.4313725 0.7647059 0.7607843 0.5764706 1 0.682353 0.3568627 1 0.003921568 0.2039216 0 0.02352941 0.05882352 0.5254902 0.2156863 0.4313725 0.7647059 0.172549 0.2235294 0.7647059 0.3843137 0.4470588 0.01568627 0.682353 0.3568627 1 0.003921568 0.2039216 0 0.3843137 0.4470588 0.01568627 0.172549 0.2235294 0.7647059 0.682353 0.3568627 1 0.7607843 0.5764706 1 0.7176471 0.5254902 1 0.2156863 0.4313725 0.7647059 0.7607843 0.5764706 1 0.682353 0.3568627 1 0.07058823 0.2980392 0 0.5725491 0.2039216 1 0.2901961 0.1882353 0.2862745 0.5137255 0.3254902 1 0.07058823 0.2980392 0 0.2901961 0.1882353 0.2862745 0.5725491 0.172549 1 0.5137255 0.3254902 1 0.2901961 0.1882353 0.2862745 0.07058823 0.2980392 0 0.5725491 0.2039216 1 0.2901961 0.1882353 0.2862745 0.5137255 0.3254902 1 0.07058823 0.2980392 0 0.2901961 0.1882353 0.2862745 0.5725491 0.172549 1 0.5137255 0.3254902 1 0.2901961 0.1882353 0.2862745 0.07058823 0.2980392 0 0.5725491 0.2039216 1 0.2901961 0.1882353 0.2862745 0.5137255 0.3254902 1 0.07058823 0.2980392 0 0.2901961 0.1882353 0.2862745 0.5725491 0.172549 1 0.5137255 0.3254902 1 0.2901961 0.1882353 0.2862745 0.4509804 0.1372549 0.7529412 0 0.1882353 0.6078432 0.2627451 0.345098 0.5411765 0.2627451 0.345098 0.5411765 0 0.3137255 0 0 0.1607843 0.6196079 0.9372549 0.9254902 1 0.4509804 0.1372549 0.7529412 0.2627451 0.345098 0.5411765 0 0.1882353 0.6078432 0 0.3137255 0 0.2627451 0.345098 0.5411765 0.9372549 0.9254902 1 0.2627451 0.345098 0.5411765 0 0.1607843 0.6196079 0.4509804 0.1372549 0.7529412 0 0.1882353 0.6078432 0.2627451 0.345098 0.5411765 0.2627451 0.345098 0.5411765 0 0.3137255 0 0 0.1607843 0.6196079 0.9372549 0.9254902 1 0.4509804 0.1372549 0.7529412 0.2627451 0.345098 0.5411765 0 0.1882353 0.6078432 0 0.3137255 0 0.2627451 0.345098 0.5411765 0.9372549 0.9254902 1 0.2627451 0.345098 0.5411765 0 0.1607843 0.6196079 0.4509804 0.1372549 0.7529412 0 0.1882353 0.6078432 0.2627451 0.345098 0.5411765 0.2627451 0.345098 0.5411765 0 0.3137255 0 0 0.1607843 0.6196079 0.9372549 0.9254902 1 0.4509804 0.1372549 0.7529412 0.2627451 0.345098 0.5411765 0 0.1882353 0.6078432 0 0.3137255 0 0.2627451 0.345098 0.5411765 0.9372549 0.9254902 1 0.2627451 0.345098 0.5411765 0 0.1607843 0.6196079 0.4509804 0.1372549 0.7529412 0 0.1882353 0.6078432 0.2627451 0.345098 0.5411765 0.9372549 0.9254902 1 0.4509804 0.1372549 0.7529412 0.2627451 0.345098 0.5411765 0.2627451 0.345098 0.5411765 0 0.3137255 0 0 0.1607843 0.6196079 0.9372549 0.9254902 1 0.2627451 0.345098 0.5411765 0 0.1607843 0.6196079 0 0.1882353 0.6078432 0 0.3137255 0 0.2627451 0.345098 0.5411765 0.003921568 0.2039216 0 0.02352941 0.05882352 0.5254902 0.2156863 0.4313725 0.7647059 0.3843137 0.4470588 0.01568627 0.7607843 0.5764706 1 0.7176471 0.5254902 1 0.003921568 0.2039216 0 0.3843137 0.4470588 0.01568627 0.172549 0.2235294 0.7647059 0.172549 0.2235294 0.7647059 0.3843137 0.4470588 0.01568627 0.7176471 0.5254902 1 0.3843137 0.4470588 0.01568627 0.2156863 0.4313725 0.7647059 0.7607843 0.5764706 1 0.003921568 0.2039216 0 0.02352941 0.05882352 0.5254902 0.2156863 0.4313725 0.7647059 0.172549 0.2235294 0.7647059 0.3843137 0.4470588 0.01568627 0.682353 0.3568627 1 0.003921568 0.2039216 0 0.3843137 0.4470588 0.01568627 0.172549 0.2235294 0.7647059 0.682353 0.3568627 1 0.7607843 0.5764706 1 0.7176471 0.5254902 1 0.2156863 0.4313725 0.7647059 0.7607843 0.5764706 1 0.682353 0.3568627 1 0.003921568 0.2039216 0 0.02352941 0.05882352 0.5254902 0.2156863 0.4313725 0.7647059 0.172549 0.2235294 0.7647059 0.3843137 0.4470588 0.01568627 0.682353 0.3568627 1 0.003921568 0.2039216 0 0.3843137 0.4470588 0.01568627 0.172549 0.2235294 0.7647059 0.682353 0.3568627 1 0.7607843 0.5764706 1 0.7176471 0.5254902 1 0.2156863 0.4313725 0.7647059 0.7607843 0.5764706 1 0.682353 0.3568627 1 0.003921568 0.2039216 0 0.02352941 0.05882352 0.5254902 0.2156863 0.4313725 0.7647059 0.172549 0.2235294 0.7647059 0.3843137 0.4470588 0.01568627 0.682353 0.3568627 1 0.003921568 0.2039216 0 0.3843137 0.4470588 0.01568627 0.172549 0.2235294 0.7647059 0.682353 0.3568627 1 0.7607843 0.5764706 1 0.7176471 0.5254902 1 0.2156863 0.4313725 0.7647059 0.7607843 0.5764706 1 0.682353 0.3568627 1 0.003921568 0.2039216 0 0.02352941 0.05882352 0.5254902 0.2156863 0.4313725 0.7647059 0.172549 0.2235294 0.7647059 0.3843137 0.4470588 0.01568627 0.682353 0.3568627 1 0.003921568 0.2039216 0 0.3843137 0.4470588 0.01568627 0.172549 0.2235294 0.7647059 0.682353 0.3568627 1 0.7607843 0.5764706 1 0.7176471 0.5254902 1 0.2156863 0.4313725 0.7647059 0.7607843 0.5764706 1 0.682353 0.3568627 1 0.003921568 0.2039216 0 0.02352941 0.05882352 0.5254902 0.2156863 0.4313725 0.7647059 0.172549 0.2235294 0.7647059 0.3843137 0.4470588 0.01568627 0.682353 0.3568627 1 0.003921568 0.2039216 0 0.3843137 0.4470588 0.01568627 0.172549 0.2235294 0.7647059 0.682353 0.3568627 1 0.7607843 0.5764706 1 0.7176471 0.5254902 1 0.2156863 0.4313725 0.7647059 0.7607843 0.5764706 1 0.682353 0.3568627 1 0.003921568 0.2039216 0 0.02352941 0.05882352 0.5254902 0.2156863 0.4313725 0.7647059 0.172549 0.2235294 0.7647059 0.3843137 0.4470588 0.01568627 0.682353 0.3568627 1 0.003921568 0.2039216 0 0.3843137 0.4470588 0.01568627 0.172549 0.2235294 0.7647059 0.682353 0.3568627 1 0.7607843 0.5764706 1 0.7176471 0.5254902 1 0.2156863 0.4313725 0.7647059 0.7607843 0.5764706 1 0.682353 0.3568627 1 0.003921568 0.2039216 0 0.02352941 0.05882352 0.5254902 0.2156863 0.4313725 0.7647059 0.172549 0.2235294 0.7647059 0.3843137 0.4470588 0.01568627 0.682353 0.3568627 1 0.003921568 0.2039216 0 0.3843137 0.4470588 0.01568627 0.172549 0.2235294 0.7647059 0.682353 0.3568627 1 0.7607843 0.5764706 1 0.7176471 0.5254902 1 0.2156863 0.4313725 0.7647059 0.7607843 0.5764706 1 0.682353 0.3568627 1 0.4509804 0.1372549 0.7529412 0 0.1882353 0.6078432 0.2627451 0.345098 0.5411765 0.2627451 0.345098 0.5411765 0 0.3137255 0 0 0.1607843 0.6196079 0.9372549 0.9254902 1 0.4509804 0.1372549 0.7529412 0.2627451 0.345098 0.5411765 0 0.1882353 0.6078432 0 0.3137255 0 0.2627451 0.345098 0.5411765 0.9372549 0.9254902 1 0.2627451 0.345098 0.5411765 0 0.1607843 0.6196079 0.4509804 0.1372549 0.7529412 0 0.1882353 0.6078432 0.2627451 0.345098 0.5411765 0.2627451 0.345098 0.5411765 0 0.3137255 0 0 0.1607843 0.6196079 0.9372549 0.9254902 1 0.4509804 0.1372549 0.7529412 0.2627451 0.345098 0.5411765 0 0.1882353 0.6078432 0 0.3137255 0 0.2627451 0.345098 0.5411765 0.9372549 0.9254902 1 0.2627451 0.345098 0.5411765 0 0.1607843 0.6196079 0.4509804 0.1372549 0.7529412 0 0.1882353 0.6078432 0.2627451 0.345098 0.5411765 0.2627451 0.345098 0.5411765 0 0.3137255 0 0 0.1607843 0.6196079 0.9372549 0.9254902 1 0.4509804 0.1372549 0.7529412 0.2627451 0.345098 0.5411765 0 0.1882353 0.6078432 0 0.3137255 0 0.2627451 0.345098 0.5411765 0.9372549 0.9254902 1 0.2627451 0.345098 0.5411765 0 0.1607843 0.6196079 0.4509804 0.1372549 0.7529412 0 0.1882353 0.6078432 0.2627451 0.345098 0.5411765 0.2627451 0.345098 0.5411765 0 0.3137255 0 0 0.1607843 0.6196079 0.9372549 0.9254902 1 0.4509804 0.1372549 0.7529412 0.2627451 0.345098 0.5411765 0 0.1882353 0.6078432 0 0.3137255 0 0.2627451 0.345098 0.5411765 0.9372549 0.9254902 1 0.2627451 0.345098 0.5411765 0 0.1607843 0.6196079 0.003921568 0.2039216 0 0.02352941 0.05882352 0.5254902 0.2156863 0.4313725 0.7647059 0.172549 0.2235294 0.7647059 0.3843137 0.4470588 0.01568627 0.682353 0.3568627 1 0.003921568 0.2039216 0 0.3843137 0.4470588 0.01568627 0.172549 0.2235294 0.7647059 0.682353 0.3568627 1 0.7607843 0.5764706 1 0.7176471 0.5254902 1 0.2156863 0.4313725 0.7647059 0.7607843 0.5764706 1 0.682353 0.3568627 1 0.003921568 0.2039216 0 0.02352941 0.05882352 0.5254902 0.2156863 0.4313725 0.7647059 0.172549 0.2235294 0.7647059 0.3843137 0.4470588 0.01568627 0.682353 0.3568627 1 0.003921568 0.2039216 0 0.3843137 0.4470588 0.01568627 0.172549 0.2235294 0.7647059 0.682353 0.3568627 1 0.7607843 0.5764706 1 0.7176471 0.5254902 1 0.2156863 0.4313725 0.7647059 0.7607843 0.5764706 1 0.682353 0.3568627 1 0.003921568 0.2039216 0 0.02352941 0.05882352 0.5254902 0.2156863 0.4313725 0.7647059 0.172549 0.2235294 0.7647059 0.3843137 0.4470588 0.01568627 0.682353 0.3568627 1 0.003921568 0.2039216 0 0.3843137 0.4470588 0.01568627 0.172549 0.2235294 0.7647059 0.682353 0.3568627 1 0.7607843 0.5764706 1 0.7176471 0.5254902 1 0.2156863 0.4313725 0.7647059 0.7607843 0.5764706 1 0.682353 0.3568627 1 0.003921568 0.2039216 0 0.02352941 0.05882352 0.5254902 0.2156863 0.4313725 0.7647059 0.172549 0.2235294 0.7647059 0.3843137 0.4470588 0.01568627 0.682353 0.3568627 1 0.003921568 0.2039216 0 0.3843137 0.4470588 0.01568627 0.172549 0.2235294 0.7647059 0.682353 0.3568627 1 0.7607843 0.5764706 1 0.7176471 0.5254902 1 0.2156863 0.4313725 0.7647059 0.7607843 0.5764706 1 0.682353 0.3568627 1 0.003921568 0.2039216 0 0.02352941 0.05882352 0.5254902 0.2156863 0.4313725 0.7647059 0.172549 0.2235294 0.7647059 0.3843137 0.4470588 0.01568627 0.682353 0.3568627 1 0.003921568 0.2039216 0 0.3843137 0.4470588 0.01568627 0.172549 0.2235294 0.7647059 0.682353 0.3568627 1 0.7607843 0.5764706 1 0.7176471 0.5254902 1 0.2156863 0.4313725 0.7647059 0.7607843 0.5764706 1 0.682353 0.3568627 1 0.003921568 0.2039216 0 0.02352941 0.05882352 0.5254902 0.2156863 0.4313725 0.7647059 0.172549 0.2235294 0.7647059 0.3843137 0.4470588 0.01568627 0.682353 0.3568627 1 0.003921568 0.2039216 0 0.3843137 0.4470588 0.01568627 0.172549 0.2235294 0.7647059 0.682353 0.3568627 1 0.7607843 0.5764706 1 0.7176471 0.5254902 1 0.2156863 0.4313725 0.7647059 0.7607843 0.5764706 1 0.682353 0.3568627 1 0.003921568 0.2039216 0 0.02352941 0.05882352 0.5254902 0.2156863 0.4313725 0.7647059 0.172549 0.2235294 0.7647059 0.3843137 0.4470588 0.01568627 0.682353 0.3568627 1 0.003921568 0.2039216 0 0.3843137 0.4470588 0.01568627 0.172549 0.2235294 0.7647059 0.682353 0.3568627 1 0.7607843 0.5764706 1 0.7176471 0.5254902 1 0.2156863 0.4313725 0.7647059 0.7607843 0.5764706 1 0.682353 0.3568627 1 0.07058823 0.2980392 0 0.5725491 0.2039216 1 0.2901961 0.1882353 0.2862745 0.5137255 0.3254902 1 0.07058823 0.2980392 0 0.2901961 0.1882353 0.2862745 0.5725491 0.172549 1 0.5137255 0.3254902 1 0.2901961 0.1882353 0.2862745 0.07058823 0.2980392 0 0.5725491 0.2039216 1 0.2901961 0.1882353 0.2862745 0.5137255 0.3254902 1 0.07058823 0.2980392 0 0.2901961 0.1882353 0.2862745 0.5725491 0.172549 1 0.5137255 0.3254902 1 0.2901961 0.1882353 0.2862745 0.07058823 0.2980392 0 0.5725491 0.2039216 1 0.2901961 0.1882353 0.2862745 0.5137255 0.3254902 1 0.07058823 0.2980392 0 0.2901961 0.1882353 0.2862745 0.5725491 0.172549 1 0.5137255 0.3254902 1 0.2901961 0.1882353 0.2862745 0.07058823 0.2980392 0 0.5725491 0.2039216 1 0.2901961 0.1882353 0.2862745 0.5137255 0.3254902 1 0.07058823 0.2980392 0 0.2901961 0.1882353 0.2862745 0.5725491 0.172549 1 0.5137255 0.3254902 1 0.2901961 0.1882353 0.2862745 0.07058823 0.2980392 0 0.5725491 0.2039216 1 0.2901961 0.1882353 0.2862745 0.5137255 0.3254902 1 0.07058823 0.2980392 0 0.2901961 0.1882353 0.2862745 0.5725491 0.172549 1 0.5137255 0.3254902 1 0.2901961 0.1882353 0.2862745 0.003921568 0.2039216 0 0.02352941 0.05882352 0.5254902 0.2156863 0.4313725 0.7647059 0.172549 0.2235294 0.7647059 0.3843137 0.4470588 0.01568627 0.682353 0.3568627 1 0.003921568 0.2039216 0 0.3843137 0.4470588 0.01568627 0.172549 0.2235294 0.7647059 0.682353 0.3568627 1 0.7607843 0.5764706 1 0.7176471 0.5254902 1 0.2156863 0.4313725 0.7647059 0.7607843 0.5764706 1 0.682353 0.3568627 1 0.003921568 0.2039216 0 0.02352941 0.05882352 0.5254902 0.2156863 0.4313725 0.7647059 0.172549 0.2235294 0.7647059 0.3843137 0.4470588 0.01568627 0.682353 0.3568627 1 0.003921568 0.2039216 0 0.3843137 0.4470588 0.01568627 0.172549 0.2235294 0.7647059 0.682353 0.3568627 1 0.7607843 0.5764706 1 0.7176471 0.5254902 1 0.2156863 0.4313725 0.7647059 0.7607843 0.5764706 1 0.682353 0.3568627 1 0.2431373 0.3960784 1 0.1960784 0.8941177 0.9882353 0.2078431 0.4117647 0.6901961 0.1098039 0.1137255 0.3647059 0.1411765 0.1372549 0.5333334 0.1529412 0.2392157 1 0.1490196 0.1568627 0.9019608 0.1529412 0.2392157 1 0.2431373 0.3960784 1 0.2392157 0.1607843 1 0.2431373 0.3960784 1 0.2078431 0.4117647 0.6901961 0.1490196 0.1568627 0.9019608 0.1098039 0.1137255 0.3647059 0.1529412 0.2392157 1 0.2431373 0.3960784 1 0.1960784 0.8941177 0.9882353 0.2078431 0.4117647 0.6901961 0.1098039 0.1137255 0.3647059 0.1411765 0.1372549 0.5333334 0.1529412 0.2392157 1 0.1490196 0.1568627 0.9019608 0.1529412 0.2392157 1 0.2431373 0.3960784 1 0.2392157 0.1607843 1 0.2431373 0.3960784 1 0.2078431 0.4117647 0.6901961 0.1490196 0.1568627 0.9019608 0.1098039 0.1137255 0.3647059 0.1529412 0.2392157 1 0.2431373 0.3960784 1 0.1960784 0.8941177 0.9882353 0.2078431 0.4117647 0.6901961 0.1098039 0.1137255 0.3647059 0.1411765 0.1372549 0.5333334 0.1529412 0.2392157 1 0.1490196 0.1568627 0.9019608 0.1529412 0.2392157 1 0.2431373 0.3960784 1 0.2392157 0.1607843 1 0.2431373 0.3960784 1 0.2078431 0.4117647 0.6901961 0.1490196 0.1568627 0.9019608 0.1098039 0.1137255 0.3647059 0.1529412 0.2392157 1 0.2431373 0.3960784 1 0.1960784 0.8941177 0.9882353 0.2078431 0.4117647 0.6901961 0.1098039 0.1137255 0.3647059 0.1411765 0.1372549 0.5333334 0.1529412 0.2392157 1 0.1490196 0.1568627 0.9019608 0.1529412 0.2392157 1 0.2431373 0.3960784 1 0.2392157 0.1607843 1 0.2431373 0.3960784 1 0.2078431 0.4117647 0.6901961 0.1490196 0.1568627 0.9019608 0.1098039 0.1137255 0.3647059 0.1529412 0.2392157 1 0.2431373 0.3960784 1 0.1960784 0.8941177 0.9882353 0.2078431 0.4117647 0.6901961 0.1098039 0.1137255 0.3647059 0.1411765 0.1372549 0.5333334 0.1529412 0.2392157 1 0.1490196 0.1568627 0.9019608 0.1529412 0.2392157 1 0.2431373 0.3960784 1 0.2392157 0.1607843 1 0.2431373 0.3960784 1 0.2078431 0.4117647 0.6901961 0.1490196 0.1568627 0.9019608 0.1098039 0.1137255 0.3647059 0.1529412 0.2392157 1 0.2431373 0.3960784 1 0.1960784 0.8941177 0.9882353 0.2078431 0.4117647 0.6901961 0.1098039 0.1137255 0.3647059 0.1411765 0.1372549 0.5333334 0.1529412 0.2392157 1 0.1490196 0.1568627 0.9019608 0.1529412 0.2392157 1 0.2431373 0.3960784 1 0.2392157 0.1607843 1 0.2431373 0.3960784 1 0.2078431 0.4117647 0.6901961 0.1490196 0.1568627 0.9019608 0.1098039 0.1137255 0.3647059 0.1529412 0.2392157 1 0.2431373 0.3960784 1 0.1960784 0.8941177 0.9882353 0.2078431 0.4117647 0.6901961 0.1098039 0.1137255 0.3647059 0.1411765 0.1372549 0.5333334 0.1529412 0.2392157 1 0.1490196 0.1568627 0.9019608 0.1529412 0.2392157 1 0.2431373 0.3960784 1 0.2392157 0.1607843 1 0.2431373 0.3960784 1 0.2078431 0.4117647 0.6901961 0.1490196 0.1568627 0.9019608 0.1098039 0.1137255 0.3647059 0.1529412 0.2392157 1 0.2431373 0.3960784 1 0.1960784 0.8941177 0.9882353 0.2078431 0.4117647 0.6901961 0.1098039 0.1137255 0.3647059 0.1411765 0.1372549 0.5333334 0.1529412 0.2392157 1 0.1490196 0.1568627 0.9019608 0.1529412 0.2392157 1 0.2431373 0.3960784 1 0.2392157 0.1607843 1 0.2431373 0.3960784 1 0.2078431 0.4117647 0.6901961 0.1490196 0.1568627 0.9019608 0.1098039 0.1137255 0.3647059 0.1529412 0.2392157 1 0.2431373 0.3960784 1 0.1960784 0.8941177 0.9882353 0.2078431 0.4117647 0.6901961 0.1098039 0.1137255 0.3647059 0.1411765 0.1372549 0.5333334 0.1529412 0.2392157 1 0.1490196 0.1568627 0.9019608 0.1529412 0.2392157 1 0.2431373 0.3960784 1 0.2392157 0.1607843 1 0.2431373 0.3960784 1 0.2078431 0.4117647 0.6901961 0.1490196 0.1568627 0.9019608 0.1098039 0.1137255 0.3647059 0.1529412 0.2392157 1 0.2431373 0.3960784 1 0.1960784 0.8941177 0.9882353 0.2078431 0.4117647 0.6901961 0.1098039 0.1137255 0.3647059 0.1411765 0.1372549 0.5333334 0.1529412 0.2392157 1 0.1490196 0.1568627 0.9019608 0.1529412 0.2392157 1 0.2431373 0.3960784 1 0.2392157 0.1607843 1 0.2431373 0.3960784 1 0.2078431 0.4117647 0.6901961 0.1490196 0.1568627 0.9019608 0.1098039 0.1137255 0.3647059 0.1529412 0.2392157 1 0.2431373 0.3960784 1 0.1960784 0.8941177 0.9882353 0.2078431 0.4117647 0.6901961 0.1098039 0.1137255 0.3647059 0.1411765 0.1372549 0.5333334 0.1529412 0.2392157 1 0.1490196 0.1568627 0.9019608 0.1529412 0.2392157 1 0.2431373 0.3960784 1 0.2392157 0.1607843 1 0.2431373 0.3960784 1 0.2078431 0.4117647 0.6901961 0.1490196 0.1568627 0.9019608 0.1098039 0.1137255 0.3647059 0.1529412 0.2392157 1 0.2431373 0.3960784 1 0.1960784 0.8941177 0.9882353 0.2078431 0.4117647 0.6901961 0.1098039 0.1137255 0.3647059 0.1411765 0.1372549 0.5333334 0.1529412 0.2392157 1 0.1490196 0.1568627 0.9019608 0.1529412 0.2392157 1 0.2431373 0.3960784 1 0.2392157 0.1607843 1 0.2431373 0.3960784 1 0.2078431 0.4117647 0.6901961 0.1490196 0.1568627 0.9019608 0.1098039 0.1137255 0.3647059 0.1529412 0.2392157 1 0.2431373 0.3960784 1 0.1960784 0.8941177 0.9882353 0.2078431 0.4117647 0.6901961 0.1098039 0.1137255 0.3647059 0.1411765 0.1372549 0.5333334 0.1529412 0.2392157 1 0.1490196 0.1568627 0.9019608 0.1529412 0.2392157 1 0.2431373 0.3960784 1 0.2392157 0.1607843 1 0.2431373 0.3960784 1 0.2078431 0.4117647 0.6901961 0.1490196 0.1568627 0.9019608 0.1098039 0.1137255 0.3647059 0.1529412 0.2392157 1 0.2431373 0.3960784 1 0.1960784 0.8941177 0.9882353 0.2078431 0.4117647 0.6901961 0.1098039 0.1137255 0.3647059 0.1411765 0.1372549 0.5333334 0.1529412 0.2392157 1 0.1490196 0.1568627 0.9019608 0.1529412 0.2392157 1 0.2431373 0.3960784 1 0.2392157 0.1607843 1 0.2431373 0.3960784 1 0.2078431 0.4117647 0.6901961 0.1490196 0.1568627 0.9019608 0.1098039 0.1137255 0.3647059 0.1529412 0.2392157 1 0.2431373 0.3960784 1 0.1960784 0.8941177 0.9882353 0.2078431 0.4117647 0.6901961 0.1098039 0.1137255 0.3647059 0.1411765 0.1372549 0.5333334 0.1529412 0.2392157 1 0.1490196 0.1568627 0.9019608 0.1529412 0.2392157 1 0.2431373 0.3960784 1 0.2392157 0.1607843 1 0.2431373 0.3960784 1 0.2078431 0.4117647 0.6901961 0.1490196 0.1568627 0.9019608 0.1098039 0.1137255 0.3647059 0.1529412 0.2392157 1 0.5450981 0.345098 1 0.2196078 0.0980392 0.4666666 0.2392157 0.09019607 0.4901961 0.2196078 0.0980392 0.4666666 0 0.317647 1 0.2392157 0.09019607 0.4901961 0.5450981 0.345098 1 0.2196078 0.0980392 0.4666666 0.2392157 0.09019607 0.4901961 0.2196078 0.0980392 0.4666666 0 0.317647 1 0.2392157 0.09019607 0.4901961 0.5450981 0.345098 1 0.2196078 0.0980392 0.4666666 0.2392157 0.09019607 0.4901961 0.2196078 0.0980392 0.4666666 0 0.317647 1 0.2392157 0.09019607 0.4901961 0.5450981 0.345098 1 0.2196078 0.0980392 0.4666666 0.2392157 0.09019607 0.4901961 0.2196078 0.0980392 0.4666666 0 0.317647 1 0.2392157 0.09019607 0.4901961 0.5450981 0.345098 1 0.2196078 0.0980392 0.4666666 0.2392157 0.09019607 0.4901961 0.2196078 0.0980392 0.4666666 0 0.317647 1 0.2392157 0.09019607 0.4901961 0.5450981 0.345098 1 0.2196078 0.0980392 0.4666666 0.2392157 0.09019607 0.4901961 0.2196078 0.0980392 0.4666666 0 0.317647 1 0.2392157 0.09019607 0.4901961 0.5450981 0.345098 1 0.2196078 0.0980392 0.4666666 0.2392157 0.09019607 0.4901961 0.2196078 0.0980392 0.4666666 0 0.317647 1 0.2392157 0.09019607 0.4901961 0.5450981 0.345098 1 0.2196078 0.0980392 0.4666666 0.2392157 0.09019607 0.4901961 0.2196078 0.0980392 0.4666666 0 0.317647 1 0.2392157 0.09019607 0.4901961 0.5450981 0.345098 1 0.2196078 0.0980392 0.4666666 0.2392157 0.09019607 0.4901961 0.2196078 0.0980392 0.4666666 0 0.317647 1 0.2392157 0.09019607 0.4901961 0.5450981 0.345098 1 0.2196078 0.0980392 0.4666666 0.2392157 0.09019607 0.4901961 0.2196078 0.0980392 0.4666666 0 0.317647 1 0.2392157 0.09019607 0.4901961 0.5450981 0.345098 1 0.2196078 0.0980392 0.4666666 0.2392157 0.09019607 0.4901961 0.2196078 0.0980392 0.4666666 0 0.317647 1 0.2392157 0.09019607 0.4901961 0.5450981 0.345098 1 0.2196078 0.0980392 0.4666666 0.2392157 0.09019607 0.4901961 0.2196078 0.0980392 0.4666666 0 0.317647 1 0.2392157 0.09019607 0.4901961 0.5450981 0.345098 1 0.2196078 0.0980392 0.4666666 0.2392157 0.09019607 0.4901961 0.2196078 0.0980392 0.4666666 0 0.317647 1 0.2392157 0.09019607 0.4901961 0.5450981 0.345098 1 0.2196078 0.0980392 0.4666666 0.2392157 0.09019607 0.4901961 0.2196078 0.0980392 0.4666666 0 0.317647 1 0.2392157 0.09019607 0.4901961 0.5450981 0.345098 1 0.2196078 0.0980392 0.4666666 0.2392157 0.09019607 0.4901961 0.2196078 0.0980392 0.4666666 0 0.317647 1 0.2392157 0.09019607 0.4901961 0.5450981 0.345098 1 0.2196078 0.0980392 0.4666666 0.2392157 0.09019607 0.4901961 0.2196078 0.0980392 0.4666666 0 0.317647 1 0.2392157 0.09019607 0.4901961 0.5450981 0.345098 1 0.2196078 0.0980392 0.4666666 0.2392157 0.09019607 0.4901961 0.2196078 0.0980392 0.4666666 0 0.317647 1 0.2392157 0.09019607 0.4901961 0 0 0 0 0 0 0 0 0 0 0 0 0 0 0 0 0 0 0 0 0 0 0 0 0 0 0 0 0 0 0 0 0 0 0 0 0 0 0 0 0 0 0 0 0 0 0 0 0 0 0 0 0 0 0 0 0 0 0 0 0 0 0 0 0 0 0 0 0 0 0 0 0 0 0 0 0 0 0 0 0 0 0 0 0 0 0 0 0 0 0 0 0 0 0 0 0 0 0 0 0 0 0 0 0 0 0 0 0 0 0 0 0 0 0 0 0 0 0 0 0 0 0 0 0 0 0 0 0 0 0 0 0 0 0 0 0 0 0 0 0 0 0 0 0 0 0 0 0 0 0 0 0 0 0 0 0 0 0 0 0 0 0 0 0 0 0 0 0 0 0 0 0 0 0 0 0 0 0 0 0 0 0 0 0 0 0 0 0 0 0 0 0 0 0 0 0 0 0 0 0 0 0 0 0 0 0 0 0 0 0 0 0 0 0 0 0 0 0 0 0 0 0 0 0 0 0 0 0 0 0 0 0 0 0 0 0 0 0 0 0 0 0 0 0 0 0 0 0 0 0 0 0 0 0 0 0 0 0 0 0 0 0 0 0 0 0 0 0 0 0 0 0 0 0 0 0 0 0 0 0 0 0 0 0 0 0 0 0 0 0 0 0 0 0 0 0 0 0 0 0 0 0 0 0 0 0 0 0 0 0 0 0 0 0 0 0 0 0 0 0 0 0 0 0 0 0 0 0 0 0 0 0 0 0 0 0 0 0 0 0 0 0 0 0 0 0 0 0 0 0 0 0 0 0 0 0 0 0 0 0 0 0 0 0 0 0 0 0 0 0 0 0 0 0 0 0 0 0 0 0 0 0 0 0 0 0 0 0 0 0 0 0 0 0 0 0 0 0 0 0 0 0 0 0 0 0 0 0 0 0 0 0 0 0 0 0 0 0 0 0 0 0 0 0 0 0 0 0 0 0 0 0 0 0 0 0 0 0 0 0 0 0 0 0 0 0 0 0 0 0 0 0 0 0 0 0 0 0 0 0 0 0 0 0 0 0 0 0 0 0 0 0 0 0 0 0 0 0 0 0 0 0 0 0 0 0 0 0 0 0 0 0 0 0 0 0 0 0 0 0 0 0 0 0 0 0 0 0 0 0 0 0 0 0 0 0 0 0 0 0 0 0 0 0 0 0 0 0 0 0 0 0 0 0 0 0 0 0 0 0 0 0 0 0 0 0 0 0 0 0 0 0 0 0 0 0 0 0 0 0 0 0 0 0 0 0 0 0 0 0 0 0 0 0 0 0 0 0 0 0 0 0 0 0 0 0 0 0 0 0 0 0 0 0 0 0 0 0 0 0 0 0 0 0 0 0 0 0 0 0 0 0 0 0 0 0 0 0 0 0 0 0 0 0 0 0 0 0 0 0 0 0 0 0 0 0 0 0 0 0 0 0 0 0 0 0 0 0 0 0 0 0 0 0 0 0 0 0 0 0 0 0 0 0 0 0 0 0 0 0 0 0 0 0 0 0 0 0 0 0 0 0 0 0 0 0 0 0 0 0 0 0 0 0 0 0 0 0 0 0 0 0.3843137 0.4470588 0.01568627 0.003921568 0.2039216 0 0.2156863 0.4313725 0.7647059 0.7176471 0.5254902 1 0.172549 0.2235294 0.7647059 0.682353 0.3568627 1 0 0.07058823 0.2666667 0.003921568 0.2039216 0 0.172549 0.2235294 0.7647059 0.3843137 0.4470588 0.01568627 0.2156863 0.4313725 0.7647059 0.682353 0.3568627 1 0.3843137 0.4470588 0.01568627 0.003921568 0.2039216 0 0.2156863 0.4313725 0.7647059 0.7176471 0.5254902 1 0.172549 0.2235294 0.7647059 0.682353 0.3568627 1 0 0.07058823 0.2666667 0.003921568 0.2039216 0 0.172549 0.2235294 0.7647059 0.3843137 0.4470588 0.01568627 0.2156863 0.4313725 0.7647059 0.682353 0.3568627 1 0.3843137 0.4470588 0.01568627 0.003921568 0.2039216 0 0.2156863 0.4313725 0.7647059 0.7176471 0.5254902 1 0.172549 0.2235294 0.7647059 0.682353 0.3568627 1 0 0.07058823 0.2666667 0.003921568 0.2039216 0 0.172549 0.2235294 0.7647059 0.3843137 0.4470588 0.01568627 0.2156863 0.4313725 0.7647059 0.682353 0.3568627 1 0.2392157 0.1607843 1 0.1490196 0.1568627 0.9019608 0.2431373 0.3960784 1 0.2392157 0.1607843 1 0.1490196 0.1568627 0.9019608 0.2431373 0.3960784 1 0.3843137 0.4470588 0.01568627 0.003921568 0.2039216 0 0.2156863 0.4313725 0.7647059 0.7176471 0.5254902 1 0.172549 0.2235294 0.7647059 0.682353 0.3568627 1 0 0.07058823 0.2666667 0.003921568 0.2039216 0 0.172549 0.2235294 0.7647059 0.3843137 0.4470588 0.01568627 0.2156863 0.4313725 0.7647059 0.682353 0.3568627 1 0.3843137 0.4470588 0.01568627 0.003921568 0.2039216 0 0.2156863 0.4313725 0.7647059 0.7176471 0.5254902 1 0.172549 0.2235294 0.7647059 0.682353 0.3568627 1 0 0.07058823 0.2666667 0.003921568 0.2039216 0 0.172549 0.2235294 0.7647059 0.3843137 0.4470588 0.01568627 0.2156863 0.4313725 0.7647059 0.682353 0.3568627 1 0.3843137 0.4470588 0.01568627 0.003921568 0.2039216 0 0.2156863 0.4313725 0.7647059 0.7176471 0.5254902 1 0.172549 0.2235294 0.7647059 0.682353 0.3568627 1 0 0.07058823 0.2666667 0.003921568 0.2039216 0 0.172549 0.2235294 0.7647059 0.3843137 0.4470588 0.01568627 0.2156863 0.4313725 0.7647059 0.682353 0.3568627 1 0.3843137 0.4470588 0.01568627 0.003921568 0.2039216 0 0.2156863 0.4313725 0.7647059 0.7176471 0.5254902 1 0.172549 0.2235294 0.7647059 0.682353 0.3568627 1 0 0.07058823 0.2666667 0.003921568 0.2039216 0 0.172549 0.2235294 0.7647059 0.3843137 0.4470588 0.01568627 0.2156863 0.4313725 0.7647059 0.682353 0.3568627 1 0.3843137 0.4470588 0.01568627 0.003921568 0.2039216 0 0.2156863 0.4313725 0.7647059 0 0.07058823 0.2666667 0.003921568 0.2039216 0 0.172549 0.2235294 0.7647059 0.3843137 0.4470588 0.01568627 0.003921568 0.2039216 0 0.2156863 0.4313725 0.7647059 0.7176471 0.5254902 1 0.172549 0.2235294 0.7647059 0.682353 0.3568627 1 0 0.07058823 0.2666667 0.003921568 0.2039216 0 0.172549 0.2235294 0.7647059 0.3843137 0.4470588 0.01568627 0.2156863 0.4313725 0.7647059 0.682353 0.3568627 1 0.3843137 0.4470588 0.01568627 0.003921568 0.2039216 0 0.2156863 0.4313725 0.7647059 0.7176471 0.5254902 1 0.172549 0.2235294 0.7647059 0.682353 0.3568627 1 0 0.07058823 0.2666667 0.003921568 0.2039216 0 0.172549 0.2235294 0.7647059 0.3843137 0.4470588 0.01568627 0.2156863 0.4313725 0.7647059 0.682353 0.3568627 1 0.3843137 0.4470588 0.01568627 0.003921568 0.2039216 0 0.2156863 0.4313725 0.7647059 0.7176471 0.5254902 1 0.172549 0.2235294 0.7647059 0.682353 0.3568627 1 0 0.07058823 0.2666667 0.003921568 0.2039216 0 0.172549 0.2235294 0.7647059 0.3843137 0.4470588 0.01568627 0.2156863 0.4313725 0.7647059 0.682353 0.3568627 1 0.3843137 0.4470588 0.01568627 0.003921568 0.2039216 0 0.2156863 0.4313725 0.7647059 0.7176471 0.5254902 1 0.172549 0.2235294 0.7647059 0.682353 0.3568627 1 0 0.07058823 0.2666667 0.003921568 0.2039216 0 0.172549 0.2235294 0.7647059 0.3843137 0.4470588 0.01568627 0.2156863 0.4313725 0.7647059 0.682353 0.3568627 1 0.3843137 0.4470588 0.01568627 0.003921568 0.2039216 0 0.2156863 0.4313725 0.7647059 0.7176471 0.5254902 1 0.172549 0.2235294 0.7647059 0.682353 0.3568627 1 0 0.07058823 0.2666667 0.003921568 0.2039216 0 0.172549 0.2235294 0.7647059 0.3843137 0.4470588 0.01568627 0.2156863 0.4313725 0.7647059 0.682353 0.3568627 1 0.3843137 0.4470588 0.01568627 0.003921568 0.2039216 0 0.2156863 0.4313725 0.7647059 0.7176471 0.5254902 1 0.172549 0.2235294 0.7647059 0.682353 0.3568627 1 0 0.07058823 0.2666667 0.003921568 0.2039216 0 0.172549 0.2235294 0.7647059 0.3843137 0.4470588 0.01568627 0.2156863 0.4313725 0.7647059 0.682353 0.3568627 1 0.3843137 0.4470588 0.01568627 0.003921568 0.2039216 0 0.2156863 0.4313725 0.7647059 0.7176471 0.5254902 1 0.172549 0.2235294 0.7647059 0.682353 0.3568627 1 0 0.07058823 0.2666667 0.003921568 0.2039216 0 0.172549 0.2235294 0.7647059 0.3843137 0.4470588 0.01568627 0.2156863 0.4313725 0.7647059 0.682353 0.3568627 1 0.3843137 0.4470588 0.01568627 0.003921568 0.2039216 0 0.2156863 0.4313725 0.7647059 0.7176471 0.5254902 1 0.172549 0.2235294 0.7647059 0.682353 0.3568627 1 0 0.07058823 0.2666667 0.003921568 0.2039216 0 0.172549 0.2235294 0.7647059 0.3843137 0.4470588 0.01568627 0.2156863 0.4313725 0.7647059 0.682353 0.3568627 1 0.3843137 0.4470588 0.01568627 0.003921568 0.2039216 0 0.2156863 0.4313725 0.7647059 0.7176471 0.5254902 1 0.172549 0.2235294 0.7647059 0.682353 0.3568627 1 0 0.07058823 0.2666667 0.003921568 0.2039216 0 0.172549 0.2235294 0.7647059 0.3843137 0.4470588 0.01568627 0.2156863 0.4313725 0.7647059 0.682353 0.3568627 1 0.3843137 0.4470588 0.01568627 0.003921568 0.2039216 0 0.2156863 0.4313725 0.7647059 0.7176471 0.5254902 1 0.172549 0.2235294 0.7647059 0.682353 0.3568627 1 0 0.07058823 0.2666667 0.003921568 0.2039216 0 0.172549 0.2235294 0.7647059 0.3843137 0.4470588 0.01568627 0.2156863 0.4313725 0.7647059 0.682353 0.3568627 1 0.3843137 0.4470588 0.01568627 0.003921568 0.2039216 0 0.2156863 0.4313725 0.7647059 0.7176471 0.5254902 1 0.172549 0.2235294 0.7647059 0.682353 0.3568627 1 0 0.07058823 0.2666667 0.003921568 0.2039216 0 0.172549 0.2235294 0.7647059 0.3843137 0.4470588 0.01568627 0.2156863 0.4313725 0.7647059 0.682353 0.3568627 1 0.3843137 0.4470588 0.01568627 0.003921568 0.2039216 0 0.2156863 0.4313725 0.7647059 0.7176471 0.5254902 1 0.172549 0.2235294 0.7647059 0.682353 0.3568627 1 0 0.07058823 0.2666667 0.003921568 0.2039216 0 0.172549 0.2235294 0.7647059 0.3843137 0.4470588 0.01568627 0.2156863 0.4313725 0.7647059 0.682353 0.3568627 1 0.3843137 0.4470588 0.01568627 0.003921568 0.2039216 0 0.2156863 0.4313725 0.7647059 0.7176471 0.5254902 1 0.172549 0.2235294 0.7647059 0.682353 0.3568627 1 0 0.07058823 0.2666667 0.003921568 0.2039216 0 0.172549 0.2235294 0.7647059 0.3843137 0.4470588 0.01568627 0.2156863 0.4313725 0.7647059 0.682353 0.3568627 1 0.3843137 0.4470588 0.01568627 0.003921568 0.2039216 0 0.2156863 0.4313725 0.7647059 0.7176471 0.5254902 1 0.172549 0.2235294 0.7647059 0.682353 0.3568627 1 0 0.07058823 0.2666667 0.003921568 0.2039216 0 0.172549 0.2235294 0.7647059 0.3843137 0.4470588 0.01568627 0.2156863 0.4313725 0.7647059 0.682353 0.3568627 1 0.3843137 0.4470588 0.01568627 0.003921568 0.2039216 0 0.2156863 0.4313725 0.7647059 0.7176471 0.5254902 1 0.172549 0.2235294 0.7647059 0.682353 0.3568627 1 0 0.07058823 0.2666667 0.003921568 0.2039216 0 0.172549 0.2235294 0.7647059 0.3843137 0.4470588 0.01568627 0.2156863 0.4313725 0.7647059 0.682353 0.3568627 1 0.3843137 0.4470588 0.01568627 0.003921568 0.2039216 0 0.2156863 0.4313725 0.7647059 0.7176471 0.5254902 1 0.172549 0.2235294 0.7647059 0.682353 0.3568627 1 0 0.07058823 0.2666667 0.003921568 0.2039216 0 0.172549 0.2235294 0.7647059 0.3843137 0.4470588 0.01568627 0.2156863 0.4313725 0.7647059 0.682353 0.3568627 1 0.2392157 0.1607843 1 0.1490196 0.1568627 0.9019608 0.2431373 0.3960784 1 0.2392157 0.1607843 1 0.1490196 0.1568627 0.9019608 0.2431373 0.3960784 1 0.2392157 0.1607843 1 0.1490196 0.1568627 0.9019608 0.2431373 0.3960784 1 0.2392157 0.1607843 1 0.1490196 0.1568627 0.9019608 0.2431373 0.3960784 1 0.2392157 0.1607843 1 0.1490196 0.1568627 0.9019608 0.2431373 0.3960784 1 0.2392157 0.1607843 1 0.1490196 0.1568627 0.9019608 0.2431373 0.3960784 1 0.2392157 0.1607843 1 0.1490196 0.1568627 0.9019608 0.2431373 0.3960784 1 0.2392157 0.1607843 1 0.1490196 0.1568627 0.9019608 0.2431373 0.3960784 1 0.2392157 0.1607843 1 0.1490196 0.1568627 0.9019608 0.2431373 0.3960784 1 0.2392157 0.1607843 1 0.1490196 0.1568627 0.9019608 0.2431373 0.3960784 1 0.2392157 0.1607843 1 0.1490196 0.1568627 0.9019608 0.2431373 0.3960784 1 0.2392157 0.1607843 1 0.1490196 0.1568627 0.9019608 0.2431373 0.3960784 1 0.2392157 0.1607843 1 0.1490196 0.1568627 0.9019608 0.2431373 0.3960784 1 0.2392157 0.1607843 1 0.1490196 0.1568627 0.9019608 0.2431373 0.3960784 1 0.2392157 0.1607843 1 0.1490196 0.1568627 0.9019608 0.2431373 0.3960784 1</float_array>
          <technique_common>
            <accessor source="#tree_oak_bush_a200-mesh-colors-array" count="2883" stride="3">
              <param name="R" type="float"/>
              <param name="G" type="float"/>
              <param name="B" type="float"/>
            </accessor>
          </technique_common>
        </source>
        <vertices id="tree_oak_bush_a200-mesh-vertices">
          <input semantic="POSITION" source="#tree_oak_bush_a200-mesh-positions"/>
        </vertices>
        <polylist material="tro_tree_2_trunk-material" count="172">
          <input semantic="VERTEX" source="#tree_oak_bush_a200-mesh-vertices" offset="0"/>
          <input semantic="NORMAL" source="#tree_oak_bush_a200-mesh-normals" offset="1"/>
          <input semantic="TEXCOORD" source="#tree_oak_bush_a200-mesh-map-0" offset="2" set="0"/>
          <input semantic="COLOR" source="#tree_oak_bush_a200-mesh-colors" offset="3"/>
          <vcount>3 3 3 3 3 3 3 3 3 3 3 3 3 3 3 3 3 3 3 3 3 3 3 3 3 3 3 3 3 3 3 3 3 3 3 3 3 3 3 3 3 3 3 3 3 3 3 3 3 3 3 3 3 3 3 3 3 3 3 3 3 3 3 3 3 3 3 3 3 3 3 3 3 3 3 3 3 3 3 3 3 3 3 3 3 3 3 3 3 3 3 3 3 3 3 3 3 3 3 3 3 3 3 3 3 3 3 3 3 3 3 3 3 3 3 3 3 3 3 3 3 3 3 3 3 3 3 3 3 3 3 3 3 3 3 3 3 3 3 3 3 3 3 3 3 3 3 3 3 3 3 3 3 3 3 3 3 3 3 3 3 3 3 3 3 3 3 3 3 3 3 3 </vcount>
          <p>7 0 0 0 15 1 1 1 8 2 2 2 6 3 3 3 94 4 4 4 15 1 5 5 5 5 6 6 13 6 7 7 14 7 8 8 4 8 9 9 12 9 10 10 13 6 11 11 11 10 12 12 12 9 13 13 4 8 14 14 10 11 15 15 91 12 16 16 90 13 17 17 9 14 18 18 10 11 19 19 2 15 20 20 8 2 21 21 9 14 22 22 1 16 23 23 27 17 24 24 28 18 25 25 22 19 26 26 19 20 27 27 22 19 28 28 17 21 29 29 21 22 30 30 24 23 31 31 16 24 32 32 5 5 33 33 21 22 34 34 20 25 35 35 20 25 36 36 16 24 37 37 19 20 38 38 25 26 39 39 24 23 40 40 21 22 41 41 2 15 42 42 18 27 43 43 17 21 44 44 22 19 45 45 25 26 46 46 23 28 47 47 5 5 48 48 73 29 49 49 21 22 50 50 4 8 51 51 20 25 52 52 18 27 53 53 18 27 54 54 2 15 55 55 90 13 56 56 1 16 57 57 17 21 58 58 0 30 59 59 26 31 60 60 31 32 61 61 28 18 62 62 29 33 63 63 32 34 64 64 26 31 65 65 25 26 66 66 30 35 67 67 29 33 68 68 28 18 69 69 30 35 70 70 25 26 71 71 24 23 72 72 29 33 73 73 27 17 74 74 16 24 75 75 27 17 76 76 19 20 77 77 30 35 78 78 33 36 79 79 32 34 80 80 31 32 81 81 33 36 82 82 30 35 83 83 32 34 84 84 36 37 85 85 34 38 86 86 35 39 87 87 37 40 88 88 33 36 89 89 33 36 90 90 37 40 91 91 36 37 92 92 34 38 93 93 35 39 94 94 31 32 95 95 40 41 96 96 38 42 97 97 34 38 98 98 35 39 99 99 39 43 100 100 41 44 101 101 37 40 102 102 41 44 103 103 40 41 104 104 38 42 105 105 39 43 106 106 35 39 107 107 44 45 108 108 42 46 109 109 38 42 110 110 39 43 111 111 43 47 112 112 45 48 113 113 41 44 114 114 45 48 115 115 44 45 116 116 42 46 117 117 43 47 118 118 39 43 119 119 44 45 120 120 48 49 121 121 46 50 122 122 47 51 123 123 49 52 124 124 45 48 125 125 49 52 126 126 48 49 127 127 44 45 128 128 42 46 129 129 46 50 130 130 47 51 131 131 55 53 132 132 54 54 133 133 50 55 134 134 53 56 135 135 56 57 136 136 55 53 137 137 58 58 138 138 57 59 139 139 54 54 140 140 56 57 141 141 59 60 142 142 58 58 143 143 58 58 144 144 61 61 145 145 60 62 146 146 59 60 147 147 62 63 148 148 61 61 149 149 51 64 150 150 56 57 151 151 53 56 152 152 54 54 153 153 56 57 154 154 51 64 155 155 54 54 156 156 57 59 157 157 59 60 158 158 60 62 159 159 62 63 160 160 59 60 161 161 68 65 162 162 67 66 163 163 64 67 164 164 66 68 165 165 69 69 166 166 68 65 167 167 87 70 168 168 71 71 169 169 70 72 170 170 72 73 171 171 71 71 172 172 87 70 173 173 64 67 174 174 67 66 175 175 69 69 176 176 88 74 177 177 70 72 178 178 72 73 179 179 17 21 180 180 23 28 181 181 63 75 182 182 6 3 183 183 73 29 184 184 5 5 185 185 23 28 186 186 21 22 187 187 73 29 188 188 97 76 189 189 96 77 190 190 99 78 191 191 95 79 192 192 66 68 193 193 65 80 194 194 98 81 195 195 66 68 196 196 95 79 197 197 97 76 198 198 99 78 199 199 98 81 200 200 0 30 201 201 63 75 202 202 7 0 203 203 81 82 204 204 80 83 205 205 77 84 206 206 79 85 207 207 82 86 208 208 81 82 209 209 81 82 210 210 84 87 211 211 83 88 212 212 85 89 213 213 84 87 214 214 81 82 215 215 77 84 216 216 80 83 217 217 82 86 218 218 80 83 219 219 83 88 220 220 85 89 221 221 78 90 222 222 77 84 223 223 74 91 224 224 76 92 225 225 79 85 226 226 78 90 227 227 86 93 228 228 79 85 229 229 76 92 230 230 77 84 231 231 79 85 232 232 86 93 233 233 68 65 234 234 87 70 235 235 88 74 236 236 89 94 237 237 87 70 238 238 68 65 239 239 67 66 240 240 88 74 241 241 89 94 242 242 3 95 243 243 18 27 244 244 93 96 245 245 93 96 246 246 92 97 247 247 11 10 248 248 91 12 249 249 92 97 250 250 93 96 251 251 18 27 252 252 90 13 253 253 93 96 254 254 6 3 255 255 14 7 256 256 94 4 257 257 96 77 258 258 97 76 259 259 6 3 260 260 63 75 261 261 95 79 262 262 96 77 263 263 98 81 264 264 95 79 265 265 63 75 266 266 97 76 267 267 98 81 268 268 73 29 269 269 99 78 270 270 100 98 271 271 98 81 272 272 99 78 273 273 96 77 274 274 100 98 275 275 100 98 276 276 64 67 277 277 66 68 278 278 65 80 279 279 64 67 280 280 100 98 281 281 0 30 2316 2316 7 0 2317 2317 8 2 2318 2318 7 0 2319 2319 6 3 2320 2320 15 1 2321 2321 6 3 2322 2322 5 5 2323 2323 14 7 2324 2324 5 5 2325 2325 4 8 2326 2326 13 6 2327 2327 3 95 2328 2328 11 10 2329 2329 4 8 2330 2330 2 15 2331 2331 10 11 2332 2332 90 13 2333 2333 1 16 2334 2334 9 14 2335 2335 2 15 2336 2336 0 30 2337 2337 8 2 2338 2338 1 16 2339 2339 19 20 2340 2340 27 17 2341 2341 22 19 2342 2342 18 27 2343 2343 19 20 2344 2344 17 21 2345 2345 20 25 2346 2346 21 22 2347 2347 16 24 2348 2348 4 8 2349 2349 5 5 2350 2350 20 25 2351 2351 18 27 2352 2352 20 25 2353 2353 19 20 2354 2354 23 28 2355 2355 25 26 2356 2356 21 22 2357 2357 1 16 2358 2358 2 15 2359 2359 17 21 2360 2360 17 21 2361 2361 22 19 2362 2362 23 28 2363 2363 3 95 2364 2364 4 8 2365 2365 18 27 2366 2366 27 17 2367 2367 26 31 2368 2368 28 18 2369 2369 27 17 2370 2370 29 33 2371 2371 26 31 2372 2372 24 23 2373 2373 25 26 2374 2374 29 33 2375 2375 22 19 2376 2376 28 18 2377 2377 25 26 2378 2378 16 24 2379 2379 24 23 2380 2380 27 17 2381 2381 29 33 2382 2382 30 35 2383 2383 32 34 2384 2384 28 18 2385 2385 31 32 2386 2386 30 35 2387 2387 26 31 2388 2388 32 34 2389 2389 34 38 2390 2390 31 32 2391 2391 35 39 2392 2392 33 36 2393 2393 32 34 2394 2394 33 36 2395 2395 36 37 2396 2396 26 31 2397 2397 34 38 2398 2398 31 32 2399 2399 36 37 2400 2400 40 41 2401 2401 34 38 2402 2402 37 40 2403 2403 35 39 2404 2404 41 44 2405 2405 36 37 2406 2406 37 40 2407 2407 40 41 2408 2408 34 38 2409 2409 38 42 2410 2410 35 39 2411 2411 40 41 2412 2412 44 45 2413 2413 38 42 2414 2414 41 44 2415 2415 39 43 2416 2416 45 48 2417 2417 40 41 2418 2418 41 44 2419 2419 44 45 2420 2420 38 42 2421 2421 42 46 2422 2422 39 43 2423 2423 42 46 2424 2424 44 45 2425 2425 46 50 2426 2426 43 47 2427 2427 47 51 2428 2428 45 48 2429 2429 45 48 2430 2430 49 52 2431 2431 44 45 2432 2432 43 47 2433 2433 42 46 2434 2434 47 51 2435 2435 52 1157 2436 2436 55 53 2437 2437 50 55 2438 2438 52 1157 2439 2439 53 56 2440 2440 55 53 2441 2441 55 53 2442 2442 58 58 2443 2443 54 54 2444 2444 55 53 2445 2445 56 57 2446 2446 58 58 2447 2447 57 59 2448 2448 58 58 2449 2449 60 62 2450 2450 58 58 2451 2451 59 60 2452 2452 61 61 2453 2453 50 55 2454 2454 54 54 2455 2455 51 64 2456 2456 56 57 2457 2457 54 54 2458 2458 59 60 2459 2459 57 59 2460 2460 60 62 2461 2461 59 60 2462 2462 65 80 2463 2463 68 65 2464 2464 64 67 2465 2465 65 80 2466 2466 66 68 2467 2467 68 65 2468 2468 88 74 2469 2469 87 70 2470 2470 70 72 2471 2471 89 94 2472 2472 72 73 2473 2473 87 70 2474 2474 66 68 2475 2475 64 67 2476 2476 69 69 2477 2477 89 94 2478 2478 88 74 2479 2479 72 73 2480 2480 0 30 2481 2481 17 21 2482 2482 63 75 2483 2483 63 75 2484 2484 23 28 2485 2485 73 29 2486 2486 96 77 2487 2487 95 79 2488 2488 65 80 2489 2489 78 90 2490 2490 81 82 2491 2491 77 84 2492 2492 78 90 2493 2493 79 85 2494 2494 81 82 2495 2495 80 83 2496 2496 81 82 2497 2497 83 88 2498 2498 82 86 2499 2499 85 89 2500 2500 81 82 2501 2501 79 85 2502 2502 77 84 2503 2503 82 86 2504 2504 82 86 2505 2505 80 83 2506 2506 85 89 2507 2507 75 1158 2508 2508 78 90 2509 2509 74 91 2510 2510 75 1158 2511 2511 76 92 2512 2512 78 90 2513 2513 74 91 2514 2514 77 84 2515 2515 86 93 2516 2516 67 66 2517 2517 68 65 2518 2518 88 74 2519 2519 69 69 2520 2520 89 94 2521 2521 68 65 2522 2522 69 69 2523 2523 67 66 2524 2524 89 94 2525 2525 3 95 2526 2526 93 96 2527 2527 11 10 2528 2528 90 13 2529 2529 91 12 2530 2530 93 96 2531 2531 7 0 2532 2532 96 77 2533 2533 6 3 2534 2534 7 0 2535 2535 63 75 2536 2536 96 77 2537 2537 73 29 2538 2538 98 81 2539 2539 63 75 2540 2540 6 3 2541 2541 97 76 2542 2542 73 29 2543 2543 98 81 2544 2544 100 98 2545 2545 66 68 2546 2546 96 77 2547 2547 65 80 2548 2548 100 98 2549 2549</p>
        </polylist>
        <polylist material="tro_tree_2_leaves-material" count="711">
          <input semantic="VERTEX" source="#tree_oak_bush_a200-mesh-vertices" offset="0"/>
          <input semantic="NORMAL" source="#tree_oak_bush_a200-mesh-normals" offset="1"/>
          <input semantic="TEXCOORD" source="#tree_oak_bush_a200-mesh-map-0" offset="2" set="0"/>
          <input semantic="COLOR" source="#tree_oak_bush_a200-mesh-colors" offset="3"/>
          <vcount>3 3 3 3 3 3 3 3 3 3 3 3 3 3 3 3 3 3 3 3 3 3 3 3 3 3 3 3 3 3 3 3 3 3 3 3 3 3 3 3 3 3 3 3 3 3 3 3 3 3 3 3 3 3 3 3 3 3 3 3 3 3 3 3 3 3 3 3 3 3 3 3 3 3 3 3 3 3 3 3 3 3 3 3 3 3 3 3 3 3 3 3 3 3 3 3 3 3 3 3 3 3 3 3 3 3 3 3 3 3 3 3 3 3 3 3 3 3 3 3 3 3 3 3 3 3 3 3 3 3 3 3 3 3 3 3 3 3 3 3 3 3 3 3 3 3 3 3 3 3 3 3 3 3 3 3 3 3 3 3 3 3 3 3 3 3 3 3 3 3 3 3 3 3 3 3 3 3 3 3 3 3 3 3 3 3 3 3 3 3 3 3 3 3 3 3 3 3 3 3 3 3 3 3 3 3 3 3 3 3 3 3 3 3 3 3 3 3 3 3 3 3 3 3 3 3 3 3 3 3 3 3 3 3 3 3 3 3 3 3 3 3 3 3 3 3 3 3 3 3 3 3 3 3 3 3 3 3 3 3 3 3 3 3 3 3 3 3 3 3 3 3 3 3 3 3 3 3 3 3 3 3 3 3 3 3 3 3 3 3 3 3 3 3 3 3 3 3 3 3 3 3 3 3 3 3 3 3 3 3 3 3 3 3 3 3 3 3 3 3 3 3 3 3 3 3 3 3 3 3 3 3 3 3 3 3 3 3 3 3 3 3 3 3 3 3 3 3 3 3 3 3 3 3 3 3 3 3 3 3 3 3 3 3 3 3 3 3 3 3 3 3 3 3 3 3 3 3 3 3 3 3 3 3 3 3 3 3 3 3 3 3 3 3 3 3 3 3 3 3 3 3 3 3 3 3 3 3 3 3 3 3 3 3 3 3 3 3 3 3 3 3 3 3 3 3 3 3 3 3 3 3 3 3 3 3 3 3 3 3 3 3 3 3 3 3 3 3 3 3 3 3 3 3 3 3 3 3 3 3 3 3 3 3 3 3 3 3 3 3 3 3 3 3 3 3 3 3 3 3 3 3 3 3 3 3 3 3 3 3 3 3 3 3 3 3 3 3 3 3 3 3 3 3 3 3 3 3 3 3 3 3 3 3 3 3 3 3 3 3 3 3 3 3 3 3 3 3 3 3 3 3 3 3 3 3 3 3 3 3 3 3 3 3 3 3 3 3 3 3 3 3 3 3 3 3 3 3 3 3 3 3 3 3 3 3 3 3 3 3 3 3 3 3 3 3 3 3 3 3 3 3 3 3 3 3 3 3 3 3 3 3 3 3 3 3 3 3 3 3 3 3 3 3 3 3 3 3 3 3 3 3 3 3 3 3 3 3 3 3 3 3 3 3 3 3 3 3 3 3 3 3 3 3 3 3 3 3 3 3 3 3 3 3 3 3 3 3 3 3 3 3 3 3 3 3 3 3 3 3 3 3 3 3 3 3 3 3 3 3 3 3 3 3 3 3 3 3 3 3 3 3 3 3 3 3 3 3 3 3 3 3 3 3 3 3 3 3 3 3 3 3 3 3 3 3 3 3 3 3 3 </vcount>
          <p>108 99 282 282 101 100 283 283 102 101 284 284 104 102 285 285 105 103 286 286 109 104 287 287 103 105 288 288 108 99 289 289 102 101 290 290 106 106 291 291 107 107 292 292 109 104 293 293 105 103 294 294 106 106 295 295 109 104 296 296 107 107 297 297 104 102 298 298 109 104 299 299 113 108 300 300 110 109 301 301 111 110 302 302 112 111 303 303 113 108 304 304 111 110 305 305 114 112 306 306 115 113 307 307 118 114 308 308 116 115 309 309 117 116 310 310 118 114 311 311 115 113 312 312 116 115 313 313 118 114 314 314 117 116 315 315 114 112 316 316 118 114 317 317 119 117 318 318 120 118 319 319 123 119 320 320 121 120 321 321 122 121 322 322 123 119 323 323 120 118 324 324 121 120 325 325 123 119 326 326 122 121 327 327 119 117 328 328 123 119 329 329 124 122 330 330 125 123 331 331 128 124 332 332 126 125 333 333 127 126 334 334 128 124 335 335 125 123 336 336 126 125 337 337 128 124 338 338 127 126 339 339 124 122 340 340 128 124 341 341 129 127 342 342 130 128 343 343 133 129 344 344 131 130 345 345 132 131 346 346 133 129 347 347 130 128 348 348 131 130 349 349 133 129 350 350 132 131 351 351 129 127 352 352 133 129 353 353 134 132 354 354 135 133 355 355 138 134 356 356 136 135 357 357 137 136 358 358 138 134 359 359 135 133 360 360 136 135 361 361 138 134 362 362 137 136 363 363 134 132 364 364 138 134 365 365 139 137 366 366 140 138 367 367 143 139 368 368 141 140 369 369 142 141 370 370 143 139 371 371 140 138 372 372 141 140 373 373 143 139 374 374 142 141 375 375 139 137 376 376 143 139 377 377 144 142 378 378 145 143 379 379 148 144 380 380 146 145 381 381 147 146 382 382 148 144 383 383 145 143 384 384 146 145 385 385 148 144 386 386 147 146 387 387 144 142 388 388 148 144 389 389 149 147 390 390 150 148 391 391 153 149 392 392 151 150 393 393 152 151 394 394 153 149 395 395 150 148 396 396 151 150 397 397 153 149 398 398 152 151 399 399 149 147 400 400 153 149 401 401 154 152 402 402 155 153 403 403 158 154 404 404 156 155 405 405 157 156 406 406 158 154 407 407 155 153 408 408 156 155 409 409 158 154 410 410 157 156 411 411 154 152 412 412 158 154 413 413 159 157 414 414 160 158 415 415 163 159 416 416 161 160 417 417 162 161 418 418 163 159 419 419 160 158 420 420 161 160 421 421 163 159 422 422 162 161 423 423 159 157 424 424 163 159 425 425 164 162 426 426 165 163 427 427 168 164 428 428 166 165 429 429 167 166 430 430 168 164 431 431 165 163 432 432 166 165 433 433 168 164 434 434 167 166 435 435 164 162 436 436 168 164 437 437 172 167 438 438 169 168 439 439 170 169 440 440 171 170 441 441 172 167 442 442 170 169 443 443 173 171 444 444 174 172 445 445 177 173 446 446 175 174 447 447 176 175 448 448 177 173 449 449 174 172 450 450 175 174 451 451 177 173 452 452 176 175 453 453 173 171 454 454 177 173 455 455 178 176 456 456 179 177 457 457 182 178 458 458 180 179 459 459 181 180 460 460 182 178 461 461 179 177 462 462 180 179 463 463 182 178 464 464 181 180 465 465 178 176 466 466 182 178 467 467 183 181 468 468 184 182 469 469 187 183 470 470 185 184 471 471 186 185 472 472 187 183 473 473 184 182 474 474 185 184 475 475 187 183 476 476 186 185 477 477 183 181 478 478 187 183 479 479 188 186 480 480 189 187 481 481 192 188 482 482 190 189 483 483 191 190 484 484 192 188 485 485 189 187 486 486 190 189 487 487 192 188 488 488 191 190 489 489 188 186 490 490 192 188 491 491 193 191 492 492 194 192 493 493 197 193 494 494 195 194 495 495 196 195 496 496 197 193 497 497 194 192 498 498 195 194 499 499 197 193 500 500 196 195 501 501 193 191 502 502 197 193 503 503 198 196 504 504 199 197 505 505 202 198 506 506 200 199 507 507 201 200 508 508 202 198 509 509 199 197 510 510 200 199 511 511 202 198 512 512 201 200 513 513 198 196 514 514 202 198 515 515 203 201 516 516 204 202 517 517 207 203 518 518 205 204 519 519 206 205 520 520 207 203 521 521 204 202 522 522 205 204 523 523 207 203 524 524 206 205 525 525 203 201 526 526 207 203 527 527 208 206 528 528 209 207 529 529 212 208 530 530 210 209 531 531 211 210 532 532 212 208 533 533 209 207 534 534 210 209 535 535 212 208 536 536 211 210 537 537 208 206 538 538 212 208 539 539 213 211 540 540 214 212 541 541 217 213 542 542 215 214 543 543 216 215 544 544 217 213 545 545 214 212 546 546 215 214 547 547 217 213 548 548 216 215 549 549 213 211 550 550 217 213 551 551 218 216 552 552 219 217 553 553 222 218 554 554 220 219 555 555 221 220 556 556 222 218 557 557 219 217 558 558 220 219 559 559 222 218 560 560 221 220 561 561 218 216 562 562 222 218 563 563 223 221 564 564 224 222 565 565 227 223 566 566 225 224 567 567 226 225 568 568 227 223 569 569 224 222 570 570 225 224 571 571 227 223 572 572 226 225 573 573 223 221 574 574 227 223 575 575 228 226 576 576 229 227 577 577 232 228 578 578 230 229 579 579 231 230 580 580 232 228 581 581 229 227 582 582 230 229 583 583 232 228 584 584 231 230 585 585 228 226 586 586 232 228 587 587 233 231 588 588 234 232 589 589 237 233 590 590 235 234 591 591 236 235 592 592 237 233 593 593 234 232 594 594 235 234 595 595 237 233 596 596 236 235 597 597 233 231 598 598 237 233 599 599 238 236 600 600 239 237 601 601 242 238 602 602 240 239 603 603 241 240 604 604 242 238 605 605 239 237 606 606 240 239 607 607 242 238 608 608 241 240 609 609 238 236 610 610 242 238 611 611 243 241 612 612 244 242 613 613 247 243 614 614 245 244 615 615 246 245 616 616 247 243 617 617 244 242 618 618 245 244 619 619 247 243 620 620 246 245 621 621 243 241 622 622 247 243 623 623 248 246 624 624 249 247 625 625 252 248 626 626 250 249 627 627 251 250 628 628 252 248 629 629 249 247 630 630 250 249 631 631 252 248 632 632 251 250 633 633 248 246 634 634 252 248 635 635 253 251 636 636 254 252 637 637 257 253 638 638 255 254 639 639 256 255 640 640 257 253 641 641 254 252 642 642 255 254 643 643 257 253 644 644 256 255 645 645 253 251 646 646 257 253 647 647 258 256 648 648 261 257 649 649 260 258 650 650 259 259 651 651 258 256 652 652 260 258 653 653 262 260 654 654 265 261 655 655 264 262 656 656 263 263 657 657 262 260 658 658 264 262 659 659 266 264 660 660 269 265 661 661 268 266 662 662 267 267 663 663 266 264 664 664 268 266 665 665 273 268 666 666 270 269 667 667 272 270 668 668 270 269 669 669 271 271 670 670 272 270 671 671 277 272 672 672 274 273 673 673 276 274 674 674 274 273 675 675 275 275 676 676 276 274 677 677 281 276 678 678 278 277 679 679 280 278 680 680 278 277 681 681 279 279 682 682 280 278 683 683 285 280 684 684 282 281 685 685 284 282 686 686 282 281 687 687 283 283 688 688 284 282 689 689 289 284 690 690 286 285 691 691 288 286 692 692 286 285 693 693 287 287 694 694 288 286 695 695 293 288 696 696 290 289 697 697 292 290 698 698 290 289 699 699 291 291 700 700 292 290 701 701 297 292 702 702 295 293 703 703 296 294 704 704 294 295 705 705 297 292 706 706 296 294 707 707 301 296 708 708 298 297 709 709 300 298 710 710 298 297 711 711 299 299 712 712 300 298 713 713 305 300 714 714 302 301 715 715 304 302 716 716 302 301 717 717 303 303 718 718 304 302 719 719 309 304 720 720 306 305 721 721 308 306 722 722 306 305 723 723 307 307 724 724 308 306 725 725 313 308 726 726 310 309 727 727 312 310 728 728 310 309 729 729 311 311 730 730 312 310 731 731 317 312 732 732 314 313 733 733 316 314 734 734 314 313 735 735 315 315 736 736 316 314 737 737 321 316 738 738 318 317 739 739 320 318 740 740 318 317 741 741 319 319 742 742 320 318 743 743 325 320 744 744 322 321 745 745 324 322 746 746 322 321 747 747 323 323 748 748 324 322 749 749 329 324 750 750 326 325 751 751 328 326 752 752 326 325 753 753 327 327 754 754 328 326 755 755 333 328 756 756 330 329 757 757 332 330 758 758 330 329 759 759 331 331 760 760 332 330 761 761 337 332 762 762 334 333 763 763 336 334 764 764 334 333 765 765 335 335 766 766 336 334 767 767 341 336 768 768 338 337 769 769 340 338 770 770 338 337 771 771 339 339 772 772 340 338 773 773 345 340 774 774 342 341 775 775 344 342 776 776 342 341 777 777 343 343 778 778 344 342 779 779 346 344 780 780 349 345 781 781 348 346 782 782 347 347 783 783 346 344 784 784 348 346 785 785 350 348 786 786 353 349 787 787 352 350 788 788 351 351 789 789 350 348 790 790 352 350 791 791 354 352 792 792 357 353 793 793 356 354 794 794 355 355 795 795 354 352 796 796 356 354 797 797 358 356 798 798 361 357 799 799 360 358 800 800 359 359 801 801 358 356 802 802 360 358 803 803 362 360 804 804 365 361 805 805 364 362 806 806 363 363 807 807 362 360 808 808 364 362 809 809 366 364 810 810 369 365 811 811 368 366 812 812 367 367 813 813 366 364 814 814 368 366 815 815 373 368 816 816 370 369 817 817 372 370 818 818 370 369 819 819 371 371 820 820 372 370 821 821 377 372 822 822 374 373 823 823 376 374 824 824 374 373 825 825 375 375 826 826 376 374 827 827 381 376 828 828 378 377 829 829 380 378 830 830 378 377 831 831 379 379 832 832 380 378 833 833 385 380 834 834 382 381 835 835 384 382 836 836 382 381 837 837 383 383 838 838 384 382 839 839 389 384 840 840 386 385 841 841 388 386 842 842 386 385 843 843 387 387 844 844 388 386 845 845 393 388 846 846 390 389 847 847 392 390 848 848 390 389 849 849 391 391 850 850 392 390 851 851 397 392 852 852 394 393 853 853 396 394 854 854 394 393 855 855 395 395 856 856 396 394 857 857 401 396 858 858 398 397 859 859 400 398 860 860 398 397 861 861 399 399 862 862 400 398 863 863 405 400 864 864 402 401 865 865 404 402 866 866 402 401 867 867 403 403 868 868 404 402 869 869 409 404 870 870 406 405 871 871 408 406 872 872 406 405 873 873 407 407 874 874 408 406 875 875 413 408 876 876 410 409 877 877 412 410 878 878 410 409 879 879 411 411 880 880 412 410 881 881 417 412 882 882 414 413 883 883 416 414 884 884 414 413 885 885 415 415 886 886 416 414 887 887 421 416 888 888 418 417 889 889 420 418 890 890 418 417 891 891 419 419 892 892 420 418 893 893 425 420 894 894 422 421 895 895 424 422 896 896 422 421 897 897 423 423 898 898 424 422 899 899 429 424 900 900 426 425 901 901 428 426 902 902 426 425 903 903 427 427 904 904 428 426 905 905 433 428 906 906 430 429 907 907 432 430 908 908 430 429 909 909 431 431 910 910 432 430 911 911 437 432 912 912 434 433 913 913 436 434 914 914 434 433 915 915 435 435 916 916 436 434 917 917 441 436 918 918 438 437 919 919 440 438 920 920 438 437 921 921 439 439 922 922 440 438 923 923 445 440 924 924 442 441 925 925 444 442 926 926 442 441 927 927 443 443 928 928 444 442 929 929 449 444 930 930 446 445 931 931 448 446 932 932 446 445 933 933 447 447 934 934 448 446 935 935 453 448 936 936 450 449 937 937 452 450 938 938 450 449 939 939 451 451 940 940 452 450 941 941 457 452 942 942 454 453 943 943 456 454 944 944 454 453 945 945 455 455 946 946 456 454 947 947 461 456 948 948 458 457 949 949 460 458 950 950 458 457 951 951 459 459 952 952 460 458 953 953 465 460 954 954 462 461 955 955 464 462 956 956 462 461 957 957 463 463 958 958 464 462 959 959 469 464 960 960 466 465 961 961 468 466 962 962 466 465 963 963 467 467 964 964 468 466 965 965 473 468 966 966 470 469 967 967 472 470 968 968 470 469 969 969 471 471 970 970 472 470 971 971 477 472 972 972 474 473 973 973 476 474 974 974 474 473 975 975 475 475 976 976 476 474 977 977 481 476 978 978 478 477 979 979 480 478 980 980 478 477 981 981 479 479 982 982 480 478 983 983 485 480 984 984 482 481 985 985 484 482 986 986 482 481 987 987 483 483 988 988 484 482 989 989 489 484 990 990 486 485 991 991 488 486 992 992 486 485 993 993 487 487 994 994 488 486 995 995 493 488 996 996 490 489 997 997 492 490 998 998 490 489 999 999 491 491 1000 1000 492 490 1001 1001 497 492 1002 1002 494 493 1003 1003 496 494 1004 1004 494 493 1005 1005 495 495 1006 1006 496 494 1007 1007 501 496 1008 1008 498 497 1009 1009 500 498 1010 1010 498 497 1011 1011 499 499 1012 1012 500 498 1013 1013 505 500 1014 1014 502 501 1015 1015 504 502 1016 1016 502 501 1017 1017 503 503 1018 1018 504 502 1019 1019 509 504 1020 1020 506 505 1021 1021 508 506 1022 1022 506 505 1023 1023 507 507 1024 1024 508 506 1025 1025 513 508 1026 1026 510 509 1027 1027 512 510 1028 1028 510 509 1029 1029 511 511 1030 1030 512 510 1031 1031 517 512 1032 1032 514 513 1033 1033 516 514 1034 1034 514 513 1035 1035 515 515 1036 1036 516 514 1037 1037 521 516 1038 1038 518 517 1039 1039 520 518 1040 1040 518 517 1041 1041 519 519 1042 1042 520 518 1043 1043 525 520 1044 1044 522 521 1045 1045 524 522 1046 1046 522 521 1047 1047 523 523 1048 1048 524 522 1049 1049 529 524 1050 1050 526 525 1051 1051 528 526 1052 1052 526 525 1053 1053 527 527 1054 1054 528 526 1055 1055 533 528 1056 1056 530 529 1057 1057 532 530 1058 1058 530 529 1059 1059 531 531 1060 1060 532 530 1061 1061 537 532 1062 1062 534 533 1063 1063 536 534 1064 1064 534 533 1065 1065 535 535 1066 1066 536 534 1067 1067 541 536 1068 1068 538 537 1069 1069 540 538 1070 1070 538 537 1071 1071 539 539 1072 1072 540 538 1073 1073 545 540 1074 1074 542 541 1075 1075 544 542 1076 1076 542 541 1077 1077 543 543 1078 1078 544 542 1079 1079 549 544 1080 1080 546 545 1081 1081 548 546 1082 1082 546 545 1083 1083 547 547 1084 1084 548 546 1085 1085 553 548 1086 1086 550 549 1087 1087 552 550 1088 1088 550 549 1089 1089 551 551 1090 1090 552 550 1091 1091 557 552 1092 1092 554 553 1093 1093 556 554 1094 1094 554 553 1095 1095 555 555 1096 1096 556 554 1097 1097 561 556 1098 1098 558 557 1099 1099 560 558 1100 1100 558 557 1101 1101 559 559 1102 1102 560 558 1103 1103 565 560 1104 1104 562 561 1105 1105 564 562 1106 1106 562 561 1107 1107 563 563 1108 1108 564 562 1109 1109 660 656 1344 1344 662 657 1345 1345 663 658 1346 1346 663 658 1347 1347 658 659 1348 1348 659 660 1349 1349 661 661 1350 1350 660 656 1351 1351 663 658 1352 1352 662 657 1353 1353 658 659 1354 1354 663 658 1355 1355 661 661 1356 1356 663 658 1357 1357 659 660 1358 1358 669 662 1359 1359 667 663 1360 1360 670 664 1361 1361 668 665 1362 1362 671 666 1363 1363 672 667 1364 1364 669 662 1365 1365 671 666 1366 1366 668 665 1367 1367 672 667 1368 1368 666 668 1369 1369 664 669 1370 1370 670 664 1371 1371 666 668 1372 1372 672 667 1373 1373 678 670 1374 1374 676 671 1375 1375 679 672 1376 1376 677 673 1377 1377 680 674 1378 1378 681 675 1379 1379 678 670 1380 1380 680 674 1381 1381 677 673 1382 1382 681 675 1383 1383 675 676 1384 1384 673 677 1385 1385 679 672 1386 1386 675 676 1387 1387 681 675 1388 1388 687 678 1389 1389 685 679 1390 1390 688 680 1391 1391 686 681 1392 1392 689 682 1393 1393 690 683 1394 1394 687 678 1395 1395 689 682 1396 1396 686 681 1397 1397 690 683 1398 1398 684 684 1399 1399 682 685 1400 1400 688 680 1401 1401 684 684 1402 1402 690 683 1403 1403 696 686 1404 1404 693 687 1405 1405 694 688 1406 1406 692 689 1407 1407 691 690 1408 1408 695 691 1409 1409 698 692 1410 1410 695 691 1411 1411 696 686 1412 1412 697 693 1413 1413 696 686 1414 1414 694 688 1415 1415 698 692 1416 1416 692 689 1417 1417 695 691 1418 1418 704 694 1419 1419 701 695 1420 1420 702 696 1421 1421 700 697 1422 1422 699 698 1423 1423 703 699 1424 1424 706 700 1425 1425 703 699 1426 1426 704 694 1427 1427 705 701 1428 1428 704 694 1429 1429 702 696 1430 1430 706 700 1431 1431 700 697 1432 1432 703 699 1433 1433 708 702 1434 1434 707 703 1435 1435 710 704 1436 1436 709 705 1437 1437 708 702 1438 1438 710 704 1439 1439 707 703 1440 1440 709 705 1441 1441 710 704 1442 1442 712 706 1443 1443 711 707 1444 1444 714 708 1445 1445 713 709 1446 1446 712 706 1447 1447 714 708 1448 1448 711 707 1449 1449 713 709 1450 1450 714 708 1451 1451 717 710 1452 1452 719 711 1453 1453 720 712 1454 1454 720 712 1455 1455 715 713 1456 1456 716 714 1457 1457 718 715 1458 1458 717 710 1459 1459 720 712 1460 1460 719 711 1461 1461 715 713 1462 1462 720 712 1463 1463 718 715 1464 1464 720 712 1465 1465 716 714 1466 1466 723 716 1467 1467 725 717 1468 1468 726 718 1469 1469 726 718 1470 1470 721 719 1471 1471 722 720 1472 1472 724 721 1473 1473 723 716 1474 1474 726 718 1475 1475 725 717 1476 1476 721 719 1477 1477 726 718 1478 1478 724 721 1479 1479 726 718 1480 1480 722 720 1481 1481 732 722 1482 1482 730 723 1483 1483 733 724 1484 1484 731 725 1485 1485 734 726 1486 1486 735 727 1487 1487 732 722 1488 1488 734 726 1489 1489 731 725 1490 1490 735 727 1491 1491 729 728 1492 1492 727 729 1493 1493 733 724 1494 1494 729 728 1495 1495 735 727 1496 1496 741 730 1497 1497 739 731 1498 1498 742 732 1499 1499 740 733 1500 1500 743 734 1501 1501 744 735 1502 1502 741 730 1503 1503 743 734 1504 1504 740 733 1505 1505 744 735 1506 1506 738 736 1507 1507 736 737 1508 1508 742 732 1509 1509 738 736 1510 1510 744 735 1511 1511 750 738 1512 1512 748 739 1513 1513 751 740 1514 1514 749 741 1515 1515 752 742 1516 1516 753 743 1517 1517 750 738 1518 1518 752 742 1519 1519 749 741 1520 1520 753 743 1521 1521 747 744 1522 1522 745 745 1523 1523 751 740 1524 1524 747 744 1525 1525 753 743 1526 1526 759 746 1527 1527 757 747 1528 1528 760 748 1529 1529 758 749 1530 1530 761 750 1531 1531 762 751 1532 1532 759 746 1533 1533 761 750 1534 1534 758 749 1535 1535 762 751 1536 1536 756 752 1537 1537 754 753 1538 1538 760 748 1539 1539 756 752 1540 1540 762 751 1541 1541 764 754 1542 1542 763 755 1543 1543 766 756 1544 1544 765 757 1545 1545 764 754 1546 1546 766 756 1547 1547 763 755 1548 1548 765 757 1549 1549 766 756 1550 1550 768 758 1551 1551 767 759 1552 1552 770 760 1553 1553 769 761 1554 1554 768 758 1555 1555 770 760 1556 1556 767 759 1557 1557 769 761 1558 1558 770 760 1559 1559 772 762 1560 1560 771 763 1561 1561 774 764 1562 1562 773 765 1563 1563 772 762 1564 1564 774 764 1565 1565 771 763 1566 1566 773 765 1567 1567 774 764 1568 1568 777 766 1569 1569 779 767 1570 1570 780 768 1571 1571 780 768 1572 1572 775 769 1573 1573 776 770 1574 1574 778 771 1575 1575 777 766 1576 1576 780 768 1577 1577 779 767 1578 1578 775 769 1579 1579 780 768 1580 1580 778 771 1581 1581 780 768 1582 1582 776 770 1583 1583 783 772 1584 1584 785 773 1585 1585 786 774 1586 1586 786 774 1587 1587 781 775 1588 1588 782 776 1589 1589 784 777 1590 1590 783 772 1591 1591 786 774 1592 1592 785 773 1593 1593 781 775 1594 1594 786 774 1595 1595 784 777 1596 1596 786 774 1597 1597 782 776 1598 1598 789 778 1599 1599 791 779 1600 1600 792 780 1601 1601 792 780 1602 1602 787 781 1603 1603 788 782 1604 1604 790 783 1605 1605 789 778 1606 1606 792 780 1607 1607 791 779 1608 1608 787 781 1609 1609 792 780 1610 1610 790 783 1611 1611 792 780 1612 1612 788 782 1613 1613 796 784 1614 1614 794 785 1615 1615 793 786 1616 1616 795 787 1617 1617 796 784 1618 1618 793 786 1619 1619 793 786 1620 1620 798 788 1621 1621 797 789 1622 1622 795 787 1623 1623 793 786 1624 1624 797 789 1625 1625 794 785 1626 1626 798 788 1627 1627 793 786 1628 1628 804 790 1629 1629 802 791 1630 1630 805 792 1631 1631 806 793 1632 1632 801 794 1633 1633 799 795 1634 1634 804 790 1635 1635 806 793 1636 1636 803 796 1637 1637 803 796 1638 1638 806 793 1639 1639 799 795 1640 1640 806 793 1641 1641 805 792 1642 1642 801 794 1643 1643 812 797 1644 1644 810 798 1645 1645 813 799 1646 1646 811 800 1647 1647 814 801 1648 1648 815 802 1649 1649 812 797 1650 1650 814 801 1651 1651 811 800 1652 1652 815 802 1653 1653 809 803 1654 1654 807 804 1655 1655 813 799 1656 1656 809 803 1657 1657 815 802 1658 1658 821 805 1659 1659 819 806 1660 1660 822 807 1661 1661 820 808 1662 1662 823 809 1663 1663 824 810 1664 1664 821 805 1665 1665 823 809 1666 1666 820 808 1667 1667 824 810 1668 1668 818 811 1669 1669 816 812 1670 1670 822 807 1671 1671 818 811 1672 1672 824 810 1673 1673 830 813 1674 1674 828 814 1675 1675 831 815 1676 1676 829 816 1677 1677 832 817 1678 1678 833 818 1679 1679 830 813 1680 1680 832 817 1681 1681 829 816 1682 1682 833 818 1683 1683 827 819 1684 1684 825 820 1685 1685 831 815 1686 1686 827 819 1687 1687 833 818 1688 1688 839 821 1689 1689 837 822 1690 1690 840 823 1691 1691 838 824 1692 1692 841 825 1693 1693 842 826 1694 1694 839 821 1695 1695 841 825 1696 1696 838 824 1697 1697 842 826 1698 1698 836 827 1699 1699 834 828 1700 1700 840 823 1701 1701 836 827 1702 1702 842 826 1703 1703 848 829 1704 1704 846 830 1705 1705 849 831 1706 1706 847 832 1707 1707 850 833 1708 1708 851 834 1709 1709 848 829 1710 1710 850 833 1711 1711 847 832 1712 1712 851 834 1713 1713 845 835 1714 1714 843 836 1715 1715 849 831 1716 1716 845 835 1717 1717 851 834 1718 1718 857 837 1719 1719 855 838 1720 1720 858 839 1721 1721 856 840 1722 1722 859 841 1723 1723 860 842 1724 1724 857 837 1725 1725 859 841 1726 1726 856 840 1727 1727 860 842 1728 1728 854 843 1729 1729 852 844 1730 1730 858 839 1731 1731 854 843 1732 1732 860 842 1733 1733 866 845 1734 1734 864 846 1735 1735 867 847 1736 1736 865 848 1737 1737 868 849 1738 1738 869 850 1739 1739 866 845 1740 1740 868 849 1741 1741 865 848 1742 1742 869 850 1743 1743 863 851 1744 1744 861 852 1745 1745 867 847 1746 1746 863 851 1747 1747 869 850 1748 1748 872 853 1749 1749 874 854 1750 1750 875 855 1751 1751 875 855 1752 1752 870 856 1753 1753 871 857 1754 1754 873 858 1755 1755 872 853 1756 1756 875 855 1757 1757 874 854 1758 1758 870 856 1759 1759 875 855 1760 1760 873 858 1761 1761 875 855 1762 1762 871 857 1763 1763 878 859 1764 1764 880 860 1765 1765 881 861 1766 1766 881 861 1767 1767 876 862 1768 1768 877 863 1769 1769 879 864 1770 1770 878 859 1771 1771 881 861 1772 1772 880 860 1773 1773 876 862 1774 1774 881 861 1775 1775 879 864 1776 1776 881 861 1777 1777 877 863 1778 1778 884 865 1779 1779 886 866 1780 1780 887 867 1781 1781 887 867 1782 1782 882 868 1783 1783 883 869 1784 1784 885 870 1785 1785 884 865 1786 1786 887 867 1787 1787 886 866 1788 1788 882 868 1789 1789 887 867 1790 1790 885 870 1791 1791 887 867 1792 1792 883 869 1793 1793 890 871 1794 1794 892 872 1795 1795 893 873 1796 1796 893 873 1797 1797 888 874 1798 1798 889 875 1799 1799 891 876 1800 1800 890 871 1801 1801 893 873 1802 1802 892 872 1803 1803 888 874 1804 1804 893 873 1805 1805 891 876 1806 1806 893 873 1807 1807 889 875 1808 1808 899 877 1809 1809 897 878 1810 1810 900 879 1811 1811 898 880 1812 1812 901 881 1813 1813 902 882 1814 1814 899 877 1815 1815 901 881 1816 1816 898 880 1817 1817 902 882 1818 1818 896 883 1819 1819 894 884 1820 1820 900 879 1821 1821 896 883 1822 1822 902 882 1823 1823 908 885 1824 1824 906 886 1825 1825 909 887 1826 1826 907 888 1827 1827 910 889 1828 1828 911 890 1829 1829 908 885 1830 1830 910 889 1831 1831 907 888 1832 1832 911 890 1833 1833 905 891 1834 1834 903 892 1835 1835 909 887 1836 1836 905 891 1837 1837 911 890 1838 1838 917 893 1839 1839 915 894 1840 1840 918 895 1841 1841 916 896 1842 1842 919 897 1843 1843 920 898 1844 1844 917 893 1845 1845 919 897 1846 1846 916 896 1847 1847 920 898 1848 1848 914 899 1849 1849 912 900 1850 1850 918 895 1851 1851 914 899 1852 1852 920 898 1853 1853 926 901 1854 1854 924 902 1855 1855 927 903 1856 1856 925 904 1857 1857 928 905 1858 1858 929 906 1859 1859 926 901 1860 1860 928 905 1861 1861 925 904 1862 1862 929 906 1863 1863 923 907 1864 1864 921 908 1865 1865 927 903 1866 1866 923 907 1867 1867 929 906 1868 1868 935 909 1869 1869 933 910 1870 1870 936 911 1871 1871 934 912 1872 1872 937 913 1873 1873 938 914 1874 1874 935 909 1875 1875 937 913 1876 1876 934 912 1877 1877 938 914 1878 1878 932 915 1879 1879 930 916 1880 1880 936 911 1881 1881 932 915 1882 1882 938 914 1883 1883 944 917 1884 1884 942 918 1885 1885 945 919 1886 1886 943 920 1887 1887 946 921 1888 1888 947 922 1889 1889 944 917 1890 1890 946 921 1891 1891 943 920 1892 1892 947 922 1893 1893 941 923 1894 1894 939 924 1895 1895 945 919 1896 1896 941 923 1897 1897 947 922 1898 1898 953 925 1899 1899 951 926 1900 1900 954 927 1901 1901 952 928 1902 1902 955 929 1903 1903 956 930 1904 1904 953 925 1905 1905 955 929 1906 1906 952 928 1907 1907 956 930 1908 1908 950 931 1909 1909 948 932 1910 1910 954 927 1911 1911 950 931 1912 1912 956 930 1913 1913 958 933 1914 1914 957 934 1915 1915 960 935 1916 1916 959 936 1917 1917 958 933 1918 1918 960 935 1919 1919 957 934 1920 1920 959 936 1921 1921 960 935 1922 1922 962 937 1923 1923 961 938 1924 1924 964 939 1925 1925 963 940 1926 1926 962 937 1927 1927 964 939 1928 1928 961 938 1929 1929 963 940 1930 1930 964 939 1931 1931 966 941 1932 1932 965 942 1933 1933 968 943 1934 1934 967 944 1935 1935 966 941 1936 1936 968 943 1937 1937 965 942 1938 1938 967 944 1939 1939 968 943 1940 1940 970 945 1941 1941 969 946 1942 1942 972 947 1943 1943 971 948 1944 1944 970 945 1945 1945 972 947 1946 1946 969 946 1947 1947 971 948 1948 1948 972 947 1949 1949 974 949 1950 1950 973 950 1951 1951 976 951 1952 1952 975 952 1953 1953 974 949 1954 1954 976 951 1955 1955 973 950 1956 1956 975 952 1957 1957 976 951 1958 1958 982 953 1959 1959 980 954 1960 1960 983 955 1961 1961 981 956 1962 1962 984 957 1963 1963 985 958 1964 1964 982 953 1965 1965 984 957 1966 1966 981 956 1967 1967 985 958 1968 1968 979 959 1969 1969 977 960 1970 1970 983 955 1971 1971 979 959 1972 1972 985 958 1973 1973 991 961 1974 1974 989 962 1975 1975 992 963 1976 1976 990 964 1977 1977 993 965 1978 1978 994 966 1979 1979 991 961 1980 1980 993 965 1981 1981 990 964 1982 1982 994 966 1983 1983 988 967 1984 1984 986 968 1985 1985 992 963 1986 1986 988 967 1987 1987 994 966 1988 1988 1000 969 1989 1989 997 970 1990 1990 998 971 1991 1991 996 972 1992 1992 995 973 1993 1993 999 974 1994 1994 1002 975 1995 1995 999 974 1996 1996 1000 969 1997 1997 1001 976 1998 1998 1000 969 1999 1999 998 971 2000 2000 1002 975 2001 2001 996 972 2002 2002 999 974 2003 2003 1008 977 2004 2004 1005 978 2005 2005 1006 979 2006 2006 1004 980 2007 2007 1003 981 2008 2008 1007 982 2009 2009 1010 983 2010 2010 1007 982 2011 2011 1008 977 2012 2012 1009 984 2013 2013 1008 977 2014 2014 1006 979 2015 2015 1010 983 2016 2016 1004 980 2017 2017 1007 982 2018 2018 1016 985 2019 2019 1013 986 2020 2020 1014 987 2021 2021 1012 988 2022 2022 1011 989 2023 2023 1015 990 2024 2024 1018 991 2025 2025 1015 990 2026 2026 1016 985 2027 2027 1017 992 2028 2028 1016 985 2029 2029 1014 987 2030 2030 1018 991 2031 2031 1012 988 2032 2032 1015 990 2033 2033 1024 993 2034 2034 1021 994 2035 2035 1022 995 2036 2036 1020 996 2037 2037 1019 997 2038 2038 1023 998 2039 2039 1026 999 2040 2040 1023 998 2041 2041 1024 993 2042 2042 1025 1000 2043 2043 1024 993 2044 2044 1022 995 2045 2045 1026 999 2046 2046 1020 996 2047 2047 1023 998 2048 2048 1032 1001 2049 2049 1029 1002 2050 2050 1030 1003 2051 2051 1028 1004 2052 2052 1027 1005 2053 2053 1031 1006 2054 2054 1034 1007 2055 2055 1031 1006 2056 2056 1032 1001 2057 2057 1033 1008 2058 2058 1032 1001 2059 2059 1030 1003 2060 2060 1034 1007 2061 2061 1028 1004 2062 2062 1031 1006 2063 2063 1040 1009 2064 2064 1037 1010 2065 2065 1038 1011 2066 2066 1036 1012 2067 2067 1035 1013 2068 2068 1039 1014 2069 2069 1042 1015 2070 2070 1039 1014 2071 2071 1040 1009 2072 2072 1041 1016 2073 2073 1040 1009 2074 2074 1038 1011 2075 2075 1042 1015 2076 2076 1036 1012 2077 2077 1039 1014 2078 2078 1048 1017 2079 2079 1045 1018 2080 2080 1046 1019 2081 2081 1044 1020 2082 2082 1043 1021 2083 2083 1047 1022 2084 2084 1050 1023 2085 2085 1047 1022 2086 2086 1048 1017 2087 2087 1049 1024 2088 2088 1048 1017 2089 2089 1046 1019 2090 2090 1050 1023 2091 2091 1044 1020 2092 2092 1047 1022 2093 2093 1056 1025 2094 2094 1053 1026 2095 2095 1054 1027 2096 2096 1052 1028 2097 2097 1051 1029 2098 2098 1055 1030 2099 2099 1058 1031 2100 2100 1055 1030 2101 2101 1056 1025 2102 2102 1057 1032 2103 2103 1056 1025 2104 2104 1054 1027 2105 2105 1058 1031 2106 2106 1052 1028 2107 2107 1055 1030 2108 2108 1064 1033 2109 2109 1061 1034 2110 2110 1062 1035 2111 2111 1060 1036 2112 2112 1059 1037 2113 2113 1063 1038 2114 2114 1066 1039 2115 2115 1063 1038 2116 2116 1064 1033 2117 2117 1065 1040 2118 2118 1064 1033 2119 2119 1062 1035 2120 2120 1066 1039 2121 2121 1060 1036 2122 2122 1063 1038 2123 2123 1072 1041 2124 2124 1069 1042 2125 2125 1070 1043 2126 2126 1068 1044 2127 2127 1067 1045 2128 2128 1071 1046 2129 2129 1074 1047 2130 2130 1071 1046 2131 2131 1072 1041 2132 2132 1073 1048 2133 2133 1072 1041 2134 2134 1070 1043 2135 2135 1074 1047 2136 2136 1068 1044 2137 2137 1071 1046 2138 2138 1080 1049 2139 2139 1077 1050 2140 2140 1078 1051 2141 2141 1076 1052 2142 2142 1075 1053 2143 2143 1079 1054 2144 2144 1082 1055 2145 2145 1079 1054 2146 2146 1080 1049 2147 2147 1081 1056 2148 2148 1080 1049 2149 2149 1078 1051 2150 2150 1082 1055 2151 2151 1076 1052 2152 2152 1079 1054 2153 2153 1088 1057 2154 2154 1085 1058 2155 2155 1086 1059 2156 2156 1084 1060 2157 2157 1083 1061 2158 2158 1087 1062 2159 2159 1090 1063 2160 2160 1087 1062 2161 2161 1088 1057 2162 2162 1089 1064 2163 2163 1088 1057 2164 2164 1086 1059 2165 2165 1090 1063 2166 2166 1084 1060 2167 2167 1087 1062 2168 2168 1096 1065 2169 2169 1093 1066 2170 2170 1094 1067 2171 2171 1092 1068 2172 2172 1091 1069 2173 2173 1095 1070 2174 2174 1098 1071 2175 2175 1095 1070 2176 2176 1096 1065 2177 2177 1097 1072 2178 2178 1096 1065 2179 2179 1094 1067 2180 2180 1098 1071 2181 2181 1092 1068 2182 2182 1095 1070 2183 2183 1104 1073 2184 2184 1101 1074 2185 2185 1102 1075 2186 2186 1100 1076 2187 2187 1099 1077 2188 2188 1103 1078 2189 2189 1106 1079 2190 2190 1103 1078 2191 2191 1104 1073 2192 2192 1105 1080 2193 2193 1104 1073 2194 2194 1102 1075 2195 2195 1106 1079 2196 2196 1100 1076 2197 2197 1103 1078 2198 2198 1112 1081 2199 2199 1109 1082 2200 2200 1110 1083 2201 2201 1108 1084 2202 2202 1107 1085 2203 2203 1111 1086 2204 2204 1114 1087 2205 2205 1111 1086 2206 2206 1112 1081 2207 2207 1113 1088 2208 2208 1112 1081 2209 2209 1110 1083 2210 2210 1114 1087 2211 2211 1108 1084 2212 2212 1111 1086 2213 2213 1117 1089 2214 2214 1115 1090 2215 2215 1118 1091 2216 2216 1115 1090 2217 2217 1116 1092 2218 2218 1118 1091 2219 2219 1121 1093 2220 2220 1119 1094 2221 2221 1122 1095 2222 2222 1119 1094 2223 2223 1120 1096 2224 2224 1122 1095 2225 2225 1125 1097 2226 2226 1123 1098 2227 2227 1126 1099 2228 2228 1123 1098 2229 2229 1124 1100 2230 2230 1126 1099 2231 2231 1129 1101 2232 2232 1127 1102 2233 2233 1130 1103 2234 2234 1127 1102 2235 2235 1128 1104 2236 2236 1130 1103 2237 2237 1133 1105 2238 2238 1131 1106 2239 2239 1134 1107 2240 2240 1131 1106 2241 2241 1132 1108 2242 2242 1134 1107 2243 2243 1137 1109 2244 2244 1135 1110 2245 2245 1138 1111 2246 2246 1135 1110 2247 2247 1136 1112 2248 2248 1138 1111 2249 2249 1141 1113 2250 2250 1139 1114 2251 2251 1142 1115 2252 2252 1139 1114 2253 2253 1140 1116 2254 2254 1142 1115 2255 2255 1145 1117 2256 2256 1143 1118 2257 2257 1146 1119 2258 2258 1143 1118 2259 2259 1144 1120 2260 2260 1146 1119 2261 2261 1149 1121 2262 2262 1147 1122 2263 2263 1150 1123 2264 2264 1147 1122 2265 2265 1148 1124 2266 2266 1150 1123 2267 2267 1153 1125 2268 2268 1151 1126 2269 2269 1154 1127 2270 2270 1151 1126 2271 2271 1152 1128 2272 2272 1154 1127 2273 2273 1157 1129 2274 2274 1155 1130 2275 2275 1158 1131 2276 2276 1155 1130 2277 2277 1156 1132 2278 2278 1158 1131 2279 2279 1161 1133 2280 2280 1159 1134 2281 2281 1162 1135 2282 2282 1159 1134 2283 2283 1160 1136 2284 2284 1162 1135 2285 2285 1165 1137 2286 2286 1163 1138 2287 2287 1166 1139 2288 2288 1163 1138 2289 2289 1164 1140 2290 2290 1166 1139 2291 2291 1169 1141 2292 2292 1167 1142 2293 2293 1170 1143 2294 2294 1167 1142 2295 2295 1168 1144 2296 2296 1170 1143 2297 2297 1173 1145 2298 2298 1171 1146 2299 2299 1174 1147 2300 2300 1171 1146 2301 2301 1172 1148 2302 2302 1174 1147 2303 2303 1177 1149 2304 2304 1175 1150 2305 2305 1178 1151 2306 2306 1175 1150 2307 2307 1176 1152 2308 2308 1178 1151 2309 2309 1181 1153 2310 2310 1179 1154 2311 2311 1182 1155 2312 2312 1179 1154 2313 2313 1180 1156 2314 2314 1182 1155 2315 2315 671 666 2550 2550 669 662 2551 2551 670 664 2552 2552 664 669 2553 2553 668 665 2554 2554 672 667 2555 2555 665 1159 2556 2556 669 662 2557 2557 668 665 2558 2558 671 666 2559 2559 670 664 2560 2560 672 667 2561 2561 680 674 2562 2562 678 670 2563 2563 679 672 2564 2564 673 677 2565 2565 677 673 2566 2566 681 675 2567 2567 674 1160 2568 2568 678 670 2569 2569 677 673 2570 2570 680 674 2571 2571 679 672 2572 2572 681 675 2573 2573 689 682 2574 2574 687 678 2575 2575 688 680 2576 2576 682 685 2577 2577 686 681 2578 2578 690 683 2579 2579 683 1161 2580 2580 687 678 2581 2581 686 681 2582 2582 689 682 2583 2583 688 680 2584 2584 690 683 2585 2585 697 693 2586 2586 698 692 2587 2587 696 686 2588 2588 705 701 2589 2589 706 700 2590 2590 704 694 2591 2591 734 726 2592 2592 732 722 2593 2593 733 724 2594 2594 727 729 2595 2595 731 725 2596 2596 735 727 2597 2597 728 1162 2598 2598 732 722 2599 2599 731 725 2600 2600 734 726 2601 2601 733 724 2602 2602 735 727 2603 2603 743 734 2604 2604 741 730 2605 2605 742 732 2606 2606 736 737 2607 2607 740 733 2608 2608 744 735 2609 2609 737 1163 2610 2610 741 730 2611 2611 740 733 2612 2612 743 734 2613 2613 742 732 2614 2614 744 735 2615 2615 752 742 2616 2616 750 738 2617 2617 751 740 2618 2618 745 745 2619 2619 749 741 2620 2620 753 743 2621 2621 746 1164 2622 2622 750 738 2623 2623 749 741 2624 2624 752 742 2625 2625 751 740 2626 2626 753 743 2627 2627 761 750 2628 2628 759 746 2629 2629 760 748 2630 2630 754 753 2631 2631 758 749 2632 2632 762 751 2633 2633 755 1165 2634 2634 759 746 2635 2635 758 749 2636 2636 761 750 2637 2637 760 748 2638 2638 762 751 2639 2639 806 793 2640 2640 804 790 2641 2641 805 792 2642 2642 800 1166 2643 2643 804 790 2644 2644 803 796 2645 2645 814 801 2646 2646 812 797 2647 2647 813 799 2648 2648 807 804 2649 2649 811 800 2650 2650 815 802 2651 2651 808 1167 2652 2652 812 797 2653 2653 811 800 2654 2654 814 801 2655 2655 813 799 2656 2656 815 802 2657 2657 823 809 2658 2658 821 805 2659 2659 822 807 2660 2660 816 812 2661 2661 820 808 2662 2662 824 810 2663 2663 817 1168 2664 2664 821 805 2665 2665 820 808 2666 2666 823 809 2667 2667 822 807 2668 2668 824 810 2669 2669 832 817 2670 2670 830 813 2671 2671 831 815 2672 2672 825 820 2673 2673 829 816 2674 2674 833 818 2675 2675 826 1169 2676 2676 830 813 2677 2677 829 816 2678 2678 832 817 2679 2679 831 815 2680 2680 833 818 2681 2681 841 825 2682 2682 839 821 2683 2683 840 823 2684 2684 834 828 2685 2685 838 824 2686 2686 842 826 2687 2687 835 1170 2688 2688 839 821 2689 2689 838 824 2690 2690 841 825 2691 2691 840 823 2692 2692 842 826 2693 2693 850 833 2694 2694 848 829 2695 2695 849 831 2696 2696 843 836 2697 2697 847 832 2698 2698 851 834 2699 2699 844 1171 2700 2700 848 829 2701 2701 847 832 2702 2702 850 833 2703 2703 849 831 2704 2704 851 834 2705 2705 859 841 2706 2706 857 837 2707 2707 858 839 2708 2708 852 844 2709 2709 856 840 2710 2710 860 842 2711 2711 853 1172 2712 2712 857 837 2713 2713 856 840 2714 2714 859 841 2715 2715 858 839 2716 2716 860 842 2717 2717 868 849 2718 2718 866 845 2719 2719 867 847 2720 2720 861 852 2721 2721 865 848 2722 2722 869 850 2723 2723 862 1173 2724 2724 866 845 2725 2725 865 848 2726 2726 868 849 2727 2727 867 847 2728 2728 869 850 2729 2729 901 881 2730 2730 899 877 2731 2731 900 879 2732 2732 894 884 2733 2733 898 880 2734 2734 902 882 2735 2735 895 1174 2736 2736 899 877 2737 2737 898 880 2738 2738 901 881 2739 2739 900 879 2740 2740 902 882 2741 2741 910 889 2742 2742 908 885 2743 2743 909 887 2744 2744 903 892 2745 2745 907 888 2746 2746 911 890 2747 2747 904 1175 2748 2748 908 885 2749 2749 907 888 2750 2750 910 889 2751 2751 909 887 2752 2752 911 890 2753 2753 919 897 2754 2754 917 893 2755 2755 918 895 2756 2756 912 900 2757 2757 916 896 2758 2758 920 898 2759 2759 913 1176 2760 2760 917 893 2761 2761 916 896 2762 2762 919 897 2763 2763 918 895 2764 2764 920 898 2765 2765 928 905 2766 2766 926 901 2767 2767 927 903 2768 2768 921 908 2769 2769 925 904 2770 2770 929 906 2771 2771 922 1177 2772 2772 926 901 2773 2773 925 904 2774 2774 928 905 2775 2775 927 903 2776 2776 929 906 2777 2777 937 913 2778 2778 935 909 2779 2779 936 911 2780 2780 930 916 2781 2781 934 912 2782 2782 938 914 2783 2783 931 1178 2784 2784 935 909 2785 2785 934 912 2786 2786 937 913 2787 2787 936 911 2788 2788 938 914 2789 2789 946 921 2790 2790 944 917 2791 2791 945 919 2792 2792 939 924 2793 2793 943 920 2794 2794 947 922 2795 2795 940 1179 2796 2796 944 917 2797 2797 943 920 2798 2798 946 921 2799 2799 945 919 2800 2800 947 922 2801 2801 955 929 2802 2802 953 925 2803 2803 954 927 2804 2804 948 932 2805 2805 952 928 2806 2806 956 930 2807 2807 949 1180 2808 2808 953 925 2809 2809 952 928 2810 2810 955 929 2811 2811 954 927 2812 2812 956 930 2813 2813 984 957 2814 2814 982 953 2815 2815 983 955 2816 2816 977 960 2817 2817 981 956 2818 2818 985 958 2819 2819 978 1181 2820 2820 982 953 2821 2821 981 956 2822 2822 984 957 2823 2823 983 955 2824 2824 985 958 2825 2825 993 965 2826 2826 991 961 2827 2827 992 963 2828 2828 986 968 2829 2829 990 964 2830 2830 994 966 2831 2831 987 1182 2832 2832 991 961 2833 2833 990 964 2834 2834 993 965 2835 2835 992 963 2836 2836 994 966 2837 2837 1001 976 2838 2838 1002 975 2839 2839 1000 969 2840 2840 1009 984 2841 2841 1010 983 2842 2842 1008 977 2843 2843 1017 992 2844 2844 1018 991 2845 2845 1016 985 2846 2846 1025 1000 2847 2847 1026 999 2848 2848 1024 993 2849 2849 1033 1008 2850 2850 1034 1007 2851 2851 1032 1001 2852 2852 1041 1016 2853 2853 1042 1015 2854 2854 1040 1009 2855 2855 1049 1024 2856 2856 1050 1023 2857 2857 1048 1017 2858 2858 1057 1032 2859 2859 1058 1031 2860 2860 1056 1025 2861 2861 1065 1040 2862 2862 1066 1039 2863 2863 1064 1033 2864 2864 1073 1048 2865 2865 1074 1047 2866 2866 1072 1041 2867 2867 1081 1056 2868 2868 1082 1055 2869 2869 1080 1049 2870 2870 1089 1064 2871 2871 1090 1063 2872 2872 1088 1057 2873 2873 1097 1072 2874 2874 1098 1071 2875 2875 1096 1065 2876 2876 1105 1080 2877 2877 1106 1079 2878 2878 1104 1073 2879 2879 1113 1088 2880 2880 1114 1087 2881 2881 1112 1081 2882 2882</p>
        </polylist>
        <polylist material="tro_tree_1_branches-material" count="78">
          <input semantic="VERTEX" source="#tree_oak_bush_a200-mesh-vertices" offset="0"/>
          <input semantic="NORMAL" source="#tree_oak_bush_a200-mesh-normals" offset="1"/>
          <input semantic="TEXCOORD" source="#tree_oak_bush_a200-mesh-map-0" offset="2" set="0"/>
          <input semantic="COLOR" source="#tree_oak_bush_a200-mesh-colors" offset="3"/>
          <vcount>3 3 3 3 3 3 3 3 3 3 3 3 3 3 3 3 3 3 3 3 3 3 3 3 3 3 3 3 3 3 3 3 3 3 3 3 3 3 3 3 3 3 3 3 3 3 3 3 3 3 3 3 3 3 3 3 3 3 3 3 3 3 3 3 3 3 3 3 3 3 3 3 3 3 3 3 3 3 </vcount>
          <p>566 564 1110 1110 567 565 1111 1111 569 566 1112 1112 568 567 1113 1113 566 564 1114 1114 569 566 1115 1115 567 565 1116 1116 568 567 1117 1117 569 566 1118 1118 573 568 1119 1119 571 569 1120 1120 572 570 1121 1121 571 569 1122 1122 573 568 1123 1123 570 571 1124 1124 573 568 1125 1125 574 572 1126 1126 570 571 1127 1127 572 570 1128 1128 574 572 1129 1129 573 568 1130 1130 577 573 1131 1131 580 574 1132 1132 578 575 1133 1133 576 576 1134 1134 580 574 1135 1135 582 577 1136 1136 575 578 1137 1137 580 574 1138 1138 579 579 1139 1139 581 580 1140 1140 580 574 1141 1141 575 578 1142 1142 579 579 1143 1143 580 574 1144 1144 576 576 1145 1145 582 577 1146 1146 580 574 1147 1147 577 573 1148 1148 578 575 1149 1149 580 574 1150 1150 581 580 1151 1151 585 581 1152 1152 586 582 1153 1153 588 583 1154 1154 584 584 1155 1155 590 585 1156 1156 588 583 1157 1157 583 586 1158 1158 587 587 1159 1159 588 583 1160 1160 589 588 1161 1161 583 586 1162 1162 588 583 1163 1163 587 587 1164 1164 584 584 1165 1165 588 583 1166 1166 590 585 1167 1167 585 581 1168 1168 588 583 1169 1169 586 582 1170 1170 589 588 1171 1171 588 583 1172 1172 594 589 1173 1173 593 590 1174 1174 592 591 1175 1175 592 591 1176 1176 591 592 1177 1177 594 589 1178 1178 594 589 1179 1179 591 592 1180 1180 595 593 1181 1181 593 590 1182 1182 594 589 1183 1183 595 593 1184 1184 598 594 1185 1185 599 595 1186 1186 601 596 1187 1187 597 597 1188 1188 603 598 1189 1189 601 596 1190 1190 596 599 1191 1191 600 600 1192 1192 601 596 1193 1193 602 601 1194 1194 596 599 1195 1195 601 596 1196 1196 600 600 1197 1197 597 597 1198 1198 601 596 1199 1199 603 598 1200 1200 598 594 1201 1201 601 596 1202 1202 599 595 1203 1203 602 601 1204 1204 601 596 1205 1205 606 602 1206 1206 607 603 1207 1207 609 604 1208 1208 605 605 1209 1209 611 606 1210 1210 609 604 1211 1211 604 607 1212 1212 608 608 1213 1213 609 604 1214 1214 610 609 1215 1215 604 607 1216 1216 609 604 1217 1217 608 608 1218 1218 605 605 1219 1219 609 604 1220 1220 611 606 1221 1221 606 602 1222 1222 609 604 1223 1223 607 603 1224 1224 610 609 1225 1225 609 604 1226 1226 612 610 1227 1227 615 611 1228 1228 613 612 1229 1229 614 613 1230 1230 615 611 1231 1231 612 610 1232 1232 613 612 1233 1233 615 611 1234 1234 614 613 1235 1235 619 614 1236 1236 618 615 1237 1237 617 616 1238 1238 617 616 1239 1239 616 617 1240 1240 619 614 1241 1241 619 614 1242 1242 616 617 1243 1243 620 618 1244 1244 618 615 1245 1245 619 614 1246 1246 620 618 1247 1247 623 619 1248 1248 624 620 1249 1249 626 621 1250 1250 622 622 1251 1251 628 623 1252 1252 626 621 1253 1253 621 624 1254 1254 625 625 1255 1255 626 621 1256 1256 627 626 1257 1257 621 624 1258 1258 626 621 1259 1259 625 625 1260 1260 622 622 1261 1261 626 621 1262 1262 628 623 1263 1263 623 619 1264 1264 626 621 1265 1265 624 620 1266 1266 627 626 1267 1267 626 621 1268 1268 631 627 1269 1269 634 628 1270 1270 632 629 1271 1271 630 630 1272 1272 634 628 1273 1273 636 631 1274 1274 629 632 1275 1275 634 628 1276 1276 633 633 1277 1277 635 634 1278 1278 634 628 1279 1279 629 632 1280 1280 633 633 1281 1281 634 628 1282 1282 630 630 1283 1283 636 631 1284 1284 634 628 1285 1285 631 627 1286 1286 632 629 1287 1287 634 628 1288 1288 635 634 1289 1289 640 635 1290 1290 638 636 1291 1291 639 637 1292 1292 638 636 1293 1293 640 635 1294 1294 637 638 1295 1295 640 635 1296 1296 641 639 1297 1297 637 638 1298 1298 639 637 1299 1299 641 639 1300 1300 640 635 1301 1301 644 640 1302 1302 647 641 1303 1303 645 642 1304 1304 643 643 1305 1305 647 641 1306 1306 649 644 1307 1307 642 645 1308 1308 647 641 1309 1309 646 646 1310 1310 648 647 1311 1311 647 641 1312 1312 642 645 1313 1313 646 646 1314 1314 647 641 1315 1315 643 643 1316 1316 649 644 1317 1317 647 641 1318 1318 644 640 1319 1319 645 642 1320 1320 647 641 1321 1321 648 647 1322 1322 652 648 1323 1323 655 649 1324 1324 653 650 1325 1325 651 651 1326 1326 655 649 1327 1327 657 652 1328 1328 650 653 1329 1329 655 649 1330 1330 654 654 1331 1331 656 655 1332 1332 655 649 1333 1333 650 653 1334 1334 654 654 1335 1335 655 649 1336 1336 651 651 1337 1337 657 652 1338 1338 655 649 1339 1339 652 648 1340 1340 653 650 1341 1341 655 649 1342 1342 656 655 1343 1343</p>
        </polylist>
      </mesh>
    </geometry>
    <geometry id="Colmesh-1-mesh" name="Colmesh-1">
      <mesh>
        <source id="Colmesh-1-mesh-positions">
          <float_array id="Colmesh-1-mesh-positions-array" count="57">0 0.26 -0.5586404 -0.2251666 0.1299999 -0.5586404 -0.2251666 -0.1300001 -0.5586404 0 -0.26 -0.5586404 0.2251666 -0.1299999 -0.5586404 0.2251666 0.13 -0.5586404 0.09917479 0.3792549 1.458971 -0.1259918 0.2492548 1.458971 -0.1259917 -0.01074516 1.458971 0.09917491 -0.1407451 1.458971 0.3243415 -0.01074504 1.458971 0.3243414 0.2492549 1.458971 0.135255 0.4676027 3.09188 -0.08991152 0.3376026 3.09188 -0.0899114 0.07760262 3.09188 0.1352552 -0.05239725 3.09188 0.3604217 0.0776028 3.09188 0.3604217 0.3376027 3.09188 0.09985029 0.2091451 3.387371</float_array>
          <technique_common>
            <accessor source="#Colmesh-1-mesh-positions-array" count="19" stride="3">
              <param name="X" type="float"/>
              <param name="Y" type="float"/>
              <param name="Z" type="float"/>
            </accessor>
          </technique_common>
        </source>
        <source id="Colmesh-1-mesh-normals">
          <float_array id="Colmesh-1-mesh-normals-array" count="102">0.4985709 0.8635505 -0.07554888 0.9987941 2.28972e-7 -0.04909527 0.4998233 -0.8657187 0.02660137 -0.4985708 -0.8635506 0.07554888 -0.9987941 -2.86215e-7 0.04909533 -0.4998232 0.8657187 -0.02660137 0.4991639 0.8645772 -0.05780696 0.9997559 2.29193e-7 -0.02209031 0.4996801 -0.8654706 0.03578513 -0.4991636 -0.8645774 0.05780696 -0.9997559 -4.58385e-7 0.02209031 -0.4996801 0.8654706 -0.03578513 0.3871279 0.6705252 0.6328728 0.7500347 1.71944e-7 0.6613985 0.385415 -0.6675578 0.6370413 -0.4083418 -0.7072694 0.5770849 -0.8414335 -2.65234e-7 0.5403606 -0.4100822 0.7102826 0.5721285 0.498571 0.8635505 -0.07554888 0.9987941 2.28972e-7 -0.04909527 0.4998233 -0.8657187 0.02660137 -0.4985707 -0.8635506 0.07554888 -0.9987941 -4.53947e-7 0.04909533 -0.4998233 0.8657187 -0.02660137 0.4991638 0.8645772 -0.05780696 0.999756 2.29193e-7 -0.02209031 0.49968 -0.8654707 0.03578513 -0.4991635 -0.8645775 0.05780696 -0.999756 -3.15807e-7 0.02209031 -0.4996801 0.8654705 -0.03578513 0 0 -1 0 0 -1 0 0 -1 0 0 -1</float_array>
          <technique_common>
            <accessor source="#Colmesh-1-mesh-normals-array" count="34" stride="3">
              <param name="X" type="float"/>
              <param name="Y" type="float"/>
              <param name="Z" type="float"/>
            </accessor>
          </technique_common>
        </source>
        <vertices id="Colmesh-1-mesh-vertices">
          <input semantic="POSITION" source="#Colmesh-1-mesh-positions"/>
        </vertices>
        <polylist material="ColorEffectR27G177B88-material-material" count="34">
          <input semantic="VERTEX" source="#Colmesh-1-mesh-vertices" offset="0"/>
          <input semantic="NORMAL" source="#Colmesh-1-mesh-normals" offset="1"/>
          <vcount>3 3 3 3 3 3 3 3 3 3 3 3 3 3 3 3 3 3 3 3 3 3 3 3 3 3 3 3 3 3 3 3 3 3 </vcount>
          <p>5 0 0 0 6 0 5 1 11 1 10 1 4 2 10 2 9 2 3 3 9 3 8 3 1 4 2 4 8 4 0 5 1 5 7 5 6 6 12 6 17 6 11 7 17 7 16 7 10 8 16 8 15 8 8 9 9 9 15 9 7 10 8 10 14 10 6 11 7 11 13 11 17 12 12 12 18 12 16 13 17 13 18 13 15 14 16 14 18 14 14 15 15 15 18 15 13 16 14 16 18 16 12 17 13 17 18 17 11 18 5 18 6 18 4 19 5 19 10 19 3 20 4 20 9 20 2 21 3 21 8 21 7 22 1 22 8 22 6 23 0 23 7 23 11 24 6 24 17 24 10 25 11 25 16 25 9 26 10 26 15 26 14 27 8 27 15 27 13 28 7 28 14 28 12 29 6 29 13 29 2 30 1 30 0 30 0 31 5 31 4 31 2 32 0 32 3 32 0 33 4 33 3 33</p>
        </polylist>
      </mesh>
    </geometry>
  </library_geometries>
  <library_controllers/>
  <library_visual_scenes>
    <visual_scene id="Scene" name="Scene">
      <node id="base00" name="base00" type="NODE">
        <matrix sid="transform">1 0 0 0 0 1 0 0 0 0 1 0 0 0 0 1</matrix>
        <node id="bb__autobillboard25" name="bb__autobillboard25" type="NODE">
          <matrix sid="transform">1 0 0 0 0 1 0 0 0 0 1 0 0 0 0 1</matrix>
        </node>
        <node id="collision-1" name="collision-1" type="NODE">
          <matrix sid="transform">1 0 0 0 0 1 0 0 0 0 1 0 0 0 0 1</matrix>
        </node>
        <node id="detail350" name="detail350" type="NODE">
          <matrix sid="transform">1 0 0 0 0 1 0 0 0 0 1 0 0 0 0 1</matrix>
        </node>
        <node id="detail900" name="detail900" type="NODE">
          <matrix sid="transform">1 0 0 0 0 1 0 0 0 0 1 0 0 0 0 1</matrix>
        </node>
        <node id="start01" name="start01" type="NODE">
          <matrix sid="transform">1 0 0 0 0 1 0 0 0 0 1 0 0 0 0 1</matrix>
          <node id="tree_oak_bush_a250" name="tree_oak_bush_a250" type="NODE">
            <matrix sid="transform">1 0 0 0 0 1 0 0 0 0 1 0 0 0 0 1</matrix>
            <instance_geometry url="#tree_oak_bush_a200_001-mesh">
              <bind_material>
                <technique_common>
                  <instance_material symbol="tro_tree_2_trunk-material" target="#tro_tree_2_trunk-material"/>
                  <instance_material symbol="tro_tree_2_leaves-material" target="#tro_tree_2_leaves-material"/>
                  <instance_material symbol="tro_tree_1_branches-material" target="#tro_tree_1_branches-material"/>
                </technique_common>
              </bind_material>
            </instance_geometry>
          </node>
          <node id="tree_oak_bush_a550" name="tree_oak_bush_a550" type="NODE">
            <matrix sid="transform">1 0 0 0 0 1 0 0 0 0 1 0 0 0 0 1</matrix>
            <instance_geometry url="#tree_oak_bush_a200-mesh">
              <bind_material>
                <technique_common>
                  <instance_material symbol="tro_tree_2_trunk-material" target="#tro_tree_2_trunk-material"/>
                  <instance_material symbol="tro_tree_2_leaves-material" target="#tro_tree_2_leaves-material"/>
                  <instance_material symbol="tro_tree_1_branches-material" target="#tro_tree_1_branches-material"/>
                </technique_common>
              </bind_material>
            </instance_geometry>
          </node>
          <node id="Colmesh-1" name="Colmesh-1" type="NODE">
            <matrix sid="transform">1 0 0 0 0 1 0 0 0 0 1 0 0 0 0 1</matrix>
            <instance_geometry url="#Colmesh-1-mesh">
              <bind_material>
                <technique_common>
                  <instance_material symbol="ColorEffectR27G177B88-material-material" target="#ColorEffectR27G177B88-material-material"/>
                </technique_common>
              </bind_material>
            </instance_geometry>
          </node>
        </node>
      </node>
    </visual_scene>
  </library_visual_scenes>
  <scene>
    <instance_visual_scene url="#Scene"/>
  </scene>
</COLLADA>