<?xml version="1.0" encoding="utf-8"?>
<COLLADA xmlns="http://www.collada.org/2005/11/COLLADASchema" version="1.4.1">
  <asset>
    <contributor>
      <author>Blender User</author>
      <authoring_tool>Blender 2.75.0 commit date:2015-06-19, commit time:14:59, hash:c85a58a</authoring_tool>
    </contributor>
    <created>2015-07-07T14:52:59</created>
    <modified>2015-07-07T14:52:59</modified>
    <unit name="meter" meter="1"/>
    <up_axis>Z_UP</up_axis>
  </asset>
  <library_images/>
  <library_effects>
    <effect id="vegetation_palm_bark_01-effect">
      <profile_COMMON>
        <technique sid="common">
          <lambert>
            <emission>
              <color sid="emission">0 0 0 1</color>
            </emission>
            <ambient>
              <color sid="ambient">0 0 0 1</color>
            </ambient>
            <diffuse>
              <color sid="diffuse">0.64 0.64 0.64 1</color>
            </diffuse>
            <index_of_refraction>
              <float sid="index_of_refraction">1</float>
            </index_of_refraction>
          </lambert>
        </technique>
        <extra>
          <technique profile="GOOGLEEARTH">
            <double_sided>1</double_sided>
          </technique>
        </extra>
      </profile_COMMON>
      <extra><technique profile="MAX3D"><double_sided>1</double_sided></technique></extra>
    </effect>
    <effect id="vegetation_palm_01-effect">
      <profile_COMMON>
        <technique sid="common">
          <lambert>
            <emission>
              <color sid="emission">0 0 0 1</color>
            </emission>
            <ambient>
              <color sid="ambient">0 0 0 1</color>
            </ambient>
            <diffuse>
              <color sid="diffuse">0.64 0.64 0.64 1</color>
            </diffuse>
            <transparency>
              <float sid="transparency">0</float>
            </transparency>
            <index_of_refraction>
              <float sid="index_of_refraction">1</float>
            </index_of_refraction>
          </lambert>
        </technique>
        <extra>
          <technique profile="GOOGLEEARTH">
            <double_sided>1</double_sided>
          </technique>
        </extra>
      </profile_COMMON>
      <extra><technique profile="MAX3D"><double_sided>1</double_sided></technique></extra>
    </effect>
    <effect id="ColorEffectR27G177B88-material-effect">
      <profile_COMMON>
        <technique sid="common">
          <phong>
            <emission>
              <color sid="emission">0 0 0 1</color>
            </emission>
            <ambient>
              <color sid="ambient">0 0 0 1</color>
            </ambient>
            <diffuse>
              <color sid="diffuse">0.08561849 0.5550975 0.2773633 1</color>
            </diffuse>
            <specular>
              <color sid="specular">0.5 0.5 0.5 1</color>
            </specular>
            <shininess>
              <float sid="shininess">50</float>
            </shininess>
            <index_of_refraction>
              <float sid="index_of_refraction">1</float>
            </index_of_refraction>
          </phong>
        </technique>
        <extra>
          <technique profile="GOOGLEEARTH">
            <double_sided>1</double_sided>
          </technique>
        </extra>
      </profile_COMMON>
      <extra><technique profile="MAX3D"><double_sided>1</double_sided></technique></extra>
    </effect>
  </library_effects>
  <library_materials>
    <material id="vegetation_palm_bark_01-material" name="vegetation_palm_bark_01">
      <instance_effect url="#vegetation_palm_bark_01-effect"/>
    </material>
    <material id="vegetation_palm_01-material" name="vegetation_palm_01">
      <instance_effect url="#vegetation_palm_01-effect"/>
    </material>
    <material id="ColorEffectR27G177B88-material-material" name="ColorEffectR27G177B88-material">
      <instance_effect url="#ColorEffectR27G177B88-material-effect"/>
    </material>
  </library_materials>
  <library_geometries>
    <geometry id="tree_oak_bush_a200_001-mesh" name="tree_oak_bush_a200.001">
      <mesh>
        <source id="tree_oak_bush_a200_001-mesh-positions">
          <float_array id="tree_oak_bush_a200_001-mesh-positions-array" count="537">1.713775 -0.9184794 6.48153 0.5288783 -1.887679 6.522308 0.1551488 -0.7362738 7.559524 0.6814565 -0.3178117 7.5562 0.02935135 -0.04418045 7.26433 1.176842 -1.462305 7.15344 1.176842 -1.462305 7.15344 1.884427 -2.335768 5.748976 0.4220417 -0.5294861 7.791579 0.4220417 -0.5294861 7.791579 -1.780545 -0.3342283 6.304381 -1.323062 1.233167 6.31667 -0.4968451 0.4976674 7.350772 -2.116799 0.6125652 6.255589 -0.6959209 -0.1445345 7.35893 0.02779769 -0.01696908 7.146182 -1.691155 0.4944924 6.794448 -1.691155 0.4944924 6.794448 -2.116799 0.6125652 6.255589 -2.587891 0.7348886 5.253602 -0.6292718 0.1894348 7.585927 -0.6292718 0.1894348 7.585927 -0.005685627 0.002259135 7.162213 -0.3854523 -1.926656 8.430609 1.340516 -1.460791 8.387631 0.4256746 -0.134431 7.981319 -0.2930029 -0.3309507 7.985375 -0.005685627 0.002259135 7.162213 0.3978648 -1.367241 9.072163 0.3978648 -1.367241 9.072163 0.8610273 -2.996337 9.339891 0.04295819 -0.1383703 8.210425 0.04295819 -0.1383703 8.210425 -0.01443314 -0.01783466 7.366105 1.269791 -0.9319325 8.848019 1.434088 0.8675802 8.780344 0.1970661 0.3345421 8.20354 0.1401945 -0.3547496 8.213747 -0.01443314 -0.01783466 7.366105 1.282912 -0.07446694 9.707915 1.282912 -0.07446694 9.707915 2.887168 -0.139306 10.17021 0.1092717 -0.00523132 8.417498 0.1092717 -0.00523132 8.417498 -0.7586647 1.785643 6.380367 0.7721074 1.79375 6.421145 0.3383718 0.6635808 7.458362 -0.3339949 0.6693378 7.455038 8.18619e-4 0.04642933 7.163167 8.18721e-4 1.870659 7.052277 8.18721e-4 1.870659 7.052277 1.87927e-4 2.994764 5.647814 8.1872e-4 0.6707107 7.690416 8.1872e-4 0.6707107 7.690416 0.01247012 -0.01862931 7.167435 0.04486227 2.273198 7.636734 -1.612105 1.601468 7.603857 -0.5401935 0.3512649 7.82579 0.1514915 0.6282227 7.825789 0.01247012 -0.01862931 7.167435 -0.7710184 1.890635 8.362067 -0.7710184 1.890635 8.362067 -1.403453 3.428114 7.942141 -0.1953676 0.4893444 8.072784 -0.1953676 0.4893444 8.072784 0.001585066 0.02955645 7.183319 -0.8111667 1.109486 8.872717 -1.244389 -0.6461064 8.878395 -0.08533304 -0.2948848 8.053597 0.07156747 0.3785961 8.037247 0.001585066 0.02955645 7.183319 -0.7744802 0.2562277 9.736108 -0.7744802 0.2562277 9.736108 -2.22585 0.5510262 10.50953 0.09204834 0.02667766 8.238163 0.09204834 0.02667766 8.238163 0.2897771 -1.572371 5.942768 -1.11549 -0.9785602 5.810089 -0.6113778 -0.525495 7.252943 -9.03325e-4 -0.7990653 7.320776 -0.02621102 -0.03628718 7.267553 -0.5992386 -1.560489 6.43776 -0.5992386 -1.560489 6.43776 -0.613242 -2.062335 4.710309 -0.365511 -0.7430173 7.498047 -0.365511 -0.7430173 7.498047 0.02641135 0.08273386 7.162155 0.1299424 -0.7589517 7.973073 -0.4023786 -0.6977946 7.426703 -0.4758727 -1.983021 6.603319 0.6699506 -2.51223 7.983694 0.02641135 0.08273386 7.162155 -0.2958495 -2.329889 7.568858 -0.2958495 -2.329889 7.568858 -0.1148785 -3.640009 6.359127 -0.2795866 -0.8003172 7.845051 -0.2795866 -0.8003172 7.845051 -0.02848607 -0.02634304 7.106838 0.7799433 2.132175 7.561438 2.101942 0.8485059 7.593366 0.6195524 0.1070389 7.765192 0.08738547 0.6285101 7.765192 -0.02848607 -0.02634304 7.106838 1.403281 1.459991 8.301468 1.403281 1.459991 8.301468 2.555634 2.65828 7.881543 0.3526938 0.3685441 8.012186 0.3526938 0.3685441 8.012186 0.02338713 -0.01137769 7.13343 -1.01733 1.435081 8.347992 0.8430563 1.435617 8.39584 0.3447698 0.1733776 7.981072 -0.3468351 0.1670511 7.970866 0.02338713 -0.01137769 7.13343 -0.0387175 1.370473 9.15236 -0.0387175 1.370473 9.15236 -0.1206831 3.050628 9.033473 -4.62796e-4 0.1106588 8.184823 -4.62796e-4 0.1106588 8.184823 1.365297 0.9075734 5.549707 1.561619 -0.9178582 5.760037 0.7311317 -0.3143003 7.132246 2.084862 0.03617745 5.412053 0.6663763 0.4401303 7.056464 -0.07397466 -0.008600592 7.070965 1.767688 0.07371634 6.133041 1.767688 0.07371634 6.133041 2.084862 0.03617745 5.412053 2.310965 -0.05667901 4.175271 0.8064857 0.09648448 7.33364 0.8064857 0.09648448 7.33364 0.04911071 0.01749253 7.101051 -0.216105 -0.5017325 8.11929 -0.6746751 -0.07955586 7.675323 -1.957844 -0.8613207 7.413672 -1.251178 -1.898044 8.588211 0.04911071 0.01749253 7.101051 -1.760303 -1.119146 8.335589 -1.760303 -1.119146 8.335589 -3.055626 -2.130666 7.620339 -0.5281032 -0.2070465 8.07889 -0.5281032 -0.2070465 8.07889 -0.09603053 -0.01998746 7.14358 2.620281 -0.1651012 7.391033 1.713935 1.088024 6.501211 0.8808324 -0.1570163 7.778957 0.6325743 0.47865 7.432659 -0.09603053 -0.01998746 7.14358 2.257405 0.6954988 7.342152 2.257405 0.6954988 7.342152 3.344047 1.1452 5.989527 0.8272138 0.2706978 7.778311 0.8272138 0.2706978 7.778311 -0.01784646 0.03741848 7.136216 1.395337 -0.5206038 7.717066 0.8588106 -2.38397 8.351406 0.006394386 -0.6700659 8.071963 0.5719294 -0.2308402 7.802004 -0.01784646 0.03741848 7.136216 1.42716 -1.475563 8.441489 1.42716 -1.475563 8.441489 2.836284 -2.374069 7.793667 0.3410385 -0.4076984 8.142613 0.3410385 -0.4076984 8.142613 -0.119979 0.119979 0.2727939 0 -0.169676 0.2727939 0.169676 0 0.2727939 -0.0889945 0.0889945 1.048417 -0.04815405 -0.1162542 1.048417 0.1258572 0 1.048417 -0.03954273 0.0954647 4.63599 0.01447695 -0.08083426 4.638977 0.0954647 0.03954273 4.63599 -0.04423183 -0.02057063 7.296598 0.03238004 -0.03534221 7.296598 0.008845686 0.04865545 7.296598 -0.08962041 0.08962041 -0.1709331 0 -0.1267424 -0.1709331 0.1267424 0 -0.1709331</float_array>
          <technique_common>
            <accessor source="#tree_oak_bush_a200_001-mesh-positions-array" count="179" stride="3">
              <param name="X" type="float"/>
              <param name="Y" type="float"/>
              <param name="Z" type="float"/>
            </accessor>
          </technique_common>
        </source>
        <source id="tree_oak_bush_a200_001-mesh-normals">
          <float_array id="tree_oak_bush_a200_001-mesh-normals-array" count="537">0.5105281 -0.5908551 0.6247011 0.8061892 -0.07010203 0.5874902 0.7771731 -0.01678556 0.629063 -0.4439976 -0.3797541 0.8115745 -0.07089596 -0.791911 0.6065072 -0.1188113 -0.7534585 0.6466717 0.478423 0.3596413 0.8011053 0.4001722 0.417019 0.8160621 -0.4825673 -0.3003991 0.8227328 -0.3992258 0.5069292 0.7639645 0.04602336 0.5852724 0.8095296 -0.4714298 0.6631819 0.5813294 -0.4205632 0.6347209 0.6482716 -0.7543754 -0.3080921 0.5796526 -0.6951721 -0.3092231 0.6489351 -0.8476394 -0.2777244 0.4520804 -0.8657996 0.2440316 0.436852 -0.5735232 0.6900773 0.4414346 -0.285079 -0.498499 0.8186751 -0.1959953 -0.5241699 0.8287531 0.5172689 -0.1488113 0.842786 0.1290642 0.5658197 0.8143652 0.2984145 0.8362808 0.4599819 0.06738609 0.9892761 0.129584 0.2939899 0.8114708 0.5050596 -0.01541191 0.1578729 0.9873392 0.5572568 0.4336831 0.7080847 0.5464138 0.439658 0.7128344 -0.5595468 0.8176208 0.1356597 -0.6719791 0.5716614 0.4707943 -0.659369 0.5448607 0.5180342 -0.6715756 0.0980888 0.7344146 -0.6659184 0.10532 0.7385529 -0.9809113 -0.1551281 0.117254 -0.8454746 -0.322802 0.4254077 -0.7942203 -0.3878324 0.467761 -0.5057638 -0.5949104 0.6247276 -0.3892146 -0.6493014 0.6533911 -0.4273039 0.6590082 0.6189666 -0.3302134 0.6886262 0.6455642 -0.2739061 0.06433361 0.9596024 -0.7813143 0.4644366 0.4169492 -0.9441504 0.3115428 0.1073369 -0.7343523 0.5113487 0.4463734 -0.02517819 0.7804635 0.6246942 -0.5826125 0.5616153 0.5874956 -0.5935984 0.5019187 0.6290617 0.5840448 0.01593095 0.8115651 0.5532529 0.5710151 0.606509 0.5663145 0.5109832 0.6466716 -0.5981478 0.02136349 0.8011011 -0.5734024 -0.07245355 0.8160638 0.5641111 -0.06997978 0.822728 -0.008484363 -0.6452087 0.7639594 -0.2885286 -0.6403847 0.7117996 -0.001068115 -0.8722093 0.4891318 -0.2926186 -0.6004357 0.744212 -0.1107845 0.2191579 0.9693795 -0.6129192 -0.212628 0.7609989 -0.6024215 -0.2149478 0.768691 0.6019387 -0.6294674 0.4913661 0.6447061 -0.2651458 0.7169741 0.6233196 -0.2247722 0.7489662 0.5670396 0.26765 0.7789928 0.5614985 0.2617356 0.7849931 0.996305 0.009186327 -0.08539319 0.9515371 0.1923644 0.2399443 0.9198461 0.2638377 0.2902978 0.7020519 0.5095705 0.4974546 0.6028084 0.5801634 0.5477523 0.4434146 -0.7193394 0.5347284 0.3504527 -0.7346901 0.580873 0.4496353 -0.1113941 0.8862391 0.7737504 -0.5769633 0.2615791 0.8911529 -0.4470108 -0.07764017 0.727424 -0.6167311 0.3008273 -0.3925107 -0.8823784 0.2595069 0.1959626 -0.9065981 0.373736 0.215098 -0.8735459 0.4366356 -0.7420736 -0.04513782 0.668797 -0.8450223 -0.4651773 0.2637185 -0.8472985 -0.4217418 0.3228298 0.3340087 -0.5206373 0.7857323 0.3386421 -0.4353272 0.8341534 -0.6984577 0.01669389 0.7154567 0.02676552 0.2982968 0.9540979 -0.9813671 -0.1384644 0.1332151 -0.7869441 -0.4737535 0.3953185 -0.9804646 -0.1301955 0.147439 -0.3383613 0.2128377 0.9166306 -0.3112317 0.2200412 0.924509 -0.413681 -0.403976 0.8158869 -0.2863941 0.6462484 0.7073482 -0.9131968 0.2623434 0.3118456 -0.4246184 -0.3877508 0.8181373 -0.7627769 0.5397394 0.356164 -0.9339084 0.1683726 0.3153821 0.1567137 0.1889719 0.969397 -0.4294333 0.4583958 0.7781133 -0.4277017 0.449981 0.783957 0.01269578 -0.6943022 0.7195717 0.4561118 -0.3996204 0.7951514 0.4506462 -0.3972377 0.79945 -0.69962 0.001617491 0.7145133 -0.6674493 0.02591055 0.7442044 -0.79872 -0.3504223 0.4891325 -0.3336017 -0.8045381 0.4913536 0.04538202 -0.661046 0.7489718 0.6315873 -0.2540998 0.7324826 0.6487432 -0.171639 0.741399 0.4745154 -0.7049369 0.5271614 -0.0351268 0.06881934 0.9970106 -0.6131557 -0.2900823 0.7347736 -0.626531 -0.2338694 0.743481 0.2440927 -0.9626371 0.1172548 0.425219 -0.7639781 0.4853106 -0.4176233 -0.776772 0.4713979 -0.2240129 -0.9686573 0.1073369 -0.4559627 -0.7334774 0.5040921 0.3889618 -0.4537531 0.8017587 0.8184149 -0.3771923 0.4335011 0.7803116 -0.3595756 0.5116828 0.7119864 0.6229003 0.3241462 0.6771555 0.6125468 0.4077338 0.7725366 0.6102041 0.1756084 0.9770746 0.1296153 0.1688936 0.8822918 -0.3852186 0.2704954 0.2868482 0.6689158 0.6857623 0.2006622 0.6632995 0.7209498 -0.292834 0.06982845 0.9536102 0.3090384 -0.4637713 0.8303081 -0.6560114 0.3782251 0.6531425 -0.2289849 0.1616292 0.9599177 -0.2324038 0.1467974 0.9614776 -0.6165819 0.713969 0.3317756 -0.6040316 0.7201257 0.3414158 0.2998201 0.4664852 0.8321655 0.5656826 0.6656346 0.4867586 0.3170294 0.4500914 0.8348115 0.0867353 0.9585746 0.2713149 -0.2146996 0.912786 0.3474562 -0.2989972 0.8733698 0.3844817 0.4706405 0.2355491 0.8503024 -0.1036118 -0.01147508 0.9945517 -0.1080362 0.01098668 0.9940863 0.4556484 0.2407947 0.8569729 0.3821061 0.7403154 0.5531078 -0.5506547 -0.06775224 0.8319791 -0.001953184 0.9056584 0.4240037 -0.009857594 0.8992433 0.4373378 -0.3555545 0.7107732 0.6069452 -0.5922291 0.4982599 0.6332472 -0.269332 0.7506809 0.6032732 0.2085061 0.764441 0.6100451 0.5304875 0.5234681 0.6667565 0.4363737 0.5760939 0.691154 3.05193e-4 -0.09998112 0.9949893 0.02087479 -0.1115764 0.9935366 0.4776867 0.1218327 0.8700416 -0.4390491 0.3355585 0.8334486 -0.5989413 0.6312307 0.4927647 -0.431141 0.327224 0.8408578 -0.06720292 0.9033941 0.4235127 0.1351693 0.8389102 0.5272182 0.9820287 0.1877812 -0.01892155 0.9742798 0.204689 -0.09424179 -0.7038214 0.7038214 -0.09628635 -0.7004439 0.7122243 -0.04599225 -0.204689 -0.9742798 -0.09424179 -0.1792407 -0.9830923 -0.03744733 0.9927532 0.1090139 0.05057001 0.9571397 0.2891073 0.01733481 -0.1431635 -0.9888077 0.04199379 -0.9401424 -0.3405327 -0.01303166 0.7420132 -0.6703541 0.006470024 0.1830214 0.9820652 -0.04528993 -0.6695077 0.742541 0.01980715 -0.6353145 0.771582 0.03219753 -0.3944292 -0.9174049 0.05285912</float_array>
          <technique_common>
            <accessor source="#tree_oak_bush_a200_001-mesh-normals-array" count="179" stride="3">
              <param name="X" type="float"/>
              <param name="Y" type="float"/>
              <param name="Z" type="float"/>
            </accessor>
          </technique_common>
        </source>
        <source id="tree_oak_bush_a200_001-mesh-map-0">
          <float_array id="tree_oak_bush_a200_001-mesh-map-0-array" count="888">0.2111163 1.018821 0.0259028 0.60935 0.2105268 0.6038341 0.3146033 0.2489683 0.3821886 0.6395155 0.2105268 0.6038341 0.3821886 0.6395155 0.2111163 1.018821 0.2105268 0.6038341 0.1057749 0.2512139 0.2100299 0.2539928 0.2105268 0.6038341 0.3146033 0.2489683 0.2100299 0.2539928 0.2099031 0.1647348 0.2100299 0.2539928 0.1057749 0.2512139 0.2099031 0.1647489 0.4820718 0.8110337 0.4144866 0.3992412 0.5861484 0.4368636 0.7707723 0.4310476 0.5861484 0.4368636 0.585956 0.2940347 0.4144866 0.3992412 0.585559 -6.98149e-4 0.585956 0.2940347 0.6909003 0.8086659 0.5866453 0.8057359 0.5861484 0.4368636 0.5866453 0.8057359 0.6909003 0.8086659 0.586772 0.8998346 0.5869381 1.023113 0.4820718 0.8110337 0.5866453 0.8057359 0.1057749 0.2231346 0.2079371 0.004168987 0.2082299 0.226628 0.2077563 1.01843 0.0259028 0.5934174 0.2083508 0.587185 0.2079371 0.004168987 0.3146033 0.2208127 0.2082299 0.226628 0.1057749 0.2231346 0.2082299 0.226628 0.2083508 0.587185 0.3146033 0.2208127 0.3821886 0.624606 0.2083508 0.587185 0.3821886 0.624606 0.2077563 1.01843 0.2083508 0.587185 0.2050805 0.005488038 0.3099468 0.2154862 0.2053733 0.220732 0.377532 0.6232389 0.2058702 0.5859856 0.2053733 0.220732 0.02124625 0.5917446 0.2058702 0.5859856 0.2064597 1.019255 0.2064597 1.019255 0.2058702 0.5859856 0.377532 0.6232389 0.1011183 0.2178308 0.2050805 0.005488038 0.2053733 0.220732 0.02124625 0.5917446 0.1011183 0.2178308 0.2053733 0.220732 0.2111163 1.018821 0.0259028 0.60935 0.2105268 0.6038341 0.3146033 0.2489683 0.3821886 0.6395155 0.2105268 0.6038341 0.3821886 0.6395155 0.2111163 1.018821 0.2105268 0.6038341 0.1057749 0.2512139 0.2100299 0.2539928 0.2105268 0.6038341 0.3146033 0.2489683 0.2100299 0.2539928 0.2099031 0.1647348 0.2100299 0.2539928 0.1057749 0.2512139 0.2099031 0.1647489 0.1057749 0.2231346 0.2079371 0.004168987 0.2082299 0.226628 0.2077563 1.01843 0.0259028 0.5934174 0.2083508 0.587185 0.2079371 0.004168987 0.3146033 0.2208127 0.2082299 0.226628 0.1057749 0.2231346 0.2082299 0.226628 0.2083508 0.587185 0.3146033 0.2208127 0.3821886 0.624606 0.2083508 0.587185 0.3821886 0.624606 0.2077563 1.01843 0.2083508 0.587185 0.2050805 0.005488038 0.3099468 0.2154862 0.2053733 0.220732 0.377532 0.6232389 0.2058702 0.5859856 0.2053733 0.220732 0.02124625 0.5917446 0.2058702 0.5859856 0.2064597 1.019255 0.2064597 1.019255 0.2058702 0.5859856 0.377532 0.6232389 0.1011183 0.2178308 0.2050805 0.005488038 0.2053733 0.220732 0.02124625 0.5917446 0.1011183 0.2178308 0.2053733 0.220732 0.2111163 1.018821 0.0259028 0.60935 0.2105268 0.6038341 0.3146033 0.2489683 0.3821886 0.6395155 0.2105268 0.6038341 0.3821886 0.6395155 0.2111163 1.018821 0.2105268 0.6038341 0.1057749 0.2512139 0.2100299 0.2539928 0.2105268 0.6038341 0.3146033 0.2489683 0.2100299 0.2539928 0.2099031 0.1647348 0.2100299 0.2539928 0.1057749 0.2512139 0.2099031 0.1647489 0.3821886 0.6148297 0.2077563 1.007045 0.2083508 0.5775617 0.1057749 0.2149991 0.2082299 0.2184784 0.2083508 0.5775617 0.1057749 0.2149991 0.2079371 -0.003071486 0.2082299 0.2184784 0.3146033 0.2126868 0.3821886 0.6148297 0.2083508 0.5775617 0.2077563 1.007045 0.0259028 0.5837686 0.2083508 0.5775617 0.2079371 -0.003071486 0.3146033 0.2126868 0.2082299 0.2184784 0.5880383 -0.01364988 0.7801668 0.4204427 0.58741 0.4268082 0.475154 0.8010074 0.40375 0.3885879 0.58741 0.4268082 0.6957817 0.798636 0.5875377 0.7950679 0.58741 0.4268082 0.6957817 0.798636 0.5878471 1.022279 0.5875377 0.7950679 0.40375 0.3885879 0.5880383 -0.01364988 0.58741 0.4268082 0.5878471 1.022279 0.475154 0.8010074 0.5875377 0.7950679 0.420289 0.3944026 0.5880765 0.4316949 0.5885622 0.7973316 0.420289 0.3944026 0.5875004 -0.002028465 0.5880765 0.4316949 0.5875004 -0.002028465 0.7685335 0.42593 0.5880765 0.4316949 0.5888484 1.012801 0.4863489 0.8025829 0.5885622 0.7973316 0.6904641 0.800236 0.5888484 1.012801 0.5885622 0.7973316 0.7685335 0.42593 0.6904641 0.800236 0.5885622 0.7973316 0.4820718 0.8110337 0.4144866 0.3992412 0.5861484 0.4368636 0.7707723 0.4310476 0.5861484 0.4368636 0.585956 0.2940347 0.4144866 0.3992412 0.585559 -6.98149e-4 0.585956 0.2940347 0.6909003 0.8086659 0.5866453 0.8057359 0.5861484 0.4368636 0.5866453 0.8057359 0.6909003 0.8086659 0.586772 0.8998346 0.5869381 1.023113 0.4820718 0.8110337 0.5866453 0.8057359 0.5883368 -0.004494607 0.7701902 0.426218 0.5877423 0.432534 0.4139045 0.3946112 0.5883368 -0.004494607 0.5877423 0.432534 0.6903182 0.8014666 0.588156 1.023369 0.5878632 0.7979263 0.588156 1.023369 0.4814897 0.8038195 0.5878632 0.7979263 0.4814897 0.8038195 0.4139045 0.3946112 0.5877423 0.432534 0.6903182 0.8014666 0.5878632 0.7979263 0.5877423 0.432534 0.5877423 0.432534 0.5878632 0.7979263 0.6903182 0.8014666 0.5877423 0.432534 0.7701902 0.426218 0.5883368 -0.004494607 0.5878632 0.7979263 0.588156 1.023369 0.6903182 0.8014666 0.4139045 0.3946112 0.5877423 0.432534 0.5883368 -0.004494607 0.5877423 0.432534 0.4139045 0.3946112 0.4814897 0.8038195 0.588156 1.023369 0.5878632 0.7979263 0.4814897 0.8038195 0.2082299 0.2184784 0.2083508 0.5775617 0.4048391 0.4105277 0.2083508 0.5775617 0.0259028 0.5837686 0.2077563 1.007045 0.3821886 0.6148297 0.2083508 0.5775617 0.2077563 1.007045 0.2082299 0.2184784 0.2079371 -0.003071486 0.1057749 0.2149991 0.2079371 -0.003071486 0.2082299 0.2184784 0.3146033 0.2126868 0.2083508 0.5775617 0.2082299 0.2184784 0.1057749 0.2149991 0.5089855 -3.98361 0.4791349 -4.342521 0.6724663 -4.407685 0.05342531 -4.013733 0.1549228 -4.384318 0.3460903 -4.337125 0.3460903 -4.337125 0.4791349 -4.342521 0.5089855 -3.98361 0.3353993 -3.977297 0.5089855 -3.98361 0.5274338 -3.236637 0.5274338 -3.236637 0.6126999 3.246379 0.4020179 3.253025 0.5217537 6.404536 0.4020179 3.253025 0.569208 6.402722 0.4020179 3.253025 0.5217537 6.404536 0.4688402 6.409304 0.6126999 3.246379 0.7181066 3.247787 0.6222849 6.402787 0.296762 3.260806 0.07719939 -3.21814 0.3023195 -3.230152 0.4020179 3.253025 0.6126999 3.246379 0.6222849 6.402787 0.5089855 -3.98361 0.7911539 -4.04151 0.7945114 -3.238249 0.5274338 -3.236637 0.7945114 -3.238249 0.7181066 3.247787 0.3023195 -3.230152 0.07719939 -3.21814 0.05342531 -4.013733 0.2100299 0.2539928 0.3146033 0.2489683 0.2105268 0.6038341 0.0259028 0.60935 0.1057749 0.2512139 0.2105268 0.6038341 0.5866453 0.8057359 0.4820718 0.8110337 0.5861484 0.4368636 0.585559 -6.98149e-4 0.7707723 0.4310476 0.585956 0.2940347 0.5861484 0.4368636 0.4144866 0.3992412 0.585956 0.2940347 0.7707723 0.4310476 0.6909003 0.8086659 0.5861484 0.4368636 0.0259028 0.5934174 0.1057749 0.2231346 0.2083508 0.587185 0.2082299 0.226628 0.3146033 0.2208127 0.2083508 0.587185 0.3099468 0.2154862 0.377532 0.6232389 0.2053733 0.220732 0.2058702 0.5859856 0.02124625 0.5917446 0.2053733 0.220732 0.2100299 0.2539928 0.3146033 0.2489683 0.2105268 0.6038341 0.0259028 0.60935 0.1057749 0.2512139 0.2105268 0.6038341 0.0259028 0.5934174 0.1057749 0.2231346 0.2083508 0.587185 0.2082299 0.226628 0.3146033 0.2208127 0.2083508 0.587185 0.3099468 0.2154862 0.377532 0.6232389 0.2053733 0.220732 0.2058702 0.5859856 0.02124625 0.5917446 0.2053733 0.220732 0.2100299 0.2539928 0.3146033 0.2489683 0.2105268 0.6038341 0.0259028 0.60935 0.1057749 0.2512139 0.2105268 0.6038341 0.0259028 0.5837686 0.1057749 0.2149991 0.2083508 0.5775617 0.2082299 0.2184784 0.3146033 0.2126868 0.2083508 0.5775617 0.5875377 0.7950679 0.475154 0.8010074 0.58741 0.4268082 0.7801668 0.4204427 0.6957817 0.798636 0.58741 0.4268082 0.4863489 0.8025829 0.420289 0.3944026 0.5885622 0.7973316 0.5880765 0.4316949 0.7685335 0.42593 0.5885622 0.7973316 0.5866453 0.8057359 0.4820718 0.8110337 0.5861484 0.4368636 0.585559 -6.98149e-4 0.7707723 0.4310476 0.585956 0.2940347 0.5861484 0.4368636 0.4144866 0.3992412 0.585956 0.2940347 0.7707723 0.4310476 0.6909003 0.8086659 0.5861484 0.4368636 0.5878632 0.7979263 0.4814897 0.8038195 0.5877423 0.432534 0.7701902 0.426218 0.6903182 0.8014666 0.5877423 0.432534 0.7701902 0.426218 0.5877423 0.432534 0.6903182 0.8014666 0.5878632 0.7979263 0.5877423 0.432534 0.4814897 0.8038195 0.3146033 0.2126868 0.2082299 0.2184784 0.4048391 0.4105277 0.0259028 0.5837686 0.2083508 0.5775617 0.1057749 0.2149991 0.7911539 -4.04151 0.5089855 -3.98361 0.6724663 -4.407685 0.3353993 -3.977297 0.05342531 -4.013733 0.3460903 -4.337125 0.3353993 -3.977297 0.3460903 -4.337125 0.5089855 -3.98361 0.3023195 -3.230152 0.3353993 -3.977297 0.5274338 -3.236637 0.3023195 -3.230152 0.5274338 -3.236637 0.4020179 3.253025 0.296762 3.260806 0.4020179 3.253025 0.4688402 6.409304 0.4020179 3.253025 0.296762 3.260806 0.3023195 -3.230152 0.569208 6.402722 0.4020179 3.253025 0.6222849 6.402787 0.5274338 -3.236637 0.5089855 -3.98361 0.7945114 -3.238249 0.6126999 3.246379 0.5274338 -3.236637 0.7181066 3.247787 0.3353993 -3.977297 0.3023195 -3.230152 0.05342531 -4.013733</float_array>
          <technique_common>
            <accessor source="#tree_oak_bush_a200_001-mesh-map-0-array" count="444" stride="2">
              <param name="S" type="float"/>
              <param name="T" type="float"/>
            </accessor>
          </technique_common>
        </source>
        <source id="tree_oak_bush_a200_001-mesh-colors-Col" name="Col">
          <float_array id="tree_oak_bush_a200_001-mesh-colors-Col-array" count="1332">1 1 1 1 1 1 1 0.8392157 0 0.06666666 0.3411765 0 0.8784314 0.5019608 1 1 0.8392157 0 0.8784314 0.5019608 1 1 1 1 1 0.8392157 0 0.05882352 0.3529412 0 0.06274509 0.3686274 0 1 0.8392157 0 0.06666666 0.3411765 0 0.06274509 0.3686274 0 0.03529411 0.3019608 0 0.06274509 0.3686274 0 0.05882352 0.3529412 0 0.03529411 0.3019608 0 0.06666666 0.3411765 0 0.8784314 0.5019608 1 1 0.8392157 0 1 1 1 1 0.8392157 0 1 1 0 0.8784314 0.5019608 1 1 1 1 1 1 0 0.05882352 0.3529412 0 0.06274509 0.3686274 0 1 0.8392157 0 0.06274509 0.3686274 0 0.05882352 0.3529412 0 0.03529411 0.3019608 0 0 0.2156863 0 0.06666666 0.3411765 0 0.06274509 0.3686274 0 0.05882352 0.3529412 0 0 0.2156863 0 0.06274509 0.3686274 0 1 1 1 1 1 1 1 0.8392157 0 0 0.2156863 0 0.06666666 0.3411765 0 0.06274509 0.3686274 0 0.05882352 0.3529412 0 0.06274509 0.3686274 0 1 0.8392157 0 0.06666666 0.3411765 0 0.8784314 0.5019608 1 1 0.8392157 0 0.8784314 0.5019608 1 1 1 1 1 0.8392157 0 0 0.2156863 0 0.06666666 0.3411765 0 0.06274509 0.3686274 0 0.8784314 0.5019608 1 1 0.8392157 0 0.06274509 0.3686274 0 1 1 1 1 0.8392157 0 1 1 1 1 1 1 1 0.8392157 0 0.8784314 0.5019608 1 0.05882352 0.3529412 0 0 0.2156863 0 0.06274509 0.3686274 0 1 1 1 0.05882352 0.3529412 0 0.06274509 0.3686274 0 1 1 1 1 1 1 1 0.8392157 0 0.06666666 0.3411765 0 0.8784314 0.5019608 1 1 0.8392157 0 0.8784314 0.5019608 1 1 1 1 1 0.8392157 0 0.05882352 0.3529412 0 0.06274509 0.3686274 0 1 0.8392157 0 0.06666666 0.3411765 0 0.06274509 0.3686274 0 0.03529411 0.3019608 0 0.06274509 0.3686274 0 0.05882352 0.3529412 0 0.03529411 0.3019608 0 0.05882352 0.3529412 0 0 0.2156863 0 0.06274509 0.3686274 0 1 1 1 1 1 1 1 0.8392157 0 0 0.2156863 0 0.06666666 0.3411765 0 0.06274509 0.3686274 0 0.05882352 0.3529412 0 0.06274509 0.3686274 0 1 0.8392157 0 0.06666666 0.3411765 0 0.8784314 0.5019608 1 1 0.8392157 0 0.8784314 0.5019608 1 1 1 1 1 0.8392157 0 0 0.2156863 0 0.06666666 0.3411765 0 0.06274509 0.3686274 0 0.8784314 0.5019608 1 1 0.8392157 0 0.06274509 0.3686274 0 1 1 1 1 0.8392157 0 1 1 1 1 1 1 1 0.8392157 0 0.8784314 0.5019608 1 0.05882352 0.3529412 0 0 0.2156863 0 0.06274509 0.3686274 0 1 1 1 0.05882352 0.3529412 0 0.06274509 0.3686274 0 1 1 1 1 1 1 1 0.8392157 0 0.06666666 0.3411765 0 0.8784314 0.5019608 1 1 0.8392157 0 0.8784314 0.5019608 1 1 1 1 1 0.8392157 0 0.05882352 0.3529412 0 0.06274509 0.3686274 0 1 0.8392157 0 0.06666666 0.3411765 0 0.06274509 0.3686274 0 0.03529411 0.3019608 0 0.06274509 0.3686274 0 0.05882352 0.3529412 0 0.03529411 0.3019608 0 0.8784314 0.5019608 1 1 1 1 1 0.8392157 0 0.05882352 0.3529412 0 0.06274509 0.3686274 0 1 0.8392157 0 0.05882352 0.3529412 0 0 0.2156863 0 0.06274509 0.3686274 0 0.06666666 0.3411765 0 0.8784314 0.5019608 1 1 0.8392157 0 1 1 1 1 1 1 1 0.8392157 0 0 0.2156863 0 0.06666666 0.3411765 0 0.06274509 0.3686274 0 1 1 1 1 1 1 1 0.8392157 0 0.06666666 0.3411765 0 0.8784314 0.5019608 1 1 0.8392157 0 0.05882352 0.3529412 0 0.06274509 0.3686274 0 1 0.8392157 0 0.05882352 0.3529412 0 0 0.2156863 0 0.06274509 0.3686274 0 0.8784314 0.5019608 1 1 1 1 1 0.8392157 0 0 0.2156863 0 0.06666666 0.3411765 0 0.06274509 0.3686274 0 0.8784314 0.5019608 1 1 0.8392157 0 0.06274509 0.3686274 0 0.8784314 0.5019608 1 1 1 1 1 0.8392157 0 1 1 1 1 1 1 1 0.8392157 0 0 0.2156863 0 0.06666666 0.3411765 0 0.06274509 0.3686274 0 0.05882352 0.3529412 0 0 0.2156863 0 0.06274509 0.3686274 0 1 1 1 0.05882352 0.3529412 0 0.06274509 0.3686274 0 0.06666666 0.3411765 0 0.8784314 0.5019608 1 1 0.8392157 0 1 1 1 1 0.8392157 0 1 1 0 0.8784314 0.5019608 1 1 1 1 1 1 0 0.05882352 0.3529412 0 0.06274509 0.3686274 0 1 0.8392157 0 0.06274509 0.3686274 0 0.05882352 0.3529412 0 0.03529411 0.3019608 0 0 0.2156863 0 0.06666666 0.3411765 0 0.06274509 0.3686274 0 1 1 1 1 1 1 1 0.8392157 0 0.8784314 0.5019608 1 1 1 1 1 0.8392157 0 0.05882352 0.3529412 0 0 0.2156863 0 0.06274509 0.3686274 0 0 0.2156863 0 0.06666666 0.3411765 0 0.06274509 0.3686274 0 0.06666666 0.3411765 0 0.8784314 0.5019608 1 1 0.8392157 0 0.05882352 0.3529412 0 0.06274509 0.3686274 0 1 0.8392157 0 1 0.8392157 0 0.06274509 0.3686274 0 0.05882352 0.3529412 0 1 0.8392157 0 1 1 1 1 1 1 0.06274509 0.3686274 0 0 0.2156863 0 0.05882352 0.3529412 0 0.8784314 0.5019608 1 1 0.8392157 0 1 1 1 1 0.8392157 0 0.8784314 0.5019608 1 0.06666666 0.3411765 0 0 0.2156863 0 0.06274509 0.3686274 0 0.06666666 0.3411765 0 0.06274509 0.3686274 0 1 0.8392157 0 0.3098039 0.3882353 1 1 0.8392157 0 1 1 1 1 1 1 0.8784314 0.5019608 1 1 0.8392157 0 1 1 1 0.06274509 0.3686274 0 0 0.2156863 0 0.05882352 0.3529412 0 0 0.2156863 0 0.06274509 0.3686274 0 0.06666666 0.3411765 0 1 0.8392157 0 0.06274509 0.3686274 0 0.05882352 0.3529412 0 0 0 0 0 0 0 0 0 0 0 0 0 0 0 0 0 0 0 0 0 0 0 0 0 0 0 0 0 0 0 0 0 0 0 0 0 0 0 0 0 0 0 0 0 0 0 0 0 0 0 0 0 0 0 0 0 0 0 0 0 0 0 0 0 0 0 0 0 0 0 0 0 0 0 0 0 0 0 0 0 0 0 0 0 0 0 0 0 0 0 0 0 0 0 0 0 0 0 0 0 0 0 0 0 0 0 0 0 0 0 0 0 0 0 0 0 0 0.06274509 0.3686274 0 0.06666666 0.3411765 0 1 0.8392157 0 1 1 1 0.05882352 0.3529412 0 1 0.8392157 0 0.06274509 0.3686274 0 0.06666666 0.3411765 0 1 0.8392157 0 1 1 1 1 1 1 1 1 0 1 0.8392157 0 0.8784314 0.5019608 1 1 1 0 1 1 1 0.05882352 0.3529412 0 1 0.8392157 0 1 1 1 0.05882352 0.3529412 0 1 0.8392157 0 0.06274509 0.3686274 0 0.06666666 0.3411765 0 1 0.8392157 0 0.06666666 0.3411765 0 0.8784314 0.5019608 1 0.06274509 0.3686274 0 1 0.8392157 0 1 1 1 0.06274509 0.3686274 0 0.06274509 0.3686274 0 0.06666666 0.3411765 0 1 0.8392157 0 1 1 1 0.05882352 0.3529412 0 1 0.8392157 0 1 1 1 0.05882352 0.3529412 0 1 0.8392157 0 0.06274509 0.3686274 0 0.06666666 0.3411765 0 1 0.8392157 0 0.06666666 0.3411765 0 0.8784314 0.5019608 1 0.06274509 0.3686274 0 1 0.8392157 0 1 1 1 0.06274509 0.3686274 0 0.06274509 0.3686274 0 0.06666666 0.3411765 0 1 0.8392157 0 1 1 1 0.05882352 0.3529412 0 1 0.8392157 0 1 1 1 0.05882352 0.3529412 0 1 0.8392157 0 0.06274509 0.3686274 0 0.06666666 0.3411765 0 1 0.8392157 0 0.06274509 0.3686274 0 0.06666666 0.3411765 0 1 0.8392157 0 1 1 1 0.05882352 0.3529412 0 1 0.8392157 0 0.06666666 0.3411765 0 0.8784314 0.5019608 1 0.06274509 0.3686274 0 1 0.8392157 0 1 1 1 0.06274509 0.3686274 0 0.06274509 0.3686274 0 0.06666666 0.3411765 0 1 0.8392157 0 1 1 1 1 1 1 1 1 0 1 0.8392157 0 0.8784314 0.5019608 1 1 1 0 1 1 1 0.05882352 0.3529412 0 1 0.8392157 0 0.06274509 0.3686274 0 0.06666666 0.3411765 0 1 0.8392157 0 1 1 1 0.05882352 0.3529412 0 1 0.8392157 0 1 1 1 1 0.8392157 0 0.05882352 0.3529412 0 0.06274509 0.3686274 0 1 0.8392157 0 0.06666666 0.3411765 0 0.06666666 0.3411765 0 0.06274509 0.3686274 0 0.3098039 0.3882353 1 1 1 1 1 0.8392157 0 0.05882352 0.3529412 0 0 0 0 0 0 0 0 0 0 0 0 0 0 0 0 0 0 0 0 0 0 0 0 0 0 0 0 0 0 0 0 0 0 0 0 0 0 0 0 0 0 0 0 0 0 0 0 0 0 0 0 0 0 0 0 0 0 0 0 0 0 0 0 0 0 0 0 0 0 0 0 0 0 0 0 0 0 0 0 0 0 0 0 0 0 0 0 0 0 0 0 0 0 0 0 0 0 0 0</float_array>
          <technique_common>
            <accessor source="#tree_oak_bush_a200_001-mesh-colors-Col-array" count="444" stride="3">
              <param name="R" type="float"/>
              <param name="G" type="float"/>
              <param name="B" type="float"/>
            </accessor>
          </technique_common>
        </source>
        <vertices id="tree_oak_bush_a200_001-mesh-vertices">
          <input semantic="POSITION" source="#tree_oak_bush_a200_001-mesh-positions"/>
        </vertices>
        <polylist material="vegetation_palm_bark_01-material" count="24">
          <input semantic="VERTEX" source="#tree_oak_bush_a200_001-mesh-vertices" offset="0"/>
          <input semantic="NORMAL" source="#tree_oak_bush_a200_001-mesh-normals" offset="1"/>
          <input semantic="TEXCOORD" source="#tree_oak_bush_a200_001-mesh-map-0" offset="2" set="0"/>
          <input semantic="COLOR" source="#tree_oak_bush_a200_001-mesh-colors-Col" offset="3" set="0"/>
          <vcount>3 3 3 3 3 3 3 3 3 3 3 3 3 3 3 3 3 3 3 3 3 3 3 3 </vcount>
          <p>166 164 270 270 178 165 271 271 176 166 272 272 164 167 273 273 176 166 274 274 177 168 275 275 177 168 276 276 178 165 277 277 166 164 278 278 165 169 279 279 166 164 280 280 169 170 281 281 169 170 282 282 172 171 283 283 171 172 284 284 173 173 285 285 171 172 286 286 174 174 287 287 171 172 288 288 173 173 289 289 175 175 290 290 172 171 291 291 170 176 292 292 175 175 293 293 170 176 294 294 167 177 295 295 168 178 296 296 171 172 297 297 172 171 298 298 175 175 299 299 166 164 300 300 164 167 301 301 167 177 302 302 169 170 303 303 167 177 304 304 170 176 305 305 168 178 306 306 167 177 307 307 164 167 308 308 164 167 411 411 166 164 412 412 176 166 413 413 165 169 414 414 164 167 415 415 177 168 416 416 165 169 417 417 177 168 418 418 166 164 419 419 168 178 420 420 165 169 421 421 169 170 422 422 168 178 423 423 169 170 424 424 171 172 425 425 170 176 426 426 171 172 427 427 175 175 428 428 171 172 429 429 170 176 430 430 168 178 431 431 174 174 432 432 171 172 433 433 175 175 434 434 169 170 435 435 166 164 436 436 167 177 437 437 172 171 438 438 169 170 439 439 170 176 440 440 165 169 441 441 168 178 442 442 164 167 443 443</p>
        </polylist>
        <polylist material="vegetation_palm_01-material" count="124">
          <input semantic="VERTEX" source="#tree_oak_bush_a200_001-mesh-vertices" offset="0"/>
          <input semantic="NORMAL" source="#tree_oak_bush_a200_001-mesh-normals" offset="1"/>
          <input semantic="TEXCOORD" source="#tree_oak_bush_a200_001-mesh-map-0" offset="2" set="0"/>
          <input semantic="COLOR" source="#tree_oak_bush_a200_001-mesh-colors-Col" offset="3" set="0"/>
          <vcount>3 3 3 3 3 3 3 3 3 3 3 3 3 3 3 3 3 3 3 3 3 3 3 3 3 3 3 3 3 3 3 3 3 3 3 3 3 3 3 3 3 3 3 3 3 3 3 3 3 3 3 3 3 3 3 3 3 3 3 3 3 3 3 3 3 3 3 3 3 3 3 3 3 3 3 3 3 3 3 3 3 3 3 3 3 3 3 3 3 3 3 3 3 3 3 3 3 3 3 3 3 3 3 3 3 3 3 3 3 3 3 3 3 3 3 3 3 3 3 3 3 3 3 3 </vcount>
          <p>7 0 0 0 0 1 1 1 6 2 2 2 2 3 3 3 1 4 4 4 5 5 5 5 1 4 6 6 7 0 7 7 5 5 8 8 3 6 9 9 9 7 10 10 6 2 11 11 2 3 12 12 8 8 13 13 4 9 14 14 9 7 15 15 3 6 16 16 4 9 17 17 12 10 18 18 11 11 19 19 16 12 20 20 10 13 21 21 17 14 22 22 13 15 23 23 11 11 24 24 19 16 25 25 18 17 26 26 14 18 27 27 21 19 28 28 17 14 29 29 21 19 30 30 14 18 31 31 15 20 32 32 15 20 33 33 12 10 34 34 20 21 35 35 25 22 36 36 22 23 37 37 32 24 38 38 30 25 39 39 24 26 40 40 29 27 41 41 27 28 42 42 26 29 43 43 31 30 44 44 25 22 45 45 32 24 46 46 29 27 47 47 26 29 48 48 23 31 49 49 28 32 50 50 23 31 51 51 30 25 52 52 28 32 53 53 38 33 54 54 37 34 55 55 42 35 56 56 34 36 57 57 39 37 58 58 42 35 59 59 35 38 60 60 40 39 61 61 41 40 62 62 41 40 63 63 39 37 64 64 34 36 65 65 36 41 66 66 33 42 67 67 43 43 68 68 35 38 69 69 36 41 70 70 43 43 71 71 51 44 72 72 44 45 73 73 50 46 74 74 46 47 75 75 45 48 76 76 49 49 77 77 45 48 78 78 51 44 79 79 49 49 80 80 47 50 81 81 53 51 82 82 50 46 83 83 46 47 84 84 52 52 85 85 48 53 86 86 53 51 87 87 47 50 88 88 48 53 89 89 57 54 90 90 54 55 91 91 64 56 92 92 62 57 93 93 56 58 94 94 61 59 95 95 59 60 96 96 58 61 97 97 63 62 98 98 57 54 99 99 64 56 100 100 61 59 101 101 58 61 102 102 55 63 103 103 60 64 104 104 55 63 105 105 62 57 106 106 60 64 107 107 70 65 108 108 69 66 109 109 74 67 110 110 66 68 111 111 71 69 112 112 74 67 113 113 67 70 114 114 72 71 115 115 73 72 116 116 73 72 117 117 71 69 118 118 66 68 119 119 68 73 120 120 65 74 121 121 75 75 122 122 67 70 123 123 68 73 124 124 75 75 125 125 83 76 126 126 76 77 127 127 82 78 128 128 78 79 129 129 77 80 130 130 81 81 131 131 77 80 132 132 83 76 133 133 81 81 134 134 79 82 135 135 85 83 136 136 82 78 137 137 78 79 138 138 84 84 139 139 80 85 140 140 85 83 141 141 79 82 142 142 80 85 143 143 89 86 144 144 94 87 145 145 92 88 146 146 87 89 147 147 96 90 148 148 93 91 149 149 87 89 150 150 86 92 151 151 96 90 152 152 88 93 153 153 89 86 154 154 92 88 155 155 94 87 156 156 90 94 157 157 93 91 158 158 91 95 159 159 88 93 160 160 95 96 161 161 105 97 162 162 98 98 163 163 104 99 164 164 100 100 165 165 99 101 166 166 103 102 167 167 101 103 168 168 107 104 169 169 104 99 170 170 101 103 171 171 97 105 172 172 107 104 173 173 99 101 174 174 105 97 175 175 103 102 176 176 102 106 177 177 100 100 178 178 106 107 179 179 110 108 180 180 114 109 181 181 117 110 182 182 110 108 183 183 116 111 184 184 114 109 185 185 116 111 186 186 109 112 187 187 115 113 188 188 113 114 189 189 111 115 190 190 117 110 191 191 112 116 192 192 108 117 193 193 118 118 194 194 109 112 195 195 112 116 196 196 118 118 197 197 121 119 198 198 120 120 199 199 125 121 200 200 119 122 201 201 126 123 202 202 122 124 203 203 120 120 204 204 128 125 205 205 127 126 206 206 123 127 207 207 130 128 208 208 126 123 209 209 130 128 210 210 123 127 211 211 124 129 212 212 124 129 213 213 121 119 214 214 129 130 215 215 139 131 216 216 135 132 217 217 138 133 218 218 134 134 219 219 139 131 220 220 137 135 221 221 132 136 222 222 131 137 223 223 141 138 224 224 136 139 225 225 133 140 226 226 140 141 227 227 133 140 228 228 134 134 229 229 137 135 230 230 132 136 231 231 141 138 232 232 138 133 233 233 149 142 234 234 152 143 235 235 145 144 236 236 149 142 237 237 143 145 238 238 150 146 239 239 152 143 240 240 142 147 241 241 145 144 242 242 144 148 243 243 148 149 244 244 150 146 245 245 148 149 246 246 144 148 247 247 146 150 248 248 147 151 249 249 151 152 250 250 146 150 251 251 162 153 252 252 159 154 253 253 154 155 254 254 160 156 255 255 155 157 256 256 161 158 257 257 154 155 258 258 159 154 259 259 161 158 260 260 163 159 261 261 153 160 262 262 156 161 263 263 158 162 264 264 162 153 265 265 157 163 266 266 160 156 267 267 163 159 268 268 156 161 269 269 8 8 309 309 2 3 310 310 5 5 311 311 0 1 312 312 3 6 313 313 6 2 314 314 20 21 315 315 12 10 316 316 16 12 317 317 19 16 318 318 10 13 319 319 13 15 320 320 16 12 321 321 11 11 322 322 18 17 323 323 10 13 324 324 14 18 325 325 17 14 326 326 24 26 327 327 25 22 328 328 29 27 329 329 31 30 330 330 26 29 331 331 28 32 332 332 37 34 333 333 34 36 334 334 42 35 335 335 40 39 336 336 35 38 337 337 43 43 338 338 52 52 339 339 46 47 340 340 49 49 341 341 44 45 342 342 47 50 343 343 50 46 344 344 56 58 345 345 57 54 346 346 61 59 347 347 63 62 348 348 58 61 349 349 60 64 350 350 69 66 351 351 66 68 352 352 74 67 353 353 72 71 354 354 67 70 355 355 75 75 356 356 84 84 357 357 78 79 358 358 81 81 359 359 76 77 360 360 79 82 361 361 82 78 362 362 90 94 363 363 87 89 364 364 93 91 365 365 95 96 366 366 88 93 367 367 92 88 368 368 106 107 369 369 100 100 370 370 103 102 371 371 98 98 372 372 101 103 373 373 104 99 374 374 111 115 375 375 110 108 376 376 117 110 377 377 115 113 378 378 109 112 379 379 118 118 380 380 129 130 381 381 121 119 382 382 125 121 383 383 128 125 384 384 119 122 385 385 122 124 386 386 125 121 387 387 120 120 388 388 127 126 389 389 119 122 390 390 123 127 391 391 126 123 392 392 140 141 393 393 133 140 394 394 137 135 395 395 135 132 396 396 132 136 397 397 138 133 398 398 143 145 399 399 149 142 400 400 145 144 401 401 151 152 402 402 148 149 403 403 146 150 404 404 157 163 405 405 162 153 406 406 154 155 407 407 155 157 408 408 160 156 409 409 156 161 410 410</p>
        </polylist>
      </mesh>
      <extra><technique profile="MAYA"><double_sided>1</double_sided></technique></extra>
    </geometry>
    <geometry id="tree_oak_bush_a200-mesh" name="tree_oak_bush_a200">
      <mesh>
        <source id="tree_oak_bush_a200-mesh-positions">
          <float_array id="tree_oak_bush_a200-mesh-positions-array" count="1431">0 0.169676 0.2727939 -0.119979 0.119979 0.2727939 -0.169676 0 0.2727939 -0.119979 -0.119979 0.2727939 0 -0.169676 0.2727939 0.119979 -0.119979 0.2727939 0.169676 0 0.2727939 0.119979 0.119979 0.2727939 -0.0889945 0.0889945 1.048417 -0.1258572 0 1.048417 -0.04815405 -0.1162542 1.048417 0.08899456 -0.0889945 1.048417 0.1258572 0 1.048417 0.04815405 0.1162542 1.048417 -0.03954273 0.0954647 4.63599 -0.0954647 -0.03954273 4.63599 0.03954279 -0.0954647 4.63599 0.0954647 0.03954273 4.63599 -0.04423183 -0.02057063 7.296598 0.03238004 -0.03534221 7.296598 0.008845686 0.04865545 7.296598 0 0.1267424 -0.1709331 -0.08962041 0.08962041 -0.1709331 -0.1267424 0 -0.1709331 -0.08962041 -0.08962041 -0.1709331 0 -0.1267424 -0.1709331 0.08962047 -0.08962041 -0.1709331 0.1267424 0 -0.1709331 0.08962047 0.08962041 -0.1709331 0.003289699 -0.09999716 7.180438 -0.3943807 0.724351 6.786468 -0.3537403 1.23757 6.134713 -0.08115673 1.131835 6.764305 0.3455839 0.7007213 6.694052 0.293589 1.397015 6.412806 -0.07144284 1.773705 5.833212 0.0329411 0.0871821 7.20429 0.06199598 -0.7252265 6.628051 -0.1228471 -1.011527 5.870624 -0.3958044 -0.9236549 6.502795 -0.569126 -0.3388808 6.53282 -0.8018658 -0.9027004 6.091722 -0.5759453 -1.276926 5.443656 -0.03415054 0.04462051 7.229977 0.5589319 -0.1726083 6.459284 0.5933642 -0.1903263 5.629626 0.4149134 -0.5779466 6.177142 -0.1437776 -0.3934296 6.340606 0.1059589 -0.7175501 5.708779 0.4754934 -0.5181816 5.049408 -0.08839732 -0.02169454 7.201252 0.539386 0.5422379 6.671374 0.8903006 0.6254803 5.923202 0.9810171 0.3149656 6.537384 0.6296973 -0.1844301 6.52839 1.222988 0.01171076 6.108674 1.386194 0.4635778 5.492027 0.08767038 -0.01124411 7.226529 -0.7201405 -0.2771877 6.455373 -1.009439 -0.1106069 5.558584 -1.08437 0.165667 6.305366 -0.5121519 0.5563855 6.427399 -1.1578 0.6522431 5.856361 -1.409785 0.3291972 5.054316 1.443189 -0.600734 7.571862 2.175542 -1.573284 7.439957 1.863459 -1.052573 7.498906 0.5719327 -0.2308402 7.801997 1.968459 -1.774656 8.30736 1.493092 -0.5661568 7.620904 2.194273 -1.533772 7.407495 1.806318 -1.109179 7.606239 1.427163 -1.475563 8.441482 0.8846924 -0.9856296 8.428593 0.3410418 -0.4076984 8.142607 0.2083982 -1.709869 8.198942 -0.01784306 0.03741848 7.136209 1.719646 -2.678173 8.14234 0.8717411 -2.243609 8.298044 0.006397783 -0.6700659 8.071956 0.1718095 -1.737745 8.212162 1.968459 -1.774656 8.30736 1.721011 -2.619206 8.228439 0.8165346 -2.337597 8.347962 0.0470786 -0.05911558 7.64066 1.427163 -1.475563 8.441482 0.8846924 -0.9856296 8.428593 2.836286 -2.374069 7.793661 0.3410418 -0.4076984 8.142607 1.16319 0.8976507 6.785017 2.228613 0.9425937 6.126038 1.700326 1.010066 6.423309 0.6325776 0.47865 7.432652 2.686115 0.9198595 6.934323 1.174852 0.9675167 6.817783 2.192781 0.9730368 6.098559 1.762865 0.9558777 6.528867 2.257407 0.6954988 7.342145 1.634433 0.4898065 7.669947 0.827217 0.2706978 7.778305 1.953305 -0.549923 7.622732 -0.09602713 -0.01998746 7.143573 3.314903 0.1134779 6.757534 2.647521 -0.269421 7.340648 0.8808356 -0.1570163 7.778952 1.967168 -0.5916996 7.641523 2.686115 0.9198595 6.934323 3.304838 0.1673592 6.846344 2.716559 -0.3561823 7.386251 0.2174795 0.09481662 7.53922 2.257407 0.6954988 7.342145 1.634433 0.4898066 7.669947 3.34405 1.1452 5.989521 0.827217 0.2706978 7.778305 -0.5475345 -1.434722 8.513362 -2.040834 -2.321187 8.349492 -1.222686 -1.859941 8.572917 -0.2161015 -0.5017325 8.119283 -0.5170549 -1.462288 8.537892 -2.277015 -1.4413 8.163335 -2.055881 -2.247374 8.421722 -1.179767 -1.942764 8.648228 -1.760299 -1.119146 8.335581 -1.172295 -0.6809841 8.346735 -0.5280997 -0.2070465 8.078884 0.0491141 0.01749253 7.101045 -1.482986 -0.4492681 7.424309 -2.268669 -1.421374 7.328847 -1.958136 -0.8967263 7.346858 -0.6746715 -0.07955586 7.675316 -2.277015 -1.4413 8.163335 -1.536833 -0.4026854 7.45627 -2.28027 -1.388642 7.286896 -1.922504 -0.9322159 7.471198 -0.1142556 0.02058774 7.592271 -1.760299 -1.119146 8.335581 -1.172295 -0.6809841 8.346735 -3.055622 -2.130666 7.620331 -0.5280997 -0.2070465 8.078884 0.9977151 0.8785218 6.130604 -0.07397133 -0.008600652 7.070955 1.664131 0.6444488 4.725071 1.333386 0.7415677 5.469369 0.99191 0.941776 6.124757 2.084865 0.03617745 5.412044 1.663619 0.5502082 4.744242 1.328094 0.8990625 5.444351 0.6663794 0.4401303 7.056453 1.767691 0.07371634 6.133032 1.432768 0.109229 6.849721 0.8064887 0.09648442 7.33363 0.3576562 0.05949091 7.379041 1.090204 -0.8468254 6.378899 1.801963 -0.6942831 4.920312 1.490956 -0.9398378 5.621076 2.084865 0.03617745 5.412044 1.155508 -0.8968027 6.423968 1.815293 -0.7653325 4.919105 1.521276 -0.775392 5.664631 0.731135 -0.3143003 7.132237 1.767691 0.07371634 6.133032 1.432769 0.109229 6.849721 2.310968 -0.05667901 4.175262 0.8064889 0.09648448 7.33363 -0.92175 0.9652462 8.065002 0.02339053 -0.01137781 7.133424 -0.8421971 2.215133 8.558759 -0.8646281 1.539114 8.356913 -0.9697827 0.9644513 8.064169 -0.770161 2.20515 8.554893 -0.9846971 1.548302 8.359947 -0.3468316 0.1670511 7.970859 -0.03871405 1.370473 9.152354 -0.007151067 0.7542639 8.886882 -0.02519577 2.107048 9.306369 -0.1206796 3.050628 9.033466 -4.59377e-4 0.1106587 8.184816 -0.06794881 2.560218 9.247839 0.787925 0.8447422 8.123826 0.5757916 2.122125 8.683572 0.8068811 1.510789 8.457571 0.8319373 0.8220002 8.184078 0.6293925 2.131317 8.688305 0.6887748 1.470861 8.508369 0.3447732 0.1733776 7.981065 -0.03871405 1.370473 9.152354 -0.007151067 0.7542642 8.886883 -0.02519583 2.107048 9.306369 -0.06794881 2.560218 9.247839 0.3689 1.596517 7.589949 1.389849 2.479826 7.490499 0.8724145 2.005211 7.58995 0.3344187 1.629708 7.589949 1.842475 1.894582 8.11719 1.432769 2.42146 7.490499 0.7950128 2.096768 7.589949 0.08738881 0.6285101 7.765185 1.403284 1.459991 8.301463 0.9021181 0.9393335 8.301463 0.3526971 0.3685441 8.01218 -0.02848267 -0.02634304 7.106831 1.49906 0.3825191 7.650279 2.353242 1.508147 7.60197 2.048201 0.8889271 7.650279 0.05275088 0.05693215 7.61128 1.842475 1.894582 8.11719 1.533658 0.3539454 7.714135 2.398256 1.477494 7.60197 1.955008 0.9612276 7.714135 0.6195557 0.1070389 7.765185 1.403284 1.459991 8.301463 0.9021181 0.9393335 8.301463 2.555638 2.65828 7.881536 0.3526971 0.3685441 8.01218 0.6236029 -1.699582 8.133357 0.5021352 -3.28001 7.369625 0.5655043 -2.496043 7.903809 0.1299448 -0.758952 7.973067 0.6582978 -1.716451 8.160828 -0.3068578 -2.842176 7.197517 0.4185054 -3.285931 7.426307 0.6501357 -2.509496 7.997877 -0.295847 -2.329889 7.568851 -0.3115539 -1.642889 7.825062 -0.2795841 -0.8003174 7.845044 0.02641475 0.08273386 7.162148 -0.5187973 -1.384771 6.789172 -0.1746072 -2.504393 6.342653 -0.4202921 -1.97227 6.511457 -0.4023751 -0.6977946 7.426696 -0.3068569 -2.842176 7.197518 -0.5921988 -1.407439 6.802931 -0.2009243 -2.479552 6.301958 -0.3909783 -2.008612 6.637194 -0.1476181 -0.1994168 7.559774 -0.2958461 -2.329889 7.568851 -0.311553 -1.642889 7.825063 -0.1148751 -3.640009 6.35912 -0.2795832 -0.8003172 7.845045 0.3533637 -1.27426 6.512599 0.1202585 -1.789538 5.243113 0.2141621 -1.522578 5.910302 0.404127 -1.296651 6.518672 -0.6465091 -1.840266 5.801382 0.04685163 -1.748364 5.243281 0.3383322 -1.586143 5.916206 -8.99942e-4 -0.7990653 7.320773 -0.5992351 -1.560489 6.437757 -0.5452131 -1.266435 7.070363 -0.3655075 -0.7430173 7.498043 -0.2090213 -0.3772098 7.538708 -0.02620762 -0.03628718 7.26755 -1.017485 -0.6064054 6.424994 -0.9720146 -1.322259 5.176229 -1.136004 -0.9301738 5.745594 -0.6465091 -1.840266 5.801382 -1.090014 -0.6328645 6.454167 -1.030687 -1.302917 5.162556 -1.032872 -1.019422 5.811472 -0.6113744 -0.525495 7.252939 -0.5992351 -1.560489 6.437757 -0.5452131 -1.266435 7.070362 -0.6132385 -2.062335 4.710306 -0.3655075 -0.7430173 7.498043 -0.864843 -0.5845391 8.440255 0.001588404 0.02955645 7.183312 -1.708914 -0.2543989 9.566435 -1.203739 -0.4200634 9.038785 -0.8754942 -0.6313816 8.441159 -1.672194 -0.4068147 9.631435 -1.278951 -0.3243951 8.849573 -0.08532971 -0.2948847 8.05359 -0.7262093 0.242494 9.682992 -0.3200293 0.1536163 9.095172 -1.218729 0.3955442 10.20057 -2.192415 0.5355225 10.32684 0.09205168 0.02667772 8.238157 -1.619476 0.4534639 10.34659 -0.4221942 1.009868 8.345736 -1.342206 1.061408 9.554418 -0.9355751 1.180906 8.876112 -0.3610666 1.106788 8.438541 -1.337073 1.115538 9.559276 -0.8410766 1.011224 8.95881 0.07157081 0.3785961 8.03724 -0.7262091 0.2424939 9.682992 -0.3200291 0.1536163 9.095172 -1.218729 0.3955442 10.20057 -1.619476 0.4534638 10.34659 -0.4964097 1.222172 8.36206 -0.9918181 2.467701 8.177787 -0.1953642 0.4893444 8.072777 -1.326122 0.9915946 7.635464 -1.723218 2.281899 7.536013 -1.497308 1.617097 7.635464 -1.370393 0.9734084 7.635464 -1.652506 2.297666 7.536013 -1.61229 1.583144 7.635464 -0.5401901 0.3512649 7.825783 -0.7710148 1.890635 8.36206 0.2971272 1.558338 7.680712 -0.3889395 2.793642 7.632402 0.05489325 2.264969 7.680712 0.3372185 1.578491 7.744567 -0.3427484 2.82249 7.632402 -0.04882723 2.208805 7.744567 0.1514948 0.6282227 7.825783 0.01247352 -0.01862931 7.167428 -0.4964097 1.222172 8.36206 -0.9918181 2.467701 8.177787 -0.1953642 0.4893444 8.072777 -0.03101396 0.08927106 7.671878 -0.7710148 1.890635 8.36206 -1.40345 3.428114 7.942134 -0.7589001 1.282002 6.785295 -0.6154723 2.30682 5.857597 -0.6663776 1.780937 6.353664 -0.8147135 1.282002 6.785295 8.22087e-4 2.379829 6.576639 -0.5322081 2.29572 5.862864 -0.8054551 1.792037 6.348398 -0.3339915 0.6693377 7.455034 8.221e-4 1.870659 7.052274 8.22112e-4 1.348557 7.518093 8.22116e-4 0.6707106 7.690413 8.21957e-4 0.2899707 7.567964 8.22001e-4 0.04642933 7.163164 0.7653679 1.197417 6.834129 0.5727062 2.29374 5.920408 0.8171999 1.784886 6.351791 8.22087e-4 2.379829 6.576639 0.8175451 1.232295 6.887726 0.6353166 2.30199 5.916493 0.6804271 1.800927 6.414857 0.3383751 0.6635808 7.458358 8.221e-4 1.870659 7.052274 8.22112e-4 1.348557 7.518093 1.91269e-4 2.994764 5.64781 8.22116e-4 0.6707107 7.690413 0.9874759 0.7422607 8.427309 -0.01442974 -0.01783466 7.366102 2.079428 0.5622157 9.357338 1.459944 0.6415623 8.943812 0.9911309 0.79016 8.426423 2.034638 0.7090848 9.429638 1.508794 0.5537098 8.74255 0.1970695 0.3345421 8.203536 1.223491 -0.06901633 9.665746 0.6990416 -0.05260723 9.172696 1.826852 -0.137934 10.07206 2.815847 -0.1327641 9.99816 0.1092751 -0.00523132 8.417494 2.252825 -0.1340736 10.13376 0.7726625 -0.9010896 8.411174 1.914035 -0.7927569 9.408934 1.401428 -0.9845057 8.825671 0.7462396 -1.003802 8.513619 1.917946 -0.8469414 9.41429 1.301699 -0.8285344 8.927101 0.1401979 -0.3547496 8.213744 1.223491 -0.06901633 9.665746 0.6990414 -0.05260717 9.172696 1.826851 -0.137934 10.07206 2.252825 -0.1340736 10.13376 0.2149146 -0.7284871 8.78795 0.5580012 -1.987443 9.145792 0.04296159 -0.1383703 8.210418 1.135514 -0.8629895 8.152392 1.367349 -2.122564 8.590781 1.222108 -1.453436 8.406225 1.181572 -0.8499881 8.151963 1.295528 -2.131101 8.586588 1.339987 -1.431898 8.409989 0.4256778 -0.134431 7.981312 0.397868 -1.367241 9.072156 -0.544613 -1.230324 8.172952 -0.02557212 -2.444225 8.678956 -0.3986086 -1.901484 8.466604 -0.5931246 -1.221178 8.2334 -0.07492733 -2.466881 8.683028 -0.2952327 -1.834229 8.51933 -0.2929994 -0.3309507 7.985369 -0.005682289 0.002259135 7.162207 0.2149146 -0.7284871 8.78795 0.5580012 -1.987443 9.145792 0.04296159 -0.1383703 8.210418 -0.02687805 0.09128618 7.671744 0.397868 -1.367241 9.072156 0.8610304 -2.996337 9.339884 -1.331278 -0.417173 6.705483 0.02780109 -0.01696908 7.146171 -2.149793 -0.03922694 5.647635 -1.725599 -0.2101186 6.209892 -1.347541 -0.4711287 6.706507 -2.116795 0.6125652 6.255578 -2.11563 0.03840857 5.652798 -1.776026 -0.3417099 6.205754 -0.6959173 -0.1445345 7.35892 -1.691152 0.4944924 6.794437 -1.252032 0.3722055 7.325283 -0.6292682 0.1894348 7.585916 -0.2527742 0.07460445 7.515044 -0.8127335 1.03507 6.737125 -1.798792 1.109178 5.689814 -1.296817 1.225095 6.180292 -2.116795 0.6125652 6.255578 -0.8371785 1.098382 6.784659 -1.787907 1.171828 5.683693 -1.359585 1.100927 6.243174 -0.4968417 0.4976674 7.350762 -1.691152 0.4944924 6.794437 -1.252032 0.3722056 7.325283 -2.587887 0.7348886 5.253591 -0.6292683 0.1894348 7.585916 1.397159 -0.5268066 6.886454 1.930299 -1.413702 5.958757 1.639078 -0.9728696 6.454824 1.440547 -0.4916983 6.886454 1.497128 -1.858125 6.677799 1.858589 -1.457449 5.964023 1.754176 -0.8940148 6.449558 0.6814596 -0.3178117 7.556194 1.176846 -1.462305 7.153433 0.8484294 -1.056432 7.619252 0.4220449 -0.5294861 7.791572 0.1825491 -0.2335053 7.669123 0.02935475 -0.04418045 7.264323 0.1590131 -1.419859 6.935289 0.9984024 -2.150932 6.021567 0.4882541 -1.909151 6.45295 1.497128 -1.858125 6.677799 0.1403907 -1.479794 6.988885 0.9549199 -2.196729 6.017653 0.6046695 -1.835588 6.516017 0.1551522 -0.7362738 7.559517 1.176846 -1.462305 7.153433 0.8484295 -1.056432 7.619252 1.88443 -2.335768 5.74897 0.4220449 -0.5294861 7.791572 0.1444214 0.05958074 0.1451641 0.05999183 0.1442502 0.145164 -0.05957907 0.1444197 0.145164 -0.1442484 0.05999016 0.145164 -0.144418 -0.0595808 0.145164 -0.05998843 -0.1442502 0.145164 0.05958247 -0.1444197 0.145164 0.1442518 -0.05999022 0.1451641 0.2938128 0.1212126 -0.2764098 0.1220472 0.2934662 -0.2764098 -0.1212109 0.2938111 -0.2764098 -0.2934644 0.1220455 -0.2764099 -0.2938093 -0.1212126 -0.2764099 -0.1220437 -0.2934661 -0.2764098 0.1212143 -0.2938111 -0.2764098 0.2934678 -0.1220456 -0.2764098 1.69514e-6 0.1329087 0.2896736 -0.09397894 0.09398066 0.2896736 -0.132907 0 0.2896736 -0.09397894 -0.09398066 0.2896736 1.70676e-6 -0.1329087 0.2896736 0.09398233 -0.09398061 0.2896736 0.1329104 0 0.2896736 0.09398233 0.09398061 0.2896736 1.67934e-6 0.2564308 -0.2256335 -0.1813222 0.181324 -0.2256335 -0.256429 0 -0.2256335 -0.1813222 -0.181324 -0.2256335 1.70176e-6 -0.2564308 -0.2256335 0.1813256 -0.1813238 -0.2256335 0.2564324 0 -0.2256335 0.1813256 0.1813238 -0.2256335 -0.04146909 0.04600244 7.548105 -0.002122461 0.006655871 10.4264 -0.04146909 -0.03269058 7.548105 0.03722393 0.006655931 7.548105 -0.002122461 0.006655871 10.4264 -0.002122819 0.006656587 10.4264</float_array>
          <technique_common>
            <accessor source="#tree_oak_bush_a200-mesh-positions-array" count="477" stride="3">
              <param name="X" type="float"/>
              <param name="Y" type="float"/>
              <param name="Z" type="float"/>
            </accessor>
          </technique_common>
        </source>
        <source id="tree_oak_bush_a200-mesh-normals">
          <float_array id="tree_oak_bush_a200-mesh-normals-array" count="1383">-0.7083224 -0.7055451 -0.02203488 -0.3822525 -0.9228385 0.04745727 -0.9949587 -0.09177142 0.04043799 0.9998075 0 -0.01962381 0.9949587 0.09177142 0.04043799 0.6386427 -0.7684404 0.04043775 -0.9998075 0 -0.01962381 -0.6386427 0.7684404 0.04043775 0.001922667 -0.9997554 -0.022035 -0.9239395 -0.3820399 0.01953226 -0.3838359 0.9232265 0.01797556 -0.001922667 0.9997554 -0.022035 0 0.9953536 -0.09628808 -0.7038214 0.7038214 -0.09628635 -0.7038214 -0.7038214 -0.09628635 0 -0.9953536 -0.09628808 0.9953536 0 -0.09628808 0.7038214 0.7038214 -0.09628635 -0.9953536 0 -0.09628808 0.7069706 -0.7069706 -0.01962363 0.7038214 -0.7038214 -0.09628635 -0.7069706 0.7069706 -0.01962363 0.7083224 0.7055451 -0.02203488 0.3822525 0.9228385 0.04745727 0.9240337 0.3819494 0.01663303 0.3826201 -0.9237267 0.01818948 0.732923 -0.6785985 0.04825109 -0.933523 -0.355885 0.04336786 0.1872332 0.9804796 0.06003057 0.465902 0.3271935 0.8221191 0.131446 0.7189397 0.6825304 -0.1496042 0.5880098 0.7948982 -0.4353563 0.7433256 0.50787 -0.7019089 0.5875844 0.4025775 -0.467375 0.4020634 0.787341 0.1301349 0.3253067 0.9366112 -0.6636196 -0.2331702 0.710803 -0.527379 -0.6973122 0.4854145 -0.2342937 -0.7399922 0.6304903 -0.01559531 -0.9477131 0.3187426 0.3034831 -0.9171026 0.2584978 0.1312325 -0.7277297 0.673192 -0.3807559 -0.4127094 0.8274636 -0.166053 -0.8861452 0.4326351 0.2573382 -0.9593111 0.1161867 0.4872635 -0.817996 0.305707 0.755216 -0.6554503 0.005829036 0.9250516 -0.3783525 0.03360211 0.7101261 -0.5544159 0.4339862 0.1608366 -0.817978 0.5523076 0.5836496 -0.4230574 0.6930915 0.8664397 -0.01419138 0.4990802 0.7157472 0.2318884 0.6587365 0.7476938 0.5525225 0.3683382 0.5265607 0.7874757 0.3203374 0.4786059 0.5076299 0.7164134 0.5470263 -0.09839391 0.8313127 -0.4970993 0.508422 0.7031355 -0.8713124 0.2552594 0.419115 -0.8360224 -0.04678648 0.546697 -0.9335181 -0.2946314 0.2042948 -0.8000906 -0.5842895 0.1358713 -0.7160761 -0.3936694 0.5764194 -0.5915553 0.1768287 0.7866346 0.3014713 0.7932925 0.5289634 0.4617233 0.62027 0.6340952 0.4424405 0.6742357 0.5913144 0.2988144 0.7489436 0.5914335 0.6515296 0.4816277 0.5861263 0.5519698 0.5905154 0.5887453 0.7291824 0.5547072 0.4007405 0.6374792 0.6401649 0.4287298 -0.4918515 0.2609718 0.8306479 -0.4871166 0.7979849 0.3548769 -0.4105709 0.8843771 0.2220556 0.1091971 -0.1548231 0.981889 0.2409192 -0.189189 0.9519272 -0.02768081 -0.1315373 0.9909247 -0.4342933 0.3280242 0.8389216 -0.2567611 -0.03293061 0.9659137 -0.1769499 -0.09363269 0.9797559 -0.3544222 0.06753945 0.9326432 0.6173837 0.2564879 0.7436743 0.3517928 -0.2610598 0.898938 0.6629686 0.6647692 0.3443176 -0.3090343 0.7836337 0.5389026 -0.07425343 0.8625367 0.5005166 -0.1205188 0.8756155 0.4677315 -0.2513857 0.7602915 0.5989676 0.06924891 0.9367983 0.3429484 -0.0343337 0.9161466 0.3993702 0.02676522 0.9919936 0.1234193 -0.08035594 0.9732138 0.2154016 -0.08240258 -0.07037788 0.9941111 -0.7002326 0.08026546 0.7093884 -0.7957329 0.1590672 0.5843859 0.5253278 0.2913061 0.7994821 0.6087718 0.3824394 0.6950808 0.4756063 0.2396647 0.8463802 -0.09372246 -0.01022368 0.9955459 0.3770985 0.1040103 0.9203144 0.2615501 0.07013326 0.9626386 0.1311106 0.014283 0.9912648 0.340319 0.8332644 0.4357219 0.6970329 0.4153692 0.5844773 -0.1333075 0.9809762 0.1411204 0.1530551 0.3540868 0.9226033 0.3499605 0.4176515 0.8385075 0.02395731 0.2678031 0.9631758 0.3108384 0.444299 0.840225 -0.3362296 0.1589438 0.9282708 -0.2959131 0.1495435 0.9434365 -0.2612124 0.1777428 0.9487758 -0.08533108 0.191232 0.9778287 -0.03286874 0.189644 0.9813027 -0.6801463 0.7316014 0.04648041 -0.7422727 0.4407978 0.5047063 -0.6866278 0.7132713 0.1406643 -0.304397 0.8985723 0.3160858 -0.4783635 0.8000397 0.362084 -0.5028411 0.7596331 0.412442 -0.3175868 0.8649555 0.3885753 -0.6822181 0.6420553 0.3497764 -0.7748865 0.5719633 0.2690892 -0.6097193 0.7145539 0.3430091 -0.7678647 0.6293072 0.1198186 -0.8606141 0.5092453 0.003540217 0.4564125 0.8776671 0.1462473 0.4985006 0.8118718 0.3039102 -0.5814497 0.01599198 0.8134253 -0.484561 0.1091689 0.8679187 0.7468406 0.6496974 0.1418542 0.7078889 0.6515508 0.272718 0.7509601 0.6415786 0.1563203 0.4521739 0.7097873 0.5401305 0.2228507 0.7373729 0.6376668 0.5598188 0.6924258 0.4551369 0.6999264 0.6703839 0.2463507 0.2467466 0.6673604 0.7026709 -0.5838429 0.03015351 0.8113066 -0.3412349 0.06131297 0.9379763 0.8877333 -0.4176509 0.1936423 0.9754704 0.1427056 0.1676089 0.8571036 -0.4342589 0.2771151 0.8330259 -0.416162 0.3645232 0.838891 -0.4285556 0.3355625 0.8274832 -0.4137569 0.3795747 0.844282 -0.4521414 0.2876736 0.8542668 -0.4742095 0.2129639 0.3431612 -0.5556684 0.7572802 0.569672 -0.518247 0.6378825 0.6933416 -0.4585552 0.5558819 0.3544471 -0.4632472 0.8122619 0.7669427 0.635009 0.09253358 -0.6687102 -0.05524003 0.7414684 -0.6438937 -0.01669394 0.7649328 -0.6948835 -0.1997458 0.6908245 -0.6105412 -0.5442835 0.5753217 -0.4376773 -0.8040922 0.402336 -0.6455446 -0.4248899 0.6346187 -0.6811274 -0.2902986 0.6721548 -0.6766499 -0.2791932 0.6813194 -0.6911743 0.1318746 0.7105541 -0.696479 -0.05505663 0.715462 -0.6910997 0.1313531 0.7107234 0.00137335 -0.8764258 0.4815351 -0.11576 0.3873521 0.9146355 0.00827068 -0.9932784 0.1154541 0.7022469 0.004150569 0.7119215 0.6944958 0.2481214 0.6753602 0.6987935 0.2743658 0.6606142 0.441433 -0.801898 0.4026123 0.6174333 -0.5309725 0.580383 0.6302193 -0.3785894 0.6778596 0.6441327 -0.2422898 0.7255266 0.6746518 -0.1846701 0.7146622 0.6682193 -0.08533185 0.7390545 -0.2441816 0.6383942 0.7299509 -0.3703209 0.5337212 0.7602658 -0.2901167 0.5924715 0.7515383 -0.6000074 0.2792506 0.7496735 -0.7261462 0.09073394 0.681527 -0.5341978 0.3494076 0.7697709 -0.4450607 0.4999342 0.7429582 -0.6583204 0.0421769 0.7515553 0.4593412 -0.3648239 0.8098823 0.5071092 -0.3480119 0.7884974 0.362571 -0.4829702 0.7970458 0.103063 -0.7209833 0.6852454 0.06103807 -0.6517343 0.7559874 -0.6355705 -0.6535466 0.4110074 0.2826431 -0.5855208 0.7597883 -0.6812738 -0.6966859 0.2247108 0.5434297 -0.2613077 0.7977484 0.096165 0.2103667 0.9728813 0.5652174 -0.2501972 0.7860857 0.5864613 -0.2393028 0.7738201 0.5968992 -0.2341756 0.7673807 -0.3398616 0.5522751 0.76124 -0.3267973 0.004974544 0.9450815 -0.2615193 0.2225157 0.9391989 -0.3436815 -0.1463416 0.9276136 -0.3109861 0.2103047 0.9268547 -0.4686819 -0.4624254 0.7526621 -0.4386258 -0.4442109 0.7812069 -0.4403623 -0.4016028 0.8029921 -0.3502643 -0.2775074 0.8945975 -0.3170062 -0.2412262 0.9172334 -0.9855445 -0.08041709 -0.149115 -0.8739168 -0.4360275 0.2148245 -0.990779 -0.1180792 -0.06644052 -0.9506672 0.1936431 0.2423514 -0.9811016 -0.01287907 0.1930646 -0.9709812 -0.05706983 0.2322469 -0.9384862 0.1483828 0.3118114 -0.9676802 -0.2350913 0.09125316 -0.9491864 -0.3145033 -0.01153635 -0.9835003 -0.1250662 0.1307122 -0.9622724 -0.2344184 -0.1381301 -0.9038084 -0.3313821 -0.2707701 -0.4655992 0.8050935 0.3674803 -0.4134764 0.7444589 0.5242311 -0.4863517 -0.6858853 0.5413165 -0.5110744 -0.5757445 0.6382173 0.2172371 -0.947658 0.2339922 0.2217218 -0.900682 0.3736463 0.2082009 -0.9421534 0.2626774 0.3333038 -0.7165071 0.6128018 0.4221975 -0.5074976 0.7511295 0.2798637 -0.7864565 0.550602 0.2448275 -0.9054833 0.3466405 0.3231681 -0.4790297 0.8161452 0.04574835 0.3434942 0.9380399 -0.8529829 -0.5159282 0.07898384 -0.3786259 -0.9091477 0.1734732 -0.865558 -0.4763453 0.1546108 -0.8578674 -0.4579728 0.233076 -0.864521 -0.4609334 0.2003594 -0.8550529 -0.4520485 0.2540408 -0.874859 -0.4615396 0.1469797 -0.8803302 -0.4692347 0.06955355 -0.7966835 0.02820008 0.6037386 -0.8743596 -0.1882762 0.4472666 -0.8564364 -0.3140755 0.4097235 -0.7166506 -0.02465945 0.6969963 0.2097306 -0.9568502 0.2011241 0.1596179 0.5606465 0.8125255 -0.04150545 -0.04968452 0.9979022 -0.01028484 -0.739959 0.6725734 -0.00891155 -0.7400557 0.6724866 0.5175139 -0.7816269 0.3481934 0.5485219 -0.8142527 0.1900431 0.4811391 -0.7551732 0.4452177 0.5246918 -0.7325602 0.433652 0.7661147 -0.607142 0.2108242 0.507389 -0.7391856 0.442901 0.463191 -0.7585566 0.4583079 0.4600397 -0.7546373 0.4678525 0.2780958 -0.716176 0.6401209 0.9430172 -0.2131165 0.2555385 0.9702455 -0.2271566 -0.08380651 0.9584544 0.2167471 0.1854344 0.8076938 0.4399359 0.3925395 0.8066839 0.3781941 0.4541259 0.4999462 0.6327077 0.5913838 0.207564 0.7107414 0.672134 0.1882738 0.717357 0.6707845 0.6395649 0.5306411 0.5562164 0.5104995 0.628793 0.5865235 0.6824038 0.5332577 0.4999615 0.6607205 0.5730985 0.4847746 -0.6844249 0.03354066 0.7283116 -0.63876 -0.1246085 0.7592486 -0.6604596 -0.02804684 0.7503377 -0.4985949 -0.4361828 0.749098 -0.376736 -0.6270591 0.6818115 -0.5361264 -0.3479771 0.7690777 -0.6379769 -0.2057921 0.7420479 -0.3038493 -0.5855113 0.7515664 0.6998922 -0.1947112 0.6871963 0.6470415 0.01757913 0.7622522 0.5868242 0.1348035 0.7984142 0.6210929 -0.2067054 0.7559871 0.3631495 -0.9042268 0.2247138 0.3420628 -0.8450247 0.4110065 0.456878 0.3917798 0.7986057 -0.146066 0.1762498 0.9734479 0.4551948 0.4155809 0.7874581 0.5161447 0.2737593 0.8115729 0.5200756 0.3233802 0.7905358 0.4533572 0.4397459 0.7753005 0.4526901 0.4503706 0.7695701 -0.6439547 -0.08954328 0.7598055 -0.6032272 0.6455889 0.4683289 -0.6036382 0.548124 0.5789483 -0.5959212 0.6323919 0.4949327 -0.6572705 0.258257 0.7080246 -0.669317 -0.005066156 0.7429597 -0.6299468 0.3605538 0.6878722 -0.6236512 0.5554112 0.5500705 -0.5748898 -0.0227673 0.8179141 -0.005859673 -0.6837244 0.729717 0.5602394 0.6908612 0.4569932 -0.03921681 0.8331668 0.5516296 0.579322 0.6309306 0.516055 0.5711377 0.5813312 0.5795306 0.5795857 0.5991178 0.5523933 0.5686929 0.5669534 0.5959465 0.5945525 0.6243702 0.5066255 0.6048588 0.6636996 0.4400554 0.6702224 -0.002807676 0.742155 0.6710399 0.2704669 0.6903284 0.6083415 0.3871985 0.6928189 0.5660727 -0.02118039 0.8240832 -0.596521 0.6690338 0.443347 -0.008667349 -0.8568488 0.5154948 0.233287 0.07675516 0.969374 0.03686738 0.7480602 0.662606 0.03552448 0.7479369 0.6628185 -0.5456012 0.7058603 0.451753 -0.612154 0.7302328 0.3033608 -0.4870536 0.687045 0.5392107 -0.528224 0.6581436 0.5364947 -0.7884948 0.4943199 0.365956 -0.5105865 0.6673943 0.5421129 -0.4675177 0.6932959 0.5484231 -0.4619684 0.6900686 0.5571271 -0.2455296 0.6820809 0.6888258 -0.8933269 0.07986867 0.4422534 -0.9898841 0.08246237 0.1154534 -0.8595401 -0.349108 0.3732486 -0.6393237 -0.5435838 0.5438585 -0.6350159 -0.4810153 0.604466 -0.2731187 -0.6854368 0.6749686 0.03769105 -0.7185715 0.694431 0.05704069 -0.7223629 0.6891578 -0.4303535 -0.6054431 0.6695032 -0.2849009 -0.6832129 0.6723479 -0.4827479 -0.6154441 0.6230433 -0.4589503 -0.6520464 0.6034901 0.5986418 0.188489 0.7785242 0.5713485 0.3497796 0.7424386 0.5809292 0.2556272 0.7727717 0.4750624 0.6446884 0.5989096 0.3866143 0.8051209 0.4497886 0.4984996 0.5679003 0.6549713 0.582922 0.4180558 0.6967292 0.3023822 0.7995975 0.5188534 -0.7327058 0.5001492 0.4615119 -0.7159481 0.328752 0.6159064 -0.6755173 0.2294756 0.7007264 -0.6602269 0.5307025 0.5314654 -0.2615174 0.948897 -0.176644 -0.2669218 0.9635246 0.01931869 -0.5811755 -0.01803678 0.8135784 0.02459836 0.1959629 0.9803028 -0.5815467 -0.0443446 0.8123036 -0.6254082 0.1005316 0.7737946 -0.633735 0.04718291 0.7721099 -0.5817024 -0.0713852 0.8102633 -0.5818715 -0.08340787 0.8089925 0.571779 0.3172786 0.7565733 -0.8483144 -0.3247559 0.4182059 -0.7757474 -0.3375469 0.5331776 -0.8449343 -0.3153282 0.432035 -0.4893452 -0.4791823 0.7286465 -0.2658542 -0.5869179 0.7647542 -0.6042823 -0.4255307 0.6736221 -0.7829248 -0.3586383 0.508338 -0.2438186 -0.5114119 0.824021 0.7484666 -0.2228248 0.6246175 0.5587726 -0.1591261 0.8139116 -0.5897581 0.7202898 0.3651959 -0.8692734 0.2312427 0.4369103 -0.5321726 0.7265223 0.4346926 -0.491268 0.703041 0.514188 -0.500732 0.7159854 0.4864489 -0.4827235 0.6991358 0.5274344 -0.5114764 0.7386636 0.4390536 -0.5347331 0.7609745 0.3673943 0.1089528 0.661957 0.741581 -0.1409083 0.7076853 0.692334 -0.2958837 0.6957464 0.6545149 0.08313459 0.5816371 0.8091891 -0.8756585 -0.3049484 0.3744713 0.8750412 -0.1224117 0.4683143 0.8140529 -0.04635769 0.5789377 0.8610483 -0.1167678 0.4949356 0.6734115 0.2126594 0.7080205 0.5171156 0.4249784 0.7429568 0.7165206 0.1159409 0.6878634 0.8341947 -0.03946191 0.5500565 0.4325802 0.3793241 0.8179166 -0.4255014 0.5352187 0.7297188 -9.46084e-4 -0.8894718 0.4569892 0.5545658 -0.6230205 0.5516359 -0.05343985 -0.8548858 0.5160567 -0.07831293 -0.8111766 0.5795339 -0.07367229 -0.8303241 0.5523897 -0.08545297 -0.7984669 0.5959432 -0.06943178 -0.8593673 0.5066233 -0.05273765 -0.8964182 0.4400604 -0.5227965 -0.4193664 0.7421696 -0.3514977 -0.6323723 0.6903295 -0.2293531 -0.6836645 0.6928204 -0.4533951 -0.3395886 0.8240829 0.8845635 -0.1448738 0.4433499 -0.5322201 0.6715698 0.5154958 0.8631792 0.3561 0.3579311 0.3585402 0.8621689 0.3579298 -0.8621689 0.3585402 0.3579298 -0.8631792 -0.3561 0.3579311 0.3561 -0.8631792 0.3579311 0.8621689 -0.3585402 0.3579298 -0.3561 0.8631792 0.3579311 -0.3585402 -0.8621689 0.3579298 0 0.9724521 0.2331028 -0.6876271 0.6876271 0.2331053 -0.6876271 -0.6876271 0.2331053 0 -0.9724521 0.2331028 0.9724521 0 0.2331028 0.6876271 0.6876271 0.2331053 -0.9724521 0 0.2331028 0.6876271 -0.6876271 0.2331053 -0.5276457 -0.8492566 0.01879978 0.999907 0 0.01364213 0.447193 -0.8944166 0.006103754 -0.5276457 0.8492566 0.01879978 0.447193 0.8944166 0.006103754 -0.999907 0 0.01364213 0.7454715 0.415921 0.5208473 0.8314458 0.4636539 0.3061422 0.07925724 -0.1628177 0.9834678 -0.1858889 -0.04882979 0.9813567 0.131505 0.9645432 0.2288292 0.1081593 0.9935768 -0.0332657 0.5170855 0.2599619 0.8155015 0.3527066 0.06576818 0.9334199 0.7520297 0.6583349 0.03235059 0.704863 0.6750156 0.217996 0.6359274 -0.2281611 0.7372509 0.6384915 -0.04272681 0.768442 -0.2285901 0.6663905 0.7096974 -0.4313505 0.5314211 0.7290599 0.4660971 -0.3233869 0.8235135 0.2333163 -0.9635093 0.1312003 0.2496117 -0.9142154 0.3192246 0.6559216 0.5709252 0.4937724 -0.7033223 0.05899417 0.708419 -0.6607158 -0.1808278 0.7285301 0.4835511 0.2961613 0.8236911 -0.6130084 0.6949219 0.3759048 -0.6285145 0.5722675 0.5267632 -0.4528481 -0.6489969 0.6113359 0.6159026 0.1558601 0.772251 0.6034266 0.3879912 0.6966629 -0.597384 0.08179157 0.7977735 -0.8881324 -0.3336333 0.3160849 -0.7972646 -0.3618409 0.4831565 0.9136716 -0.1546081 0.3758999 0.848575 -0.04950147 0.5267544</float_array>
          <technique_common>
            <accessor source="#tree_oak_bush_a200-mesh-normals-array" count="461" stride="3">
              <param name="X" type="float"/>
              <param name="Y" type="float"/>
              <param name="Z" type="float"/>
            </accessor>
          </technique_common>
        </source>
        <source id="tree_oak_bush_a200-mesh-map-0">
          <float_array id="tree_oak_bush_a200-mesh-map-0-array" count="2292">0.2619884 -4.009403 0.3147967 -3.233017 0.1302452 -3.233017 0.6176503 -4.009403 0.626801 -3.233017 0.4992127 -3.233017 0.1363535 -4.009403 0.1302452 -3.233017 8.06485e-6 -3.233017 0.4992127 -3.233017 0.3147967 -3.233017 0.3820437 -4.009403 0.1302452 -3.233017 0.2520809 3.253592 8.06485e-6 3.253592 0.8635042 -4.009403 0.8815516 -4.371979 1.000004 -4.371979 0.2619884 -4.009403 0.2420017 -4.371979 0.3695562 -4.371979 0.6176503 -4.009403 0.6275621 -4.371979 0.7557438 -4.371979 0.1363535 -4.009403 0.1174625 -4.371979 0.2420017 -4.371979 0.4998179 -4.009403 0.4984665 -4.371979 0.6275621 -4.371979 8.06485e-6 -4.009403 8.06485e-6 -4.371979 0.1174625 -4.371979 0.3820437 -4.009403 0.3695562 -4.371979 0.4984665 -4.371979 0.7378053 -4.009403 0.7557438 -4.371979 0.8815516 -4.371979 0.3820437 -4.009403 0.3147967 -3.233017 0.2619884 -4.009403 0.7378053 -4.009403 0.8116373 -3.233017 0.626801 -3.233017 0.8635042 -4.009403 0.8116373 -3.233017 0.7378053 -4.009403 0.1302452 -3.233017 0.3147967 -3.233017 0.2520809 3.253592 0.626801 -3.233017 0.7526181 3.253592 0.5022577 3.253592 0.626801 -3.233017 0.8116373 -3.233017 0.7526181 3.253592 0.5022577 3.253592 0.569208 6.402722 0.5217537 6.404536 0.7526181 3.253592 0.6222849 6.402787 0.569208 6.402722 8.06485e-6 3.253592 0.2520809 3.253592 0.5217537 6.404536 0.7526181 3.253592 1.000004 3.253592 0.6222849 6.402787 0.3147967 -3.233017 0.4992127 -3.233017 0.5022577 3.253592 0.8116373 -3.233017 1.000004 3.253592 0.7526181 3.253592 0.8116373 -3.233017 1.000004 -3.233017 1.000004 3.253592 0.3147967 -3.233017 0.5022577 3.253592 0.2520809 3.253592 1.000004 -3.233017 0.8116373 -3.233017 0.8635042 -4.009403 0.9999001 0.3018935 0.9999001 0.5321711 0.883883 0.4109939 0.9999001 0.5321711 0.8871967 0.7317091 0.883883 0.4109939 0.7896741 0.5455294 0.7748976 0.3046781 0.883883 0.4109939 0.8871967 0.7317091 0.7896741 0.5455294 0.883883 0.4109939 0.883883 0.4109939 0.7748976 0.3046781 0.8798074 0.01654291 0.9999001 0.3018935 0.883883 0.4109939 0.8798074 0.01654291 0.9999001 0.3018935 0.9999001 0.5321711 0.883883 0.4109939 0.9999001 0.5321711 0.8871967 0.7317091 0.883883 0.4109939 0.7896741 0.5455294 0.7748976 0.3046781 0.883883 0.4109939 0.8871967 0.7317091 0.7896741 0.5455294 0.883883 0.4109939 0.883883 0.4109939 0.7748976 0.3046781 0.8798074 0.01654291 0.9999001 0.3018935 0.883883 0.4109939 0.8798074 0.01654291 0.9999001 0.3018935 0.9999001 0.5321711 0.883883 0.4109939 0.9999001 0.5321711 0.8871967 0.7317091 0.883883 0.4109939 0.7896741 0.5455294 0.7748976 0.3046781 0.883883 0.4109939 0.8871967 0.7317091 0.7896741 0.5455294 0.883883 0.4109939 0.883883 0.4109939 0.7748976 0.3046781 0.8798074 0.01654291 0.9999001 0.3018935 0.883883 0.4109939 0.8798074 0.01654291 0.9999001 0.3018935 0.9999001 0.5321711 0.883883 0.4109939 0.9999001 0.5321711 0.8871967 0.7317091 0.883883 0.4109939 0.7896741 0.5455294 0.7748976 0.3046781 0.883883 0.4109939 0.8871967 0.7317091 0.7896741 0.5455294 0.883883 0.4109939 0.883883 0.4109939 0.7748976 0.3046781 0.8798074 0.01654291 0.9999001 0.3018935 0.883883 0.4109939 0.8798074 0.01654291 0.9999001 0.3018935 0.9999001 0.5321711 0.883883 0.4109939 0.9999001 0.5321711 0.8871967 0.7317091 0.883883 0.4109939 0.7896741 0.5455294 0.7748976 0.3046781 0.883883 0.4109939 0.8871967 0.7317091 0.7896741 0.5455294 0.883883 0.4109939 0.883883 0.4109939 0.7748976 0.3046781 0.8798074 0.01654291 0.9999001 0.3018935 0.883883 0.4109939 0.8798074 0.01654291 0.3146033 0.2126868 0.2102898 0.4062477 0.4048391 0.4105277 0.2082299 0.2184784 0.2102898 0.4062477 0.3146033 0.2126868 0.4048391 0.4105277 0.2102898 0.4062477 0.2083508 0.5775617 0.3821886 0.6148297 0.2083508 0.5775617 0.2081592 0.7184934 0.1057749 0.2149991 0.207888 0.1160438 0.2079371 -0.003071486 0.05566447 0.7635857 0.2081592 0.7184934 0.2083508 0.5775617 0.2082299 0.2184784 0.207888 0.1160438 0.1057749 0.2149991 0.2083508 0.5775617 0.2102898 0.4062477 1.00046e-4 0.4278706 1.00046e-4 0.4278706 0.2102898 0.4062477 0.1057749 0.2149991 0.2077563 1.007045 0.2081592 0.7184934 0.05566447 0.7635857 0.1057749 0.2149991 0.2102898 0.4062477 0.2082299 0.2184784 0.3547557 0.7726141 0.2081592 0.7184934 0.2077563 1.007045 0.2079371 -0.003071486 0.207888 0.1160438 0.3146033 0.2126868 0.3146033 0.2126868 0.207888 0.1160438 0.2082299 0.2184784 0.4814897 0.8038195 0.5858033 0.606858 0.391254 0.6025027 0.5878632 0.7979263 0.5858033 0.606858 0.4814897 0.8038195 0.391254 0.6025027 0.5858033 0.606858 0.5877423 0.432534 0.4139045 0.3946112 0.5877423 0.432534 0.5879338 0.2891263 0.6903182 0.8014666 0.588205 0.9021605 0.588156 1.023369 0.7404286 0.2432416 0.5879338 0.2891263 0.5877423 0.432534 0.5878632 0.7979263 0.588205 0.9021605 0.6903182 0.8014666 0.7701902 0.426218 0.5877423 0.432534 0.5858033 0.606858 0.7959931 0.5848551 0.5858033 0.606858 0.6903182 0.8014666 0.5883368 -0.004494607 0.5879338 0.2891263 0.7404286 0.2432416 0.6903182 0.8014666 0.5858033 0.606858 0.5878632 0.7979263 0.4413374 0.2340546 0.5879338 0.2891263 0.5883368 -0.004494607 0.588156 1.023369 0.588205 0.9021605 0.4814897 0.8038195 0.4814897 0.8038195 0.588205 0.9021605 0.5878632 0.7979263 0.7959931 0.5848551 0.6903182 0.8014666 0.5858033 0.606858 0.6903182 0.8014666 0.5878632 0.7979263 0.5858033 0.606858 0.7404286 0.2432416 0.7701902 0.426218 0.5877423 0.432534 0.7701902 0.426218 0.7959931 0.5848551 0.5858033 0.606858 0.4413374 0.2340546 0.5883368 -0.004494607 0.5879338 0.2891263 0.4814897 0.8038195 0.391254 0.6025027 0.5858033 0.606858 0.5878632 0.7979263 0.4814897 0.8038195 0.5858033 0.606858 0.391254 0.6025027 0.4139045 0.3946112 0.5877423 0.432534 0.4139045 0.3946112 0.4413374 0.2340546 0.5879338 0.2891263 0.588156 1.023369 0.4814897 0.8038195 0.588205 0.9021605 0.4814897 0.8038195 0.5878632 0.7979263 0.588205 0.9021605 0.6903182 0.8014666 0.588156 1.023369 0.588205 0.9021605 0.5878632 0.7979263 0.6903182 0.8014666 0.588205 0.9021605 0.5883368 -0.004494607 0.7404286 0.2432416 0.5879338 0.2891263 0.7707723 0.4310476 0.5861484 0.4368636 0.585956 0.2940347 0.7965752 0.5906865 0.6909003 0.8086659 0.5863854 0.6128283 0.7965752 0.5906865 0.5863854 0.6128283 0.5861484 0.4368636 0.6909003 0.8086659 0.5866453 0.8057359 0.5863854 0.6128283 0.6909003 0.8086659 0.5869381 1.023113 0.586772 0.8998346 0.5866453 0.8057359 0.6909003 0.8086659 0.586772 0.8998346 0.4419196 0.2376705 0.585559 -6.98149e-4 0.585956 0.2940347 0.3918361 0.6084455 0.4144866 0.3992412 0.5861484 0.4368636 0.4144866 0.3992412 0.4419196 0.2376705 0.585956 0.2940347 0.4820718 0.8110337 0.3918361 0.6084455 0.5863854 0.6128283 0.5866453 0.8057359 0.4820718 0.8110337 0.5863854 0.6128283 0.585559 -6.98149e-4 0.7410107 0.2469156 0.585956 0.2940347 0.4820718 0.8110337 0.5866453 0.8057359 0.586772 0.8998494 0.5869381 1.023113 0.4820718 0.8110337 0.586772 0.8998494 0.7394436 0.2434132 0.7685335 0.42593 0.5880765 0.4316949 0.793754 0.5841686 0.6904641 0.800236 0.5883082 0.6061161 0.7685335 0.42593 0.793754 0.5841686 0.5883082 0.6061161 0.7394436 0.2434132 0.5878884 0.2901189 0.5877166 0.1608083 0.6904641 0.800236 0.5885622 0.7973316 0.5883082 0.6061161 0.5875004 -0.002028465 0.7394436 0.2434132 0.5877166 0.1608083 0.6904641 0.800236 0.5888484 1.012801 0.5885622 0.7973316 0.5878884 0.2901189 0.4471029 0.2342492 0.5877127 0.1578106 0.4863489 0.8025829 0.3981498 0.6017718 0.5883082 0.6061161 0.420289 0.3944026 0.5880765 0.4316949 0.5883082 0.6061161 0.4471029 0.2342492 0.5878884 0.2901189 0.5880765 0.4316949 0.4471029 0.2342492 0.5875004 -0.002028465 0.5877127 0.1578106 0.5885622 0.7973316 0.4863489 0.8025829 0.5883082 0.6061161 0.5888484 1.012801 0.4863489 0.8025829 0.5885622 0.7973316 0.7801668 0.4204427 0.58741 0.4268082 0.5876124 0.2822751 0.8074275 0.5803247 0.6957817 0.798636 0.5853615 0.6025002 0.8074275 0.5803247 0.5853615 0.6025002 0.58741 0.4268082 0.6957817 0.798636 0.5875377 0.7950679 0.5853615 0.6025002 0.40375 0.3885879 0.58741 0.4268082 0.5853615 0.6025002 0.475154 0.8010074 0.5875377 0.7950679 0.587899 0.9001201 0.475154 0.8010074 0.3798197 0.5981107 0.5853615 0.6025002 0.5875377 0.7950679 0.475154 0.8010074 0.5853615 0.6025002 0.5878471 1.022279 0.475154 0.8010074 0.587899 0.9001201 0.4327329 0.2267713 0.5880383 6.55161e-4 0.5876124 0.2822751 0.40375 0.3885879 0.4327329 0.2267713 0.5876124 0.2822751 0.5880383 6.55161e-4 0.7487235 0.2360304 0.5876124 0.2822751 0.6957817 0.798636 0.5878471 1.022279 0.587899 0.9001201 0.5875377 0.7950679 0.6957817 0.798636 0.587899 0.9001201 1.00046e-4 0.4278706 0.1057749 0.2149991 0.2102898 0.4062477 0.1057749 0.2149991 0.2082299 0.2184784 0.2102898 0.4062477 0.05566447 0.7635857 0.0259028 0.5837686 0.2083508 0.5775617 0.0259028 0.5837686 1.00046e-4 0.4278706 0.2102898 0.4062477 0.3547557 0.7726141 0.2077563 1.007045 0.2081592 0.7184934 0.3146033 0.2126868 0.4048391 0.4105277 0.2102898 0.4062477 0.2082299 0.2184784 0.3146033 0.2126868 0.2102898 0.4062477 0.4048391 0.4105277 0.3821886 0.6148297 0.2083508 0.5775617 0.3821886 0.6148297 0.3547557 0.7726141 0.2081592 0.7184934 0.2079371 -0.003071486 0.3146033 0.2126868 0.207888 0.1160438 0.3146033 0.2126868 0.2082299 0.2184784 0.207888 0.1160438 0.1057749 0.2149991 0.2079371 -0.003071486 0.207888 0.1160438 0.2082299 0.2184784 0.1057749 0.2149991 0.207888 0.1160438 0.2077563 1.007045 0.05566447 0.7635857 0.2081592 0.7184934 0.0259028 0.60935 0.2105268 0.6038341 0.2107192 0.7392941 1.00045e-4 0.4579473 0.1057749 0.2512139 0.2102898 0.4369478 1.00045e-4 0.4579473 0.2102898 0.4369478 0.2105268 0.6038341 0.1057749 0.2512139 0.2100299 0.2539928 0.2102898 0.4369478 0.2100299 0.2539928 0.1057749 0.2512139 0.2099031 0.1647489 0.3547557 0.7927502 0.20754 1.009284 0.2107192 0.7392941 0.4048391 0.4411044 0.3821886 0.6395155 0.2105268 0.6038341 0.3821886 0.6395155 0.3547557 0.7927502 0.2107192 0.7392941 0.3146033 0.2489683 0.4048391 0.4411044 0.2102898 0.4369478 0.2100299 0.2539928 0.3146033 0.2489683 0.2102898 0.4369478 0.20754 1.009284 0.05566447 0.7839822 0.2107192 0.7392941 0.1057749 0.2512139 0.2097371 0.04783117 0.2099031 0.1647489 0.3146033 0.2489683 0.2100299 0.2539928 0.2099031 0.1647348 0.2097371 0.04783117 0.3146033 0.2489683 0.2099031 0.1647348 0.2064597 1.009718 0.05100786 0.7740701 0.2062383 0.8565885 0.05100786 0.7740701 0.02124625 0.5917446 0.2058702 0.5859856 -0.004556536 0.4336718 0.1011183 0.2178308 0.2056332 0.4117472 0.02124625 0.5917446 -0.004556536 0.4336718 0.2056332 0.4117472 0.05100786 0.7740701 0.2060626 0.7274132 0.2062383 0.8565885 0.1011183 0.2178308 0.2053733 0.220732 0.2056332 0.4117472 0.1011183 0.2178308 0.2050805 0.005488038 0.2053733 0.220732 0.3099468 0.2154862 0.4001826 0.4160869 0.2056332 0.4117472 0.2060626 0.7274132 0.3500991 0.7832245 0.2062425 0.859583 0.4001826 0.4160869 0.377532 0.6232389 0.2058702 0.5859856 0.3500991 0.7832245 0.2060626 0.7274132 0.2058702 0.5859856 0.2053733 0.220732 0.3099468 0.2154862 0.2056332 0.4117472 0.2050805 0.005488038 0.3099468 0.2154862 0.2053733 0.220732 0.3500991 0.7832245 0.2064597 1.009718 0.2062425 0.859583 0.2060626 0.7274132 0.05100786 0.7740701 0.2058702 0.5859856 0.2056332 0.4117472 0.4001826 0.4160869 0.2058702 0.5859856 0.0259028 0.5934174 0.2083508 0.587185 0.2081592 0.728695 1.00046e-4 0.4368796 0.1057749 0.2231346 0.2102898 0.4151679 1.00046e-4 0.4368796 0.2102898 0.4151679 0.2083508 0.587185 0.1057749 0.2231346 0.2082299 0.226628 0.2102898 0.4151679 0.3146033 0.2208127 0.4048391 0.4194656 0.2102898 0.4151679 0.2082299 0.226628 0.3146033 0.2208127 0.2102898 0.4151679 0.2079371 0.004168987 0.3146033 0.2208127 0.207888 0.1237731 0.3547557 0.7830379 0.2077563 1.010129 0.2081592 0.728695 0.3146033 0.2208127 0.2082299 0.226628 0.207888 0.1237731 0.3821886 0.624606 0.2083508 0.587185 0.2102898 0.4151679 0.3821886 0.624606 0.3547557 0.7830379 0.2081592 0.728695 0.1057749 0.2231346 0.2079371 0.004168987 0.207888 0.1237731 0.2077563 1.010129 0.05566447 0.7739725 0.2081592 0.728695 0.2082299 0.226628 0.1057749 0.2231346 0.207888 0.1237731 0.0259028 0.60935 0.2105268 0.6038341 0.2107192 0.7392941 1.00045e-4 0.4579473 0.1057749 0.2512139 0.2102898 0.4369478 1.00045e-4 0.4579473 0.2102898 0.4369478 0.2105268 0.6038341 0.1057749 0.2512139 0.2100299 0.2539928 0.2102898 0.4369478 0.2100299 0.2539928 0.1057749 0.2512139 0.2099031 0.1647489 0.3547557 0.7927502 0.20754 1.009284 0.2107192 0.7392941 0.4048391 0.4411044 0.3821886 0.6395155 0.2105268 0.6038341 0.3821886 0.6395155 0.3547557 0.7927502 0.2107192 0.7392941 0.3146033 0.2489683 0.4048391 0.4411044 0.2102898 0.4369478 0.2100299 0.2539928 0.3146033 0.2489683 0.2102898 0.4369478 0.20754 1.009284 0.05566447 0.7839822 0.2107192 0.7392941 0.1057749 0.2512139 0.2097371 0.04783117 0.2099031 0.1647489 0.3146033 0.2489683 0.2100299 0.2539928 0.2099031 0.1647348 0.2097371 0.04783117 0.3146033 0.2489683 0.2099031 0.1647348 0.2064597 1.009718 0.05100786 0.7740701 0.2062383 0.8565885 0.05100786 0.7740701 0.02124625 0.5917446 0.2058702 0.5859856 -0.004556536 0.4336718 0.1011183 0.2178308 0.2056332 0.4117472 0.02124625 0.5917446 -0.004556536 0.4336718 0.2056332 0.4117472 0.05100786 0.7740701 0.2060626 0.7274132 0.2062383 0.8565885 0.1011183 0.2178308 0.2053733 0.220732 0.2056332 0.4117472 0.1011183 0.2178308 0.2050805 0.005488038 0.2053733 0.220732 0.3099468 0.2154862 0.4001826 0.4160869 0.2056332 0.4117472 0.2060626 0.7274132 0.3500991 0.7832245 0.2062425 0.859583 0.4001826 0.4160869 0.377532 0.6232389 0.2058702 0.5859856 0.3500991 0.7832245 0.2060626 0.7274132 0.2058702 0.5859856 0.2053733 0.220732 0.3099468 0.2154862 0.2056332 0.4117472 0.2050805 0.005488038 0.3099468 0.2154862 0.2053733 0.220732 0.3500991 0.7832245 0.2064597 1.009718 0.2062425 0.859583 0.2060626 0.7274132 0.05100786 0.7740701 0.2058702 0.5859856 0.2056332 0.4117472 0.4001826 0.4160869 0.2058702 0.5859856 0.0259028 0.5934174 0.2083508 0.587185 0.2081592 0.728695 1.00046e-4 0.4368796 0.1057749 0.2231346 0.2102898 0.4151679 1.00046e-4 0.4368796 0.2102898 0.4151679 0.2083508 0.587185 0.1057749 0.2231346 0.2082299 0.226628 0.2102898 0.4151679 0.3146033 0.2208127 0.4048391 0.4194656 0.2102898 0.4151679 0.2082299 0.226628 0.3146033 0.2208127 0.2102898 0.4151679 0.2079371 0.004168987 0.3146033 0.2208127 0.207888 0.1237731 0.3547557 0.7830379 0.2077563 1.010129 0.2081592 0.728695 0.3146033 0.2208127 0.2082299 0.226628 0.207888 0.1237731 0.3821886 0.624606 0.2083508 0.587185 0.2102898 0.4151679 0.3821886 0.624606 0.3547557 0.7830379 0.2081592 0.728695 0.1057749 0.2231346 0.2079371 0.004168987 0.207888 0.1237731 0.2077563 1.010129 0.05566447 0.7739725 0.2081592 0.728695 0.2082299 0.226628 0.1057749 0.2231346 0.207888 0.1237731 0.7707723 0.4310476 0.5861484 0.4368636 0.585956 0.2940347 0.7965752 0.5906865 0.6909003 0.8086659 0.5863854 0.6128283 0.7965752 0.5906865 0.5863854 0.6128283 0.5861484 0.4368636 0.6909003 0.8086659 0.5866453 0.8057359 0.5863854 0.6128283 0.6909003 0.8086659 0.5869381 1.023113 0.586772 0.8998346 0.5866453 0.8057359 0.6909003 0.8086659 0.586772 0.8998346 0.4419196 0.2376705 0.585559 -6.98149e-4 0.585956 0.2940347 0.3918361 0.6084455 0.4144866 0.3992412 0.5861484 0.4368636 0.4144866 0.3992412 0.4419196 0.2376705 0.585956 0.2940347 0.4820718 0.8110337 0.3918361 0.6084455 0.5863854 0.6128283 0.5866453 0.8057359 0.4820718 0.8110337 0.5863854 0.6128283 0.585559 -6.98149e-4 0.7410107 0.2469156 0.585956 0.2940347 0.4820718 0.8110337 0.5866453 0.8057359 0.586772 0.8998494 0.5869381 1.023113 0.4820718 0.8110337 0.586772 0.8998494 0.0259028 0.60935 0.2105268 0.6038341 0.2107192 0.7392941 1.00045e-4 0.4579473 0.1057749 0.2512139 0.2102898 0.4369478 1.00045e-4 0.4579473 0.2102898 0.4369478 0.2105268 0.6038341 0.1057749 0.2512139 0.2100299 0.2539928 0.2102898 0.4369478 0.2100299 0.2539928 0.1057749 0.2512139 0.2099031 0.1647489 0.3547557 0.7927502 0.20754 1.009284 0.2107192 0.7392941 0.4048391 0.4411044 0.3821886 0.6395155 0.2105268 0.6038341 0.3821886 0.6395155 0.3547557 0.7927502 0.2107192 0.7392941 0.3146033 0.2489683 0.4048391 0.4411044 0.2102898 0.4369478 0.2100299 0.2539928 0.3146033 0.2489683 0.2102898 0.4369478 0.20754 1.009284 0.05566447 0.7839822 0.2107192 0.7392941 0.1057749 0.2512139 0.2097371 0.04783117 0.2099031 0.1647489 0.3146033 0.2489683 0.2100299 0.2539928 0.2099031 0.1647348 0.2097371 0.04783117 0.3146033 0.2489683 0.2099031 0.1647348 0.7488928 0.8964045 0.7488928 0.9924525 0.9588904 0.9924525 0.9588904 0.8005152 0.7488928 0.8005154 0.7488928 0.8965634 0.9588904 0.8964046 0.7488928 0.8964046 0.7488928 0.9924525 0.7488928 0.8965634 0.7488927 0.9926113 0.9588904 0.9926113 0.7488928 0.8003565 0.7488928 0.8964046 0.9588904 0.8964046 0.9588904 0.8005152 0.7488927 0.8005153 0.7488928 0.8965634 0.9588904 0.8965633 0.7488928 0.8965634 0.7488928 0.9926114 0.9588904 0.8003565 0.7488929 0.8003565 0.7488928 0.8964045 0.7488928 0.8964045 0.7488928 0.9924525 0.9588904 0.9924525 0.9588904 0.8005152 0.7488928 0.8005154 0.7488928 0.8965634 0.7488928 0.8964046 0.7488928 0.9924525 0.9588904 0.9924525 0.7488928 0.8965634 0.7488927 0.9926113 0.9588904 0.9926113 0.7488928 0.8003565 0.7488928 0.8964046 0.9588904 0.8964046 0.7488927 0.8005153 0.7488928 0.8965634 0.9588904 0.8965633 0.9588904 0.8965633 0.7488928 0.8965634 0.7488928 0.9926114 0.7488929 0.8003565 0.7488928 0.8964045 0.9588904 0.8964046 0.2104863 0.02668696 0.2184149 0.0269671 0.2076432 0.2419647 0.1954638 0.02704226 0.2033904 0.02671021 0.2076432 0.2419647 0.2033904 0.02671021 0.2104863 0.02668696 0.2076432 0.2419647 0.1363535 -4.009403 0.2619884 -4.009403 0.1302452 -3.233017 0.4998179 -4.009403 0.6176503 -4.009403 0.4992127 -3.233017 8.06485e-6 -4.009403 0.1363535 -4.009403 8.06485e-6 -3.233017 0.4998179 -4.009403 0.4992127 -3.233017 0.3820437 -4.009403 8.06485e-6 -3.233017 0.1302452 -3.233017 8.06485e-6 3.253592 1.000004 -4.009403 0.8635042 -4.009403 1.000004 -4.371979 0.3820437 -4.009403 0.2619884 -4.009403 0.3695562 -4.371979 0.7378053 -4.009403 0.6176503 -4.009403 0.7557438 -4.371979 0.2619884 -4.009403 0.1363535 -4.009403 0.2420017 -4.371979 0.6176503 -4.009403 0.4998179 -4.009403 0.6275621 -4.371979 0.1363535 -4.009403 8.06485e-6 -4.009403 0.1174625 -4.371979 0.4998179 -4.009403 0.3820437 -4.009403 0.4984665 -4.371979 0.8635042 -4.009403 0.7378053 -4.009403 0.8815516 -4.371979 0.6176503 -4.009403 0.7378053 -4.009403 0.626801 -3.233017 0.4992127 -3.233017 0.626801 -3.233017 0.5022577 3.253592 0.2520809 3.253592 0.5022577 3.253592 0.5217537 6.404536 0.5022577 3.253592 0.7526181 3.253592 0.569208 6.402722 0.4688402 6.409304 8.06485e-6 3.253592 0.5217537 6.404536 1.000004 -4.009403 1.000004 -3.233017 0.8635042 -4.009403 0.3821886 0.6148297 0.4048391 0.4105277 0.2083508 0.5775617 0.3547557 0.7726141 0.3821886 0.6148297 0.2081592 0.7184934 0.0259028 0.5837686 0.05566447 0.7635857 0.2083508 0.5775617 0.0259028 0.5837686 0.2083508 0.5775617 1.00046e-4 0.4278706 0.4139045 0.3946112 0.391254 0.6025027 0.5877423 0.432534 0.4413374 0.2340546 0.4139045 0.3946112 0.5879338 0.2891263 0.7701902 0.426218 0.7404286 0.2432416 0.5877423 0.432534 0.7959931 0.5848551 0.7701902 0.426218 0.5858033 0.606858 0.5879338 0.2891263 0.7404286 0.2432416 0.5877423 0.432534 0.5877423 0.432534 0.7701902 0.426218 0.5858033 0.606858 0.5858033 0.606858 0.391254 0.6025027 0.5877423 0.432534 0.5877423 0.432534 0.4139045 0.3946112 0.5879338 0.2891263 0.7410107 0.2469156 0.7707723 0.4310476 0.585956 0.2940347 0.7707723 0.4310476 0.7965752 0.5906865 0.5861484 0.4368636 0.5863854 0.6128283 0.3918361 0.6084455 0.5861484 0.4368636 0.5861484 0.4368636 0.4144866 0.3992412 0.585956 0.2940347 0.5878884 0.2901189 0.7394436 0.2434132 0.5880765 0.4316949 0.5880765 0.4316949 0.7685335 0.42593 0.5883082 0.6061161 0.3981498 0.6017718 0.420289 0.3944026 0.5883082 0.6061161 0.420289 0.3944026 0.4471029 0.2342492 0.5880765 0.4316949 0.7487235 0.2360304 0.7801668 0.4204427 0.5876124 0.2822751 0.7801668 0.4204427 0.8074275 0.5803247 0.58741 0.4268082 0.3798197 0.5981107 0.40375 0.3885879 0.5853615 0.6025002 0.58741 0.4268082 0.40375 0.3885879 0.5876124 0.2822751 0.2081592 0.7184934 0.05566447 0.7635857 0.2083508 0.5775617 0.2083508 0.5775617 0.0259028 0.5837686 0.2102898 0.4062477 0.2102898 0.4062477 0.4048391 0.4105277 0.2083508 0.5775617 0.2083508 0.5775617 0.3821886 0.6148297 0.2081592 0.7184934 0.05566447 0.7839822 0.0259028 0.60935 0.2107192 0.7392941 0.0259028 0.60935 1.00045e-4 0.4579473 0.2105268 0.6038341 0.2102898 0.4369478 0.4048391 0.4411044 0.2105268 0.6038341 0.2105268 0.6038341 0.3821886 0.6395155 0.2107192 0.7392941 0.2058702 0.5859856 0.02124625 0.5917446 0.2056332 0.4117472 0.377532 0.6232389 0.3500991 0.7832245 0.2058702 0.5859856 0.05566447 0.7739725 0.0259028 0.5934174 0.2081592 0.728695 0.0259028 0.5934174 1.00046e-4 0.4368796 0.2083508 0.587185 0.4048391 0.4194656 0.3821886 0.624606 0.2102898 0.4151679 0.2083508 0.587185 0.3821886 0.624606 0.2081592 0.728695 0.05566447 0.7839822 0.0259028 0.60935 0.2107192 0.7392941 0.0259028 0.60935 1.00045e-4 0.4579473 0.2105268 0.6038341 0.2102898 0.4369478 0.4048391 0.4411044 0.2105268 0.6038341 0.2105268 0.6038341 0.3821886 0.6395155 0.2107192 0.7392941 0.2058702 0.5859856 0.02124625 0.5917446 0.2056332 0.4117472 0.377532 0.6232389 0.3500991 0.7832245 0.2058702 0.5859856 0.05566447 0.7739725 0.0259028 0.5934174 0.2081592 0.728695 0.0259028 0.5934174 1.00046e-4 0.4368796 0.2083508 0.587185 0.4048391 0.4194656 0.3821886 0.624606 0.2102898 0.4151679 0.2083508 0.587185 0.3821886 0.624606 0.2081592 0.728695 0.7410107 0.2469156 0.7707723 0.4310476 0.585956 0.2940347 0.7707723 0.4310476 0.7965752 0.5906865 0.5861484 0.4368636 0.5863854 0.6128283 0.3918361 0.6084455 0.5861484 0.4368636 0.5861484 0.4368636 0.4144866 0.3992412 0.585956 0.2940347 0.05566447 0.7839822 0.0259028 0.60935 0.2107192 0.7392941 0.0259028 0.60935 1.00045e-4 0.4579473 0.2105268 0.6038341 0.2102898 0.4369478 0.4048391 0.4411044 0.2105268 0.6038341 0.2105268 0.6038341 0.3821886 0.6395155 0.2107192 0.7392941 0.9588904 0.8964046 0.7488928 0.8964045 0.9588904 0.9924525 0.9588904 0.8965633 0.9588904 0.8005152 0.7488928 0.8965634 0.9588904 0.9924525 0.9588904 0.8964046 0.7488928 0.9924525 0.9588904 0.8965633 0.7488928 0.8965634 0.9588904 0.9926113 0.9588904 0.8003565 0.7488928 0.8003565 0.9588904 0.8964046 0.9588904 0.8965633 0.9588904 0.8005152 0.7488928 0.8965634 0.9588904 0.9926114 0.9588904 0.8965633 0.7488928 0.9926114 0.9588904 0.8964046 0.9588904 0.8003565 0.7488928 0.8964045 0.9588904 0.8964046 0.7488928 0.8964045 0.9588904 0.9924525 0.9588904 0.8965633 0.9588904 0.8005152 0.7488928 0.8965634 0.9588904 0.8964046 0.7488928 0.8964046 0.9588904 0.9924525 0.9588904 0.8965633 0.7488928 0.8965634 0.9588904 0.9926113 0.9588904 0.8003565 0.7488928 0.8003565 0.9588904 0.8964046 0.9588904 0.8005152 0.7488927 0.8005153 0.9588904 0.8965633 0.9588904 0.9926114 0.9588904 0.8965633 0.7488928 0.9926114 0.9588904 0.8003565 0.7488929 0.8003565 0.9588904 0.8964046</float_array>
          <technique_common>
            <accessor source="#tree_oak_bush_a200-mesh-map-0-array" count="1146" stride="2">
              <param name="S" type="float"/>
              <param name="T" type="float"/>
            </accessor>
          </technique_common>
        </source>
        <source id="tree_oak_bush_a200-mesh-colors-Col" name="Col">
          <float_array id="tree_oak_bush_a200-mesh-colors-Col-array" count="3438">0 0 0 0 0 0 0 0 0 0 0 0 0 0 0 0 0 0 0 0 0 0 0 0 0 0 0 0 0 0 0 0 0 0 0 0 0 0 0 0 0 0 0 0 0 0 0 0 0 0 0 0 0 0 0 0 0 0 0 0 0 0 0 0 0 0 0 0 0 0 0 0 0 0 0 0 0 0 0 0 0 0 0 0 0 0 0 0 0 0 0 0 0 0 0 0 0 0 0 0 0 0 0 0 0 0 0 0 0 0 0 0 0 0 0 0 0 0 0 0 0 0 0 0 0 0 0 0 0 0 0 0 0 0 0 0 0 0 0 0 0 0 0 0 0 0 0 0 0 0 0 0 0 0 0 0 0 0 0 0 0 0 0 0 0 0 0 0 0 0 0 0 0 0 0 0 0 0 0 0 0 0 0 0 0 0 0 0 0 0 0 0 0 0 0 0 0 0 0 0 0 0 0 0 0 0 0 0 0 0 0 0 0 0 0 0 0 0 0 0 0 0 0 0 0 0 0 0 0 0 0 0 0 0 0 0 0 0 0 0 0 0 0 0 0 0 0 0 0 0 0 0 0.2470588 0.2627451 0.5529412 0.5450981 0.7921569 1 0.4588235 0.3843137 0.2078431 0.5450981 0.7921569 1 0.7098039 0.682353 1 0.4588235 0.3843137 0.2078431 0.4313725 0.3490196 1 0.2588235 0.1254902 0.3686274 0.4588235 0.3843137 0.2078431 0.7098039 0.682353 1 0.4313725 0.3490196 1 0.4588235 0.3843137 0.2078431 0.4588235 0.3843137 0.2078431 0.2588235 0.1254902 0.3686274 0.02745097 0 0 0.2470588 0.2627451 0.5529412 0.4588235 0.3843137 0.2078431 0.02745097 0 0 0.2470588 0.2627451 0.5529412 0.5450981 0.7921569 1 0.4588235 0.3843137 0.2078431 0.5450981 0.7921569 1 0.7098039 0.682353 1 0.4588235 0.3843137 0.2078431 0.4313725 0.3490196 1 0.2588235 0.1254902 0.3686274 0.4588235 0.3843137 0.2078431 0.7098039 0.682353 1 0.4313725 0.3490196 1 0.4588235 0.3843137 0.2078431 0.4588235 0.3843137 0.2078431 0.2588235 0.1254902 0.3686274 0.02745097 0 0 0.2470588 0.2627451 0.5529412 0.4588235 0.3843137 0.2078431 0.02745097 0 0 0.2470588 0.2627451 0.5529412 0.5450981 0.7921569 1 0.4588235 0.3843137 0.2078431 0.5450981 0.7921569 1 0.7098039 0.682353 1 0.4588235 0.3843137 0.2078431 0.4313725 0.3490196 1 0.2588235 0.1254902 0.3686274 0.4588235 0.3843137 0.2078431 0.7098039 0.682353 1 0.4313725 0.3490196 1 0.4588235 0.3843137 0.2078431 0.4588235 0.3843137 0.2078431 0.2588235 0.1254902 0.3686274 0.02745097 0 0 0.2470588 0.2627451 0.5529412 0.4588235 0.3843137 0.2078431 0.02745097 0 0 0.2470588 0.2627451 0.5529412 0.5450981 0.7921569 1 0.4588235 0.3843137 0.2078431 0.5450981 0.7921569 1 0.7098039 0.682353 1 0.4588235 0.3843137 0.2078431 0.4313725 0.3490196 1 0.2588235 0.1254902 0.3686274 0.4588235 0.3843137 0.2078431 0.7098039 0.682353 1 0.4313725 0.3490196 1 0.4588235 0.3843137 0.2078431 0.4588235 0.3843137 0.2078431 0.2588235 0.1254902 0.3686274 0.02745097 0 0 0.2470588 0.2627451 0.5529412 0.4588235 0.3843137 0.2078431 0.02745097 0 0 0.2470588 0.2627451 0.5529412 0.5450981 0.7921569 1 0.4588235 0.3843137 0.2078431 0.5450981 0.7921569 1 0.7098039 0.682353 1 0.4588235 0.3843137 0.2078431 0.4313725 0.3490196 1 0.2588235 0.1254902 0.3686274 0.4588235 0.3843137 0.2078431 0.7098039 0.682353 1 0.4313725 0.3490196 1 0.4588235 0.3843137 0.2078431 0.4588235 0.3843137 0.2078431 0.2588235 0.1254902 0.3686274 0.02745097 0 0 0.2470588 0.2627451 0.5529412 0.4588235 0.3843137 0.2078431 0.02745097 0 0 0.06666666 0.3411765 0 0.8588235 0.5647059 0 0.3098039 0.3882353 1 0.06274509 0.3686274 0 0.8588235 0.5647059 0 0.06666666 0.3411765 0 0.3098039 0.3882353 1 0.8588235 0.5647059 0 1 0.9215686 0 0.8784314 0.5019608 1 1 0.9215686 0 1 0.9215686 0 0.05882352 0.3529412 0 0.03137254 0.254902 0 0 0.2156863 0 1 1 1 1 0.9215686 0 1 0.9215686 0 0.06274509 0.3686274 0 0.03137254 0.254902 0 0.05882352 0.3529412 0 1 0.9215686 0 0.8588235 0.5647059 0 0.8941177 0.9843137 1 0.8941177 0.9843137 1 0.8588235 0.5647059 0 0.05882352 0.3529412 0 1 1 1 1 0.9215686 0 1 1 1 0.05882352 0.3529412 0 0.8588235 0.5647059 0 0.06274509 0.3686274 0 1 0.6588236 1 1 0.9215686 0 1 1 1 0 0.2156863 0 0.03137254 0.254902 0 0.06666666 0.3411765 0 0.06666666 0.3411765 0 0.03137254 0.254902 0 0.06274509 0.3686274 0 0.06666666 0.3411765 0 0.8588235 0.5882353 0 0.3098039 0.3882353 1 0.06274509 0.372549 0 0.8588235 0.5882353 0 0.06666666 0.3411765 0 0.3098039 0.3882353 1 0.8588235 0.5882353 0 1 0.9215686 0 0.8784314 0.5254902 1 1 0.9215686 0 1 0.9215686 0 0.05882352 0.3529412 0 0.03137254 0.254902 0 0 0.2156863 0 1 1 1 1 0.9215686 0 1 0.9215686 0 0.06274509 0.3686274 0 0.03137254 0.254902 0 0.05882352 0.3529412 0 1 1 1 1 0.9215686 0 0.8588235 0.5882353 0 0.8941177 1 1 0.8588235 0.5882353 0 0.05882352 0.3568627 0 1 1 1 1 0.9215686 0 1 1 1 0.05882352 0.3568627 0 0.8588235 0.5882353 0 0.06274509 0.372549 0 1 0.7254902 1 1 0.9215686 0 1 1 1 0 0.2156863 0 0.03137254 0.254902 0 0.06666666 0.3411765 0 0.06666666 0.3411765 0 0.03137254 0.2588235 0 0.06274509 0.372549 0 0.8941177 1 1 0.05882352 0.509804 0 0.8588235 0.6352941 0 0.05882352 0.509804 0 0.06274509 0.5333334 0 0.8588235 0.6352941 0 1 1 1 1 1 1 1 0.9215686 0 1 1 1 0.8941177 1 1 0.8588235 0.6352941 0 1 0.7372549 1 1 1 1 1 0.9215686 0 0.06666666 0.4196078 0 0.3098039 0.4666666 1 0.8588235 0.6352941 0 0.06274509 0.5333334 0 0.06666666 0.4196078 0 0.8588235 0.6352941 0 0.3098039 0.4588235 1 0.8784314 0.5803922 1 1 0.9215686 0 0.8784314 0.5803922 1 1 0.7372549 1 1 0.9215686 0 0 0.2705882 0 0.06666666 0.4196078 0 0.03137254 0.345098 0 0.06666666 0.4196078 0 0.06274509 0.5333334 0 0.03137254 0.345098 0 0.05882352 0.3529412 0 0 0.2156863 0 0.03137254 0.254902 0 0.06274509 0.5333334 0 0.05882352 0.509804 0 0.03137254 0.345098 0 1 1 1 1 1 1 1 0.9215686 0 1 1 1 1 0.9215686 0 1 0.9215686 0 0.8941177 1 1 0.05882352 0.5058824 0 0.8588235 0.6627451 0 0.8941177 1 1 0.8588235 0.6627451 0 1 0.9215686 0 0.05882352 0.5058824 0 0.06274509 0.5176471 0 0.8588235 0.6627451 0 0.05882352 0.3529412 0 0 0.2156863 0 0.03529411 0.3019608 0 0.06274509 0.5176471 0 0.05882352 0.5058824 0 0.03529411 0.4078431 0 1 0.7411765 1 1 1 1 1 0.9215686 0 0.3098039 0.3882353 1 0.8784314 0.5019608 1 1 0.9215686 0 0.8784314 0.5019608 1 1 0.7372549 1 1 0.9215686 0 0.06666666 0.4784314 0 0.3098039 0.3882353 1 0.8588235 0.6627451 0 0.06274509 0.5176471 0 0.06666666 0.4784314 0 0.8588235 0.6627451 0 1 1 1 1 1 1 1 0.9215686 0 0.06666666 0.4784314 0 0.06274509 0.5176471 0 0.03529411 0.4078431 0 0 0.3568627 0 0.06666666 0.4784314 0 0.03529411 0.4078431 0 1 1 1 1 1 1 1 0.9215686 0 0.8941177 1 1 0.05882352 0.3568627 0 0.8588235 0.6431373 0 1 1 1 0.8941177 1 1 0.8588235 0.6431373 0 1 1 1 1 0.9215686 0 1 0.9215686 0 0.05882352 0.3568627 0 0.06274509 0.3686274 0 0.8588235 0.6431373 0 1 1 1 1 1 1 1 0.9215686 0 0.05882352 0.3568627 0 0 0.2156863 0 0.06274509 0.3686274 0 1 0.9215686 0 1 0.6941177 1 1 0.9215686 0 0.06666666 0.3411765 0 0.3098039 0.4156863 1 0.8588235 0.6431373 0 0.8784314 0.5803922 1 1 0.9215686 0 0.8588235 0.6431373 0 1 0.6862745 1 1 0.9215686 0 1 0.9215686 0 1 0.6941177 1 1 1 1 1 0.9215686 0 0.06274509 0.3686274 0 0.06666666 0.3411765 0 0.8588235 0.6431373 0 0 0.2156863 0 0.06666666 0.3411765 0 0.06274509 0.3686274 0 1 1 1 1 0.9254902 0 1 0.9215686 0 0.8941177 1 1 0.05882352 0.4431372 0 0.8588235 0.6470589 0 0.8941177 1 1 0.8588235 0.6470589 0 1 0.9254902 0 0.05882352 0.4431372 0 0.06274509 0.4549019 0 0.8588235 0.6470589 0 0.8784314 0.5764706 1 1 0.9254902 0 0.8588235 0.6470589 0 0.06666666 0.4196078 0 0.06274509 0.4549019 0 0.03137254 0.2627451 0 0.06666666 0.4196078 0 0.3098039 0.4666666 1 0.8588235 0.6470589 0 0.06274509 0.4549019 0 0.06666666 0.4196078 0 0.8588235 0.6470589 0 0 0.2156863 0 0.06666666 0.4196078 0 0.03137254 0.2627451 0 1 0.8156863 1 1 1 1 1 0.9215686 0 0.8784314 0.5725491 1 1 0.8156863 1 1 0.9215686 0 1 1 1 1 1 1 1 0.9215686 0 0.05882352 0.4431372 0 0 0.2156863 0 0.03137254 0.2627451 0 0.06274509 0.4549019 0 0.05882352 0.4431372 0 0.03137254 0.2627451 0 0.8941177 0.9843137 1 0.05882352 0.3529412 0 0.8588235 0.5647059 0 0.05882352 0.3529412 0 0.06274509 0.3686274 0 0.8588235 0.5647059 0 1 1 1 1 1 1 1 0.9215686 0 1 1 1 0.8941177 0.9843137 1 0.8588235 0.5647059 0 1 0.6588236 1 1 1 1 1 0.9215686 0 0.06666666 0.3411765 0 0.3098039 0.3882353 1 0.8588235 0.5647059 0 0.06274509 0.3686274 0 0.06666666 0.3411765 0 0.8588235 0.5647059 0 0.3098039 0.3882353 1 0.8784314 0.5019608 1 1 0.9215686 0 0.8784314 0.5019608 1 1 0.6588236 1 1 0.9215686 0 0 0.2156863 0 0.06666666 0.3411765 0 0.03137254 0.254902 0 0.06666666 0.3411765 0 0.06274509 0.3686274 0 0.03137254 0.254902 0 0.05882352 0.3529412 0 0 0.2156863 0 0.03137254 0.254902 0 0.06274509 0.3686274 0 0.05882352 0.3529412 0 0.03137254 0.254902 0 1 1 1 1 1 1 1 0.9215686 0 1 1 1 1 0.9254902 0 1 0.9215686 0 0.8941177 0.9843137 1 0.05882352 0.3529412 0 0.8588235 0.5647059 0 0.8941177 0.9843137 1 0.8588235 0.5647059 0 1 0.9254902 0 0.05882352 0.3529412 0 0.06274509 0.3686274 0 0.8588235 0.5647059 0 0.06274509 0.3686274 0 0.05882352 0.3529412 0 0.03529411 0.3019608 0 1 0.6588236 1 1 1 1 1 0.9215686 0 0.3098039 0.3882353 1 0.8784314 0.5019608 1 1 0.9254902 0 0.8784314 0.5019608 1 1 0.6588236 1 1 0.9215686 0 0.06666666 0.3411765 0 0.3098039 0.3882353 1 0.8588235 0.5647059 0 0.06274509 0.3686274 0 0.06666666 0.3411765 0 0.8588235 0.5647059 0 1 1 1 1 1 1 1 0.9215686 0 0.05882352 0.3529412 0 0 0.2156863 0 0.03529411 0.3019608 0 0.06666666 0.3411765 0 0.06274509 0.3686274 0 0.03529411 0.3019608 0 0 0.2156863 0 0.06666666 0.3411765 0 0.03529411 0.3019608 0 1 1 1 1 1 1 1 0.9215686 0 1 1 1 1 1 1 1 0.9254902 0 0.8941177 0.9843137 1 0.05882352 0.3529412 0 0.8588235 0.5647059 0 1 1 1 0.8941177 0.9843137 1 0.8588235 0.5647059 0 1 1 1 1 0.9215686 0 1 0.9215686 0 0.05882352 0.3529412 0 0.06274509 0.3686274 0 0.8588235 0.5647059 0 0.05882352 0.3529412 0 0 0.2156863 0 0.06274509 0.3686274 0 0.06666666 0.3411765 0 0.3098039 0.3882353 1 0.8588235 0.5647059 0 1 0.9215686 0 1 0.6588236 1 1 0.9215686 0 0.3098039 0.3882353 1 0.8784314 0.5019608 1 1 0.9254902 0 1 0.6588236 1 1 0.9215686 0 1 0.9254902 0 0.06274509 0.3686274 0 0.06666666 0.3411765 0 0.8588235 0.5647059 0 0 0.2156863 0 0.06666666 0.3411765 0 0.06274509 0.3686274 0 1 0.6588236 1 1 1 1 1 0.9215686 0 1 0.9215686 0 1 1 1 1 0.9254902 0 0.8588235 0.5647059 0 0.3098039 0.3882353 1 1 0.9254902 0 1 1 1 1 0.9215686 0 1 0.9215686 0 0.8941177 0.9843137 1 0.05882352 0.3529412 0 0.8588235 0.5647059 0 0.8941177 0.9843137 1 0.8588235 0.5647059 0 1 0.9215686 0 0.05882352 0.3529412 0 0.06274509 0.3686274 0 0.8588235 0.5647059 0 0.06666666 0.3411765 0 0.3098039 0.3882353 1 0.8588235 0.5647059 0 0.06274509 0.3686274 0 0.06666666 0.3411765 0 0.8588235 0.5647059 0 0 0.2156863 0 0.06666666 0.3411765 0 0.03137254 0.254902 0 1 0.6588236 1 1 1 1 1 0.9215686 0 0.06666666 0.3411765 0 0.06274509 0.3686274 0 0.03137254 0.254902 0 0.8784314 0.5019608 1 1 0.9215686 0 0.8588235 0.5647059 0 0.8784314 0.5019608 1 1 0.6588236 1 1 0.9215686 0 0.05882352 0.3529412 0 0 0.2156863 0 0.03137254 0.254902 0 1 1 1 1 1 1 1 0.9215686 0 0.06274509 0.3686274 0 0.05882352 0.3529412 0 0.03137254 0.254902 0 1 1 1 1 0.9254902 0 1 0.9215686 0 0.8941177 0.9843137 1 0.05882352 0.3529412 0 0.8588235 0.5647059 0 0.8941177 0.9843137 1 0.8588235 0.5647059 0 1 0.9254902 0 0.05882352 0.3529412 0 0.06274509 0.3686274 0 0.8588235 0.5647059 0 0.06274509 0.3686274 0 0.05882352 0.3529412 0 0.03529411 0.3019608 0 1 0.6588236 1 1 1 1 1 0.9215686 0 0.3098039 0.3882353 1 0.8784314 0.5019608 1 1 0.9254902 0 0.8784314 0.5019608 1 1 0.6588236 1 1 0.9215686 0 0.06666666 0.3411765 0 0.3098039 0.3882353 1 0.8588235 0.5647059 0 0.06274509 0.3686274 0 0.06666666 0.3411765 0 0.8588235 0.5647059 0 1 1 1 1 1 1 1 0.9215686 0 0.05882352 0.3529412 0 0 0.2156863 0 0.03529411 0.3019608 0 0.06666666 0.3411765 0 0.06274509 0.3686274 0 0.03529411 0.3019608 0 0 0.2156863 0 0.06666666 0.3411765 0 0.03529411 0.3019608 0 1 1 1 1 1 1 1 0.9215686 0 1 1 1 1 1 1 1 0.9254902 0 0.8941177 0.9843137 1 0.05882352 0.3529412 0 0.8588235 0.5647059 0 1 1 1 0.8941177 0.9843137 1 0.8588235 0.5647059 0 1 1 1 1 0.9215686 0 1 0.9215686 0 0.05882352 0.3529412 0 0.06274509 0.3686274 0 0.8588235 0.5647059 0 0.05882352 0.3529412 0 0 0.2156863 0 0.06274509 0.3686274 0 0.06666666 0.3411765 0 0.3098039 0.3882353 1 0.8588235 0.5647059 0 1 0.9215686 0 1 0.6588236 1 1 0.9215686 0 0.3098039 0.3882353 1 0.8784314 0.5019608 1 1 0.9254902 0 1 0.6588236 1 1 0.9215686 0 1 0.9254902 0 0.06274509 0.3686274 0 0.06666666 0.3411765 0 0.8588235 0.5647059 0 0 0.2156863 0 0.06666666 0.3411765 0 0.06274509 0.3686274 0 1 0.6588236 1 1 1 1 1 0.9215686 0 1 0.9215686 0 1 1 1 1 0.9254902 0 0.8588235 0.5647059 0 0.3098039 0.3882353 1 1 0.9254902 0 1 1 1 1 0.9215686 0 1 0.9215686 0 0.8941177 0.9843137 1 0.05882352 0.3529412 0 0.8588235 0.5647059 0 0.8941177 0.9843137 1 0.8588235 0.5647059 0 1 0.9215686 0 0.05882352 0.3529412 0 0.06274509 0.3686274 0 0.8588235 0.5647059 0 0.06666666 0.3411765 0 0.3098039 0.3882353 1 0.8588235 0.5647059 0 0.06274509 0.3686274 0 0.06666666 0.3411765 0 0.8588235 0.5647059 0 0 0.2156863 0 0.06666666 0.3411765 0 0.03137254 0.254902 0 1 0.6588236 1 1 1 1 1 0.9215686 0 0.06666666 0.3411765 0 0.06274509 0.3686274 0 0.03137254 0.254902 0 0.8784314 0.5019608 1 1 0.9215686 0 0.8588235 0.5647059 0 0.8784314 0.5019608 1 1 0.6588236 1 1 0.9215686 0 0.05882352 0.3529412 0 0 0.2156863 0 0.03137254 0.254902 0 1 1 1 1 1 1 1 0.9215686 0 0.06274509 0.3686274 0 0.05882352 0.3529412 0 0.03137254 0.254902 0 1 1 1 1 0.9215686 0 1 0.9215686 0 0.8941177 1 1 0.05882352 0.5058824 0 0.8588235 0.6627451 0 0.8941177 1 1 0.8588235 0.6627451 0 1 0.9215686 0 0.05882352 0.5058824 0 0.06274509 0.5176471 0 0.8588235 0.6627451 0 0.05882352 0.3529412 0 0 0.2156863 0 0.03529411 0.3019608 0 0.06274509 0.5176471 0 0.05882352 0.5058824 0 0.03529411 0.4078431 0 1 0.7411765 1 1 1 1 1 0.9215686 0 0.3098039 0.3882353 1 0.8784314 0.5019608 1 1 0.9215686 0 0.8784314 0.5019608 1 1 0.7372549 1 1 0.9215686 0 0.06666666 0.4784314 0 0.3098039 0.3882353 1 0.8588235 0.6627451 0 0.06274509 0.5176471 0 0.06666666 0.4784314 0 0.8588235 0.6627451 0 1 1 1 1 1 1 1 0.9215686 0 0.06666666 0.4784314 0 0.06274509 0.5176471 0 0.03529411 0.4078431 0 0 0.3568627 0 0.06666666 0.4784314 0 0.03529411 0.4078431 0 1 1 1 1 0.9254902 0 1 0.9215686 0 0.8941177 0.9843137 1 0.05882352 0.3529412 0 0.8588235 0.5647059 0 0.8941177 0.9843137 1 0.8588235 0.5647059 0 1 0.9254902 0 0.05882352 0.3529412 0 0.06274509 0.3686274 0 0.8588235 0.5647059 0 0.06274509 0.3686274 0 0.05882352 0.3529412 0 0.03529411 0.3019608 0 1 0.6588236 1 1 1 1 1 0.9215686 0 0.3098039 0.3882353 1 0.8784314 0.5019608 1 1 0.9254902 0 0.8784314 0.5019608 1 1 0.6588236 1 1 0.9215686 0 0.06666666 0.3411765 0 0.3098039 0.3882353 1 0.8588235 0.5647059 0 0.06274509 0.3686274 0 0.06666666 0.3411765 0 0.8588235 0.5647059 0 1 1 1 1 1 1 1 0.9215686 0 0.05882352 0.3529412 0 0 0.2156863 0 0.03529411 0.3019608 0 0.06666666 0.3411765 0 0.06274509 0.3686274 0 0.03529411 0.3019608 0 0 0.2156863 0 0.06666666 0.3411765 0 0.03529411 0.3019608 0 0 0 0 0 0 0 0 0 0 0 0 0 0 0 0 0 0 0 0 0 0 0 0 0 0 0 0 0 0 0 0 0 0 0 0 0 0 0 0 0 0 0 0 0 0 0 0 0 0 0 0 0 0 0 0 0 0 0 0 0 0 0 0 0 0 0 0 0 0 0 0 0 0 0 0 0 0 0 0 0 0 0 0 0 0 0 0 0 0 0 0 0 0 0 0 0 0 0 0 0 0 0 0 0 0 0 0 0 0 0 0 0 0 0 0 0 0 0 0 0 0 0 0 0 0 0 0 0 0 0 0 0 0 0 0 0 0 0 0 0 0 0 0 0 0 0 0 0 0 0 0 0 0 0 0 0 0 0 0 0 0 0 0 0 0 0 0 0 0 0 0 0 0 0 0 0 0 0 0 0 0 0 0 0 0 0 0 0 0 0 0 0 0 0 0 0 0 0 0 0 0 0 0 0 0 0 0 0 0 0 0 0 0 0 0 0 0 0 0 0 0 0 0 0 0 0 0 0 0 0 0 0 0 0 0 0 0 0 0 0 0 0 0 0 0 0 0 0 0 0 0 0 0 0 0 0 0 0 0 0 0 0 0 0 0 0 0 0 0 0 0 0 0 0 0 0 0 0 0 0 0 0 0 0 0 0 0 0 0 0 0 0 0 0 0 0 0 0 0 0 0 0 0 0 0 0 0 0 0 0 0 0 0 0 0 0 0 0 0 0 0 0 0 0 0 0 0 0 0 0 0 0 0 0 0 0 0 0 0 0 0 0 0.8784314 0.5019608 1 0.3098039 0.3882353 1 1 0.9215686 0 1 0.6588236 1 0.8784314 0.5019608 1 1 0.9215686 0 1 1 1 1 1 1 1 0.9215686 0 1 1 1 1 0.9215686 0 0.8941177 0.9843137 1 0.8784314 0.5411765 1 0.3098039 0.3882353 1 1 0.9215686 0 1 0.7254902 1 0.8784314 0.5254902 1 1 0.9215686 0 1 1 1 1 1 1 1 0.9215686 0 0.8941177 1 1 1 1 1 0.8588235 0.5882353 0 1 0.9215686 0 1 1 1 1 0.9215686 0 1 0.9215686 0 1 1 1 0.8588235 0.6352941 0 0.8588235 0.6352941 0 0.3098039 0.4588235 1 1 0.9215686 0 1 0.9215686 0 0.8784314 0.5803922 1 1 0.9215686 0 1 1 1 1 1 1 1 0.9215686 0 1 1 1 0.8941177 1 1 1 0.9215686 0 0.8588235 0.6627451 0 0.3098039 0.3882353 1 1 0.9215686 0 1 0.9215686 0 0.8784314 0.5019608 1 1 0.9215686 0 1 0.9215686 0 1 1 1 1 0.9215686 0 1 0.9215686 0 1 1 1 0.8588235 0.6431373 0 0.3098039 0.4117647 1 0.8784314 0.5803922 1 0.8588235 0.6431373 0 0.8784314 0.5803922 1 1 0.6862745 1 1 0.9215686 0 1 1 1 1 1 1 1 0.9215686 0 1 1 1 0.8941177 1 1 1 0.9254902 0 0.3098039 0.4588235 1 0.8784314 0.5764706 1 0.8588235 0.6470589 0 1 0.9254902 0 0.8784314 0.5725491 1 1 0.9215686 0 1 0.9215686 0 1 1 1 1 0.9215686 0 1 0.9215686 0 1 1 1 0.8588235 0.5647059 0 0.8588235 0.5647059 0 0.3098039 0.3882353 1 1 0.9215686 0 1 0.9215686 0 0.8784314 0.5019608 1 1 0.9215686 0 1 1 1 1 1 1 1 0.9215686 0 1 1 1 0.8941177 0.9843137 1 1 0.9254902 0 0.8588235 0.5647059 0 0.3098039 0.3882353 1 1 0.9254902 0 1 0.9254902 0 0.8784314 0.5019608 1 1 0.9215686 0 1 0.9254902 0 1 1 1 0.8588235 0.5647059 0 0.8784314 0.5019608 1 1 0.6588236 1 1 0.9254902 0 1 1 1 1 1 1 1 0.9215686 0 1 1 1 0.8941177 0.9843137 1 1 0.9215686 0 0.3098039 0.3882353 1 0.8784314 0.5019608 1 0.8588235 0.5647059 0 1 0.9215686 0 0.8784314 0.5019608 1 1 0.9215686 0 1 1 1 1 1 1 1 0.9215686 0 1 1 1 0.8941177 0.9843137 1 1 0.9254902 0 0.8588235 0.5647059 0 0.3098039 0.3882353 1 1 0.9254902 0 1 0.9254902 0 0.8784314 0.5019608 1 1 0.9215686 0 1 0.9254902 0 1 1 1 0.8588235 0.5647059 0 0.8784314 0.5019608 1 1 0.6588236 1 1 0.9254902 0 1 1 1 1 1 1 1 0.9215686 0 1 1 1 0.8941177 0.9843137 1 1 0.9215686 0 0.3098039 0.3882353 1 0.8784314 0.5019608 1 0.8588235 0.5647059 0 1 0.9215686 0 0.8784314 0.5019608 1 1 0.9215686 0 1 1 1 1 1 1 1 0.9215686 0 1 1 1 0.8941177 1 1 1 0.9215686 0 0.8588235 0.6627451 0 0.3098039 0.3882353 1 1 0.9215686 0 1 0.9215686 0 0.8784314 0.5019608 1 1 0.9215686 0 1 1 1 1 1 1 1 0.9215686 0 1 1 1 0.8941177 0.9843137 1 1 0.9254902 0 0.8588235 0.5647059 0 0.3098039 0.3882353 1 1 0.9254902 0 1 0.9254902 0 0.8784314 0.5019608 1 1 0.9215686 0 0 0 0 0 0 0 0 0 0 0 0 0 0 0 0 0 0 0 0 0 0 0 0 0 0 0 0 0 0 0 0 0 0 0 0 0 0 0 0 0 0 0 0 0 0 0 0 0 0 0 0 0 0 0 0 0 0 0 0 0 0 0 0 0 0 0 0 0 0 0 0 0 0 0 0 0 0 0 0 0 0 0 0 0 0 0 0 0 0 0 0 0 0 0 0 0 0 0 0 0 0 0 0 0 0 0 0 0 0 0 0 0 0 0 0 0 0 0 0 0 0 0 0 0 0 0 0 0 0 0 0 0 0 0 0 0 0 0 0 0 0 0 0 0</float_array>
          <technique_common>
            <accessor source="#tree_oak_bush_a200-mesh-colors-Col-array" count="1146" stride="3">
              <param name="R" type="float"/>
              <param name="G" type="float"/>
              <param name="B" type="float"/>
            </accessor>
          </technique_common>
        </source>
        <vertices id="tree_oak_bush_a200-mesh-vertices">
          <input semantic="POSITION" source="#tree_oak_bush_a200-mesh-positions"/>
        </vertices>
        <polylist material="vegetation_palm_bark_01-material" count="47">
          <input semantic="VERTEX" source="#tree_oak_bush_a200-mesh-vertices" offset="0"/>
          <input semantic="NORMAL" source="#tree_oak_bush_a200-mesh-normals" offset="1"/>
          <input semantic="TEXCOORD" source="#tree_oak_bush_a200-mesh-map-0" offset="2" set="0"/>
          <input semantic="COLOR" source="#tree_oak_bush_a200-mesh-colors-Col" offset="3" set="0"/>
          <vcount>3 3 3 3 3 3 3 3 3 3 3 3 3 3 3 3 3 3 3 3 3 3 3 3 3 3 3 3 3 3 3 3 3 3 3 3 3 3 3 3 3 3 3 3 3 3 3 </vcount>
          <p>3 0 0 0 10 1 1 1 9 2 2 2 6 3 3 3 12 4 4 4 11 5 5 5 2 6 6 6 9 2 7 7 8 7 8 8 11 5 9 9 10 1 10 10 4 8 11 11 9 2 12 12 15 9 13 13 14 10 14 14 0 11 15 15 21 12 16 16 22 13 17 17 3 0 18 18 24 14 19 19 25 15 20 20 6 3 21 21 27 16 22 22 28 17 23 23 2 6 24 24 23 18 25 25 24 14 26 26 5 19 27 27 26 20 28 28 27 16 29 29 1 21 30 30 22 13 31 31 23 18 32 32 4 8 33 33 25 15 34 34 26 20 35 35 7 22 36 36 28 17 37 37 21 12 38 38 4 8 39 39 10 1 40 40 3 0 41 41 7 22 42 42 13 23 43 43 12 4 44 44 0 11 45 45 13 23 46 46 7 22 47 47 9 2 48 48 10 1 49 49 15 9 50 50 12 4 51 51 17 24 52 52 16 25 53 53 12 4 54 54 13 23 55 55 17 24 56 56 16 25 57 57 19 26 58 58 18 27 59 59 17 24 60 60 20 28 61 61 19 26 62 62 14 10 63 63 15 9 64 64 18 27 65 65 17 24 66 66 14 10 67 67 20 28 68 68 10 1 69 69 11 5 70 70 16 25 71 71 13 23 72 72 14 10 73 73 17 24 74 74 13 23 75 75 8 7 76 76 14 10 77 77 10 1 78 78 16 25 79 79 15 9 80 80 8 7 81 81 13 23 82 82 0 11 83 83 2 6 873 873 3 0 874 874 9 2 875 875 5 19 876 876 6 3 877 877 11 5 878 878 1 21 879 879 2 6 880 880 8 7 881 881 5 19 882 882 11 5 883 883 4 8 884 884 8 7 885 885 9 2 886 886 14 10 887 887 1 21 888 888 0 11 889 889 22 13 890 890 4 8 891 891 3 0 892 892 25 15 893 893 7 22 894 894 6 3 895 895 28 17 896 896 3 0 897 897 2 6 898 898 24 14 899 899 6 3 900 900 5 19 901 901 27 16 902 902 2 6 903 903 1 21 904 904 23 18 905 905 5 19 906 906 4 8 907 907 26 20 908 908 0 11 909 909 7 22 910 910 21 12 911 911 6 3 912 912 7 22 913 913 12 4 914 914 11 5 915 915 12 4 916 916 16 25 917 917 15 9 918 918 16 25 919 919 18 27 920 920 16 25 921 921 17 24 922 922 19 26 923 923 20 28 924 924 14 10 925 925 18 27 926 926 1 21 927 927 8 7 928 928 0 11 929 929</p>
        </polylist>
        <polylist material="vegetation_palm_01-material" count="335">
          <input semantic="VERTEX" source="#tree_oak_bush_a200-mesh-vertices" offset="0"/>
          <input semantic="NORMAL" source="#tree_oak_bush_a200-mesh-normals" offset="1"/>
          <input semantic="TEXCOORD" source="#tree_oak_bush_a200-mesh-map-0" offset="2" set="0"/>
          <input semantic="COLOR" source="#tree_oak_bush_a200-mesh-colors-Col" offset="3" set="0"/>
          <vcount>3 3 3 3 3 3 3 3 3 3 3 3 3 3 3 3 3 3 3 3 3 3 3 3 3 3 3 3 3 3 3 3 3 3 3 3 3 3 3 3 3 3 3 3 3 3 3 3 3 3 3 3 3 3 3 3 3 3 3 3 3 3 3 3 3 3 3 3 3 3 3 3 3 3 3 3 3 3 3 3 3 3 3 3 3 3 3 3 3 3 3 3 3 3 3 3 3 3 3 3 3 3 3 3 3 3 3 3 3 3 3 3 3 3 3 3 3 3 3 3 3 3 3 3 3 3 3 3 3 3 3 3 3 3 3 3 3 3 3 3 3 3 3 3 3 3 3 3 3 3 3 3 3 3 3 3 3 3 3 3 3 3 3 3 3 3 3 3 3 3 3 3 3 3 3 3 3 3 3 3 3 3 3 3 3 3 3 3 3 3 3 3 3 3 3 3 3 3 3 3 3 3 3 3 3 3 3 3 3 3 3 3 3 3 3 3 3 3 3 3 3 3 3 3 3 3 3 3 3 3 3 3 3 3 3 3 3 3 3 3 3 3 3 3 3 3 3 3 3 3 3 3 3 3 3 3 3 3 3 3 3 3 3 3 3 3 3 3 3 3 3 3 3 3 3 3 3 3 3 3 3 3 3 3 3 3 3 3 3 3 3 3 3 3 3 3 3 3 3 3 3 3 3 3 3 3 3 3 3 3 3 3 3 3 3 3 3 3 3 3 3 3 3 3 3 3 3 3 3 3 3 3 3 3 3 </vcount>
          <p>33 29 84 84 34 30 85 85 32 31 86 86 34 30 87 87 35 32 88 88 32 31 89 89 31 33 90 90 30 34 91 91 32 31 92 92 35 32 93 93 31 33 94 94 32 31 95 95 32 31 96 96 30 34 97 97 29 35 98 98 33 29 99 99 32 31 100 100 29 35 101 101 40 36 102 102 41 37 103 103 39 38 104 104 41 37 105 105 42 39 106 106 39 38 107 107 38 40 108 108 37 41 109 109 39 38 110 110 42 39 111 111 38 40 112 112 39 38 113 113 39 38 114 114 37 41 115 115 36 42 116 116 40 36 117 117 39 38 118 118 36 42 119 119 47 43 120 120 48 44 121 121 46 45 122 122 48 44 123 123 49 46 124 124 46 45 125 125 45 47 126 126 44 48 127 127 46 45 128 128 49 46 129 129 45 47 130 130 46 45 131 131 46 45 132 132 44 48 133 133 43 49 134 134 47 43 135 135 46 45 136 136 43 49 137 137 54 50 138 138 55 51 139 139 53 52 140 140 55 51 141 141 56 53 142 142 53 52 143 143 52 54 144 144 51 55 145 145 53 52 146 146 56 53 147 147 52 54 148 148 53 52 149 149 53 52 150 150 51 55 151 151 50 56 152 152 54 50 153 153 53 52 154 154 50 56 155 155 61 57 156 156 62 58 157 157 60 59 158 158 62 58 159 159 63 60 160 160 60 59 161 161 59 61 162 162 58 62 163 163 60 59 164 164 63 60 165 165 59 61 166 166 60 59 167 167 60 59 168 168 58 62 169 169 57 63 170 170 61 57 171 171 60 59 172 172 57 63 173 173 67 64 174 174 73 65 175 175 64 66 176 176 74 67 177 177 73 65 178 178 67 64 179 179 69 68 180 180 73 65 181 181 72 69 182 182 66 70 183 183 72 69 184 184 68 71 185 185 79 72 186 186 84 73 187 187 76 74 188 188 82 75 189 189 81 76 190 190 85 77 191 191 88 78 192 192 84 73 193 193 79 72 194 194 85 77 195 195 86 79 196 196 75 80 197 197 80 81 198 198 86 79 199 199 79 72 200 200 87 82 201 201 81 76 202 202 77 83 203 203 79 72 204 204 86 79 205 205 88 78 206 206 70 84 207 207 68 71 208 208 87 82 209 209 76 74 210 210 84 73 211 211 67 64 212 212 67 64 213 213 84 73 214 214 74 67 215 215 92 85 216 216 98 86 217 217 89 87 218 218 99 88 219 219 98 86 220 220 92 85 221 221 94 89 222 222 98 86 223 223 97 90 224 224 91 91 225 225 97 90 226 226 93 92 227 227 104 93 228 228 109 94 229 229 101 95 230 230 107 96 231 231 106 97 232 232 110 98 233 233 113 99 234 234 109 94 235 235 104 93 236 236 103 100 237 237 110 98 238 238 111 101 239 239 105 102 240 240 111 101 241 241 104 93 242 242 112 103 243 243 106 97 244 244 102 104 245 245 104 93 246 246 111 101 247 247 113 99 248 248 95 105 249 249 93 92 250 250 112 103 251 251 101 95 252 252 109 94 253 253 92 85 254 254 92 85 255 255 109 94 256 256 99 88 257 257 118 106 258 258 117 107 259 259 123 108 260 260 117 107 261 261 124 109 262 262 123 108 263 263 120 110 264 264 121 111 265 265 122 112 266 266 116 113 267 267 114 114 268 268 123 108 269 269 132 115 270 270 137 116 271 271 130 117 272 272 129 118 273 273 126 119 274 274 136 120 275 275 138 121 276 276 129 118 277 277 136 120 278 278 131 122 279 279 133 123 280 280 135 124 281 281 128 125 282 282 127 126 283 283 130 117 284 284 125 127 285 285 129 118 286 286 134 128 287 287 129 118 288 288 138 121 289 289 134 128 290 290 117 107 291 291 125 127 292 292 134 128 293 293 124 109 294 294 117 107 295 295 134 128 296 296 137 116 297 297 115 129 298 298 119 130 299 299 146 131 300 300 148 132 301 301 144 133 302 302 143 134 303 303 147 135 304 304 149 136 305 305 139 137 306 306 149 136 307 307 148 132 308 308 147 135 309 309 150 138 310 310 149 136 311 311 147 135 312 312 140 139 313 313 151 140 314 314 150 138 315 315 147 135 316 316 151 140 317 317 157 141 318 318 162 142 319 319 155 143 320 320 156 144 321 321 158 145 322 322 160 146 323 323 154 147 324 324 153 148 325 325 155 143 326 326 159 149 327 327 152 150 328 328 161 151 329 329 163 152 330 330 159 149 331 331 161 151 332 332 162 142 333 333 141 153 334 334 144 133 335 335 159 149 336 336 163 152 337 337 151 140 338 338 140 139 339 339 159 149 340 340 151 140 341 341 169 154 342 342 170 155 343 343 172 156 344 344 168 157 345 345 171 158 346 346 173 159 347 347 167 160 348 348 164 161 349 349 173 159 350 350 166 162 351 351 174 163 352 352 177 164 353 353 171 158 354 354 176 165 355 355 173 159 356 356 175 166 357 357 166 162 358 358 177 164 359 359 171 158 360 360 165 167 361 361 176 165 362 362 187 168 363 363 182 169 364 364 188 170 365 365 184 171 366 366 178 172 367 367 186 173 368 368 183 174 369 369 185 175 370 370 186 173 371 371 179 176 372 372 187 168 373 373 185 175 374 374 182 169 375 375 175 166 376 376 188 170 377 377 176 165 378 378 184 171 379 379 186 173 380 380 165 167 381 381 184 171 382 382 176 165 383 383 195 177 384 384 197 178 385 385 193 179 386 386 192 180 387 387 196 181 388 388 198 182 389 389 189 183 390 390 198 182 391 391 197 178 392 392 196 181 393 393 199 184 394 394 198 182 395 395 208 185 396 396 210 186 397 397 211 187 398 398 209 188 399 399 213 189 400 400 204 190 401 401 209 188 402 402 201 191 403 403 211 187 404 404 213 189 405 405 209 188 406 406 211 187 407 407 200 192 408 408 209 188 409 409 204 190 410 410 207 193 411 411 212 194 412 412 205 195 413 413 203 196 414 414 202 197 415 415 205 195 416 416 212 194 417 417 190 198 418 418 193 179 419 419 196 181 420 420 200 192 421 421 204 190 422 422 199 184 423 423 196 181 424 424 204 190 425 425 218 199 426 426 217 200 427 427 223 201 428 428 217 200 429 429 224 202 430 430 223 201 431 431 220 203 432 432 221 204 433 433 222 205 434 434 216 206 435 435 214 207 436 436 223 201 437 437 232 208 438 438 237 209 439 439 230 210 440 440 229 211 441 441 226 212 442 442 236 213 443 443 238 214 444 444 229 211 445 445 236 213 446 446 231 215 447 447 233 216 448 448 235 217 449 449 228 218 450 450 227 219 451 451 230 210 452 452 225 220 453 453 229 211 454 454 234 221 455 455 229 211 456 456 238 214 457 457 234 221 458 458 217 200 459 459 225 220 460 460 234 221 461 461 224 202 462 462 217 200 463 463 234 221 464 464 237 209 465 465 215 222 466 466 219 223 467 467 245 224 468 468 247 225 469 469 243 226 470 470 242 227 471 471 246 228 472 472 248 229 473 473 239 230 474 474 248 229 475 475 247 225 476 476 246 228 477 477 249 231 478 478 248 229 479 479 249 231 480 480 246 228 481 481 250 232 482 482 257 233 483 483 262 234 484 484 255 235 485 485 256 236 486 486 258 237 487 487 260 238 488 488 254 239 489 489 253 240 490 490 255 235 491 491 259 241 492 492 252 242 493 493 261 243 494 494 263 244 495 495 259 241 496 496 261 243 497 497 262 234 498 498 240 245 499 499 243 226 500 500 246 228 501 501 251 246 502 502 250 232 503 503 259 241 504 504 263 244 505 505 250 232 506 506 251 246 507 507 259 241 508 508 250 232 509 509 275 247 510 510 266 248 511 511 277 249 512 512 269 250 513 513 270 251 514 514 272 252 515 515 268 253 516 516 271 254 517 517 273 255 518 518 267 256 519 519 264 257 520 520 273 255 521 521 266 248 522 522 274 258 523 523 277 249 524 524 271 254 525 525 276 259 526 526 273 255 527 527 271 254 528 528 265 260 529 529 276 259 530 530 284 261 531 531 278 262 532 532 286 263 533 533 287 264 534 534 282 265 535 535 288 266 536 536 281 267 537 537 283 268 538 538 285 269 539 539 279 270 540 540 287 264 541 541 285 269 542 542 276 259 543 543 284 261 544 544 286 263 545 545 265 260 546 546 284 261 547 547 276 259 548 548 282 265 549 549 275 247 550 550 288 266 551 551 274 258 552 552 269 250 553 553 272 252 554 554 286 263 555 555 281 267 556 556 285 269 557 557 297 271 558 558 299 272 559 559 290 273 560 560 295 274 561 561 298 275 562 562 289 276 563 563 292 277 564 564 289 276 565 565 299 272 566 566 298 275 567 567 291 278 568 568 289 276 569 569 306 279 570 570 300 280 571 571 308 281 572 572 310 282 573 573 306 279 574 574 308 281 575 575 307 283 576 576 306 279 577 577 311 284 578 578 304 285 579 579 313 286 580 580 309 287 581 581 306 279 582 582 310 282 583 583 311 284 584 584 305 288 585 585 312 289 586 586 308 281 587 587 302 290 588 588 301 291 589 589 309 287 590 590 298 275 591 591 307 283 592 592 311 284 593 593 313 286 594 594 293 292 595 595 290 273 596 596 291 278 597 597 298 275 598 598 311 284 599 599 320 293 600 600 322 294 601 601 318 295 602 602 317 296 603 603 321 297 604 604 323 298 605 605 314 299 606 606 323 298 607 607 322 294 608 608 321 297 609 609 324 300 610 610 323 298 611 611 324 300 612 612 321 297 613 613 325 301 614 614 332 302 615 615 337 303 616 616 330 304 617 617 331 305 618 618 333 306 619 619 335 307 620 620 329 308 621 621 328 309 622 622 330 304 623 623 334 310 624 624 327 311 625 625 336 312 626 626 338 313 627 627 334 310 628 628 336 312 629 629 337 303 630 630 315 314 631 631 318 295 632 632 321 297 633 633 326 315 634 634 325 301 635 635 334 310 636 636 338 313 637 637 325 301 638 638 326 315 639 639 334 310 640 640 325 301 641 641 350 316 642 642 341 317 643 643 352 318 644 644 344 319 645 645 345 320 646 646 347 321 647 647 343 322 648 648 346 323 649 649 348 324 650 650 342 325 651 651 339 326 652 652 348 324 653 653 341 317 654 654 349 327 655 655 352 318 656 656 346 323 657 657 351 328 658 658 348 324 659 659 346 323 660 660 340 329 661 661 351 328 662 662 359 330 663 663 353 331 664 664 361 332 665 665 362 333 666 666 357 334 667 667 363 335 668 668 356 336 669 669 358 337 670 670 360 338 671 671 354 339 672 672 362 333 673 673 360 338 674 674 351 328 675 675 359 330 676 676 361 332 677 677 340 329 678 678 359 330 679 679 351 328 680 680 357 334 681 681 350 316 682 682 363 335 683 683 349 327 684 684 344 319 685 685 347 321 686 686 361 332 687 687 356 336 688 688 360 338 689 689 372 340 690 690 374 341 691 691 365 342 692 692 370 343 693 693 373 344 694 694 364 345 695 695 367 346 696 696 364 345 697 697 374 341 698 698 373 344 699 699 366 347 700 700 364 345 701 701 381 348 702 702 375 349 703 703 383 350 704 704 385 351 705 705 381 348 706 706 383 350 707 707 382 352 708 708 381 348 709 709 386 353 710 710 379 354 711 711 388 355 712 712 384 356 713 713 381 348 714 714 385 351 715 715 386 353 716 716 380 357 717 717 387 358 718 718 383 350 719 719 377 359 720 720 376 360 721 721 384 356 722 722 373 344 723 723 382 352 724 724 386 353 725 725 388 355 726 726 368 361 727 727 365 342 728 728 366 347 729 729 373 344 730 730 386 353 731 731 396 362 732 732 398 363 733 733 394 364 734 734 393 365 735 735 397 366 736 736 399 367 737 737 389 368 738 738 399 367 739 739 398 363 740 740 397 366 741 741 400 369 742 742 399 367 743 743 397 366 744 744 390 370 745 745 401 371 746 746 400 369 747 747 397 366 748 748 401 371 749 749 407 372 750 750 412 373 751 751 405 374 752 752 406 375 753 753 408 376 754 754 410 377 755 755 404 378 756 756 403 379 757 757 405 374 758 758 409 380 759 759 402 381 760 760 411 382 761 761 413 383 762 762 409 380 763 763 411 382 764 764 412 373 765 765 391 384 766 766 394 364 767 767 409 380 768 768 413 383 769 769 401 371 770 770 390 370 771 771 409 380 772 772 401 371 773 773 420 385 774 774 422 386 775 775 418 387 776 776 417 388 777 777 421 389 778 778 423 390 779 779 414 391 780 780 423 390 781 781 422 386 782 782 421 389 783 783 424 392 784 784 423 390 785 785 424 392 786 786 421 389 787 787 425 393 788 788 432 394 789 789 437 395 790 790 430 396 791 791 431 397 792 792 433 398 793 793 435 399 794 794 429 400 795 795 428 401 796 796 430 396 797 797 434 402 798 798 427 403 799 799 436 404 800 800 438 405 801 801 434 402 802 802 436 404 803 803 437 395 804 804 415 406 805 805 418 387 806 806 421 389 807 807 426 407 808 808 425 393 809 809 434 402 810 810 438 405 811 811 425 393 812 812 426 407 813 813 434 402 814 814 425 393 815 815 447 408 816 816 448 409 817 817 440 409 818 818 442 410 819 819 450 410 820 820 451 411 821 821 445 412 822 822 453 412 823 823 454 413 824 824 449 414 825 825 450 410 826 826 442 410 827 827 452 415 828 828 453 412 829 829 445 412 830 830 440 409 831 831 448 409 832 832 449 414 833 833 443 411 834 834 451 411 835 835 452 415 836 836 446 413 837 837 454 413 838 838 447 408 839 839 463 416 840 840 464 417 841 841 456 417 842 842 458 418 843 843 466 418 844 844 467 419 845 845 469 420 846 846 470 421 847 847 462 421 848 848 465 422 849 849 466 418 850 850 458 418 851 851 468 423 852 852 469 420 853 853 461 420 854 854 464 417 855 855 465 422 856 856 457 422 857 857 459 419 858 858 467 419 859 859 468 423 860 860 470 421 861 861 463 416 862 862 455 416 863 863 473 424 864 864 474 425 865 865 475 426 866 866 474 425 867 867 471 427 868 868 472 428 869 869 471 427 870 870 473 424 871 871 476 429 872 872 71 430 930 930 69 68 931 931 72 69 932 932 65 431 933 933 66 70 934 934 68 71 935 935 83 432 936 936 82 75 937 937 85 77 938 938 78 433 939 939 85 77 940 940 75 80 941 941 96 434 942 942 94 89 943 943 97 90 944 944 90 435 945 945 91 91 946 946 93 92 947 947 108 436 948 948 107 96 949 949 110 98 950 950 100 437 951 951 103 100 952 952 111 101 953 953 119 130 954 954 120 110 955 955 122 112 956 956 122 112 957 957 116 113 958 958 123 108 959 959 136 120 960 960 131 122 961 961 135 124 962 962 135 124 963 963 128 125 964 964 130 117 965 965 145 438 966 966 146 131 967 967 144 133 968 968 142 439 969 969 139 137 970 970 148 132 971 971 161 151 972 972 156 144 973 973 160 146 974 974 160 146 975 975 154 147 976 976 155 143 977 977 174 163 978 978 169 154 979 979 172 156 980 980 172 156 981 981 167 160 982 982 173 159 983 983 181 440 984 984 183 174 985 985 186 173 986 986 180 441 987 987 179 176 988 988 185 175 989 989 194 442 990 990 195 177 991 991 193 179 992 992 191 443 993 993 189 183 994 994 197 178 995 995 206 444 996 996 208 185 997 997 211 187 998 998 210 186 999 999 203 196 1000 1000 205 195 1001 1001 219 223 1002 1002 220 203 1003 1003 222 205 1004 1004 222 205 1005 1005 216 206 1006 1006 223 201 1007 1007 236 213 1008 1008 231 215 1009 1009 235 217 1010 1010 235 217 1011 1011 228 218 1012 1012 230 210 1013 1013 244 445 1014 1014 245 224 1015 1015 243 226 1016 1016 241 446 1017 1017 239 230 1018 1018 247 225 1019 1019 261 243 1020 1020 256 236 1021 1021 260 238 1022 1022 260 238 1023 1023 254 239 1024 1024 255 235 1025 1025 272 252 1026 1026 267 256 1027 1027 273 255 1028 1028 280 447 1029 1029 279 270 1030 1030 285 269 1031 1031 296 448 1032 1032 297 271 1033 1033 290 273 1034 1034 294 449 1035 1035 292 277 1036 1036 299 272 1037 1037 303 450 1038 1038 305 288 1039 1039 308 281 1040 1040 312 289 1041 1041 302 290 1042 1042 309 287 1043 1043 319 451 1044 1044 320 293 1045 1045 318 295 1046 1046 316 452 1047 1047 314 299 1048 1048 322 294 1049 1049 336 312 1050 1050 331 305 1051 1051 335 307 1052 1052 335 307 1053 1053 329 308 1054 1054 330 304 1055 1055 347 321 1056 1056 342 325 1057 1057 348 324 1058 1058 355 453 1059 1059 354 339 1060 1060 360 338 1061 1061 371 454 1062 1062 372 340 1063 1063 365 342 1064 1064 369 455 1065 1065 367 346 1066 1066 374 341 1067 1067 378 456 1068 1068 380 357 1069 1069 383 350 1070 1070 387 358 1071 1071 377 359 1072 1072 384 356 1073 1073 395 457 1074 1074 396 362 1075 1075 394 364 1076 1076 392 458 1077 1077 389 368 1078 1078 398 363 1079 1079 411 382 1080 1080 406 375 1081 1081 410 377 1082 1082 410 377 1083 1083 404 378 1084 1084 405 374 1085 1085 419 459 1086 1086 420 385 1087 1087 418 387 1088 1088 416 460 1089 1089 414 391 1090 1090 422 386 1091 1091 436 404 1092 1092 431 397 1093 1093 435 399 1094 1094 435 399 1095 1095 429 400 1096 1096 430 396 1097 1097 439 408 1098 1098 447 408 1099 1099 440 409 1100 1100 443 411 1101 1101 442 410 1102 1102 451 411 1103 1103 446 413 1104 1104 445 412 1105 1105 454 413 1106 1106 441 414 1107 1107 449 414 1108 1108 442 410 1109 1109 444 415 1110 1110 452 415 1111 1111 445 412 1112 1112 441 414 1113 1113 440 409 1114 1114 449 414 1115 1115 444 415 1116 1116 443 411 1117 1117 452 415 1118 1118 439 408 1119 1119 446 413 1120 1120 447 408 1121 1121 455 416 1122 1122 463 416 1123 1123 456 417 1124 1124 459 419 1125 1125 458 418 1126 1126 467 419 1127 1127 461 420 1128 1128 469 420 1129 1129 462 421 1130 1130 457 422 1131 1131 465 422 1132 1132 458 418 1133 1133 460 423 1134 1134 468 423 1135 1135 461 420 1136 1136 456 417 1137 1137 464 417 1138 1138 457 422 1139 1139 460 423 1140 1140 459 419 1141 1141 468 423 1142 1142 462 421 1143 1143 470 421 1144 1144 455 416 1145 1145</p>
        </polylist>
      </mesh>
      <extra><technique profile="MAYA"><double_sided>1</double_sided></technique></extra>
    </geometry>
    <geometry id="Colmesh-1-mesh" name="Colmesh-1">
      <mesh>
        <source id="Colmesh-1-mesh-positions">
          <float_array id="Colmesh-1-mesh-positions-array" count="30">0 0.31 -0.3271845 -0.2948275 0.09579527 -0.3271845 -0.1822134 -0.2507953 -0.3271845 0.1822134 -0.2507953 -0.3271845 0.2948275 0.09579527 -0.3271845 0 0.31 7.199808 -0.2948275 0.09579527 7.199808 -0.1822134 -0.2507953 7.199808 0.1822134 -0.2507953 7.199808 0.2948275 0.09579527 7.199808</float_array>
          <technique_common>
            <accessor source="#Colmesh-1-mesh-positions-array" count="10" stride="3">
              <param name="X" type="float"/>
              <param name="Y" type="float"/>
              <param name="Z" type="float"/>
            </accessor>
          </technique_common>
        </source>
        <source id="Colmesh-1-mesh-normals">
          <float_array id="Colmesh-1-mesh-normals-array" count="42">-0.5877853 0.809017 0 0.5877852 0.8090171 0 -0.9510565 -0.3090169 0 1.63557e-7 -1 0 0.9510565 -0.3090169 0 0 0 1 0 0 -1 0 0 -1 -1.45826e-7 0 -1 -2.82984e-7 0 1 -0.5877853 0.809017 0 0.5877851 0.8090171 0 -0.9510566 -0.309017 0 1.63557e-7 -1 0</float_array>
          <technique_common>
            <accessor source="#Colmesh-1-mesh-normals-array" count="14" stride="3">
              <param name="X" type="float"/>
              <param name="Y" type="float"/>
              <param name="Z" type="float"/>
            </accessor>
          </technique_common>
        </source>
        <vertices id="Colmesh-1-mesh-vertices">
          <input semantic="POSITION" source="#Colmesh-1-mesh-positions"/>
        </vertices>
        <polylist material="ColorEffectR27G177B88-material-material" count="16">
          <input semantic="VERTEX" source="#Colmesh-1-mesh-vertices" offset="0"/>
          <input semantic="NORMAL" source="#Colmesh-1-mesh-normals" offset="1"/>
          <vcount>3 3 3 3 3 3 3 3 3 3 3 3 3 3 3 3 </vcount>
          <p>1 0 6 0 5 0 0 1 5 1 9 1 2 2 7 2 6 2 3 3 8 3 7 3 4 4 9 4 8 4 7 5 8 5 9 5 3 6 2 6 4 6 2 7 1 7 0 7 4 8 2 8 0 8 6 5 7 5 9 5 5 9 6 9 9 9 0 10 1 10 5 10 4 11 0 11 9 11 1 12 2 12 6 12 2 13 3 13 7 13 3 4 4 4 8 4</p>
        </polylist>
      </mesh>
      <extra><technique profile="MAYA"><double_sided>1</double_sided></technique></extra>
    </geometry>
  </library_geometries>
  <library_controllers/>
  <library_visual_scenes>
    <visual_scene id="Scene" name="Scene">
      <node id="base00" name="base00" type="NODE">
        <matrix sid="transform">1 0 0 0 0 1 0 0 0 0 1 0 0 0 0 1</matrix>
        <node id="bb__autobillboard25" name="bb__autobillboard25" type="NODE">
          <matrix sid="transform">1 0 0 0 0 1 0 0 0 0 1 0 0 0 0 1</matrix>
        </node>
        <node id="collision-1" name="collision-1" type="NODE">
          <matrix sid="transform">1 0 0 0 0 1 0 0 0 0 1 0 0 0 0 1</matrix>
        </node>
        <node id="detail350" name="detail350" type="NODE">
          <matrix sid="transform">1 0 0 0 0 1 0 0 0 0 1 0 0 0 0 1</matrix>
        </node>
        <node id="detail900" name="detail900" type="NODE">
          <matrix sid="transform">1 0 0 0 0 1 0 0 0 0 1 0 0 0 0 1</matrix>
        </node>
        <node id="start01" name="start01" type="NODE">
          <matrix sid="transform">1 0 0 0 0 1 0 0 0 0 1 0 0 0 0 1</matrix>
          <node id="tree_oak_bush_a150" name="tree_oak_bush_a150" type="NODE">
            <matrix sid="transform">1 0 0 0 0 1 0 0 0 0 1 0 0 0 0 1</matrix>
            <instance_geometry url="#tree_oak_bush_a200_001-mesh" name="tree_oak_bush_a150">
              <bind_material>
                <technique_common>
                  <instance_material symbol="vegetation_palm_bark_01-material" target="#vegetation_palm_bark_01-material"/>
                  <instance_material symbol="vegetation_palm_01-material" target="#vegetation_palm_01-material"/>
                </technique_common>
              </bind_material>
            </instance_geometry>
          </node>
          <node id="tree_oak_bush_a350" name="tree_oak_bush_a350" type="NODE">
            <matrix sid="transform">1 0 0 0 0 1 0 0 0 0 1 0 0 0 0 1</matrix>
            <instance_geometry url="#tree_oak_bush_a200-mesh" name="tree_oak_bush_a350">
              <bind_material>
                <technique_common>
                  <instance_material symbol="vegetation_palm_bark_01-material" target="#vegetation_palm_bark_01-material"/>
                  <instance_material symbol="vegetation_palm_01-material" target="#vegetation_palm_01-material"/>
                </technique_common>
              </bind_material>
            </instance_geometry>
          </node>
          <node id="Colmesh-1" name="Colmesh-1" type="NODE">
            <matrix sid="transform">1 0 0 0 0 1 0 0 0 0 1 0 0 0 0 1</matrix>
            <instance_geometry url="#Colmesh-1-mesh" name="Colmesh-1">
              <bind_material>
                <technique_common>
                  <instance_material symbol="ColorEffectR27G177B88-material-material" target="#ColorEffectR27G177B88-material-material"/>
                </technique_common>
              </bind_material>
            </instance_geometry>
          </node>
        </node>
      </node>
    </visual_scene>
  </library_visual_scenes>
  <scene>
    <instance_visual_scene url="#Scene"/>
  </scene>
</COLLADA>