<?xml version="1.0" encoding="utf-8"?>
<COLLADA xmlns="http://www.collada.org/2005/11/COLLADASchema" version="1.4.1">
  <asset>
    <contributor>
      <author>Blender User</author>
      <authoring_tool>Blender 2.75.0 commit date:2015-06-19, commit time:14:59, hash:c85a58a</authoring_tool>
    </contributor>
    <created>2015-07-07T14:55:28</created>
    <modified>2015-07-07T14:55:28</modified>
    <unit name="meter" meter="1"/>
    <up_axis>Z_UP</up_axis>
  </asset>
  <library_images/>
  <library_effects>
    <effect id="vegetation_palm_bark_01-effect">
      <profile_COMMON>
        <technique sid="common">
          <lambert>
            <emission>
              <color sid="emission">0 0 0 1</color>
            </emission>
            <ambient>
              <color sid="ambient">0 0 0 1</color>
            </ambient>
            <diffuse>
              <color sid="diffuse">0.64 0.64 0.64 1</color>
            </diffuse>
            <index_of_refraction>
              <float sid="index_of_refraction">1</float>
            </index_of_refraction>
          </lambert>
        </technique>
        <extra>
          <technique profile="GOOGLEEARTH">
            <double_sided>1</double_sided>
          </technique>
        </extra>
      </profile_COMMON>
      <extra><technique profile="MAX3D"><double_sided>1</double_sided></technique></extra>
    </effect>
    <effect id="vegetation_palm_01-effect">
      <profile_COMMON>
        <technique sid="common">
          <lambert>
            <emission>
              <color sid="emission">0 0 0 1</color>
            </emission>
            <ambient>
              <color sid="ambient">0 0 0 1</color>
            </ambient>
            <diffuse>
              <color sid="diffuse">0.64 0.64 0.64 1</color>
            </diffuse>
            <transparency>
              <float sid="transparency">0</float>
            </transparency>
            <index_of_refraction>
              <float sid="index_of_refraction">1</float>
            </index_of_refraction>
          </lambert>
        </technique>
        <extra>
          <technique profile="GOOGLEEARTH">
            <double_sided>1</double_sided>
          </technique>
        </extra>
      </profile_COMMON>
      <extra><technique profile="MAX3D"><double_sided>1</double_sided></technique></extra>
    </effect>
    <effect id="ColorEffectR27G177B88-material-effect">
      <profile_COMMON>
        <technique sid="common">
          <phong>
            <emission>
              <color sid="emission">0 0 0 1</color>
            </emission>
            <ambient>
              <color sid="ambient">0 0 0 1</color>
            </ambient>
            <diffuse>
              <color sid="diffuse">0.08561849 0.5550975 0.2773633 1</color>
            </diffuse>
            <specular>
              <color sid="specular">0.5 0.5 0.5 1</color>
            </specular>
            <shininess>
              <float sid="shininess">50</float>
            </shininess>
            <index_of_refraction>
              <float sid="index_of_refraction">1</float>
            </index_of_refraction>
          </phong>
        </technique>
        <extra>
          <technique profile="GOOGLEEARTH">
            <double_sided>1</double_sided>
          </technique>
        </extra>
      </profile_COMMON>
      <extra><technique profile="MAX3D"><double_sided>1</double_sided></technique></extra>
    </effect>
  </library_effects>
  <library_materials>
    <material id="vegetation_palm_bark_01-material" name="vegetation_palm_bark_01">
      <instance_effect url="#vegetation_palm_bark_01-effect"/>
    </material>
    <material id="vegetation_palm_01-material" name="vegetation_palm_01">
      <instance_effect url="#vegetation_palm_01-effect"/>
    </material>
    <material id="ColorEffectR27G177B88-material-material" name="ColorEffectR27G177B88-material">
      <instance_effect url="#ColorEffectR27G177B88-material-effect"/>
    </material>
  </library_materials>
  <library_geometries>
    <geometry id="tree_oak_bush_a200_001-mesh" name="tree_oak_bush_a200.001">
      <mesh>
        <source id="tree_oak_bush_a200_001-mesh-positions">
          <float_array id="tree_oak_bush_a200_001-mesh-positions-array" count="930">-0.1596117 0.03766942 1.079605 0.1528644 -0.07388418 1.145244 0.06429988 0.1867447 1.005539 0.3160179 7.879333 4.881416 0.3963595 7.734004 5.034904 0.4579732 7.838258 4.924797 0.2981421 8.9032 6.590983 0.3988139 8.886252 6.600442 0.3678885 8.982631 6.546649 -0.1109529 0.1109529 -0.2116206 0 -0.156911 -0.2116206 0.156911 0 -0.2116206 -0.1471324 0.1471324 0.5977193 0 -0.2080766 0.5977193 0.2080766 0 0.5977193 0.4221923 7.023437 4.435944 0.1368977 6.142062 3.712769 0.2896183 7.139297 4.247723 0.3253628 6.129828 3.740709 -0.2113401 0.5729229 1.580611 0.3123886 6.059161 3.932035 0.07585233 0.6951922 1.489683 0.1271362 0.4992996 1.678008 -0.03746789 2.633654 2.438685 0.03688299 2.518173 2.740417 0.1660034 2.576606 2.587553 0.4603779 7.111386 4.28471 2.054198 10.18466 5.491162 2.491237 8.508216 5.537313 1.130531 8.667767 6.711182 0.9487868 9.406723 6.70742 0.3593242 8.865327 6.377096 2.359853 9.375555 6.251596 2.359853 9.375555 6.251596 3.592419 9.690653 4.662096 1.043938 9.039936 6.973809 1.043938 9.039936 6.973809 0.3019633 8.803506 6.16621 -1.708288 8.184538 7.419723 -0.3636161 6.651032 7.251252 0.2640027 8.166498 7.007268 -0.2526858 8.75284 7.052835 0.3019633 8.803506 6.16621 -1.189376 7.29731 8.332201 -1.189376 7.29731 8.332201 -2.560748 5.995635 8.355943 0.01489585 8.453421 7.275592 0.01489585 8.453421 7.275592 0.4470294 8.882088 6.35386 -1.305413 10.83226 7.133299 -2.263737 8.759924 7.017526 -0.4159132 8.764548 7.149104 -0.04597616 9.55661 7.172419 0.4470294 8.882088 6.35386 -2.210429 10.05011 8.095859 -2.210429 10.05011 8.095859 -4.093529 10.86022 7.586351 -0.2929055 9.186017 7.42704 -0.2929055 9.186017 7.42704 0.3483263 8.817916 6.349465 2.671672 9.929827 5.735608 1.138064 11.24916 5.677367 0.6168074 9.77315 6.719705 1.249191 9.215486 6.731866 0.3483263 8.817916 6.349465 2.114905 10.85415 6.476936 2.114905 10.85415 6.476936 3.076416 11.94314 5.190271 1.014338 9.593838 6.974021 1.014338 9.593838 6.974021 0.3465507 8.881343 6.742329 0.7326455 7.183145 8.463545 2.212049 8.59489 8.382853 0.7721069 9.04524 7.694506 0.2109179 8.499595 7.707823 0.3465507 8.881343 6.742329 1.364041 7.925983 9.432354 1.364041 7.925983 9.432354 2.675051 6.689804 10.00567 0.4402974 8.825769 7.935568 0.4402974 8.825769 7.935568 -1.750774 9.153766 5.625062 -0.8818741 10.65259 5.671214 -0.02715897 9.581871 6.845082 -0.4179042 8.928874 6.84132 0.3818933 8.898888 6.510996 -1.398732 9.943791 6.385497 -1.398732 9.943791 6.385497 -2.496329 10.58705 4.795996 -0.2274659 9.256471 7.107709 -0.2274659 9.256471 7.107709 0.3568942 8.878531 6.324754 2.332004 7.196882 6.855882 2.941647 9.126371 6.818673 1.078153 9.093601 7.069846 0.8206561 8.290642 7.069846 0.3568942 8.878531 6.324754 2.587013 8.184326 7.676776 2.587013 8.184326 7.676776 4.383959 7.62662 7.201525 0.9497899 8.693297 7.34938 0.9497899 8.693297 7.34938 0.3205343 8.809489 6.354712 -1.084588 9.90872 8.031867 -1.362489 7.882622 7.955277 0.06337088 8.421925 7.302479 0.1629662 9.198319 7.31403 0.3205343 8.809489 6.354712 -1.143331 8.93995 9.005054 -1.143331 8.93995 9.005054 -2.953766 9.095406 9.528259 0.1800293 8.801574 7.544625 0.1800293 8.801574 7.544625 -0.4036951 10.4753 4.947542 1.327962 10.40876 4.97055 0.8093661 9.579764 6.486721 0.04967421 9.624088 6.489067 0.3871774 8.833118 6.388332 0.4787148 10.75617 5.63223 0.4787148 10.75617 5.63223 0.4953494 11.47621 3.727952 0.4350252 9.687913 6.738026 0.4350252 9.687913 6.738026 0.3389558 8.708933 6.25745 -0.1118578 9.337078 7.337085 0.3866742 9.658632 6.706076 -0.3111435 11.1019 6.057188 -1.569294 10.76392 7.725657 0.3389558 8.708933 6.25745 -0.5601878 11.17679 7.207009 -0.5601878 11.17679 7.207009 -1.569425 12.57502 6.138708 0.2592636 9.620162 7.195189 0.2592636 9.620162 7.195189 0.4548934 8.933128 6.27553 -0.7619345 6.575329 6.103198 -2.096275 8.178014 6.140243 -0.4314734 8.747238 6.819266 0.102072 8.094266 6.81725 0.4548934 8.933128 6.27553 -1.560048 7.258931 6.923908 -1.560048 7.258931 6.923908 -2.847231 6.187385 5.943673 -0.2237749 8.370057 7.086737 -0.2237749 8.370057 7.086737 0.4183489 8.852607 6.286269 -0.7594813 10.48963 7.660848 1.346009 10.49024 7.714999 0.7820733 9.061704 7.245586 -6.49763e-4 9.054544 7.234035 0.4183489 8.852607 6.286269 0.3480619 10.41651 8.57119 0.3480619 10.41651 8.57119 0.2552976 12.31803 8.43664 0.3913567 8.990721 7.476181 0.3913567 8.990721 7.476181 2.117858 7.707655 5.577719 0.5215523 6.777942 5.62693 0.3587864 8.160306 6.626694 1.658565 6.667226 5.628809 1.02161 8.534142 6.622932 0.3415977 8.956231 6.292608 1.37119 7.166708 6.167108 1.37119 7.166708 6.167108 1.658565 6.667226 5.628809 2.006253 6.064347 4.577608 0.6939412 8.343827 6.889321 0.6939412 8.343827 6.889321 0.3184648 8.83446 6.259274 0.8704044 9.599238 7.194094 1.17882 8.860721 6.86307 2.8051 9.121698 6.346782 2.505509 10.81306 7.259379 0.3184648 8.83446 6.259274 2.76127 9.752214 7.254688 2.76127 9.752214 7.254688 4.441122 10.09886 6.171714 1.100138 9.173111 7.254436 1.100138 9.173111 7.254436 0.3444691 8.855061 6.260327 2.971674 9.52851 7.743655 1.807221 10.83706 6.738953 1.143044 8.790692 7.319357 0.722456 9.483413 7.013832 0.3444691 8.855061 6.260327 2.233357 10.28694 7.737567 2.233357 10.28694 7.737567 3.541069 11.65341 7.004396 0.8913983 9.200915 7.399316 0.8913983 9.200915 7.399316 0.4023978 8.909916 6.289422 1.048822 7.316504 6.946799 -0.8965856 6.300926 7.664711 -0.1582316 8.337589 7.348452 0.6431972 8.217301 7.042926 0.4023978 8.909916 6.289422 0.2913861 6.544714 7.766663 0.2913861 6.544714 7.766663 0.6557219 4.688747 7.033491 0.3180168 8.268335 7.428411 0.3180168 8.268335 7.428411 0.624868 7.233492 5.222502 -1.036739 7.495942 5.639367 -0.09502494 8.23902 6.986939 0.6350513 8.108673 6.816352 0.375743 8.934208 6.785708 -0.1041393 7.044946 6.093899 -0.1041393 7.044946 6.093899 -0.6366259 6.358607 4.252591 0.3119696 8.085492 7.147457 0.3119696 8.085492 7.147457 0.5036597 8.904504 6.767503 -0.711059 8.341424 7.147387 -0.5746785 9.043215 6.588105 -1.412518 8.766926 5.004757 -2.203478 7.073003 6.199265 0.5036597 8.904504 6.767503 -2.197375 8.28227 5.826682 -2.197375 8.28227 5.826682 -2.746994 7.774509 3.836742 -0.849887 8.80154 6.972915 -0.849887 8.80154 6.972915 0.2752733 8.948119 6.744485 2.618556 8.375572 6.373235 1.211791 6.808148 6.387927 0.6611872 8.084154 7.19275 1.185679 8.66529 7.198103 0.2752733 8.948119 6.744485 2.336318 7.115596 7.000553 2.336318 7.115596 7.000553 3.220971 6.435626 5.452167 1.023193 8.278081 7.398215 1.023193 8.278081 7.398215 0.406002 8.928443 6.687813 -1.152522 9.602164 8.441015 0.8761141 10.11796 8.674697 0.7108758 8.86224 7.687301 -0.04132199 8.661171 7.605999 0.406002 8.928443 6.687813 -0.05597513 9.489321 9.360567 -0.05597513 9.489321 9.360567 -0.6568616 11.22064 9.893435 0.3560858 8.61608 7.843509 0.3560858 8.61608 7.843509 0.4548489 8.795239 6.715851 -2.058183 10.57327 6.434319 -2.04333 8.566118 6.655208 -0.2700657 9.86056 7.036787 -0.4428784 9.029827 7.210345 0.4548489 8.795239 6.715851 -2.162374 9.713661 7.043066 -2.162374 9.713661 7.043066 -3.78918 9.088212 6.005178 -0.439615 9.519434 7.341564 -0.439615 9.519434 7.341564 0.3574667 8.843004 6.693134 0.5404274 7.85557 8.236012 -1.2696 8.59554 9.463878 0.02310472 9.35874 7.870261 0.5629031 8.69966 7.71427 0.3574667 8.843004 6.693134 -0.1203902 8.206636 9.368099 -0.1203902 8.206636 9.368099 -0.7560766 6.403768 10.04668 0.4344489 9.116915 7.971839 0.4344489 9.116915 7.971839 0.4559114 8.806005 6.855466 -1.136721 9.055573 5.023023 0.704405 10.06736 4.872815 0.3473963 9.744964 6.405035 -0.3413543 9.37782 6.4656 0.4559114 8.806005 6.855466 -0.5779514 10.36052 4.809438 -0.5779514 10.36052 4.809438 -0.5006644 9.752454 3.002022 -0.1086735 9.780104 6.445501 -0.1086735 9.780104 6.445501 0.3651941 8.877038 6.651727 -0.2971518 7.159244 9.134969 1.300487 6.925616 7.92226 0.01093649 8.742951 7.924492 0.7790571 8.564545 7.56635 0.3651941 8.877038 6.651727 0.7312147 7.303078 8.929688 0.7312147 7.303078 8.929688 1.089847 5.306749 8.960536 0.4982151 8.744267 7.948153 0.4982151 8.744267 7.948153 0.3862393 8.843494 6.757909 1.981074 10.58578 7.40325 0.04791259 11.25365 7.332494 0.2193967 9.609535 7.464978 0.9581993 9.350803 7.473316 0.3862393 8.843494 6.757909 1.221743 11.33177 8.272719 1.221743 11.33177 8.272719 1.765597 13.07611 7.785793 0.6108916 9.540265 7.706454 0.6108916 9.540265 7.706454 0.4061626 8.897829 6.682533 0.1290236 9.311226 7.913673 0.6256174 8.641791 7.678401 2.186514 8.755808 8.414348 1.15914 10.31549 9.410771 0.4061626 8.897829 6.682533 1.463663 9.157659 9.25442 1.463663 9.157659 9.25442 3.40661 9.50824 9.720194 0.2831476 8.854042 7.985987 0.2831476 8.854042 7.985987</float_array>
          <technique_common>
            <accessor source="#tree_oak_bush_a200_001-mesh-positions-array" count="310" stride="3">
              <param name="X" type="float"/>
              <param name="Y" type="float"/>
              <param name="Z" type="float"/>
            </accessor>
          </technique_common>
        </source>
        <source id="tree_oak_bush_a200_001-mesh-normals">
          <float_array id="tree_oak_bush_a200_001-mesh-normals-array" count="930">-0.7056984 0.7056984 -0.06308341 -0.7186436 0.6758857 -0.1634932 0.9836444 0.1500903 -0.09958213 0.5819689 -0.653109 0.4845214 0.4120405 0.8683341 -0.2760773 -0.2013961 -0.9775603 -0.06177079 -0.1819539 -0.9831675 -0.01657176 -0.01178038 -0.7551652 0.6554288 0.7548602 -0.5003306 0.4240939 -0.948283 -0.2273047 0.2215671 0.9011386 0.3368092 -0.2729632 0.1766471 0.8516175 -0.4935011 -0.6592816 0.549564 -0.5131543 0.1983114 -0.5499495 0.8113127 -0.9390429 -0.241864 0.2443361 -0.9885993 -0.1074571 0.1054733 0.8414498 0.27089 -0.4675264 0.6125906 -0.4799827 0.6279726 0.9958128 0.01550376 -0.09009283 -0.2176634 -0.3173394 0.9229943 0.4774091 0.4687111 -0.7432298 0.7593729 0.2103367 -0.6157201 0.2684125 -0.4046788 0.8741795 -0.7551712 0.4179932 -0.5049734 -0.5548779 0.4203167 -0.7179445 -0.8396845 0.2854494 -0.462005 0.9775603 0.2013961 -0.06177079 0.7500307 0.217294 0.6246899 0.4001976 0.7033444 0.5874937 0.3396489 0.6992269 0.6290631 0.1597689 -0.5619839 0.8115714 0.6900423 -0.3949508 0.6065109 0.6351037 -0.4224462 0.6466704 -0.1271131 0.5848731 0.8011029 -0.2119258 0.5377191 0.8160549 0.07156735 -0.5639021 0.8227348 -0.6272968 -0.1511933 0.7639629 0.5334462 0.7571829 0.3769739 0.2692698 0.7180835 0.6417553 0.1807968 0.7196469 0.6703886 -0.1894645 0.6341018 0.7496787 -0.3122147 0.586219 0.7475757 0.6557772 -0.2938438 0.6954223 0.6066992 -0.3865918 0.6945956 0.06833267 -0.05380547 0.9962107 0.7907025 0.1262597 0.5990393 0.8442581 0.4081969 0.3472802 0.7874533 0.05527001 0.6138913 0.7989996 -0.1287921 0.5873776 0.6093877 0.1311739 0.7819463 0.5721517 0.2158959 0.7912216 0.3417861 0.5281067 0.7773582 0.253917 0.6198992 0.742463 -0.1760656 -0.6165503 0.7673766 -0.277783 -0.6092795 0.7427081 -0.2394863 0.05301231 0.9694514 0.2743939 -0.5839148 0.7640364 0.6036738 -0.5541409 0.5731544 0.2057607 -0.6073635 0.7673149 -0.4586045 0.2634375 0.8486946 -0.5794267 -0.1478017 0.8015108 -0.4178968 0.2931351 0.8599036 0.4141759 0.5183074 0.7482085 -0.2439989 0.7174087 0.6525254 -0.23866 0.7102426 0.6622664 -0.09055125 -0.576116 0.8123366 0.2981132 -0.3989797 0.8671469 0.3307978 -0.3544197 0.8746197 0.7209621 -0.1139293 0.6835451 0.7152175 -0.1092282 0.6903139 -0.8433632 0.5295969 0.09091621 -0.856897 0.3208824 0.4034377 -0.861738 0.2391173 0.4474714 -0.78312 -0.1030019 0.6132812 -0.7315123 -0.2199206 0.6453873 0.09982866 0.7907249 0.6039772 0.1919966 0.7498885 0.6330913 -0.1812508 0.2490025 0.9513916 -0.2912089 0.8721315 0.3931718 -0.5088735 0.8571255 0.07989865 -0.225534 0.877294 0.4236623 -0.6858866 0.3732488 0.6246958 -0.7792447 -0.2182422 0.5874931 -0.7333184 -0.2579188 0.6290644 0.281846 0.5117785 0.8115699 -0.2124758 0.7661581 0.6065113 -0.1540907 0.7470452 0.6466681 -0.3211558 -0.5050658 0.801104 -0.2277057 -0.5312217 0.8160598 0.3458707 0.4510999 0.8227286 0.5521592 -0.3338835 0.7639647 -0.3094662 0.6305297 0.7118027 -0.6713355 0.5568267 0.4891346 -0.2760773 0.6082184 0.7442122 0.2395125 -0.05432367 0.9693723 0.226851 0.6077947 0.7610023 0.2183687 0.6011777 0.7687005 -0.8687083 -0.06250399 0.4913646 -0.6152604 -0.3277116 0.7169798 -0.5705254 -0.3369621 0.7489709 -0.1552196 -0.6075112 0.7789975 -0.1562282 -0.5994904 0.7849866 0.986924 0.1106009 0.117254 0.859218 0.2841984 0.4254125 0.8109556 0.3514894 0.4677674 0.5321651 0.5714129 0.6247301 0.418182 0.6310269 0.653398 0.3970267 -0.6776829 0.6189636 0.2987208 -0.7028547 0.6455704 0.2707309 -0.07666283 0.9595977 0.7594945 -0.4993205 0.4169498 0.9290824 -0.3539565 0.1073344 0.7104663 -0.5440428 0.44638 0.02676534 0.9349575 0.3537487 -0.540855 0.7443546 0.3916788 -0.5534721 0.7010036 0.4497361 0.6049188 0.2345392 0.760963 0.5943644 0.7004802 0.3950425 0.6056824 0.6551234 0.4516219 -0.5756552 0.2975327 0.7616399 -0.554839 0.2116811 0.8045775 0.5813604 0.1573265 0.798291 -0.01837229 -0.3776704 0.9257578 0.8127931 0.5656775 0.139199 0.5130913 0.7233695 0.4620324 0.8173113 0.5558816 0.1516512 0.4907533 -0.1648967 0.8555527 0.4710578 -0.1852492 0.862431 0.2603593 0.4207682 0.8690036 0.6246951 -0.5328326 0.5708289 0.9572473 0.1584883 0.2419899 0.277728 0.4115563 0.8680374 0.958225 -0.1601009 0.2370079 0.9322109 0.2492203 0.2624351 -0.3767864 -0.3367456 0.8629221 0.2104912 -0.6406906 0.7383827 0.2082944 -0.6333066 0.745343 -0.1048622 0.551015 0.8278806 -0.5785189 0.3068689 0.755743 -0.5743385 0.3030849 0.7604438 0.5274351 -0.2183353 0.8210616 0.4876406 -0.2431794 0.8384929 0.7033193 0.1525359 0.6943161 0.2906682 0.654797 0.6976769 -0.1458824 0.517547 0.8431273 0.6315873 -0.2540998 0.7324826 0.6487432 -0.171639 0.741399 0.4745154 -0.7049369 0.5271614 -0.0351268 0.06881934 0.9970106 -0.6131557 -0.2900823 0.7347736 -0.626531 -0.2338694 0.743481 0.2440927 -0.9626371 0.1172548 0.425219 -0.7639781 0.4853106 -0.4176485 -0.7767621 0.4713919 -0.2240129 -0.9686573 0.1073369 -0.4559627 -0.7334774 0.5040921 -0.4768888 -0.2917305 0.8291384 -0.1445094 -0.7278577 0.6703285 -0.1651077 -0.664429 0.7288851 0.7288258 -0.2176924 0.6491711 0.6832575 -0.1680676 0.710572 0.7818459 -0.3188056 0.5357985 0.436635 -0.7104818 0.5518746 -0.08209604 -0.8340229 0.5455879 0.5081822 0.2684201 0.8183531 0.4608784 0.3487489 0.816067 -0.3143779 0.5635057 0.7639555 -0.5238617 -0.2206231 0.8227359 0.5565784 -0.3636971 0.7469571 0.2407917 0.05374324 0.9690877 0.2486708 0.06653195 0.9663003 0.3921699 -0.7465877 0.5374101 0.3791049 -0.7454835 0.5482097 -0.3639764 -0.09235221 0.9268183 -0.7034078 -0.2871251 0.6502128 -0.3751066 -0.07135295 0.9242315 -0.3546996 -0.7642124 0.5386722 -0.04883027 -0.7959036 0.6034511 0.04602277 -0.7761918 0.6288151 0.05200433 0.04425251 0.9976659 -0.3832918 -0.3976054 0.8336651 -0.3962332 -0.3788982 0.8363226 0.03494477 0.04202526 0.9985052 -0.1430125 0.5707075 0.808604 -0.6956277 -0.5227661 0.4927656 -0.5027083 0.6484059 0.5717117 -0.5108714 0.6355753 0.578839 -0.7813851 0.304735 0.5445861 -0.9051477 0.0365929 0.4235193 -0.7226024 0.3671151 0.5857239 0.6971864 0.3765185 0.6100533 0.7449364 -0.02276706 0.6667469 0.718092 0.08163946 0.6911433 -0.07214754 -0.06921768 0.9949893 -0.06634765 -0.09210544 0.9935365 0.4177811 -0.261674 0.8700492 -0.06003159 0.5493185 0.833454 0.04364258 0.8690676 0.4927646 -0.06061011 0.5378617 0.8408514 0.6075196 0.6719766 0.423518 0.7004866 0.4809893 0.5272266 -0.05160772 -0.9308012 0.3618646 0.5276153 -0.8064689 0.2668901 0.5580155 -0.7656385 0.3200257 -0.4380183 -0.1751219 0.8817439 -0.5642996 -0.6340054 0.5287753 -0.5571963 -0.5884484 0.5858847 0.6965286 -0.3717789 0.6137008 0.6959884 -0.2847434 0.6591824 -0.3979412 -0.1016293 0.9117644 0.2719603 0.3599483 0.8924545 -0.512846 0.8583242 0.01638883 -0.8402259 0.5336904 0.09589153 -0.5122057 0.8582337 0.03286927 -0.3586961 0.2633531 0.8955347 -0.3469685 0.239176 0.906867 -0.8453871 0.1498807 0.5126952 0.1102673 0.3813119 0.9178466 -0.241377 0.8989455 0.3655599 -0.8368546 0.1650149 0.5219622 0.01812827 0.8408002 0.541042 -0.3272844 0.8878247 0.3235001 -0.1419458 -0.7400349 0.6574189 -0.1098397 -0.7928058 0.5994951 -0.3619279 -0.3223139 0.8747125 0.6131018 -0.5320731 0.5839558 0.6920496 0.1837856 0.6980618 0.7325603 0.1647139 0.6604732 -0.5549687 0.1741449 0.8134393 -0.3794513 -0.2386945 0.8938913 0.1820797 0.39004 0.9026161 -0.2437876 0.5240458 0.8160538 0.2468982 0.3820666 0.8905428 0.6846393 -0.3319583 0.6489012 0.6791715 -0.2567875 0.6875947 0.6519858 -0.7023122 0.2857836 -0.04129242 -0.3069621 0.9508256 -0.5047253 -0.6812479 0.5302392 -0.5325909 -0.6373329 0.5569147 0.4946339 -0.8441463 -0.2067714 0.6198807 -0.7527014 0.2217849 -0.188758 -0.9732406 0.1310471 0.04519885 -0.964864 -0.2588332 -0.2368929 -0.9559341 0.1734122 -0.3280213 0.5803242 0.7454031 0.311482 0.5423315 0.780292 0.3048865 0.5254486 0.7943225 -0.3160548 0.5735131 0.7557725 -0.5476984 0.03759968 0.8358306 0.6870433 0.2635009 0.6771551 -0.3205758 -0.3329668 0.8867719 -0.3079047 -0.3248732 0.8942328 0.1132582 -0.2734251 0.9552022 0.4203099 -0.2375001 0.8757473 0.01989859 -0.2589259 0.9656922 0.9509974 0.2350865 0.2008444 0.8614373 -0.01550376 0.5076273 0.8859492 0.07956421 0.4569067 0.2532458 0.5564817 0.7913247 0.2491251 0.5378943 0.8053612 0.5597813 0.1116389 0.8210857 0.4407894 0.859086 0.260146 0.5333517 0.8199871 -0.2077435 0.4385297 0.8561538 0.273299 0.9208832 0.3661376 -0.1338567 0.9646887 0.2540437 0.06955379 0.2095149 0.9771972 0.03448677 0.2248667 0.9731713 -0.04870891 0.1416987 0.8360624 0.5300199 -0.4865647 0.8215415 -0.2971942 -0.8965329 0.4168621 0.1498494 -0.9095209 0.4048622 0.0941199 0.1129515 0.4403308 0.8907024 0.1142317 0.7915953 0.6002733 -0.6269961 0.3961759 0.6707613 -0.2976552 0.2185795 0.929314 -0.6737797 0.3963571 0.6236361 0.127936 0.3394028 0.9319003 -0.02908432 0.8327345 0.5529081 -0.006164848 0.8334778 0.5525186 0.135291 0.3536245 0.9255518 0.6503122 0.128396 0.748738 -0.007660329 0.9946895 0.1026368 0.8791936 0.2595648 0.3995558 0.8736681 0.2753427 0.4011116 0.7370514 0.6390526 0.2199251 0.5642411 0.8251812 0.02661281 0.7627747 0.5786503 0.2886843 -0.03622668 -0.8012915 0.5971766 0.2075631 -0.5846011 0.7843208 0.2883174 -0.5390349 0.7914004 0.5756523 -0.2789145 0.7686554 0.6574667 -0.1827466 0.7309865 -0.6148779 0.122353 0.7790732 -0.6183146 0.2240093 0.7533306 0.049075 0.2543174 0.965875 -0.5375999 -0.322621 0.7790393 -0.4791186 -0.6494149 0.5905131 -0.56768 -0.2566325 0.782227 -0.0263077 -0.9104252 0.4128364 -0.07428395 -0.6228686 0.7787918 -0.04278814 -0.9096613 0.4131411 -0.8858587 -0.2696397 0.3775566 -0.896736 -0.2438762 0.3693088 -0.4732964 -0.2270956 0.8511277 -0.9380033 -0.3319863 -0.09967523 -0.3907616 -0.90665 0.159033 -0.4836292 -0.2408227 0.8414911 -0.577057 -0.8126041 -0.08173036 -0.3437975 -0.9070273 0.243115</float_array>
          <technique_common>
            <accessor source="#tree_oak_bush_a200_001-mesh-normals-array" count="310" stride="3">
              <param name="X" type="float"/>
              <param name="Y" type="float"/>
              <param name="Z" type="float"/>
            </accessor>
          </technique_common>
        </source>
        <source id="tree_oak_bush_a200_001-mesh-map-0">
          <float_array id="tree_oak_bush_a200_001-mesh-map-0-array" count="1548">0.8634315 -6.819119 0.9949943 -6.157029 0.6207675 -6.171388 0.6210611 -5.408438 0.6207675 -6.171388 0.800015 -5.415874 0.4352099 -6.771705 0.4083573 -6.201131 0.07119554 -6.159835 0.5090495 13.83475 0.5580258 19.49716 0.4702941 19.50031 0.722196 13.79644 0.656263 19.48899 0.5580258 19.49716 0.5090495 13.83475 0.08737671 13.79777 0.5173729 11.42717 0.722196 13.79644 0.9228551 13.78825 0.656263 19.48899 0.800015 -5.415874 0.9866717 -5.420503 1.038792 -4.373366 0.5173729 11.42717 0.7356371 11.41116 0.722196 13.79644 0.6207675 -6.171388 0.6210611 -5.408438 0.4083573 -6.201131 0.6210611 -5.408438 0.800015 -5.415874 0.6382149 -4.361953 0.6382149 -4.361953 0.6552571 0.474252 0.4310585 0.4762685 0.6382149 -4.361953 0.8246126 -4.367065 0.6552571 0.474252 0.6552571 0.474252 0.7567254 8.230305 0.514605 8.245839 0.9495378 11.40082 0.7356371 11.41116 0.7567254 8.230305 0.9361594 0.4591885 0.9801639 8.20724 0.7567254 8.230305 0.5173729 11.42717 0.07292103 11.41001 0.514605 8.245839 0.514605 8.245839 0.7567254 8.230305 0.7356371 11.41116 0.9228551 13.78825 0.722196 13.79644 0.7356371 11.41116 0.8246126 -4.367065 1.038792 -4.373366 0.9361594 0.4591885 0.6382149 -4.361953 0.01827442 -4.374657 0.07997226 -5.422644 0.4310585 0.4762685 -0.07153314 0.4662418 0.01827442 -4.374657 0.4310585 0.4762685 0.6552571 0.474252 0.514605 8.245839 0.6210611 -5.408438 0.6382149 -4.361953 0.07997226 -5.422644 0.6552571 0.474252 0.9361594 0.4591885 0.7567254 8.230305 0.6382149 -4.361953 0.4310585 0.4762685 0.01827442 -4.374657 0.4310585 0.4762685 0.514605 8.245839 -0.07153314 0.4662418 0.5173729 11.42717 0.514605 8.245839 0.7356371 11.41116 0.08737671 13.79777 0.07292103 11.41001 0.5173729 11.42717 0.9801639 8.20724 0.9495378 11.40082 0.7567254 8.230305 0.9495378 11.40082 0.9228551 13.78825 0.7356371 11.41116 0.5090495 13.83475 0.722196 13.79644 0.5580258 19.49716 0.37125 19.5048 0.08737671 13.79777 0.4702941 19.50031 0.4702941 19.50031 0.08737671 13.79777 0.5090495 13.83475 0.4083573 -6.201131 0.07997226 -5.422644 0.07119554 -6.159835 0.6210611 -5.408438 0.07997226 -5.422644 0.4083573 -6.201131 0.6103358 -6.766634 0.6207675 -6.171388 0.4083573 -6.201131 0.6103358 -6.766634 0.8634315 -6.819119 0.6207675 -6.171388 0.6207675 -6.171388 0.9949943 -6.157029 0.800015 -5.415874 0.9949943 -6.157029 0.9866717 -5.420503 0.800015 -5.415874 0.1852691 -6.827999 0.4352099 -6.771705 0.07119554 -6.159835 0.8246126 -4.367065 0.800015 -5.415874 1.038792 -4.373366 0.5090495 13.83475 0.5173729 11.42717 0.722196 13.79644 0.800015 -5.415874 0.8246126 -4.367065 0.6382149 -4.361953 0.8246126 -4.367065 0.9361594 0.4591885 0.6552571 0.474252 0.07292103 11.41001 0.04293674 8.213877 0.514605 8.245839 0.514605 8.245839 0.04293674 8.213877 -0.07153314 0.4662418 0.4352099 -6.771705 0.6103358 -6.766634 0.4083573 -6.201131 0.2111163 1.018821 0.0259028 0.60935 0.2105268 0.6038341 0.3146033 0.2489683 0.3821886 0.6395155 0.2105268 0.6038341 0.3821886 0.6395155 0.2111163 1.018821 0.2105268 0.6038341 0.1057749 0.2512139 0.2100299 0.2539928 0.2105268 0.6038341 0.3146033 0.2489683 0.2100299 0.2539928 0.2099031 0.1647348 0.2100299 0.2539928 0.1057749 0.2512139 0.2099031 0.1647489 0.2050805 0.005488038 0.3099468 0.2154862 0.2053733 0.220732 0.377532 0.6232389 0.2058702 0.5859856 0.2053733 0.220732 0.02124625 0.5917446 0.2058702 0.5859856 0.2064597 1.019255 0.2064597 1.019255 0.2058702 0.5859856 0.377532 0.6232389 0.1011183 0.2178308 0.2050805 0.005488038 0.2053733 0.220732 0.02124625 0.5917446 0.1011183 0.2178308 0.2053733 0.220732 0.2050805 0.005488038 0.3099468 0.2154862 0.2053733 0.220732 0.377532 0.6232389 0.2058702 0.5859856 0.2053733 0.220732 0.02124625 0.5917446 0.2058702 0.5859856 0.2064597 1.019255 0.2064597 1.019255 0.2058702 0.5859856 0.377532 0.6232389 0.1011183 0.2178308 0.2050805 0.005488038 0.2053733 0.220732 0.02124625 0.5917446 0.1011183 0.2178308 0.2053733 0.220732 0.1057749 0.2231346 0.2079371 0.004168987 0.2082299 0.226628 0.2077563 1.01843 0.0259028 0.5934174 0.2083508 0.587185 0.2079371 0.004168987 0.3146033 0.2208127 0.2082299 0.226628 0.1057749 0.2231346 0.2082299 0.226628 0.2083508 0.587185 0.3146033 0.2208127 0.3821886 0.624606 0.2083508 0.587185 0.3821886 0.624606 0.2077563 1.01843 0.2083508 0.587185 0.2050805 0.005488038 0.3099468 0.2154862 0.2053733 0.220732 0.377532 0.6232389 0.2058702 0.5859856 0.2053733 0.220732 0.02124625 0.5917446 0.2058702 0.5859856 0.2064597 1.019255 0.2064597 1.019255 0.2058702 0.5859856 0.377532 0.6232389 0.1011183 0.2178308 0.2050805 0.005488038 0.2053733 0.220732 0.02124625 0.5917446 0.1011183 0.2178308 0.2053733 0.220732 0.2111163 1.018821 0.0259028 0.60935 0.2105268 0.6038341 0.3146033 0.2489683 0.3821886 0.6395155 0.2105268 0.6038341 0.3821886 0.6395155 0.2111163 1.018821 0.2105268 0.6038341 0.1057749 0.2512139 0.2100299 0.2539928 0.2105268 0.6038341 0.3146033 0.2489683 0.2100299 0.2539928 0.2099031 0.1647348 0.2100299 0.2539928 0.1057749 0.2512139 0.2099031 0.1647489 0.1057749 0.2231346 0.2079371 0.004168987 0.2082299 0.226628 0.2077563 1.01843 0.0259028 0.5934174 0.2083508 0.587185 0.2079371 0.004168987 0.3146033 0.2208127 0.2082299 0.226628 0.1057749 0.2231346 0.2082299 0.226628 0.2083508 0.587185 0.3146033 0.2208127 0.3821886 0.624606 0.2083508 0.587185 0.3821886 0.624606 0.2077563 1.01843 0.2083508 0.587185 0.2050805 0.005488038 0.3099468 0.2154862 0.2053733 0.220732 0.377532 0.6232389 0.2058702 0.5859856 0.2053733 0.220732 0.02124625 0.5917446 0.2058702 0.5859856 0.2064597 1.019255 0.2064597 1.019255 0.2058702 0.5859856 0.377532 0.6232389 0.1011183 0.2178308 0.2050805 0.005488038 0.2053733 0.220732 0.02124625 0.5917446 0.1011183 0.2178308 0.2053733 0.220732 0.2111163 1.018821 0.0259028 0.60935 0.2105268 0.6038341 0.3146033 0.2489683 0.3821886 0.6395155 0.2105268 0.6038341 0.3821886 0.6395155 0.2111163 1.018821 0.2105268 0.6038341 0.1057749 0.2512139 0.2100299 0.2539928 0.2105268 0.6038341 0.3146033 0.2489683 0.2100299 0.2539928 0.2099031 0.1647348 0.2100299 0.2539928 0.1057749 0.2512139 0.2099031 0.1647489 0.3821886 0.6148297 0.2077563 1.007045 0.2083508 0.5775617 0.1057749 0.2149991 0.2082299 0.2184784 0.2083508 0.5775617 0.1057749 0.2149991 0.2079371 -0.003071486 0.2082299 0.2184784 0.3146033 0.2126868 0.3821886 0.6148297 0.2083508 0.5775617 0.2077563 1.007045 0.0259028 0.5837686 0.2083508 0.5775617 0.2079371 -0.003071486 0.3146033 0.2126868 0.2082299 0.2184784 0.5880383 -0.01364988 0.7801668 0.4204427 0.58741 0.4268082 0.475154 0.8010074 0.40375 0.3885879 0.58741 0.4268082 0.6957817 0.798636 0.5875377 0.7950679 0.58741 0.4268082 0.6957817 0.798636 0.5878471 1.022279 0.5875377 0.7950679 0.40375 0.3885879 0.5880383 -0.01364988 0.58741 0.4268082 0.5878471 1.022279 0.475154 0.8010074 0.5875377 0.7950679 0.420289 0.3944026 0.5880765 0.4316949 0.5885622 0.7973316 0.420289 0.3944026 0.5875004 -0.002028465 0.5880765 0.4316949 0.5875004 -0.002028465 0.7685335 0.42593 0.5880765 0.4316949 0.5888484 1.012801 0.4863489 0.8025829 0.5885622 0.7973316 0.6904641 0.800236 0.5888484 1.012801 0.5885622 0.7973316 0.7685335 0.42593 0.6904641 0.800236 0.5885622 0.7973316 0.4820718 0.8110337 0.4144866 0.3992412 0.5861484 0.4368636 0.7707723 0.4310476 0.5861484 0.4368636 0.585956 0.2940347 0.4144866 0.3992412 0.585559 -6.98149e-4 0.585956 0.2940347 0.6909003 0.8086659 0.5866453 0.8057359 0.5861484 0.4368636 0.5866453 0.8057359 0.6909003 0.8086659 0.586772 0.8998346 0.5869381 1.023113 0.4820718 0.8110337 0.5866453 0.8057359 0.5883368 -0.004494607 0.7701902 0.426218 0.5877423 0.432534 0.4139045 0.3946112 0.5883368 -0.004494607 0.5877423 0.432534 0.6903182 0.8014666 0.588156 1.023369 0.5878632 0.7979263 0.588156 1.023369 0.4814897 0.8038195 0.5878632 0.7979263 0.4814897 0.8038195 0.4139045 0.3946112 0.5877423 0.432534 0.6903182 0.8014666 0.5878632 0.7979263 0.5877423 0.432534 0.5877423 0.432534 0.5878632 0.7979263 0.6903182 0.8014666 0.5877423 0.432534 0.7701902 0.426218 0.5883368 -0.004494607 0.5878632 0.7979263 0.588156 1.023369 0.6903182 0.8014666 0.4139045 0.3946112 0.5877423 0.432534 0.5883368 -0.004494607 0.5877423 0.432534 0.4139045 0.3946112 0.4814897 0.8038195 0.588156 1.023369 0.5878632 0.7979263 0.4814897 0.8038195 0.2082299 0.2184784 0.2083508 0.5775617 0.4048391 0.4105277 0.2083508 0.5775617 0.0259028 0.5837686 0.2077563 1.007045 0.3821886 0.6148297 0.2083508 0.5775617 0.2077563 1.007045 0.2082299 0.2184784 0.2079371 -0.003071486 0.1057749 0.2149991 0.2079371 -0.003071486 0.2082299 0.2184784 0.3146033 0.2126868 0.2083508 0.5775617 0.2082299 0.2184784 0.1057749 0.2149991 0.2111163 1.018821 0.0259028 0.60935 0.2105268 0.6038341 0.3146033 0.2489683 0.3821886 0.6395155 0.2105268 0.6038341 0.3821886 0.6395155 0.2111163 1.018821 0.2105268 0.6038341 0.1057749 0.2512139 0.2100299 0.2539928 0.2105268 0.6038341 0.3146033 0.2489683 0.2100299 0.2539928 0.2099031 0.1647348 0.2100299 0.2539928 0.1057749 0.2512139 0.2099031 0.1647489 0.3821886 0.6148297 0.2077563 1.007045 0.2083508 0.5775617 0.1057749 0.2149991 0.2082299 0.2184784 0.2083508 0.5775617 0.1057749 0.2149991 0.2079371 -0.003071486 0.2082299 0.2184784 0.3146033 0.2126868 0.3821886 0.6148297 0.2083508 0.5775617 0.2077563 1.007045 0.0259028 0.5837686 0.2083508 0.5775617 0.2079371 -0.003071486 0.3146033 0.2126868 0.2082299 0.2184784 0.420289 0.3944026 0.5880765 0.4316949 0.5885622 0.7973316 0.420289 0.3944026 0.5875004 -0.002028465 0.5880765 0.4316949 0.5875004 -0.002028465 0.7685335 0.42593 0.5880765 0.4316949 0.5888484 1.012801 0.4863489 0.8025829 0.5885622 0.7973316 0.6904641 0.800236 0.5888484 1.012801 0.5885622 0.7973316 0.7685335 0.42593 0.6904641 0.800236 0.5885622 0.7973316 0.420289 0.3944026 0.5880765 0.4316949 0.5885622 0.7973316 0.420289 0.3944026 0.5875004 -0.002028465 0.5880765 0.4316949 0.5875004 -0.002028465 0.7685335 0.42593 0.5880765 0.4316949 0.5888484 1.012801 0.4863489 0.8025829 0.5885622 0.7973316 0.6904641 0.800236 0.5888484 1.012801 0.5885622 0.7973316 0.7685335 0.42593 0.6904641 0.800236 0.5885622 0.7973316 0.5877423 0.432534 0.5878632 0.7979263 0.6903182 0.8014666 0.5877423 0.432534 0.7701902 0.426218 0.5883368 -0.004494607 0.5878632 0.7979263 0.588156 1.023369 0.6903182 0.8014666 0.4139045 0.3946112 0.5877423 0.432534 0.5883368 -0.004494607 0.5877423 0.432534 0.4139045 0.3946112 0.4814897 0.8038195 0.588156 1.023369 0.5878632 0.7979263 0.4814897 0.8038195 0.2082299 0.2184784 0.2083508 0.5775617 0.4048391 0.4105277 0.2083508 0.5775617 0.0259028 0.5837686 0.2077563 1.007045 0.3821886 0.6148297 0.2083508 0.5775617 0.2077563 1.007045 0.2082299 0.2184784 0.2079371 -0.003071486 0.1057749 0.2149991 0.2079371 -0.003071486 0.2082299 0.2184784 0.3146033 0.2126868 0.2083508 0.5775617 0.2082299 0.2184784 0.1057749 0.2149991 0.420289 0.3944026 0.5880765 0.4316949 0.5885622 0.7973316 0.420289 0.3944026 0.5875004 -0.002028465 0.5880765 0.4316949 0.5875004 -0.002028465 0.7685335 0.42593 0.5880765 0.4316949 0.5888484 1.012801 0.4863489 0.8025829 0.5885622 0.7973316 0.6904641 0.800236 0.5888484 1.012801 0.5885622 0.7973316 0.7685335 0.42593 0.6904641 0.800236 0.5885622 0.7973316 0.5877423 0.432534 0.5878632 0.7979263 0.6903182 0.8014666 0.5877423 0.432534 0.7701902 0.426218 0.5883368 -0.004494607 0.5878632 0.7979263 0.588156 1.023369 0.6903182 0.8014666 0.4139045 0.3946112 0.5877423 0.432534 0.5883368 -0.004494607 0.5877423 0.432534 0.4139045 0.3946112 0.4814897 0.8038195 0.588156 1.023369 0.5878632 0.7979263 0.4814897 0.8038195 0.2050805 0.005488038 0.3099468 0.2154862 0.2053733 0.220732 0.377532 0.6232389 0.2058702 0.5859856 0.2053733 0.220732 0.02124625 0.5917446 0.2058702 0.5859856 0.2064597 1.019255 0.2064597 1.019255 0.2058702 0.5859856 0.377532 0.6232389 0.1011183 0.2178308 0.2050805 0.005488038 0.2053733 0.220732 0.02124625 0.5917446 0.1011183 0.2178308 0.2053733 0.220732 0.3821886 0.6148297 0.2077563 1.007045 0.2083508 0.5775617 0.1057749 0.2149991 0.2082299 0.2184784 0.2083508 0.5775617 0.1057749 0.2149991 0.2079371 -0.003071486 0.2082299 0.2184784 0.3146033 0.2126868 0.3821886 0.6148297 0.2083508 0.5775617 0.2077563 1.007045 0.0259028 0.5837686 0.2083508 0.5775617 0.2079371 -0.003071486 0.3146033 0.2126868 0.2082299 0.2184784 0.2100299 0.2539928 0.3146033 0.2489683 0.2105268 0.6038341 0.0259028 0.60935 0.1057749 0.2512139 0.2105268 0.6038341 0.3099468 0.2154862 0.377532 0.6232389 0.2053733 0.220732 0.2058702 0.5859856 0.02124625 0.5917446 0.2053733 0.220732 0.3099468 0.2154862 0.377532 0.6232389 0.2053733 0.220732 0.2058702 0.5859856 0.02124625 0.5917446 0.2053733 0.220732 0.0259028 0.5934174 0.1057749 0.2231346 0.2083508 0.587185 0.2082299 0.226628 0.3146033 0.2208127 0.2083508 0.587185 0.3099468 0.2154862 0.377532 0.6232389 0.2053733 0.220732 0.2058702 0.5859856 0.02124625 0.5917446 0.2053733 0.220732 0.2100299 0.2539928 0.3146033 0.2489683 0.2105268 0.6038341 0.0259028 0.60935 0.1057749 0.2512139 0.2105268 0.6038341 0.0259028 0.5934174 0.1057749 0.2231346 0.2083508 0.587185 0.2082299 0.226628 0.3146033 0.2208127 0.2083508 0.587185 0.3099468 0.2154862 0.377532 0.6232389 0.2053733 0.220732 0.2058702 0.5859856 0.02124625 0.5917446 0.2053733 0.220732 0.2100299 0.2539928 0.3146033 0.2489683 0.2105268 0.6038341 0.0259028 0.60935 0.1057749 0.2512139 0.2105268 0.6038341 0.0259028 0.5837686 0.1057749 0.2149991 0.2083508 0.5775617 0.2082299 0.2184784 0.3146033 0.2126868 0.2083508 0.5775617 0.5875377 0.7950679 0.475154 0.8010074 0.58741 0.4268082 0.7801668 0.4204427 0.6957817 0.798636 0.58741 0.4268082 0.4863489 0.8025829 0.420289 0.3944026 0.5885622 0.7973316 0.5880765 0.4316949 0.7685335 0.42593 0.5885622 0.7973316 0.5866453 0.8057359 0.4820718 0.8110337 0.5861484 0.4368636 0.585559 -6.98149e-4 0.7707723 0.4310476 0.585956 0.2940347 0.5861484 0.4368636 0.4144866 0.3992412 0.585956 0.2940347 0.7707723 0.4310476 0.6909003 0.8086659 0.5861484 0.4368636 0.5878632 0.7979263 0.4814897 0.8038195 0.5877423 0.432534 0.7701902 0.426218 0.6903182 0.8014666 0.5877423 0.432534 0.7701902 0.426218 0.5877423 0.432534 0.6903182 0.8014666 0.5878632 0.7979263 0.5877423 0.432534 0.4814897 0.8038195 0.3146033 0.2126868 0.2082299 0.2184784 0.4048391 0.4105277 0.0259028 0.5837686 0.2083508 0.5775617 0.1057749 0.2149991 0.2100299 0.2539928 0.3146033 0.2489683 0.2105268 0.6038341 0.0259028 0.60935 0.1057749 0.2512139 0.2105268 0.6038341 0.0259028 0.5837686 0.1057749 0.2149991 0.2083508 0.5775617 0.2082299 0.2184784 0.3146033 0.2126868 0.2083508 0.5775617 0.4863489 0.8025829 0.420289 0.3944026 0.5885622 0.7973316 0.5880765 0.4316949 0.7685335 0.42593 0.5885622 0.7973316 0.4863489 0.8025829 0.420289 0.3944026 0.5885622 0.7973316 0.5880765 0.4316949 0.7685335 0.42593 0.5885622 0.7973316 0.7701902 0.426218 0.5877423 0.432534 0.6903182 0.8014666 0.5878632 0.7979263 0.5877423 0.432534 0.4814897 0.8038195 0.3146033 0.2126868 0.2082299 0.2184784 0.4048391 0.4105277 0.0259028 0.5837686 0.2083508 0.5775617 0.1057749 0.2149991 0.4863489 0.8025829 0.420289 0.3944026 0.5885622 0.7973316 0.5880765 0.4316949 0.7685335 0.42593 0.5885622 0.7973316 0.7701902 0.426218 0.5877423 0.432534 0.6903182 0.8014666 0.5878632 0.7979263 0.5877423 0.432534 0.4814897 0.8038195 0.3099468 0.2154862 0.377532 0.6232389 0.2053733 0.220732 0.2058702 0.5859856 0.02124625 0.5917446 0.2053733 0.220732 0.0259028 0.5837686 0.1057749 0.2149991 0.2083508 0.5775617 0.2082299 0.2184784 0.3146033 0.2126868 0.2083508 0.5775617</float_array>
          <technique_common>
            <accessor source="#tree_oak_bush_a200_001-mesh-map-0-array" count="774" stride="2">
              <param name="S" type="float"/>
              <param name="T" type="float"/>
            </accessor>
          </technique_common>
        </source>
        <source id="tree_oak_bush_a200_001-mesh-colors-Col" name="Col">
          <float_array id="tree_oak_bush_a200_001-mesh-colors-Col-array" count="2322">0 0 0 0 0 0 0 0 0 0 0 0 0 0 0 0 0 0 0 0 0 0 0 0 0 0 0 0 0 0 0 0 0 0 0 0 0 0 0 0 0 0 0 0 0 0 0 0 0 0 0 0 0 0 0 0 0 0 0 0 0 0 0 0 0 0 0 0 0 0 0 0 0 0 0 0 0 0 0 0 0 0 0 0 0 0 0 0 0 0 0 0 0 0 0 0 0 0 0 0 0 0 0 0 0 0 0 0 0 0 0 0 0 0 0 0 0 0 0 0 0 0 0 0 0 0 0 0 0 0 0 0 0 0 0 0 0 0 0 0 0 0 0 0 0 0 0 0 0 0 0 0 0 0 0 0 0 0 0 0 0 0 0 0 0 0 0 0 0 0 0 0 0 0 0 0 0 0 0 0 0 0 0 0 0 0 0 0 0 0 0 0 0 0 0 0 0 0 0 0 0 0 0 0 0 0 0 0 0 0 0 0 0 0 0 0 0 0 0 0 0 0 0 0 0 0 0 0 0 0 0 0 0 0 0 0 0 0 0 0 0 0 0 0 0 0 0 0 0 0 0 0 0 0 0 0 0 0 0 0 0 0 0 0 0 0 0 0 0 0 0 0 0 0 0 0 0 0 0 0 0 0 0 0 0 0 0 0 0 0 0 0 0 0 0 0 0 0 0 0 0 0 0 0 0 0 0 0 0 0 0 0 0 0 0 0 0 0 0 0 0 0 0 0 0 0 0 0 0 0 0 0 0 0 0 0 0 0 0 0 0 0 0 0 0 0 0 0 0 0 0 0 0 0 0 0 0 0 0 0 0 0 0 0 0 0 0 0 0 0 0 0 0 0 0 0 0 0 0 0 0 0 0 0 0 0 0 0 0 0 0 0 0 0 0 0 0 0 0 0 0 0 0 0 0 0 0 0 0 0 0 0 0 0 0 0 0 0 0 0 0 0 0 0 0 0 0 0 0 0 0 0 1 1 1 1 1 1 1 0.8392157 0 0.06666666 0.3411765 0 0.8784314 0.5019608 1 1 0.8392157 0 0.8784314 0.5019608 1 1 1 1 1 0.8392157 0 0.05882352 0.3529412 0 0.06274509 0.3686274 0 1 0.8392157 0 0.06666666 0.3411765 0 0.06274509 0.3686274 0 0.03529411 0.3019608 0 0.06274509 0.3686274 0 0.05882352 0.3529412 0 0.03529411 0.3019608 0 0 0.2156863 0 0.06666666 0.3411765 0 0.06274509 0.3686274 0 0.8784314 0.5019608 1 1 0.8392157 0 0.06274509 0.3686274 0 1 1 1 1 0.8392157 0 1 1 1 1 1 1 1 0.8392157 0 0.8784314 0.5019608 1 0.05882352 0.3529412 0 0 0.2156863 0 0.06274509 0.3686274 0 1 1 1 0.05882352 0.3529412 0 0.06274509 0.3686274 0 0 0.2156863 0 0.06666666 0.3411765 0 0.06274509 0.3686274 0 0.8784314 0.5019608 1 1 0.8392157 0 0.06274509 0.3686274 0 1 1 1 1 0.8392157 0 1 1 1 1 1 1 1 0.8392157 0 0.8784314 0.5019608 1 0.05882352 0.3529412 0 0 0.2156863 0 0.06274509 0.3686274 0 1 1 1 0.05882352 0.3529412 0 0.06274509 0.3686274 0 0.05882352 0.3529412 0 0 0.2156863 0 0.06274509 0.3686274 0 1 1 1 1 1 1 1 0.8392157 0 0 0.2156863 0 0.06666666 0.3411765 0 0.06274509 0.3686274 0 0.05882352 0.3529412 0 0.06274509 0.3686274 0 1 0.8392157 0 0.06666666 0.3411765 0 0.8784314 0.5019608 1 1 0.8392157 0 0.8784314 0.5019608 1 1 1 1 1 0.8392157 0 0 0.2156863 0 0.06666666 0.3411765 0 0.06274509 0.3686274 0 0.8784314 0.5019608 1 1 0.8392157 0 0.06274509 0.3686274 0 1 1 1 1 0.8392157 0 1 1 1 1 1 1 1 0.8392157 0 0.8784314 0.5019608 1 0.05882352 0.3529412 0 0 0.2156863 0 0.06274509 0.3686274 0 1 1 1 0.05882352 0.3529412 0 0.06274509 0.3686274 0 1 1 1 1 1 1 1 0.8392157 0 0.06666666 0.3411765 0 0.8784314 0.5019608 1 1 0.8392157 0 0.8784314 0.5019608 1 1 1 1 1 0.8392157 0 0.05882352 0.3529412 0 0.06274509 0.3686274 0 1 0.8392157 0 0.06666666 0.3411765 0 0.06274509 0.3686274 0 0.03529411 0.3019608 0 0.06274509 0.3686274 0 0.05882352 0.3529412 0 0.03529411 0.3019608 0 0.05882352 0.3529412 0 0 0.2156863 0 0.06274509 0.3686274 0 1 1 1 1 1 1 1 0.8392157 0 0 0.2156863 0 0.06666666 0.3411765 0 0.06274509 0.3686274 0 0.05882352 0.3529412 0 0.06274509 0.3686274 0 1 0.8392157 0 0.06666666 0.3411765 0 0.8784314 0.5019608 1 1 0.8392157 0 0.8784314 0.5019608 1 1 1 1 1 0.8392157 0 0 0.2156863 0 0.06666666 0.3411765 0 0.06274509 0.3686274 0 0.8784314 0.5019608 1 1 0.8392157 0 0.06274509 0.3686274 0 1 1 1 1 0.8392157 0 1 1 1 1 1 1 1 0.8392157 0 0.8784314 0.5019608 1 0.05882352 0.3529412 0 0 0.2156863 0 0.06274509 0.3686274 0 1 1 1 0.05882352 0.3529412 0 0.06274509 0.3686274 0 1 1 1 1 1 1 1 0.8392157 0 0.06666666 0.3411765 0 0.8784314 0.5019608 1 1 0.8392157 0 0.8784314 0.5019608 1 1 1 1 1 0.8392157 0 0.05882352 0.3529412 0 0.06274509 0.3686274 0 1 0.8392157 0 0.06666666 0.3411765 0 0.06274509 0.3686274 0 0.03529411 0.3019608 0 0.06274509 0.3686274 0 0.05882352 0.3529412 0 0.03529411 0.3019608 0 0.8784314 0.5019608 1 1 1 1 1 0.8392157 0 0.05882352 0.3529412 0 0.06274509 0.3686274 0 1 0.8392157 0 0.05882352 0.3529412 0 0 0.2156863 0 0.06274509 0.3686274 0 0.06666666 0.3411765 0 0.8784314 0.5019608 1 1 0.8392157 0 1 1 1 1 1 1 1 0.8392157 0 0 0.2156863 0 0.06666666 0.3411765 0 0.06274509 0.3686274 0 1 1 1 1 1 1 1 0.8392157 0 0.06666666 0.3411765 0 0.8784314 0.5019608 1 1 0.8392157 0 0.05882352 0.3529412 0 0.06274509 0.3686274 0 1 0.8392157 0 0.05882352 0.3529412 0 0 0.2156863 0 0.06274509 0.3686274 0 0.8784314 0.5019608 1 1 1 1 1 0.8392157 0 0 0.2156863 0 0.06666666 0.3411765 0 0.06274509 0.3686274 0 0.8784314 0.5019608 1 1 0.8392157 0 0.06274509 0.3686274 0 0.8784314 0.5019608 1 1 1 1 1 0.8392157 0 1 1 1 1 1 1 1 0.8392157 0 0 0.2156863 0 0.06666666 0.3411765 0 0.06274509 0.3686274 0 0.05882352 0.3529412 0 0 0.2156863 0 0.06274509 0.3686274 0 1 1 1 0.05882352 0.3529412 0 0.06274509 0.3686274 0 0.06666666 0.3411765 0 0.8784314 0.5019608 1 1 0.8392157 0 1 1 1 1 0.8392157 0 1 1 0 0.8784314 0.5019608 1 1 1 1 1 1 0 0.05882352 0.3529412 0 0.06274509 0.3686274 0 1 0.8392157 0 0.06274509 0.3686274 0 0.05882352 0.3529412 0 0.03529411 0.3019608 0 0 0.2156863 0 0.06666666 0.3411765 0 0.06274509 0.3686274 0 1 1 1 1 1 1 1 0.8392157 0 0.8784314 0.5019608 1 1 1 1 1 0.8392157 0 0.05882352 0.3529412 0 0 0.2156863 0 0.06274509 0.3686274 0 0 0.2156863 0 0.06666666 0.3411765 0 0.06274509 0.3686274 0 0.06666666 0.3411765 0 0.8784314 0.5019608 1 1 0.8392157 0 0.05882352 0.3529412 0 0.06274509 0.3686274 0 1 0.8392157 0 1 0.8392157 0 0.06274509 0.3686274 0 0.05882352 0.3529412 0 1 0.8392157 0 1 1 1 1 1 1 0.06274509 0.3686274 0 0 0.2156863 0 0.05882352 0.3529412 0 0.8784314 0.5019608 1 1 0.8392157 0 1 1 1 1 0.8392157 0 0.8784314 0.5019608 1 0.06666666 0.3411765 0 0 0.2156863 0 0.06274509 0.3686274 0 0.06666666 0.3411765 0 0.06274509 0.3686274 0 1 0.8392157 0 0.3098039 0.3882353 1 1 0.8392157 0 1 1 1 1 1 1 0.8784314 0.5019608 1 1 0.8392157 0 1 1 1 0.06274509 0.3686274 0 0 0.2156863 0 0.05882352 0.3529412 0 0 0.2156863 0 0.06274509 0.3686274 0 0.06666666 0.3411765 0 1 0.8392157 0 0.06274509 0.3686274 0 0.05882352 0.3529412 0 1 1 1 1 1 1 1 0.8392157 0 0.06666666 0.3411765 0 0.8784314 0.5019608 1 1 0.8392157 0 0.8784314 0.5019608 1 1 1 1 1 0.8392157 0 0.05882352 0.3529412 0 0.06274509 0.3686274 0 1 0.8392157 0 0.06666666 0.3411765 0 0.06274509 0.3686274 0 0.03529411 0.3019608 0 0.06274509 0.3686274 0 0.05882352 0.3529412 0 0.03529411 0.3019608 0 0.8784314 0.5019608 1 1 1 1 1 0.8392157 0 0.05882352 0.3529412 0 0.06274509 0.3686274 0 1 0.8392157 0 0.05882352 0.3529412 0 0 0.2156863 0 0.06274509 0.3686274 0 0.06666666 0.3411765 0 0.8784314 0.5019608 1 1 0.8392157 0 1 1 1 1 1 1 1 0.8392157 0 0 0.2156863 0 0.06666666 0.3411765 0 0.06274509 0.3686274 0 0.8784314 0.5019608 1 1 0.8392157 0 0.06274509 0.3686274 0 0.8784314 0.5019608 1 1 1 1 1 0.8392157 0 1 1 1 1 1 1 1 0.8392157 0 0 0.2156863 0 0.06666666 0.3411765 0 0.06274509 0.3686274 0 0.05882352 0.3529412 0 0 0.2156863 0 0.06274509 0.3686274 0 1 1 1 0.05882352 0.3529412 0 0.06274509 0.3686274 0 0.8784314 0.5019608 1 1 0.8392157 0 0.06274509 0.3686274 0 0.8784314 0.5019608 1 1 1 1 1 0.8392157 0 1 1 1 1 1 1 1 0.8392157 0 0 0.2156863 0 0.06666666 0.3411765 0 0.06274509 0.3686274 0 0.05882352 0.3529412 0 0 0.2156863 0 0.06274509 0.3686274 0 1 1 1 0.05882352 0.3529412 0 0.06274509 0.3686274 0 1 0.8392157 0 0.06274509 0.3686274 0 0.05882352 0.3529412 0 1 0.8392157 0 1 1 1 1 1 1 0.06274509 0.3686274 0 0 0.2156863 0 0.05882352 0.3529412 0 0.8784314 0.5019608 1 1 0.8392157 0 1 1 1 1 0.8392157 0 0.8784314 0.5019608 1 0.06666666 0.3411765 0 0 0.2156863 0 0.06274509 0.3686274 0 0.06666666 0.3411765 0 0.06274509 0.3686274 0 1 0.8392157 0 0.3098039 0.3882353 1 1 0.8392157 0 1 1 1 1 1 1 0.8784314 0.5019608 1 1 0.8392157 0 1 1 1 0.06274509 0.3686274 0 0 0.2156863 0 0.05882352 0.3529412 0 0 0.2156863 0 0.06274509 0.3686274 0 0.06666666 0.3411765 0 1 0.8392157 0 0.06274509 0.3686274 0 0.05882352 0.3529412 0 0.8784314 0.5019608 1 1 0.8392157 0 0.06274509 0.3686274 0 0.8784314 0.5019608 1 1 1 1 1 0.8392157 0 1 1 1 1 1 1 1 0.8392157 0 0 0.2156863 0 0.06666666 0.3411765 0 0.06274509 0.3686274 0 0.05882352 0.3529412 0 0 0.2156863 0 0.06274509 0.3686274 0 1 1 1 0.05882352 0.3529412 0 0.06274509 0.3686274 0 1 0.8392157 0 0.06274509 0.3686274 0 0.05882352 0.3529412 0 1 0.8392157 0 1 1 1 1 1 1 0.06274509 0.3686274 0 0 0.2156863 0 0.05882352 0.3529412 0 0.8784314 0.5019608 1 1 0.8392157 0 1 1 1 1 0.8392157 0 0.8784314 0.5019608 1 0.06666666 0.3411765 0 0 0.2156863 0 0.06274509 0.3686274 0 0.06666666 0.3411765 0 0 0.2156863 0 0.06666666 0.3411765 0 0.06274509 0.3686274 0 0.8784314 0.5019608 1 1 0.8392157 0 0.06274509 0.3686274 0 1 1 1 1 0.8392157 0 1 1 1 1 1 1 1 0.8392157 0 0.8784314 0.5019608 1 0.05882352 0.3529412 0 0 0.2156863 0 0.06274509 0.3686274 0 1 1 1 0.05882352 0.3529412 0 0.06274509 0.3686274 0 0.8784314 0.5019608 1 1 1 1 1 0.8392157 0 0.05882352 0.3529412 0 0.06274509 0.3686274 0 1 0.8392157 0 0.05882352 0.3529412 0 0 0.2156863 0 0.06274509 0.3686274 0 0.06666666 0.3411765 0 0.8784314 0.5019608 1 1 0.8392157 0 1 1 1 1 1 1 1 0.8392157 0 0 0.2156863 0 0.06666666 0.3411765 0 0.06274509 0.3686274 0 0.06274509 0.3686274 0 0.06666666 0.3411765 0 1 0.8392157 0 1 1 1 0.05882352 0.3529412 0 1 0.8392157 0 0.06666666 0.3411765 0 0.8784314 0.5019608 1 0.06274509 0.3686274 0 1 0.8392157 0 1 1 1 0.06274509 0.3686274 0 0.06666666 0.3411765 0 0.8784314 0.5019608 1 0.06274509 0.3686274 0 1 0.8392157 0 1 1 1 0.06274509 0.3686274 0 1 1 1 0.05882352 0.3529412 0 1 0.8392157 0 0.06274509 0.3686274 0 0.06666666 0.3411765 0 1 0.8392157 0 0.06666666 0.3411765 0 0.8784314 0.5019608 1 0.06274509 0.3686274 0 1 0.8392157 0 1 1 1 0.06274509 0.3686274 0 0.06274509 0.3686274 0 0.06666666 0.3411765 0 1 0.8392157 0 1 1 1 0.05882352 0.3529412 0 1 0.8392157 0 1 1 1 0.05882352 0.3529412 0 1 0.8392157 0 0.06274509 0.3686274 0 0.06666666 0.3411765 0 1 0.8392157 0 0.06666666 0.3411765 0 0.8784314 0.5019608 1 0.06274509 0.3686274 0 1 0.8392157 0 1 1 1 0.06274509 0.3686274 0 0.06274509 0.3686274 0 0.06666666 0.3411765 0 1 0.8392157 0 1 1 1 0.05882352 0.3529412 0 1 0.8392157 0 1 1 1 0.05882352 0.3529412 0 1 0.8392157 0 0.06274509 0.3686274 0 0.06666666 0.3411765 0 1 0.8392157 0 0.06274509 0.3686274 0 0.06666666 0.3411765 0 1 0.8392157 0 1 1 1 0.05882352 0.3529412 0 1 0.8392157 0 0.06666666 0.3411765 0 0.8784314 0.5019608 1 0.06274509 0.3686274 0 1 0.8392157 0 1 1 1 0.06274509 0.3686274 0 0.06274509 0.3686274 0 0.06666666 0.3411765 0 1 0.8392157 0 1 1 1 1 1 1 1 1 0 1 0.8392157 0 0.8784314 0.5019608 1 1 1 0 1 1 1 0.05882352 0.3529412 0 1 0.8392157 0 0.06274509 0.3686274 0 0.06666666 0.3411765 0 1 0.8392157 0 1 1 1 0.05882352 0.3529412 0 1 0.8392157 0 1 1 1 1 0.8392157 0 0.05882352 0.3529412 0 0.06274509 0.3686274 0 1 0.8392157 0 0.06666666 0.3411765 0 0.06666666 0.3411765 0 0.06274509 0.3686274 0 0.3098039 0.3882353 1 1 1 1 1 0.8392157 0 0.05882352 0.3529412 0 0.06274509 0.3686274 0 0.06666666 0.3411765 0 1 0.8392157 0 1 1 1 0.05882352 0.3529412 0 1 0.8392157 0 1 1 1 0.05882352 0.3529412 0 1 0.8392157 0 0.06274509 0.3686274 0 0.06666666 0.3411765 0 1 0.8392157 0 0.06666666 0.3411765 0 0.8784314 0.5019608 1 0.06274509 0.3686274 0 1 0.8392157 0 1 1 1 0.06274509 0.3686274 0 0.06666666 0.3411765 0 0.8784314 0.5019608 1 0.06274509 0.3686274 0 1 0.8392157 0 1 1 1 0.06274509 0.3686274 0 1 1 1 1 0.8392157 0 0.05882352 0.3529412 0 0.06274509 0.3686274 0 1 0.8392157 0 0.06666666 0.3411765 0 0.06666666 0.3411765 0 0.06274509 0.3686274 0 0.3098039 0.3882353 1 1 1 1 1 0.8392157 0 0.05882352 0.3529412 0 0.06666666 0.3411765 0 0.8784314 0.5019608 1 0.06274509 0.3686274 0 1 0.8392157 0 1 1 1 0.06274509 0.3686274 0 1 1 1 1 0.8392157 0 0.05882352 0.3529412 0 0.06274509 0.3686274 0 1 0.8392157 0 0.06666666 0.3411765 0 0.06666666 0.3411765 0 0.8784314 0.5019608 1 0.06274509 0.3686274 0 1 0.8392157 0 1 1 1 0.06274509 0.3686274 0 1 1 1 0.05882352 0.3529412 0 1 0.8392157 0 0.06274509 0.3686274 0 0.06666666 0.3411765 0 1 0.8392157 0</float_array>
          <technique_common>
            <accessor source="#tree_oak_bush_a200_001-mesh-colors-Col-array" count="774" stride="3">
              <param name="R" type="float"/>
              <param name="G" type="float"/>
              <param name="B" type="float"/>
            </accessor>
          </technique_common>
        </source>
        <vertices id="tree_oak_bush_a200_001-mesh-vertices">
          <input semantic="POSITION" source="#tree_oak_bush_a200_001-mesh-positions"/>
        </vertices>
        <polylist material="vegetation_palm_bark_01-material" count="48">
          <input semantic="VERTEX" source="#tree_oak_bush_a200_001-mesh-vertices" offset="0"/>
          <input semantic="NORMAL" source="#tree_oak_bush_a200_001-mesh-normals" offset="1"/>
          <input semantic="TEXCOORD" source="#tree_oak_bush_a200_001-mesh-map-0" offset="2" set="0"/>
          <input semantic="COLOR" source="#tree_oak_bush_a200_001-mesh-colors-Col" offset="3" set="0"/>
          <vcount>3 3 3 3 3 3 3 3 3 3 3 3 3 3 3 3 3 3 3 3 3 3 3 3 3 3 3 3 3 3 3 3 3 3 3 3 3 3 3 3 3 3 3 3 3 3 3 3 </vcount>
          <p>9 0 0 0 12 1 1 1 14 2 2 2 1 3 3 3 14 2 4 4 2 4 5 5 10 5 6 6 13 6 7 7 12 1 8 8 4 7 9 9 7 8 10 10 6 9 11 11 5 10 12 12 8 11 13 13 7 8 14 14 4 7 15 15 3 12 16 16 15 13 17 17 5 10 18 18 3 12 19 19 8 11 20 20 2 4 21 21 0 14 22 22 19 15 23 23 15 13 24 24 26 16 25 25 5 10 26 26 14 2 27 27 1 3 28 28 13 6 29 29 1 3 30 30 2 4 31 31 22 17 32 32 22 17 33 33 25 18 34 34 24 19 35 35 22 17 36 36 21 20 37 37 25 18 38 38 25 18 39 39 18 21 40 40 20 22 41 41 17 23 42 42 26 16 43 43 18 21 44 44 23 24 45 45 16 25 46 46 18 21 47 47 15 13 48 48 17 23 49 49 20 22 50 50 20 22 51 51 18 21 52 52 26 16 53 53 3 12 54 54 5 10 55 55 26 16 56 56 21 20 57 57 19 15 58 58 23 24 59 59 22 17 60 60 19 15 61 61 0 14 62 62 24 19 63 63 23 24 64 64 19 15 65 65 24 19 66 66 25 18 67 67 20 22 68 68 1 3 69 69 22 17 70 70 0 14 71 71 25 18 72 72 23 24 73 73 18 21 74 74 22 17 75 75 24 19 76 76 19 15 77 77 24 19 78 78 20 22 79 79 23 24 80 80 15 13 81 81 20 22 82 82 26 16 83 83 3 12 84 84 17 23 85 85 15 13 86 86 16 25 87 87 17 23 88 88 18 21 89 89 17 23 90 90 3 12 91 91 26 16 92 92 4 7 93 93 5 10 94 94 7 8 95 95 8 11 96 96 3 12 97 97 6 9 98 98 6 9 99 99 3 12 100 100 4 7 101 101 13 6 102 102 0 14 103 103 12 1 104 104 1 3 105 105 0 14 106 106 13 6 107 107 11 26 108 108 14 2 109 109 13 6 110 110 11 26 111 111 9 0 112 112 14 2 113 113 14 2 114 114 12 1 115 115 2 4 116 116 12 1 117 117 0 14 118 118 2 4 119 119 9 0 120 120 10 5 121 121 12 1 122 122 21 20 123 123 2 4 124 124 19 15 125 125 4 7 126 126 15 13 127 127 5 10 128 128 2 4 129 129 21 20 130 130 22 17 131 131 21 20 132 132 23 24 133 133 25 18 134 134 17 23 135 135 16 25 136 136 20 22 137 137 20 22 138 138 16 25 139 139 23 24 140 140 10 5 141 141 11 26 142 142 13 6 143 143</p>
        </polylist>
        <polylist material="vegetation_palm_01-material" count="210">
          <input semantic="VERTEX" source="#tree_oak_bush_a200_001-mesh-vertices" offset="0"/>
          <input semantic="NORMAL" source="#tree_oak_bush_a200_001-mesh-normals" offset="1"/>
          <input semantic="TEXCOORD" source="#tree_oak_bush_a200_001-mesh-map-0" offset="2" set="0"/>
          <input semantic="COLOR" source="#tree_oak_bush_a200_001-mesh-colors-Col" offset="3" set="0"/>
          <vcount>3 3 3 3 3 3 3 3 3 3 3 3 3 3 3 3 3 3 3 3 3 3 3 3 3 3 3 3 3 3 3 3 3 3 3 3 3 3 3 3 3 3 3 3 3 3 3 3 3 3 3 3 3 3 3 3 3 3 3 3 3 3 3 3 3 3 3 3 3 3 3 3 3 3 3 3 3 3 3 3 3 3 3 3 3 3 3 3 3 3 3 3 3 3 3 3 3 3 3 3 3 3 3 3 3 3 3 3 3 3 3 3 3 3 3 3 3 3 3 3 3 3 3 3 3 3 3 3 3 3 3 3 3 3 3 3 3 3 3 3 3 3 3 3 3 3 3 3 3 3 3 3 3 3 3 3 3 3 3 3 3 3 3 3 3 3 3 3 3 3 3 3 3 3 3 3 3 3 3 3 3 3 3 3 3 3 3 3 3 3 3 3 3 3 3 3 3 3 3 3 3 3 3 3 3 3 3 3 3 3 </vcount>
          <p>34 27 144 144 27 28 145 145 33 29 146 146 29 30 147 147 28 31 148 148 32 32 149 149 28 31 150 150 34 27 151 151 32 32 152 152 30 33 153 153 36 34 154 154 33 29 155 155 29 30 156 156 35 35 157 157 31 36 158 158 36 34 159 159 30 33 160 160 31 36 161 161 42 37 162 162 41 38 163 163 46 39 164 164 38 40 165 165 43 41 166 166 46 39 167 167 39 42 168 168 44 43 169 169 45 44 170 170 45 44 171 171 43 41 172 172 38 40 173 173 40 45 174 174 37 46 175 175 47 47 176 176 39 42 177 177 40 45 178 178 47 47 179 179 53 48 180 180 52 49 181 181 57 50 182 182 49 51 183 183 54 52 184 184 57 50 185 185 50 53 186 186 55 54 187 187 56 55 188 188 56 55 189 189 54 52 190 190 49 51 191 191 51 56 192 192 48 57 193 193 58 58 194 194 50 53 195 195 51 56 196 196 58 58 197 197 62 59 198 198 59 60 199 199 69 61 200 200 67 62 201 201 61 63 202 202 66 64 203 203 64 65 204 204 63 66 205 205 68 67 206 206 62 59 207 207 69 61 208 208 66 64 209 209 63 66 210 210 60 68 211 211 65 69 212 212 60 68 213 213 67 62 214 214 65 69 215 215 75 70 216 216 74 71 217 217 79 72 218 218 71 73 219 219 76 74 220 220 79 72 221 221 72 75 222 222 77 76 223 223 78 77 224 224 78 77 225 225 76 74 226 226 71 73 227 227 73 78 228 228 70 79 229 229 80 80 230 230 72 75 231 231 73 78 232 232 80 80 233 233 88 81 234 234 81 82 235 235 87 83 236 236 83 84 237 237 82 85 238 238 86 86 239 239 82 85 240 240 88 81 241 241 86 86 242 242 84 87 243 243 90 88 244 244 87 83 245 245 83 84 246 246 89 89 247 247 85 90 248 248 90 88 249 249 84 87 250 250 85 90 251 251 94 91 252 252 91 92 253 253 101 93 254 254 99 94 255 255 93 95 256 256 98 96 257 257 96 97 258 258 95 98 259 259 100 99 260 260 94 91 261 261 101 93 262 262 98 96 263 263 95 98 264 264 92 100 265 265 97 101 266 266 92 100 267 267 99 94 268 268 97 101 269 269 107 102 270 270 106 103 271 271 111 104 272 272 103 105 273 273 108 106 274 274 111 104 275 275 104 107 276 276 109 108 277 277 110 109 278 278 110 109 279 279 108 106 280 280 103 105 281 281 105 110 282 282 102 111 283 283 112 112 284 284 104 107 285 285 105 110 286 286 112 112 287 287 120 113 288 288 113 114 289 289 119 115 290 290 115 116 291 291 114 117 292 292 118 118 293 293 114 117 294 294 120 113 295 295 118 118 296 296 116 119 297 297 122 120 298 298 119 115 299 299 115 116 300 300 121 121 301 301 117 122 302 302 122 120 303 303 116 119 304 304 117 122 305 305 126 123 306 306 131 124 307 307 129 125 308 308 124 126 309 309 133 127 310 310 130 128 311 311 124 126 312 312 123 129 313 313 133 127 314 314 125 130 315 315 126 123 316 316 129 125 317 317 131 124 318 318 127 131 319 319 130 128 320 320 128 132 321 321 125 130 322 322 132 133 323 323 142 134 324 324 135 135 325 325 141 136 326 326 137 137 327 327 136 138 328 328 140 139 329 329 138 140 330 330 144 141 331 331 141 136 332 332 138 140 333 333 134 142 334 334 144 141 335 335 136 138 336 336 142 134 337 337 140 139 338 338 139 143 339 339 137 137 340 340 143 144 341 341 147 145 342 342 151 146 343 343 154 147 344 344 147 145 345 345 153 148 346 346 151 146 347 347 153 148 348 348 146 149 349 349 152 150 350 350 150 151 351 351 148 152 352 352 154 147 353 353 149 153 354 354 145 154 355 355 155 155 356 356 146 149 357 357 149 153 358 358 155 155 359 359 158 156 360 360 157 157 361 361 162 158 362 362 156 159 363 363 163 160 364 364 159 161 365 365 157 157 366 366 165 162 367 367 164 163 368 368 160 164 369 369 167 165 370 370 163 160 371 371 167 165 372 372 160 164 373 373 161 166 374 374 161 166 375 375 158 156 376 376 166 167 377 377 176 168 378 378 172 169 379 379 175 170 380 380 171 171 381 381 176 168 382 382 174 172 383 383 169 173 384 384 168 174 385 385 178 175 386 386 173 176 387 387 170 177 388 388 177 178 389 389 170 177 390 390 171 171 391 391 174 172 392 392 169 173 393 393 178 175 394 394 175 170 395 395 186 179 396 396 189 180 397 397 182 181 398 398 186 179 399 399 180 182 400 400 187 183 401 401 189 180 402 402 179 184 403 403 182 181 404 404 181 185 405 405 185 186 406 406 187 183 407 407 185 186 408 408 181 185 409 409 183 187 410 410 184 188 411 411 188 189 412 412 183 187 413 413 199 190 414 414 196 191 415 415 191 192 416 416 197 193 417 417 192 194 418 418 198 195 419 419 191 192 420 420 196 191 421 421 198 195 422 422 200 196 423 423 190 197 424 424 193 198 425 425 195 199 426 426 199 190 427 427 194 200 428 428 197 193 429 429 200 196 430 430 193 198 431 431 208 201 432 432 201 202 433 433 207 203 434 434 203 204 435 435 202 205 436 436 206 206 437 437 202 205 438 438 208 201 439 439 206 206 440 440 204 207 441 441 210 208 442 442 207 203 443 443 203 204 444 444 209 209 445 445 205 210 446 446 210 208 447 447 204 207 448 448 205 210 449 449 214 211 450 450 219 212 451 451 217 213 452 452 212 214 453 453 221 215 454 454 218 216 455 455 212 214 456 456 211 217 457 457 221 215 458 458 213 218 459 459 214 211 460 460 217 213 461 461 219 212 462 462 215 219 463 463 218 216 464 464 216 220 465 465 213 218 466 466 220 221 467 467 224 222 468 468 228 223 469 469 231 224 470 470 224 222 471 471 230 225 472 472 228 223 473 473 230 225 474 474 223 226 475 475 229 227 476 476 227 228 477 477 225 229 478 478 231 224 479 479 226 230 480 480 222 231 481 481 232 232 482 482 223 226 483 483 226 230 484 484 232 232 485 485 235 233 486 486 239 234 487 487 242 235 488 488 235 233 489 489 241 236 490 490 239 234 491 491 241 236 492 492 234 237 493 493 240 238 494 494 238 239 495 495 236 240 496 496 242 235 497 497 237 241 498 498 233 242 499 499 243 243 500 500 234 237 501 501 237 241 502 502 243 243 503 503 251 244 504 504 254 245 505 505 247 246 506 506 251 244 507 507 245 247 508 508 252 248 509 509 254 245 510 510 244 249 511 511 247 246 512 512 246 250 513 513 250 251 514 514 252 248 515 515 250 251 516 516 246 250 517 517 248 252 518 518 249 253 519 519 253 254 520 520 248 252 521 521 264 255 522 522 261 256 523 523 256 257 524 524 262 258 525 525 257 259 526 526 263 260 527 527 256 257 528 528 261 256 529 529 263 260 530 530 265 261 531 531 255 262 532 532 258 263 533 533 260 264 534 534 264 255 535 535 259 265 536 536 262 258 537 537 265 261 538 538 258 263 539 539 268 266 540 540 272 267 541 541 275 268 542 542 268 266 543 543 274 269 544 544 272 267 545 545 274 269 546 546 267 270 547 547 273 271 548 548 271 272 549 549 269 273 550 550 275 268 551 551 270 274 552 552 266 275 553 553 276 276 554 554 267 270 555 555 270 274 556 556 276 276 557 557 284 277 558 558 287 278 559 559 280 279 560 560 284 277 561 561 278 280 562 562 285 281 563 563 287 278 564 564 277 282 565 565 280 279 566 566 279 283 567 567 283 284 568 568 285 281 569 569 283 284 570 570 279 283 571 571 281 285 572 572 282 286 573 573 286 287 574 574 281 285 575 575 293 288 576 576 292 289 577 577 297 290 578 578 289 291 579 579 294 292 580 580 297 290 581 581 290 293 582 582 295 294 583 583 296 295 584 584 296 295 585 585 294 292 586 586 289 291 587 587 291 296 588 588 288 297 589 589 298 298 590 590 290 293 591 591 291 296 592 592 298 298 593 593 302 299 594 594 307 300 595 595 305 301 596 596 300 302 597 597 309 303 598 598 306 304 599 599 300 302 600 600 299 305 601 601 309 303 602 602 301 306 603 603 302 299 604 604 305 301 605 605 307 300 606 606 303 307 607 607 306 304 608 608 304 308 609 609 301 306 610 610 308 309 611 611 35 35 612 612 29 30 613 613 32 32 614 614 27 28 615 615 30 33 616 616 33 29 617 617 41 38 618 618 38 40 619 619 46 39 620 620 44 43 621 621 39 42 622 622 47 47 623 623 52 49 624 624 49 51 625 625 57 50 626 626 55 54 627 627 50 53 628 628 58 58 629 629 61 63 630 630 62 59 631 631 66 64 632 632 68 67 633 633 63 66 634 634 65 69 635 635 74 71 636 636 71 73 637 637 79 72 638 638 77 76 639 639 72 75 640 640 80 80 641 641 89 89 642 642 83 84 643 643 86 86 644 644 81 82 645 645 84 87 646 646 87 83 647 647 93 95 648 648 94 91 649 649 98 96 650 650 100 99 651 651 95 98 652 652 97 101 653 653 106 103 654 654 103 105 655 655 111 104 656 656 109 108 657 657 104 107 658 658 112 112 659 659 121 121 660 660 115 116 661 661 118 118 662 662 113 114 663 663 116 119 664 664 119 115 665 665 127 131 666 666 124 126 667 667 130 128 668 668 132 133 669 669 125 130 670 670 129 125 671 671 143 144 672 672 137 137 673 673 140 139 674 674 135 135 675 675 138 140 676 676 141 136 677 677 148 152 678 678 147 145 679 679 154 147 680 680 152 150 681 681 146 149 682 682 155 155 683 683 166 167 684 684 158 156 685 685 162 158 686 686 165 162 687 687 156 159 688 688 159 161 689 689 162 158 690 690 157 157 691 691 164 163 692 692 156 159 693 693 160 164 694 694 163 160 695 695 177 178 696 696 170 177 697 697 174 172 698 698 172 169 699 699 169 173 700 700 175 170 701 701 180 182 702 702 186 179 703 703 182 181 704 704 188 189 705 705 185 186 706 706 183 187 707 707 194 200 708 708 199 190 709 709 191 192 710 710 192 194 711 711 197 193 712 712 193 198 713 713 209 209 714 714 203 204 715 715 206 206 716 716 201 202 717 717 204 207 718 718 207 203 719 719 215 219 720 720 212 214 721 721 218 216 722 722 220 221 723 723 213 218 724 724 217 213 725 725 225 229 726 726 224 222 727 727 231 224 728 728 229 227 729 729 223 226 730 730 232 232 731 731 236 240 732 732 235 233 733 733 242 235 734 734 240 238 735 735 234 237 736 736 243 243 737 737 245 247 738 738 251 244 739 739 247 246 740 740 253 254 741 741 250 251 742 742 248 252 743 743 259 265 744 744 264 255 745 745 256 257 746 746 257 259 747 747 262 258 748 748 258 263 749 749 269 273 750 750 268 266 751 751 275 268 752 752 273 271 753 753 267 270 754 754 276 276 755 755 278 280 756 756 284 277 757 757 280 279 758 758 286 287 759 759 283 284 760 760 281 285 761 761 292 289 762 762 289 291 763 763 297 290 764 764 295 294 765 765 290 293 766 766 298 298 767 767 303 307 768 768 300 302 769 769 306 304 770 770 308 309 771 771 301 306 772 772 305 301 773 773</p>
        </polylist>
      </mesh>
      <extra><technique profile="MAYA"><double_sided>1</double_sided></technique></extra>
    </geometry>
    <geometry id="tree_oak_bush_a200-mesh" name="tree_oak_bush_a200">
      <mesh>
        <source id="tree_oak_bush_a200-mesh-positions">
          <float_array id="tree_oak_bush_a200-mesh-positions-array" count="2601">0 0.2569645 0.3377273 -0.1817013 0.1817013 0.3377273 -0.2569645 0 0.3377273 -0.1817013 -0.1817013 0.3377273 0 -0.2569645 0.3377273 0.1817014 -0.1817013 0.3377273 0.2569645 0 0.3377273 0.1817014 0.1817013 0.3377273 -0.1294318 0.2511109 1.042029 -0.1830441 0.1395572 1.107667 -0.06715679 -0.04214805 1.193411 0.1323093 -0.007978379 1.173306 0.1830443 0.1395572 1.107667 0.07003432 0.2852805 1.021924 0.3160179 7.879333 4.881416 0.2544043 7.775079 4.991523 0.3963595 7.734004 5.034904 0.4579732 7.838258 4.924797 0.2981421 8.9032 6.590983 0.3988139 8.886252 6.600442 0.3678885 8.982631 6.546649 0 0.156911 -0.2116206 -0.1109529 0.1109529 -0.2116206 -0.156911 0 -0.2116206 -0.1109529 -0.1109529 -0.2116206 0 -0.156911 -0.2116206 0.1109529 -0.1109529 -0.2116206 0.156911 0 -0.2116206 0.1109529 0.1109529 -0.2116206 -0.1471324 0.1471324 0.5977193 0 0.2080766 0.5977193 0 -0.2080766 0.5977193 -0.1471324 -0.1471324 0.5977193 0.1471324 0.1471323 0.5977193 0.2080766 0 0.5977193 -0.2080766 0 0.5977193 0.1471324 -0.1471323 0.5977193 0.1245704 6.077944 3.910186 0.4221923 7.023437 4.435944 0.1368977 6.142062 3.712769 0.2896183 7.139297 4.247723 0.3253628 6.129828 3.740709 -0.139099 0.6747885 1.5174 0.3123886 6.059161 3.932035 -0.1992028 0.6101893 1.622936 0.07585233 0.6951922 1.489683 0.1381915 0.5268658 1.717152 -0.07528728 0.5077112 1.744386 0.1993773 0.6011652 1.614797 -0.03746789 2.633654 2.438685 0.251756 7.054622 4.402001 0.03688299 2.518173 2.740417 0.1660034 2.576606 2.587553 -0.1658253 2.588762 2.596094 0.4603779 7.111386 4.28471 -0.1733207 0.3143507 1.424083 -0.1314272 0.3998877 1.321902 0.06944787 0.4434199 1.277115 0.1528176 0.2178074 1.487236 -0.03550648 0.1994197 1.513329 0.1807349 0.3289118 1.368257 -0.005239129 1.413746 2.28307 -0.1685512 1.50028 2.150184 -0.07432049 1.555025 2.018711 0.1784835 1.454261 2.194333 0.2084074 1.478268 2.106828 0.08098775 1.534285 1.997101 -0.1071234 2.545421 2.701375 -0.1314169 1.44998 2.248213 -0.1302158 0.2446011 1.486974 0.3462811 8.850184 6.598154 -0.08443379 9.478388 5.58112 -0.02376741 9.527918 4.524915 0.3630135 9.834508 5.259725 0.840699 9.270205 5.504137 0.840699 9.793721 4.699589 0.3766181 9.81841 3.817741 0.404245 8.856152 6.509484 0.2280072 8.221556 5.630069 0.1614702 8.234161 4.716784 -0.2566524 8.319638 5.352164 -0.1488447 8.949777 5.563504 -0.4953944 8.658539 4.867823 -0.2535645 8.337598 4.105301 0.2583274 8.929679 6.491613 1.455646 8.932971 5.969393 2.051304 8.536826 5.148584 1.785422 8.345397 5.997552 1.04568 8.045596 5.936479 1.91092 7.714498 5.596656 2.551207 7.884289 4.814783 0.322551 8.84744 6.513432 0.6068331 9.335135 5.69231 0.9418578 9.232775 4.939242 1.113445 9.340922 5.603117 1.087858 8.795171 5.87589 1.527522 9.051935 5.321457 1.49302 9.176618 4.550524 0.3890159 8.930296 6.506421 0.3875457 7.947503 6.342044 0.300182 7.371309 5.750267 -0.0659576 7.74722 6.204691 -0.14165 8.296316 5.948434 -0.3800435 7.614071 5.737864 -0.1043842 6.978106 5.376432 1.020546 7.214734 6.782466 0.7957399 5.855345 6.633183 0.9785929 6.517618 6.699898 0.6431972 8.217301 7.042922 0.4690698 5.867734 7.614865 1.087839 7.200856 6.83797 0.8427346 5.870856 6.596445 0.8876011 6.520224 6.821373 0.2913861 6.544714 7.766658 0.2691191 7.371683 7.752071 0.3180168 8.268335 7.428406 -0.8522797 7.360137 7.492164 0.4023978 8.909916 6.289418 -0.4653728 5.366006 7.428104 -0.7715094 6.399944 7.604321 -0.1582316 8.337589 7.348448 -0.903687 7.368341 7.507126 0.4690698 5.867734 7.614865 -0.4160022 5.410935 7.525546 -0.8916135 6.371773 7.660817 0.3740157 8.781352 6.860328 0.2913861 6.544714 7.766658 0.2691191 7.371683 7.752071 0.6557219 4.688747 7.033487 0.3180168 8.268335 7.428406 1.263549 10.34504 6.71796 2.503632 11.01783 6.568676 1.856864 10.78603 6.635392 0.722456 9.483413 7.013827 2.684569 10.82199 7.58577 1.231136 10.40563 6.773463 2.463893 11.04732 6.531938 1.907123 10.71013 6.756866 2.233357 10.28694 7.737563 1.611581 9.737303 7.722977 0.8913984 9.200915 7.399312 2.423386 8.823673 7.568067 0.3444691 8.855061 6.260323 3.733132 10.29935 7.504007 3.064022 9.453748 7.680225 1.143044 8.790692 7.319353 2.449988 8.778926 7.583029 2.684569 10.82199 7.58577 3.667972 10.31384 7.601449 3.156205 9.371768 7.736721 0.4614115 8.915552 6.831233 2.233357 10.28694 7.737563 1.611581 9.737303 7.722977 3.541069 11.65341 7.004392 0.8913983 9.200915 7.399312 1.582991 10.56437 7.317774 3.4796 10.88931 6.876816 2.460416 10.77922 7.254895 0.8704044 9.599238 7.194089 1.561893 10.61135 7.334553 3.41295 9.843374 6.971985 3.476433 10.83145 6.979743 2.449431 10.90358 7.308037 2.76127 9.752214 7.254683 1.979052 9.515776 7.400121 1.100138 9.173111 7.254431 0.3184648 8.83446 6.259271 2.153411 8.871605 6.485303 3.325422 9.558097 6.075602 2.811926 9.136454 6.262765 1.17882 8.860721 6.863066 3.41295 9.843374 6.971985 2.197883 8.814941 6.53642 3.322958 9.506946 6.041306 2.796607 9.225425 6.384797 0.5350688 8.930806 6.795063 2.76127 9.752214 7.254683 1.979052 9.515776 7.400121 4.441122 10.09886 6.17171 1.100138 9.173111 7.254431 1.791626 8.177213 5.960474 0.3415977 8.956231 6.292603 2.227948 7.090146 4.910553 1.981569 7.635036 5.471976 1.846916 8.209024 5.960474 1.658565 6.667226 5.628805 2.139199 7.053577 4.916513 2.125608 7.703415 5.466017 1.02161 8.534142 6.622928 1.37119 7.166708 6.167104 1.076517 7.678876 6.694294 0.6939412 8.343827 6.889317 0.4790522 8.717323 6.750735 0.2338999 7.391424 6.015743 1.04352 6.425768 4.981639 0.5141203 6.785591 5.469857 1.658565 6.667226 5.628805 0.2018966 7.327471 6.076401 0.9861525 6.38199 4.977209 0.6586654 6.847809 5.541232 0.3587864 8.160306 6.62669 1.37119 7.166708 6.167104 1.076517 7.678876 6.694294 2.006253 6.064347 4.577603 0.6939412 8.343827 6.889317 -0.6513131 9.9579 7.340577 0.4183489 8.852607 6.286265 -0.5612793 11.37246 7.899386 -0.5866655 10.60737 7.670948 -0.7056742 9.957 7.339634 -0.4797524 11.36116 7.89501 -0.7225534 10.61777 7.674381 -6.49731e-4 9.054544 7.234032 0.348062 10.41651 8.571187 0.3837833 9.719121 8.27074 0.3633612 11.25013 8.745493 0.2552976 12.31803 8.436635 0.3913567 8.990721 7.476177 0.3149755 11.76301 8.679252 1.28361 9.82152 7.407151 1.043528 11.2672 8.040643 1.305064 10.57532 7.784865 1.333421 9.795782 7.475341 1.104191 11.2776 8.046 1.171397 10.53013 7.842356 0.7820733 9.061704 7.245582 0.3480619 10.41651 8.571187 0.3837833 9.719121 8.27074 0.3633612 11.25013 8.745493 0.3149755 11.76301 8.679252 -0.2625464 7.101475 6.34558 -1.451103 6.294156 5.813899 -0.8579037 6.723189 6.142792 -0.2279157 7.059826 6.345585 -2.042537 6.879827 6.528991 -1.492498 6.364826 5.817762 -0.7818784 6.610869 6.138934 0.102072 8.094266 6.817245 -1.560048 7.258931 6.923903 -0.9560391 7.761189 7.151584 -0.2237749 8.370057 7.086733 0.4548934 8.933128 6.275527 -1.39956 8.593697 6.439619 -2.441229 7.484328 5.944993 -2.054955 8.114128 6.204686 0.2348663 8.751379 6.787218 -2.042537 6.879827 6.528991 -1.450255 8.617406 6.507952 -2.48771 7.524702 5.94211 -1.975084 8.007924 6.27806 -0.4314734 8.747238 6.819262 -1.560048 7.258931 6.923903 -0.9560391 7.761189 7.151584 -2.847231 6.187385 5.943668 -0.2237749 8.370057 7.086733 -1.078832 9.965955 7.721541 -1.87701 11.71405 7.199669 -1.466093 10.81814 7.631362 -0.1118571 9.337079 7.337084 -1.11904 9.959048 7.756306 -0.8615612 11.74976 6.900756 -1.790253 11.75493 7.262279 -1.546473 10.76942 7.740473 -0.560187 11.17679 7.207009 -0.1538362 10.46696 7.348224 0.2592645 9.620162 7.195188 0.3389558 8.708933 6.25745 0.06749945 10.50599 6.138148 -0.9153262 11.49657 5.882134 -0.3715267 11.07749 5.953895 0.3866742 9.658632 6.706076 -0.861562 11.74976 6.900756 0.1302771 10.56528 6.156722 -0.8808117 11.49346 5.831165 -0.4051654 11.07543 6.101903 0.410313 9.009796 6.755108 -0.5601878 11.17679 7.207009 -0.153837 10.46696 7.348224 -1.569425 12.57502 6.138708 0.2592636 9.620162 7.195189 -0.4182949 10.07465 5.559246 -0.2300698 10.84544 4.201171 -0.3004231 10.45555 4.919349 -0.4813739 10.07791 5.559905 0.491265 11.13817 4.942477 -0.1363891 10.83047 4.209732 -0.4571827 10.47378 4.911448 0.04967421 9.624088 6.489063 0.4787148 10.75617 5.632226 0.4652057 10.35685 6.315922 0.4350252 9.687913 6.738021 0.411664 9.23588 6.739097 0.3871774 8.833118 6.388328 1.301432 9.911621 5.623356 1.11394 10.7838 4.259333 1.376433 10.37245 4.89845 0.491265 11.13817 4.942477 1.36378 9.96473 5.668265 1.185015 10.78765 4.251501 1.224533 10.41964 4.962357 0.8093661 9.579764 6.486717 0.4787148 10.75617 5.632226 0.4652057 10.35685 6.315922 0.4953494 11.47621 3.727948 0.4350252 9.687913 6.738021 -0.8511328 8.001438 7.555732 0.3205342 8.809489 6.354712 -2.076464 8.26091 8.608292 -1.380144 8.13948 8.140285 -0.8577181 7.94747 7.554729 -2.033345 8.092569 8.690116 -1.430875 8.241307 7.912506 0.06337082 8.421925 7.302479 -1.076426 8.930746 8.957332 -0.4843288 8.885337 8.399324 -1.75505 9.039559 9.417181 -2.873464 9.084358 9.33354 0.1800293 8.801574 7.544624 -2.23685 9.057007 9.487007 -0.5241152 9.848392 7.537472 -1.820087 9.784359 8.666686 -1.23072 9.9749 8.006579 -0.4889822 9.963166 7.653412 -1.821735 9.845821 8.672748 -1.125954 9.793453 8.121372 0.1629662 9.198319 7.31403 -1.076426 8.930746 8.957333 -0.4843287 8.885337 8.399324 -1.75505 9.039559 9.417181 -2.23685 9.057007 9.487007 1.806002 8.427123 7.676772 3.249511 7.960552 7.468221 0.9497899 8.693297 7.349376 2.203521 9.316981 6.854448 3.615148 8.732378 6.741895 2.87246 9.014996 6.854448 2.219601 9.368703 6.854448 3.577882 8.659343 6.741895 2.925805 9.139755 6.854448 1.078153 9.093601 7.069842 2.587013 8.184326 7.676772 1.526655 7.492634 6.905657 3.098795 7.199695 6.850983 2.317595 7.194074 6.905657 1.515305 7.443135 6.977925 3.090626 7.138604 6.850983 2.343447 7.325038 6.977925 0.8206561 8.290642 7.069842 0.3568942 8.878531 6.32475 1.806002 8.427123 7.676772 3.249511 7.960552 7.468221 0.9497899 8.693297 7.349376 0.482357 8.838609 6.89566 2.587013 8.184326 7.676772 4.383959 7.62662 7.201521 -1.259307 8.865051 6.083339 -2.177475 9.592057 5.033419 -1.693321 9.241147 5.594842 -1.291277 8.810571 6.083339 -1.895731 10.23544 5.847193 -2.118948 9.666974 5.039378 -1.783818 9.111753 5.588882 -0.4179042 8.928874 6.841316 -1.398732 9.943791 6.385493 -0.8891102 9.644736 6.912682 -0.2274658 9.256471 7.107705 0.1441732 9.038386 6.969124 0.3818933 8.898888 6.510992 -0.3036571 10.30443 6.138607 -1.48413 10.74434 5.104504 -0.8473949 10.69152 5.592721 -1.895731 10.23544 5.847193 -0.3078147 10.37534 6.199265 -1.45632 10.81018 5.100074 -0.9413954 10.56721 5.664097 -0.02715897 9.581871 6.845078 -1.398732 9.943791 6.385493 -0.8891102 9.644736 6.912682 -2.496329 10.58705 4.795992 -0.2274659 9.256471 7.107705 1.744992 8.811241 7.970187 0.3465507 8.881342 6.742325 2.523918 7.868833 9.057289 2.062775 8.386804 8.569752 1.783739 8.849373 7.969053 2.593448 8.029196 9.136929 2.04318 8.270642 8.344037 0.7721069 9.04524 7.694501 1.31825 7.973765 9.382767 0.8929849 8.365478 8.808549 1.773537 7.476499 9.86159 2.622534 6.744197 9.808773 0.4402974 8.825769 7.935564 2.138545 7.164757 9.944642 0.3402839 7.568243 7.95369 1.374407 6.836826 9.117471 0.8062991 7.039927 8.442635 0.239319 7.502729 8.069291 1.337351 6.787816 9.12393 0.8351445 7.24959 8.553474 0.2109179 8.499595 7.707819 1.31825 7.973765 9.382767 0.8929848 8.365478 8.808549 1.773537 7.476499 9.861591 2.138544 7.164757 9.944643 1.635857 10.30808 6.852763 2.475838 11.23611 5.970662 1.014338 9.593838 6.974017 0.7306271 10.72908 6.059415 1.693816 11.614 5.26172 1.225093 11.15658 5.725615 0.6897212 10.76459 6.058856 1.746697 11.55175 5.268943 1.131306 11.25433 5.717833 0.6168075 9.77315 6.719701 2.114905 10.85415 6.476933 2.15172 9.403726 6.173099 2.924685 10.56737 5.392793 2.684005 9.934211 5.785825 2.213487 9.398629 6.236032 2.976625 10.53445 5.38867 2.596719 10.03725 5.855157 1.249191 9.215486 6.731863 0.3483263 8.817916 6.349461 1.635857 10.30808 6.852763 2.475838 11.23611 5.970662 1.014338 9.593838 6.974017 0.5941103 9.10682 6.796001 2.114905 10.85415 6.476933 3.076416 11.94314 5.190267 0.2123341 0.08759903 0.2404636 0.08820092 0.2120847 0.2404636 -0.08759903 0.212334 0.2404636 -0.2120848 0.08820092 0.2404636 -0.2123341 -0.08759903 0.2404636 -0.08820092 -0.2120847 0.2404636 0.08759903 -0.212334 0.2404636 0.2120847 -0.08820098 0.2404636 0.3814192 0.1573556 -0.2839759 0.1584369 0.3809714 -0.2839758 -0.1573556 0.3814191 -0.2839758 -0.3809714 0.1584368 -0.2839758 -0.3814191 -0.1573556 -0.2839758 -0.1584368 -0.3809713 -0.2839758 0.1573556 -0.3814191 -0.2839758 0.3809713 -0.1584369 -0.2839759 0 0.2389346 0.3849732 -0.1689524 0.1689523 0.3849732 -0.2389347 0 0.3849732 -0.1689524 -0.1689523 0.3849732 0 -0.2389346 0.3849732 0.1689524 -0.1689523 0.3849731 0.2389347 0 0.3849731 0.1689524 0.1689523 0.3849731 0 0.3328928 -0.2180592 -0.2353908 0.2353908 -0.2180592 -0.3328928 0 -0.2180592 -0.2353908 -0.2353908 -0.2180592 0 -0.3328928 -0.2180592 0.2353909 -0.2353907 -0.2180592 0.3328928 0 -0.2180593 0.2353909 0.2353907 -0.2180592 0.3501278 8.912364 6.526337 0.3894743 8.873016 9.404631 0.3501278 8.83367 6.526337 0.4288209 8.873016 6.526337 0.3894743 8.873016 9.404631 0.389474 8.873017 9.404631 -1.543899 8.645221 6.908859 0.4470294 8.882088 6.353856 -3.118439 9.515413 7.230961 -2.280568 9.078016 7.172334 -1.5692 8.590021 6.907233 -3.181885 9.344071 7.34346 -2.173991 9.14817 6.91814 -0.4159131 8.764548 7.1491 -2.127618 10.01005 8.087421 -1.312338 9.662596 7.879544 -2.949585 10.42714 8.1487 -3.924 10.78079 7.443292 -0.2929055 9.186017 7.427035 -3.424046 10.60168 7.947306 -0.5572713 10.49279 6.970189 -2.354456 11.06001 7.345162 -1.403351 10.93879 7.023876 -0.5420172 10.63 7.095473 -2.336606 11.12666 7.346686 -1.431446 10.74321 7.203278 -0.04597616 9.55661 7.172414 -2.127618 10.01005 8.087421 -1.312338 9.662596 7.879545 -2.949585 10.42714 8.148701 -3.424046 10.60168 7.947307 -0.05476826 7.178755 7.003543 0.3019633 8.803506 6.16621 -1.216781 6.257274 7.694372 -0.5979837 6.771569 7.427484 -0.01860165 7.138281 7.000273 -1.077401 6.159236 7.783004 -0.6678407 6.849768 7.195472 0.2640027 8.166498 7.007268 -1.131287 7.348931 8.303928 -0.6210116 7.857622 7.923314 -1.727888 6.840589 8.567535 -2.467644 6.085785 8.189538 0.01489579 8.453421 7.275592 -2.063196 6.492481 8.506709 -1.218086 8.647568 7.091848 -2.197442 7.444167 7.83445 -1.847482 8.129056 7.357108 -1.300752 8.725446 7.214122 -2.245361 7.482694 7.84048 -1.664223 8.05972 7.4938 -0.2526858 8.75284 7.052835 -1.131287 7.348931 8.303929 -0.6210114 7.857622 7.923314 -1.727887 6.840589 8.567535 -2.063196 6.492481 8.506709 1.461822 9.869465 5.981568 0.2799646 8.845088 6.313699 1.717145 8.481028 6.036838 2.875424 8.960166 5.002734 2.618435 10.02768 4.931648 2.030105 9.926174 5.493072 2.373226 8.598931 5.490952 0.8746669 9.365938 6.598049 1.056287 8.62747 6.693758 1.449077 9.919439 5.981568 2.838871 9.497727 5.649899 2.625277 9.950024 4.937608 1.767309 8.444066 6.097496 2.89877 8.906415 4.998303 2.359584 8.72588 5.562327 2.010518 10.0538 5.487112 0.8641875 9.407027 6.689997 1.046056 8.667582 6.60181 0.2799646 8.845088 6.313699 2.280493 9.355316 6.188199 2.280493 9.355316 6.188199 1.707935 9.209285 6.715389 1.707935 9.209285 6.715389 2.838871 9.497727 5.649899 3.51306 9.670413 4.598699 0.9645785 9.019695 6.910412 0.9645785 9.019695 6.910412 0.5470426 8.913204 6.771831 0.5299884 10.09405 8.75316 2.21091 10.23173 9.811844 1.227824 10.18664 9.376682 0.1290241 9.311225 7.913673 0.5131466 10.13965 8.775743 2.126982 9.217727 9.517698 2.161308 10.14832 9.872682 1.144184 10.29485 9.421774 1.463663 9.157658 9.25442 0.8068434 9.012799 8.768083 0.2831482 8.854041 7.985987 0.4061626 8.897829 6.682533 1.650788 8.592741 7.976814 2.744071 9.175626 8.667984 2.267453 8.80275 8.335884 0.6256174 8.641791 7.678401 2.126982 9.217728 9.517698 1.652277 8.519028 8.025454 2.768717 9.1357 8.628016 2.167947 8.85948 8.435496 0.1956849 8.822783 7.224142 1.463663 9.157659 9.25442 0.8068428 9.0128 8.768083 3.40661 9.50824 9.720194 0.2831476 8.854042 7.985987 0.007980108 10.6012 7.243266 0.3862393 8.843494 6.757909 0.6484014 12.08432 7.501874 0.3325688 11.2985 7.464683 -0.04346543 10.61881 7.242687 0.4922549 12.12669 7.605396 0.3998099 11.2073 7.23668 0.2193967 9.609535 7.464978 1.193302 11.25436 8.266619 0.9527659 10.49519 8.09392 1.492517 12.02423 8.306709 1.707326 12.91661 7.660682 0.6108916 9.540265 7.706453 1.601848 12.46037 8.119256 1.742492 9.88757 7.269922 2.094224 11.54253 7.579988 2.065154 10.68141 7.302458 1.868374 9.887445 7.379482 2.155199 11.53259 7.580192 1.891828 10.6908 7.466612 0.9581993 9.350803 7.473315 1.193302 11.25436 8.266619 0.9527659 10.49519 8.09392 1.492517 12.02423 8.30671 1.601848 12.46037 8.119256 1.17633 7.583907 7.623355 1.059782 6.24219 8.069394 1.218942 6.874104 7.841698 0.7790571 8.564545 7.56635 0.9202066 6.62118 9.040195 1.250954 7.598156 7.668408 1.101319 6.241299 8.023867 1.14302 6.925972 7.962478 0.7312146 7.303078 8.929688 0.6012818 8.052778 8.598042 0.4982151 8.744267 7.948153 -0.6153935 7.871974 8.667012 0.3651941 8.877038 6.651727 -0.08684539 6.085436 9.319756 -0.4165843 7.104712 9.104929 0.01093649 8.742951 7.924492 -0.6652771 7.881997 8.685588 0.9202067 6.62118 9.040195 -0.02833223 6.165487 9.383938 -0.5277093 7.102429 9.182752 0.4213055 8.987629 7.224348 0.7312147 7.303078 8.929688 0.6012818 8.052778 8.598042 1.089847 5.306749 8.960536 0.4982151 8.744267 7.948153 -0.9207108 8.95678 5.606626 0.4559114 8.806005 6.855466 -1.025573 9.14173 4.097935 -0.9821708 9.115598 4.89519 -0.9685011 8.931255 5.611255 -0.951884 9.178045 4.104615 -1.10365 9.053761 4.893141 -0.3413541 9.37782 6.4656 -0.5779513 10.36052 4.809439 -0.4437711 10.2847 5.55385 -0.6018586 10.31943 3.958981 -0.5006642 9.752454 3.002022 -0.1086733 9.780104 6.445501 -0.5879339 10.11906 3.479997 0.7565012 9.933424 5.59752 0.3262867 10.02359 4.062685 0.6403188 10.08828 4.776631 0.7679366 10.02077 5.603336 0.378118 10.05353 4.047395 0.4930714 10.08693 4.81575 0.3473963 9.744964 6.405035 -0.5779514 10.36052 4.809438 -0.4437713 10.2847 5.55385 -0.6018587 10.31943 3.958981 -0.587934 10.11906 3.479997 0.421444 7.710837 8.180734 -0.3343345 6.860552 8.972301 0.09492725 7.234067 8.581516 0.5629031 8.69966 7.71427 -0.2740313 7.591845 9.701779 0.4931957 7.699101 8.23089 -0.3006575 6.82583 8.934103 0.05926382 7.350988 8.671516 -0.1203902 8.206636 9.368099 0.1663281 8.745018 8.809062 0.4344489 9.116915 7.971839 -0.8924669 9.160753 8.632034 0.3574667 8.843004 6.693134 -1.331079 7.63663 9.90287 -1.145433 8.56172 9.351924 0.02310472 9.35874 7.870261 -0.9284987 9.200715 8.638246 -0.2740313 7.591845 9.701779 -1.238257 7.695879 9.945585 -1.240021 8.636663 9.413949 0.4805946 9.09817 7.205972 -0.1203902 8.206636 9.368099 0.1663281 8.745018 8.809062 -0.7560766 6.403768 10.04668 0.4344489 9.116915 7.971839 -1.337437 8.588023 6.853553 -2.562542 8.707415 6.148146 -2.008876 8.563313 6.534384 -0.4428783 9.029827 7.210345 -2.797463 9.516651 6.77705 -1.376935 8.565546 6.929292 -2.550156 8.647079 6.150376 -2.015731 8.707778 6.580482 -2.162374 9.713661 7.043066 -1.367237 9.735938 7.280094 -0.439615 9.519434 7.341564 -1.151004 10.63729 6.468587 0.4548489 8.795239 6.715851 -3.036432 10.33401 5.968255 -2.043115 10.63065 6.313399 -0.2700657 9.86056 7.036787 -1.138233 10.68788 6.454047 -2.797463 9.516651 6.77705 -3.032619 10.34845 6.085421 -2.054224 10.76244 6.283089 0.1872308 9.149511 7.09814 -2.162374 9.713661 7.043066 -1.367237 9.735938 7.280094 -3.78918 9.088212 6.005178 -0.439615 9.519434 7.341564 2.029735 8.616938 7.598157 0.3991175 8.891746 6.636982 3.199045 7.262835 7.695012 2.564359 7.947579 7.660659 2.079008 8.669959 7.604493 2.235443 6.991234 8.260394 3.114996 7.194194 7.680055 2.697681 8.069239 7.681951 0.8544914 8.955771 7.50943 1.580824 7.604728 8.21736 0.9255724 8.221283 8.153633 0.3907106 8.774484 7.683769 0.250411 8.959852 7.223591 0.5973952 7.253624 7.390985 2.096345 6.178816 7.604333 1.258397 6.53454 7.494227 2.235443 6.991234 8.260394 0.5332319 7.21131 7.465155 2.048909 6.111568 7.601319 1.342758 6.689767 7.580977 0.260806 8.329047 7.431533 1.580824 7.604728 8.21736 0.9255724 8.221283 8.153634 3.285433 6.048257 7.995189 0.3907105 8.774484 7.683769 -0.9092316 9.268074 7.965403 0.4060021 8.928443 6.687813 -1.195762 10.35861 8.990083 -1.017519 9.748065 8.506718 -0.9613665 9.253799 7.959484 -1.114246 10.37076 8.989127 -1.151171 9.721642 8.501754 -0.04132193 8.661171 7.605999 -0.05597513 9.489321 9.360566 0.1621808 8.981022 8.839083 -0.2629149 10.17834 9.816592 -0.6568614 11.22064 9.893434 0.3560858 8.61608 7.843508 -0.4478235 10.65019 9.930356 0.9919798 9.61314 8.147839 0.379929 10.6208 9.224382 0.8146237 10.15869 8.766111 1.047618 9.578085 8.206737 0.4356334 10.64361 9.238293 0.6986188 10.06344 8.792271 0.7108758 8.86224 7.687301 -0.05597513 9.489321 9.360566 0.1621807 8.981022 8.839084 -0.262915 10.17834 9.816592 -0.4478237 10.65019 9.930356 2.206766 8.607278 6.452816 3.131543 7.651058 5.692849 2.653579 8.117486 6.137959 2.241064 8.649188 6.451741 2.769329 6.894981 6.400882 3.070762 7.59656 5.700496 2.748658 8.213892 6.129238 1.241474 8.728107 7.081037 2.369271 7.256979 6.892188 1.803751 7.728914 7.247709 1.069921 8.331913 7.342685 0.2846422 8.958984 6.690139 0.9725396 7.198556 6.596186 2.170093 6.441077 5.852869 1.524208 6.67268 6.230347 0.5736686 8.733025 7.146954 2.769329 6.894981 6.400882 0.9682748 7.138252 6.660582 2.138764 6.388101 5.849583 1.623578 6.764667 6.29895 0.7023462 8.080042 7.101035 2.369271 7.256979 6.892188 1.803751 7.728914 7.247709 3.5055 6.296285 5.646411 1.069921 8.331913 7.342685 -1.511652 7.4096 6.808948 -2.688812 7.065115 5.120449 -2.187377 7.207976 6.120416 -0.7110593 8.341425 7.147387 -1.528699 7.360252 6.829681 -2.500593 8.158621 5.151292 -2.759366 7.146943 5.172751 -2.216576 7.093846 6.214768 -2.197375 8.282271 5.826682 -1.672843 8.520207 6.478568 -0.8498873 8.801541 6.972914 0.5036597 8.904504 6.767503 -0.9476275 9.012554 5.532262 -1.656488 8.274935 4.453278 -1.329772 8.723702 4.917217 -0.5746785 9.043215 6.588105 -2.500593 8.15862 5.151293 -1.007161 9.083425 5.530784 -1.621116 8.320082 4.423559 -1.420979 8.657411 5.029451 -0.05678683 8.928081 7.017287 -2.197375 8.28227 5.826682 -1.672842 8.520206 6.478569 -2.746994 7.774509 3.836742 -0.849887 8.80154 6.972915 0.824142 7.621145 5.809811 0.2445743 6.896122 4.540029 0.5208252 7.265237 5.218393 0.8849155 7.610731 5.796093 -0.3171138 6.676695 5.429921 0.1576464 6.921511 4.569564 0.6685265 7.229436 5.175139 0.6350513 8.108674 6.816352 -0.1041393 7.044946 6.093899 0.1103525 7.430381 6.751554 0.3119696 8.085492 7.147457 0.3862517 8.531885 7.137675 0.375743 8.934208 6.785708 -0.8055699 7.97751 6.262794 -1.034734 7.109172 4.902691 -1.095925 7.538535 5.579802 -0.3171138 6.676695 5.429921 -0.8616567 7.931192 6.32139 -1.105685 7.11353 4.911336 -0.9398357 7.473494 5.607918 -0.09502494 8.23902 6.986939 -0.1041393 7.044946 6.093899 0.1103525 7.430381 6.751554 -0.6366259 6.358607 4.252591 0.3119696 8.085492 7.147457 0.4700044 10.06417 5.586062 0.3502908 8.834369 6.831496 1.192505 10.47702 4.288779 0.8849987 10.31049 5.006738 0.4328295 10.09909 5.58125 1.140042 10.6472 4.320827 0.7962446 10.0883 4.990006 0.6886318 9.694592 6.464487 1.983578 10.34356 5.154923 1.654838 10.05806 5.787142 2.279421 10.51469 4.454881 2.122824 10.33387 3.42491 1.113464 9.609486 6.53005 2.28056 10.50759 3.996024 1.719499 8.84349 5.852904 2.270029 9.517266 4.485899 2.029887 9.006457 5.125104 1.876106 8.845831 5.866465 2.314539 9.479954 4.48216 1.997718 9.21236 5.210084 1.222118 9.190847 6.538648 1.983579 10.34356 5.154923 1.654838 10.05806 5.787142 2.279421 10.51469 4.454881 2.28056 10.50759 3.996024 0.3561792 8.871965 6.801983 0.190496 9.513443 5.44527 0.08872514 9.262996 4.216161 0.8022188 9.447057 4.966743 0.9149098 8.646045 5.415999 1.126672 8.936022 4.333411 0.539889 9.077095 3.314218 0.3444344 8.863549 6.792212 0.9091941 8.930315 5.393567 0.6988973 8.582276 4.202587 1.145277 8.250012 5.095151 0.4578036 7.918496 5.618247 0.8632941 7.578866 4.607724 0.776917 7.875022 3.464133 0.4713171 8.83312 6.819735 -0.3458085 8.019132 5.446299 -0.4283007 7.978121 3.954227 -0.9165251 8.553372 4.950107 -0.1989612 9.336673 5.232227 -0.9360036 9.165077 4.10841 -0.9008646 8.413639 2.919407</float_array>
          <technique_common>
            <accessor source="#tree_oak_bush_a200-mesh-positions-array" count="867" stride="3">
              <param name="X" type="float"/>
              <param name="Y" type="float"/>
              <param name="Z" type="float"/>
            </accessor>
          </technique_common>
        </source>
        <source id="tree_oak_bush_a200-mesh-normals">
          <float_array id="tree_oak_bush_a200-mesh-normals-array" count="2553">0.7258321 0.6873477 0.02685666 0.3940339 0.8664719 -0.3065353 0.9953761 0.09390681 -0.02020353 -0.6880493 -0.6998296 0.191903 -0.3780688 -0.827674 0.4147526 -0.9947602 -0.07339769 0.07116979 0.9927033 -0.02615505 0.1177132 0.6311445 -0.6989284 0.3363866 -0.7229572 0.6903022 0.02856546 -0.9913429 -0.030824 0.1276296 0 0.9999963 0.002716183 0 0.9838168 -0.1791781 -0.6956632 0.6956632 -0.1791804 -0.7071042 -0.7071042 0.002716183 -0.6956632 -0.6956632 -0.1791804 0 -0.9838168 -0.1791781 0.9999963 0 0.002716183 0.9838168 0 -0.1791781 0.6956632 0.6956632 -0.1791804 -0.9999963 0 0.002716183 -0.9838168 0 -0.1791781 0.7071042 -0.7071042 0.002716183 0.6956632 -0.6956632 -0.1791804 -0.7071042 0.7071042 0.002716183 0 -0.9999963 0.002716183 0.7071042 0.7071042 0.002716183 0.002563595 -0.9773423 0.2116497 0.6831957 -0.7057186 0.1876301 -0.005249202 0.9998312 -0.01760941 0.4034923 -0.6629042 0.630676 0.7548602 -0.5003306 0.4240939 -0.9480937 -0.2251741 0.2245332 0.9011386 0.3368092 -0.2729632 0.1766471 0.8516175 -0.4935011 -0.367882 0.696455 -0.6161276 -0.9447529 -0.2291077 0.234418 -0.6607648 0.7090151 -0.2463486 -0.740459 -0.4763146 0.4741782 -0.1388315 -0.7045037 0.6959888 -0.366384 -0.5227649 0.7697269 0.3417829 0.7056616 -0.620666 -0.7304164 0.504269 -0.460657 -0.6190022 0.448946 -0.6444252 0.5622016 -0.4815383 0.6723469 0.8414498 0.27089 -0.4675264 0.6692621 -0.5408666 0.509462 0.5863057 -0.4399964 0.6801831 -0.869733 -0.2138472 0.4447852 0.9779581 0.1460955 -0.149178 0.3709029 0.5314352 -0.7615824 0.9960187 0.05273681 -0.07187229 -0.9894201 -0.1114853 0.09283822 -0.9936993 -0.06973594 0.08774214 -0.7939614 -0.1631565 0.5856667 0.9762827 0.1111819 -0.1857711 0.3597882 0.431935 -0.8270337 -0.1382533 0.3698965 -0.9187288 -0.5088191 0.3812175 -0.7718656 -0.9939838 0.06567758 -0.08765149 -0.9959527 0.06219744 -0.06488311 -0.6085351 0.3740817 -0.6998199 0.99417 0.03332716 -0.1025452 0.7593729 0.2103367 -0.6157201 0.6337903 -0.3517327 0.6889079 -0.4781758 0.5305164 -0.6999288 0.2726875 -0.3379372 0.9007997 0.7646288 -0.2783964 0.5812388 -0.7084463 -0.2945425 0.6413646 -0.646037 -0.2476047 0.7220306 0.05758982 -0.4372799 0.8974797 0.5526832 0.677845 0.4848377 0.2511136 0.9571189 0.1444483 -0.03335773 0.9497965 0.311085 -0.3209647 0.9469939 -0.01358079 -0.608676 0.793348 -0.01062065 -0.3682183 0.8338243 0.4112813 0.2272144 0.7831802 0.578794 -0.8745168 -0.01297044 0.4848219 -0.8942998 -0.4235129 0.1444466 -0.7056378 -0.6366336 0.3110837 -0.5184596 -0.8549944 -0.01358097 -0.2157386 -0.9763935 -0.01062059 -0.4014508 -0.8183445 0.4112781 -0.7457475 -0.3299174 0.578805 0.1197872 -0.4733502 0.8726917 0.611086 -0.3343684 0.717476 0.6014072 -0.01489323 0.7988039 0.855836 0.1575126 0.492681 0.8171181 0.4519878 0.3578058 0.5552952 0.3478568 0.7554091 0.2502592 -0.1540926 0.9558378 0.6352479 0.3212404 0.7023282 0.6752994 0.6725832 0.3026594 0.3990936 0.8440875 0.358107 0.2875218 0.9566867 -0.04562622 -0.01776188 0.9875569 -0.1562561 0.04638862 0.9446193 0.3248731 0.4149144 0.5987648 0.6850743 -0.8126598 0.1506723 0.5629228 -0.7167422 -0.3736154 0.5888059 -0.466728 -0.3688534 0.8038111 -0.2321576 -0.7073682 0.6676326 0.09308373 -0.7290443 0.6781076 -0.1184738 -0.3650045 0.9234369 -0.5901834 0.02111935 0.806993 0.782213 0.3291521 0.5289629 0.7675523 0.09375429 0.6340929 0.7932855 0.1449661 0.59134 0.7482787 0.3004652 0.5914387 0.798167 -0.1392588 0.58612 0.8082765 0.007904529 0.5887503 0.9046396 -0.1450255 0.4007429 0.9032164 -0.01968485 0.428734 -0.1504592 0.5360986 0.8306385 0.2414981 0.9031839 0.3548768 0.3568293 0.9073939 0.2220569 -0.03671419 -0.1858906 0.9818843 0.02926802 -0.3049187 0.9519286 -0.1142943 -0.07071292 0.9909271 -0.06219786 0.5407067 0.8389087 -0.2010017 0.163127 0.9659131 -0.1898895 0.06344908 0.9797531 -0.1956301 0.3031504 0.9326461 0.6116457 -0.2698858 0.743674 0.05377423 -0.434772 0.8989336 0.9386148 -0.02118021 0.3443164 -0.7509848 0.4074917 0.5195886 -0.5700921 0.5612111 0.6000311 -0.6054366 0.5707059 0.5547445 -0.7098461 0.3825277 0.5914316 -0.4299322 0.7262794 0.5363548 -0.5274727 0.6568153 0.5388565 -0.4232475 0.841093 0.3367851 -0.5353316 0.7594622 0.3696446 -0.3406274 -0.4432033 0.8291826 -0.8484883 -0.392596 0.3548746 -0.9255551 -0.3066567 0.2220575 0.09128367 0.1281207 0.9875487 0.1568368 0.2710996 0.949688 0.05575847 0.05078381 0.997152 -0.3755709 -0.393913 0.8389154 0.004760921 -0.1250962 0.9921332 -0.09329611 -0.204812 0.9743449 -0.1910513 -0.3034542 0.9334961 -0.1820159 0.6824986 0.7078601 0.2523965 0.3662648 0.8956261 -0.5617393 0.7771144 0.2837995 -0.1834812 -0.01101738 0.9829615 -0.3961651 -0.03054934 0.917671 -0.03149604 0.03802722 0.9987803 -0.3670826 -0.0665009 0.9278082 0.3409841 0.01348918 0.9399724 0.3067157 0.03900325 0.9510018 0.2656081 0.02588021 0.9637337 0.09674394 0.07718151 0.9923123 0.04770177 0.09607505 0.9942305 0.4254686 -0.8634502 0.2709802 0.608067 -0.489591 0.6249442 0.4443565 -0.8221815 0.3557598 0.03824055 -0.8201125 0.5709231 0.2369848 -0.7725126 0.5891202 0.2763835 -0.7293218 0.6258611 0.06656205 -0.7732611 0.6305846 0.4778093 -0.6969681 0.5347278 0.581057 -0.6854941 0.438715 0.3863098 -0.7417955 0.5481828 0.5455315 -0.7775693 0.3127002 0.6614397 -0.7309315 0.1680379 -0.6903447 -0.6101402 0.3887843 -0.6982218 -0.4925823 0.5194699 0.6087008 0.03332668 0.7926997 0.4924007 -0.005127251 0.8703535 0.8163981 -0.289478 0.4996967 0.7668912 -0.2166571 0.6041007 0.8067767 -0.2922524 0.5135172 0.6472494 0.1045585 0.7550734 0.5578363 0.3387364 0.7576783 0.6962615 -0.01913541 0.7175332 0.7878493 -0.2093607 0.5791906 0.4869348 0.3064439 0.8179162 -0.4197661 0.7470275 0.515506 -0.3358629 0.5955806 0.7297122 -0.08728343 -0.8763443 0.4737112 0.4479271 -0.7035846 0.5516611 -0.1367561 -0.8331415 0.5358852 -0.1542158 -0.7784956 0.6084095 -0.1548826 -0.7977294 0.5827859 -0.1583647 -0.7682319 0.6202744 -0.1603189 -0.8273224 0.5383639 -0.1552506 -0.8681153 0.4714587 -0.5718169 -0.3128573 0.7583837 -0.4199508 -0.521795 0.7425438 -0.297683 -0.6231079 0.7232714 -0.5012477 -0.2638997 0.8240799 0.8247557 -0.3278086 0.4607816 -0.6687102 -0.05524003 0.7414684 -0.6438937 -0.01669394 0.7649328 -0.6948835 -0.1997458 0.6908245 -0.6105412 -0.5442835 0.5753217 -0.4376773 -0.8040922 0.402336 -0.6455446 -0.4248899 0.6346187 -0.6811274 -0.2902986 0.6721548 -0.6766499 -0.2791932 0.6813194 -0.6911743 0.1318746 0.7105541 -0.696479 -0.05505663 0.715462 -0.6910997 0.1313531 0.7107234 0.00137335 -0.8764258 0.4815351 -0.11576 0.3873521 0.9146355 0.00827068 -0.9932784 0.1154541 0.7022469 0.004150569 0.7119215 0.6944958 0.2481214 0.6753602 0.6987935 0.2743658 0.6606142 0.441433 -0.801898 0.4026123 0.6174333 -0.5309725 0.580383 0.6302193 -0.3785894 0.6778596 0.6441327 -0.2422898 0.7255266 0.6746518 -0.1846701 0.7146622 0.6682193 -0.08533185 0.7390545 0.02462929 -0.7840178 0.6202496 0.1501253 -0.7034438 0.6947152 0.06875962 -0.7489398 0.659061 0.3983751 -0.4827013 0.7799338 0.5524244 -0.3028095 0.7766169 0.3238435 -0.546301 0.7724512 0.2295364 -0.6769509 0.6993216 0.4757342 -0.2592001 0.840531 -0.5878879 0.2707037 0.762304 -0.6312676 0.2642083 0.7291744 -0.4805333 0.3758506 0.7923535 -0.1830235 0.594727 0.7828168 -0.1634323 0.5091885 0.8449953 0.5882328 0.4830932 0.6485394 -0.385704 0.472318 0.792558 0.6763936 0.5524863 0.4870839 -0.6762708 0.1826257 0.7136566 -0.3205124 -0.3660165 0.8736726 -0.6959531 0.1766739 0.6960142 -0.7149486 0.1709394 0.677959 -0.7241828 0.1684032 0.6687299 0.1186595 -0.7178168 0.686046 0.3870444 0.005279779 0.922046 0.4299528 -0.2132673 0.8773014 0.3298476 0.1471008 0.9325031 0.4665532 -0.1772884 0.8665432 0.2751335 0.5072955 0.8166719 0.2600541 0.4728339 0.8419026 0.2836153 0.4333733 0.8554239 0.2713783 0.2689673 0.9241269 0.2612773 0.2182143 0.9402749 0.8143697 0.5608786 -0.1490549 0.588535 0.7598401 0.2761695 0.8100059 0.5832494 -0.060916 0.9511834 0.2465013 0.1857076 0.8770061 0.4475368 0.1748458 0.8516306 0.474966 0.2216589 0.9266 0.2692423 0.2625281 0.7515868 0.6493487 0.1160325 0.68788 0.7252054 0.02997016 0.8206411 0.5554564 0.1342251 0.7235427 0.6815487 -0.1094409 0.6134646 0.7582167 -0.2208362 0.8211187 -0.5328955 0.2044175 0.763244 -0.529287 0.3705589 0.1652019 0.7418372 0.6499124 0.2480332 0.6432321 0.7243838 -0.5606447 0.7885649 0.2526716 -0.5626869 0.7299944 0.3879325 -0.5532851 0.7838283 0.2819377 -0.6262187 0.4970319 0.6006743 -0.6494452 0.2581605 0.7152442 -0.5947689 0.5866201 0.5496607 -0.583075 0.7290802 0.358421 -0.5540109 0.2595333 0.7910211 -0.01840275 -0.4249429 0.9050332 0.6029754 0.7680252 0.2157734 0.01330649 0.9632869 0.2681443 0.6208016 0.7282615 0.2902425 0.6120101 0.7010663 0.3659914 0.620542 0.7091995 0.3346099 0.6093249 0.6925825 0.3860736 0.6354709 0.7183306 0.2831572 0.6458715 0.7346814 0.2075895 0.6883265 0.1908966 0.6998322 0.7003538 0.4346234 0.566222 0.6431878 0.549525 0.5332279 0.5856058 0.204022 0.7845005 -0.5535309 0.8028137 0.221571 -0.03466951 -0.6551501 0.7547029 -0.2365217 -0.06613451 0.9693729 -0.07068318 -0.7456225 0.6626093 -0.06930822 -0.745575 0.662808 0.5130903 -0.7298382 0.4517465 0.5784903 -0.7571799 0.3033603 0.4554671 -0.7083789 0.5392115 0.4978924 -0.6813747 0.5364995 0.7653299 -0.5294775 0.3659557 0.4798523 -0.6898239 0.5421113 0.4356669 -0.7137307 0.5484367 0.4302591 -0.7102723 0.5571271 0.21443 -0.6924878 0.6888254 0.8887999 -0.1202136 0.4422484 0.9851379 -0.1271746 0.1154552 0.8744573 0.3098581 0.3732458 0.6632732 0.5140954 0.5438516 0.6561276 0.451803 0.6044589 0.3038524 0.6723758 0.67497 -0.005127131 0.7195445 0.6944275 -0.02432405 0.7241987 0.6891622 0.4573003 0.5853591 0.6695007 0.3155387 0.6696231 0.6723393 0.5100915 0.5929806 0.6230416 0.4879968 0.6306115 0.6034802 0.4621515 0.5059465 0.7283091 0.3111432 0.5715939 0.7592564 0.3993753 0.5267627 0.750347 -0.01825016 0.6622258 0.7490821 -0.2429642 0.6900111 0.6818014 0.07361245 0.6348925 0.7690857 0.248092 0.622748 0.7420482 -0.2574281 0.6073594 0.7515619 -0.5961679 -0.4151262 0.6872076 -0.3989201 -0.5097363 0.7622545 -0.2701912 -0.5380629 0.7984268 -0.5551794 -0.3467621 0.7559974 -0.928195 0.2965805 0.224709 -0.8691335 0.2751025 0.4110057 0.01059031 -0.601757 0.7986091 0.2288964 1.83117e-4 0.9734507 0.03003096 -0.6156352 0.7874588 -0.1180787 -0.5722042 0.8115662 -0.08237147 -0.606845 0.7905404 0.04983687 -0.6296299 0.7752953 0.05841428 -0.6358736 0.7695795 0.3414791 0.5532518 0.7598056 -0.8621068 -0.1935223 0.4683173 -0.7782438 -0.2432088 0.5789524 -0.8470266 -0.1938877 0.494928 -0.5553973 -0.4361569 0.7080262 -0.3343686 -0.5798347 0.7429599 -0.6297923 -0.3608274 0.6878702 -0.794675 -0.2567632 0.5500587 -0.2713155 -0.5073508 0.8179139 0.5867045 -0.3511255 0.7297184 -0.3123035 0.8328397 0.4569952 -0.7384366 0.3878349 0.5516301 -0.2509632 0.8189646 0.5160569 -0.2123206 0.7868103 0.5795252 -0.2233724 0.8030909 0.5524035 -0.2011529 0.7774189 0.5959509 -0.2375646 0.8287905 0.5066255 -0.2662781 0.8575834 0.4400532 0.3416337 0.5766023 0.7421699 0.1063296 0.7156497 0.6903185 -0.02603274 0.7206468 0.6928134 0.3047972 0.4774759 0.8240846 -0.878927 -0.1758525 0.4433547 0.7346006 -0.4411571 0.5155022 0.2090228 -0.07443517 0.9750738 0.5074198 0.5540233 0.6599875 0.5063434 0.5548384 0.6601294 0.04440546 0.9001346 0.4333428 0.01287919 0.9590133 0.2830681 0.07461911 0.8493763 0.5224865 0.02465933 0.8545629 0.5187622 -0.2761064 0.8982689 0.341875 0.04391729 0.8500854 0.5248104 0.09329646 0.8414689 0.5321897 0.09518975 0.8355883 0.5410464 0.2507484 0.6902905 0.6786931 -0.6287313 0.6562903 0.4171093 -0.6939846 0.7146159 0.08780479 -0.8838564 0.309156 0.3510278 -0.8486543 0.02163827 0.5285053 -0.8053774 0.06726479 0.5889336 -0.6681548 -0.3229227 0.6702911 -0.4559615 -0.5515791 0.6984695 -0.4437483 -0.5672593 0.6937611 -0.7340204 -0.159494 0.6601331 -0.6755235 -0.3135596 0.6673442 -0.7792446 -0.1336432 0.6123051 -0.7850186 -0.1772563 0.5935707 -0.08362239 0.8581062 0.5066174 -0.1838772 0.7714601 0.6091294 -0.116796 0.8225471 0.5565744 -0.3783767 0.5324986 0.7571502 -0.4983518 0.3336079 0.8002195 -0.3172461 0.6043394 0.7308411 -0.2558422 0.7347797 0.6282067 -0.4087166 0.3108712 0.8580851 0.3739815 -0.4309913 0.8212091 0.5468782 -0.2808095 0.7887144 0.6260039 -0.1730422 0.7603786 0.346784 -0.3433659 0.8728349 -0.5103757 -0.5661957 0.6472551 -0.4165305 -0.4604481 0.7838941 0.7771759 0.03344923 0.628394 0.3629954 0.5342692 0.7634074 0.7927983 0.03973603 0.6081874 0.7114067 -0.05643028 0.7005113 0.748193 -0.04895174 0.661673 0.8084049 0.04593205 0.5868321 0.8151885 0.04837232 0.5771722 -0.1571401 0.7890272 0.5939219 0.8728602 0.3601006 0.3293063 0.3625674 0.8718402 0.3293015 -0.8718402 0.3625674 0.3293015 -0.8728602 -0.3601006 0.3293063 0.3601006 -0.8728602 0.3293063 0.8718402 -0.3625674 0.3293015 -0.3601006 0.8728602 0.3293063 -0.3625674 -0.8718402 0.3293015 0 0.9880806 0.1539374 -0.6986783 0.6986783 0.1539393 -0.6986783 -0.6986783 0.1539393 0 -0.9880806 0.1539374 0.9880806 0 0.1539374 0.6986783 0.6986783 0.1539393 -0.9880806 0 0.1539374 0.6986783 -0.6986783 0.1539393 -0.5276457 -0.8492566 0.01879978 0.999907 0 0.01364213 0.447193 -0.8944166 0.006103754 -0.5276457 0.8492566 0.01879978 0.4472053 0.8944105 0.006103932 -0.999907 0 0.01364213 -0.6601139 0.1970972 0.7248465 -0.6051395 -0.5498993 0.5756883 -0.6041023 -0.5501439 0.5765432 -0.02072238 -0.7301377 0.6829858 0.09216833 -0.8032683 0.5884429 -0.1013531 -0.6770303 0.7289428 -0.0561552 -0.6631507 0.7463764 0.2926239 -0.6243131 0.7242959 -0.07642048 -0.6652615 0.7426891 -0.1236935 -0.67505 0.727329 -0.130989 -0.6685872 0.7320064 -0.3638815 -0.5686966 0.7376819 0.4938359 -0.2547157 0.8314121 0.7205342 -0.3531103 0.5967777 0.6542362 0.1407537 0.743077 0.4684423 0.4233346 0.7754675 0.4144478 0.3788016 0.8274917 0.1630319 0.6931149 0.7021484 -0.08603394 0.822099 0.5628068 -0.09796583 0.8304208 0.5484562 0.2639945 0.5698924 0.778158 0.1729817 0.686922 0.7058438 0.3313745 0.5538575 0.7638278 0.3343389 0.5911284 0.7340197 -0.2679916 -0.4124708 0.8706598 0.3976728 -0.6833992 0.612227 0.3984639 -0.6824488 0.6127726 0.7978944 -0.2110708 0.564636 0.8856663 -0.1519854 0.4387435 0.7298946 -0.2560552 0.63379 0.7375658 -0.2070751 0.6427416 0.8256242 0.1207932 0.5511384 0.7312693 -0.2267878 0.6432826 0.7195646 -0.2757156 0.6373444 0.7120161 -0.2790688 0.6443243 0.5372903 -0.4489678 0.7139659 0.5870435 0.4663692 0.6617248 0.709915 0.5978167 0.3723384 0.268846 0.7568218 0.5957706 -0.04849493 0.7064885 0.7060612 -0.01696854 0.6474294 0.7619366 -0.4203752 0.5274069 0.738327 -0.6579663 0.3333016 0.6752707 -0.6728957 0.3237212 0.6651437 -0.2556889 0.5805339 0.7730484 -0.4103686 0.5344619 0.7388831 -0.2194659 0.6330054 0.7423874 -0.258439 0.6462502 0.718032 0.7972835 -0.4087131 0.4441764 0.7953965 0.2514798 0.5514549 0.7434515 -0.4462845 0.4981064 0.4274273 0.7736419 0.4677437 0.3540524 0.7507399 0.5577065 0.4325512 0.7678065 0.4726231 0.4217418 -0.5004808 0.7560773 0.5021961 -0.5860939 0.6358405 0.5495027 -0.491821 0.6753955 0.1527783 0.7365469 0.6589064 0.1249744 0.6315862 0.7651669 0.2155591 0.7100359 0.6703606 0.1379159 -0.5437594 0.8278316 0.6892862 -0.445068 0.5716635 0.7067699 -0.4521765 0.5440706 0.681914 -0.4470102 0.5789433 0.7269058 -0.4658142 0.5046041 0.7650058 -0.4735125 0.4365227 0.3482803 0.7696225 0.5351467 -0.1428911 0.5522155 0.8213648 -0.5471501 0.6142315 0.5686357 -0.7061293 0.6328825 0.3175552 -0.6564402 -0.1613556 0.7369197 -0.1941035 -0.7935659 0.5766949 -0.3271642 -0.8881348 0.3227694 0.4679533 0.7736352 0.4272099 -0.8003139 -0.2123854 0.560705 -0.9111967 -0.1944106 0.3632152 -0.7052637 -0.1995943 0.6802686 -0.8935807 -0.2413483 0.378503 -0.3879562 -0.2756467 0.8794936 -0.4222294 -0.2469592 0.8722005 -0.46322 -0.2549877 0.8487688 -0.6078225 -0.182658 0.7727794 -0.6466701 -0.1552509 0.7468033 0.1826876 -0.9582099 0.2201346 0.06018364 -0.7354796 0.6748687 0.1324828 -0.9462407 0.2950879 -0.2949419 -0.9367396 0.1884893 -0.1435023 -0.9293166 0.3402611 -0.1535428 -0.9059668 0.3945236 -0.3301268 -0.907765 0.2588033 0.06012225 -0.8819359 0.4675194 0.1891283 -0.8591499 0.4754913 -0.03125131 -0.9155368 0.4010185 0.2544419 -0.9026172 0.347191 0.4174422 -0.8407441 0.3448064 -0.731032 -0.5771225 -0.3640358 -0.8327215 -0.4963673 -0.2453454 -0.09024614 -0.2705554 0.9584651 -0.2303572 -0.3063495 0.9236263 0.1453921 0.6844479 0.7144175 -0.5953706 0.5537728 0.5821252 -0.5954948 0.5527371 0.5829818 -0.7141488 -0.0444054 0.698584 -0.7776311 -0.1650787 0.6066622 -0.6684085 0.04156756 0.742632 -0.6497543 -0.001770079 0.7601423 -0.576781 -0.3452324 0.7403636 -0.653939 0.01806747 0.7563315 -0.668695 0.06396716 0.7407802 -0.6629022 0.07193315 0.7452424 -0.5866172 0.3136499 0.7466619 -0.1868086 -0.5074749 0.8411729 -0.2669819 -0.7454313 0.6107807 0.2207483 -0.628704 0.7456551 0.4840112 -0.4153725 0.770194 0.4353879 -0.3654987 0.8227078 0.7204035 -0.08548396 0.6882669 0.8209876 0.1736217 0.5439069 0.8277649 0.1861654 0.5292898 0.6094662 -0.1973364 0.7678602 0.7153159 -0.09595328 0.6921821 0.5999395 -0.2661243 0.7544869 0.6366972 -0.2657026 0.7238914 0.8038613 0.551676 0.2223978 0.8455408 0.3675455 0.387261 0.8669649 0.3705972 0.333211 0.7695506 0.5632384 0.3009228 0.9013453 0.1496647 0.4064202 0.8955582 0.2602991 0.3608602 0.9701445 0.0032655 0.2425056 0.9655531 0.1433772 0.2171411 -0.09055036 0.8234074 0.5601795 0.1664812 0.9837499 -0.06723338 0.263778 0.9419466 -0.2077446 0.1759707 0.2614536 0.9490398 0.2561747 0.1212816 0.9589918 0.1313235 0.3329325 0.9337614 -0.02948182 0.8271394 0.561223 0.01068162 0.4625156 0.8865468 -0.005737602 0.5708056 0.8210652 -0.041018 0.6796666 0.7323735 0.7527267 0.05737614 0.6558281 0.2783916 -0.02224808 0.96021 0.9842216 0.1190869 0.1308674 -0.9368073 0.3415062 -0.07593095 -0.9236421 0.3638535 -0.1203994 -0.9441094 0.3203288 0.07776272 -0.833865 0.3416579 0.4335194 -0.614363 0.334283 0.714712 -0.8860607 0.3481312 0.3061065 -0.9279733 0.3320817 0.1690775 -0.9276465 0.339368 0.1558895 -0.932889 0.2603922 -0.2488253 -0.949441 0.3064396 -0.0682401 -0.932925 0.2606989 -0.248369 -0.265397 0.6206126 0.7378377 -0.5037514 0.6385856 -0.5817587 -0.09677487 0.3379033 0.9361923 0.2948741 0.9308279 -0.215891 0.3173431 0.838191 -0.4435417 0.3293087 0.8213185 -0.4658238 0.1647447 0.73717 0.6553165 0.2527926 0.9060004 0.3394984 0.2270658 0.9592617 0.168102 0.2244367 0.9741972 0.0238353 0.2594757 0.965236 -0.03149598 0.2476013 0.9596727 -0.1331242 0.9785521 0.1151471 0.1708132 0.9135068 0.02987849 0.4057249 0.9402495 0.02563565 0.3395201 0.9599975 0.1492977 0.2368864 0.835802 -0.1637361 0.5240472 0.900738 -0.07211637 0.4283343 0.8616758 -0.3268594 0.3881722 0.9171667 -0.229139 0.3260379 0.3570123 0.8949418 0.2676219 0.6691921 0.6631188 -0.3353438 0.7244771 0.5318061 -0.4385378 0.2353915 0.4554932 0.8585551 0.2371655 0.3278384 0.9144805 0.2150092 0.5746805 0.7896286 0.437552 0.8577082 0.2699718 0.2197075 0.7559905 0.6166095 0.1965715 0.6936616 0.6929597 0.2655489 0.8250297 0.4988084 0.6802051 -0.06396758 0.7302255 0.1912633 0.2012735 0.9606807 0.9181195 -0.2960091 0.2635058 0.02496451 -0.3375092 0.9409911 -0.2218433 -0.2956385 0.9291843 -0.1951074 -0.3460539 0.9177036 -8.8504e-4 -0.258859 0.9659148 -0.4139024 -0.3657735 0.8336035 -0.3028429 -0.3700769 0.8782536 -0.450468 -0.5513654 0.7021929 -0.3294224 -0.5376842 0.7761293 0.3200851 0.5903019 0.7410055 0.7214049 0.0228281 0.6921373 0.7403752 -0.1482032 0.6556528 -0.4117668 0.5413824 0.7330438 -0.5481946 0.4622817 0.696978 -0.3350419 0.5777932 0.744246 0.3025965 0.5469627 0.7805557 -0.1718859 0.6601678 0.7311867 -0.04754829 0.6502036 0.7582708 0.09665572 0.6389594 0.7631439 -0.5798648 -0.1117002 0.8070192 -0.6634584 0.4192432 0.6197243 -0.3035702 -0.6123897 0.729948 0.4068824 0.2902684 0.8661357 0.3021391 0.3774603 0.8753489 0.391318 0.2905434 0.8731866 0.09668469 0.6615639 0.7436299 0.005951285 0.8202127 0.5720278 0.1665414 0.562371 0.80994 0.332965 0.3801783 0.8629013 -0.08420217 0.794168 0.6018366 -0.6872536 0.6808447 -0.2532452 -0.7294994 0.6837207 0.01889133 -0.2809318 -0.5365936 0.7957039 0.1027883 -0.1615681 0.981494 -0.359704 -0.4922507 0.7926552 -0.4187857 -0.4220818 0.8040308 -0.4035281 -0.4493683 0.7970153 -0.4296265 -0.4100023 0.8045616 -0.3808448 -0.4951989 0.7808554 -0.3359911 -0.5562516 0.7600619 -0.8781591 -0.1318734 0.4598326 -0.7303558 -0.2525162 0.634678 -0.6121916 -0.2979929 0.7324082 -0.8607323 -0.03650093 0.5077475 0.4383757 0.2448849 0.8647879 -0.6211665 -0.4870326 0.6139639 -0.6073292 -0.4546118 0.6515208 -0.6081621 -0.6050797 0.5138264 -0.4357896 -0.851131 0.2926831 -0.2014878 -0.977927 0.05533128 -0.5008599 -0.7742864 0.3868075 -0.5708426 -0.6761054 0.4658544 -0.5693975 -0.6683102 0.4786942 -0.6933355 -0.3136459 0.6487774 -0.6482559 -0.484521 0.5873703 -0.6931254 -0.3141664 0.6487502 0.2417146 -0.9599001 0.1420073 -0.2053313 -0.01190233 0.9786202 0.2756485 -0.9308938 -0.239697 0.6832028 -0.07480251 0.7263875 0.6098971 0.1553125 0.7771123 0.6068413 0.1852813 0.7729261 0.644777 -0.7527536 0.132758 0.7436043 -0.5290837 0.4088069 0.716126 -0.4243043 0.5541927 0.6934828 -0.3156578 0.6476433 0.7073177 -0.2522734 0.6603484 0.6747266 -0.1735953 0.7173624 0.8465387 0.1200621 0.518611 0.7560209 0.2202873 0.6163651 0.8099126 0.1528695 0.5662796 0.5084798 0.4122223 0.7559902 0.3051595 0.5281009 0.7924565 0.582761 0.3524338 0.7322432 0.7165825 0.2923095 0.6332966 0.2855698 0.4389601 0.8519179 -0.04956263 -0.6957697 0.716553 -0.04013276 -0.7338955 0.6780759 -0.1670334 -0.6140225 0.7714118 -0.4350573 -0.3650453 0.8230839 -0.3465185 -0.3349211 0.8762151 -0.4844056 0.4221459 0.7662533 -0.2779684 -0.5401278 0.7943522 -0.5907325 0.5093985 0.6257382 0.04516839 -0.7605997 0.6476482 0.5377768 -0.3210913 0.779549 0.05200529 -0.7770892 0.6272382 0.05847531 -0.7928963 0.6065443 0.06128305 -0.8005864 0.5960755 0.7744606 0.1931268 0.6024227 -0.5383204 0.1821665 0.8228163 -0.334487 0.1913534 0.922769 -0.6604702 0.1518645 0.7353342 -0.3559737 0.2354847 0.9043394 -0.883605 0.1911751 0.4274277 -0.8712632 0.1650175 0.4622443 -0.8467847 0.1773774 0.5014909 -0.755445 0.1204292 0.6440495 -0.724459 0.09781324 0.6823428 -0.3382143 0.9184768 -0.2049673 -0.7572141 0.6513732 -0.04837304 -0.4085293 0.9003148 -0.1501237 -0.2790968 0.9213704 0.2705209 -0.4368202 0.8903344 0.1284245 -0.4874245 0.8614697 0.1424338 -0.3436763 0.8861849 0.3107461 -0.5683857 0.8201369 -0.06567686 -0.5804759 0.7910586 -0.1930646 -0.5014356 0.8649535 0.02044802 -0.4616585 0.8458603 -0.2671925 -0.4608209 0.7776485 -0.4276762 0.3333927 0.6455441 0.6871114 0.2303276 0.556363 0.7983794 -0.9771059 0.1643464 0.1351089 -0.939258 0.2098803 0.2715596 0.5100048 -0.8506592 0.1275699 0.5495242 -0.7946219 0.2580682 0.5100966 -0.8455324 0.1577228 0.6859897 -0.5734333 0.4478756 0.7617644 -0.3404135 0.551211 0.6337304 -0.6581458 0.4064847 0.562618 -0.7956001 0.2246809 0.6866487 -0.3319865 0.6467602 0.2726321 0.4071933 0.8717026 -0.6212294 -0.6975593 0.3570505 -0.0613439 -0.9592546 0.2758036 -0.6169412 -0.6571042 0.4331254 -0.5880739 -0.6321436 0.504543 -0.6044093 -0.6388049 0.476044 -0.579919 -0.624324 0.5233676 -0.6316342 -0.6454597 0.4294417 -0.6607747 -0.6594624 0.3584499 -0.5276449 -0.1214355 0.8407404 -0.5975021 -0.3602775 0.7163739 -0.5628122 -0.4804398 0.6726218 -0.4104834 -0.1473162 0.8998896 0.4944052 -0.8635611 0.09912514 0.2802914 0.6361799 0.7188268 0.6028134 0.7016342 -0.3799018 -0.06900256 0.9857209 -0.1536002 -0.06866776 0.9859476 -0.1522899 -0.1329095 0.8805299 0.454975 -0.2479113 0.8024234 0.542823 -0.06375378 0.9210582 0.384171 -0.04141443 0.9038245 0.4258947 -0.02075302 0.7012398 0.7126234 -0.04565656 0.9120944 0.4074302 -0.06354016 0.9294808 0.3633569 -0.05569666 0.9325911 0.3566113 0.02212643 0.9921799 0.1228398 0.335713 0.4747898 0.8135548 0.1139894 0.2605734 0.9587013 0.5880066 0.1196339 0.7999601 0.8247617 0.07425415 0.560584 0.8225229 0.1601647 0.5457137 0.9831154 0.02050888 0.1818335 0.9914552 -0.02752852 -0.1275103 0.9886558 -0.03625631 -0.1457576 0.9372053 0.09250283 0.3362879 0.9807957 0.02169913 0.1938275 0.9166059 0.05948138 0.3953424 0.9266142 0.01706004 0.3756264 0.9092922 0.2934431 0.2950912 0.7762881 0.6217386 -0.1040096 0.5696362 0.8197085 0.0599392 0.2873722 0.9239493 -0.2524578 -0.03152585 0.9772717 -0.2096334 0.2496773 0.9500309 0.1873571 0.7236709 0.5886235 0.3603095 0.6532235 -0.5722268 0.4958383 0.906637 -0.4186944 0.05200487 0.983708 -0.1107861 0.1415804 0.9661493 0.09470134 -0.2399732 0.8697088 0.403038 -0.2848978 0.951588 0.2547436 0.1720061 0.8313218 -0.2654895 0.4882822 -0.7338584 0.5111007 0.4474686 -0.9787289 0.15452 0.1349571 -0.9394922 -0.1133165 0.3232861 -0.9055447 -0.423672 0.02215713 -0.7209154 -0.6914953 0.04599183 -0.7868364 -0.4243032 0.4481689 -0.8021883 0.184456 0.5678645 0.8154255 -0.2525811 0.5208494 0.9092979 -0.2818781 0.306141 -0.06317377 -0.1697147 0.9834664 -0.1636101 0.1008639 0.9813553 -0.3535349 0.8103471 0.4672802 -0.306837 0.922983 0.2322793 0.09232103 0.09219896 0.9914516 -0.004364192 -0.1709364 0.9852725 0.8564704 -0.3227443 0.4028582 0.8017144 -0.2198923 0.5557891 0.6359274 -0.2281611 0.7372509 0.6384915 -0.04272681 0.768442 0.01132237 -0.8057233 0.5921841 0.2163782 -0.7034583 0.6769985 -0.6010468 0.2287114 0.7657898 -0.5705609 0.8075138 0.1496062 -0.5877712 0.7381703 0.3311039 0.4817485 0.6278449 0.6113339 0.4938073 0.5042756 0.7084212 0.2818433 0.6243584 0.7285199 -0.0800513 -0.5613358 0.8237075 -0.9095995 -0.1769818 0.3759071 -0.8116582 -0.2524548 0.5267614 -0.7785364 -0.17881 0.601588 -0.07739752 0.8767045 0.474762 -0.2499554 0.758778 0.6014801 0.7179948 -0.01583945 0.6958683 0.3246647 0.5917699 0.7378355 -0.2617616 0.6383053 0.7239112 0.4665125 0.8033194 0.3701947 0.3611062 0.7802604 0.5106821 0.6364303 -0.2559699 0.7276236 0.9227091 0.02023404 0.3849657 0.9641266 -0.1690754 0.20463 0.1457886 0.2813534 0.9484651 -0.02356106 0.4909378 0.870876 0.2125041 0.9771282 0.00790441 0.2099414 0.96111 -0.1794222 0.7856563 -0.2829437 0.5501701 0.7817758 -0.4715192 0.4080396 0.219249 0.4803093 0.8492544 0.2337759 0.7054173 0.6691302 -0.5051603 -0.4202852 0.7537729 -0.5555075 -0.6047652 0.5706754 -0.3868027 0.5669282 0.7273076 -0.1305 0.6804865 0.7210465 0.4968873 0.2351524 0.8353481 0.3583202 0.3663771 0.8587051 0.6819223 -0.3092821 0.6628172 0.6349855 -0.1534817 0.757124 0.8660904 0.1138082 0.48676 0.7415928 0.2866084 0.6065441 -0.005829095 -0.7007799 0.7133538 0.4939286 -0.869136 0.02523964 0.5598697 -0.8047839 0.1971522 0.9293968 0.02395743 0.368304</float_array>
          <technique_common>
            <accessor source="#tree_oak_bush_a200-mesh-normals-array" count="851" stride="3">
              <param name="X" type="float"/>
              <param name="Y" type="float"/>
              <param name="Z" type="float"/>
            </accessor>
          </technique_common>
        </source>
        <source id="tree_oak_bush_a200-mesh-map-0">
          <float_array id="tree_oak_bush_a200-mesh-map-0-array" count="4296">0.714256 -6.173793 0.7861219 -5.414919 0.5885853 -5.414919 0.2423592 -6.173793 0.296485 -5.414919 0.1227679 -5.414919 0.5863044 -6.173793 0.5885853 -5.414919 0.4659674 -5.414919 1.21756e-5 -6.173793 0.1230509 -6.173793 0.1227679 -5.414919 0.8533433 -6.382434 0.8718268 -6.797012 1.000038 -6.797011 0.2583405 -6.382434 0.2367036 -6.797012 0.3635311 -6.797012 0.6037969 -6.382434 0.6204284 -6.797012 0.7474323 -6.797012 0.1341403 -6.382434 0.1135315 -6.797012 0.2367036 -6.797012 0.4885471 -6.382434 0.4920549 -6.797012 0.6204284 -6.797012 1.21756e-5 -6.382434 1.21756e-5 -6.797011 0.1135315 -6.797012 0.3748046 -6.382434 0.3635311 -6.797012 0.4920549 -6.797012 0.7244225 -6.382434 0.7474323 -6.797012 0.8718268 -6.797012 0.8533433 -6.382434 1.000038 -6.382434 1.000038 -6.173793 0.3748046 -6.382434 0.3565986 -6.173793 0.2423592 -6.173793 0.6037969 -6.382434 0.7244225 -6.382434 0.714256 -6.173793 0.2583405 -6.382434 0.2423592 -6.173793 0.1230509 -6.173793 0.6037969 -6.382434 0.5863044 -6.173793 0.4692515 -6.173793 0.1341403 -6.382434 0.1230509 -6.173793 1.21756e-5 -6.173793 0.4885471 -6.382434 0.4692515 -6.173793 0.3565986 -6.173793 0.8533433 -6.382434 0.8515381 -6.173793 0.714256 -6.173793 0.5009068 13.8115 0.5580258 19.49716 0.4702941 19.50031 0.7536284 13.8115 0.656263 19.48899 0.5580258 19.49716 1.21756e-5 13.8115 0.2526952 13.8115 0.4702941 19.50031 0.7536284 13.8115 1.000038 13.8115 0.656263 19.48899 0.8515381 -6.173793 1.000038 -6.173793 1.000038 -5.414919 0.2423592 -6.173793 0.3565986 -6.173793 0.296485 -5.414919 0.3565986 -6.173793 0.4692515 -6.173793 0.4659674 -5.414919 0.714256 -6.173793 0.8515381 -6.173793 0.7861219 -5.414919 0.2025255 -4.890024 0.2945215 -4.890024 0.292558 -4.365129 0.785005 -4.890024 1.000038 -4.890024 1.000038 -4.365128 0.5103436 11.41399 0.7614406 11.41399 0.7536284 13.8115 0.2945215 -4.890024 0.4727267 -4.890024 0.4794859 -4.365129 0.2536686 11.41399 0.2526952 13.8115 1.21756e-5 13.8115 0.5945748 -4.890024 0.785005 -4.890024 0.7838881 -4.365129 0.4727267 -4.890024 0.5945748 -4.890024 0.6005642 -4.365129 1.21756e-5 -4.890024 0.1195043 -4.890024 0.1162407 -4.365129 0.5103436 11.41399 0.2536686 11.41399 0.2575771 8.226539 0.6548708 -2.04831 0.8868533 -2.061541 1.000038 0.4706795 1.21756e-5 -1.947224 0.1638438 -1.947225 0.2114469 0.4706794 0.2114469 0.4706794 0.2575771 8.226539 1.21756e-5 8.226539 0.7139162 0.4706794 0.7667347 8.226539 0.5041343 8.226539 1.000038 11.41399 0.7614406 11.41399 0.7667347 8.226539 1.000038 0.4706795 1.000038 8.226539 0.7667347 8.226539 0.4897176 0.4706794 0.5041343 8.226539 0.2575771 8.226539 0.5041343 8.226539 0.7667347 8.226539 0.7614406 11.41399 1.21756e-5 8.226539 0.2575771 8.226539 0.2536686 11.41399 0.5009068 13.8115 0.2526952 13.8115 0.2536686 11.41399 1.000038 13.8115 0.7536284 13.8115 0.7614406 11.41399 0.8868533 -2.061541 1.000038 -1.947224 1.000038 0.4706795 0.1162407 -4.365129 0.1638438 -1.947225 1.21756e-5 -1.947224 0.596701 -1.947225 0.6548708 -2.04831 0.7139162 0.4706794 0.1638438 -1.947225 0.2747119 -1.947225 0.3504077 0.4706794 0.4897176 0.4706794 0.7139162 0.4706794 0.5041343 8.226539 0.2114469 0.4706794 0.3504077 0.4706794 0.2575771 8.226539 0.4794859 -4.365129 0.596701 -1.947225 0.3911378 -1.947225 0.1638438 -1.947225 0.1162407 -4.365129 0.2747119 -1.947225 1.21756e-5 0.4706795 0.2114469 0.4706794 1.21756e-5 8.226539 0.7139162 0.4706794 1.000038 0.4706795 0.7667347 8.226539 0.5041343 8.226539 0.5103436 11.41399 0.2575771 8.226539 0.5103436 11.41399 0.5041343 8.226539 0.7614406 11.41399 1.21756e-5 11.41399 1.21756e-5 8.226539 0.2536686 11.41399 1.000038 8.226539 1.000038 11.41399 0.7667347 8.226539 1.000038 11.41399 1.000038 13.8115 0.7614406 11.41399 0.5009068 13.8115 0.7536284 13.8115 0.5580258 19.49716 0.37125 19.5048 1.21756e-5 13.8115 0.4702941 19.50031 0.2526952 13.8115 0.5009068 13.8115 0.4702941 19.50031 0.296485 -5.414919 0.2945215 -4.890024 0.2025255 -4.890024 1.000038 -5.414919 1.000038 -4.890024 0.785005 -4.890024 0.4659674 -5.414919 0.4727267 -4.890024 0.2945215 -4.890024 0.7861219 -5.414919 0.785005 -4.890024 0.5945748 -4.890024 0.5885853 -5.414919 0.5945748 -4.890024 0.4727267 -4.890024 0.1227679 -5.414919 0.1195043 -4.890024 1.21756e-5 -4.890024 0.1227679 -5.414919 0.296485 -5.414919 0.1195043 -4.890024 0.296485 -5.414919 0.4659674 -5.414919 0.2945215 -4.890024 0.4659674 -5.414919 0.5885853 -5.414919 0.4727267 -4.890024 0.5885853 -5.414919 0.7861219 -5.414919 0.5945748 -4.890024 0.7861219 -5.414919 1.000038 -5.414919 0.785005 -4.890024 1.21756e-5 -5.414919 0.1227679 -5.414919 1.21756e-5 -4.890024 0.7838881 -4.365129 0.785005 -4.890024 1.000038 -4.365128 0.6005642 -4.365129 0.5945748 -4.890024 0.7838881 -4.365129 0.4794859 -4.365129 0.4727267 -4.890024 0.6005642 -4.365129 0.292558 -4.365129 0.2945215 -4.890024 0.4794859 -4.365129 0.1162407 -4.365129 0.1195043 -4.890024 0.292558 -4.365129 1.21756e-5 -4.365128 1.21756e-5 -4.890024 0.1162407 -4.365129 0.596701 -1.947225 0.7139162 0.4706794 0.4897176 0.4706794 0.7838881 -4.365129 0.8868533 -2.061541 0.6548708 -2.04831 0.4794859 -4.365129 0.6005642 -4.365129 0.6548708 -2.04831 1.000038 -4.365128 1.000038 -1.947224 0.8868533 -2.061541 0.596701 -1.947225 0.4794859 -4.365129 0.6548708 -2.04831 0.3911378 -1.947225 0.596701 -1.947225 0.4897176 0.4706794 0.7139162 0.4706794 0.6548708 -2.04831 1.000038 0.4706795 1.21756e-5 0.4706795 1.21756e-5 -1.947224 0.2114469 0.4706794 0.292558 -4.365129 0.3911378 -1.947225 0.2747119 -1.947225 0.1162407 -4.365129 0.292558 -4.365129 0.2747119 -1.947225 0.3504077 0.4706794 0.4897176 0.4706794 0.2575771 8.226539 0.2747119 -1.947225 0.3911378 -1.947225 0.4897176 0.4706794 0.1195043 -4.890024 0.2025255 -4.890024 0.292558 -4.365129 0.1195043 -4.890024 0.296485 -5.414919 0.2025255 -4.890024 0.9999001 0.3018935 0.9999001 0.5321711 0.883883 0.4109939 0.9999001 0.5321711 0.8871967 0.7317091 0.883883 0.4109939 0.7896741 0.5455294 0.7748976 0.3046781 0.883883 0.4109939 0.8871967 0.7317091 0.7896741 0.5455294 0.883883 0.4109939 0.883883 0.4109939 0.7748976 0.3046781 0.8798074 0.01654291 0.9999001 0.3018935 0.883883 0.4109939 0.8798074 0.01654291 0.9999001 0.3018935 0.9999001 0.5321711 0.883883 0.4109939 0.9999001 0.5321711 0.8871967 0.7317091 0.883883 0.4109939 0.7896741 0.5455294 0.7748976 0.3046781 0.883883 0.4109939 0.8871967 0.7317091 0.7896741 0.5455294 0.883883 0.4109939 0.883883 0.4109939 0.7748976 0.3046781 0.8798074 0.01654291 0.9999001 0.3018935 0.883883 0.4109939 0.8798074 0.01654291 0.9999001 0.3018935 0.9999001 0.5321711 0.883883 0.4109939 0.9999001 0.5321711 0.8871967 0.7317091 0.883883 0.4109939 0.7896741 0.5455294 0.7748976 0.3046781 0.883883 0.4109939 0.8871967 0.7317091 0.7896741 0.5455294 0.883883 0.4109939 0.883883 0.4109939 0.7748976 0.3046781 0.8798074 0.01654291 0.9999001 0.3018935 0.883883 0.4109939 0.8798074 0.01654291 0.9999001 0.3018935 0.9999001 0.5321711 0.883883 0.4109939 0.9999001 0.5321711 0.8871967 0.7317091 0.883883 0.4109939 0.7896741 0.5455294 0.7748976 0.3046781 0.883883 0.4109939 0.8871967 0.7317091 0.7896741 0.5455294 0.883883 0.4109939 0.883883 0.4109939 0.7748976 0.3046781 0.8798074 0.01654291 0.9999001 0.3018935 0.883883 0.4109939 0.8798074 0.01654291 0.9999001 0.3018935 0.9999001 0.5321711 0.883883 0.4109939 0.9999001 0.5321711 0.8871967 0.7317091 0.883883 0.4109939 0.7896741 0.5455294 0.7748976 0.3046781 0.883883 0.4109939 0.8871967 0.7317091 0.7896741 0.5455294 0.883883 0.4109939 0.883883 0.4109939 0.7748976 0.3046781 0.8798074 0.01654291 0.9999001 0.3018935 0.883883 0.4109939 0.8798074 0.01654291 0.3146033 0.2126868 0.2102898 0.4062477 0.4048391 0.4105277 0.2082299 0.2184784 0.2102898 0.4062477 0.3146033 0.2126868 0.4048391 0.4105277 0.2102898 0.4062477 0.2083508 0.5775617 0.3821886 0.6148297 0.2083508 0.5775617 0.2081592 0.7184934 0.1057749 0.2149991 0.207888 0.1160438 0.2079371 -0.003071486 0.05566447 0.7635857 0.2081592 0.7184934 0.2083508 0.5775617 0.2082299 0.2184784 0.207888 0.1160438 0.1057749 0.2149991 0.2083508 0.5775617 0.2102898 0.4062477 1.00046e-4 0.4278706 1.00046e-4 0.4278706 0.2102898 0.4062477 0.1057749 0.2149991 0.2077563 1.007045 0.2081592 0.7184934 0.05566447 0.7635857 0.1057749 0.2149991 0.2102898 0.4062477 0.2082299 0.2184784 0.3547557 0.7726141 0.2081592 0.7184934 0.2077563 1.007045 0.2079371 -0.003071486 0.207888 0.1160438 0.3146033 0.2126868 0.3146033 0.2126868 0.207888 0.1160438 0.2082299 0.2184784 0.4814897 0.8038195 0.5858033 0.606858 0.391254 0.6025027 0.5878632 0.7979263 0.5858033 0.606858 0.4814897 0.8038195 0.391254 0.6025027 0.5858033 0.606858 0.5877423 0.432534 0.4139045 0.3946112 0.5877423 0.432534 0.5879338 0.2891263 0.6903182 0.8014666 0.588205 0.9021605 0.588156 1.023369 0.7404286 0.2432416 0.5879338 0.2891263 0.5877423 0.432534 0.5878632 0.7979263 0.588205 0.9021605 0.6903182 0.8014666 0.7701902 0.426218 0.5877423 0.432534 0.5858033 0.606858 0.7959931 0.5848551 0.5858033 0.606858 0.6903182 0.8014666 0.5883368 -0.004494607 0.5879338 0.2891263 0.7404286 0.2432416 0.6903182 0.8014666 0.5858033 0.606858 0.5878632 0.7979263 0.4413374 0.2340546 0.5879338 0.2891263 0.5883368 -0.004494607 0.588156 1.023369 0.588205 0.9021605 0.4814897 0.8038195 0.4814897 0.8038195 0.588205 0.9021605 0.5878632 0.7979263 0.7959931 0.5848551 0.6903182 0.8014666 0.5858033 0.606858 0.6903182 0.8014666 0.5878632 0.7979263 0.5858033 0.606858 0.7404286 0.2432416 0.7701902 0.426218 0.5877423 0.432534 0.7701902 0.426218 0.7959931 0.5848551 0.5858033 0.606858 0.4413374 0.2340546 0.5883368 -0.004494607 0.5879338 0.2891263 0.4814897 0.8038195 0.391254 0.6025027 0.5858033 0.606858 0.5878632 0.7979263 0.4814897 0.8038195 0.5858033 0.606858 0.391254 0.6025027 0.4139045 0.3946112 0.5877423 0.432534 0.4139045 0.3946112 0.4413374 0.2340546 0.5879338 0.2891263 0.588156 1.023369 0.4814897 0.8038195 0.588205 0.9021605 0.4814897 0.8038195 0.5878632 0.7979263 0.588205 0.9021605 0.6903182 0.8014666 0.588156 1.023369 0.588205 0.9021605 0.5878632 0.7979263 0.6903182 0.8014666 0.588205 0.9021605 0.5883368 -0.004494607 0.7404286 0.2432416 0.5879338 0.2891263 0.7707723 0.4310476 0.5861484 0.4368636 0.585956 0.2940347 0.7965752 0.5906865 0.6909003 0.8086659 0.5863854 0.6128283 0.7965752 0.5906865 0.5863854 0.6128283 0.5861484 0.4368636 0.6909003 0.8086659 0.5866453 0.8057359 0.5863854 0.6128283 0.6909003 0.8086659 0.5869381 1.023113 0.586772 0.8998346 0.5866453 0.8057359 0.6909003 0.8086659 0.586772 0.8998346 0.4419196 0.2376705 0.585559 -6.98149e-4 0.585956 0.2940347 0.3918361 0.6084455 0.4144866 0.3992412 0.5861484 0.4368636 0.4144866 0.3992412 0.4419196 0.2376705 0.585956 0.2940347 0.4820718 0.8110337 0.3918361 0.6084455 0.5863854 0.6128283 0.5866453 0.8057359 0.4820718 0.8110337 0.5863854 0.6128283 0.585559 -6.98149e-4 0.7410107 0.2469156 0.585956 0.2940347 0.4820718 0.8110337 0.5866453 0.8057359 0.586772 0.8998494 0.5869381 1.023113 0.4820718 0.8110337 0.586772 0.8998494 0.7394436 0.2434132 0.7685335 0.42593 0.5880765 0.4316949 0.793754 0.5841686 0.6904641 0.800236 0.5883082 0.6061161 0.7685335 0.42593 0.793754 0.5841686 0.5883082 0.6061161 0.7394436 0.2434132 0.5878884 0.2901189 0.5877166 0.1608083 0.6904641 0.800236 0.5885622 0.7973316 0.5883082 0.6061161 0.5875004 -0.002028465 0.7394436 0.2434132 0.5877166 0.1608083 0.6904641 0.800236 0.5888484 1.012801 0.5885622 0.7973316 0.5878884 0.2901189 0.4471029 0.2342492 0.5877127 0.1578106 0.4863489 0.8025829 0.3981498 0.6017718 0.5883082 0.6061161 0.420289 0.3944026 0.5880765 0.4316949 0.5883082 0.6061161 0.4471029 0.2342492 0.5878884 0.2901189 0.5880765 0.4316949 0.4471029 0.2342492 0.5875004 -0.002028465 0.5877127 0.1578106 0.5885622 0.7973316 0.4863489 0.8025829 0.5883082 0.6061161 0.5888484 1.012801 0.4863489 0.8025829 0.5885622 0.7973316 0.7801668 0.4204427 0.58741 0.4268082 0.5876124 0.2822751 0.8074275 0.5803247 0.6957817 0.798636 0.5853615 0.6025002 0.8074275 0.5803247 0.5853615 0.6025002 0.58741 0.4268082 0.6957817 0.798636 0.5875377 0.7950679 0.5853615 0.6025002 0.40375 0.3885879 0.58741 0.4268082 0.5853615 0.6025002 0.475154 0.8010074 0.5875377 0.7950679 0.587899 0.9001201 0.475154 0.8010074 0.3798197 0.5981107 0.5853615 0.6025002 0.5875377 0.7950679 0.475154 0.8010074 0.5853615 0.6025002 0.5878471 1.022279 0.475154 0.8010074 0.587899 0.9001201 0.4327329 0.2267713 0.5880383 6.55161e-4 0.5876124 0.2822751 0.40375 0.3885879 0.4327329 0.2267713 0.5876124 0.2822751 0.5880383 6.55161e-4 0.7487235 0.2360304 0.5876124 0.2822751 0.6957817 0.798636 0.5878471 1.022279 0.587899 0.9001201 0.5875377 0.7950679 0.6957817 0.798636 0.587899 0.9001201 1.00046e-4 0.4278706 0.1057749 0.2149991 0.2102898 0.4062477 0.1057749 0.2149991 0.2082299 0.2184784 0.2102898 0.4062477 0.05566447 0.7635857 0.0259028 0.5837686 0.2083508 0.5775617 0.0259028 0.5837686 1.00046e-4 0.4278706 0.2102898 0.4062477 0.3547557 0.7726141 0.2077563 1.007045 0.2081592 0.7184934 0.3146033 0.2126868 0.4048391 0.4105277 0.2102898 0.4062477 0.2082299 0.2184784 0.3146033 0.2126868 0.2102898 0.4062477 0.4048391 0.4105277 0.3821886 0.6148297 0.2083508 0.5775617 0.3821886 0.6148297 0.3547557 0.7726141 0.2081592 0.7184934 0.2079371 -0.003071486 0.3146033 0.2126868 0.207888 0.1160438 0.3146033 0.2126868 0.2082299 0.2184784 0.207888 0.1160438 0.1057749 0.2149991 0.2079371 -0.003071486 0.207888 0.1160438 0.2082299 0.2184784 0.1057749 0.2149991 0.207888 0.1160438 0.2077563 1.007045 0.05566447 0.7635857 0.2081592 0.7184934 0.0259028 0.60935 0.2105268 0.6038341 0.2107192 0.7392941 1.00045e-4 0.4579473 0.1057749 0.2512139 0.2102898 0.4369478 1.00045e-4 0.4579473 0.2102898 0.4369478 0.2105268 0.6038341 0.1057749 0.2512139 0.2100299 0.2539928 0.2102898 0.4369478 0.2100299 0.2539928 0.1057749 0.2512139 0.2099031 0.1647489 0.3547557 0.7927502 0.20754 1.009284 0.2107192 0.7392941 0.4048391 0.4411044 0.3821886 0.6395155 0.2105268 0.6038341 0.3821886 0.6395155 0.3547557 0.7927502 0.2107192 0.7392941 0.3146033 0.2489683 0.4048391 0.4411044 0.2102898 0.4369478 0.2100299 0.2539928 0.3146033 0.2489683 0.2102898 0.4369478 0.20754 1.009284 0.05566447 0.7839822 0.2107192 0.7392941 0.1057749 0.2512139 0.2097371 0.04783117 0.2099031 0.1647489 0.3146033 0.2489683 0.2100299 0.2539928 0.2099031 0.1647348 0.2097371 0.04783117 0.3146033 0.2489683 0.2099031 0.1647348 0.2064597 1.009718 0.05100786 0.7740701 0.2062383 0.8565885 0.05100786 0.7740701 0.02124625 0.5917446 0.2058702 0.5859856 -0.004556536 0.4336718 0.1011183 0.2178308 0.2056332 0.4117472 0.02124625 0.5917446 -0.004556536 0.4336718 0.2056332 0.4117472 0.05100786 0.7740701 0.2060626 0.7274132 0.2062383 0.8565885 0.1011183 0.2178308 0.2053733 0.220732 0.2056332 0.4117472 0.1011183 0.2178308 0.2050805 0.005488038 0.2053733 0.220732 0.3099468 0.2154862 0.4001826 0.4160869 0.2056332 0.4117472 0.2060626 0.7274132 0.3500991 0.7832245 0.2062425 0.859583 0.4001826 0.4160869 0.377532 0.6232389 0.2058702 0.5859856 0.3500991 0.7832245 0.2060626 0.7274132 0.2058702 0.5859856 0.2053733 0.220732 0.3099468 0.2154862 0.2056332 0.4117472 0.2050805 0.005488038 0.3099468 0.2154862 0.2053733 0.220732 0.3500991 0.7832245 0.2064597 1.009718 0.2062425 0.859583 0.2060626 0.7274132 0.05100786 0.7740701 0.2058702 0.5859856 0.2056332 0.4117472 0.4001826 0.4160869 0.2058702 0.5859856 0.0259028 0.5934174 0.2083508 0.587185 0.2081592 0.728695 1.00046e-4 0.4368796 0.1057749 0.2231346 0.2102898 0.4151679 1.00046e-4 0.4368796 0.2102898 0.4151679 0.2083508 0.587185 0.1057749 0.2231346 0.2082299 0.226628 0.2102898 0.4151679 0.3146033 0.2208127 0.4048391 0.4194656 0.2102898 0.4151679 0.2082299 0.226628 0.3146033 0.2208127 0.2102898 0.4151679 0.2079371 0.004168987 0.3146033 0.2208127 0.207888 0.1237731 0.3547557 0.7830379 0.2077563 1.010129 0.2081592 0.728695 0.3146033 0.2208127 0.2082299 0.226628 0.207888 0.1237731 0.3821886 0.624606 0.2083508 0.587185 0.2102898 0.4151679 0.3821886 0.624606 0.3547557 0.7830379 0.2081592 0.728695 0.1057749 0.2231346 0.2079371 0.004168987 0.207888 0.1237731 0.2077563 1.010129 0.05566447 0.7739725 0.2081592 0.728695 0.2082299 0.226628 0.1057749 0.2231346 0.207888 0.1237731 0.0259028 0.60935 0.2105268 0.6038341 0.2107192 0.7392941 1.00045e-4 0.4579473 0.1057749 0.2512139 0.2102898 0.4369478 1.00045e-4 0.4579473 0.2102898 0.4369478 0.2105268 0.6038341 0.1057749 0.2512139 0.2100299 0.2539928 0.2102898 0.4369478 0.2100299 0.2539928 0.1057749 0.2512139 0.2099031 0.1647489 0.3547557 0.7927502 0.20754 1.009284 0.2107192 0.7392941 0.4048391 0.4411044 0.3821886 0.6395155 0.2105268 0.6038341 0.3821886 0.6395155 0.3547557 0.7927502 0.2107192 0.7392941 0.3146033 0.2489683 0.4048391 0.4411044 0.2102898 0.4369478 0.2100299 0.2539928 0.3146033 0.2489683 0.2102898 0.4369478 0.20754 1.009284 0.05566447 0.7839822 0.2107192 0.7392941 0.1057749 0.2512139 0.2097371 0.04783117 0.2099031 0.1647489 0.3146033 0.2489683 0.2100299 0.2539928 0.2099031 0.1647348 0.2097371 0.04783117 0.3146033 0.2489683 0.2099031 0.1647348 0.2064597 1.009718 0.05100786 0.7740701 0.2062383 0.8565885 0.05100786 0.7740701 0.02124625 0.5917446 0.2058702 0.5859856 -0.004556536 0.4336718 0.1011183 0.2178308 0.2056332 0.4117472 0.02124625 0.5917446 -0.004556536 0.4336718 0.2056332 0.4117472 0.05100786 0.7740701 0.2060626 0.7274132 0.2062383 0.8565885 0.1011183 0.2178308 0.2053733 0.220732 0.2056332 0.4117472 0.1011183 0.2178308 0.2050805 0.005488038 0.2053733 0.220732 0.3099468 0.2154862 0.4001826 0.4160869 0.2056332 0.4117472 0.2060626 0.7274132 0.3500991 0.7832245 0.2062425 0.859583 0.4001826 0.4160869 0.377532 0.6232389 0.2058702 0.5859856 0.3500991 0.7832245 0.2060626 0.7274132 0.2058702 0.5859856 0.2053733 0.220732 0.3099468 0.2154862 0.2056332 0.4117472 0.2050805 0.005488038 0.3099468 0.2154862 0.2053733 0.220732 0.3500991 0.7832245 0.2064597 1.009718 0.2062425 0.859583 0.2060626 0.7274132 0.05100786 0.7740701 0.2058702 0.5859856 0.2056332 0.4117472 0.4001826 0.4160869 0.2058702 0.5859856 0.0259028 0.5934174 0.2083508 0.587185 0.2081592 0.728695 1.00046e-4 0.4368796 0.1057749 0.2231346 0.2102898 0.4151679 1.00046e-4 0.4368796 0.2102898 0.4151679 0.2083508 0.587185 0.1057749 0.2231346 0.2082299 0.226628 0.2102898 0.4151679 0.3146033 0.2208127 0.4048391 0.4194656 0.2102898 0.4151679 0.2082299 0.226628 0.3146033 0.2208127 0.2102898 0.4151679 0.2079371 0.004168987 0.3146033 0.2208127 0.207888 0.1237731 0.3547557 0.7830379 0.2077563 1.010129 0.2081592 0.728695 0.3146033 0.2208127 0.2082299 0.226628 0.207888 0.1237731 0.3821886 0.624606 0.2083508 0.587185 0.2102898 0.4151679 0.3821886 0.624606 0.3547557 0.7830379 0.2081592 0.728695 0.1057749 0.2231346 0.2079371 0.004168987 0.207888 0.1237731 0.2077563 1.010129 0.05566447 0.7739725 0.2081592 0.728695 0.2082299 0.226628 0.1057749 0.2231346 0.207888 0.1237731 0.9588904 0.8964046 0.7488928 0.8964045 0.7488928 0.9924525 0.9588904 0.8005152 0.7488928 0.8005154 0.7488928 0.8965634 0.7488928 0.8964046 0.7488928 0.9924525 0.9588904 0.9924525 0.9588904 0.8965633 0.7488928 0.8965634 0.7488927 0.9926113 0.7488928 0.8003565 0.7488928 0.8964046 0.9588904 0.8964046 0.9588904 0.8005152 0.7488927 0.8005153 0.7488928 0.8965634 0.7488928 0.8965634 0.7488928 0.9926114 0.9588904 0.9926114 0.7488929 0.8003565 0.7488928 0.8964045 0.9588904 0.8964046 0.7488928 0.8964045 0.7488928 0.9924525 0.9588904 0.9924525 0.9588904 0.8005152 0.7488928 0.8005154 0.7488928 0.8965634 0.9588904 0.8964046 0.7488928 0.8964046 0.7488928 0.9924525 0.7488928 0.8965634 0.7488927 0.9926113 0.9588904 0.9926113 0.7488928 0.8003565 0.7488928 0.8964046 0.9588904 0.8964046 0.9588904 0.8005152 0.7488927 0.8005153 0.7488928 0.8965634 0.7488928 0.8965634 0.7488928 0.9926114 0.9588904 0.9926114 0.9588904 0.8003565 0.7488929 0.8003565 0.7488928 0.8964045 0.2104863 0.02668696 0.2184149 0.0269671 0.2076432 0.2419647 0.1954638 0.02704226 0.2033904 0.02671021 0.2076432 0.2419647 0.2033904 0.02671021 0.2104863 0.02668696 0.2076432 0.2419647 0.2064597 1.009718 0.05100786 0.7740701 0.2062383 0.8565885 0.05100786 0.7740701 0.02124625 0.5917446 0.2058702 0.5859856 -0.004556536 0.4336718 0.1011183 0.2178308 0.2056332 0.4117472 0.02124625 0.5917446 -0.004556536 0.4336718 0.2056332 0.4117472 0.05100786 0.7740701 0.2060626 0.7274132 0.2062383 0.8565885 0.1011183 0.2178308 0.2053733 0.220732 0.2056332 0.4117472 0.1011183 0.2178308 0.2050805 0.005488038 0.2053733 0.220732 0.3099468 0.2154862 0.4001826 0.4160869 0.2056332 0.4117472 0.2060626 0.7274132 0.3500991 0.7832245 0.2062425 0.859583 0.4001826 0.4160869 0.377532 0.6232389 0.2058702 0.5859856 0.3500991 0.7832245 0.2060626 0.7274132 0.2058702 0.5859856 0.2053733 0.220732 0.3099468 0.2154862 0.2056332 0.4117472 0.2050805 0.005488038 0.3099468 0.2154862 0.2053733 0.220732 0.3500991 0.7832245 0.2064597 1.009718 0.2062425 0.859583 0.2060626 0.7274132 0.05100786 0.7740701 0.2058702 0.5859856 0.2056332 0.4117472 0.4001826 0.4160869 0.2058702 0.5859856 0.2064597 1.009718 0.05100786 0.7740701 0.2062383 0.8565885 0.05100786 0.7740701 0.02124625 0.5917446 0.2058702 0.5859856 -0.004556536 0.4336718 0.1011183 0.2178308 0.2056332 0.4117472 0.02124625 0.5917446 -0.004556536 0.4336718 0.2056332 0.4117472 0.05100786 0.7740701 0.2060626 0.7274132 0.2062383 0.8565885 0.1011183 0.2178308 0.2053733 0.220732 0.2056332 0.4117472 0.1011183 0.2178308 0.2050805 0.005488038 0.2053733 0.220732 0.3099468 0.2154862 0.4001826 0.4160869 0.2056332 0.4117472 0.2060626 0.7274132 0.3500991 0.7832245 0.2062425 0.859583 0.4001826 0.4160869 0.377532 0.6232389 0.2058702 0.5859856 0.3500991 0.7832245 0.2060626 0.7274132 0.2058702 0.5859856 0.2053733 0.220732 0.3099468 0.2154862 0.2056332 0.4117472 0.2050805 0.005488038 0.3099468 0.2154862 0.2053733 0.220732 0.3500991 0.7832245 0.2064597 1.009718 0.2062425 0.859583 0.2060626 0.7274132 0.05100786 0.7740701 0.2058702 0.5859856 0.2056332 0.4117472 0.4001826 0.4160869 0.2058702 0.5859856 0.3547557 0.7927502 0.2111163 1.018821 0.2107192 0.7392941 0.0259028 0.60935 0.2105268 0.6038341 0.2107192 0.7392941 0.3146033 0.2489683 0.4048391 0.4411044 0.2102898 0.4369478 1.00045e-4 0.4579473 0.1057749 0.2512139 0.2102898 0.4369478 0.2100299 0.2539928 0.3146033 0.2489683 0.2102898 0.4369478 0.4048391 0.4411044 0.3821886 0.6395155 0.2105268 0.6038341 0.3821886 0.6395155 0.3547557 0.7927502 0.2107192 0.7392941 1.00045e-4 0.4579473 0.2102898 0.4369478 0.2105268 0.6038341 0.1057749 0.2512139 0.2100299 0.2539928 0.2102898 0.4369478 0.1057749 0.2512139 0.2097371 0.04783117 0.2099031 0.1647489 0.3146033 0.2489683 0.2100299 0.2539928 0.2099031 0.1647348 0.2100299 0.2539928 0.1057749 0.2512139 0.2099031 0.1647489 0.2097371 0.04783117 0.3146033 0.2489683 0.2099031 0.1647348 0.2111163 1.018821 0.05566447 0.7839822 0.2107192 0.7392941 1.00046e-4 0.4278706 0.1057749 0.2149991 0.2102898 0.4062477 0.1057749 0.2149991 0.2082299 0.2184784 0.2102898 0.4062477 0.05566447 0.7635857 0.0259028 0.5837686 0.2083508 0.5775617 0.0259028 0.5837686 1.00046e-4 0.4278706 0.2102898 0.4062477 0.3547557 0.7726141 0.2077563 1.007045 0.2081592 0.7184934 0.3146033 0.2126868 0.4048391 0.4105277 0.2102898 0.4062477 0.2082299 0.2184784 0.3146033 0.2126868 0.2102898 0.4062477 0.4048391 0.4105277 0.3821886 0.6148297 0.2083508 0.5775617 0.3821886 0.6148297 0.3547557 0.7726141 0.2081592 0.7184934 0.2079371 -0.003071486 0.3146033 0.2126868 0.207888 0.1160438 0.3146033 0.2126868 0.2082299 0.2184784 0.207888 0.1160438 0.1057749 0.2149991 0.2079371 -0.003071486 0.207888 0.1160438 0.2082299 0.2184784 0.1057749 0.2149991 0.207888 0.1160438 0.2077563 1.007045 0.05566447 0.7635857 0.2081592 0.7184934 0.2064597 1.009718 0.05100786 0.7740701 0.2062383 0.8565885 0.05100786 0.7740701 0.02124625 0.5917446 0.2058702 0.5859856 -0.004556536 0.4336718 0.1011183 0.2178308 0.2056332 0.4117472 0.02124625 0.5917446 -0.004556536 0.4336718 0.2056332 0.4117472 0.05100786 0.7740701 0.2060626 0.7274132 0.2062383 0.8565885 0.1011183 0.2178308 0.2053733 0.220732 0.2056332 0.4117472 0.1011183 0.2178308 0.2050805 0.005488038 0.2053733 0.220732 0.3099468 0.2154862 0.4001826 0.4160869 0.2056332 0.4117472 0.2060626 0.7274132 0.3500991 0.7832245 0.2062425 0.859583 0.4001826 0.4160869 0.377532 0.6232389 0.2058702 0.5859856 0.3500991 0.7832245 0.2060626 0.7274132 0.2058702 0.5859856 0.2053733 0.220732 0.3099468 0.2154862 0.2056332 0.4117472 0.2050805 0.005488038 0.3099468 0.2154862 0.2053733 0.220732 0.3500991 0.7832245 0.2064597 1.009718 0.2062425 0.859583 0.2060626 0.7274132 0.05100786 0.7740701 0.2058702 0.5859856 0.2056332 0.4117472 0.4001826 0.4160869 0.2058702 0.5859856 0.4814897 0.8038195 0.5858033 0.606858 0.391254 0.6025027 0.5878632 0.7979263 0.5858033 0.606858 0.4814897 0.8038195 0.391254 0.6025027 0.5858033 0.606858 0.5877423 0.432534 0.4139045 0.3946112 0.5877423 0.432534 0.5879338 0.2891263 0.6903182 0.8014666 0.588205 0.9021605 0.588156 1.023369 0.7404286 0.2432416 0.5879338 0.2891263 0.5877423 0.432534 0.5878632 0.7979263 0.588205 0.9021605 0.6903182 0.8014666 0.7701902 0.426218 0.5877423 0.432534 0.5858033 0.606858 0.7959931 0.5848551 0.5858033 0.606858 0.6903182 0.8014666 0.5883368 -0.004494607 0.5879338 0.2891263 0.7404286 0.2432416 0.6903182 0.8014666 0.5858033 0.606858 0.5878632 0.7979263 0.4413374 0.2340546 0.5879338 0.2891263 0.5883368 -0.004494607 0.588156 1.023369 0.588205 0.9021605 0.4814897 0.8038195 0.4814897 0.8038195 0.588205 0.9021605 0.5878632 0.7979263 0.7394436 0.2434132 0.7685335 0.42593 0.5880765 0.4316949 0.793754 0.5841686 0.6904641 0.800236 0.5883082 0.6061161 0.7685335 0.42593 0.793754 0.5841686 0.5883082 0.6061161 0.7394436 0.2434132 0.5878884 0.2901189 0.5877166 0.1608083 0.6904641 0.800236 0.5885622 0.7973316 0.5883082 0.6061161 0.5875004 -0.002028465 0.7394436 0.2434132 0.5877166 0.1608083 0.6904641 0.800236 0.5888484 1.012801 0.5885622 0.7973316 0.5878884 0.2901189 0.4471029 0.2342492 0.5877127 0.1578106 0.4863489 0.8025829 0.3981498 0.6017718 0.5883082 0.6061161 0.420289 0.3944026 0.5880765 0.4316949 0.5883082 0.6061161 0.4471029 0.2342492 0.5878884 0.2901189 0.5880765 0.4316949 0.4471029 0.2342492 0.5875004 -0.002028465 0.5877127 0.1578106 0.5885622 0.7973316 0.4863489 0.8025829 0.5883082 0.6061161 0.5888484 1.012801 0.4863489 0.8025829 0.5885622 0.7973316 0.3146033 0.2126868 0.2102898 0.4062477 0.4048391 0.4105277 0.2082299 0.2184784 0.2102898 0.4062477 0.3146033 0.2126868 0.4048391 0.4105277 0.2102898 0.4062477 0.2083508 0.5775617 0.3821886 0.6148297 0.2083508 0.5775617 0.2081592 0.7184934 0.1057749 0.2149991 0.207888 0.1160438 0.2079371 -0.003071486 0.05566447 0.7635857 0.2081592 0.7184934 0.2083508 0.5775617 0.2082299 0.2184784 0.207888 0.1160438 0.1057749 0.2149991 0.2083508 0.5775617 0.2102898 0.4062477 1.00046e-4 0.4278706 1.00046e-4 0.4278706 0.2102898 0.4062477 0.1057749 0.2149991 0.2077563 1.007045 0.2081592 0.7184934 0.05566447 0.7635857 0.1057749 0.2149991 0.2102898 0.4062477 0.2082299 0.2184784 0.3547557 0.7726141 0.2081592 0.7184934 0.2077563 1.007045 0.2079371 -0.003071486 0.207888 0.1160438 0.3146033 0.2126868 0.3146033 0.2126868 0.207888 0.1160438 0.2082299 0.2184784 0.4814897 0.8038195 0.5858033 0.606858 0.391254 0.6025027 0.5878632 0.7979263 0.5858033 0.606858 0.4814897 0.8038195 0.391254 0.6025027 0.5858033 0.606858 0.5877423 0.432534 0.4139045 0.3946112 0.5877423 0.432534 0.5879338 0.2891263 0.6903182 0.8014666 0.588205 0.9021605 0.588156 1.023369 0.7404286 0.2432416 0.5879338 0.2891263 0.5877423 0.432534 0.5878632 0.7979263 0.588205 0.9021605 0.6903182 0.8014666 0.7701902 0.426218 0.5877423 0.432534 0.5858033 0.606858 0.7959931 0.5848551 0.5858033 0.606858 0.6903182 0.8014666 0.5883368 -0.004494607 0.5879338 0.2891263 0.7404286 0.2432416 0.6903182 0.8014666 0.5858033 0.606858 0.5878632 0.7979263 0.4413374 0.2340546 0.5879338 0.2891263 0.5883368 -0.004494607 0.588156 1.023369 0.588205 0.9021605 0.4814897 0.8038195 0.4814897 0.8038195 0.588205 0.9021605 0.5878632 0.7979263 0.7707723 0.4310476 0.5861484 0.4368636 0.585956 0.2940347 0.7965752 0.5906865 0.6909003 0.8086659 0.5863854 0.6128283 0.7965752 0.5906865 0.5863854 0.6128283 0.5861484 0.4368636 0.6909003 0.8086659 0.5866453 0.8057359 0.5863854 0.6128283 0.6909003 0.8086659 0.5869381 1.023113 0.586772 0.8998346 0.5866453 0.8057359 0.6909003 0.8086659 0.586772 0.8998346 0.4419196 0.2376705 0.585559 -6.98149e-4 0.585956 0.2940347 0.3918361 0.6084455 0.4144866 0.3992412 0.5861484 0.4368636 0.4144866 0.3992412 0.4419196 0.2376705 0.585956 0.2940347 0.4820718 0.8110337 0.3918361 0.6084455 0.5863854 0.6128283 0.5866453 0.8057359 0.4820718 0.8110337 0.5863854 0.6128283 0.585559 -6.98149e-4 0.7410107 0.2469156 0.585956 0.2940347 0.4820718 0.8110337 0.5866453 0.8057359 0.586772 0.8998494 0.5869381 1.023113 0.4820718 0.8110337 0.586772 0.8998494 0.7394436 0.2434132 0.7685335 0.42593 0.5880765 0.4316949 0.793754 0.5841686 0.6904641 0.800236 0.5883082 0.6061161 0.7685335 0.42593 0.793754 0.5841686 0.5883082 0.6061161 0.7394436 0.2434132 0.5878884 0.2901189 0.5877166 0.1608083 0.6904641 0.800236 0.5885622 0.7973316 0.5883082 0.6061161 0.5875004 -0.002028465 0.7394436 0.2434132 0.5877166 0.1608083 0.6904641 0.800236 0.5888484 1.012801 0.5885622 0.7973316 0.5878884 0.2901189 0.4471029 0.2342492 0.5877127 0.1578106 0.4863489 0.8025829 0.3981498 0.6017718 0.5883082 0.6061161 0.420289 0.3944026 0.5880765 0.4316949 0.5883082 0.6061161 0.4471029 0.2342492 0.5878884 0.2901189 0.5880765 0.4316949 0.4471029 0.2342492 0.5875004 -0.002028465 0.5877127 0.1578106 0.5885622 0.7973316 0.4863489 0.8025829 0.5883082 0.6061161 0.5888484 1.012801 0.4863489 0.8025829 0.5885622 0.7973316 0.7801668 0.4204427 0.58741 0.4268082 0.5876124 0.2822751 0.8074275 0.5803247 0.6957817 0.798636 0.5853615 0.6025002 0.8074275 0.5803247 0.5853615 0.6025002 0.58741 0.4268082 0.6957817 0.798636 0.5875377 0.7950679 0.5853615 0.6025002 0.40375 0.3885879 0.58741 0.4268082 0.5853615 0.6025002 0.475154 0.8010074 0.5875377 0.7950679 0.587899 0.9001201 0.475154 0.8010074 0.3798197 0.5981107 0.5853615 0.6025002 0.5875377 0.7950679 0.475154 0.8010074 0.5853615 0.6025002 0.5878471 1.022279 0.475154 0.8010074 0.587899 0.9001201 0.4327329 0.2267713 0.5880383 6.55161e-4 0.5876124 0.2822751 0.40375 0.3885879 0.4327329 0.2267713 0.5876124 0.2822751 0.5880383 6.55161e-4 0.7487235 0.2360304 0.5876124 0.2822751 0.6957817 0.798636 0.5878471 1.022279 0.587899 0.9001201 0.5875377 0.7950679 0.6957817 0.798636 0.587899 0.9001201 1.00046e-4 0.4278706 0.1057749 0.2149991 0.2102898 0.4062477 0.1057749 0.2149991 0.2082299 0.2184784 0.2102898 0.4062477 0.05566447 0.7635857 0.0259028 0.5837686 0.2083508 0.5775617 0.0259028 0.5837686 1.00046e-4 0.4278706 0.2102898 0.4062477 0.3547557 0.7726141 0.2077563 1.007045 0.2081592 0.7184934 0.3146033 0.2126868 0.4048391 0.4105277 0.2102898 0.4062477 0.2082299 0.2184784 0.3146033 0.2126868 0.2102898 0.4062477 0.4048391 0.4105277 0.3821886 0.6148297 0.2083508 0.5775617 0.3821886 0.6148297 0.3547557 0.7726141 0.2081592 0.7184934 0.2079371 -0.003071486 0.3146033 0.2126868 0.207888 0.1160438 0.3146033 0.2126868 0.2082299 0.2184784 0.207888 0.1160438 0.1057749 0.2149991 0.2079371 -0.003071486 0.207888 0.1160438 0.2082299 0.2184784 0.1057749 0.2149991 0.207888 0.1160438 0.2077563 1.007045 0.05566447 0.7635857 0.2081592 0.7184934 0.0259028 0.60935 0.2105268 0.6038341 0.2107192 0.7392941 1.00045e-4 0.4579473 0.1057749 0.2512139 0.2102898 0.4369478 1.00045e-4 0.4579473 0.2102898 0.4369478 0.2105268 0.6038341 0.1057749 0.2512139 0.2100299 0.2539928 0.2102898 0.4369478 0.2100299 0.2539928 0.1057749 0.2512139 0.2099031 0.1647489 0.3547557 0.7927502 0.20754 1.009284 0.2107192 0.7392941 0.4048391 0.4411044 0.3821886 0.6395155 0.2105268 0.6038341 0.3821886 0.6395155 0.3547557 0.7927502 0.2107192 0.7392941 0.3146033 0.2489683 0.4048391 0.4411044 0.2102898 0.4369478 0.2100299 0.2539928 0.3146033 0.2489683 0.2102898 0.4369478 0.20754 1.009284 0.05566447 0.7839822 0.2107192 0.7392941 0.1057749 0.2512139 0.2097371 0.04783117 0.2099031 0.1647489 0.3146033 0.2489683 0.2100299 0.2539928 0.2099031 0.1647348 0.2097371 0.04783117 0.3146033 0.2489683 0.2099031 0.1647348 0.2064597 1.009718 0.05100786 0.7740701 0.2062383 0.8565885 0.05100786 0.7740701 0.02124625 0.5917446 0.2058702 0.5859856 -0.004556536 0.4336718 0.1011183 0.2178308 0.2056332 0.4117472 0.02124625 0.5917446 -0.004556536 0.4336718 0.2056332 0.4117472 0.05100786 0.7740701 0.2060626 0.7274132 0.2062383 0.8565885 0.1011183 0.2178308 0.2053733 0.220732 0.2056332 0.4117472 0.1011183 0.2178308 0.2050805 0.005488038 0.2053733 0.220732 0.3099468 0.2154862 0.4001826 0.4160869 0.2056332 0.4117472 0.2060626 0.7274132 0.3500991 0.7832245 0.2062425 0.859583 0.4001826 0.4160869 0.377532 0.6232389 0.2058702 0.5859856 0.3500991 0.7832245 0.2060626 0.7274132 0.2058702 0.5859856 0.2053733 0.220732 0.3099468 0.2154862 0.2056332 0.4117472 0.2050805 0.005488038 0.3099468 0.2154862 0.2053733 0.220732 0.3500991 0.7832245 0.2064597 1.009718 0.2062425 0.859583 0.2060626 0.7274132 0.05100786 0.7740701 0.2058702 0.5859856 0.2056332 0.4117472 0.4001826 0.4160869 0.2058702 0.5859856 0.9999001 0.3018935 0.9999001 0.5321711 0.883883 0.4109939 0.9999001 0.5321711 0.8871967 0.7317091 0.883883 0.4109939 0.7896741 0.5455294 0.7748976 0.3046781 0.883883 0.4109939 0.8871967 0.7317091 0.7896741 0.5455294 0.883883 0.4109939 0.883883 0.4109939 0.7748976 0.3046781 0.8798074 0.01654291 0.9999001 0.3018935 0.883883 0.4109939 0.8798074 0.01654291 0.9999001 0.3018935 0.9999001 0.5321711 0.883883 0.4109939 0.9999001 0.5321711 0.8871967 0.7317091 0.883883 0.4109939 0.7896741 0.5455294 0.7748976 0.3046781 0.883883 0.4109939 0.8871967 0.7317091 0.7896741 0.5455294 0.883883 0.4109939 0.883883 0.4109939 0.7748976 0.3046781 0.8798074 0.01654291 0.9999001 0.3018935 0.883883 0.4109939 0.8798074 0.01654291 0.9999001 0.3018935 0.9999001 0.5321711 0.883883 0.4109939 0.9999001 0.5321711 0.8871967 0.7317091 0.883883 0.4109939 0.7896741 0.5455294 0.7748976 0.3046781 0.883883 0.4109939 0.8871967 0.7317091 0.7896741 0.5455294 0.883883 0.4109939 0.883883 0.4109939 0.7748976 0.3046781 0.8798074 0.01654291 0.9999001 0.3018935 0.883883 0.4109939 0.8798074 0.01654291 0.5863044 -6.173793 0.714256 -6.173793 0.5885853 -5.414919 0.1230509 -6.173793 0.2423592 -6.173793 0.1227679 -5.414919 0.4692515 -6.173793 0.5863044 -6.173793 0.4659674 -5.414919 1.21756e-5 -5.414919 1.21756e-5 -6.173793 0.1227679 -5.414919 1.000038 -6.382434 0.8533433 -6.382434 1.000038 -6.797011 0.3748046 -6.382434 0.2583405 -6.382434 0.3635311 -6.797012 0.7244225 -6.382434 0.6037969 -6.382434 0.7474323 -6.797012 0.2583405 -6.382434 0.1341403 -6.382434 0.2367036 -6.797012 0.6037969 -6.382434 0.4885471 -6.382434 0.6204284 -6.797012 0.1341403 -6.382434 1.21756e-5 -6.382434 0.1135315 -6.797012 0.4885471 -6.382434 0.3748046 -6.382434 0.4920549 -6.797012 0.8533433 -6.382434 0.7244225 -6.382434 0.8718268 -6.797012 0.8515381 -6.173793 0.8533433 -6.382434 1.000038 -6.173793 0.2583405 -6.382434 0.3748046 -6.382434 0.2423592 -6.173793 0.5863044 -6.173793 0.6037969 -6.382434 0.714256 -6.173793 0.1341403 -6.382434 0.2583405 -6.382434 0.1230509 -6.173793 0.4885471 -6.382434 0.6037969 -6.382434 0.4692515 -6.173793 1.21756e-5 -6.382434 0.1341403 -6.382434 1.21756e-5 -6.173793 0.3748046 -6.382434 0.4885471 -6.382434 0.3565986 -6.173793 0.7244225 -6.382434 0.8533433 -6.382434 0.714256 -6.173793 0.7861219 -5.414919 0.8515381 -6.173793 1.000038 -5.414919 0.296485 -5.414919 0.3565986 -6.173793 0.4659674 -5.414919 0.5009068 13.8115 0.5103436 11.41399 0.7536284 13.8115 1.21756e-5 11.41399 0.2536686 11.41399 1.21756e-5 13.8115 0.5103436 11.41399 0.5009068 13.8115 0.2536686 11.41399 1.21756e-5 -4.365128 0.1162407 -4.365129 1.21756e-5 -1.947224 0.2114469 0.4706794 0.1638438 -1.947225 0.3504077 0.4706794 0.292558 -4.365129 0.4794859 -4.365129 0.3911378 -1.947225 0.6005642 -4.365129 0.7838881 -4.365129 0.6548708 -2.04831 0.7838881 -4.365129 1.000038 -4.365128 0.8868533 -2.061541 0.3504077 0.4706794 0.2747119 -1.947225 0.4897176 0.4706794 0.3821886 0.6148297 0.4048391 0.4105277 0.2083508 0.5775617 0.3547557 0.7726141 0.3821886 0.6148297 0.2081592 0.7184934 0.0259028 0.5837686 0.05566447 0.7635857 0.2083508 0.5775617 0.0259028 0.5837686 0.2083508 0.5775617 1.00046e-4 0.4278706 0.4139045 0.3946112 0.391254 0.6025027 0.5877423 0.432534 0.4413374 0.2340546 0.4139045 0.3946112 0.5879338 0.2891263 0.7701902 0.426218 0.7404286 0.2432416 0.5877423 0.432534 0.7959931 0.5848551 0.7701902 0.426218 0.5858033 0.606858 0.5879338 0.2891263 0.7404286 0.2432416 0.5877423 0.432534 0.5877423 0.432534 0.7701902 0.426218 0.5858033 0.606858 0.5858033 0.606858 0.391254 0.6025027 0.5877423 0.432534 0.5877423 0.432534 0.4139045 0.3946112 0.5879338 0.2891263 0.7410107 0.2469156 0.7707723 0.4310476 0.585956 0.2940347 0.7707723 0.4310476 0.7965752 0.5906865 0.5861484 0.4368636 0.5863854 0.6128283 0.3918361 0.6084455 0.5861484 0.4368636 0.5861484 0.4368636 0.4144866 0.3992412 0.585956 0.2940347 0.5878884 0.2901189 0.7394436 0.2434132 0.5880765 0.4316949 0.5880765 0.4316949 0.7685335 0.42593 0.5883082 0.6061161 0.3981498 0.6017718 0.420289 0.3944026 0.5883082 0.6061161 0.420289 0.3944026 0.4471029 0.2342492 0.5880765 0.4316949 0.7487235 0.2360304 0.7801668 0.4204427 0.5876124 0.2822751 0.7801668 0.4204427 0.8074275 0.5803247 0.58741 0.4268082 0.3798197 0.5981107 0.40375 0.3885879 0.5853615 0.6025002 0.58741 0.4268082 0.40375 0.3885879 0.5876124 0.2822751 0.2081592 0.7184934 0.05566447 0.7635857 0.2083508 0.5775617 0.2083508 0.5775617 0.0259028 0.5837686 0.2102898 0.4062477 0.2102898 0.4062477 0.4048391 0.4105277 0.2083508 0.5775617 0.2083508 0.5775617 0.3821886 0.6148297 0.2081592 0.7184934 0.05566447 0.7839822 0.0259028 0.60935 0.2107192 0.7392941 0.0259028 0.60935 1.00045e-4 0.4579473 0.2105268 0.6038341 0.2102898 0.4369478 0.4048391 0.4411044 0.2105268 0.6038341 0.2105268 0.6038341 0.3821886 0.6395155 0.2107192 0.7392941 0.2058702 0.5859856 0.02124625 0.5917446 0.2056332 0.4117472 0.377532 0.6232389 0.3500991 0.7832245 0.2058702 0.5859856 0.05566447 0.7739725 0.0259028 0.5934174 0.2081592 0.728695 0.0259028 0.5934174 1.00046e-4 0.4368796 0.2083508 0.587185 0.4048391 0.4194656 0.3821886 0.624606 0.2102898 0.4151679 0.2083508 0.587185 0.3821886 0.624606 0.2081592 0.728695 0.05566447 0.7839822 0.0259028 0.60935 0.2107192 0.7392941 0.0259028 0.60935 1.00045e-4 0.4579473 0.2105268 0.6038341 0.2102898 0.4369478 0.4048391 0.4411044 0.2105268 0.6038341 0.2105268 0.6038341 0.3821886 0.6395155 0.2107192 0.7392941 0.2058702 0.5859856 0.02124625 0.5917446 0.2056332 0.4117472 0.377532 0.6232389 0.3500991 0.7832245 0.2058702 0.5859856 0.05566447 0.7739725 0.0259028 0.5934174 0.2081592 0.728695 0.0259028 0.5934174 1.00046e-4 0.4368796 0.2083508 0.587185 0.4048391 0.4194656 0.3821886 0.624606 0.2102898 0.4151679 0.2083508 0.587185 0.3821886 0.624606 0.2081592 0.728695 0.9588904 0.9924525 0.9588904 0.8964046 0.7488928 0.9924525 0.9588904 0.8965633 0.9588904 0.8005152 0.7488928 0.8965634 0.9588904 0.8964046 0.7488928 0.8964046 0.9588904 0.9924525 0.9588904 0.9926113 0.9588904 0.8965633 0.7488927 0.9926113 0.9588904 0.8003565 0.7488928 0.8003565 0.9588904 0.8964046 0.9588904 0.8965633 0.9588904 0.8005152 0.7488928 0.8965634 0.9588904 0.8965633 0.7488928 0.8965634 0.9588904 0.9926114 0.9588904 0.8003565 0.7488929 0.8003565 0.9588904 0.8964046 0.9588904 0.8964046 0.7488928 0.8964045 0.9588904 0.9924525 0.9588904 0.8965633 0.9588904 0.8005152 0.7488928 0.8965634 0.9588904 0.9924525 0.9588904 0.8964046 0.7488928 0.9924525 0.9588904 0.8965633 0.7488928 0.8965634 0.9588904 0.9926113 0.9588904 0.8003565 0.7488928 0.8003565 0.9588904 0.8964046 0.9588904 0.8965633 0.9588904 0.8005152 0.7488928 0.8965634 0.9588904 0.8965633 0.7488928 0.8965634 0.9588904 0.9926114 0.9588904 0.8964046 0.9588904 0.8003565 0.7488928 0.8964045 0.2058702 0.5859856 0.02124625 0.5917446 0.2056332 0.4117472 0.377532 0.6232389 0.3500991 0.7832245 0.2058702 0.5859856 0.2058702 0.5859856 0.02124625 0.5917446 0.2056332 0.4117472 0.377532 0.6232389 0.3500991 0.7832245 0.2058702 0.5859856 0.05566447 0.7839822 0.0259028 0.60935 0.2107192 0.7392941 0.2102898 0.4369478 0.4048391 0.4411044 0.2105268 0.6038341 0.2105268 0.6038341 0.3821886 0.6395155 0.2107192 0.7392941 0.0259028 0.60935 1.00045e-4 0.4579473 0.2105268 0.6038341 0.2081592 0.7184934 0.05566447 0.7635857 0.2083508 0.5775617 0.2083508 0.5775617 0.0259028 0.5837686 0.2102898 0.4062477 0.2102898 0.4062477 0.4048391 0.4105277 0.2083508 0.5775617 0.2083508 0.5775617 0.3821886 0.6148297 0.2081592 0.7184934 0.2058702 0.5859856 0.02124625 0.5917446 0.2056332 0.4117472 0.377532 0.6232389 0.3500991 0.7832245 0.2058702 0.5859856 0.4139045 0.3946112 0.391254 0.6025027 0.5877423 0.432534 0.4413374 0.2340546 0.4139045 0.3946112 0.5879338 0.2891263 0.7701902 0.426218 0.7404286 0.2432416 0.5877423 0.432534 0.7959931 0.5848551 0.7701902 0.426218 0.5858033 0.606858 0.5878884 0.2901189 0.7394436 0.2434132 0.5880765 0.4316949 0.5880765 0.4316949 0.7685335 0.42593 0.5883082 0.6061161 0.3981498 0.6017718 0.420289 0.3944026 0.5883082 0.6061161 0.420289 0.3944026 0.4471029 0.2342492 0.5880765 0.4316949 0.3821886 0.6148297 0.4048391 0.4105277 0.2083508 0.5775617 0.3547557 0.7726141 0.3821886 0.6148297 0.2081592 0.7184934 0.0259028 0.5837686 0.05566447 0.7635857 0.2083508 0.5775617 0.0259028 0.5837686 0.2083508 0.5775617 1.00046e-4 0.4278706 0.4139045 0.3946112 0.391254 0.6025027 0.5877423 0.432534 0.4413374 0.2340546 0.4139045 0.3946112 0.5879338 0.2891263 0.7701902 0.426218 0.7404286 0.2432416 0.5877423 0.432534 0.7959931 0.5848551 0.7701902 0.426218 0.5858033 0.606858 0.7410107 0.2469156 0.7707723 0.4310476 0.585956 0.2940347 0.7707723 0.4310476 0.7965752 0.5906865 0.5861484 0.4368636 0.5863854 0.6128283 0.3918361 0.6084455 0.5861484 0.4368636 0.5861484 0.4368636 0.4144866 0.3992412 0.585956 0.2940347 0.5878884 0.2901189 0.7394436 0.2434132 0.5880765 0.4316949 0.5880765 0.4316949 0.7685335 0.42593 0.5883082 0.6061161 0.3981498 0.6017718 0.420289 0.3944026 0.5883082 0.6061161 0.420289 0.3944026 0.4471029 0.2342492 0.5880765 0.4316949 0.7487235 0.2360304 0.7801668 0.4204427 0.5876124 0.2822751 0.7801668 0.4204427 0.8074275 0.5803247 0.58741 0.4268082 0.3798197 0.5981107 0.40375 0.3885879 0.5853615 0.6025002 0.58741 0.4268082 0.40375 0.3885879 0.5876124 0.2822751 0.2081592 0.7184934 0.05566447 0.7635857 0.2083508 0.5775617 0.2083508 0.5775617 0.0259028 0.5837686 0.2102898 0.4062477 0.2102898 0.4062477 0.4048391 0.4105277 0.2083508 0.5775617 0.2083508 0.5775617 0.3821886 0.6148297 0.2081592 0.7184934 0.05566447 0.7839822 0.0259028 0.60935 0.2107192 0.7392941 0.0259028 0.60935 1.00045e-4 0.4579473 0.2105268 0.6038341 0.2102898 0.4369478 0.4048391 0.4411044 0.2105268 0.6038341 0.2105268 0.6038341 0.3821886 0.6395155 0.2107192 0.7392941 0.2058702 0.5859856 0.02124625 0.5917446 0.2056332 0.4117472 0.377532 0.6232389 0.3500991 0.7832245 0.2058702 0.5859856</float_array>
          <technique_common>
            <accessor source="#tree_oak_bush_a200-mesh-map-0-array" count="2148" stride="2">
              <param name="S" type="float"/>
              <param name="T" type="float"/>
            </accessor>
          </technique_common>
        </source>
        <source id="tree_oak_bush_a200-mesh-colors-Col" name="Col">
          <float_array id="tree_oak_bush_a200-mesh-colors-Col-array" count="6444">0 0 0 0 0 0 0 0 0 0 0 0 0 0 0 0 0 0 0 0 0 0 0 0 0 0 0 0 0 0 0 0 0 0 0 0 0 0 0 0 0 0 0 0 0 0 0 0 0 0 0 0 0 0 0 0 0 0 0 0 0 0 0 0 0 0 0 0 0 0 0 0 0 0 0 0 0 0 0 0 0 0 0 0 0 0 0 0 0 0 0 0 0 0 0 0 0 0 0 0 0 0 0 0 0 0 0 0 0 0 0 0 0 0 0 0 0 0 0 0 0 0 0 0 0 0 0 0 0 0 0 0 0 0 0 0 0 0 0 0 0 0 0 0 0 0 0 0 0 0 0 0 0 0 0 0 0 0 0 0 0 0 0 0 0 0 0 0 0 0 0 0 0 0 0 0 0 0 0 0 0 0 0 0 0 0 0 0 0 0 0 0 0 0 0 0 0 0 0 0 0 0 0 0 0 0 0 0 0 0 0 0 0 0 0 0 0 0 0 0 0 0 0 0 0 0 0 0 0 0 0 0 0 0 0 0 0 0 0 0 0 0 0 0 0 0 0 0 0 0 0 0 0 0 0 0 0 0 0 0 0 0 0 0 0 0 0 0 0 0 0 0 0 0 0 0 0 0 0 0 0 0 0 0 0 0 0 0 0 0 0 0 0 0 0 0 0 0 0 0 0 0 0 0 0 0 0 0 0 0 0 0 0 0 0 0 0 0 0 0 0 0 0 0 0 0 0 0 0 0 0 0 0 0 0 0 0 0 0 0 0 0 0 0 0 0 0 0 0 0 0 0 0 0 0 0 0 0 0 0 0 0 0 0 0 0 0 0 0 0 0 0 0 0 0 0 0 0 0 0 0 0 0 0 0 0 0 0 0 0 0 0 0 0 0 0 0 0 0 0 0 0 0 0 0 0 0 0 0 0 0 0 0 0 0 0 0 0 0 0 0 0 0 0 0 0 0 0 0 0 0 0 0 0 0 0 0 0 0 0 0 0 0 0 0 0 0 0 0 0 0 0 0 0 0 0 0 0 0 0 0 0 0 0 0 0 0 0 0 0 0 0 0 0 0 0 0 0 0 0 0 0 0 0 0 0 0 0 0 0 0 0 0 0 0 0 0 0 0 0 0 0 0 0 0 0 0 0 0 0 0 0 0 0 0 0 0 0 0 0 0 0 0 0 0 0 0 0 0 0 0 0 0 0 0 0 0 0 0 0 0 0 0 0 0 0 0 0 0 0 0 0 0 0 0 0 0 0 0 0 0 0 0 0 0 0 0 0 0 0 0 0 0 0 0 0 0 0 0 0 0 0 0 0 0 0 0 0 0 0 0 0 0 0 0 0 0 0 0 0 0 0 0 0 0 0 0 0 0 0 0 0 0 0 0 0 0 0 0 0 0 0 0 0 0 0 0 0 0 0 0 0 0 0 0 0 0 0 0 0 0 0 0 0 0 0 0 0 0 0 0 0 0 0 0 0 0 0 0 0 0 0 0 0 0 0 0 0 0 0 0 0 0 0 0 0 0 0 0 0 0 0 0 0 0 0 0 0 0 0 0 0 0 0 0 0 0 0 0 0 0 0 0 0 0 0 0 0 0 0 0 0 0 0 0 0 0 0 0 0 0 0 0 0 0 0 0 0 0 0 0 0 0 0 0 0 0 0 0 0 0 0 0 0 0 0 0 0 0 0 0 0 0 0 0 0 0 0 0 0 0 0 0 0 0 0 0 0 0 0 0 0 0 0 0 0 0 0 0 0 0 0 0 0 0 0 0 0 0 0 0 0 0 0 0 0 0 0 0 0 0 0 0 0 0 0 0 0 0 0 0 0 0 0 0 0 0 0 0 0 0 0 0 0 0 0 0 0 0 0 0 0 0 0 0 0 0 0 0 0 0 0 0 0 0 0 0 0 0 0 0 0 0 0 0 0 0 0 0 0 0 0 0 0 0 0 0 0 0 0 0 0 0 0 0 0 0 0 0 0 0 0 0.2470588 0.2627451 0.5529412 0.5450981 0.7921569 1 0.4588235 0.3843137 0.2078431 0.5450981 0.7921569 1 0.7098039 0.682353 1 0.4588235 0.3843137 0.2078431 0.4313725 0.3490196 1 0.2588235 0.1254902 0.3686274 0.4588235 0.3843137 0.2078431 0.7098039 0.682353 1 0.4313725 0.3490196 1 0.4588235 0.3843137 0.2078431 0.4588235 0.3843137 0.2078431 0.2588235 0.1254902 0.3686274 0.02745097 0 0 0.2470588 0.2627451 0.5529412 0.4588235 0.3843137 0.2078431 0.02745097 0 0 0.2470588 0.2627451 0.5529412 0.5450981 0.7921569 1 0.4588235 0.3843137 0.2078431 0.5450981 0.7921569 1 0.7098039 0.682353 1 0.4588235 0.3843137 0.2078431 0.4313725 0.3490196 1 0.2588235 0.1254902 0.3686274 0.4588235 0.3843137 0.2078431 0.7098039 0.682353 1 0.4313725 0.3490196 1 0.4588235 0.3843137 0.2078431 0.4588235 0.3843137 0.2078431 0.2588235 0.1254902 0.3686274 0.02745097 0 0 0.2470588 0.2627451 0.5529412 0.4588235 0.3843137 0.2078431 0.02745097 0 0 0.2470588 0.2627451 0.5529412 0.5450981 0.7921569 1 0.4588235 0.3843137 0.2078431 0.5450981 0.7921569 1 0.7098039 0.682353 1 0.4588235 0.3843137 0.2078431 0.4313725 0.3490196 1 0.2588235 0.1254902 0.3686274 0.4588235 0.3843137 0.2078431 0.7098039 0.682353 1 0.4313725 0.3490196 1 0.4588235 0.3843137 0.2078431 0.4588235 0.3843137 0.2078431 0.2588235 0.1254902 0.3686274 0.02745097 0 0 0.2470588 0.2627451 0.5529412 0.4588235 0.3843137 0.2078431 0.02745097 0 0 0.2470588 0.2627451 0.5529412 0.5450981 0.7921569 1 0.4588235 0.3843137 0.2078431 0.5450981 0.7921569 1 0.7098039 0.682353 1 0.4588235 0.3843137 0.2078431 0.4313725 0.3490196 1 0.2588235 0.1254902 0.3686274 0.4588235 0.3843137 0.2078431 0.7098039 0.682353 1 0.4313725 0.3490196 1 0.4588235 0.3843137 0.2078431 0.4588235 0.3843137 0.2078431 0.2588235 0.1254902 0.3686274 0.02745097 0 0 0.2470588 0.2627451 0.5529412 0.4588235 0.3843137 0.2078431 0.02745097 0 0 0.2470588 0.2627451 0.5529412 0.5450981 0.7921569 1 0.4588235 0.3843137 0.2078431 0.5450981 0.7921569 1 0.7098039 0.682353 1 0.4588235 0.3843137 0.2078431 0.4313725 0.3490196 1 0.2588235 0.1254902 0.3686274 0.4588235 0.3843137 0.2078431 0.7098039 0.682353 1 0.4313725 0.3490196 1 0.4588235 0.3843137 0.2078431 0.4588235 0.3843137 0.2078431 0.2588235 0.1254902 0.3686274 0.02745097 0 0 0.2470588 0.2627451 0.5529412 0.4588235 0.3843137 0.2078431 0.02745097 0 0 0.06666666 0.3411765 0 0.8588235 0.5647059 0 0.3098039 0.3882353 1 0.06274509 0.3686274 0 0.8588235 0.5647059 0 0.06666666 0.3411765 0 0.3098039 0.3882353 1 0.8588235 0.5647059 0 1 0.9215686 0 0.8784314 0.5019608 1 1 0.9215686 0 1 0.9215686 0 0.05882352 0.3529412 0 0.03137254 0.254902 0 0 0.2156863 0 1 1 1 1 0.9215686 0 1 0.9215686 0 0.06274509 0.3686274 0 0.03137254 0.254902 0 0.05882352 0.3529412 0 1 0.9215686 0 0.8588235 0.5647059 0 0.8941177 0.9843137 1 0.8941177 0.9843137 1 0.8588235 0.5647059 0 0.05882352 0.3529412 0 1 1 1 1 0.9215686 0 1 1 1 0.05882352 0.3529412 0 0.8588235 0.5647059 0 0.06274509 0.3686274 0 1 0.6588236 1 1 0.9215686 0 1 1 1 0 0.2156863 0 0.03137254 0.254902 0 0.06666666 0.3411765 0 0.06666666 0.3411765 0 0.03137254 0.254902 0 0.06274509 0.3686274 0 0.06666666 0.3411765 0 0.8588235 0.5882353 0 0.3098039 0.3882353 1 0.06274509 0.372549 0 0.8588235 0.5882353 0 0.06666666 0.3411765 0 0.3098039 0.3882353 1 0.8588235 0.5882353 0 1 0.9215686 0 0.8784314 0.5254902 1 1 0.9215686 0 1 0.9215686 0 0.05882352 0.3529412 0 0.03137254 0.254902 0 0 0.2156863 0 1 1 1 1 0.9215686 0 1 0.9215686 0 0.06274509 0.3686274 0 0.03137254 0.254902 0 0.05882352 0.3529412 0 1 1 1 1 0.9215686 0 0.8588235 0.5882353 0 0.8941177 1 1 0.8588235 0.5882353 0 0.05882352 0.3568627 0 1 1 1 1 0.9215686 0 1 1 1 0.05882352 0.3568627 0 0.8588235 0.5882353 0 0.06274509 0.372549 0 1 0.7254902 1 1 0.9215686 0 1 1 1 0 0.2156863 0 0.03137254 0.254902 0 0.06666666 0.3411765 0 0.06666666 0.3411765 0 0.03137254 0.2588235 0 0.06274509 0.372549 0 0.8941177 1 1 0.05882352 0.509804 0 0.8588235 0.6352941 0 0.05882352 0.509804 0 0.06274509 0.5333334 0 0.8588235 0.6352941 0 1 1 1 1 1 1 1 0.9215686 0 1 1 1 0.8941177 1 1 0.8588235 0.6352941 0 1 0.7372549 1 1 1 1 1 0.9215686 0 0.06666666 0.4196078 0 0.3098039 0.4666666 1 0.8588235 0.6352941 0 0.06274509 0.5333334 0 0.06666666 0.4196078 0 0.8588235 0.6352941 0 0.3098039 0.4588235 1 0.8784314 0.5803922 1 1 0.9215686 0 0.8784314 0.5803922 1 1 0.7372549 1 1 0.9215686 0 0 0.2705882 0 0.06666666 0.4196078 0 0.03137254 0.345098 0 0.06666666 0.4196078 0 0.06274509 0.5333334 0 0.03137254 0.345098 0 0.05882352 0.3529412 0 0 0.2156863 0 0.03137254 0.254902 0 0.06274509 0.5333334 0 0.05882352 0.509804 0 0.03137254 0.345098 0 1 1 1 1 1 1 1 0.9215686 0 1 1 1 1 0.9215686 0 1 0.9215686 0 0.8941177 1 1 0.05882352 0.5058824 0 0.8588235 0.6627451 0 0.8941177 1 1 0.8588235 0.6627451 0 1 0.9215686 0 0.05882352 0.5058824 0 0.06274509 0.5176471 0 0.8588235 0.6627451 0 0.05882352 0.3529412 0 0 0.2156863 0 0.03529411 0.3019608 0 0.06274509 0.5176471 0 0.05882352 0.5058824 0 0.03529411 0.4078431 0 1 0.7411765 1 1 1 1 1 0.9215686 0 0.3098039 0.3882353 1 0.8784314 0.5019608 1 1 0.9215686 0 0.8784314 0.5019608 1 1 0.7372549 1 1 0.9215686 0 0.06666666 0.4784314 0 0.3098039 0.3882353 1 0.8588235 0.6627451 0 0.06274509 0.5176471 0 0.06666666 0.4784314 0 0.8588235 0.6627451 0 1 1 1 1 1 1 1 0.9215686 0 0.06666666 0.4784314 0 0.06274509 0.5176471 0 0.03529411 0.4078431 0 0 0.3568627 0 0.06666666 0.4784314 0 0.03529411 0.4078431 0 1 1 1 1 1 1 1 0.9215686 0 0.8941177 1 1 0.05882352 0.3568627 0 0.8588235 0.6431373 0 1 1 1 0.8941177 1 1 0.8588235 0.6431373 0 1 1 1 1 0.9215686 0 1 0.9215686 0 0.05882352 0.3568627 0 0.06274509 0.3686274 0 0.8588235 0.6431373 0 1 1 1 1 1 1 1 0.9215686 0 0.05882352 0.3568627 0 0 0.2156863 0 0.06274509 0.3686274 0 1 0.9215686 0 1 0.6941177 1 1 0.9215686 0 0.06666666 0.3411765 0 0.3098039 0.4156863 1 0.8588235 0.6431373 0 0.8784314 0.5803922 1 1 0.9215686 0 0.8588235 0.6431373 0 1 0.6862745 1 1 0.9215686 0 1 0.9215686 0 1 0.6941177 1 1 1 1 1 0.9215686 0 0.06274509 0.3686274 0 0.06666666 0.3411765 0 0.8588235 0.6431373 0 0 0.2156863 0 0.06666666 0.3411765 0 0.06274509 0.3686274 0 1 1 1 1 0.9254902 0 1 0.9215686 0 0.8941177 1 1 0.05882352 0.4431372 0 0.8588235 0.6470589 0 0.8941177 1 1 0.8588235 0.6470589 0 1 0.9254902 0 0.05882352 0.4431372 0 0.06274509 0.4549019 0 0.8588235 0.6470589 0 0.8784314 0.5764706 1 1 0.9254902 0 0.8588235 0.6470589 0 0.06666666 0.4196078 0 0.06274509 0.4549019 0 0.03137254 0.2627451 0 0.06666666 0.4196078 0 0.3098039 0.4666666 1 0.8588235 0.6470589 0 0.06274509 0.4549019 0 0.06666666 0.4196078 0 0.8588235 0.6470589 0 0 0.2156863 0 0.06666666 0.4196078 0 0.03137254 0.2627451 0 1 0.8156863 1 1 1 1 1 0.9215686 0 0.8784314 0.5725491 1 1 0.8156863 1 1 0.9215686 0 1 1 1 1 1 1 1 0.9215686 0 0.05882352 0.4431372 0 0 0.2156863 0 0.03137254 0.2627451 0 0.06274509 0.4549019 0 0.05882352 0.4431372 0 0.03137254 0.2627451 0 0.8941177 0.9843137 1 0.05882352 0.3529412 0 0.8588235 0.5647059 0 0.05882352 0.3529412 0 0.06274509 0.3686274 0 0.8588235 0.5647059 0 1 1 1 1 1 1 1 0.9215686 0 1 1 1 0.8941177 0.9843137 1 0.8588235 0.5647059 0 1 0.6588236 1 1 1 1 1 0.9215686 0 0.06666666 0.3411765 0 0.3098039 0.3882353 1 0.8588235 0.5647059 0 0.06274509 0.3686274 0 0.06666666 0.3411765 0 0.8588235 0.5647059 0 0.3098039 0.3882353 1 0.8784314 0.5019608 1 1 0.9215686 0 0.8784314 0.5019608 1 1 0.6588236 1 1 0.9215686 0 0 0.2156863 0 0.06666666 0.3411765 0 0.03137254 0.254902 0 0.06666666 0.3411765 0 0.06274509 0.3686274 0 0.03137254 0.254902 0 0.05882352 0.3529412 0 0 0.2156863 0 0.03137254 0.254902 0 0.06274509 0.3686274 0 0.05882352 0.3529412 0 0.03137254 0.254902 0 1 1 1 1 1 1 1 0.9215686 0 1 1 1 1 0.9254902 0 1 0.9215686 0 0.8941177 0.9843137 1 0.05882352 0.3529412 0 0.8588235 0.5647059 0 0.8941177 0.9843137 1 0.8588235 0.5647059 0 1 0.9254902 0 0.05882352 0.3529412 0 0.06274509 0.3686274 0 0.8588235 0.5647059 0 0.06274509 0.3686274 0 0.05882352 0.3529412 0 0.03529411 0.3019608 0 1 0.6588236 1 1 1 1 1 0.9215686 0 0.3098039 0.3882353 1 0.8784314 0.5019608 1 1 0.9254902 0 0.8784314 0.5019608 1 1 0.6588236 1 1 0.9215686 0 0.06666666 0.3411765 0 0.3098039 0.3882353 1 0.8588235 0.5647059 0 0.06274509 0.3686274 0 0.06666666 0.3411765 0 0.8588235 0.5647059 0 1 1 1 1 1 1 1 0.9215686 0 0.05882352 0.3529412 0 0 0.2156863 0 0.03529411 0.3019608 0 0.06666666 0.3411765 0 0.06274509 0.3686274 0 0.03529411 0.3019608 0 0 0.2156863 0 0.06666666 0.3411765 0 0.03529411 0.3019608 0 1 1 1 1 1 1 1 0.9215686 0 1 1 1 1 1 1 1 0.9254902 0 0.8941177 0.9843137 1 0.05882352 0.3529412 0 0.8588235 0.5647059 0 1 1 1 0.8941177 0.9843137 1 0.8588235 0.5647059 0 1 1 1 1 0.9215686 0 1 0.9215686 0 0.05882352 0.3529412 0 0.06274509 0.3686274 0 0.8588235 0.5647059 0 0.05882352 0.3529412 0 0 0.2156863 0 0.06274509 0.3686274 0 0.06666666 0.3411765 0 0.3098039 0.3882353 1 0.8588235 0.5647059 0 1 0.9215686 0 1 0.6588236 1 1 0.9215686 0 0.3098039 0.3882353 1 0.8784314 0.5019608 1 1 0.9254902 0 1 0.6588236 1 1 0.9215686 0 1 0.9254902 0 0.06274509 0.3686274 0 0.06666666 0.3411765 0 0.8588235 0.5647059 0 0 0.2156863 0 0.06666666 0.3411765 0 0.06274509 0.3686274 0 1 0.6588236 1 1 1 1 1 0.9215686 0 1 0.9215686 0 1 1 1 1 0.9254902 0 0.8588235 0.5647059 0 0.3098039 0.3882353 1 1 0.9254902 0 1 1 1 1 0.9215686 0 1 0.9215686 0 0.8941177 0.9843137 1 0.05882352 0.3529412 0 0.8588235 0.5647059 0 0.8941177 0.9843137 1 0.8588235 0.5647059 0 1 0.9215686 0 0.05882352 0.3529412 0 0.06274509 0.3686274 0 0.8588235 0.5647059 0 0.06666666 0.3411765 0 0.3098039 0.3882353 1 0.8588235 0.5647059 0 0.06274509 0.3686274 0 0.06666666 0.3411765 0 0.8588235 0.5647059 0 0 0.2156863 0 0.06666666 0.3411765 0 0.03137254 0.254902 0 1 0.6588236 1 1 1 1 1 0.9215686 0 0.06666666 0.3411765 0 0.06274509 0.3686274 0 0.03137254 0.254902 0 0.8784314 0.5019608 1 1 0.9215686 0 0.8588235 0.5647059 0 0.8784314 0.5019608 1 1 0.6588236 1 1 0.9215686 0 0.05882352 0.3529412 0 0 0.2156863 0 0.03137254 0.254902 0 1 1 1 1 1 1 1 0.9215686 0 0.06274509 0.3686274 0 0.05882352 0.3529412 0 0.03137254 0.254902 0 1 1 1 1 0.9254902 0 1 0.9215686 0 0.8941177 0.9843137 1 0.05882352 0.3529412 0 0.8588235 0.5647059 0 0.8941177 0.9843137 1 0.8588235 0.5647059 0 1 0.9254902 0 0.05882352 0.3529412 0 0.06274509 0.3686274 0 0.8588235 0.5647059 0 0.06274509 0.3686274 0 0.05882352 0.3529412 0 0.03529411 0.3019608 0 1 0.6588236 1 1 1 1 1 0.9215686 0 0.3098039 0.3882353 1 0.8784314 0.5019608 1 1 0.9254902 0 0.8784314 0.5019608 1 1 0.6588236 1 1 0.9215686 0 0.06666666 0.3411765 0 0.3098039 0.3882353 1 0.8588235 0.5647059 0 0.06274509 0.3686274 0 0.06666666 0.3411765 0 0.8588235 0.5647059 0 1 1 1 1 1 1 1 0.9215686 0 0.05882352 0.3529412 0 0 0.2156863 0 0.03529411 0.3019608 0 0.06666666 0.3411765 0 0.06274509 0.3686274 0 0.03529411 0.3019608 0 0 0.2156863 0 0.06666666 0.3411765 0 0.03529411 0.3019608 0 1 1 1 1 1 1 1 0.9215686 0 1 1 1 1 1 1 1 0.9254902 0 0.8941177 0.9843137 1 0.05882352 0.3529412 0 0.8588235 0.5647059 0 1 1 1 0.8941177 0.9843137 1 0.8588235 0.5647059 0 1 1 1 1 0.9215686 0 1 0.9215686 0 0.05882352 0.3529412 0 0.06274509 0.3686274 0 0.8588235 0.5647059 0 0.05882352 0.3529412 0 0 0.2156863 0 0.06274509 0.3686274 0 0.06666666 0.3411765 0 0.3098039 0.3882353 1 0.8588235 0.5647059 0 1 0.9215686 0 1 0.6588236 1 1 0.9215686 0 0.3098039 0.3882353 1 0.8784314 0.5019608 1 1 0.9254902 0 1 0.6588236 1 1 0.9215686 0 1 0.9254902 0 0.06274509 0.3686274 0 0.06666666 0.3411765 0 0.8588235 0.5647059 0 0 0.2156863 0 0.06666666 0.3411765 0 0.06274509 0.3686274 0 1 0.6588236 1 1 1 1 1 0.9215686 0 1 0.9215686 0 1 1 1 1 0.9254902 0 0.8588235 0.5647059 0 0.3098039 0.3882353 1 1 0.9254902 0 1 1 1 1 0.9215686 0 1 0.9215686 0 0.8941177 0.9843137 1 0.05882352 0.3529412 0 0.8588235 0.5647059 0 0.8941177 0.9843137 1 0.8588235 0.5647059 0 1 0.9215686 0 0.05882352 0.3529412 0 0.06274509 0.3686274 0 0.8588235 0.5647059 0 0.06666666 0.3411765 0 0.3098039 0.3882353 1 0.8588235 0.5647059 0 0.06274509 0.3686274 0 0.06666666 0.3411765 0 0.8588235 0.5647059 0 0 0.2156863 0 0.06666666 0.3411765 0 0.03137254 0.254902 0 1 0.6588236 1 1 1 1 1 0.9215686 0 0.06666666 0.3411765 0 0.06274509 0.3686274 0 0.03137254 0.254902 0 0.8784314 0.5019608 1 1 0.9215686 0 0.8588235 0.5647059 0 0.8784314 0.5019608 1 1 0.6588236 1 1 0.9215686 0 0.05882352 0.3529412 0 0 0.2156863 0 0.03137254 0.254902 0 1 1 1 1 1 1 1 0.9215686 0 0.06274509 0.3686274 0 0.05882352 0.3529412 0 0.03137254 0.254902 0 0 0 0 0 0 0 0 0 0 0 0 0 0 0 0 0 0 0 0 0 0 0 0 0 0 0 0 0 0 0 0 0 0 0 0 0 0 0 0 0 0 0 0 0 0 0 0 0 0 0 0 0 0 0 0 0 0 0 0 0 0 0 0 0 0 0 0 0 0 0 0 0 0 0 0 0 0 0 0 0 0 0 0 0 0 0 0 0 0 0 0 0 0 0 0 0 0 0 0 0 0 0 0 0 0 0 0 0 0 0 0 0 0 0 0 0 0 0 0 0 0 0 0 0 0 0 0 0 0 0 0 0 0 0 0 0 0 0 0 0 0 0 0 0 0 0 0 0 0 0 0 0 0 0 0 0 0 0 0 0 0 0 0 0 0 0 0 0 0 0 0 1 1 1 1 1 1 1 0.9215686 0 1 1 1 1 1 1 1 0.9254902 0 0.8941177 0.9843137 1 0.05882352 0.3529412 0 0.8588235 0.5647059 0 1 1 1 0.8941177 0.9843137 1 0.8588235 0.5647059 0 1 1 1 1 0.9215686 0 1 0.9215686 0 0.05882352 0.3529412 0 0.06274509 0.3686274 0 0.8588235 0.5647059 0 0.05882352 0.3529412 0 0 0.2156863 0 0.06274509 0.3686274 0 0.06666666 0.3411765 0 0.3098039 0.3882353 1 0.8588235 0.5647059 0 1 0.9215686 0 1 0.6588236 1 1 0.9215686 0 0.3098039 0.3882353 1 0.8784314 0.5019608 1 1 0.9254902 0 1 0.6588236 1 1 0.9215686 0 1 0.9254902 0 0.06274509 0.3686274 0 0.06666666 0.3411765 0 0.8588235 0.5647059 0 0 0.2156863 0 0.06666666 0.3411765 0 0.06274509 0.3686274 0 1 0.6588236 1 1 1 1 1 0.9215686 0 1 0.9215686 0 1 1 1 1 0.9254902 0 0.8588235 0.5647059 0 0.3098039 0.3882353 1 1 0.9254902 0 1 1 1 1 1 1 1 0.9215686 0 1 1 1 1 1 1 1 0.9254902 0 0.8941177 0.9843137 1 0.05882352 0.3529412 0 0.8588235 0.5647059 0 1 1 1 0.8941177 0.9843137 1 0.8588235 0.5647059 0 1 1 1 1 0.9215686 0 1 0.9215686 0 0.05882352 0.3529412 0 0.06274509 0.3686274 0 0.8588235 0.5647059 0 0.05882352 0.3529412 0 0 0.2156863 0 0.06274509 0.3686274 0 0.06666666 0.3411765 0 0.3098039 0.3882353 1 0.8588235 0.5647059 0 1 0.9215686 0 1 0.6588236 1 1 0.9215686 0 0.3098039 0.3882353 1 0.8784314 0.5019608 1 1 0.9254902 0 1 0.6588236 1 1 0.9215686 0 1 0.9254902 0 0.06274509 0.3686274 0 0.06666666 0.3411765 0 0.8588235 0.5647059 0 0 0.2156863 0 0.06666666 0.3411765 0 0.06274509 0.3686274 0 1 0.6588236 1 1 1 1 1 0.9215686 0 1 0.9215686 0 1 1 1 1 0.9254902 0 0.8588235 0.5647059 0 0.3098039 0.3882353 1 1 0.9254902 0 1 0.6588236 1 1 1 1 1 1 0 1 1 1 1 0.8392157 0 1 1 0 0.06666666 0.3411765 0 0.3098039 0.3882353 1 0.8588235 0.5647059 0 0.8941177 0.9843137 1 0.05882352 0.3529412 0 0.8588235 0.5647059 0 0.06274509 0.3686274 0 0.06666666 0.3411765 0 0.8588235 0.5647059 0 0.3098039 0.3882353 1 0.8784314 0.5019608 1 1 0.8392157 0 0.8784314 0.5019608 1 1 0.6588236 1 1 1 0 0.8941177 0.9843137 1 0.8588235 0.5647059 0 1 0.8392157 0 0.05882352 0.3529412 0 0.06274509 0.3686274 0 0.8588235 0.5647059 0 0.05882352 0.3529412 0 0 0.2156863 0 0.03529411 0.3019608 0 0.06666666 0.3411765 0 0.06274509 0.3686274 0 0.03529411 0.3019608 0 0.06274509 0.3686274 0 0.05882352 0.3529412 0 0.03529411 0.3019608 0 0 0.2156863 0 0.06666666 0.3411765 0 0.03529411 0.3019608 0 1 1 1 1 1 1 1 1 0 0.8941177 0.9843137 1 0.05882352 0.3529412 0 0.8588235 0.5647059 0 0.05882352 0.3529412 0 0.06274509 0.3686274 0 0.8588235 0.5647059 0 1 1 1 1 1 1 1 0.9215686 0 1 1 1 0.8941177 0.9843137 1 0.8588235 0.5647059 0 1 0.6588236 1 1 1 1 1 0.9215686 0 0.06666666 0.3411765 0 0.3098039 0.3882353 1 0.8588235 0.5647059 0 0.06274509 0.3686274 0 0.06666666 0.3411765 0 0.8588235 0.5647059 0 0.3098039 0.3882353 1 0.8784314 0.5019608 1 1 0.9215686 0 0.8784314 0.5019608 1 1 0.6588236 1 1 0.9215686 0 0 0.2156863 0 0.06666666 0.3411765 0 0.03137254 0.254902 0 0.06666666 0.3411765 0 0.06274509 0.3686274 0 0.03137254 0.254902 0 0.05882352 0.3529412 0 0 0.2156863 0 0.03137254 0.254902 0 0.06274509 0.3686274 0 0.05882352 0.3529412 0 0.03137254 0.254902 0 1 1 1 1 1 1 1 0.9215686 0 1 1 1 1 1 1 1 0.9215686 0 1 1 1 1 1 1 1 0.9254902 0 0.8941177 0.9843137 1 0.05882352 0.3529412 0 0.8588235 0.5647059 0 1 1 1 0.8941177 0.9843137 1 0.8588235 0.5647059 0 1 1 1 1 0.9215686 0 1 0.9215686 0 0.05882352 0.3529412 0 0.06274509 0.3686274 0 0.8588235 0.5647059 0 0.05882352 0.3529412 0 0 0.2156863 0 0.06274509 0.3686274 0 0.06666666 0.3411765 0 0.3098039 0.3882353 1 0.8588235 0.5647059 0 1 0.9215686 0 1 0.6588236 1 1 0.9215686 0 0.3098039 0.3882353 1 0.8784314 0.5019608 1 1 0.9254902 0 1 0.6588236 1 1 0.9215686 0 1 0.9254902 0 0.06274509 0.3686274 0 0.06666666 0.3411765 0 0.8588235 0.5647059 0 0 0.2156863 0 0.06666666 0.3411765 0 0.06274509 0.3686274 0 1 0.6588236 1 1 1 1 1 0.9215686 0 1 0.9215686 0 1 1 1 1 0.9254902 0 0.8588235 0.5647059 0 0.3098039 0.3882353 1 1 0.9254902 0 0.06666666 0.3411765 0 0.8588235 0.5882353 0 0.3098039 0.3882353 1 0.06274509 0.372549 0 0.8588235 0.5882353 0 0.06666666 0.3411765 0 0.3098039 0.3882353 1 0.8588235 0.5882353 0 1 0.9215686 0 0.8784314 0.5254902 1 1 0.9215686 0 1 0.9215686 0 0.05882352 0.3529412 0 0.03137254 0.254902 0 0 0.2156863 0 1 1 1 1 0.9215686 0 1 0.9215686 0 0.06274509 0.3686274 0 0.03137254 0.254902 0 0.05882352 0.3529412 0 1 1 1 1 0.9215686 0 0.8588235 0.5882353 0 0.8941177 1 1 0.8588235 0.5882353 0 0.05882352 0.3568627 0 1 1 1 1 0.9215686 0 1 1 1 0.05882352 0.3568627 0 0.8588235 0.5882353 0 0.06274509 0.372549 0 1 0.7254902 1 1 0.9215686 0 1 1 1 0 0.2156863 0 0.03137254 0.254902 0 0.06666666 0.3411765 0 0.06666666 0.3411765 0 0.03137254 0.2588235 0 0.06274509 0.372549 0 1 1 1 1 1 1 1 0.9215686 0 0.8941177 1 1 0.05882352 0.3568627 0 0.8588235 0.6431373 0 1 1 1 0.8941177 1 1 0.8588235 0.6431373 0 1 1 1 1 0.9215686 0 1 0.9215686 0 0.05882352 0.3568627 0 0.06274509 0.3686274 0 0.8588235 0.6431373 0 1 1 1 1 1 1 1 0.9215686 0 0.05882352 0.3568627 0 0 0.2156863 0 0.06274509 0.3686274 0 1 0.9215686 0 1 0.6941177 1 1 0.9215686 0 0.06666666 0.3411765 0 0.3098039 0.4156863 1 0.8588235 0.6431373 0 0.8784314 0.5803922 1 1 0.9215686 0 0.8588235 0.6431373 0 1 0.6862745 1 1 0.9215686 0 1 0.9215686 0 1 0.6941177 1 1 1 1 1 0.9215686 0 0.06274509 0.3686274 0 0.06666666 0.3411765 0 0.8588235 0.6431373 0 0 0.2156863 0 0.06666666 0.3411765 0 0.06274509 0.3686274 0 0.06666666 0.3411765 0 0.8588235 0.5647059 0 0.3098039 0.3882353 1 0.06274509 0.3686274 0 0.8588235 0.5647059 0 0.06666666 0.3411765 0 0.3098039 0.3882353 1 0.8588235 0.5647059 0 1 0.9215686 0 0.8784314 0.5019608 1 1 0.9215686 0 1 0.9215686 0 0.05882352 0.3529412 0 0.03137254 0.254902 0 0 0.2156863 0 1 1 1 1 0.9215686 0 1 0.9215686 0 0.06274509 0.3686274 0 0.03137254 0.254902 0 0.05882352 0.3529412 0 1 0.9215686 0 0.8588235 0.5647059 0 0.8941177 0.9843137 1 0.8941177 0.9843137 1 0.8588235 0.5647059 0 0.05882352 0.3529412 0 1 1 1 1 0.9215686 0 1 1 1 0.05882352 0.3529412 0 0.8588235 0.5647059 0 0.06274509 0.3686274 0 1 0.6588236 1 1 0.9215686 0 1 1 1 0 0.2156863 0 0.03137254 0.254902 0 0.06666666 0.3411765 0 0.06666666 0.3411765 0 0.03137254 0.254902 0 0.06274509 0.3686274 0 0.06666666 0.3411765 0 0.8588235 0.5882353 0 0.3098039 0.3882353 1 0.06274509 0.372549 0 0.8588235 0.5882353 0 0.06666666 0.3411765 0 0.3098039 0.3882353 1 0.8588235 0.5882353 0 1 0.9215686 0 0.8784314 0.5254902 1 1 0.9215686 0 1 0.9215686 0 0.05882352 0.3529412 0 0.03137254 0.254902 0 0 0.2156863 0 1 1 1 1 0.9215686 0 1 0.9215686 0 0.06274509 0.3686274 0 0.03137254 0.254902 0 0.05882352 0.3529412 0 1 1 1 1 0.9215686 0 0.8588235 0.5882353 0 0.8941177 1 1 0.8588235 0.5882353 0 0.05882352 0.3568627 0 1 1 1 1 0.9215686 0 1 1 1 0.05882352 0.3568627 0 0.8588235 0.5882353 0 0.06274509 0.372549 0 1 0.7254902 1 1 0.9215686 0 1 1 1 0 0.2156863 0 0.03137254 0.254902 0 0.06666666 0.3411765 0 0.06666666 0.3411765 0 0.03137254 0.2588235 0 0.06274509 0.372549 0 1 1 1 1 0.9215686 0 1 0.9215686 0 0.8941177 1 1 0.05882352 0.5058824 0 0.8588235 0.6627451 0 0.8941177 1 1 0.8588235 0.6627451 0 1 0.9215686 0 0.05882352 0.5058824 0 0.06274509 0.5176471 0 0.8588235 0.6627451 0 0.05882352 0.3529412 0 0 0.2156863 0 0.03529411 0.3019608 0 0.06274509 0.5176471 0 0.05882352 0.5058824 0 0.03529411 0.4078431 0 1 0.7411765 1 1 1 1 1 0.9215686 0 0.3098039 0.3882353 1 0.8784314 0.5019608 1 1 0.9215686 0 0.8784314 0.5019608 1 1 0.7372549 1 1 0.9215686 0 0.06666666 0.4784314 0 0.3098039 0.3882353 1 0.8588235 0.6627451 0 0.06274509 0.5176471 0 0.06666666 0.4784314 0 0.8588235 0.6627451 0 1 1 1 1 1 1 1 0.9215686 0 0.06666666 0.4784314 0 0.06274509 0.5176471 0 0.03529411 0.4078431 0 0 0.3568627 0 0.06666666 0.4784314 0 0.03529411 0.4078431 0 1 1 1 1 1 1 1 0.9215686 0 0.8941177 1 1 0.05882352 0.3568627 0 0.8588235 0.6431373 0 1 1 1 0.8941177 1 1 0.8588235 0.6431373 0 1 1 1 1 0.9215686 0 1 0.9215686 0 0.05882352 0.3568627 0 0.06274509 0.3686274 0 0.8588235 0.6431373 0 1 1 1 1 1 1 1 0.9215686 0 0.05882352 0.3568627 0 0 0.2156863 0 0.06274509 0.3686274 0 1 0.9215686 0 1 0.6941177 1 1 0.9215686 0 0.06666666 0.3411765 0 0.3098039 0.4156863 1 0.8588235 0.6431373 0 0.8784314 0.5803922 1 1 0.9215686 0 0.8588235 0.6431373 0 1 0.6862745 1 1 0.9215686 0 1 0.9215686 0 1 0.6941177 1 1 1 1 1 0.9215686 0 0.06274509 0.3686274 0 0.06666666 0.3411765 0 0.8588235 0.6431373 0 0 0.2156863 0 0.06666666 0.3411765 0 0.06274509 0.3686274 0 1 1 1 1 0.9254902 0 1 0.9215686 0 0.8941177 1 1 0.05882352 0.4431372 0 0.8588235 0.6470589 0 0.8941177 1 1 0.8588235 0.6470589 0 1 0.9254902 0 0.05882352 0.4431372 0 0.06274509 0.4549019 0 0.8588235 0.6470589 0 0.8784314 0.5764706 1 1 0.9254902 0 0.8588235 0.6470589 0 0.06666666 0.4196078 0 0.06274509 0.4549019 0 0.03137254 0.2627451 0 0.06666666 0.4196078 0 0.3098039 0.4666666 1 0.8588235 0.6470589 0 0.06274509 0.4549019 0 0.06666666 0.4196078 0 0.8588235 0.6470589 0 0 0.2156863 0 0.06666666 0.4196078 0 0.03137254 0.2627451 0 1 0.8156863 1 1 1 1 1 0.9215686 0 0.8784314 0.5725491 1 1 0.8156863 1 1 0.9215686 0 1 1 1 1 1 1 1 0.9215686 0 0.05882352 0.4431372 0 0 0.2156863 0 0.03137254 0.2627451 0 0.06274509 0.4549019 0 0.05882352 0.4431372 0 0.03137254 0.2627451 0 0.8941177 0.9843137 1 0.05882352 0.3529412 0 0.8588235 0.5647059 0 0.05882352 0.3529412 0 0.06274509 0.3686274 0 0.8588235 0.5647059 0 1 1 1 1 1 1 1 0.9215686 0 1 1 1 0.8941177 0.9843137 1 0.8588235 0.5647059 0 1 0.6588236 1 1 1 1 1 0.9215686 0 0.06666666 0.3411765 0 0.3098039 0.3882353 1 0.8588235 0.5647059 0 0.06274509 0.3686274 0 0.06666666 0.3411765 0 0.8588235 0.5647059 0 0.3098039 0.3882353 1 0.8784314 0.5019608 1 1 0.9215686 0 0.8784314 0.5019608 1 1 0.6588236 1 1 0.9215686 0 0 0.2156863 0 0.06666666 0.3411765 0 0.03137254 0.254902 0 0.06666666 0.3411765 0 0.06274509 0.3686274 0 0.03137254 0.254902 0 0.05882352 0.3529412 0 0 0.2156863 0 0.03137254 0.254902 0 0.06274509 0.3686274 0 0.05882352 0.3529412 0 0.03137254 0.254902 0 1 1 1 1 1 1 1 0.9215686 0 1 1 1 1 0.9254902 0 1 0.9215686 0 0.8941177 0.9843137 1 0.05882352 0.3529412 0 0.8588235 0.5647059 0 0.8941177 0.9843137 1 0.8588235 0.5647059 0 1 0.9254902 0 0.05882352 0.3529412 0 0.06274509 0.3686274 0 0.8588235 0.5647059 0 0.06274509 0.3686274 0 0.05882352 0.3529412 0 0.03529411 0.3019608 0 1 0.6588236 1 1 1 1 1 0.9215686 0 0.3098039 0.3882353 1 0.8784314 0.5019608 1 1 0.9254902 0 0.8784314 0.5019608 1 1 0.6588236 1 1 0.9215686 0 0.06666666 0.3411765 0 0.3098039 0.3882353 1 0.8588235 0.5647059 0 0.06274509 0.3686274 0 0.06666666 0.3411765 0 0.8588235 0.5647059 0 1 1 1 1 1 1 1 0.9215686 0 0.05882352 0.3529412 0 0 0.2156863 0 0.03529411 0.3019608 0 0.06666666 0.3411765 0 0.06274509 0.3686274 0 0.03529411 0.3019608 0 0 0.2156863 0 0.06666666 0.3411765 0 0.03529411 0.3019608 0 1 1 1 1 1 1 1 0.9215686 0 1 1 1 1 1 1 1 0.9254902 0 0.8941177 0.9843137 1 0.05882352 0.3529412 0 0.8588235 0.5647059 0 1 1 1 0.8941177 0.9843137 1 0.8588235 0.5647059 0 1 1 1 1 0.9215686 0 1 0.9215686 0 0.05882352 0.3529412 0 0.06274509 0.3686274 0 0.8588235 0.5647059 0 0.05882352 0.3529412 0 0 0.2156863 0 0.06274509 0.3686274 0 0.06666666 0.3411765 0 0.3098039 0.3882353 1 0.8588235 0.5647059 0 1 0.9215686 0 1 0.6588236 1 1 0.9215686 0 0.3098039 0.3882353 1 0.8784314 0.5019608 1 1 0.9254902 0 1 0.6588236 1 1 0.9215686 0 1 0.9254902 0 0.06274509 0.3686274 0 0.06666666 0.3411765 0 0.8588235 0.5647059 0 0 0.2156863 0 0.06666666 0.3411765 0 0.06274509 0.3686274 0 1 0.6588236 1 1 1 1 1 0.9215686 0 1 0.9215686 0 1 1 1 1 0.9254902 0 0.8588235 0.5647059 0 0.3098039 0.3882353 1 1 0.9254902 0 0.2470588 0.2627451 0.5529412 0.5450981 0.7921569 1 0.4588235 0.3843137 0.2078431 0.5450981 0.7921569 1 0.7098039 0.682353 1 0.4588235 0.3843137 0.2078431 0.4313725 0.3490196 1 0.2588235 0.1254902 0.3686274 0.4588235 0.3843137 0.2078431 0.7098039 0.682353 1 0.4313725 0.3490196 1 0.4588235 0.3843137 0.2078431 0.4588235 0.3843137 0.2078431 0.2588235 0.1254902 0.3686274 0.02745097 0 0 0.2470588 0.2627451 0.5529412 0.4588235 0.3843137 0.2078431 0.02745097 0 0 0.2470588 0.2627451 0.5529412 0.5450981 0.7921569 1 0.4588235 0.3843137 0.2078431 0.5450981 0.7921569 1 0.7098039 0.682353 1 0.4588235 0.3843137 0.2078431 0.4313725 0.3490196 1 0.2588235 0.1254902 0.3686274 0.4588235 0.3843137 0.2078431 0.7098039 0.682353 1 0.4313725 0.3490196 1 0.4588235 0.3843137 0.2078431 0.4588235 0.3843137 0.2078431 0.2588235 0.1254902 0.3686274 0.02745097 0 0 0.2470588 0.2627451 0.5529412 0.4588235 0.3843137 0.2078431 0.02745097 0 0 0.2470588 0.2627451 0.5529412 0.5450981 0.7921569 1 0.4588235 0.3843137 0.2078431 0.5450981 0.7921569 1 0.7098039 0.682353 1 0.4588235 0.3843137 0.2078431 0.4313725 0.3490196 1 0.2588235 0.1254902 0.3686274 0.4588235 0.3843137 0.2078431 0.7098039 0.682353 1 0.4313725 0.3490196 1 0.4588235 0.3843137 0.2078431 0.4588235 0.3843137 0.2078431 0.2588235 0.1254902 0.3686274 0.02745097 0 0 0.2470588 0.2627451 0.5529412 0.4588235 0.3843137 0.2078431 0.02745097 0 0 0 0 0 0 0 0 0 0 0 0 0 0 0 0 0 0 0 0 0 0 0 0 0 0 0 0 0 0 0 0 0 0 0 0 0 0 0 0 0 0 0 0 0 0 0 0 0 0 0 0 0 0 0 0 0 0 0 0 0 0 0 0 0 0 0 0 0 0 0 0 0 0 0 0 0 0 0 0 0 0 0 0 0 0 0 0 0 0 0 0 0 0 0 0 0 0 0 0 0 0 0 0 0 0 0 0 0 0 0 0 0 0 0 0 0 0 0 0 0 0 0 0 0 0 0 0 0 0 0 0 0 0 0 0 0 0 0 0 0 0 0 0 0 0 0 0 0 0 0 0 0 0 0 0 0 0 0 0 0 0 0 0 0 0 0 0 0 0 0 0 0 0 0 0 0 0 0 0 0 0 0 0 0 0 0 0 0 0 0 0 0 0 0 0 0 0 0 0 0 0 0 0 0 0 0 0 0 0 0 0 0 0 0 0 0 0 0 0 0 0 0 0 0 0 0 0 0 0 0 0 0 0 0 0 0 0 0 0 0 0 0 0 0 0 0 0 0 0 0 0 0 0 0 0 0 0 0 0 0 0 0 0 0 0 0 0 0 0 0 0 0 0 0 0 0 0 0 0 0 0.8784314 0.5019608 1 0.3098039 0.3882353 1 1 0.9215686 0 1 0.6588236 1 0.8784314 0.5019608 1 1 0.9215686 0 1 1 1 1 1 1 1 0.9215686 0 1 1 1 1 0.9215686 0 0.8941177 0.9843137 1 0.8784314 0.5411765 1 0.3098039 0.3882353 1 1 0.9215686 0 1 0.7254902 1 0.8784314 0.5254902 1 1 0.9215686 0 1 1 1 1 1 1 1 0.9215686 0 0.8941177 1 1 1 1 1 0.8588235 0.5882353 0 1 0.9215686 0 1 1 1 1 0.9215686 0 1 0.9215686 0 1 1 1 0.8588235 0.6352941 0 0.8588235 0.6352941 0 0.3098039 0.4588235 1 1 0.9215686 0 1 0.9215686 0 0.8784314 0.5803922 1 1 0.9215686 0 1 1 1 1 1 1 1 0.9215686 0 1 1 1 0.8941177 1 1 1 0.9215686 0 0.8588235 0.6627451 0 0.3098039 0.3882353 1 1 0.9215686 0 1 0.9215686 0 0.8784314 0.5019608 1 1 0.9215686 0 1 0.9215686 0 1 1 1 1 0.9215686 0 1 0.9215686 0 1 1 1 0.8588235 0.6431373 0 0.3098039 0.4117647 1 0.8784314 0.5803922 1 0.8588235 0.6431373 0 0.8784314 0.5803922 1 1 0.6862745 1 1 0.9215686 0 1 1 1 1 1 1 1 0.9215686 0 1 1 1 0.8941177 1 1 1 0.9254902 0 0.3098039 0.4588235 1 0.8784314 0.5764706 1 0.8588235 0.6470589 0 1 0.9254902 0 0.8784314 0.5725491 1 1 0.9215686 0 1 0.9215686 0 1 1 1 1 0.9215686 0 1 0.9215686 0 1 1 1 0.8588235 0.5647059 0 0.8588235 0.5647059 0 0.3098039 0.3882353 1 1 0.9215686 0 1 0.9215686 0 0.8784314 0.5019608 1 1 0.9215686 0 1 1 1 1 1 1 1 0.9215686 0 1 1 1 0.8941177 0.9843137 1 1 0.9254902 0 0.8588235 0.5647059 0 0.3098039 0.3882353 1 1 0.9254902 0 1 0.9254902 0 0.8784314 0.5019608 1 1 0.9215686 0 1 0.9254902 0 1 1 1 0.8588235 0.5647059 0 0.8784314 0.5019608 1 1 0.6588236 1 1 0.9254902 0 1 1 1 1 1 1 1 0.9215686 0 1 1 1 0.8941177 0.9843137 1 1 0.9215686 0 0.3098039 0.3882353 1 0.8784314 0.5019608 1 0.8588235 0.5647059 0 1 0.9215686 0 0.8784314 0.5019608 1 1 0.9215686 0 1 1 1 1 1 1 1 0.9215686 0 1 1 1 0.8941177 0.9843137 1 1 0.9254902 0 0.8588235 0.5647059 0 0.3098039 0.3882353 1 1 0.9254902 0 1 0.9254902 0 0.8784314 0.5019608 1 1 0.9215686 0 1 0.9254902 0 1 1 1 0.8588235 0.5647059 0 0.8784314 0.5019608 1 1 0.6588236 1 1 0.9254902 0 1 1 1 1 1 1 1 0.9215686 0 1 1 1 0.8941177 0.9843137 1 1 0.9215686 0 0.3098039 0.3882353 1 0.8784314 0.5019608 1 0.8588235 0.5647059 0 1 0.9215686 0 0.8784314 0.5019608 1 1 0.9215686 0 0 0 0 0 0 0 0 0 0 0 0 0 0 0 0 0 0 0 0 0 0 0 0 0 0 0 0 0 0 0 0 0 0 0 0 0 0 0 0 0 0 0 0 0 0 0 0 0 0 0 0 0 0 0 0 0 0 0 0 0 0 0 0 0 0 0 0 0 0 0 0 0 0 0 0 0 0 0 0 0 0 0 0 0 0 0 0 0 0 0 0 0 0 0 0 0 0 0 0 0 0 0 0 0 0 0 0 0 0 0 0 0 0 0 0 0 0 0 0 0 0 0 0 0 0 0 0 0 0 0 0 0 0 0 0 0 0 0 0 0 0 0 0 0 1 0.9254902 0 1 1 1 0.8588235 0.5647059 0 0.8784314 0.5019608 1 1 0.6588236 1 1 0.9254902 0 1 0.9254902 0 1 1 1 0.8588235 0.5647059 0 0.8784314 0.5019608 1 1 0.6588236 1 1 0.9254902 0 1 1 1 1 1 1 1 1 0 0.8588235 0.5647059 0 0.3098039 0.3882353 1 1 0.8392157 0 1 0.8392157 0 0.8784314 0.5019608 1 1 1 0 1 1 1 0.8941177 0.9843137 1 1 0.8392157 0 1 0.9215686 0 1 1 1 1 0.9215686 0 1 0.9215686 0 1 1 1 0.8588235 0.5647059 0 0.8588235 0.5647059 0 0.3098039 0.3882353 1 1 0.9215686 0 1 0.9215686 0 0.8784314 0.5019608 1 1 0.9215686 0 1 0.9254902 0 1 1 1 0.8588235 0.5647059 0 0.8784314 0.5019608 1 1 0.6588236 1 1 0.9254902 0 0.8784314 0.5411765 1 0.3098039 0.3882353 1 1 0.9215686 0 1 0.7254902 1 0.8784314 0.5254902 1 1 0.9215686 0 1 1 1 1 1 1 1 0.9215686 0 0.8941177 1 1 1 1 1 0.8588235 0.5882353 0 1 0.9215686 0 1 1 1 1 0.9215686 0 1 0.9215686 0 1 1 1 0.8588235 0.6431373 0 0.3098039 0.4117647 1 0.8784314 0.5803922 1 0.8588235 0.6431373 0 0.8784314 0.5803922 1 1 0.6862745 1 1 0.9215686 0 0.8784314 0.5019608 1 0.3098039 0.3882353 1 1 0.9215686 0 1 0.6588236 1 0.8784314 0.5019608 1 1 0.9215686 0 1 1 1 1 1 1 1 0.9215686 0 1 1 1 1 0.9215686 0 0.8941177 0.9843137 1 0.8784314 0.5411765 1 0.3098039 0.3882353 1 1 0.9215686 0 1 0.7254902 1 0.8784314 0.5254902 1 1 0.9215686 0 1 1 1 1 1 1 1 0.9215686 0 0.8941177 1 1 1 1 1 0.8588235 0.5882353 0 1 1 1 1 1 1 1 0.9215686 0 1 1 1 0.8941177 1 1 1 0.9215686 0 0.8588235 0.6627451 0 0.3098039 0.3882353 1 1 0.9215686 0 1 0.9215686 0 0.8784314 0.5019608 1 1 0.9215686 0 1 0.9215686 0 1 1 1 1 0.9215686 0 1 0.9215686 0 1 1 1 0.8588235 0.6431373 0 0.3098039 0.4117647 1 0.8784314 0.5803922 1 0.8588235 0.6431373 0 0.8784314 0.5803922 1 1 0.6862745 1 1 0.9215686 0 1 1 1 1 1 1 1 0.9215686 0 1 1 1 0.8941177 1 1 1 0.9254902 0 0.3098039 0.4588235 1 0.8784314 0.5764706 1 0.8588235 0.6470589 0 1 0.9254902 0 0.8784314 0.5725491 1 1 0.9215686 0 1 0.9215686 0 1 1 1 1 0.9215686 0 1 0.9215686 0 1 1 1 0.8588235 0.5647059 0 0.8588235 0.5647059 0 0.3098039 0.3882353 1 1 0.9215686 0 1 0.9215686 0 0.8784314 0.5019608 1 1 0.9215686 0 1 1 1 1 1 1 1 0.9215686 0 1 1 1 0.8941177 0.9843137 1 1 0.9254902 0 0.8588235 0.5647059 0 0.3098039 0.3882353 1 1 0.9254902 0 1 0.9254902 0 0.8784314 0.5019608 1 1 0.9215686 0 1 0.9254902 0 1 1 1 0.8588235 0.5647059 0 0.8784314 0.5019608 1 1 0.6588236 1 1 0.9254902 0</float_array>
          <technique_common>
            <accessor source="#tree_oak_bush_a200-mesh-colors-Col-array" count="2148" stride="3">
              <param name="R" type="float"/>
              <param name="G" type="float"/>
              <param name="B" type="float"/>
            </accessor>
          </technique_common>
        </source>
        <vertices id="tree_oak_bush_a200-mesh-vertices">
          <input semantic="POSITION" source="#tree_oak_bush_a200-mesh-positions"/>
        </vertices>
        <polylist material="vegetation_palm_bark_01-material" count="129">
          <input semantic="VERTEX" source="#tree_oak_bush_a200-mesh-vertices" offset="0"/>
          <input semantic="NORMAL" source="#tree_oak_bush_a200-mesh-normals" offset="1"/>
          <input semantic="TEXCOORD" source="#tree_oak_bush_a200-mesh-map-0" offset="2" set="0"/>
          <input semantic="COLOR" source="#tree_oak_bush_a200-mesh-colors-Col" offset="3" set="0"/>
          <vcount>3 3 3 3 3 3 3 3 3 3 3 3 3 3 3 3 3 3 3 3 3 3 3 3 3 3 3 3 3 3 3 3 3 3 3 3 3 3 3 3 3 3 3 3 3 3 3 3 3 3 3 3 3 3 3 3 3 3 3 3 3 3 3 3 3 3 3 3 3 3 3 3 3 3 3 3 3 3 3 3 3 3 3 3 3 3 3 3 3 3 3 3 3 3 3 3 3 3 3 3 3 3 3 3 3 3 3 3 3 3 3 3 3 3 3 3 3 3 3 3 3 3 3 3 3 3 3 3 3 </vcount>
          <p>33 0 0 0 13 1 1 1 12 2 2 2 32 3 3 3 10 4 4 4 9 5 5 5 34 6 6 6 12 2 7 7 11 7 8 8 29 8 9 9 35 9 10 10 9 5 11 11 0 10 12 12 21 11 13 13 22 12 14 14 3 13 15 15 24 14 16 16 25 15 17 17 6 16 18 18 27 17 19 19 28 18 20 20 2 19 21 21 23 20 22 22 24 14 23 23 5 21 24 24 26 22 25 25 27 17 26 26 1 23 27 27 22 12 28 28 23 20 29 29 4 24 30 30 25 15 31 31 26 22 32 32 7 25 33 33 28 18 34 34 21 11 35 35 0 10 36 36 1 23 37 37 29 8 38 38 4 24 39 39 31 26 40 40 32 3 41 41 6 16 42 42 7 25 43 43 33 0 44 44 3 13 45 45 32 3 46 46 35 9 47 47 6 16 48 48 34 6 49 49 36 27 50 50 2 19 51 51 35 9 52 52 29 8 53 53 5 21 54 54 36 27 55 55 31 26 56 56 0 10 57 57 30 28 58 58 33 0 59 59 16 29 60 60 19 30 61 61 18 31 62 62 17 32 63 63 20 33 64 64 19 30 65 65 14 34 66 66 15 35 67 67 18 31 68 68 17 32 69 69 14 34 70 70 20 33 71 71 30 28 72 72 29 8 73 73 8 36 74 74 32 3 75 75 31 26 76 76 10 4 77 77 31 26 78 78 36 27 79 79 11 7 80 80 33 0 81 81 30 28 82 82 13 1 83 83 69 37 84 84 59 38 85 85 47 39 86 86 57 40 87 87 56 41 88 88 42 42 89 89 38 43 90 90 54 44 91 91 17 32 92 92 59 38 93 93 58 45 94 94 46 46 95 95 50 47 96 96 15 35 97 97 14 34 98 98 60 48 99 99 57 40 100 100 45 49 101 101 58 45 102 102 60 48 103 103 48 50 104 104 56 41 105 105 55 51 106 106 44 52 107 107 38 43 108 108 50 47 109 109 37 53 110 110 65 54 111 111 66 55 112 112 49 56 113 113 63 57 114 114 62 58 115 115 53 59 116 116 53 59 117 117 37 53 118 118 39 60 119 119 52 61 120 120 41 62 121 121 43 63 122 122 40 64 123 123 54 44 124 124 41 62 125 125 49 56 126 126 39 60 127 127 41 62 128 128 51 65 129 129 43 63 130 130 37 53 131 131 43 63 132 132 41 62 133 133 54 44 134 134 39 60 135 135 37 53 136 136 50 47 137 137 16 29 138 138 15 35 139 139 50 47 140 140 14 34 141 141 17 32 142 142 54 44 143 143 66 55 144 144 63 57 145 145 49 56 146 146 44 52 147 147 62 58 148 148 63 57 149 149 64 66 150 150 65 54 151 151 52 61 152 152 62 58 153 153 68 67 154 154 67 68 155 155 51 65 156 156 52 61 157 157 43 63 158 158 53 59 159 159 67 68 160 160 37 53 161 161 46 46 162 162 64 66 163 163 61 69 164 164 62 58 165 165 44 52 166 166 68 67 167 167 49 56 168 168 53 59 169 169 39 60 170 170 52 61 171 171 49 56 172 172 41 62 173 173 43 63 174 174 38 43 175 175 37 53 176 176 38 43 177 177 43 63 178 178 54 44 179 179 40 64 180 180 39 60 181 181 50 47 182 182 39 60 183 183 40 64 184 184 41 62 185 185 40 64 186 186 14 34 187 187 54 44 188 188 16 29 189 189 17 32 190 190 19 30 191 191 20 33 192 192 14 34 193 193 18 31 194 194 15 35 195 195 16 29 196 196 18 31 197 197 10 4 198 198 59 38 199 199 69 37 200 200 8 36 201 201 56 41 202 202 57 40 203 203 11 7 204 204 58 45 205 205 59 38 206 206 13 1 207 207 57 40 208 208 60 48 209 209 12 2 210 210 60 48 211 211 58 45 212 212 9 5 213 213 55 51 214 214 56 41 215 215 9 5 216 216 10 4 217 217 55 51 218 218 10 4 219 219 11 7 220 220 59 38 221 221 11 7 222 222 12 2 223 223 58 45 224 224 12 2 225 225 13 1 226 226 60 48 227 227 13 1 228 228 8 36 229 229 57 40 230 230 8 36 231 231 9 5 232 232 56 41 233 233 45 49 234 234 57 40 235 235 42 42 236 236 48 50 237 237 60 48 238 238 45 49 239 239 46 46 240 240 58 45 241 241 48 50 242 242 47 39 243 243 59 38 244 244 46 46 245 245 44 52 246 246 55 51 247 247 47 39 248 248 42 42 249 249 56 41 250 250 44 52 251 251 64 66 252 252 52 61 253 253 51 65 254 254 45 49 255 255 66 55 256 256 65 54 257 257 46 46 258 258 48 50 259 259 65 54 260 260 42 42 261 261 63 57 262 262 66 55 263 263 64 66 264 264 46 46 265 265 65 54 266 266 61 69 267 267 64 66 268 268 51 65 269 269 52 61 270 270 65 54 271 271 49 56 272 272 49 56 273 273 63 57 274 274 53 59 275 275 47 39 276 276 61 69 277 277 68 67 278 278 44 52 279 279 47 39 280 280 68 67 281 281 67 68 282 282 51 65 283 283 37 53 284 284 68 67 285 285 61 69 286 286 51 65 287 287 55 51 288 288 69 37 289 289 47 39 290 290 55 51 291 291 10 4 292 292 69 37 293 293 34 6 1707 1707 33 0 1708 1708 12 2 1709 1709 35 9 1710 1710 32 3 1711 1711 9 5 1712 1712 36 27 1713 1713 34 6 1714 1714 11 7 1715 1715 8 36 1716 1716 29 8 1717 1717 9 5 1718 1718 1 23 1719 1719 0 10 1720 1720 22 12 1721 1721 4 24 1722 1722 3 13 1723 1723 25 15 1724 1724 7 25 1725 1725 6 16 1726 1726 28 18 1727 1727 3 13 1728 1728 2 19 1729 1729 24 14 1730 1730 6 16 1731 1731 5 21 1732 1732 27 17 1733 1733 2 19 1734 1734 1 23 1735 1735 23 20 1736 1736 5 21 1737 1737 4 24 1738 1738 26 22 1739 1739 0 10 1740 1740 7 25 1741 1741 21 11 1742 1742 30 28 1743 1743 0 10 1744 1744 29 8 1745 1745 3 13 1746 1746 4 24 1747 1747 32 3 1748 1748 34 6 1749 1749 6 16 1750 1750 33 0 1751 1751 2 19 1752 1752 3 13 1753 1753 35 9 1754 1754 5 21 1755 1755 6 16 1756 1756 36 27 1757 1757 1 23 1758 1758 2 19 1759 1759 29 8 1760 1760 4 24 1761 1761 5 21 1762 1762 31 26 1763 1763 7 25 1764 1764 0 10 1765 1765 33 0 1766 1766 13 1 1767 1767 30 28 1768 1768 8 36 1769 1769 10 4 1770 1770 31 26 1771 1771 11 7 1772 1772 16 29 1773 1773 38 43 1774 1774 17 32 1775 1775 40 64 1776 1776 50 47 1777 1777 14 34 1778 1778 38 43 1779 1779 16 29 1780 1780 50 47 1781 1781 42 42 1782 1782 44 52 1783 1783 63 57 1784 1784 53 59 1785 1785 62 58 1786 1786 67 68 1787 1787 47 39 1788 1788 46 46 1789 1789 61 69 1790 1790 48 50 1791 1791 45 49 1792 1792 65 54 1793 1793 45 49 1794 1794 42 42 1795 1795 66 55 1796 1796 67 68 1797 1797 68 67 1798 1798 51 65 1799 1799</p>
        </polylist>
        <polylist material="vegetation_palm_01-material" count="587">
          <input semantic="VERTEX" source="#tree_oak_bush_a200-mesh-vertices" offset="0"/>
          <input semantic="NORMAL" source="#tree_oak_bush_a200-mesh-normals" offset="1"/>
          <input semantic="TEXCOORD" source="#tree_oak_bush_a200-mesh-map-0" offset="2" set="0"/>
          <input semantic="COLOR" source="#tree_oak_bush_a200-mesh-colors-Col" offset="3" set="0"/>
          <vcount>3 3 3 3 3 3 3 3 3 3 3 3 3 3 3 3 3 3 3 3 3 3 3 3 3 3 3 3 3 3 3 3 3 3 3 3 3 3 3 3 3 3 3 3 3 3 3 3 3 3 3 3 3 3 3 3 3 3 3 3 3 3 3 3 3 3 3 3 3 3 3 3 3 3 3 3 3 3 3 3 3 3 3 3 3 3 3 3 3 3 3 3 3 3 3 3 3 3 3 3 3 3 3 3 3 3 3 3 3 3 3 3 3 3 3 3 3 3 3 3 3 3 3 3 3 3 3 3 3 3 3 3 3 3 3 3 3 3 3 3 3 3 3 3 3 3 3 3 3 3 3 3 3 3 3 3 3 3 3 3 3 3 3 3 3 3 3 3 3 3 3 3 3 3 3 3 3 3 3 3 3 3 3 3 3 3 3 3 3 3 3 3 3 3 3 3 3 3 3 3 3 3 3 3 3 3 3 3 3 3 3 3 3 3 3 3 3 3 3 3 3 3 3 3 3 3 3 3 3 3 3 3 3 3 3 3 3 3 3 3 3 3 3 3 3 3 3 3 3 3 3 3 3 3 3 3 3 3 3 3 3 3 3 3 3 3 3 3 3 3 3 3 3 3 3 3 3 3 3 3 3 3 3 3 3 3 3 3 3 3 3 3 3 3 3 3 3 3 3 3 3 3 3 3 3 3 3 3 3 3 3 3 3 3 3 3 3 3 3 3 3 3 3 3 3 3 3 3 3 3 3 3 3 3 3 3 3 3 3 3 3 3 3 3 3 3 3 3 3 3 3 3 3 3 3 3 3 3 3 3 3 3 3 3 3 3 3 3 3 3 3 3 3 3 3 3 3 3 3 3 3 3 3 3 3 3 3 3 3 3 3 3 3 3 3 3 3 3 3 3 3 3 3 3 3 3 3 3 3 3 3 3 3 3 3 3 3 3 3 3 3 3 3 3 3 3 3 3 3 3 3 3 3 3 3 3 3 3 3 3 3 3 3 3 3 3 3 3 3 3 3 3 3 3 3 3 3 3 3 3 3 3 3 3 3 3 3 3 3 3 3 3 3 3 3 3 3 3 3 3 3 3 3 3 3 3 3 3 3 3 3 3 3 3 3 3 3 3 3 3 3 3 3 3 3 3 3 3 3 3 3 3 3 3 3 3 3 3 3 3 3 3 3 3 3 3 3 3 3 3 3 3 3 3 3 3 3 3 3 3 3 3 3 3 3 3 3 3 3 3 3 3 3 3 3 3 3 3 3 3 3 3 3 3 3 3 3 3 3 3 3 3 3 3 3 3 3 3 3 3 3 3 3 3 3 3 3 </vcount>
          <p>74 70 294 294 75 71 295 295 73 72 296 296 75 71 297 297 76 73 298 298 73 72 299 299 72 74 300 300 71 75 301 301 73 72 302 302 76 73 303 303 72 74 304 304 73 72 305 305 73 72 306 306 71 75 307 307 70 76 308 308 74 70 309 309 73 72 310 310 70 76 311 311 81 77 312 312 82 78 313 313 80 79 314 314 82 78 315 315 83 80 316 316 80 79 317 317 79 81 318 318 78 82 319 319 80 79 320 320 83 80 321 321 79 81 322 322 80 79 323 323 80 79 324 324 78 82 325 325 77 83 326 326 81 77 327 327 80 79 328 328 77 83 329 329 88 84 330 330 89 85 331 331 87 86 332 332 89 85 333 333 90 87 334 334 87 86 335 335 86 88 336 336 85 89 337 337 87 86 338 338 90 87 339 339 86 88 340 340 87 86 341 341 87 86 342 342 85 89 343 343 84 90 344 344 88 84 345 345 87 86 346 346 84 90 347 347 95 91 348 348 96 92 349 349 94 93 350 350 96 92 351 351 97 94 352 352 94 93 353 353 93 95 354 354 92 96 355 355 94 93 356 356 97 94 357 357 93 95 358 358 94 93 359 359 94 93 360 360 92 96 361 361 91 97 362 362 95 91 363 363 94 93 364 364 91 97 365 365 102 98 366 366 103 99 367 367 101 100 368 368 103 99 369 369 104 101 370 370 101 100 371 371 100 102 372 372 99 103 373 373 101 100 374 374 104 101 375 375 100 102 376 376 101 100 377 377 101 100 378 378 99 103 379 379 98 104 380 380 102 98 381 381 101 100 382 382 98 104 383 383 108 105 384 384 114 106 385 385 105 107 386 386 115 108 387 387 114 106 388 388 108 105 389 389 110 109 390 390 114 106 391 391 113 110 392 392 107 111 393 393 113 110 394 394 109 112 395 395 120 113 396 396 125 114 397 397 117 115 398 398 123 116 399 399 122 117 400 400 126 118 401 401 129 119 402 402 125 114 403 403 120 113 404 404 126 118 405 405 127 120 406 406 116 121 407 407 121 122 408 408 127 120 409 409 120 113 410 410 128 123 411 411 122 117 412 412 118 124 413 413 120 113 414 414 127 120 415 415 129 119 416 416 111 125 417 417 109 112 418 418 128 123 419 419 117 115 420 420 125 114 421 421 108 105 422 422 108 105 423 423 125 114 424 424 115 108 425 425 133 126 426 426 139 127 427 427 130 128 428 428 140 129 429 429 139 127 430 430 133 126 431 431 135 130 432 432 139 127 433 433 138 131 434 434 132 132 435 435 138 131 436 436 134 133 437 437 145 134 438 438 150 135 439 439 142 136 440 440 148 137 441 441 147 138 442 442 151 139 443 443 154 140 444 444 150 135 445 445 145 134 446 446 144 141 447 447 151 139 448 448 152 142 449 449 146 143 450 450 152 142 451 451 145 134 452 452 153 144 453 453 147 138 454 454 143 145 455 455 145 134 456 456 152 142 457 457 154 140 458 458 136 146 459 459 134 133 460 460 153 144 461 461 142 136 462 462 150 135 463 463 133 126 464 464 133 126 465 465 150 135 466 466 140 129 467 467 159 147 468 468 158 148 469 469 164 149 470 470 158 148 471 471 165 150 472 472 164 149 473 473 161 151 474 474 162 152 475 475 163 153 476 476 157 154 477 477 155 155 478 478 164 149 479 479 173 156 480 480 178 157 481 481 171 158 482 482 170 159 483 483 167 160 484 484 177 161 485 485 179 162 486 486 170 159 487 487 177 161 488 488 172 163 489 489 174 164 490 490 176 165 491 491 169 166 492 492 168 167 493 493 171 158 494 494 166 168 495 495 170 159 496 496 175 169 497 497 170 159 498 498 179 162 499 499 175 169 500 500 158 148 501 501 166 168 502 502 175 169 503 503 165 150 504 504 158 148 505 505 175 169 506 506 178 157 507 507 156 170 508 508 160 171 509 509 187 172 510 510 189 173 511 511 185 174 512 512 184 175 513 513 188 176 514 514 190 177 515 515 180 178 516 516 190 177 517 517 189 173 518 518 188 176 519 519 191 179 520 520 190 177 521 521 188 176 522 522 181 180 523 523 192 181 524 524 191 179 525 525 188 176 526 526 192 181 527 527 198 182 528 528 203 183 529 529 196 184 530 530 197 185 531 531 199 186 532 532 201 187 533 533 195 188 534 534 194 189 535 535 196 184 536 536 200 190 537 537 193 191 538 538 202 192 539 539 204 193 540 540 200 190 541 541 202 192 542 542 203 183 543 543 182 194 544 544 185 174 545 545 200 190 546 546 204 193 547 547 192 181 548 548 181 180 549 549 200 190 550 550 192 181 551 551 210 195 552 552 211 196 553 553 213 197 554 554 209 198 555 555 212 199 556 556 214 200 557 557 208 201 558 558 205 202 559 559 214 200 560 560 207 203 561 561 215 204 562 562 218 205 563 563 212 199 564 564 217 206 565 565 214 200 566 566 216 207 567 567 207 203 568 568 218 205 569 569 212 199 570 570 206 208 571 571 217 206 572 572 228 209 573 573 223 210 574 574 229 211 575 575 225 212 576 576 219 213 577 577 227 214 578 578 224 215 579 579 226 216 580 580 227 214 581 581 220 217 582 582 228 209 583 583 226 216 584 584 223 210 585 585 216 207 586 586 229 211 587 587 217 206 588 588 225 212 589 589 227 214 590 590 206 208 591 591 225 212 592 592 217 206 593 593 236 218 594 594 238 219 595 595 234 220 596 596 233 221 597 597 237 222 598 598 239 223 599 599 230 224 600 600 239 223 601 601 238 219 602 602 237 222 603 603 240 225 604 604 239 223 605 605 249 226 606 606 251 227 607 607 252 228 608 608 250 229 609 609 254 230 610 610 245 231 611 611 250 229 612 612 242 232 613 613 252 228 614 614 254 230 615 615 250 229 616 616 252 228 617 617 241 233 618 618 250 229 619 619 245 231 620 620 248 234 621 621 253 235 622 622 246 236 623 623 244 237 624 624 243 238 625 625 246 236 626 626 253 235 627 627 231 239 628 628 234 220 629 629 237 222 630 630 241 233 631 631 245 231 632 632 240 225 633 633 237 222 634 634 245 231 635 635 259 240 636 636 258 241 637 637 264 242 638 638 258 241 639 639 265 243 640 640 264 242 641 641 261 244 642 642 262 245 643 643 263 246 644 644 257 247 645 645 255 248 646 646 264 242 647 647 273 249 648 648 278 250 649 649 271 251 650 650 270 252 651 651 267 253 652 652 277 254 653 653 279 255 654 654 270 252 655 655 277 254 656 656 272 256 657 657 274 257 658 658 276 258 659 659 269 259 660 660 268 260 661 661 271 251 662 662 266 261 663 663 270 252 664 664 275 262 665 665 270 252 666 666 279 255 667 667 275 262 668 668 258 241 669 669 266 261 670 670 275 262 671 671 265 243 672 672 258 241 673 673 275 262 674 674 278 250 675 675 256 263 676 676 260 264 677 677 286 265 678 678 288 266 679 679 284 267 680 680 283 268 681 681 287 269 682 682 289 270 683 683 280 271 684 684 289 270 685 685 288 266 686 686 287 269 687 687 290 272 688 688 289 270 689 689 290 272 690 690 287 269 691 691 291 273 692 692 298 274 693 693 303 275 694 694 296 276 695 695 297 277 696 696 299 278 697 697 301 279 698 698 295 280 699 699 294 281 700 700 296 276 701 701 300 282 702 702 293 283 703 703 302 284 704 704 304 285 705 705 300 282 706 706 302 284 707 707 303 275 708 708 281 286 709 709 284 267 710 710 287 269 711 711 292 287 712 712 291 273 713 713 300 282 714 714 304 285 715 715 291 273 716 716 292 287 717 717 300 282 718 718 291 273 719 719 316 288 720 720 307 289 721 721 318 290 722 722 310 291 723 723 311 292 724 724 313 293 725 725 309 294 726 726 312 295 727 727 314 296 728 728 308 297 729 729 305 298 730 730 314 296 731 731 307 289 732 732 315 299 733 733 318 290 734 734 312 295 735 735 317 300 736 736 314 296 737 737 312 295 738 738 306 301 739 739 317 300 740 740 325 302 741 741 319 303 742 742 327 304 743 743 328 305 744 744 323 306 745 745 329 307 746 746 322 308 747 747 324 309 748 748 326 310 749 749 320 311 750 750 328 305 751 751 326 310 752 752 317 300 753 753 325 302 754 754 327 304 755 755 306 301 756 756 325 302 757 757 317 300 758 758 323 306 759 759 316 288 760 760 329 307 761 761 315 299 762 762 310 291 763 763 313 293 764 764 327 304 765 765 322 308 766 766 326 310 767 767 338 312 768 768 340 313 769 769 331 314 770 770 336 315 771 771 339 316 772 772 330 317 773 773 333 318 774 774 330 317 775 775 340 313 776 776 339 316 777 777 332 319 778 778 330 317 779 779 347 320 780 780 341 321 781 781 349 322 782 782 351 323 783 783 347 320 784 784 349 322 785 785 348 324 786 786 347 320 787 787 352 325 788 788 345 326 789 789 354 327 790 790 350 328 791 791 347 320 792 792 351 323 793 793 352 325 794 794 346 329 795 795 353 330 796 796 349 322 797 797 343 331 798 798 342 332 799 799 350 328 800 800 339 316 801 801 348 324 802 802 352 325 803 803 354 327 804 804 334 333 805 805 331 314 806 806 332 319 807 807 339 316 808 808 352 325 809 809 361 334 810 810 363 335 811 811 359 336 812 812 358 337 813 813 362 338 814 814 364 339 815 815 355 340 816 816 364 339 817 817 363 335 818 818 362 338 819 819 365 341 820 820 364 339 821 821 365 341 822 822 362 338 823 823 366 342 824 824 373 343 825 825 378 344 826 826 371 345 827 827 372 346 828 828 374 347 829 829 376 348 830 830 370 349 831 831 369 350 832 832 371 345 833 833 375 351 834 834 368 352 835 835 377 353 836 836 379 354 837 837 375 351 838 838 377 353 839 839 378 344 840 840 356 355 841 841 359 336 842 842 362 338 843 843 367 356 844 844 366 342 845 845 375 351 846 846 379 354 847 847 366 342 848 848 367 356 849 849 375 351 850 850 366 342 851 851 391 357 852 852 382 358 853 853 393 359 854 854 385 360 855 855 386 361 856 856 388 362 857 857 384 363 858 858 387 364 859 859 389 365 860 860 383 366 861 861 380 367 862 862 389 365 863 863 382 358 864 864 390 368 865 865 393 359 866 866 387 364 867 867 392 369 868 868 389 365 869 869 387 364 870 870 381 370 871 871 392 369 872 872 400 371 873 873 394 372 874 874 402 373 875 875 403 374 876 876 398 375 877 877 404 376 878 878 397 377 879 879 399 378 880 880 401 379 881 881 395 380 882 882 403 374 883 883 401 379 884 884 392 369 885 885 400 371 886 886 402 373 887 887 381 370 888 888 400 371 889 889 392 369 890 890 398 375 891 891 391 357 892 892 404 376 893 893 390 368 894 894 385 360 895 895 388 362 896 896 402 373 897 897 397 377 898 898 401 379 899 899 413 381 900 900 415 382 901 901 406 383 902 902 411 384 903 903 414 385 904 904 405 386 905 905 408 387 906 906 405 386 907 907 415 382 908 908 414 385 909 909 407 388 910 910 405 386 911 911 422 389 912 912 416 390 913 913 424 391 914 914 426 392 915 915 422 389 916 916 424 391 917 917 423 393 918 918 422 389 919 919 427 394 920 920 420 395 921 921 429 396 922 922 425 397 923 923 422 389 924 924 426 392 925 925 427 394 926 926 421 398 927 927 428 399 928 928 424 391 929 929 418 400 930 930 417 401 931 931 425 397 932 932 414 385 933 933 423 393 934 934 427 394 935 935 429 396 936 936 409 402 937 937 406 383 938 938 407 388 939 939 414 385 940 940 427 394 941 941 430 403 942 942 438 403 943 943 439 404 944 944 433 405 945 945 441 405 946 946 442 406 947 947 444 407 948 948 445 408 949 949 437 408 950 950 432 409 951 951 440 409 952 952 441 405 953 953 443 410 954 954 444 407 955 955 436 407 956 956 431 404 957 957 439 404 958 958 440 409 959 959 442 406 960 960 443 410 961 961 435 410 962 962 445 408 963 963 438 403 964 964 430 403 965 965 454 411 966 966 455 412 967 967 447 412 968 968 449 413 969 969 457 413 970 970 458 414 971 971 452 415 972 972 460 415 973 973 461 416 974 974 456 417 975 975 457 413 976 976 449 413 977 977 459 418 978 978 460 415 979 979 452 415 980 980 447 412 981 981 455 412 982 982 456 417 983 983 458 414 984 984 459 418 985 985 451 418 986 986 453 416 987 987 461 416 988 988 454 411 989 989 464 419 990 990 465 420 991 991 466 421 992 992 465 420 993 993 462 422 994 994 463 423 995 995 462 422 996 996 464 419 997 997 467 424 998 998 479 425 999 999 470 426 1000 1000 481 427 1001 1001 473 428 1002 1002 474 429 1003 1003 476 430 1004 1004 472 431 1005 1005 475 432 1006 1006 477 433 1007 1007 471 434 1008 1008 468 435 1009 1009 477 433 1010 1010 470 426 1011 1011 478 436 1012 1012 481 427 1013 1013 475 432 1014 1014 480 437 1015 1015 477 433 1016 1016 475 432 1017 1017 469 438 1018 1018 480 437 1019 1019 488 439 1020 1020 482 440 1021 1021 490 441 1022 1022 491 442 1023 1023 486 443 1024 1024 492 444 1025 1025 485 445 1026 1026 487 446 1027 1027 489 447 1028 1028 483 448 1029 1029 491 442 1030 1030 489 447 1031 1031 480 437 1032 1032 488 439 1033 1033 490 441 1034 1034 469 438 1035 1035 488 439 1036 1036 480 437 1037 1037 486 443 1038 1038 479 425 1039 1039 492 444 1040 1040 478 436 1041 1041 473 428 1042 1042 476 430 1043 1043 490 441 1044 1044 485 445 1045 1045 489 447 1046 1046 504 449 1047 1047 495 450 1048 1048 506 451 1049 1049 498 452 1050 1050 499 453 1051 1051 501 454 1052 1052 497 455 1053 1053 500 456 1054 1054 502 457 1055 1055 496 458 1056 1056 493 459 1057 1057 502 457 1058 1058 495 450 1059 1059 503 460 1060 1060 506 451 1061 1061 500 456 1062 1062 505 461 1063 1063 502 457 1064 1064 500 456 1065 1065 494 462 1066 1066 505 461 1067 1067 513 463 1068 1068 507 464 1069 1069 515 465 1070 1070 516 466 1071 1071 511 467 1072 1072 517 468 1073 1073 510 469 1074 1074 512 470 1075 1075 514 471 1076 1076 508 472 1077 1077 516 466 1078 1078 514 471 1079 1079 505 461 1080 1080 513 463 1081 1081 515 465 1082 1082 494 462 1083 1083 513 463 1084 1084 505 461 1085 1085 511 467 1086 1086 504 449 1087 1087 517 468 1088 1088 503 460 1089 1089 498 452 1090 1090 501 454 1091 1091 515 465 1092 1092 510 469 1093 1093 514 471 1094 1094 531 473 1095 1095 542 474 1096 1096 541 475 1097 1097 533 476 1098 1098 538 477 1099 1099 528 478 1100 1100 526 479 1101 1101 520 480 1102 1102 540 481 1103 1103 527 482 1104 1104 534 483 1105 1105 539 484 1106 1106 543 485 1107 1107 526 479 1108 1108 540 481 1109 1109 530 486 1110 1110 532 487 1111 1111 537 488 1112 1112 524 489 1113 1113 521 490 1114 1114 541 475 1115 1115 518 491 1116 1116 539 484 1117 1117 538 477 1118 1118 534 483 1119 1119 544 492 1120 1120 539 484 1121 1121 525 493 1122 1122 519 494 1123 1123 545 495 1124 1124 535 496 1125 1125 543 485 1126 1126 545 495 1127 1127 544 492 1128 1128 525 493 1129 1129 545 495 1130 1130 536 497 1131 1131 535 496 1132 1132 545 495 1133 1133 542 474 1134 1134 522 498 1135 1135 528 478 1136 1136 550 499 1137 1137 549 500 1138 1138 555 501 1139 1139 549 500 1140 1140 556 502 1141 1141 555 501 1142 1142 552 503 1143 1143 553 504 1144 1144 554 505 1145 1145 548 506 1146 1146 546 507 1147 1147 555 501 1148 1148 564 508 1149 1149 569 509 1150 1150 562 510 1151 1151 561 511 1152 1152 558 512 1153 1153 568 513 1154 1154 570 514 1155 1155 561 511 1156 1156 568 513 1157 1157 563 515 1158 1158 565 516 1159 1159 567 517 1160 1160 560 518 1161 1161 559 519 1162 1162 562 510 1163 1163 557 520 1164 1164 561 511 1165 1165 566 521 1166 1166 561 511 1167 1167 570 514 1168 1168 566 521 1169 1169 549 500 1170 1170 557 520 1171 1171 566 521 1172 1172 556 502 1173 1173 549 500 1174 1174 566 521 1175 1175 569 509 1176 1176 547 522 1177 1177 551 523 1178 1178 582 524 1179 1179 573 525 1180 1180 584 526 1181 1181 576 527 1182 1182 577 528 1183 1183 579 529 1184 1184 575 530 1185 1185 578 531 1186 1186 580 532 1187 1187 574 533 1188 1188 571 534 1189 1189 580 532 1190 1190 573 525 1191 1191 581 535 1192 1192 584 526 1193 1193 578 531 1194 1194 583 536 1195 1195 580 532 1196 1196 578 531 1197 1197 572 537 1198 1198 583 536 1199 1199 591 538 1200 1200 585 539 1201 1201 593 540 1202 1202 594 541 1203 1203 589 542 1204 1204 595 543 1205 1205 588 544 1206 1206 590 545 1207 1207 592 546 1208 1208 586 547 1209 1209 594 541 1210 1210 592 546 1211 1211 583 536 1212 1212 591 538 1213 1213 593 540 1214 1214 572 537 1215 1215 591 538 1216 1216 583 536 1217 1217 589 542 1218 1218 582 524 1219 1219 595 543 1220 1220 581 535 1221 1221 576 527 1222 1222 579 529 1223 1223 593 540 1224 1224 588 544 1225 1225 592 546 1226 1226 599 548 1227 1227 605 549 1228 1228 596 550 1229 1229 606 551 1230 1230 605 549 1231 1231 599 548 1232 1232 601 552 1233 1233 605 549 1234 1234 604 553 1235 1235 598 554 1236 1236 604 553 1237 1237 600 555 1238 1238 611 556 1239 1239 616 557 1240 1240 608 558 1241 1241 614 559 1242 1242 613 560 1243 1243 617 561 1244 1244 620 562 1245 1245 616 557 1246 1246 611 556 1247 1247 610 563 1248 1248 617 561 1249 1249 618 564 1250 1250 612 565 1251 1251 618 564 1252 1252 611 556 1253 1253 619 566 1254 1254 613 560 1255 1255 609 567 1256 1256 611 556 1257 1257 618 564 1258 1258 620 562 1259 1259 602 568 1260 1260 600 555 1261 1261 619 566 1262 1262 608 558 1263 1263 616 557 1264 1264 599 548 1265 1265 599 548 1266 1266 616 557 1267 1267 606 551 1268 1268 626 569 1269 1269 627 570 1270 1270 629 571 1271 1271 625 572 1272 1272 628 573 1273 1273 630 574 1274 1274 624 575 1275 1275 621 576 1276 1276 630 574 1277 1277 623 577 1278 1278 631 578 1279 1279 634 579 1280 1280 628 573 1281 1281 633 580 1282 1282 630 574 1283 1283 632 581 1284 1284 623 577 1285 1285 634 579 1286 1286 628 573 1287 1287 622 582 1288 1288 633 580 1289 1289 644 583 1290 1290 639 584 1291 1291 645 585 1292 1292 641 586 1293 1293 635 587 1294 1294 643 588 1295 1295 640 589 1296 1296 642 590 1297 1297 643 588 1298 1298 636 591 1299 1299 644 583 1300 1300 642 590 1301 1301 639 584 1302 1302 632 581 1303 1303 645 585 1304 1304 633 580 1305 1305 641 586 1306 1306 643 588 1307 1307 622 582 1308 1308 641 586 1309 1309 633 580 1310 1310 649 592 1311 1311 655 593 1312 1312 646 594 1313 1313 656 595 1314 1314 655 593 1315 1315 649 592 1316 1316 651 596 1317 1317 655 593 1318 1318 654 597 1319 1319 648 598 1320 1320 654 597 1321 1321 650 599 1322 1322 661 600 1323 1323 666 601 1324 1324 658 602 1325 1325 664 603 1326 1326 663 604 1327 1327 667 605 1328 1328 670 606 1329 1329 666 601 1330 1330 661 600 1331 1331 667 605 1332 1332 668 607 1333 1333 657 608 1334 1334 662 609 1335 1335 668 607 1336 1336 661 600 1337 1337 669 610 1338 1338 663 604 1339 1339 659 611 1340 1340 661 600 1341 1341 668 607 1342 1342 670 606 1343 1343 652 612 1344 1344 650 599 1345 1345 669 610 1346 1346 658 602 1347 1347 666 601 1348 1348 649 592 1349 1349 649 592 1350 1350 666 601 1351 1351 656 595 1352 1352 674 613 1353 1353 680 614 1354 1354 671 615 1355 1355 681 616 1356 1356 680 614 1357 1357 674 613 1358 1358 676 617 1359 1359 680 614 1360 1360 679 618 1361 1361 673 619 1362 1362 679 618 1363 1363 675 620 1364 1364 686 621 1365 1365 691 622 1366 1366 683 623 1367 1367 689 624 1368 1368 688 625 1369 1369 692 626 1370 1370 695 627 1371 1371 691 622 1372 1372 686 621 1373 1373 685 628 1374 1374 692 626 1375 1375 693 629 1376 1376 687 630 1377 1377 693 629 1378 1378 686 621 1379 1379 694 631 1380 1380 688 625 1381 1381 684 632 1382 1382 686 621 1383 1383 693 629 1384 1384 695 627 1385 1385 677 633 1386 1386 675 620 1387 1387 694 631 1388 1388 683 623 1389 1389 691 622 1390 1390 674 613 1391 1391 674 613 1392 1392 691 622 1393 1393 681 616 1394 1394 703 634 1395 1395 705 635 1396 1396 701 636 1397 1397 700 637 1398 1398 704 638 1399 1399 706 639 1400 1400 696 640 1401 1401 706 639 1402 1402 705 635 1403 1403 704 638 1404 1404 707 641 1405 1405 706 639 1406 1406 704 638 1407 1407 697 642 1408 1408 708 643 1409 1409 707 641 1410 1410 704 638 1411 1411 708 643 1412 1412 714 644 1413 1413 719 645 1414 1414 712 646 1415 1415 713 647 1416 1416 715 648 1417 1417 717 649 1418 1418 711 650 1419 1419 710 651 1420 1420 712 646 1421 1421 716 652 1422 1422 709 653 1423 1423 718 654 1424 1424 720 655 1425 1425 716 652 1426 1426 718 654 1427 1427 719 645 1428 1428 698 656 1429 1429 701 636 1430 1430 716 652 1431 1431 720 655 1432 1432 708 643 1433 1433 697 642 1434 1434 716 652 1435 1435 708 643 1436 1436 726 657 1437 1437 727 658 1438 1438 729 659 1439 1439 725 660 1440 1440 728 661 1441 1441 730 662 1442 1442 724 663 1443 1443 721 664 1444 1444 730 662 1445 1445 723 665 1446 1446 731 666 1447 1447 734 667 1448 1448 728 661 1449 1449 733 668 1450 1450 730 662 1451 1451 732 669 1452 1452 723 665 1453 1453 734 667 1454 1454 728 661 1455 1455 722 670 1456 1456 733 668 1457 1457 744 671 1458 1458 739 672 1459 1459 745 673 1460 1460 741 674 1461 1461 735 675 1462 1462 743 676 1463 1463 740 677 1464 1464 742 678 1465 1465 743 676 1466 1466 736 679 1467 1467 744 671 1468 1468 742 678 1469 1469 739 672 1470 1470 732 669 1471 1471 745 673 1472 1472 733 668 1473 1473 741 674 1474 1474 743 676 1475 1475 722 670 1476 1476 741 674 1477 1477 733 668 1478 1478 752 680 1479 1479 754 681 1480 1480 750 682 1481 1481 749 683 1482 1482 753 684 1483 1483 755 685 1484 1484 746 686 1485 1485 755 685 1486 1486 754 681 1487 1487 753 684 1488 1488 756 687 1489 1489 755 685 1490 1490 765 688 1491 1491 767 689 1492 1492 768 690 1493 1493 766 691 1494 1494 770 692 1495 1495 761 693 1496 1496 766 691 1497 1497 758 694 1498 1498 768 690 1499 1499 770 692 1500 1500 766 691 1501 1501 768 690 1502 1502 757 695 1503 1503 766 691 1504 1504 761 693 1505 1505 764 696 1506 1506 769 697 1507 1507 762 698 1508 1508 760 699 1509 1509 759 700 1510 1510 762 698 1511 1511 769 697 1512 1512 747 701 1513 1513 750 682 1514 1514 753 684 1515 1515 757 695 1516 1516 761 693 1517 1517 756 687 1518 1518 753 684 1519 1519 761 693 1520 1520 775 702 1521 1521 774 703 1522 1522 780 704 1523 1523 774 703 1524 1524 781 705 1525 1525 780 704 1526 1526 777 706 1527 1527 778 707 1528 1528 779 708 1529 1529 773 709 1530 1530 771 710 1531 1531 780 704 1532 1532 789 711 1533 1533 794 712 1534 1534 787 713 1535 1535 786 714 1536 1536 783 715 1537 1537 793 716 1538 1538 795 717 1539 1539 786 714 1540 1540 793 716 1541 1541 788 718 1542 1542 790 719 1543 1543 792 720 1544 1544 785 721 1545 1545 784 722 1546 1546 787 713 1547 1547 782 723 1548 1548 786 714 1549 1549 791 724 1550 1550 786 714 1551 1551 795 717 1552 1552 791 724 1553 1553 774 703 1554 1554 782 723 1555 1555 791 724 1556 1556 781 705 1557 1557 774 703 1558 1558 791 724 1559 1559 794 712 1560 1560 772 725 1561 1561 776 726 1562 1562 802 727 1563 1563 804 728 1564 1564 800 729 1565 1565 799 730 1566 1566 803 731 1567 1567 805 732 1568 1568 796 733 1569 1569 805 732 1570 1570 804 728 1571 1571 803 731 1572 1572 806 734 1573 1573 805 732 1574 1574 806 734 1575 1575 803 731 1576 1576 807 735 1577 1577 814 736 1578 1578 819 737 1579 1579 812 738 1580 1580 813 739 1581 1581 815 740 1582 1582 817 741 1583 1583 811 742 1584 1584 810 743 1585 1585 812 738 1586 1586 816 744 1587 1587 809 745 1588 1588 818 746 1589 1589 820 747 1590 1590 816 744 1591 1591 818 746 1592 1592 819 737 1593 1593 797 748 1594 1594 800 729 1595 1595 803 731 1596 1596 808 749 1597 1597 807 735 1598 1598 816 744 1599 1599 820 747 1600 1600 807 735 1601 1601 808 749 1602 1602 816 744 1603 1603 807 735 1604 1604 832 750 1605 1605 823 751 1606 1606 834 752 1607 1607 826 753 1608 1608 827 754 1609 1609 829 755 1610 1610 825 756 1611 1611 828 757 1612 1612 830 758 1613 1613 824 759 1614 1614 821 760 1615 1615 830 758 1616 1616 823 751 1617 1617 831 761 1618 1618 834 752 1619 1619 828 757 1620 1620 833 762 1621 1621 830 758 1622 1622 828 757 1623 1623 822 763 1624 1624 833 762 1625 1625 841 764 1626 1626 835 765 1627 1627 843 766 1628 1628 844 767 1629 1629 839 768 1630 1630 845 769 1631 1631 838 770 1632 1632 840 771 1633 1633 842 772 1634 1634 836 773 1635 1635 844 767 1636 1636 842 772 1637 1637 833 762 1638 1638 841 764 1639 1639 843 766 1640 1640 822 763 1641 1641 841 764 1642 1642 833 762 1643 1643 839 768 1644 1644 832 750 1645 1645 845 769 1646 1646 831 761 1647 1647 826 753 1648 1648 829 755 1649 1649 843 766 1650 1650 838 770 1651 1651 842 772 1652 1652 850 774 1653 1653 851 775 1654 1654 849 776 1655 1655 851 775 1656 1656 852 777 1657 1657 849 776 1658 1658 848 778 1659 1659 847 779 1660 1660 849 776 1661 1661 852 777 1662 1662 848 778 1663 1663 849 776 1664 1664 849 776 1665 1665 847 779 1666 1666 846 780 1667 1667 850 774 1668 1668 849 776 1669 1669 846 780 1670 1670 857 781 1671 1671 858 782 1672 1672 856 783 1673 1673 858 782 1674 1674 859 784 1675 1675 856 783 1676 1676 855 785 1677 1677 854 786 1678 1678 856 783 1679 1679 859 784 1680 1680 855 785 1681 1681 856 783 1682 1682 856 783 1683 1683 854 786 1684 1684 853 787 1685 1685 857 781 1686 1686 856 783 1687 1687 853 787 1688 1688 864 788 1689 1689 865 789 1690 1690 863 790 1691 1691 865 789 1692 1692 866 791 1693 1693 863 790 1694 1694 862 792 1695 1695 861 793 1696 1696 863 790 1697 1697 866 791 1698 1698 862 792 1699 1699 863 790 1700 1700 863 790 1701 1701 861 793 1702 1702 860 794 1703 1703 864 788 1704 1704 863 790 1705 1705 860 794 1706 1706 112 795 1800 1800 110 109 1801 1801 113 110 1802 1802 106 796 1803 1803 107 111 1804 1804 109 112 1805 1805 124 797 1806 1806 123 116 1807 1807 126 118 1808 1808 119 798 1809 1809 126 118 1810 1810 116 121 1811 1811 137 799 1812 1812 135 130 1813 1813 138 131 1814 1814 131 800 1815 1815 132 132 1816 1816 134 133 1817 1817 149 801 1818 1818 148 137 1819 1819 151 139 1820 1820 141 802 1821 1821 144 141 1822 1822 152 142 1823 1823 160 171 1824 1824 161 151 1825 1825 163 153 1826 1826 163 153 1827 1827 157 154 1828 1828 164 149 1829 1829 177 161 1830 1830 172 163 1831 1831 176 165 1832 1832 176 165 1833 1833 169 166 1834 1834 171 158 1835 1835 186 803 1836 1836 187 172 1837 1837 185 174 1838 1838 183 804 1839 1839 180 178 1840 1840 189 173 1841 1841 202 192 1842 1842 197 185 1843 1843 201 187 1844 1844 201 187 1845 1845 195 188 1846 1846 196 184 1847 1847 215 204 1848 1848 210 195 1849 1849 213 197 1850 1850 213 197 1851 1851 208 201 1852 1852 214 200 1853 1853 222 805 1854 1854 224 215 1855 1855 227 214 1856 1856 221 806 1857 1857 220 217 1858 1858 226 216 1859 1859 235 807 1860 1860 236 218 1861 1861 234 220 1862 1862 232 808 1863 1863 230 224 1864 1864 238 219 1865 1865 247 809 1866 1866 249 226 1867 1867 252 228 1868 1868 251 227 1869 1869 244 237 1870 1870 246 236 1871 1871 260 264 1872 1872 261 244 1873 1873 263 246 1874 1874 263 246 1875 1875 257 247 1876 1876 264 242 1877 1877 277 254 1878 1878 272 256 1879 1879 276 258 1880 1880 276 258 1881 1881 269 259 1882 1882 271 251 1883 1883 285 810 1884 1884 286 265 1885 1885 284 267 1886 1886 282 811 1887 1887 280 271 1888 1888 288 266 1889 1889 302 284 1890 1890 297 277 1891 1891 301 279 1892 1892 301 279 1893 1893 295 280 1894 1894 296 276 1895 1895 313 293 1896 1896 308 297 1897 1897 314 296 1898 1898 321 812 1899 1899 320 311 1900 1900 326 310 1901 1901 337 813 1902 1902 338 312 1903 1903 331 314 1904 1904 335 814 1905 1905 333 318 1906 1906 340 313 1907 1907 344 815 1908 1908 346 329 1909 1909 349 322 1910 1910 353 330 1911 1911 343 331 1912 1912 350 328 1913 1913 360 816 1914 1914 361 334 1915 1915 359 336 1916 1916 357 817 1917 1917 355 340 1918 1918 363 335 1919 1919 377 353 1920 1920 372 346 1921 1921 376 348 1922 1922 376 348 1923 1923 370 349 1924 1924 371 345 1925 1925 388 362 1926 1926 383 366 1927 1927 389 365 1928 1928 396 818 1929 1929 395 380 1930 1930 401 379 1931 1931 412 819 1932 1932 413 381 1933 1933 406 383 1934 1934 410 820 1935 1935 408 387 1936 1936 415 382 1937 1937 419 821 1938 1938 421 398 1939 1939 424 391 1940 1940 428 399 1941 1941 418 400 1942 1942 425 397 1943 1943 431 404 1944 1944 430 403 1945 1945 439 404 1946 1946 434 406 1947 1947 433 405 1948 1948 442 406 1949 1949 436 407 1950 1950 444 407 1951 1951 437 408 1952 1952 433 405 1953 1953 432 409 1954 1954 441 405 1955 1955 435 410 1956 1956 443 410 1957 1957 436 407 1958 1958 432 409 1959 1959 431 404 1960 1960 440 409 1961 1961 434 406 1962 1962 442 406 1963 1963 435 410 1964 1964 437 408 1965 1965 445 408 1966 1966 430 403 1967 1967 446 411 1968 1968 454 411 1969 1969 447 412 1970 1970 450 414 1971 1971 449 413 1972 1972 458 414 1973 1973 453 416 1974 1974 452 415 1975 1975 461 416 1976 1976 448 417 1977 1977 456 417 1978 1978 449 413 1979 1979 451 418 1980 1980 459 418 1981 1981 452 415 1982 1982 448 417 1983 1983 447 412 1984 1984 456 417 1985 1985 450 414 1986 1986 458 414 1987 1987 451 418 1988 1988 446 411 1989 1989 453 416 1990 1990 454 411 1991 1991 476 430 1992 1992 471 434 1993 1993 477 433 1994 1994 484 822 1995 1995 483 448 1996 1996 489 447 1997 1997 501 454 1998 1998 496 458 1999 1999 502 457 2000 2000 509 823 2001 2001 508 472 2002 2002 514 471 2003 2003 529 824 2004 2004 533 476 2005 2005 528 478 2006 2006 540 481 2007 2007 530 486 2008 2008 537 488 2009 2009 537 488 2010 2010 524 489 2011 2011 541 475 2012 2012 523 825 2013 2013 518 491 2014 2014 538 477 2015 2015 551 523 2016 2016 552 503 2017 2017 554 505 2018 2018 554 505 2019 2019 548 506 2020 2020 555 501 2021 2021 568 513 2022 2022 563 515 2023 2023 567 517 2024 2024 567 517 2025 2025 560 518 2026 2026 562 510 2027 2027 579 529 2028 2028 574 533 2029 2029 580 532 2030 2030 587 826 2031 2031 586 547 2032 2032 592 546 2033 2033 603 827 2034 2034 601 552 2035 2035 604 553 2036 2036 597 828 2037 2037 598 554 2038 2038 600 555 2039 2039 615 829 2040 2040 614 559 2041 2041 617 561 2042 2042 607 830 2043 2043 610 563 2044 2044 618 564 2045 2045 631 578 2046 2046 626 569 2047 2047 629 571 2048 2048 629 571 2049 2049 624 575 2050 2050 630 574 2051 2051 638 831 2052 2052 640 589 2053 2053 643 588 2054 2054 637 832 2055 2055 636 591 2056 2056 642 590 2057 2057 653 833 2058 2058 651 596 2059 2059 654 597 2060 2060 647 834 2061 2061 648 598 2062 2062 650 599 2063 2063 665 835 2064 2064 664 603 2065 2065 667 605 2066 2066 660 836 2067 2067 667 605 2068 2068 657 608 2069 2069 678 837 2070 2070 676 617 2071 2071 679 618 2072 2072 672 838 2073 2073 673 619 2074 2074 675 620 2075 2075 690 839 2076 2076 689 624 2077 2077 692 626 2078 2078 682 840 2079 2079 685 628 2080 2080 693 629 2081 2081 702 841 2082 2082 703 634 2083 2083 701 636 2084 2084 699 842 2085 2085 696 640 2086 2086 705 635 2087 2087 718 654 2088 2088 713 647 2089 2089 717 649 2090 2090 717 649 2091 2091 711 650 2092 2092 712 646 2093 2093 731 666 2094 2094 726 657 2095 2095 729 659 2096 2096 729 659 2097 2097 724 663 2098 2098 730 662 2099 2099 738 843 2100 2100 740 677 2101 2101 743 676 2102 2102 737 844 2103 2103 736 679 2104 2104 742 678 2105 2105 751 845 2106 2106 752 680 2107 2107 750 682 2108 2108 748 846 2109 2109 746 686 2110 2110 754 681 2111 2111 763 847 2112 2112 765 688 2113 2113 768 690 2114 2114 767 689 2115 2115 760 699 2116 2116 762 698 2117 2117 776 726 2118 2118 777 706 2119 2119 779 708 2120 2120 779 708 2121 2121 773 709 2122 2122 780 704 2123 2123 793 716 2124 2124 788 718 2125 2125 792 720 2126 2126 792 720 2127 2127 785 721 2128 2128 787 713 2129 2129 801 848 2130 2130 802 727 2131 2131 800 729 2132 2132 798 849 2133 2133 796 733 2134 2134 804 728 2135 2135 818 746 2136 2136 813 739 2137 2137 817 741 2138 2138 817 741 2139 2139 811 742 2140 2140 812 738 2141 2141 829 755 2142 2142 824 759 2143 2143 830 758 2144 2144 837 850 2145 2145 836 773 2146 2146 842 772 2147 2147</p>
        </polylist>
      </mesh>
      <extra><technique profile="MAYA"><double_sided>1</double_sided></technique></extra>
    </geometry>
    <geometry id="Colmesh-1-mesh" name="Colmesh-1">
      <mesh>
        <source id="Colmesh-1-mesh-positions">
          <float_array id="Colmesh-1-mesh-positions-array" count="75">0 0.315 -0.3392219 -0.2995828 0.09734034 -0.3392219 -0.1851523 -0.2548404 -0.3392219 0.1851524 -0.2548403 -0.3392219 0.2995828 0.0973404 -0.3392219 0 0.2914158 0.8744087 -0.2995828 0.09005242 0.9570436 -0.1851523 -0.2357603 1.090749 0.1851524 -0.2357603 1.090749 0.2995828 0.09005248 0.9570435 -2.01646e-6 1.294524 1.710323 -0.2995848 1.148184 1.871445 -0.1851543 0.9113997 2.132145 0.1851503 0.9113997 2.132145 0.2995808 1.148184 1.871445 0.4086801 7.432549 4.154798 0.1090973 7.286209 4.315919 0.2235277 7.049425 4.57662 0.5938325 7.049425 4.57662 0.7082629 7.286209 4.315919 0.3616729 9.61896 7.026561 0.06209009 9.419371 7.113393 0.1765205 9.096428 7.253891 0.5468253 9.096428 7.253891 0.6612557 9.419371 7.113393</float_array>
          <technique_common>
            <accessor source="#Colmesh-1-mesh-positions-array" count="25" stride="3">
              <param name="X" type="float"/>
              <param name="Y" type="float"/>
              <param name="Z" type="float"/>
            </accessor>
          </technique_common>
        </source>
        <source id="Colmesh-1-mesh-normals">
          <float_array id="Colmesh-1-mesh-normals-array" count="138">0 -0.9999111 0.01334172 0.9510552 -0.3090163 -0.001737356 -0.5569509 0.8305323 0.004669427 0.5877125 0.8089171 0.01571947 -0.9440543 -0.3297609 0.004399955 0.5874353 0.5180802 -0.6217014 -0.9409319 -0.2275883 0.2507004 0 -0.6721507 0.7404144 0.951029 -0.2021049 0.2338749 -0.5439167 0.5486701 -0.634914 0 -0.3699894 0.929036 0.9497278 -0.1683562 0.2639575 -0.568288 0.3368185 -0.7507345 0.5561881 0.2752559 -0.7841487 -0.9362486 -0.07440948 0.3433682 0.9473063 -0.246849 0.2041482 -0.5820375 0.6418742 -0.4992294 0.5774106 0.6541357 -0.4885731 -0.9487397 -0.2588958 0.1812901 0 -0.794404 0.6073898 0 0.398936 0.9169788 0 0.398936 0.9169788 0 0.3989366 0.9169785 0 0 -1 0 0 -1 0 0 -1 0 -0.9999111 0.01334172 0.9440544 -0.3297606 0.004399955 -0.5877127 0.8089171 0.01571947 0.5569509 0.8305324 0.004669427 -0.9510551 -0.3090166 -0.001737356 0.5439172 0.5486712 -0.6349127 -0.9510289 -0.2021074 0.2338734 0 -0.6721507 0.7404143 0.9409316 -0.2275871 0.2507026 -0.5874353 0.518079 -0.6217026 0 -0.3699894 0.9290361 0.949728 -0.1683558 0.2639569 -0.5682892 0.3368182 -0.7507337 0.5561872 0.2752561 -0.7841492 -0.9362483 -0.07440978 0.3433694 0.9501801 -0.2393431 0.1996815 -0.5756766 0.6460123 -0.5012631 0.5806854 0.6520629 -0.4874613 -0.949181 -0.2577583 0.1805993 0 -0.794404 0.6073897</float_array>
          <technique_common>
            <accessor source="#Colmesh-1-mesh-normals-array" count="46" stride="3">
              <param name="X" type="float"/>
              <param name="Y" type="float"/>
              <param name="Z" type="float"/>
            </accessor>
          </technique_common>
        </source>
        <vertices id="Colmesh-1-mesh-vertices">
          <input semantic="POSITION" source="#Colmesh-1-mesh-positions"/>
        </vertices>
        <polylist material="ColorEffectR27G177B88-material-material" count="46">
          <input semantic="VERTEX" source="#Colmesh-1-mesh-vertices" offset="0"/>
          <input semantic="NORMAL" source="#Colmesh-1-mesh-normals" offset="1"/>
          <vcount>3 3 3 3 3 3 3 3 3 3 3 3 3 3 3 3 3 3 3 3 3 3 3 3 3 3 3 3 3 3 3 3 3 3 3 3 3 3 3 3 3 3 3 3 3 3 </vcount>
          <p>3 0 8 0 7 0 3 1 4 1 9 1 1 2 6 2 5 2 4 3 0 3 5 3 2 4 7 4 6 4 5 5 10 5 14 5 6 6 7 6 12 6 7 7 8 7 13 7 9 8 14 8 13 8 5 9 6 9 11 9 13 10 18 10 17 10 14 11 19 11 18 11 10 12 11 12 16 12 10 13 15 13 19 13 11 14 12 14 17 14 19 15 24 15 23 15 15 16 16 16 21 16 15 17 20 17 24 17 16 18 17 18 22 18 17 19 18 19 23 19 21 20 22 20 20 20 22 21 23 21 20 21 23 22 24 22 20 22 2 23 1 23 3 23 1 24 0 24 4 24 3 25 1 25 4 25 2 26 3 26 7 26 8 27 3 27 9 27 0 28 1 28 5 28 9 29 4 29 5 29 1 30 2 30 6 30 9 31 5 31 14 31 11 32 6 32 12 32 12 33 7 33 13 33 8 34 9 34 13 34 10 35 5 35 11 35 12 36 13 36 17 36 13 37 14 37 18 37 15 38 10 38 16 38 14 39 10 39 19 39 16 40 11 40 17 40 18 41 19 41 23 41 20 42 15 42 21 42 19 43 15 43 24 43 21 44 16 44 22 44 22 45 17 45 23 45</p>
        </polylist>
      </mesh>
      <extra><technique profile="MAYA"><double_sided>1</double_sided></technique></extra>
    </geometry>
  </library_geometries>
  <library_controllers/>
  <library_visual_scenes>
    <visual_scene id="Scene" name="Scene">
      <node id="base00" name="base00" type="NODE">
        <matrix sid="transform">1 0 0 0 0 1 0 0 0 0 1 0 0 0 0 1</matrix>
        <node id="bb__autobillboard25" name="bb__autobillboard25" type="NODE">
          <matrix sid="transform">1 0 0 0 0 1 0 0 0 0 1 0 0 0 0 1</matrix>
        </node>
        <node id="collision-1" name="collision-1" type="NODE">
          <matrix sid="transform">1 0 0 0 0 1 0 0 0 0 1 0 0 0 0 1</matrix>
        </node>
        <node id="detail350" name="detail350" type="NODE">
          <matrix sid="transform">1 0 0 0 0 1 0 0 0 0 1 0 0 0 0 1</matrix>
        </node>
        <node id="detail900" name="detail900" type="NODE">
          <matrix sid="transform">1 0 0 0 0 1 0 0 0 0 1 0 0 0 0 1</matrix>
        </node>
        <node id="start01" name="start01" type="NODE">
          <matrix sid="transform">1 0 0 0 0 1 0 0 0 0 1 0 0 0 0 1</matrix>
          <node id="tree_oak_bush_a150" name="tree_oak_bush_a150" type="NODE">
            <matrix sid="transform">1 0 0 0 0 1 0 0 0 0 1 0 0 0 0 1</matrix>
            <instance_geometry url="#tree_oak_bush_a200_001-mesh" name="tree_oak_bush_a150">
              <bind_material>
                <technique_common>
                  <instance_material symbol="vegetation_palm_bark_01-material" target="#vegetation_palm_bark_01-material"/>
                  <instance_material symbol="vegetation_palm_01-material" target="#vegetation_palm_01-material"/>
                </technique_common>
              </bind_material>
            </instance_geometry>
          </node>
          <node id="tree_oak_bush_a350" name="tree_oak_bush_a350" type="NODE">
            <matrix sid="transform">1 0 0 0 0 1 0 0 0 0 1 0 0 0 0 1</matrix>
            <instance_geometry url="#tree_oak_bush_a200-mesh" name="tree_oak_bush_a350">
              <bind_material>
                <technique_common>
                  <instance_material symbol="vegetation_palm_bark_01-material" target="#vegetation_palm_bark_01-material"/>
                  <instance_material symbol="vegetation_palm_01-material" target="#vegetation_palm_01-material"/>
                </technique_common>
              </bind_material>
            </instance_geometry>
          </node>
          <node id="Colmesh-1" name="Colmesh-1" type="NODE">
            <matrix sid="transform">1 0 0 0 0 1 0 0 0 0 1 0 0 0 0 1</matrix>
            <instance_geometry url="#Colmesh-1-mesh" name="Colmesh-1">
              <bind_material>
                <technique_common>
                  <instance_material symbol="ColorEffectR27G177B88-material-material" target="#ColorEffectR27G177B88-material-material"/>
                </technique_common>
              </bind_material>
            </instance_geometry>
          </node>
        </node>
      </node>
    </visual_scene>
  </library_visual_scenes>
  <scene>
    <instance_visual_scene url="#Scene"/>
  </scene>
</COLLADA>