<?xml version="1.0" encoding="utf-8"?>
<COLLADA xmlns="http://www.collada.org/2005/11/COLLADASchema" version="1.4.1">
  <asset>
    <contributor>
      <author>Blender User</author>
      <authoring_tool>Blender 2.77.0 commit date:2016-03-18, commit time:12:34, hash:22a2853</authoring_tool>
    </contributor>
    <created>2016-04-19T11:24:17</created>
    <modified>2016-04-19T11:24:17</modified>
    <unit name="meter" meter="1"/>
    <up_axis>Z_UP</up_axis>
  </asset>
  <library_images/>
  <library_effects>
    <effect id="tro_bush_2_leaves-effect">
      <profile_COMMON>
        <technique sid="common">
          <lambert>
            <emission>
              <color sid="emission">0 0 0 1</color>
            </emission>
            <ambient>
              <color sid="ambient">0 0 0 1</color>
            </ambient>
            <diffuse>
              <color sid="diffuse">0.8 0.8 0.8 1</color>
            </diffuse>
            <transparency>
              <float sid="transparency">0</float>
            </transparency>
            <index_of_refraction>
              <float sid="index_of_refraction">1</float>
            </index_of_refraction>
          </lambert>
        </technique>
        <extra>
          <technique profile="GOOGLEEARTH">
            <double_sided>1</double_sided>
          </technique>
        </extra>
      </profile_COMMON>
      <extra><technique profile="MAX3D"><double_sided>1</double_sided></technique></extra>
    </effect>
    <effect id="leaves_strong-effect">
      <profile_COMMON>
        <technique sid="common">
          <phong>
            <emission>
              <color sid="emission">0 0 0 1</color>
            </emission>
            <ambient>
              <color sid="ambient">0 0 0 1</color>
            </ambient>
            <diffuse>
              <color sid="diffuse">0.64 0.1921665 0.09282804 1</color>
            </diffuse>
            <specular>
              <color sid="specular">0.5 0.5 0.5 1</color>
            </specular>
            <shininess>
              <float sid="shininess">50</float>
            </shininess>
            <index_of_refraction>
              <float sid="index_of_refraction">1</float>
            </index_of_refraction>
          </phong>
        </technique>
        <extra>
          <technique profile="GOOGLEEARTH">
            <double_sided>1</double_sided>
          </technique>
        </extra>
      </profile_COMMON>
      <extra><technique profile="MAX3D"><double_sided>1</double_sided></technique></extra>
    </effect>
    <effect id="leaves_thin-effect">
      <profile_COMMON>
        <technique sid="common">
          <lambert>
            <emission>
              <color sid="emission">0 0 0 1</color>
            </emission>
            <ambient>
              <color sid="ambient">0 0 0 1</color>
            </ambient>
            <diffuse>
              <color sid="diffuse">0.5394552 1 0.2873878 1</color>
            </diffuse>
            <index_of_refraction>
              <float sid="index_of_refraction">1</float>
            </index_of_refraction>
          </lambert>
        </technique>
        <extra>
          <technique profile="GOOGLEEARTH">
            <double_sided>1</double_sided>
          </technique>
        </extra>
      </profile_COMMON>
      <extra><technique profile="MAX3D"><double_sided>1</double_sided></technique></extra>
    </effect>
    <effect id="ColorEffectR27G177B88-material-effect">
      <profile_COMMON>
        <technique sid="common">
          <phong>
            <emission>
              <color sid="emission">0 0 0 1</color>
            </emission>
            <ambient>
              <color sid="ambient">0 0 0 1</color>
            </ambient>
            <diffuse>
              <color sid="diffuse">0.64 0.64 0.64 1</color>
            </diffuse>
            <specular>
              <color sid="specular">0.5 0.5 0.5 1</color>
            </specular>
            <shininess>
              <float sid="shininess">50</float>
            </shininess>
            <index_of_refraction>
              <float sid="index_of_refraction">1</float>
            </index_of_refraction>
          </phong>
        </technique>
        <extra>
          <technique profile="GOOGLEEARTH">
            <double_sided>1</double_sided>
          </technique>
        </extra>
      </profile_COMMON>
      <extra><technique profile="MAX3D"><double_sided>1</double_sided></technique></extra>
    </effect>
  </library_effects>
  <library_materials>
    <material id="tro_bush_2_leaves-material" name="tro_bush_2_leaves">
      <instance_effect url="#tro_bush_2_leaves-effect"/>
    </material>
    <material id="leaves_strong-material" name="leaves_strong">
      <instance_effect url="#leaves_strong-effect"/>
    </material>
    <material id="leaves_thin-material" name="leaves_thin">
      <instance_effect url="#leaves_thin-effect"/>
    </material>
    <material id="ColorEffectR27G177B88-material-material" name="ColorEffectR27G177B88-material">
      <instance_effect url="#ColorEffectR27G177B88-material-effect"/>
    </material>
  </library_materials>
  <library_geometries>
    <geometry id="tree_oak_bush_a200_001-mesh" name="tree_oak_bush_a200.001">
      <mesh>
        <source id="tree_oak_bush_a200_001-mesh-positions">
          <float_array id="tree_oak_bush_a200_001-mesh-positions-array" count="1977">1.815567 -1.768465 4.528978 0.003587663 -0.3054289 3.783776 1.394716 0.03826695 3.72561 0.472688 -2.070673 4.572419 0.669296 0.01643157 4.10823 0.9393811 -1.000241 4.562436 6.026107 -0.7847073 4.324101 4.312228 -0.7913617 2.580067 5.431171 0.1052253 2.609205 4.942005 -1.632231 4.269569 4.658189 -0.09495919 2.797708 5.020827 -0.5792929 3.770738 -4.510458 -1.82258 5.162495 -5.498153 -0.224426 4.094182 -4.271274 -0.5165054 3.966831 -5.685339 -1.521788 5.266327 -4.813482 -0.1529873 4.282594 -4.921362 -0.9001554 4.957673 -3.493981 -0.7687127 0.8688554 -2.840476 -0.7685667 0.8271522 -3.185051 -1.100841 0.6732997 -3.174574 -0.7020323 1.24166 -1.957246 -0.5979484 0.648576 -1.328297 -0.4309427 0.7216646 -1.54513 -0.8307795 0.5073671 -1.73256 -0.4725868 1.071956 -4.975928 -2.707802 5.593768 -4.751935 -2.111466 5.745492 -4.513485 -2.536462 5.621679 -5.090389 -2.443376 5.996791 -5.751677 -2.164341 5.630184 -5.638602 -2.80397 5.713236 -6.062517 -2.534291 5.732683 -5.419945 -2.367942 5.936697 -5.334256 -1.180134 4.99973 -5.48134 -1.75238 5.282059 -5.771461 -1.373067 5.124704 -5.143247 -1.359365 5.420255 -4.699563 -1.412741 4.743292 -4.764018 -0.7626594 4.788552 -4.358374 -1.055583 4.738978 -4.94453 -1.164332 5.09505 -4.740427 -0.9897204 4.183058 -4.20542 -0.6217306 4.267677 -4.289731 -1.111428 4.344462 -4.710489 -0.5674085 4.440364 -5.742806 -3.317209 6.078682 -5.110483 -3.464907 6.163302 -5.515925 -3.656249 6.25086 -5.338436 -2.918942 6.177252 -5.469492 -3.415091 5.954566 -4.890061 -3.124696 5.861091 -5.051312 -3.550262 5.900505 -5.337299 -2.900519 6.177252 5.969361 -2.1762 4.022507 6.365358 -1.76738 3.973242 6.266825 -2.19831 3.808752 6.009493 -1.755561 4.445955 0.9302365 -1.937458 4.513182 1.537933 -2.070253 4.717825 1.166086 -2.369053 4.558894 1.138238 -1.787297 4.937018 1.283253 -2.216875 4.675356 1.41969 -1.517832 4.397272 1.773092 -1.97806 4.486507 1.144169 -1.71376 4.924676 -5.275749 -0.5212032 2.745856 -5.275749 0.02977263 3.508868 -3.076425 -0.5212006 2.745854 -3.076425 0.0212956 3.497129 -4.388652 -0.8047665 1.783897 -4.347496 -0.2553299 2.546909 -2.195471 -0.969046 1.783895 -2.154949 -0.4280654 2.53517 -2.425849 -1.202843 2.631797 -2.575809 -0.6726667 3.394809 -0.3095512 -0.6042474 2.631795 -0.4572049 -0.0822311 3.383071 0.9763777 -0.08262604 2.326478 0.9906536 0.234916 3.212325 3.16337 -0.3105378 2.372926 3.177423 0.002116799 3.245146 3.340366 -0.5505193 2.191486 3.159292 -0.2892739 3.077333 5.218159 0.593497 2.237934 5.039869 0.850719 3.110154 2.383789 -0.0364297 0.5078198 2.396131 0.2811933 1.393667 4.572131 -0.2510181 0.5542677 4.584277 0.06171661 1.426488 -1.176529 0.2970945 1.035527 -1.204703 0.6137063 1.921374 1.021329 0.3627106 1.081975 0.9935825 0.6744487 1.954195 -5.440274 0.5070654 0.9593295 -5.267466 0.7738494 1.845177 -3.668356 -0.7949307 1.005777 -3.498212 -0.5322494 1.877998 -3.112473 -1.297146 2.981964 -3.050069 -1.478551 2.06604 -2.731959 -0.2514806 2.213765 -2.86621 -0.355378 3.078087 -2.769787 -0.8825403 2.848145 -4.314485 -0.07429617 2.146542 -4.244717 0.03079408 3.079199 -2.608367 -1.461873 2.175264 -2.539674 -1.358402 3.093573 -3.535407 -0.5045366 3.032326 -3.784734 -1.22926 2.495361 -2.517167 -1.296728 2.627413 -2.563751 -0.5704995 3.123691 -2.463521 -0.6191214 0.4417611 -3.818655 -0.416805 2.46704 -2.384845 -0.4445188 2.454253 -3.839673 -0.5897932 0.4851885 -0.3439056 0.1951627 0.6286853 -1.662923 -0.1756659 2.653964 -0.3436973 0.3866724 2.641178 -1.6112 -0.3420735 0.6721127 0.6441521 -0.1343624 3.818664 0.8017194 0.06380754 4.72512 1.086939 -2.253726 4.205025 1.242079 -2.058602 5.097537 0.2247574 1.116147 2.974978 0.3768624 1.415336 3.854246 0.6922928 -0.9417286 3.594328 0.8420545 -0.6471406 4.460069 1.199396 -1.001553 3.803854 0.8262438 -0.8174038 4.648016 0.4347067 0.9167801 3.047355 0.06730043 1.098095 3.878532 1.444817 -2.244792 4.397343 1.094046 -2.020934 5.241504 0.8945378 -0.2543296 3.640844 0.5491669 -0.03391689 4.472021 -5.051282 -3.552814 5.769791 -5.547761 -3.218102 6.495903 -4.786751 -1.506834 5.007536 -5.275591 -1.177275 5.722481 -5.264904 -1.612036 4.818446 -4.880665 -1.289905 5.614912 -5.676377 -3.538639 5.796163 -5.298054 -3.22146 6.580375 -4.817887 -0.04100203 3.643805 -4.377082 0.1979516 4.44027 -5.605635 -1.846705 4.621521 -5.171615 -1.611422 5.405733 -4.956881 -2.027235 4.697584 -5.260445 -1.599614 5.479092 -4.586124 -0.06805425 3.769581 -4.885014 0.3529855 4.539069 -4.737819 -0.7621951 4.830931 -4.894913 -1.135321 5.504301 -5.326491 -0.8054528 4.7423 -5.633454 -2.041453 4.824733 -5.139714 -2.081102 5.553099 -4.825165 0.2481831 4.195501 -5.073094 0.3938516 3.304978 -4.826228 -0.8536919 3.411791 -4.639782 -0.7100479 4.260597 -4.784851 -0.7852256 4.52196 -4.527041 -0.9125934 3.631438 -4.86343 0.3138447 3.738251 -5.039006 0.1571007 4.587057 -4.851939 -0.5481196 4.119543 -5.077862 -0.5065093 3.212378 -3.880288 -0.0756182 3.306544 -3.93375 -0.2153852 4.174573 -5.304167 0.4700122 3.404893 -5.307965 0.6058595 2.72173 -5.15436 -0.2283168 2.778487 -5.243272 -0.1654306 3.425015 -4.997704 -1.853377 4.736432 -5.385068 -1.806238 5.121756 -4.756704 -0.75297 4.844085 -5.145764 -0.7135595 5.228652 -4.951158 0.110879 4.06865 -4.703312 7.24473e-4 4.54529 -5.041909 -0.99757 3.859668 -4.793421 -1.099938 4.337777 -5.491253 0.402507 3.079427 -5.130351 0.6648322 3.398304 -4.930771 -0.56693 3.242584 -4.573802 -0.2977931 3.560313 -5.423481 0.3216348 2.339966 -5.262808 0.4838024 2.838598 -4.670912 -0.5228621 2.372116 -4.515523 -0.3547596 2.870522 -2.736743 -0.6402629 1.058536 -2.814032 -0.4254578 1.557168 -1.650657 -0.3241137 1.090685 -1.735577 -0.1115285 1.589091 -1.236706 -0.5326608 2.028887 -1.395008 -0.2306882 2.458423 -0.2123724 -0.05343449 2.069488 -0.3778719 0.2451716 2.498739 -2.320947 -1.166945 5.051386 -2.480911 -1.032188 4.139262 -1.351004 -1.167365 4.301317 -1.47302 -1.212491 5.17249 -2.054975 -0.8698651 5.200431 -1.988121 -0.6716769 4.288308 -1.700333 -1.772649 4.450362 -1.786989 -1.675618 5.321535 -2.5235 -2.18728 5.486172 -2.481926 -2.246246 4.553159 -2.099877 -1.211479 4.876458 -2.289124 -1.395097 5.716897 -1.813646 -1.936785 4.486649 -2.166985 -1.870224 4.900737 -1.672078 -0.8156263 4.427232 -2.026414 -0.756942 4.841737 -2.175166 -1.142114 5.056778 -1.849843 -1.29523 5.470866 -2.593603 -2.191853 4.997363 -2.265339 -2.337594 5.411867 -2.455753 -2.128754 4.687632 -2.317705 -1.202385 4.753091 -2.384197 -1.244363 5.223992 -2.215603 -2.154376 5.095972 -2.226115 -2.509867 4.129817 -2.677722 -1.689337 4.195276 -2.705172 -1.763024 4.666178 -2.019564 -2.384707 4.538157 -2.238039 -2.405782 4.705693 -2.264545 -2.613255 3.793569 -2.763557 -1.590539 3.955624 -2.659486 -1.6686 4.826797 2.797233 -0.3448089 5.762275 2.501217 -0.3074731 4.875314 3.646751 -0.4021236 4.879989 3.654831 -0.3602996 5.759791 3.071413 -0.0286321 5.840185 2.997397 0.07644397 4.913255 3.344573 -0.9960069 5.138072 3.382578 -0.8120776 5.998649 2.56744 -0.07117807 4.807927 2.331835 0.1515679 3.930093 2.260344 -0.988839 4.054941 2.564925 -0.9259635 4.879046 3.243654 -1.157855 5.206756 2.952384 -1.056508 5.660228 3.335227 -0.04600471 5.017089 3.043308 0.04753023 5.471894 2.383004 -1.069322 4.201478 2.119377 -1.087636 4.682013 2.537612 0.04444116 4.328749 2.272897 0.01830142 4.808387 2.767989 -1.302535 5.59999 2.881204 -0.3716947 5.552859 2.885664 -0.3665874 6.030232 3.065908 -1.281273 5.968587 2.652685 -1.283033 6.093852 3.133678 -1.549559 5.336667 3.100834 -0.4010495 5.369516 2.585258 -0.4280127 6.083184 2.638779 -0.4904115 5.901953 2.649478 -0.1595875 5.026648 3.341584 -1.231779 5.016077 3.172146 -1.309988 5.876917 2.941353 0.182372 4.980551 2.952051 0.513196 4.105246 3.644157 -0.5589953 4.094675 3.474719 -0.6372048 4.955515 3.064865 -0.2931015 4.723821 3.575165 -0.6657282 4.34588 3.385816 -0.8500713 4.826415 2.973392 0.2841355 4.47315 2.788272 0.09311777 4.952789 3.355892 -0.2086327 4.938523 3.395237 -0.1245899 4.429709 2.708886 -0.4807404 4.204393 2.628958 -0.2030059 4.670465 3.817605 -0.2623116 4.26437 3.729887 0.01389062 4.730019 2.823536 -0.1139328 4.491362 2.550839 -0.1755313 3.598299 3.816576 -0.01348781 3.579156 3.79333 0.009706079 4.459381 3.077718 -0.5235347 3.542298 2.844482 -0.3528723 4.008368 3.820623 0.3279705 3.602273 3.582166 0.4926527 4.067923 1.809081 0.2139627 3.7475 1.868626 0.3186596 4.282515 2.862233 -0.1984732 3.710997 2.914382 -0.09087735 4.246268 2.104296 0.1617719 4.666373 1.941843 0.5246717 3.819242 2.737959 -0.2988516 3.723137 2.737119 -0.4130161 4.596541 -0.6638531 -0.565894 3.29892 -0.8544948 -0.2832232 3.728457 0.301377 0.02338439 3.339521 0.1039535 0.3019156 3.768772 -1.864643 -2.411986 3.548061 -2.350396 -2.292069 4.345198 -2.767999 -0.5844999 2.722661 -3.246272 -0.4664285 3.507538 -3.170823 -0.7624903 2.658165 -2.894246 -0.2435067 3.392963 -2.546498 -2.588609 3.712944 -2.274188 -2.077606 4.436437 -2.445792 -0.9933758 3.143733 -2.349303 -1.21321 4.053749 -0.3890516 -0.2149363 3.113705 -0.2940503 -0.4313999 4.009716 -3.814224 -0.9064873 2.757278 -3.904653 -0.6918901 3.669165 -1.649098 -1.174919 3.035159 -1.738143 -0.9636329 3.933017 -1.347234 -1.189148 5.360659 -1.503639 -1.416443 4.46646 -0.6341546 -0.6659771 4.511421 -0.7349727 -0.5888506 5.383062 -1.610158 -0.9421211 4.517085 -1.460041 -0.6154038 4.931172 -0.5566164 -1.350885 4.457669 -0.4139 -1.021294 4.872173 -0.6007154 -1.420328 4.747816 -0.9424969 -1.531971 5.161904 -1.016011 -0.3693434 4.6884 -1.354876 -0.4883713 5.102905 -3.230012 -1.371532 3.206598 -2.924736 -1.181571 3.620686 -2.575969 -2.293088 3.147182 -2.275286 -2.096651 3.561686 -2.534747 -2.238025 4.017784 -2.582681 -2.442056 3.105757 -2.179099 -1.37247 3.225492 -2.285232 -1.42136 4.09854 -5.311601 -2.134778 5.975835 -5.683012 -1.72869 5.218957 -5.647774 -2.865121 5.050101 -5.237878 -2.97537 5.821915 -5.170883 -2.06177 5.436603 -4.840462 -2.501857 4.679724 -4.765691 -1.36734 4.510869 -5.163012 -1.217987 5.282682 -4.906624 0.04528146 3.674207 -4.68167 0.006423294 4.172839 -5.168002 -1.055271 3.706357 -4.941208 -1.086399 4.204763 -5.081658 -1.188761 3.759934 -5.277211 -1.070975 4.258566 -4.438987 -0.2578969 3.792084 -4.639056 -0.1466474 4.29049 -1.728085 -1.205177 3.911972 -1.85359 -1.014484 4.410604 -0.7464141 -0.643167 3.944121 -0.8788143 -0.4564206 4.442527 -1.524793 -1.116543 4.492854 -1.933779 -0.9382557 3.670259 -0.9712446 -0.3148374 3.748375 -0.8377279 -0.6085869 4.567982 -0.9435723 0.3197303 3.609241 -0.858175 -0.1794508 4.402517 1.231386 0.2056791 3.30333 1.315467 -0.285825 4.084402 0.2952379 0.3467856 3.012916 0.3736611 0.1633201 3.995068 2.616758 0.1346787 2.787917 2.693976 -0.04596817 3.754959 1.48754 -0.1380494 3.495264 6.304177 -1.993513 4.104623 5.869581 -1.812062 4.919463 5.091718 -0.4489548 3.114006 4.663811 -0.2702958 3.916312 4.878206 -0.6172804 3.155823 4.936922 -0.1040753 3.94255 6.035989 -2.221797 4.116086 6.093797 -1.716486 4.890707 4.792815 -0.1491099 3.484746 4.384986 -0.08914989 2.644628 5.305487 -0.9666054 2.537538 5.494047 -0.8239005 3.386036 5.523824 -1.77577 4.484715 5.675191 -2.320501 4.062517 6.440246 -1.737252 4.039522 6.116105 -1.336981 4.458853 5.312445 -1.083381 2.674867 5.173316 -1.21227 3.344988 4.55074 0.1328843 2.750658 4.416962 -0.004551112 3.420244 4.838407 -0.4798618 2.841513 4.761473 -0.5914509 1.915582 4.498292 0.6341976 2.154834 4.634186 0.4621606 3.007948 3.398835 0.01200783 1.925303 3.358123 0.083269 2.716627 5.218158 -0.349258 2.051432 5.178067 -0.2790945 2.830583 6.165985 -1.72599 3.696178 5.656366 -1.840587 4.156814 5.543829 -0.4876092 3.315946 5.03858 -0.6109076 3.779252 4.858201 -1.174032 3.82765 5.131014 -0.8292749 4.108619 5.715986 -1.823699 3.791929 5.982774 -1.474376 4.073147 5.000853 0.02614343 0.347425 5.063817 -0.1149091 -0.575536 4.989551 1.14799 -0.407338 4.944862 0.9962909 0.4591835 4.639572 0.04104608 1.978421 4.638808 -0.1134192 1.055461 5.09162 1.067846 1.223658 4.988385 0.9480465 2.09018 5.303797 0.6877914 0.4917271 4.653818 0.01106095 0.5242668 4.758967 -0.04221057 0.986908 5.147761 0.8050394 0.9241344 5.061235 0.5797998 -1.0609 4.411255 -0.09693062 -1.028361 4.516405 -0.1502022 -0.5657194 4.905199 0.6970477 -0.628493 5.005121 0.9047085 2.24877 4.853541 -0.02128368 2.28131 4.970359 -0.005529999 2.743951 4.810112 0.912791 2.681177 4.657304 1.228466 3.266279 4.346851 0.3532271 3.128171 4.270572 0.3257414 3.598657 4.310877 1.25913 3.588954 4.563346 0.1968392 -0.6564877 4.393117 -0.2131899 -1.48027 4.598459 1.021968 -1.727124 4.718246 1.140426 -0.8625523 2.97787 0.2043512 0.08452105 2.697295 -0.3443513 -0.6196958 3.972703 -0.326803 -0.6614848 3.954962 0.2072765 0.03873652 -0.7584359 -0.4806801 -0.09035092 -0.3893204 -0.9741882 -0.7945679 0.1564831 0.1786665 -0.8363569 -0.3308529 0.3978917 -0.1361355 -1.178858 -0.2227445 -0.5385538 -0.9887396 0.1041062 -0.14135 -0.1287289 -0.5966132 -0.7335385 0.05401092 -0.2671343 -0.3349656 -5.17194 0.6558056 -0.192135 -5.187257 0.2061593 -1.012684 -4.192822 -0.2609073 -0.3633241 -4.406176 0.287323 0.2922596 -4.717531 1.06109 -0.4631114 -4.66081 0.921601 0.0642153 -4.901254 -0.02311885 -0.7301436 -4.84324 -0.1549894 -0.2009409 -4.483992 0.9483291 0.8902258 -4.694125 1.025374 -0.01841384 -4.644891 -0.2241959 0.2362875 -4.45012 -0.01278626 1.068895 -4.812223 0.695493 2.056157 -4.765543 1.020395 1.179813 -4.920418 -0.243118 1.088871 -4.930631 -0.2715795 1.969183 -5.268584 0.1194685 1.614858 -5.125767 0.1671947 2.142185 -4.198269 -0.1329017 1.347826 -4.062972 -0.08340066 1.877029 -2.142733 -0.6356163 1.460279 -2.276406 -0.4561436 1.960947 -1.154077 -0.08927869 1.528391 -1.294692 0.08635705 2.028581 0.1597681 0.09580373 3.741803 -0.107794 0.2859358 2.86546 0.944929 -0.4297624 2.774517 0.9655666 -0.4518635 3.65483 0.7742555 -0.5424923 3.69895 0.299593 -0.5009589 2.893538 1.244134 0.352228 2.800601 1.492718 0.1155608 3.61181 -4.995655 -0.8572622 4.588859 -4.261096 -1.427009 4.481471 -3.983838 -0.3562161 3.844877 -4.767891 -0.04337584 4.096392 -4.82114 0.08883076 3.606038 -5.737688 0.07893401 3.417458 -5.549315 -0.7827895 4.339775 -4.693718 -0.575183 4.312904 -0.04542011 0.03447371 -0.2592369 -0.0182802 0.6306346 0.4685109 2.135123 -0.2218834 -0.1305567 2.161839 0.3651044 0.5859971 1.593189 0.1852654 1.792474 1.40236 -0.4007223 1.088258 2.659151 -0.1828922 1.046469 2.557673 0.3417578 1.74669 -2.786376 -0.4030193 0.8325902 -3.157405 -0.2064374 -0.003718316 -2.871771 -1.450187 -0.01857948 -2.573501 -1.357348 0.8049992 -2.905777 -1.47495 -0.0151903 -3.188646 -1.329959 0.8706569 -1.789328 0.4193644 0.03125756 -2.067844 0.5621191 0.9034779 -3.414572 -1.017195 0.2326726 -3.313492 -0.6528339 0.6298764 -2.303977 -1.11273 0.03768795 -2.210701 -0.7476972 0.4362608 3.621006 0.08481663 2.005137 3.249976 0.2813985 1.168828 3.53561 -0.9623513 1.153967 3.83388 -0.8695124 1.977545 3.501605 -0.9871143 1.157356 3.218736 -0.8421232 2.043203 4.618053 0.9072003 1.203804 4.339537 1.049955 2.076024 2.992809 -0.5293596 1.405219 3.093888 -0.1649979 1.802423 4.103404 -0.6248946 1.210234 4.196681 -0.2598612 1.608807 2.677654 0.01216721 3.883881 2.306625 0.208749 3.047572 2.592259 -1.035001 3.032711 2.890529 -0.9421618 3.856289 2.558253 -1.059764 3.0361 2.275384 -0.9147726 3.921947 3.674701 0.8345509 3.082548 3.396186 0.9773055 3.954768 2.049457 -0.602009 3.283963 2.150537 -0.2376474 3.681167 3.160053 -0.697544 3.088978 3.253329 -0.3325107 3.487551 -2.894309 -0.7601367 1.70944 -2.908859 -0.3268828 0.7945384 -3.930395 -0.6608021 2.986438 -4.651031 0.3584715 0.26488 -5.518947 0.6608852 1.94372 -0.7639732 -0.0661562 1.752761 -1.06021 0.2503321 0.8378592 -1.609145 -0.6736314 3.029759 -2.822664 -0.3810414 0.3082007 -3.674993 -0.7249422 1.987041 0.7147696 0.661603 3.439874 0.5433251 1.062325 2.526094 -0.1533654 -0.4008373 4.35181 -0.7630723 0.08978259 1.461713 -1.810619 -0.8082762 2.788125 2.657846 -0.2109688 2.761496 2.829645 0.05082499 1.798732 1.308523 -0.1101208 3.701293 1.216962 0.2718775 0.7329925 -0.113545 0.6699812 2.049996 1.476889 0.942783 2.180096 1.540383 1.125828 1.186401 0.195878 0.5712422 3.147066 0.01607775 0.4876255 0.1594589 -1.385422 0.4383824 1.461998 4.918187 -0.1546503 2.594914 5.041532 -0.005242764 1.601219 3.588024 -0.05610281 3.561884 3.390358 -0.07176357 0.5742774 2.059679 0.3708676 1.876817 3.845318 -0.02640968 3.822341 4.00303 0.1817875 2.844206 2.467655 -0.07803255 4.72426 2.412111 0.04180157 1.732995 0.9912394 0.3158927 2.985691 3.610188 0.1519163 0.9910286 3.442986 0.3222585 0.1978368 2.823527 0.1096797 2.08475 1.901551 0.2077252 -0.1827843 1.185049 0.4319801 1.191464 -1.513086 -0.6386929 2.855976 -1.680288 -0.4683507 2.062785 -2.299748 -0.6809295 3.949697 -3.221725 -0.582884 1.682163 -3.938227 -0.3586291 3.056412 -3.616389 -0.5446531 3.184961 -3.734495 -0.337231 2.39177 -4.387713 -0.384406 4.278682 -5.254001 -0.05394887 2.011148 -5.889379 0.3460029 3.385397 0.06016606 0.7979928 2.488324 0.002934217 1.257968 1.516546 -1.139767 -0.03215223 3.458141 -1.618397 0.6487115 0.3846092 -2.953278 0.03936713 1.795208 3.237735 0.6041683 2.207172 3.333472 0.6892176 1.138151 1.833346 0.5856415 3.254483 1.597618 0.2644377 0.09528607 0.1411941 0.637033 1.46751 5.426793 0.5187094 1.747094 5.52253 0.6037588 0.6780723 4.022405 0.5001826 2.794404 3.786676 0.1789789 -0.3647927 2.330252 0.5515742 1.007432 -1.942726 0.08152061 2.423884 -1.873294 0.3733069 1.389841 -3.31709 -0.09549456 3.495937 -3.653346 0.2239099 0.3456712 -5.054663 0.3674565 1.814924 -2.346732 -0.2848672 3.405454 -2.453199 -0.4970581 2.611876 -3.186249 0.2582646 4.309371 -3.976614 -0.6540365 2.177613 -4.729208 0.249966 3.211349 -0.5074039 0.3390207 3.298548 -0.468032 0.1049051 2.50497 -1.505646 0.2816288 4.202465 -1.604804 -0.921342 2.070708 -2.745987 -0.6361675 3.104443 1.651845 0.5912768 3.386049 1.575822 0.3663749 2.592472 0.7451375 1.012778 4.289967 0.08887988 -2.85155e-4 2.158209 -0.7817745 0.7906538 3.191944 4.909837 1.053382 3.37224 5.040389 0.6744159 2.647349 3.822581 1.121579 4.166019 3.985592 -0.469123 2.310094 2.732858 -0.04715216 3.149638 -0.5643668 -0.0609073 0.427425 -0.8687653 0.3074649 -0.5811155 -1.535602 -0.6717689 1.835121 -2.850859 -0.2672724 -1.164984 -3.812034 -0.5876511 0.685683 1.328488 0.7238228 0.1296037 1.026315 0.7318215 -0.9447056 0.3926286 0.3734625 1.646007 -0.7934153 -0.3271663 -1.353421 -1.794145 -0.2766877 0.503313 3.403342 -0.03807133 0.008569657 3.112104 0.1512368 -1.225953 2.276063 0.1807115 1.751117 0.693313 0.2065798 -1.695621 -0.2567991 0.8570274 0.4380107 5.506968 0.3386187 -0.06584167 5.211247 0.5151621 -1.200726 4.432571 0.1026549 1.519893 3.063084 -0.05534458 -1.705401 2.023944 0.1091176 0.2745665 -2.563224 -0.9243625 -0.2911026 -2.643314 -0.4149886 -1.359141 -3.636147 -0.7422545 1.302709 -4.681442 0.5023576 -1.80555 -5.504783 0.9101703 0.2396706 -1.986747 -0.151703 -0.110266 -2.206971 0.3145351 -1.178304 -3.06755 -0.2789481 1.483545 -4.4209 0.6211316 -1.624714 -5.325742 0.7807146 0.4205071 0.2118472 0.7661472 0.03333729 -0.09951829 0.7373002 -1.110691 -0.8332874 0.6592057 1.652232 -2.173544 -0.1273151 -1.492298 -3.227044 0.2224535 0.4557608 2.661368 0.8267101 0.1222593 2.357263 0.8995126 -1.021769 1.63735 1.061505 1.741154 0.1153663 0.7477058 -1.403376 -0.7697188 1.417647 0.5446828 5.303039 0.6034564 -0.7140588 4.593359 0.7248864 -1.809814 4.765187 0.7245544 1.347023 2.111767 0.4538927 -1.467635 1.815443 1.045941 0.9210113</float_array>
          <technique_common>
            <accessor source="#tree_oak_bush_a200_001-mesh-positions-array" count="659" stride="3">
              <param name="X" type="float"/>
              <param name="Y" type="float"/>
              <param name="Z" type="float"/>
            </accessor>
          </technique_common>
        </source>
        <source id="tree_oak_bush_a200_001-mesh-normals">
          <float_array id="tree_oak_bush_a200_001-mesh-normals-array" count="1224">0.4110317 0.4558948 0.7894384 -0.03140437 0.3039421 0.9521728 0.217085 0.2060369 0.9541609 -0.5145554 0.2320687 0.8254556 -0.06311362 0.3930566 0.9173457 -0.2233091 0.10639 0.9689243 -0.1013832 0.8723474 0.478259 -0.5020775 0.6127415 0.6103 -0.2583126 0.6531977 0.7117636 -0.8463276 0.2784876 0.4540644 -0.5428161 0.6534791 0.5275565 -0.6138943 0.3750203 0.6946177 0.6603789 0.444393 0.6053219 0.2194923 0.5563605 0.8014276 0.4027637 0.3657132 0.8390681 -0.2614926 0.6675875 0.6971001 0.2235823 0.635467 0.7390486 -0.03329682 0.4770206 0.8782612 0.01681602 -0.8186154 0.574096 -0.4527279 -0.7259395 0.5177347 0.03836274 -0.8183147 0.5734887 0.4754001 -0.724255 0.4994493 0.1308678 -0.8169168 0.5617123 -0.3304975 -0.8427395 0.4249253 0.1513752 -0.8111698 0.5648799 0.5555377 -0.6062603 0.5690576 0.4548832 -0.3957377 0.7977927 0.2520272 -0.7747288 0.5798945 0.4616916 -0.3760553 0.8033825 0.5514739 0.06717175 0.8314834 -0.3216406 0.08600276 0.9429481 -0.3781393 0.5283268 0.7601851 -0.3172497 0.0651285 0.9461031 -0.1930924 -0.3690638 0.9091244 -0.3767968 0.5033317 0.7776126 -0.2400353 0.8489286 0.4708538 -0.3810064 0.4845899 0.7874051 -0.4260526 0.04886174 0.903378 0.5227038 -0.02758938 0.8520679 0.5178245 -0.4861452 0.7039324 0.5200132 -0.006286859 0.8541352 0.4090216 0.4302327 0.8047368 -0.03949159 -0.2030127 0.9783794 -0.406547 -0.4541876 0.7927378 -0.02237057 -0.1903178 0.9814677 0.3308855 0.09030526 0.9393401 0.2726878 -0.2445797 0.9304957 0.2725679 -0.2443374 0.9305945 0.3562557 -0.4466853 0.8207035 0.5929579 -0.4981346 0.6326633 0.6044373 -0.5119024 0.6104192 0.6500836 -0.5689948 0.5036233 -0.3909227 -0.5146789 0.7630761 -0.7756358 -0.3696439 0.5116175 -0.3710219 -0.5184907 0.7703962 0.07651185 -0.5408019 0.837663 0.6099604 0.1672462 0.774582 0.463283 -0.2873392 0.8383347 0.6132827 0.1872656 0.7673435 0.6160631 0.5770289 0.536194 -0.09674483 0.1494814 0.9840202 -0.09668326 0.1497553 0.9839846 -0.1524447 -0.08881163 0.9843136 -0.06055068 -0.808462 0.5854254 0.2206528 -0.7801281 0.5854166 0.02096664 -0.9412411 0.337084 0.02096682 -0.9412508 0.3370569 -0.05078363 -0.9985827 0.01593089 -0.05505704 -0.9984135 0.01181101 -0.08224874 -0.9965069 -0.01446598 0.8241177 0.4994513 0.2671676 -0.6491815 -0.7132726 0.2642078 -0.6491762 -0.7132668 0.2642362 0.3913417 -0.9161113 0.08713096 -0.9741193 0.007660329 0.2259048 0.9173831 -0.3971492 -0.02609407 0.9955586 -0.08938997 -0.02954232 0.9035555 -0.2617949 0.3391919 0.9290703 0.008606433 0.3698031 0.772992 -0.5230087 0.3590897 -0.1470703 -0.9659825 0.2127164 -0.1470404 -0.9659869 0.2127173 0.7544638 -0.060611 0.653537 -0.5895156 -0.7036892 0.3966016 0.8409897 0.09003192 0.5335078 -0.9636895 -0.1530818 0.2187886 0.8935889 0.3526136 0.2777816 -0.117468 -0.8461725 -0.5198013 0.389368 -0.6805547 0.6206755 -0.8934847 0.339833 0.2935962 -0.893494 0.339806 0.2935993 -0.7985058 0.2352729 0.5541076 -0.7985115 0.2352441 0.5541116 -0.9563266 -0.168803 0.2386314 0.9295415 -0.1940079 0.3135501 0.8798766 0.05923831 0.4714955 0.8339715 -0.1005307 0.5425728 0.8934467 0.2203479 0.3914075 0.9799183 0.0708661 0.1863822 -0.9867847 -0.1425563 -0.07703101 -0.9864597 -0.1477721 -0.07113933 -0.9826225 -0.1830228 -0.03091579 0.9416297 0.2374674 0.2386271 0.7418381 -0.5264924 0.4153097 0.7418262 -0.5265144 0.415303 -0.5670814 -0.1930963 0.8007076 0.6699005 -0.7342354 0.1101444 0.6671415 -0.7373653 0.1059003 0.649029 -0.7566716 0.07880151 -0.8076871 0.5113164 0.2935934 -0.6869353 -0.5963531 0.4153108 0.3119397 -0.7193444 0.6206749 0.8739224 0.4768958 -0.09396916 0.8752852 0.4734414 -0.0986374 0.8831374 0.451228 -0.1283032 -0.8978623 -0.1226854 0.4228376 -0.8998935 -0.1179572 0.4198547 -0.9120953 -0.08777308 0.4004723 -0.7150982 0.2480305 0.6535407 -0.7150927 0.2480591 0.6535358 0.3446821 -0.9298849 -0.1284852 0.6750617 -0.2168108 0.7051844 0.6750782 -0.2168063 0.7051699 0.6905817 0.3098279 0.6535317 0.9422829 -0.3286622 0.06390738 0.941274 -0.3323849 0.05935984 0.9340437 -0.3558552 0.03048878 -0.9400037 -0.1180498 0.3200896 -0.846026 -0.2247442 0.4834565 -0.9972609 0.04513716 0.05859595 -0.9800515 0.1548526 -0.1245779 -0.6761615 -0.6635875 0.3200895 -0.5367419 -0.691505 0.4834553 -0.8206146 -0.56847 0.05859571 -0.8734238 -0.4707559 -0.1245786 0.7516022 0.5415979 0.3765183 -0.948215 0.06161713 0.3115956 -0.9493625 0.06555533 0.3072679 -0.9558699 0.09052073 0.2794973 -0.822397 -0.5287732 -0.20991 0.8661695 -0.1737771 0.4685635 -0.9432117 -0.3229186 0.07794481 -0.9446583 -0.3198098 0.07309323 -0.9531049 -0.2996955 0.04211604 0.1371827 -0.8404009 0.5243159 -0.8784546 -0.1039167 0.4663891 -0.7579231 -0.1913883 0.623637 -0.9790053 0.03042793 0.2015509 -0.9926047 0.1211305 0.007965445 0.8434216 0.02209568 0.5367978 -0.6983639 -0.7047423 -0.1250054 -0.7012998 -0.7011472 -0.1287298 -0.7194007 -0.6776809 -0.1523523 -0.8690972 -0.3718468 -0.3261899 -0.6862639 -0.6283683 -0.3663269 -0.8329846 -0.5530341 0.01702958 -0.6520519 -0.7576498 0.02820008 -0.9512845 -0.295182 0.0890246 0.9327254 -0.01941013 0.3600646 0.9574769 0.1178344 0.2633497 0.822031 0.4838187 0.3003076 0.8467184 0.5105214 0.1497871 0.552224 0.7574997 0.3481996 0.4231536 0.7737317 0.4714661 -0.9651113 -0.1644989 0.2037162 -0.9651162 -0.1644693 0.2037172 0.6229955 -0.5804818 0.5243258 -0.9106432 -0.2133623 0.353844 -0.3493817 -0.9114504 0.2172343 -0.3494085 -0.9114406 0.217232 -0.5626455 -0.826664 -0.007538139 -0.9127268 -0.08066123 0.4005292 -0.9127246 -0.08069157 0.4005282 0.4210705 -0.8122934 0.4035831 0.5486855 -0.7400448 -0.3889447 0.54449 -0.7409715 -0.3930546 0.5173333 -0.7462283 -0.4189389 -0.1151794 -0.5654599 0.8166939 0.8275977 0.0393396 0.5599415 0.8301144 0.03518825 0.5564818 0.8454781 0.008881092 0.5339363 0.4416722 -0.7952663 0.4153037 -0.9507419 -0.2953977 -0.09396934 -0.9513923 -0.2917595 -0.09863668 -0.9547137 -0.2684417 -0.1283002 0.9342355 -0.3416975 0.1022101 0.9336977 -0.3446508 0.09708082 0.9294586 -0.3632686 0.06436473 0.2428712 -0.8766618 0.4153043 0.9055128 0.03531098 0.4228473 0.9070839 0.03042733 0.419849 0.9163084 -7.6298e-4 0.4004729 -0.8822667 0.2216577 0.4152992 0.4170436 0.3822518 0.8245958 -0.8884378 -0.0137335 0.4587917 -0.8884374 -0.01376402 0.4587915 0.3390403 -0.9056335 -0.2547152 -0.07309401 -0.9928882 -0.09396928 -0.07669353 -0.9921638 -0.0986365 -0.09964519 -0.9867165 -0.1283027 -0.2414661 -0.7173483 0.6535332 -0.2614014 -0.9231911 -0.281758 -0.09268546 -0.9948503 -0.04101717 -0.2693307 -0.9628461 -0.0197153 0.08731508 -0.9947693 -0.05301159 0.03399807 -0.9495354 -0.3118119 -0.8479375 -0.4127988 0.3325646 0.5264313 0.47995 0.7017964 0.52642 0.4799397 0.7018119 -0.1993483 -0.9768433 0.07770067 -0.09894257 -0.9362617 0.3370823 -0.09894359 -0.9362714 0.3370553 0.9674688 0.2288048 -0.1079475 0.8074451 -0.4841558 0.337084 0.8074534 -0.4841607 0.3370569 0.1552821 -0.779646 0.6066626 -0.3030287 -0.446379 0.8419736 -0.3030245 -0.4464035 0.8419621 0.3973345 -0.4906329 0.7755028 0.9291599 -0.3647361 0.06024503 0.9291583 -0.3647354 0.06027549 0.9766768 -0.1843667 -0.1100524 0.8477199 -0.4810369 0.22355 0.8434215 -0.3572853 0.4012326 0.7836599 -0.6191334 -0.05050849 0.6951155 -0.6790011 -0.236161 0.9710219 0.08450698 0.2235514 0.897302 0.1840016 0.401239 0.9965718 -0.06552457 -0.05050915 0.9575958 -0.1650469 -0.2361563 0.8002475 -0.1270214 0.5860628 0.6803954 -0.02176016 0.7325222 0.9063057 -0.2678998 0.3268634 0.9278404 -0.3495958 0.1299806 0.03079408 -0.7943604 0.6066657 -0.1271744 -0.7649697 0.6313861 0.726784 -0.3220995 0.6066605 -0.9813001 0.1316884 0.1403862 -0.5632091 -0.754445 0.3370587 -0.5632032 -0.7544372 0.3370857 -0.1938863 -0.9709272 0.1403868 -0.6266845 -0.7677755 0.1333696 -0.9924772 0.1221979 -0.007538139 0.4837331 -0.8076971 0.3370872 0.4837381 -0.8077053 0.3370602 0.5965505 -0.7026643 -0.3878021 0.05331736 -0.7425979 0.6676118 -0.1498173 0.707001 0.6911617 -0.5967146 -0.4656339 0.6535417 -0.01846408 -0.9960257 0.08713239 -0.1365733 -0.7318803 0.6676069 -0.1365763 -0.7318662 0.6676219 -0.1046486 -0.9356423 0.337079 -0.1046497 -0.9356518 0.3370519 0.1273569 -0.9914187 0.02948158 0.8496576 0.4482371 0.2777867 0 -0.8107348 0.5854137 0 -0.8107243 0.5854282 0.6948746 0.6852914 0.2180028 0.9969019 0.05056989 0.06024444 0.9969 0.05056977 0.06027483 -0.3267927 -0.8971235 -0.2972812 -0.4591571 -0.8649976 -0.2023709 -0.445975 -0.8637199 -0.2347221 -0.5720551 -0.8062912 -0.1504909 -0.2212348 -0.882742 -0.414514 0.3447748 -0.8903656 -0.297287 0.2240077 -0.9533451 -0.2023699 0.2330732 -0.9437069 -0.2347212 0.1003767 -0.9835028 -0.1504887 0.4147542 -0.8100373 -0.41451 0.6670899 -0.6812813 -0.3014082 0.5548052 -0.7930061 -0.2516598 0.5672641 -0.7748877 -0.2788558 0.4389895 -0.8659543 -0.2396069 0.7319429 -0.5627747 -0.3841151 -0.09338688 -0.9814779 -0.1672724 -0.2499794 -0.961281 -0.1159714 -0.2287695 -0.9628095 -0.1437439 -0.3802975 -0.9187141 -0.1064808 0.03680574 -0.9659536 -0.256084 0.3448651 -0.9378805 -0.0380572 0.1938551 -0.9809033 0.01577818 0.2142441 -0.9767027 -0.01229918 0.05777233 -0.9980305 0.02444565 0.4575447 -0.8792293 -0.1326977 -0.003845393 -0.9992682 -0.03805774 -0.1603783 -0.9869295 0.01577842 -0.1398082 -0.9901023 -0.01229918 -0.2938993 -0.9555237 0.02444583 0.1221678 -0.9835989 -0.1326969 0.07620602 -0.9934864 -0.08472084 -0.08313345 -0.9958009 -0.03833168 -0.06106829 -0.9959846 -0.06546306 -0.2189428 -0.9751107 -0.03497469 0.2049335 -0.9635385 -0.1720343 0.04068183 -0.9934854 -0.1064503 -0.09137338 -0.9957993 -0.00589013 -0.08050894 -0.9959857 -0.03912526 -0.2168977 -0.975109 0.04602247 0.1293995 -0.9635382 -0.2342009 -0.2146119 -0.970881 -0.1064514 -0.3428763 -0.9393621 -0.005890071 -0.3324456 -0.9423106 -0.03912556 -0.4589419 -0.8872735 0.04602235 -0.1211597 -0.9646088 -0.2342015 0.4524127 -0.8393318 -0.301405 0.3135842 -0.9156047 -0.2516608 0.3305873 -0.9016379 -0.2788568 0.1821088 -0.9536377 -0.2396073 0.5475399 -0.7434104 -0.3841111 0.145728 -0.9882651 0.04577839 -0.01034593 -0.9947406 0.1019033 0.01019316 -0.9972259 0.07373291 -0.1469512 -0.9829098 0.1108772 0.2670732 -0.9622389 -0.05261504 0.1063892 -0.9821924 -0.1548533 -0.04818946 -0.9942482 -0.09564656 -0.02853548 -0.9918146 -0.1244575 -0.1839107 -0.9797077 -0.07968646 0.2259328 -0.9413921 -0.2504702 -0.07089704 -0.9253849 0.3723391 -0.2071646 -0.8692796 0.448816 -0.1947723 -0.8860281 0.4207351 -0.3318079 -0.8165185 0.4724417 0.02694857 -0.9666087 0.2548365 0.4891863 -0.7886981 0.3723602 0.3460934 -0.8238795 0.4488228 0.3659829 -0.8300842 0.4207338 0.2143366 -0.8549049 0.4724378 0.5925334 -0.7641744 0.2548367 0.05804711 -0.9262827 0.372332 -0.08463001 -0.8896073 0.448817 -0.07004201 -0.9044731 0.4207405 -0.2154059 -0.8546347 0.4724403 0.1606833 -0.9535408 0.254835 0.4682874 -0.6788397 0.5655828 0.3188627 -0.7056304 0.6327815 0.341819 -0.7161108 0.6085599 0.1862249 -0.7378501 0.6487661 0.5828903 -0.6722512 0.4564179 0.2891655 -0.9099482 -0.2972835 0.1647129 -0.9653572 -0.2023737 0.1743872 -0.9562917 -0.2347239 0.03946161 -0.9878235 -0.1504914 0.3639453 -0.8340985 -0.4145161 0.454765 -0.8903946 -0.01965427 0.3360494 -0.9378927 0.08618688 0.345933 -0.9367812 0.05264526 0.2135109 -0.9666588 0.141364 0.5225152 -0.8387527 -0.1532052 -0.07761049 -0.99679 -0.01965439 -0.2036255 -0.9752479 0.08618682 -0.1946526 -0.9794584 0.05264592 -0.3231327 -0.935736 0.1413629 0.007110834 -0.988169 -0.1532045 0.2186713 -0.9714012 -0.09253472 0.09064102 -0.9958306 0.01028484 0.100864 -0.9946321 -0.02310258 -0.0357685 -0.9973068 0.06402927 0.2986915 -0.9281196 -0.2222103 -0.4008778 -0.8768649 -0.2653393 -0.5226441 -0.8374817 -0.1595857 -0.5122323 -0.8368942 -0.1929416 -0.6272101 -0.772606 -0.09842598 -0.3050982 -0.8682649 -0.3911922 -0.1378561 -0.9542499 -0.2653356 -0.2657907 -0.9507305 -0.1595842 -0.2559387 -0.947242 -0.1929459 -0.3843834 -0.917912 -0.09842288 -0.0483734 -0.919034 -0.3911991 0.3215522 -0.9455209 0.05093681 0.1967576 -0.967613 0.1581507 0.2068281 -0.970386 0.1247926 0.07110899 -0.9743763 0.213388 0.3966513 -0.9140346 -0.08490294 4.57784e-4 -0.9987019 0.0509361 -0.124821 -0.9794943 0.1581473 -0.1161546 -0.9853605 0.1247913 -0.2459579 -0.9454988 0.2133934 0.08166956 -0.9930365 -0.08490461 0.04922717 -0.998735 -0.01025438 -0.0377826 -0.9906799 0.1308658 -0.03955245 -0.9945793 0.09616494 -0.1372447 -0.965291 0.2222101 0.08472204 -0.9828491 -0.163798 0.1403254 0.03845363 0.9893585 0.5132126 -0.4059677 0.7561767 -0.01611405 0.4441133 0.8958258 -0.01788413 -0.9987045 0.04764014 -0.9871032 -0.098576 -0.1261346 0.6902798 -0.7093542 0.142585 0.8625401 0.502655 -0.05798691 -0.8811923 -0.158824 0.4452809 0.3446552 -0.9298946 -0.1284865 0.9489368 -0.2996691 0.09857732 -0.9383063 0.03140401 0.3443763 -0.9309749 -0.346449 0.1151473 -0.6750266 -0.7314873 -0.09625792 0.5802636 -0.7320667 -0.3568928 -0.1151775 -0.5654806 0.8166798 0.8072897 0.07095676 0.5858741 -0.9446578 -0.3228921 -0.05798625 0.937309 -0.3184995 0.141457 0.8924207 0.07288056 0.4452795 0.4170485 0.3822258 0.8246055 -0.04525923 -0.997291 -0.05798554 0.9291497 -0.3647626 0.06024438</float_array>
          <technique_common>
            <accessor source="#tree_oak_bush_a200_001-mesh-normals-array" count="408" stride="3">
              <param name="X" type="float"/>
              <param name="Y" type="float"/>
              <param name="Z" type="float"/>
            </accessor>
          </technique_common>
        </source>
        <source id="tree_oak_bush_a200_001-mesh-map-0">
          <float_array id="tree_oak_bush_a200_001-mesh-map-0-array" count="2136">0.6158966 1.00017e-4 0.8098884 0.306901 0.6312505 0.541181 0.9999001 1.0004e-4 0.8098884 0.306901 0.8098658 1.00028e-4 0.8098884 0.306901 0.9999 0.5328075 0.6312505 0.541181 0.6158966 1.00017e-4 0.8098884 0.306901 0.6312505 0.541181 0.9999001 1.0004e-4 0.8098884 0.306901 0.8098658 1.00028e-4 0.8098884 0.306901 0.9999 0.5328075 0.6312505 0.541181 0.6158966 1.00017e-4 0.8098884 0.306901 0.6312505 0.541181 0.9999001 1.0004e-4 0.8098884 0.306901 0.8098658 1.00028e-4 0.8098884 0.306901 0.9999 0.5328075 0.6312505 0.541181 0.7729516 0.9999001 0.7931458 0.7933793 0.9999001 0.7888922 0.9999001 0.9999001 0.7729516 0.9999001 0.9999001 0.7888922 0.7729516 0.9999001 0.7931458 0.7933793 0.9999001 0.7888922 0.9999001 0.9999001 0.7729516 0.9999001 0.9999001 0.7888922 0.7729516 0.9999001 0.7931458 0.7933793 0.9999001 0.7888922 0.9999001 0.9999001 0.7729516 0.9999001 0.9999001 0.7888922 0.7729516 0.9999001 0.7931458 0.7933793 0.9999001 0.7888922 0.9999001 0.9999001 0.7729516 0.9999001 0.9999001 0.7888922 0.7729516 0.9999001 0.7931458 0.7933793 0.9999001 0.7888922 0.9999001 0.9999001 0.7729516 0.9999001 0.9999001 0.7888922 0.7729516 0.9999001 0.7931458 0.7933793 0.9999001 0.7888922 0.9999001 0.9999001 0.7729516 0.9999001 0.9999001 0.7888922 0.7729516 0.9999001 0.7931458 0.7933793 0.9999001 0.7888922 0.9999001 0.9999001 0.7729516 0.9999001 0.9999001 0.7888922 0.7931458 0.7933793 0.9999001 0.9999001 0.7729516 0.9999001 0.7931458 0.7933793 0.9999001 0.9999001 0.7729516 0.9999001 0.7729516 0.9999001 0.7931458 0.7933793 0.9999001 0.7888922 0.9999001 0.9999001 0.7729516 0.9999001 0.9999001 0.7888922 0.7729516 0.9999001 0.7931458 0.7933793 0.9999001 0.7888922 0.9999001 0.9999001 0.7729516 0.9999001 0.9999001 0.7888922 0.7931458 0.7933793 0.9999001 0.9999001 0.7729516 0.9999001 1.00083e-4 0.1385725 0.5889905 0.386698 1.00053e-4 0.3905744 1.00083e-4 0.1385725 0.5889905 0.386698 1.00053e-4 0.3905744 1.00083e-4 0.1385725 0.5889905 0.386698 1.00053e-4 0.3905744 0.9998999 0.5410971 0.7383894 0.7914881 0.6584262 0.5540207 1.00099e-4 9.998e-5 0.342575 0.1385725 1.00083e-4 0.1385725 0.9998999 0.5410971 0.7383894 0.7914881 0.6584262 0.5540207 0.9999001 1.0004e-4 0.6312505 0.541181 0.6158966 1.00017e-4 0.9998999 0.5410971 0.7383894 0.7914881 0.6584262 0.5540207 0.6584262 0.5540207 0.9998999 0.5410971 0.8615881 0.7292486 0.9999001 0.7769489 0.7383894 0.7914881 0.8615881 0.7292486 0.7383894 0.7914881 0.6584262 0.5540207 0.8615881 0.7292486 0.9998999 0.5410971 0.9999001 0.7769489 0.8615881 0.7292486 1.00083e-4 0.1385725 0.5889905 0.386698 1.00053e-4 0.3905744 1.00099e-4 9.998e-5 0.342575 0.1385725 1.00083e-4 0.1385725 0.9998999 0.5410971 0.7383894 0.7914881 0.6584262 0.5540207 1.00083e-4 0.1385725 0.5889905 0.386698 1.00053e-4 0.3905744 1.00083e-4 0.1385725 0.5889905 0.386698 1.00053e-4 0.3905744 1.00083e-4 0.1385725 0.5889905 0.386698 1.00053e-4 0.3905744 1.00083e-4 0.1385725 0.5889905 0.386698 1.00053e-4 0.3905744 1.00099e-4 9.998e-5 0.342575 0.1385725 1.00083e-4 0.1385725 1.00083e-4 0.1385725 0.5889905 0.386698 1.00053e-4 0.3905744 0.9998999 0.5410971 0.7383894 0.7914881 0.6584262 0.5540207 0.9998999 0.5410971 0.7383894 0.7914881 0.6584262 0.5540207 1.00083e-4 0.1385725 0.2966637 0.3032056 1.00053e-4 0.3905744 0.5889905 0.386698 1.00053e-4 0.3905744 0.2966637 0.3032056 1.00083e-4 0.1385725 0.5889906 0.1385726 0.2966637 0.3032056 0.5889906 0.1385726 0.5889905 0.386698 0.2966637 0.3032056 0.9998999 0.5410971 0.7383894 0.7914881 0.6584262 0.5540207 0.9998999 0.5410971 0.7383894 0.7914881 0.6584262 0.5540207 1.00099e-4 9.998e-5 0.342575 0.1385725 1.00083e-4 0.1385725 1.00099e-4 9.998e-5 0.342575 0.1385725 1.00083e-4 0.1385725 0.9998999 0.5410971 0.7383894 0.7914881 0.6584262 0.5540207 1.00083e-4 0.1385725 0.5889905 0.386698 1.00053e-4 0.3905744 1.00099e-4 9.998e-5 0.342575 0.1385725 1.00083e-4 0.1385725 1.00099e-4 9.998e-5 0.342575 0.1385725 1.00083e-4 0.1385725 0.9998999 0.5410971 0.7383894 0.7914881 0.6584262 0.5540207 0.9998999 0.5410971 0.7383894 0.7914881 0.6584262 0.5540207 1.00099e-4 9.998e-5 0.342575 0.1385725 1.00083e-4 0.1385725 0.9998999 0.5410971 0.7383894 0.7914881 0.6584262 0.5540207 1.00099e-4 9.998e-5 0.342575 0.1385725 1.00083e-4 0.1385725 1.00099e-4 9.998e-5 0.342575 0.1385725 1.00083e-4 0.1385725 0.9998999 0.5410971 0.7383894 0.7914881 0.6584262 0.5540207 0.5928673 1.00015e-4 0.5895118 0.1199561 0.3428852 0.120837 0.3449976 1.00001e-4 0.5928673 1.00015e-4 0.3428852 0.120837 0.5928673 1.00015e-4 0.5895118 0.1199561 0.3428852 0.120837 0.3449976 1.00001e-4 0.5928673 1.00015e-4 0.3428852 0.120837 1.00083e-4 0.1385725 0.5889905 0.386698 1.00053e-4 0.3905744 0.9998999 0.5410971 0.7383894 0.7914881 0.6584262 0.5540207 0.9998999 0.5410971 0.7383894 0.7914881 0.6584262 0.5540207 1.00099e-4 9.998e-5 0.342575 0.1385725 1.00083e-4 0.1385725 0.9998999 0.5410971 0.7383894 0.7914881 0.6584262 0.5540207 1.00099e-4 9.998e-5 0.342575 0.1385725 1.00083e-4 0.1385725 0.5928673 1.00015e-4 0.5895118 0.1199561 0.3428852 0.120837 0.3449976 1.00001e-4 0.5928673 1.00015e-4 0.3428852 0.120837 1.00099e-4 9.998e-5 0.342575 0.1385725 1.00083e-4 0.1385725 0.9998999 0.5410971 0.7383894 0.7914881 0.6584262 0.5540207 0.6584262 0.5540207 0.9998999 0.5410971 0.8615881 0.7292486 0.9999001 0.7769489 0.7383894 0.7914881 0.8615881 0.7292486 0.7383894 0.7914881 0.6584262 0.5540207 0.8615881 0.7292486 0.9998999 0.5410971 0.9999001 0.7769489 0.8615881 0.7292486 1.00083e-4 0.1385725 1.00099e-4 9.998e-5 0.1727766 0.1385725 1.00099e-4 9.998e-5 0.1707409 9.99902e-5 0.1727766 0.1385725 0.3449976 1.00001e-4 0.342575 0.1385725 0.1727766 0.1385725 0.1707409 9.99902e-5 0.3449976 1.00001e-4 0.1727766 0.1385725 1.00083e-4 0.1385725 0.5889905 0.386698 1.00053e-4 0.3905744 1.00099e-4 9.998e-5 0.342575 0.1385725 1.00083e-4 0.1385725 0.9998999 0.5410971 0.7383894 0.7914881 0.6584262 0.5540207 1.00099e-4 9.998e-5 0.342575 0.1385725 1.00083e-4 0.1385725 0.9998999 0.5410971 0.7383894 0.7914881 0.6584262 0.5540207 1.00083e-4 0.1385725 0.5889905 0.386698 1.00053e-4 0.3905744 1.00099e-4 9.998e-5 0.342575 0.1385725 1.00083e-4 0.1385725 0.9998999 0.5410971 0.7383894 0.7914881 0.6584262 0.5540207 0.9998999 0.5410971 0.7383894 0.7914881 0.6584262 0.5540207 0.9998999 0.5410971 0.7383894 0.7914881 0.6584262 0.5540207 1.00099e-4 9.998e-5 0.342575 0.1385725 1.00083e-4 0.1385725 0.9998999 0.5410971 0.7383894 0.7914881 0.6584262 0.5540207 0.9998999 0.5410971 0.7383894 0.7914881 0.6584262 0.5540207 1.00099e-4 9.998e-5 0.342575 0.1385725 1.00083e-4 0.1385725 0.9998999 0.5410971 0.7383894 0.7914881 0.6584262 0.5540207 1.00099e-4 9.998e-5 0.342575 0.1385725 1.00083e-4 0.1385725 0.9998999 0.5410971 0.7383894 0.7914881 0.6584262 0.5540207 1.00099e-4 9.998e-5 0.342575 0.1385725 1.00083e-4 0.1385725 1.00083e-4 0.1385725 0.5889905 0.386698 1.00053e-4 0.3905744 0.9998999 0.5410971 0.7383894 0.7914881 0.6584262 0.5540207 1.00099e-4 9.998e-5 0.342575 0.1385725 1.00083e-4 0.1385725 1.00083e-4 0.1385725 0.2966637 0.3032056 1.00053e-4 0.3905744 0.5889905 0.386698 1.00053e-4 0.3905744 0.2966637 0.3032056 1.00083e-4 0.1385725 0.5889906 0.1385726 0.2966637 0.3032056 0.5889906 0.1385726 0.5889905 0.386698 0.2966637 0.3032056 1.00083e-4 0.1385725 0.5889905 0.386698 1.00053e-4 0.3905744 1.00099e-4 9.998e-5 0.342575 0.1385725 1.00083e-4 0.1385725 1.00083e-4 0.1385725 0.5889905 0.386698 1.00053e-4 0.3905744 1.00083e-4 0.1385725 0.5889905 0.386698 1.00053e-4 0.3905744 0.9998999 0.5410971 0.7383894 0.7914881 0.6584262 0.5540207 1.00083e-4 0.1385725 0.5889905 0.386698 1.00053e-4 0.3905744 0.9998999 0.5410971 0.7383894 0.7914881 0.6584262 0.5540207 1.00099e-4 9.998e-5 0.342575 0.1385725 1.00083e-4 0.1385725 0.9998999 0.5410971 0.7383894 0.7914881 0.6584262 0.5540207 0.9998999 0.5410971 0.7383894 0.7914881 0.6584262 0.5540207 0.9998999 0.5410971 0.7383894 0.7914881 0.6584262 0.5540207 0.5928673 1.00015e-4 0.5895118 0.1199561 0.3428852 0.120837 0.3449976 1.00001e-4 0.5928673 1.00015e-4 0.3428852 0.120837 0.5928673 1.00015e-4 0.5895118 0.1199561 0.3428852 0.120837 0.3449976 1.00001e-4 0.5928673 1.00015e-4 0.3428852 0.120837 0.5928673 1.00015e-4 0.5895118 0.1199561 0.3428852 0.120837 0.3449976 1.00001e-4 0.5928673 1.00015e-4 0.3428852 0.120837 0.5928673 1.00015e-4 0.5895118 0.1199561 0.3428852 0.120837 0.3449976 1.00001e-4 0.5928673 1.00015e-4 0.3428852 0.120837 0.9998999 0.5410971 0.7383894 0.7914881 0.6584262 0.5540207 1.00083e-4 0.1385725 0.5889905 0.386698 1.00053e-4 0.3905744 1.00083e-4 0.1385725 0.5889905 0.386698 1.00053e-4 0.3905744 0.9998999 0.5410971 0.7383894 0.7914881 0.6584262 0.5540207 1.00099e-4 9.998e-5 0.342575 0.1385725 1.00083e-4 0.1385725 1.00083e-4 0.1385725 0.5889905 0.386698 1.00053e-4 0.3905744 1.00099e-4 9.998e-5 0.342575 0.1385725 1.00083e-4 0.1385725 1.00083e-4 0.1385725 0.5889905 0.386698 1.00053e-4 0.3905744 0.9998999 0.5410971 0.7383894 0.7914881 0.6584262 0.5540207 1.00083e-4 0.1385725 0.5889905 0.386698 1.00053e-4 0.3905744 0.9998999 0.5410971 0.7383894 0.7914881 0.6584262 0.5540207 1.00099e-4 9.998e-5 0.342575 0.1385725 1.00083e-4 0.1385725 0.9998999 0.5410971 0.7383894 0.7914881 0.6584262 0.5540207 1.00099e-4 9.998e-5 0.342575 0.1385725 1.00083e-4 0.1385725 0.9998999 0.5410971 0.7383894 0.7914881 0.6584262 0.5540207 1.00099e-4 9.998e-5 0.342575 0.1385725 1.00083e-4 0.1385725 0.9999001 1.0004e-4 0.6312505 0.541181 0.6158966 1.00017e-4 1.00099e-4 9.998e-5 0.342575 0.1385725 1.00083e-4 0.1385725 0.9998999 0.5410971 0.7383894 0.7914881 0.6584262 0.5540207 1.00099e-4 9.998e-5 0.342575 0.1385725 1.00083e-4 0.1385725 1.00083e-4 0.1385725 0.5889905 0.386698 1.00053e-4 0.3905744 1.00083e-4 0.1385725 0.5889905 0.386698 1.00053e-4 0.3905744 0.9998999 0.5410971 0.7383894 0.7914881 0.6584262 0.5540207 1.00083e-4 0.1385725 0.5889905 0.386698 1.00053e-4 0.3905744 1.00083e-4 0.1385725 0.5889905 0.386698 1.00053e-4 0.3905744 1.00083e-4 0.1385725 0.5889905 0.386698 1.00053e-4 0.3905744 0.9998999 0.5410971 0.7383894 0.7914881 0.6584262 0.5540207 0.6747452 0.5627678 0.6177946 0.9999001 1.00041e-4 0.4890655 0.6177946 0.9999001 9.998e-5 0.9999001 1.00041e-4 0.4890655 0.5022166 0.3600878 0.6747452 0.5627678 1.00041e-4 0.4890655 0.6747452 0.5627678 0.6177946 0.9999001 1.00041e-4 0.4890655 0.6177946 0.9999001 9.998e-5 0.9999001 1.00041e-4 0.4890655 0.5022166 0.3600878 0.6747452 0.5627678 1.00041e-4 0.4890655 0.6747452 0.5627678 0.6177946 0.9999001 1.00041e-4 0.4890655 0.6177946 0.9999001 9.998e-5 0.9999001 1.00041e-4 0.4890655 0.5022166 0.3600878 0.6747452 0.5627678 1.00041e-4 0.4890655 0.6747452 0.5627678 0.6177946 0.9999001 1.00041e-4 0.4890655 0.6177946 0.9999001 9.998e-5 0.9999001 1.00041e-4 0.4890655 0.5022166 0.3600878 0.6747452 0.5627678 1.00041e-4 0.4890655 0.6747452 0.5627678 0.6177946 0.9999001 1.00041e-4 0.4890655 0.6177946 0.9999001 9.998e-5 0.9999001 1.00041e-4 0.4890655 0.5022166 0.3600878 0.6747452 0.5627678 1.00041e-4 0.4890655 0.6747452 0.5627678 0.6177946 0.9999001 1.00041e-4 0.4890655 0.6177946 0.9999001 9.998e-5 0.9999001 1.00041e-4 0.4890655 0.5022166 0.3600878 0.6747452 0.5627678 1.00041e-4 0.4890655 0.6747452 0.5627678 0.6177946 0.9999001 1.00041e-4 0.4890655 0.6177946 0.9999001 9.998e-5 0.9999001 1.00041e-4 0.4890655 0.5022166 0.3600878 0.6747452 0.5627678 1.00041e-4 0.4890655 0.6747452 0.5627678 0.6177946 0.9999001 1.00041e-4 0.4890655 0.6177946 0.9999001 9.998e-5 0.9999001 1.00041e-4 0.4890655 0.5022166 0.3600878 0.6747452 0.5627678 1.00041e-4 0.4890655 0.6747452 0.5627678 0.6177946 0.9999001 1.00041e-4 0.4890655 0.6177946 0.9999001 9.998e-5 0.9999001 1.00041e-4 0.4890655 0.5022166 0.3600878 0.6747452 0.5627678 1.00041e-4 0.4890655 0.6747452 0.5627678 0.6177946 0.9999001 1.00041e-4 0.4890655 0.6177946 0.9999001 9.998e-5 0.9999001 1.00041e-4 0.4890655 0.5022166 0.3600878 0.6747452 0.5627678 1.00041e-4 0.4890655 0.6747452 0.5627678 0.6177946 0.9999001 1.00041e-4 0.4890655 0.6177946 0.9999001 9.998e-5 0.9999001 1.00041e-4 0.4890655 0.5022166 0.3600878 0.6747452 0.5627678 1.00041e-4 0.4890655 0.6747452 0.5627678 0.6177946 0.9999001 1.00041e-4 0.4890655 0.6177946 0.9999001 9.998e-5 0.9999001 1.00041e-4 0.4890655 0.5022166 0.3600878 0.6747452 0.5627678 1.00041e-4 0.4890655 0.6747452 0.5627678 0.6177946 0.9999001 1.00041e-4 0.4890655 0.6177946 0.9999001 9.998e-5 0.9999001 1.00041e-4 0.4890655 0.5022166 0.3600878 0.6747452 0.5627678 1.00041e-4 0.4890655 0.6747452 0.5627678 0.6177946 0.9999001 1.00041e-4 0.4890655 0.6177946 0.9999001 9.998e-5 0.9999001 1.00041e-4 0.4890655 0.5022166 0.3600878 0.6747452 0.5627678 1.00041e-4 0.4890655 0.6747452 0.5627678 0.6177946 0.9999001 1.00041e-4 0.4890655 0.6177946 0.9999001 9.998e-5 0.9999001 1.00041e-4 0.4890655 0.5022166 0.3600878 0.6747452 0.5627678 1.00041e-4 0.4890655 0.6747452 0.5627678 0.6177946 0.9999001 1.00041e-4 0.4890655 0.6177946 0.9999001 9.998e-5 0.9999001 1.00041e-4 0.4890655 0.5022166 0.3600878 0.6747452 0.5627678 1.00041e-4 0.4890655 0.6747452 0.5627678 0.6177946 0.9999001 1.00041e-4 0.4890655 0.6177946 0.9999001 9.998e-5 0.9999001 1.00041e-4 0.4890655 0.5022166 0.3600878 0.6747452 0.5627678 1.00041e-4 0.4890655 0.6747452 0.5627678 0.6177946 0.9999001 1.00041e-4 0.4890655 0.6177946 0.9999001 9.998e-5 0.9999001 1.00041e-4 0.4890655 0.5022166 0.3600878 0.6747452 0.5627678 1.00041e-4 0.4890655 0.6747452 0.5627678 0.6177946 0.9999001 1.00041e-4 0.4890655 0.6177946 0.9999001 9.998e-5 0.9999001 1.00041e-4 0.4890655 0.5022166 0.3600878 0.6747452 0.5627678 1.00041e-4 0.4890655 0.6747452 0.5627678 0.6177946 0.9999001 1.00041e-4 0.4890655 0.6177946 0.9999001 9.998e-5 0.9999001 1.00041e-4 0.4890655 0.5022166 0.3600878 0.6747452 0.5627678 1.00041e-4 0.4890655 0.6747452 0.5627678 0.6177946 0.9999001 1.00041e-4 0.4890655 0.6177946 0.9999001 9.998e-5 0.9999001 1.00041e-4 0.4890655 0.5022166 0.3600878 0.6747452 0.5627678 1.00041e-4 0.4890655 0.6747452 0.5627678 0.6177946 0.9999001 1.00041e-4 0.4890655 0.6177946 0.9999001 9.998e-5 0.9999001 1.00041e-4 0.4890655 0.5022166 0.3600878 0.6747452 0.5627678 1.00041e-4 0.4890655 0.6747452 0.5627678 0.6177946 0.9999001 1.00041e-4 0.4890655 0.6177946 0.9999001 9.998e-5 0.9999001 1.00041e-4 0.4890655 0.5022166 0.3600878 0.6747452 0.5627678 1.00041e-4 0.4890655 0.6747452 0.5627678 0.6177946 0.9999001 1.00041e-4 0.4890655 0.6177946 0.9999001 9.998e-5 0.9999001 1.00041e-4 0.4890655 0.5022166 0.3600878 0.6747452 0.5627678 1.00041e-4 0.4890655 0.6747452 0.5627678 0.6177946 0.9999001 1.00041e-4 0.4890655 0.6177946 0.9999001 9.998e-5 0.9999001 1.00041e-4 0.4890655 0.5022166 0.3600878 0.6747452 0.5627678 1.00041e-4 0.4890655 0.6747452 0.5627678 0.6177946 0.9999001 1.00041e-4 0.4890655 0.6177946 0.9999001 9.998e-5 0.9999001 1.00041e-4 0.4890655 0.5022166 0.3600878 0.6747452 0.5627678 1.00041e-4 0.4890655 0.6747452 0.5627678 0.6177946 0.9999001 1.00041e-4 0.4890655 0.6177946 0.9999001 9.998e-5 0.9999001 1.00041e-4 0.4890655 0.5022166 0.3600878 0.6747452 0.5627678 1.00041e-4 0.4890655 0.6158966 1.00017e-4 0.8098658 1.00028e-4 0.8098884 0.306901 0.9999001 1.0004e-4 0.9999 0.5328075 0.8098884 0.306901 0.6158966 1.00017e-4 0.8098658 1.00028e-4 0.8098884 0.306901 0.9999001 1.0004e-4 0.9999 0.5328075 0.8098884 0.306901 0.6158966 1.00017e-4 0.8098658 1.00028e-4 0.8098884 0.306901 0.9999001 1.0004e-4 0.9999 0.5328075 0.8098884 0.306901 0.7931458 0.7933793 0.9999001 0.7888922 0.9999001 0.9999001 0.7931458 0.7933793 0.9999001 0.7888922 0.9999001 0.9999001 0.7931458 0.7933793 0.9999001 0.7888922 0.9999001 0.9999001 1.00083e-4 0.1385725 0.5889906 0.1385726 0.5889905 0.386698 1.00083e-4 0.1385725 0.5889906 0.1385726 0.5889905 0.386698 1.00083e-4 0.1385725 0.5889906 0.1385726 0.5889905 0.386698 0.9998999 0.5410971 0.9999001 0.7769489 0.7383894 0.7914881 1.00099e-4 9.998e-5 0.3449976 1.00001e-4 0.342575 0.1385725 0.9998999 0.5410971 0.9999001 0.7769489 0.7383894 0.7914881 0.9999001 1.0004e-4 0.9999 0.5328075 0.6312505 0.541181 0.9998999 0.5410971 0.9999001 0.7769489 0.7383894 0.7914881 1.00083e-4 0.1385725 0.5889906 0.1385726 0.5889905 0.386698 1.00099e-4 9.998e-5 0.3449976 1.00001e-4 0.342575 0.1385725 0.9998999 0.5410971 0.9999001 0.7769489 0.7383894 0.7914881 1.00083e-4 0.1385725 0.5889906 0.1385726 0.5889905 0.386698 1.00083e-4 0.1385725 0.5889906 0.1385726 0.5889905 0.386698 1.00083e-4 0.1385725 0.5889906 0.1385726 0.5889905 0.386698 1.00083e-4 0.1385725 0.5889906 0.1385726 0.5889905 0.386698 1.00099e-4 9.998e-5 0.3449976 1.00001e-4 0.342575 0.1385725 1.00083e-4 0.1385725 0.5889906 0.1385726 0.5889905 0.386698 0.9998999 0.5410971 0.9999001 0.7769489 0.7383894 0.7914881 0.9998999 0.5410971 0.9999001 0.7769489 0.7383894 0.7914881 0.9998999 0.5410971 0.9999001 0.7769489 0.7383894 0.7914881 0.9998999 0.5410971 0.9999001 0.7769489 0.7383894 0.7914881 1.00099e-4 9.998e-5 0.3449976 1.00001e-4 0.342575 0.1385725 1.00099e-4 9.998e-5 0.3449976 1.00001e-4 0.342575 0.1385725 0.9998999 0.5410971 0.9999001 0.7769489 0.7383894 0.7914881 1.00083e-4 0.1385725 0.5889906 0.1385726 0.5889905 0.386698 1.00099e-4 9.998e-5 0.3449976 1.00001e-4 0.342575 0.1385725 1.00099e-4 9.998e-5 0.3449976 1.00001e-4 0.342575 0.1385725 0.9998999 0.5410971 0.9999001 0.7769489 0.7383894 0.7914881 0.9998999 0.5410971 0.9999001 0.7769489 0.7383894 0.7914881 1.00099e-4 9.998e-5 0.3449976 1.00001e-4 0.342575 0.1385725 0.9998999 0.5410971 0.9999001 0.7769489 0.7383894 0.7914881 1.00099e-4 9.998e-5 0.3449976 1.00001e-4 0.342575 0.1385725 1.00099e-4 9.998e-5 0.3449976 1.00001e-4 0.342575 0.1385725 0.9998999 0.5410971 0.9999001 0.7769489 0.7383894 0.7914881 1.00083e-4 0.1385725 0.5889906 0.1385726 0.5889905 0.386698 0.9998999 0.5410971 0.9999001 0.7769489 0.7383894 0.7914881 0.9998999 0.5410971 0.9999001 0.7769489 0.7383894 0.7914881 1.00099e-4 9.998e-5 0.3449976 1.00001e-4 0.342575 0.1385725 0.9998999 0.5410971 0.9999001 0.7769489 0.7383894 0.7914881 1.00099e-4 9.998e-5 0.3449976 1.00001e-4 0.342575 0.1385725 1.00099e-4 9.998e-5 0.3449976 1.00001e-4 0.342575 0.1385725 0.9998999 0.5410971 0.9999001 0.7769489 0.7383894 0.7914881 1.00083e-4 0.1385725 0.5889906 0.1385726 0.5889905 0.386698 1.00099e-4 9.998e-5 0.3449976 1.00001e-4 0.342575 0.1385725 0.9998999 0.5410971 0.9999001 0.7769489 0.7383894 0.7914881 1.00099e-4 9.998e-5 0.3449976 1.00001e-4 0.342575 0.1385725 0.9998999 0.5410971 0.9999001 0.7769489 0.7383894 0.7914881 1.00083e-4 0.1385725 0.5889906 0.1385726 0.5889905 0.386698 1.00099e-4 9.998e-5 0.3449976 1.00001e-4 0.342575 0.1385725 0.9998999 0.5410971 0.9999001 0.7769489 0.7383894 0.7914881 0.9998999 0.5410971 0.9999001 0.7769489 0.7383894 0.7914881 0.9998999 0.5410971 0.9999001 0.7769489 0.7383894 0.7914881 1.00099e-4 9.998e-5 0.3449976 1.00001e-4 0.342575 0.1385725 0.9998999 0.5410971 0.9999001 0.7769489 0.7383894 0.7914881 0.9998999 0.5410971 0.9999001 0.7769489 0.7383894 0.7914881 1.00099e-4 9.998e-5 0.3449976 1.00001e-4 0.342575 0.1385725 0.9998999 0.5410971 0.9999001 0.7769489 0.7383894 0.7914881 1.00099e-4 9.998e-5 0.3449976 1.00001e-4 0.342575 0.1385725 0.9998999 0.5410971 0.9999001 0.7769489 0.7383894 0.7914881 1.00099e-4 9.998e-5 0.3449976 1.00001e-4 0.342575 0.1385725 1.00083e-4 0.1385725 0.5889906 0.1385726 0.5889905 0.386698 0.9998999 0.5410971 0.9999001 0.7769489 0.7383894 0.7914881 1.00099e-4 9.998e-5 0.3449976 1.00001e-4 0.342575 0.1385725 1.00083e-4 0.1385725 0.5889906 0.1385726 0.5889905 0.386698 1.00099e-4 9.998e-5 0.3449976 1.00001e-4 0.342575 0.1385725 1.00083e-4 0.1385725 0.5889906 0.1385726 0.5889905 0.386698 1.00083e-4 0.1385725 0.5889906 0.1385726 0.5889905 0.386698 0.9998999 0.5410971 0.9999001 0.7769489 0.7383894 0.7914881 1.00083e-4 0.1385725 0.5889906 0.1385726 0.5889905 0.386698 0.9998999 0.5410971 0.9999001 0.7769489 0.7383894 0.7914881 1.00099e-4 9.998e-5 0.3449976 1.00001e-4 0.342575 0.1385725 0.9998999 0.5410971 0.9999001 0.7769489 0.7383894 0.7914881 0.9998999 0.5410971 0.9999001 0.7769489 0.7383894 0.7914881 0.9998999 0.5410971 0.9999001 0.7769489 0.7383894 0.7914881 0.9998999 0.5410971 0.9999001 0.7769489 0.7383894 0.7914881 1.00083e-4 0.1385725 0.5889906 0.1385726 0.5889905 0.386698 1.00083e-4 0.1385725 0.5889906 0.1385726 0.5889905 0.386698 0.9998999 0.5410971 0.9999001 0.7769489 0.7383894 0.7914881 1.00099e-4 9.998e-5 0.3449976 1.00001e-4 0.342575 0.1385725 1.00083e-4 0.1385725 0.5889906 0.1385726 0.5889905 0.386698 1.00099e-4 9.998e-5 0.3449976 1.00001e-4 0.342575 0.1385725 1.00083e-4 0.1385725 0.5889906 0.1385726 0.5889905 0.386698 0.9998999 0.5410971 0.9999001 0.7769489 0.7383894 0.7914881 1.00083e-4 0.1385725 0.5889906 0.1385726 0.5889905 0.386698 0.9998999 0.5410971 0.9999001 0.7769489 0.7383894 0.7914881 1.00099e-4 9.998e-5 0.3449976 1.00001e-4 0.342575 0.1385725 0.9998999 0.5410971 0.9999001 0.7769489 0.7383894 0.7914881 1.00099e-4 9.998e-5 0.3449976 1.00001e-4 0.342575 0.1385725 0.9998999 0.5410971 0.9999001 0.7769489 0.7383894 0.7914881 1.00099e-4 9.998e-5 0.3449976 1.00001e-4 0.342575 0.1385725 0.9999001 1.0004e-4 0.9999 0.5328075 0.6312505 0.541181 1.00099e-4 9.998e-5 0.3449976 1.00001e-4 0.342575 0.1385725 0.9998999 0.5410971 0.9999001 0.7769489 0.7383894 0.7914881 1.00099e-4 9.998e-5 0.3449976 1.00001e-4 0.342575 0.1385725 1.00083e-4 0.1385725 0.5889906 0.1385726 0.5889905 0.386698 1.00083e-4 0.1385725 0.5889906 0.1385726 0.5889905 0.386698 0.9998999 0.5410971 0.9999001 0.7769489 0.7383894 0.7914881 1.00083e-4 0.1385725 0.5889906 0.1385726 0.5889905 0.386698 1.00083e-4 0.1385725 0.5889906 0.1385726 0.5889905 0.386698 1.00083e-4 0.1385725 0.5889906 0.1385726 0.5889905 0.386698 0.9998999 0.5410971 0.9999001 0.7769489 0.7383894 0.7914881</float_array>
          <technique_common>
            <accessor source="#tree_oak_bush_a200_001-mesh-map-0-array" count="1068" stride="2">
              <param name="S" type="float"/>
              <param name="T" type="float"/>
            </accessor>
          </technique_common>
        </source>
        <source id="tree_oak_bush_a200_001-mesh-colors-Col" name="Col">
          <float_array id="tree_oak_bush_a200_001-mesh-colors-Col-array" count="3204">0.1529412 0 0.4588235 0 0 0.6392157 0.3921568 0.3803921 1 0.145098 0.317647 0.6078432 0 0 0.6392157 0 0.4823529 0 0 0 0.6392157 0.4588235 0.3058823 0.9607843 0.3921568 0.3803921 1 0.1529412 0 0.4588235 0 0 0.6392157 0.3921568 0.3803921 1 0.145098 0.317647 0.6078432 0 0 0.6392157 0 0.4823529 0 0 0 0.6392157 0.4588235 0.3058823 0.9607843 0.3921568 0.3803921 1 0.1529412 0 0.4588235 0 0 0.6392157 0.3921568 0.3803921 1 0.145098 0.317647 0.6078432 0 0 0.6392157 0 0.4823529 0 0 0 0.6392157 0.4588235 0.3058823 0.9607843 0.3921568 0.3803921 1 0 0.4823529 0 0.4549019 0.6901961 0.8392157 0.6117647 0.06274509 0.8235294 0.4470588 0.2156863 0.6117647 0 0.4823529 0 0.6117647 0.06274509 0.8235294 0 0.4823529 0 0.4549019 0.6901961 0.8392157 0.6117647 0.06274509 0.8235294 0.4470588 0.2156863 0.6117647 0 0.4823529 0 0.6117647 0.06274509 0.8235294 0 0.4823529 0 0.4549019 0.6901961 0.8392157 0.6117647 0.06274509 0.8235294 0.4470588 0.2156863 0.6117647 0 0.4823529 0 0.6117647 0.06274509 0.8235294 0 0.4823529 0 0.4549019 0.6901961 0.8392157 0.6117647 0.06274509 0.8235294 0.4470588 0.2156863 0.6117647 0 0.4823529 0 0.6117647 0.06274509 0.8235294 0 0.4823529 0 0.4549019 0.6901961 0.8392157 0.6117647 0.06274509 0.8235294 0.4470588 0.2156863 0.6117647 0 0.4823529 0 0.6117647 0.06274509 0.8235294 0 0.4823529 0 0.4549019 0.6901961 0.8392157 0.6117647 0.06274509 0.8235294 0.4470588 0.2156863 0.6117647 0 0.4823529 0 0.6117647 0.06274509 0.8235294 0 0.4823529 0 0.4549019 0.6901961 0.8392157 0.6117647 0.06274509 0.8235294 0.4470588 0.2156863 0.6117647 0 0.4823529 0 0.6117647 0.06274509 0.8235294 0.4549019 0.6901961 0.8392157 0.4470588 0.2156863 0.6117647 0 0.4823529 0 0.4549019 0.6901961 0.8392157 0.4470588 0.2156863 0.6117647 0 0.4823529 0 0 0.4823529 0 0.4549019 0.6901961 0.8392157 0.6117647 0.06274509 0.8235294 0.4470588 0.2156863 0.6117647 0 0.4823529 0 0.6117647 0.06274509 0.8235294 0 0.4823529 0 0.4549019 0.6901961 0.8392157 0.6117647 0.06274509 0.8235294 0.4470588 0.2156863 0.6117647 0 0.4823529 0 0.6117647 0.06274509 0.8235294 0.4549019 0.6901961 0.8392157 0.4470588 0.2156863 0.6117647 0 0.4823529 0 0.1490196 0.5803922 0.8470588 0 0.6705883 0.3333333 0 1 0.8156863 0.1490196 0.5803922 0.8470588 0 0.6705883 0.3333333 0 1 0.8156863 0.1490196 0.5803922 0.8470588 0 0.6705883 0.3333333 0 1 0.8156863 0.2980392 0.8039216 1 0.1529412 0.8941177 0.8784314 0.2941176 0.509804 0.6117647 0.1529412 0.8980392 0.8509804 0 0.1647059 1 0 1 1 0.2980392 0.8039216 1 0.1529412 0.8941177 0.8784314 0.2941176 0.509804 0.6117647 0.145098 0.317647 0.6078432 0.3921568 0.3803921 1 0.1529412 0 0.4588235 0.2980392 0.8039216 1 0.1529412 0.8941177 0.8784314 0.2941176 0.509804 0.6117647 0.2941176 0.509804 0.6117647 0.2980392 0.8039216 1 0 0 0 0.1490196 0.2784314 0.8039216 0.1529412 0.8941177 0.8784314 0 0 0 0.1529412 0.8941177 0.8784314 0.2941176 0.509804 0.6117647 0 0 0 0.2980392 0.8039216 1 0.1490196 0.2784314 0.8039216 0 0 0 0.1490196 0.5803922 0.8470588 0 0.6705883 0.3333333 0 1 0.8156863 0.1529412 0.8980392 0.8509804 0 0.1647059 1 0 1 1 0.2980392 0.8039216 1 0.1529412 0.8941177 0.8784314 0.2941176 0.509804 0.6117647 0.1490196 0.5803922 0.8470588 0 0.6705883 0.3333333 0 1 0.8156863 0.1490196 0.5803922 0.8470588 0 0.6705883 0.3333333 0 1 0.8156863 0.1490196 0.5803922 0.8470588 0 0.6705883 0.3333333 0 1 0.8156863 0.1490196 0.5803922 0.8470588 0 0.6705883 0.3333333 0 1 0.8156863 0.1529412 0.8980392 0.8509804 0 0.1647059 1 0 1 1 0.1490196 0.5803922 0.8470588 0 0.6705883 0.3333333 0 1 0.8156863 0.2980392 0.8039216 1 0.1529412 0.8941177 0.8784314 0.2941176 0.509804 0.6117647 0.2980392 0.8039216 1 0.1529412 0.8941177 0.8784314 0.2941176 0.509804 0.6117647 0.1490196 0.5803922 0.8470588 0 0.1019608 0.4941176 0 1 0.8156863 0 0.6705883 0.3333333 0 1 0.8156863 0 0.1019608 0.4941176 0.1490196 0.5803922 0.8470588 0.1529412 0.1019608 0.4627451 0 0.1019608 0.4941176 0.1529412 0.1019608 0.4627451 0 0.6705883 0.3333333 0 0.1019608 0.4941176 0.2980392 0.8039216 1 0.1529412 0.8941177 0.8784314 0.2941176 0.509804 0.6117647 0.2980392 0.8039216 1 0.1529412 0.8941177 0.8784314 0.2941176 0.509804 0.6117647 0.1529412 0.8980392 0.8509804 0 0.1647059 1 0 1 1 0.1529412 0.8980392 0.8509804 0 0.1647059 1 0 1 1 0.2980392 0.8039216 1 0.1529412 0.8941177 0.8784314 0.2941176 0.509804 0.6117647 0.1490196 0.5803922 0.8470588 0 0.6705883 0.3333333 0 1 0.8156863 0.1529412 0.8980392 0.8509804 0 0.1647059 1 0 1 1 0.1529412 0.8980392 0.8509804 0 0.1647059 1 0 1 1 0.2980392 0.8039216 1 0.1529412 0.8941177 0.8784314 0.2941176 0.509804 0.6117647 0.2980392 0.8039216 1 0.1529412 0.8941177 0.8784314 0.2941176 0.509804 0.6117647 0.1529412 0.8980392 0.8509804 0 0.1647059 1 0 1 1 0.2980392 0.8039216 1 0.1529412 0.8941177 0.8784314 0.2941176 0.509804 0.6117647 0.1529412 0.8980392 0.8509804 0 0.1647059 1 0 1 1 0.1529412 0.8980392 0.8509804 0 0.1647059 1 0 1 1 0.2980392 0.8039216 1 0.1529412 0.8941177 0.8784314 0.2941176 0.509804 0.6117647 0.1490196 0.07843136 0.4941176 0 0.3254902 0.5725491 0 0.2509804 0.7882353 0.1490196 0.4549019 0.5686275 0.1490196 0.07843136 0.4941176 0 0.2509804 0.7882353 0.1490196 0.07843136 0.4941176 0 0.3254902 0.5725491 0 0.2509804 0.7882353 0.1490196 0.4549019 0.5686275 0.1490196 0.07843136 0.4941176 0 0.2509804 0.7882353 0.1490196 0.5803922 0.8470588 0 0.6705883 0.3333333 0 1 0.8156863 0.2980392 0.8039216 1 0.1529412 0.8941177 0.8784314 0.2941176 0.509804 0.6117647 0.2980392 0.8039216 1 0.1529412 0.8941177 0.8784314 0.2941176 0.509804 0.6117647 0.1529412 0.8980392 0.8509804 0 0.1647059 1 0 1 1 0.2980392 0.8039216 1 0.1529412 0.8941177 0.8784314 0.2941176 0.509804 0.6117647 0.1529412 0.8980392 0.8509804 0 0.1647059 1 0 1 1 0.1490196 0.07843136 0.4941176 0 0.3254902 0.5725491 0 0.2509804 0.7882353 0.1490196 0.4549019 0.5686275 0.1490196 0.07843136 0.4941176 0 0.2509804 0.7882353 0.1529412 0.8980392 0.8509804 0 0.1647059 1 0 1 1 0.2980392 0.8039216 1 0.1529412 0.8941177 0.8784314 0.2941176 0.509804 0.6117647 0.2941176 0.509804 0.6117647 0.2980392 0.8039216 1 0 0 0 0.1490196 0.2784314 0.8039216 0.1529412 0.8941177 0.8784314 0 0 0 0.1529412 0.8941177 0.8784314 0.2941176 0.509804 0.6117647 0 0 0 0.2980392 0.8039216 1 0.1490196 0.2784314 0.8039216 0 0 0 0 1 1 0.1529412 0.8980392 0.8509804 0 0.5176471 0.882353 0.1529412 0.8980392 0.8509804 0 0.3686274 1 0 0.5176471 0.882353 0.1529412 0.007843136 0.882353 0 0.1647059 1 0 0.5176471 0.882353 0 0.3686274 1 0.1529412 0.007843136 0.882353 0 0.5176471 0.882353 0.1490196 0.5803922 0.8470588 0 0.6705883 0.3333333 0 1 0.8156863 0.1529412 0.8980392 0.8509804 0 0.1647059 1 0 1 1 0.2980392 0.8039216 1 0.1529412 0.8941177 0.8784314 0.2941176 0.509804 0.6117647 0.1529412 0.8980392 0.8509804 0 0.1647059 1 0 1 1 0.2980392 0.8039216 1 0.1529412 0.8941177 0.8784314 0.2941176 0.509804 0.6117647 0.1490196 0.5803922 0.8470588 0 0.6705883 0.3333333 0 1 0.8156863 0.1529412 0.8980392 0.8509804 0 0.1647059 1 0 1 1 0.2980392 0.8039216 1 0.1529412 0.8941177 0.8784314 0.2941176 0.509804 0.6117647 0.2980392 0.8039216 1 0.1529412 0.8941177 0.8784314 0.2941176 0.509804 0.6117647 0.2980392 0.8039216 1 0.1529412 0.8941177 0.8784314 0.2941176 0.509804 0.6117647 0.1529412 0.8980392 0.8509804 0 0.1647059 1 0 1 1 0.2980392 0.8039216 1 0.1529412 0.8941177 0.8784314 0.2941176 0.509804 0.6117647 0.2980392 0.8039216 1 0.1529412 0.8941177 0.8784314 0.2941176 0.509804 0.6117647 0.1529412 0.8980392 0.8509804 0 0.1647059 1 0 1 1 0.2980392 0.8039216 1 0.1529412 0.8941177 0.8784314 0.2941176 0.509804 0.6117647 0.1529412 0.8980392 0.8509804 0 0.1647059 1 0 1 1 0.2980392 0.8039216 1 0.1529412 0.8941177 0.8784314 0.2941176 0.509804 0.6117647 0.1529412 0.8980392 0.8509804 0 0.1647059 1 0 1 1 0.1490196 0.5803922 0.8470588 0 0.6705883 0.3333333 0 1 0.8156863 0.2980392 0.8039216 1 0.1529412 0.8941177 0.8784314 0.2941176 0.509804 0.6117647 0.1529412 0.8980392 0.8509804 0 0.1647059 1 0 1 1 0.1490196 0.5803922 0.8470588 0 0.1019608 0.4941176 0 1 0.8156863 0 0.6705883 0.3333333 0 1 0.8156863 0 0.1019608 0.4941176 0.1490196 0.5803922 0.8470588 0.1529412 0.1019608 0.4627451 0 0.1019608 0.4941176 0.1529412 0.1019608 0.4627451 0 0.6705883 0.3333333 0 0.1019608 0.4941176 0.1490196 0.5803922 0.8470588 0 0.6705883 0.3333333 0 1 0.8156863 0.1529412 0.8980392 0.8509804 0 0.1647059 1 0 1 1 0.1490196 0.5803922 0.8470588 0 0.6705883 0.3333333 0 1 0.8156863 0.1490196 0.5803922 0.8470588 0 0.6705883 0.3333333 0 1 0.8156863 0.2980392 0.8039216 1 0.1529412 0.8941177 0.8784314 0.2941176 0.509804 0.6117647 0.1490196 0.5803922 0.8470588 0 0.6705883 0.3333333 0 1 0.8156863 0.2980392 0.8039216 1 0.1529412 0.8941177 0.8784314 0.2941176 0.509804 0.6117647 0.1529412 0.8980392 0.8509804 0 0.1647059 1 0 1 1 0.2980392 0.8039216 1 0.1529412 0.8941177 0.8784314 0.2941176 0.509804 0.6117647 0.2980392 0.8039216 1 0.1529412 0.8941177 0.8784314 0.2941176 0.509804 0.6117647 0.2980392 0.8039216 1 0.1529412 0.8941177 0.8784314 0.2941176 0.509804 0.6117647 0.1490196 0.07843136 0.4941176 0 0.3254902 0.5725491 0 0.2509804 0.7882353 0.1490196 0.4549019 0.5686275 0.1490196 0.07843136 0.4941176 0 0.2509804 0.7882353 0.1490196 0.07843136 0.4941176 0 0.3254902 0.5725491 0 0.2509804 0.7882353 0.1490196 0.4549019 0.5686275 0.1490196 0.07843136 0.4941176 0 0.2509804 0.7882353 0.1490196 0.07843136 0.4941176 0 0.3254902 0.5725491 0 0.2509804 0.7882353 0.1490196 0.4549019 0.5686275 0.1490196 0.07843136 0.4941176 0 0.2509804 0.7882353 0.1490196 0.07843136 0.4941176 0 0.3254902 0.5725491 0 0.2509804 0.7882353 0.1490196 0.4549019 0.5686275 0.1490196 0.07843136 0.4941176 0 0.2509804 0.7882353 0.2980392 0.8039216 1 0.1529412 0.8941177 0.8784314 0.2941176 0.509804 0.6117647 0.1490196 0.5803922 0.8470588 0 0.6705883 0.3333333 0 1 0.8156863 0.1490196 0.5803922 0.8470588 0 0.6705883 0.3333333 0 1 0.8156863 0.2980392 0.8039216 1 0.1529412 0.8941177 0.8784314 0.2941176 0.509804 0.6117647 0.1529412 0.8980392 0.8509804 0 0.1647059 1 0 1 1 0.1490196 0.5803922 0.8470588 0 0.6705883 0.3333333 0 1 0.8156863 0.1529412 0.8980392 0.8509804 0 0.1647059 1 0 1 1 0.1490196 0.5803922 0.8470588 0 0.6705883 0.3333333 0 1 0.8156863 0.2980392 0.8039216 1 0.1529412 0.8941177 0.8784314 0.2941176 0.509804 0.6117647 0.1490196 0.5803922 0.8470588 0 0.6705883 0.3333333 0 1 0.8156863 0.2980392 0.8039216 1 0.1529412 0.8941177 0.8784314 0.2941176 0.509804 0.6117647 0.1529412 0.8980392 0.8509804 0 0.1647059 1 0 1 1 0.2980392 0.8039216 1 0.1529412 0.8941177 0.8784314 0.2941176 0.509804 0.6117647 0.1529412 0.8980392 0.8509804 0 0.1647059 1 0 1 1 0.2980392 0.8039216 1 0.1529412 0.8941177 0.8784314 0.2941176 0.509804 0.6117647 0.1529412 0.8980392 0.8509804 0 0.1647059 1 0 1 1 0.145098 0.317647 0.6078432 0.3921568 0.3803921 1 0.1529412 0 0.4588235 0.1529412 0.8980392 0.8509804 0 0.1647059 1 0 1 1 0.2980392 0.8039216 1 0.1529412 0.8941177 0.8784314 0.2941176 0.509804 0.6117647 0.1529412 0.8980392 0.8509804 0 0.1647059 1 0 1 1 0.1490196 0.5803922 0.8470588 0 0.6705883 0.3333333 0 1 0.8156863 0.1490196 0.5803922 0.8470588 0 0.6705883 0.3333333 0 1 0.8156863 0.2980392 0.8039216 1 0.1529412 0.8941177 0.8784314 0.2941176 0.509804 0.6117647 0.1490196 0.5803922 0.8470588 0 0.6705883 0.3333333 0 1 0.8156863 0.1490196 0.5803922 0.8470588 0 0.6705883 0.3333333 0 1 0.8156863 0.1490196 0.5803922 0.8470588 0 0.6705883 0.3333333 0 1 0.8156863 0.2980392 0.8039216 1 0.1529412 0.8941177 0.8784314 0.2941176 0.509804 0.6117647 0 1 0.7647059 0 1 0.5568628 0 0.6705883 0.5882353 0 1 0.5568628 0 0 0.5647059 0 0.6705883 0.5882353 0 0.772549 0.5294118 0 1 0.7647059 0 0.6705883 0.5882353 0 1 0.7647059 0 1 0.5568628 0 0.6705883 0.5882353 0 1 0.5568628 0 0 0.5647059 0 0.6705883 0.5882353 0 0.772549 0.5294118 0 1 0.7647059 0 0.6705883 0.5882353 0 1 0.7647059 0 1 0.5568628 0 0.6705883 0.5882353 0 1 0.5568628 0 0 0.5647059 0 0.6705883 0.5882353 0 0.772549 0.5294118 0 1 0.7647059 0 0.6705883 0.5882353 0 1 0.7647059 0 1 0.5568628 0 0.6705883 0.5882353 0 1 0.5568628 0 0 0.5647059 0 0.6705883 0.5882353 0 0.772549 0.5294118 0 1 0.7647059 0 0.6705883 0.5882353 0 1 0.7647059 0 1 0.5568628 0 0.6705883 0.5882353 0 1 0.5568628 0 0 0.5647059 0 0.6705883 0.5882353 0 0.772549 0.5294118 0 1 0.7647059 0 0.6705883 0.5882353 0 1 0.7647059 0 1 0.5568628 0 0.6705883 0.5882353 0 1 0.5568628 0 0 0.5647059 0 0.6705883 0.5882353 0 0.772549 0.5294118 0 1 0.7647059 0 0.6705883 0.5882353 0 1 0.7647059 0 1 0.5568628 0 0.6705883 0.5882353 0 1 0.5568628 0 0 0.5647059 0 0.6705883 0.5882353 0 0.772549 0.5294118 0 1 0.7647059 0 0.6705883 0.5882353 0 1 0.7647059 0 1 0.5568628 0 0.6705883 0.5882353 0 1 0.5568628 0 0 0.5647059 0 0.6705883 0.5882353 0 0.772549 0.5294118 0 1 0.7647059 0 0.6705883 0.5882353 0 1 0.7647059 0 1 0.5568628 0 0.6705883 0.5882353 0 1 0.5568628 0 0 0.5647059 0 0.6705883 0.5882353 0 0.772549 0.5294118 0 1 0.7647059 0 0.6705883 0.5882353 0 1 0.7647059 0 1 0.5568628 0 0.6705883 0.5882353 0 1 0.5568628 0 0 0.5647059 0 0.6705883 0.5882353 0 0.772549 0.5294118 0 1 0.7647059 0 0.6705883 0.5882353 0 1 0.7647059 0 1 0.5568628 0 0.6705883 0.5882353 0 1 0.5568628 0 0 0.5647059 0 0.6705883 0.5882353 0 0.772549 0.5294118 0 1 0.7647059 0 0.6705883 0.5882353 0 1 0.7647059 0 1 0.5568628 0 0.6705883 0.5882353 0 1 0.5568628 0 0 0.5647059 0 0.6705883 0.5882353 0 0.772549 0.5294118 0 1 0.7647059 0 0.6705883 0.5882353 0 1 0.7647059 0 1 0.5568628 0 0.6705883 0.5882353 0 1 0.5568628 0 0 0.5647059 0 0.6705883 0.5882353 0 0.772549 0.5294118 0 1 0.7647059 0 0.6705883 0.5882353 0 1 0.7647059 0 1 0.5568628 0 0.6705883 0.5882353 0 1 0.5568628 0 0 0.5647059 0 0.6705883 0.5882353 0 0.772549 0.5294118 0 1 0.7647059 0 0.6705883 0.5882353 0 1 0.7647059 0 1 0.5568628 0 0.6705883 0.5882353 0 1 0.5568628 0 0 0.5647059 0 0.6705883 0.5882353 0 0.772549 0.5294118 0 1 0.7647059 0 0.6705883 0.5882353 0 1 0.7647059 0 1 0.5568628 0 0.6705883 0.5882353 0 1 0.5568628 0 0 0.5647059 0 0.6705883 0.5882353 0 0.772549 0.5294118 0 1 0.7647059 0 0.6705883 0.5882353 0 1 0.7647059 0 1 0.5568628 0 0.6705883 0.5882353 0 1 0.5568628 0 0 0.5647059 0 0.6705883 0.5882353 0 0.772549 0.5294118 0 1 0.7647059 0 0.6705883 0.5882353 0 1 0.7647059 0 1 0.5568628 0 0.6705883 0.5882353 0 1 0.5568628 0 0 0.5647059 0 0.6705883 0.5882353 0 0.772549 0.5294118 0 1 0.7647059 0 0.6705883 0.5882353 0 1 0.7647059 0 1 0.5568628 0 0.6705883 0.5882353 0 1 0.5568628 0 0 0.5647059 0 0.6705883 0.5882353 0 0.772549 0.5294118 0 1 0.7647059 0 0.6705883 0.5882353 0 1 0.7647059 0 1 0.5568628 0 0.6705883 0.5882353 0 1 0.5568628 0 0 0.5647059 0 0.6705883 0.5882353 0 0.772549 0.5294118 0 1 0.7647059 0 0.6705883 0.5882353 0 1 0.7647059 0 1 0.5568628 0 0.6705883 0.5882353 0 1 0.5568628 0 0 0.5647059 0 0.6705883 0.5882353 0 0.772549 0.5294118 0 1 0.7647059 0 0.6705883 0.5882353 0 1 0.7647059 0 1 0.5568628 0 0.6705883 0.5882353 0 1 0.5568628 0 0 0.5647059 0 0.6705883 0.5882353 0 0.772549 0.5294118 0 1 0.7647059 0 0.6705883 0.5882353 0 1 0.7647059 0 1 0.5568628 0 0.6705883 0.5882353 0 1 0.5568628 0 0 0.5647059 0 0.6705883 0.5882353 0 0.772549 0.5294118 0 1 0.7647059 0 0.6705883 0.5882353 0 1 0.7647059 0 1 0.5568628 0 0.6705883 0.5882353 0 1 0.5568628 0 0 0.5647059 0 0.6705883 0.5882353 0 0.772549 0.5294118 0 1 0.7647059 0 0.6705883 0.5882353 0 1 0.7647059 0 1 0.5568628 0 0.6705883 0.5882353 0 1 0.5568628 0 0 0.5647059 0 0.6705883 0.5882353 0 0.772549 0.5294118 0 1 0.7647059 0 0.6705883 0.5882353 0 1 0.7647059 0 1 0.5568628 0 0.6705883 0.5882353 0 1 0.5568628 0 0 0.5647059 0 0.6705883 0.5882353 0 0.772549 0.5294118 0 1 0.7647059 0 0.6705883 0.5882353 0 1 0.7647059 0 1 0.5568628 0 0.6705883 0.5882353 0 1 0.5568628 0 0 0.5647059 0 0.6705883 0.5882353 0 0.772549 0.5294118 0 1 0.7647059 0 0.6705883 0.5882353 0.1529412 0 0.4588235 0 0.4823529 0 0 0 0.6392157 0.145098 0.317647 0.6078432 0.4588235 0.3058823 0.9607843 0 0 0.6392157 0.1529412 0 0.4588235 0 0.4823529 0 0 0 0.6392157 0.145098 0.317647 0.6078432 0.4588235 0.3058823 0.9607843 0 0 0.6392157 0.1529412 0 0.4588235 0 0.4823529 0 0 0 0.6392157 0.145098 0.317647 0.6078432 0.4588235 0.3058823 0.9607843 0 0 0.6392157 0.4549019 0.6901961 0.8392157 0.6117647 0.06274509 0.8235294 0.4470588 0.2156863 0.6117647 0.4549019 0.6901961 0.8392157 0.6117647 0.06274509 0.8235294 0.4470588 0.2156863 0.6117647 0.4549019 0.6901961 0.8392157 0.6117647 0.06274509 0.8235294 0.4470588 0.2156863 0.6117647 0.1490196 0.5803922 0.8470588 0.1529412 0.1019608 0.4627451 0 0.6705883 0.3333333 0.1490196 0.5803922 0.8470588 0.1529412 0.1019608 0.4627451 0 0.6705883 0.3333333 0.1490196 0.5803922 0.8470588 0.1529412 0.1019608 0.4627451 0 0.6705883 0.3333333 0.2980392 0.8039216 1 0.1490196 0.2784314 0.8039216 0.1529412 0.8941177 0.8784314 0.1529412 0.8980392 0.8509804 0.1529412 0.007843136 0.882353 0 0.1647059 1 0.2980392 0.8039216 1 0.1490196 0.2784314 0.8039216 0.1529412 0.8941177 0.8784314 0.145098 0.317647 0.6078432 0.4588235 0.3058823 0.9607843 0.3921568 0.3803921 1 0.2980392 0.8039216 1 0.1490196 0.2784314 0.8039216 0.1529412 0.8941177 0.8784314 0.1490196 0.5803922 0.8470588 0.1529412 0.1019608 0.4627451 0 0.6705883 0.3333333 0.1529412 0.8980392 0.8509804 0.1529412 0.007843136 0.882353 0 0.1647059 1 0.2980392 0.8039216 1 0.1490196 0.2784314 0.8039216 0.1529412 0.8941177 0.8784314 0.1490196 0.5803922 0.8470588 0.1529412 0.1019608 0.4627451 0 0.6705883 0.3333333 0.1490196 0.5803922 0.8470588 0.1529412 0.1019608 0.4627451 0 0.6705883 0.3333333 0.1490196 0.5803922 0.8470588 0.1529412 0.1019608 0.4627451 0 0.6705883 0.3333333 0.1490196 0.5803922 0.8470588 0.1529412 0.1019608 0.4627451 0 0.6705883 0.3333333 0.1529412 0.8980392 0.8509804 0.1529412 0.007843136 0.882353 0 0.1647059 1 0.1490196 0.5803922 0.8470588 0.1529412 0.1019608 0.4627451 0 0.6705883 0.3333333 0.2980392 0.8039216 1 0.1490196 0.2784314 0.8039216 0.1529412 0.8941177 0.8784314 0.2980392 0.8039216 1 0.1490196 0.2784314 0.8039216 0.1529412 0.8941177 0.8784314 0.2980392 0.8039216 1 0.1490196 0.2784314 0.8039216 0.1529412 0.8941177 0.8784314 0.2980392 0.8039216 1 0.1490196 0.2784314 0.8039216 0.1529412 0.8941177 0.8784314 0.1529412 0.8980392 0.8509804 0.1529412 0.007843136 0.882353 0 0.1647059 1 0.1529412 0.8980392 0.8509804 0.1529412 0.007843136 0.882353 0 0.1647059 1 0.2980392 0.8039216 1 0.1490196 0.2784314 0.8039216 0.1529412 0.8941177 0.8784314 0.1490196 0.5803922 0.8470588 0.1529412 0.1019608 0.4627451 0 0.6705883 0.3333333 0.1529412 0.8980392 0.8509804 0.1529412 0.007843136 0.882353 0 0.1647059 1 0.1529412 0.8980392 0.8509804 0.1529412 0.007843136 0.882353 0 0.1647059 1 0.2980392 0.8039216 1 0.1490196 0.2784314 0.8039216 0.1529412 0.8941177 0.8784314 0.2980392 0.8039216 1 0.1490196 0.2784314 0.8039216 0.1529412 0.8941177 0.8784314 0.1529412 0.8980392 0.8509804 0.1529412 0.007843136 0.882353 0 0.1647059 1 0.2980392 0.8039216 1 0.1490196 0.2784314 0.8039216 0.1529412 0.8941177 0.8784314 0.1529412 0.8980392 0.8509804 0.1529412 0.007843136 0.882353 0 0.1647059 1 0.1529412 0.8980392 0.8509804 0.1529412 0.007843136 0.882353 0 0.1647059 1 0.2980392 0.8039216 1 0.1490196 0.2784314 0.8039216 0.1529412 0.8941177 0.8784314 0.1490196 0.5803922 0.8470588 0.1529412 0.1019608 0.4627451 0 0.6705883 0.3333333 0.2980392 0.8039216 1 0.1490196 0.2784314 0.8039216 0.1529412 0.8941177 0.8784314 0.2980392 0.8039216 1 0.1490196 0.2784314 0.8039216 0.1529412 0.8941177 0.8784314 0.1529412 0.8980392 0.8509804 0.1529412 0.007843136 0.882353 0 0.1647059 1 0.2980392 0.8039216 1 0.1490196 0.2784314 0.8039216 0.1529412 0.8941177 0.8784314 0.1529412 0.8980392 0.8509804 0.1529412 0.007843136 0.882353 0 0.1647059 1 0.1529412 0.8980392 0.8509804 0.1529412 0.007843136 0.882353 0 0.1647059 1 0.2980392 0.8039216 1 0.1490196 0.2784314 0.8039216 0.1529412 0.8941177 0.8784314 0.1490196 0.5803922 0.8470588 0.1529412 0.1019608 0.4627451 0 0.6705883 0.3333333 0.1529412 0.8980392 0.8509804 0.1529412 0.007843136 0.882353 0 0.1647059 1 0.2980392 0.8039216 1 0.1490196 0.2784314 0.8039216 0.1529412 0.8941177 0.8784314 0.1529412 0.8980392 0.8509804 0.1529412 0.007843136 0.882353 0 0.1647059 1 0.2980392 0.8039216 1 0.1490196 0.2784314 0.8039216 0.1529412 0.8941177 0.8784314 0.1490196 0.5803922 0.8470588 0.1529412 0.1019608 0.4627451 0 0.6705883 0.3333333 0.1529412 0.8980392 0.8509804 0.1529412 0.007843136 0.882353 0 0.1647059 1 0.2980392 0.8039216 1 0.1490196 0.2784314 0.8039216 0.1529412 0.8941177 0.8784314 0.2980392 0.8039216 1 0.1490196 0.2784314 0.8039216 0.1529412 0.8941177 0.8784314 0.2980392 0.8039216 1 0.1490196 0.2784314 0.8039216 0.1529412 0.8941177 0.8784314 0.1529412 0.8980392 0.8509804 0.1529412 0.007843136 0.882353 0 0.1647059 1 0.2980392 0.8039216 1 0.1490196 0.2784314 0.8039216 0.1529412 0.8941177 0.8784314 0.2980392 0.8039216 1 0.1490196 0.2784314 0.8039216 0.1529412 0.8941177 0.8784314 0.1529412 0.8980392 0.8509804 0.1529412 0.007843136 0.882353 0 0.1647059 1 0.2980392 0.8039216 1 0.1490196 0.2784314 0.8039216 0.1529412 0.8941177 0.8784314 0.1529412 0.8980392 0.8509804 0.1529412 0.007843136 0.882353 0 0.1647059 1 0.2980392 0.8039216 1 0.1490196 0.2784314 0.8039216 0.1529412 0.8941177 0.8784314 0.1529412 0.8980392 0.8509804 0.1529412 0.007843136 0.882353 0 0.1647059 1 0.1490196 0.5803922 0.8470588 0.1529412 0.1019608 0.4627451 0 0.6705883 0.3333333 0.2980392 0.8039216 1 0.1490196 0.2784314 0.8039216 0.1529412 0.8941177 0.8784314 0.1529412 0.8980392 0.8509804 0.1529412 0.007843136 0.882353 0 0.1647059 1 0.1490196 0.5803922 0.8470588 0.1529412 0.1019608 0.4627451 0 0.6705883 0.3333333 0.1529412 0.8980392 0.8509804 0.1529412 0.007843136 0.882353 0 0.1647059 1 0.1490196 0.5803922 0.8470588 0.1529412 0.1019608 0.4627451 0 0.6705883 0.3333333 0.1490196 0.5803922 0.8470588 0.1529412 0.1019608 0.4627451 0 0.6705883 0.3333333 0.2980392 0.8039216 1 0.1490196 0.2784314 0.8039216 0.1529412 0.8941177 0.8784314 0.1490196 0.5803922 0.8470588 0.1529412 0.1019608 0.4627451 0 0.6705883 0.3333333 0.2980392 0.8039216 1 0.1490196 0.2784314 0.8039216 0.1529412 0.8941177 0.8784314 0.1529412 0.8980392 0.8509804 0.1529412 0.007843136 0.882353 0 0.1647059 1 0.2980392 0.8039216 1 0.1490196 0.2784314 0.8039216 0.1529412 0.8941177 0.8784314 0.2980392 0.8039216 1 0.1490196 0.2784314 0.8039216 0.1529412 0.8941177 0.8784314 0.2980392 0.8039216 1 0.1490196 0.2784314 0.8039216 0.1529412 0.8941177 0.8784314 0.2980392 0.8039216 1 0.1490196 0.2784314 0.8039216 0.1529412 0.8941177 0.8784314 0.1490196 0.5803922 0.8470588 0.1529412 0.1019608 0.4627451 0 0.6705883 0.3333333 0.1490196 0.5803922 0.8470588 0.1529412 0.1019608 0.4627451 0 0.6705883 0.3333333 0.2980392 0.8039216 1 0.1490196 0.2784314 0.8039216 0.1529412 0.8941177 0.8784314 0.1529412 0.8980392 0.8509804 0.1529412 0.007843136 0.882353 0 0.1647059 1 0.1490196 0.5803922 0.8470588 0.1529412 0.1019608 0.4627451 0 0.6705883 0.3333333 0.1529412 0.8980392 0.8509804 0.1529412 0.007843136 0.882353 0 0.1647059 1 0.1490196 0.5803922 0.8470588 0.1529412 0.1019608 0.4627451 0 0.6705883 0.3333333 0.2980392 0.8039216 1 0.1490196 0.2784314 0.8039216 0.1529412 0.8941177 0.8784314 0.1490196 0.5803922 0.8470588 0.1529412 0.1019608 0.4627451 0 0.6705883 0.3333333 0.2980392 0.8039216 1 0.1490196 0.2784314 0.8039216 0.1529412 0.8941177 0.8784314 0.1529412 0.8980392 0.8509804 0.1529412 0.007843136 0.882353 0 0.1647059 1 0.2980392 0.8039216 1 0.1490196 0.2784314 0.8039216 0.1529412 0.8941177 0.8784314 0.1529412 0.8980392 0.8509804 0.1529412 0.007843136 0.882353 0 0.1647059 1 0.2980392 0.8039216 1 0.1490196 0.2784314 0.8039216 0.1529412 0.8941177 0.8784314 0.1529412 0.8980392 0.8509804 0.1529412 0.007843136 0.882353 0 0.1647059 1 0.145098 0.317647 0.6078432 0.4588235 0.3058823 0.9607843 0.3921568 0.3803921 1 0.1529412 0.8980392 0.8509804 0.1529412 0.007843136 0.882353 0 0.1647059 1 0.2980392 0.8039216 1 0.1490196 0.2784314 0.8039216 0.1529412 0.8941177 0.8784314 0.1529412 0.8980392 0.8509804 0.1529412 0.007843136 0.882353 0 0.1647059 1 0.1490196 0.5803922 0.8470588 0.1529412 0.1019608 0.4627451 0 0.6705883 0.3333333 0.1490196 0.5803922 0.8470588 0.1529412 0.1019608 0.4627451 0 0.6705883 0.3333333 0.2980392 0.8039216 1 0.1490196 0.2784314 0.8039216 0.1529412 0.8941177 0.8784314 0.1490196 0.5803922 0.8470588 0.1529412 0.1019608 0.4627451 0 0.6705883 0.3333333 0.1490196 0.5803922 0.8470588 0.1529412 0.1019608 0.4627451 0 0.6705883 0.3333333 0.1490196 0.5803922 0.8470588 0.1529412 0.1019608 0.4627451 0 0.6705883 0.3333333 0.2980392 0.8039216 1 0.1490196 0.2784314 0.8039216 0.1529412 0.8941177 0.8784314</float_array>
          <technique_common>
            <accessor source="#tree_oak_bush_a200_001-mesh-colors-Col-array" count="1068" stride="3">
              <param name="R" type="float"/>
              <param name="G" type="float"/>
              <param name="B" type="float"/>
            </accessor>
          </technique_common>
        </source>
        <vertices id="tree_oak_bush_a200_001-mesh-vertices">
          <input semantic="POSITION" source="#tree_oak_bush_a200_001-mesh-positions"/>
        </vertices>
        <polylist material="tro_bush_2_leaves-material" count="356">
          <input semantic="VERTEX" source="#tree_oak_bush_a200_001-mesh-vertices" offset="0"/>
          <input semantic="NORMAL" source="#tree_oak_bush_a200_001-mesh-normals" offset="1"/>
          <input semantic="TEXCOORD" source="#tree_oak_bush_a200_001-mesh-map-0" offset="2" set="0"/>
          <input semantic="COLOR" source="#tree_oak_bush_a200_001-mesh-colors-Col" offset="3" set="0"/>
          <vcount>3 3 3 3 3 3 3 3 3 3 3 3 3 3 3 3 3 3 3 3 3 3 3 3 3 3 3 3 3 3 3 3 3 3 3 3 3 3 3 3 3 3 3 3 3 3 3 3 3 3 3 3 3 3 3 3 3 3 3 3 3 3 3 3 3 3 3 3 3 3 3 3 3 3 3 3 3 3 3 3 3 3 3 3 3 3 3 3 3 3 3 3 3 3 3 3 3 3 3 3 3 3 3 3 3 3 3 3 3 3 3 3 3 3 3 3 3 3 3 3 3 3 3 3 3 3 3 3 3 3 3 3 3 3 3 3 3 3 3 3 3 3 3 3 3 3 3 3 3 3 3 3 3 3 3 3 3 3 3 3 3 3 3 3 3 3 3 3 3 3 3 3 3 3 3 3 3 3 3 3 3 3 3 3 3 3 3 3 3 3 3 3 3 3 3 3 3 3 3 3 3 3 3 3 3 3 3 3 3 3 3 3 3 3 3 3 3 3 3 3 3 3 3 3 3 3 3 3 3 3 3 3 3 3 3 3 3 3 3 3 3 3 3 3 3 3 3 3 3 3 3 3 3 3 3 3 3 3 3 3 3 3 3 3 3 3 3 3 3 3 3 3 3 3 3 3 3 3 3 3 3 3 3 3 3 3 3 3 3 3 3 3 3 3 3 3 3 3 3 3 3 3 3 3 3 3 3 3 3 3 3 3 3 3 3 3 3 3 3 3 3 3 3 3 3 3 3 3 3 3 3 3 3 3 3 3 3 3 3 3 3 3 3 3 3 3 3 3 3 3 3 3 3 3 3 3 </vcount>
          <p>2 0 0 0 5 1 1 1 0 2 2 2 1 3 3 3 5 1 4 4 4 4 5 5 5 1 6 6 3 5 7 7 0 2 8 8 8 6 9 9 11 7 10 10 6 8 11 11 7 9 12 12 11 7 13 13 10 10 14 14 11 7 15 15 9 11 16 16 6 8 17 17 14 12 18 18 17 13 19 19 12 14 20 20 13 15 21 21 17 13 22 22 16 16 23 23 17 13 24 24 15 17 25 25 12 14 26 26 21 18 27 27 18 19 28 28 20 20 29 29 19 21 30 30 21 18 31 31 20 20 32 32 25 22 33 33 22 23 34 34 24 24 35 35 23 25 36 36 25 22 37 37 24 24 38 38 29 26 39 39 26 27 40 40 28 28 41 41 27 29 42 42 29 26 43 43 28 28 44 44 33 30 45 45 30 31 46 46 32 32 47 47 31 33 48 48 33 30 49 49 32 32 50 50 37 34 51 51 34 35 52 52 36 36 53 53 35 37 54 54 37 34 55 55 36 36 56 56 41 38 57 57 38 39 58 58 40 40 59 59 39 41 60 60 41 38 61 61 40 40 62 62 45 42 63 63 42 43 64 64 44 44 65 65 43 45 66 66 45 42 67 67 44 44 68 68 50 46 69 69 51 47 70 70 53 48 71 71 54 49 72 72 55 50 73 73 57 51 74 74 61 52 75 75 58 53 76 76 60 54 77 77 59 55 78 78 61 52 79 79 60 54 80 80 65 56 81 81 62 57 82 82 64 58 83 83 63 59 84 84 65 56 85 85 64 58 86 86 46 60 87 87 47 61 88 88 49 62 89 89 70 63 90 90 73 63 91 91 71 63 92 92 74 64 93 93 77 64 94 94 75 64 95 95 90 65 96 96 93 66 97 97 91 65 98 98 230 67 99 99 228 68 100 100 229 69 101 101 380 70 102 102 383 70 103 103 381 70 104 104 374 71 105 105 372 72 106 106 373 72 107 107 116 73 108 108 115 73 109 109 117 73 110 110 450 74 111 111 448 74 112 112 449 74 113 113 99 75 114 114 100 76 115 115 102 77 116 116 101 78 117 117 98 79 118 118 102 77 119 119 98 79 120 120 99 75 121 121 102 77 122 122 100 76 123 123 101 78 124 124 102 77 125 125 307 80 126 126 310 81 127 127 308 80 128 128 208 82 129 129 211 82 130 130 209 82 131 131 442 83 132 132 440 83 133 133 441 83 134 134 135 84 135 135 138 84 136 136 136 84 137 137 123 85 138 138 126 85 139 139 124 85 140 140 131 86 141 141 134 86 142 142 132 86 143 143 355 87 144 144 358 87 145 145 356 87 146 146 291 88 147 147 294 88 148 148 292 88 149 149 139 89 150 150 142 90 151 151 140 89 152 152 154 91 153 153 152 91 154 154 153 92 155 155 158 93 156 156 156 93 157 157 157 93 158 158 147 94 159 159 151 95 160 160 148 96 161 161 150 97 162 162 148 96 163 163 151 95 164 164 147 94 165 165 149 98 166 166 151 95 167 167 149 98 168 168 150 97 169 169 151 95 170 170 170 99 171 171 168 100 172 172 169 101 173 173 162 102 174 174 160 102 175 175 161 102 176 176 343 103 177 177 346 104 178 178 344 103 179 179 180 105 180 180 183 105 181 181 181 105 182 182 313 106 183 183 311 107 184 184 312 108 185 185 143 109 186 186 146 109 187 187 144 109 188 188 184 110 189 189 187 110 190 190 185 110 191 191 192 111 192 192 195 111 193 193 193 111 194 194 226 112 195 195 224 113 196 196 225 114 197 197 333 115 198 198 331 116 199 199 332 117 200 200 212 118 201 201 215 119 202 202 213 118 203 203 166 120 204 204 164 120 205 205 165 120 206 206 172 121 207 207 175 121 208 208 173 122 209 209 319 123 210 210 322 123 211 211 320 123 212 212 329 124 213 213 327 125 214 214 328 126 215 215 216 127 216 216 219 128 217 217 218 129 218 218 217 130 219 219 216 127 220 220 218 129 221 221 220 131 222 222 223 132 223 223 222 133 224 224 221 134 225 225 220 131 226 226 222 133 227 227 295 135 228 228 298 135 229 229 296 135 230 230 238 136 231 231 236 137 232 232 237 138 233 233 258 139 234 234 256 139 235 235 257 139 236 236 244 140 237 237 247 140 238 238 245 140 239 239 234 141 240 240 232 142 241 241 233 143 242 242 271 144 243 243 274 144 244 244 272 144 245 245 248 145 246 246 251 146 247 247 250 147 248 248 249 148 249 249 248 145 250 250 250 147 251 251 240 149 252 252 243 149 253 253 241 149 254 254 289 150 255 255 287 151 256 256 288 152 257 257 261 153 258 258 262 154 259 259 264 155 260 260 263 156 261 261 260 157 262 262 264 155 263 263 260 157 264 264 261 153 265 265 264 155 266 266 262 154 267 267 263 156 268 268 264 155 269 269 266 158 270 270 265 159 271 271 269 160 272 272 265 159 273 273 270 161 274 274 269 160 275 275 267 162 276 276 268 163 277 277 269 160 278 278 270 161 279 279 267 162 280 280 269 160 281 281 119 164 282 282 122 164 283 283 120 165 284 284 279 166 285 285 282 166 286 286 280 166 287 287 514 167 288 288 512 167 289 289 513 167 290 290 283 168 291 291 286 169 292 292 284 168 293 293 466 170 294 294 464 170 295 295 465 170 296 296 299 171 297 297 302 172 298 298 300 171 299 299 460 173 300 300 463 173 301 301 461 173 302 302 353 174 303 303 351 175 304 304 352 176 305 305 109 177 306 306 107 177 307 307 108 177 308 308 254 178 309 309 252 179 310 310 253 180 311 311 347 181 312 312 350 181 313 313 348 181 314 314 202 182 315 315 200 183 316 316 201 184 317 317 206 185 318 318 204 186 319 319 205 187 320 320 188 188 321 321 191 188 322 322 189 188 323 323 337 189 324 324 335 190 325 325 336 191 326 326 339 192 327 327 342 192 328 328 340 192 329 329 474 193 330 330 472 193 331 331 473 193 332 332 176 194 333 333 179 194 334 334 177 195 335 335 303 196 336 336 306 196 337 337 304 196 338 338 198 197 339 339 196 198 340 340 197 199 341 341 315 200 342 342 318 200 343 343 316 200 344 344 359 201 345 345 363 202 346 346 360 203 347 347 362 204 348 348 360 203 349 349 363 202 350 350 359 201 351 351 361 205 352 352 363 202 353 353 361 205 354 354 362 204 355 355 363 202 356 356 368 206 357 357 371 206 358 358 369 206 359 359 392 207 360 360 395 208 361 361 393 207 362 362 388 209 363 363 391 209 364 364 389 209 365 365 86 210 366 366 89 211 367 367 87 210 368 368 386 212 369 369 384 212 370 370 385 212 371 371 504 213 372 372 507 214 373 373 505 213 374 374 486 215 375 375 484 215 376 376 485 215 377 377 396 216 378 378 399 216 379 379 397 217 380 380 378 218 381 381 376 218 382 382 377 218 383 383 406 219 384 384 404 219 385 385 405 220 386 386 426 221 387 387 424 221 388 388 425 221 389 389 408 222 390 390 411 223 391 391 410 224 392 392 409 225 393 393 408 222 394 394 410 224 395 395 412 222 396 396 415 223 397 397 414 224 398 398 413 225 399 399 412 222 400 400 414 224 401 401 416 226 402 402 419 227 403 403 418 228 404 404 417 229 405 405 416 226 406 406 418 228 407 407 420 230 408 408 423 231 409 409 422 232 410 410 421 233 411 411 420 230 412 412 422 232 413 413 430 234 414 414 428 234 415 415 429 234 416 416 480 235 417 417 483 235 418 418 481 235 419 419 492 213 420 420 495 214 421 421 493 213 422 422 434 236 423 423 432 236 424 424 433 236 425 425 444 237 426 426 447 237 427 427 445 237 428 428 94 238 429 429 97 238 430 430 95 239 431 431 456 240 432 432 459 240 433 433 457 240 434 434 103 241 435 435 106 241 436 436 104 241 437 437 454 242 438 438 452 242 439 439 453 242 440 440 82 243 441 441 85 244 442 442 83 243 443 443 470 245 444 444 468 245 445 445 469 245 446 446 520 246 447 447 523 246 448 448 521 246 449 449 478 247 450 450 476 247 451 451 477 247 452 452 323 248 453 453 326 248 454 454 324 248 455 455 502 167 456 456 500 167 457 457 501 167 458 458 508 246 459 459 511 246 460 460 509 246 461 461 112 249 462 462 111 249 463 463 113 249 464 464 496 246 465 465 499 246 466 466 497 246 467 467 490 167 468 468 488 167 469 469 489 167 470 470 436 250 471 471 439 251 472 472 437 250 473 473 516 213 474 474 519 214 475 475 517 213 476 476 78 252 477 477 81 253 478 478 79 252 479 479 277 254 480 480 275 254 481 481 276 254 482 482 127 255 483 483 130 255 484 484 128 255 485 485 66 256 486 486 69 256 487 487 67 257 488 488 364 258 489 489 367 258 490 490 365 258 491 491 402 259 492 492 400 259 493 493 401 260 494 494 524 261 495 495 526 262 496 496 527 263 497 497 526 262 498 498 528 264 499 499 527 263 500 500 525 265 501 501 524 261 502 502 527 263 503 503 529 266 504 504 531 267 505 505 532 268 506 506 531 267 507 507 533 269 508 508 532 268 509 509 530 270 510 510 529 266 511 511 532 268 512 512 534 271 513 513 536 272 514 514 537 273 515 515 536 272 516 516 538 274 517 517 537 273 518 518 535 275 519 519 534 271 520 520 537 273 521 521 539 276 522 522 541 277 523 523 542 278 524 524 541 277 525 525 543 279 526 526 542 278 527 527 540 280 528 528 539 276 529 529 542 278 530 530 544 281 531 531 546 282 532 532 547 283 533 533 546 282 534 534 548 284 535 535 547 283 536 536 545 285 537 537 544 281 538 538 547 283 539 539 549 286 540 540 551 287 541 541 552 288 542 542 551 287 543 543 553 289 544 544 552 288 545 545 550 290 546 546 549 286 547 547 552 288 548 548 554 291 549 549 556 292 550 550 557 293 551 551 556 292 552 552 558 294 553 553 557 293 554 554 555 295 555 555 554 291 556 556 557 293 557 557 559 296 558 558 561 297 559 559 562 298 560 560 561 297 561 561 563 299 562 562 562 298 563 563 560 300 564 564 559 296 565 565 562 298 566 566 564 296 567 567 566 297 568 568 567 298 569 569 566 297 570 570 568 299 571 571 567 298 572 572 565 300 573 573 564 296 574 574 567 298 575 575 569 301 576 576 571 302 577 577 572 303 578 578 571 302 579 579 573 304 580 580 572 303 581 581 570 305 582 582 569 301 583 583 572 303 584 584 574 306 585 585 576 307 586 586 577 308 587 587 576 307 588 588 578 309 589 589 577 308 590 590 575 310 591 591 574 306 592 592 577 308 593 593 579 311 594 594 581 312 595 595 582 313 596 596 581 312 597 597 583 314 598 598 582 313 599 599 580 315 600 600 579 311 601 601 582 313 602 602 584 311 603 603 586 312 604 604 587 313 605 605 586 312 606 606 588 314 607 607 587 313 608 608 585 315 609 609 584 311 610 610 587 313 611 611 589 316 612 612 591 317 613 613 592 318 614 614 591 317 615 615 593 319 616 616 592 318 617 617 590 320 618 618 589 316 619 619 592 318 620 620 594 321 621 621 596 322 622 622 597 323 623 623 596 322 624 624 598 324 625 625 597 323 626 626 595 325 627 627 594 321 628 628 597 323 629 629 599 326 630 630 601 327 631 631 602 328 632 632 601 327 633 633 603 329 634 634 602 328 635 635 600 330 636 636 599 326 637 637 602 328 638 638 604 331 639 639 606 332 640 640 607 333 641 641 606 332 642 642 608 334 643 643 607 333 644 644 605 335 645 645 604 331 646 646 607 333 647 647 609 336 648 648 611 337 649 649 612 338 650 650 611 337 651 651 613 339 652 652 612 338 653 653 610 340 654 654 609 336 655 655 612 338 656 656 614 341 657 657 616 342 658 658 617 343 659 659 616 342 660 660 618 344 661 661 617 343 662 662 615 345 663 663 614 341 664 664 617 343 665 665 619 346 666 666 621 347 667 667 622 348 668 668 621 347 669 669 623 349 670 670 622 348 671 671 620 350 672 672 619 346 673 673 622 348 674 674 624 351 675 675 626 352 676 676 627 353 677 677 626 352 678 678 628 354 679 679 627 353 680 680 625 355 681 681 624 351 682 682 627 353 683 683 629 356 684 684 631 357 685 685 632 358 686 686 631 357 687 687 633 359 688 688 632 358 689 689 630 360 690 690 629 356 691 691 632 358 692 692 634 361 693 693 636 362 694 694 637 363 695 695 636 362 696 696 638 364 697 697 637 363 698 698 635 365 699 699 634 361 700 700 637 363 701 701 639 366 702 702 641 367 703 703 642 368 704 704 641 367 705 705 643 369 706 706 642 368 707 707 640 370 708 708 639 366 709 709 642 368 710 710 644 371 711 711 646 372 712 712 647 373 713 713 646 372 714 714 648 374 715 715 647 373 716 716 645 375 717 717 644 371 718 718 647 373 719 719 649 376 720 720 651 377 721 721 652 378 722 722 651 377 723 723 653 379 724 724 652 378 725 725 650 380 726 726 649 376 727 727 652 378 728 728 654 381 729 729 656 382 730 730 657 383 731 731 656 382 732 732 658 384 733 733 657 383 734 734 655 385 735 735 654 381 736 736 657 383 737 737 2 0 738 738 4 4 739 739 5 1 740 740 1 3 741 741 3 5 742 742 5 1 743 743 8 6 744 744 10 10 745 745 11 7 746 746 7 9 747 747 9 11 748 748 11 7 749 749 14 12 750 750 16 16 751 751 17 13 752 752 13 15 753 753 15 17 754 754 17 13 755 755 50 46 756 756 52 386 757 757 51 47 758 758 54 49 759 759 56 387 760 760 55 50 761 761 46 60 762 762 48 388 763 763 47 61 764 764 70 63 765 765 72 63 766 766 73 63 767 767 74 64 768 768 76 64 769 769 77 64 770 770 90 65 771 771 92 66 772 772 93 66 773 773 230 67 774 774 231 389 775 775 228 68 776 776 380 70 777 777 382 70 778 778 383 70 779 779 374 71 780 780 375 71 781 781 372 72 782 782 116 73 783 783 118 73 784 784 115 73 785 785 450 74 786 786 451 74 787 787 448 74 788 788 307 80 789 789 309 81 790 790 310 81 791 791 208 82 792 792 210 82 793 793 211 82 794 794 442 83 795 795 443 83 796 796 440 83 797 797 135 84 798 798 137 84 799 799 138 84 800 800 123 85 801 801 125 85 802 802 126 85 803 803 131 86 804 804 133 86 805 805 134 86 806 806 355 87 807 807 357 87 808 808 358 87 809 809 291 88 810 810 293 88 811 811 294 88 812 812 139 89 813 813 141 90 814 814 142 90 815 815 154 91 816 816 155 91 817 817 152 91 818 818 158 93 819 819 159 93 820 820 156 93 821 821 170 99 822 822 171 390 823 823 168 100 824 824 162 102 825 825 163 102 826 826 160 102 827 827 343 103 828 828 345 104 829 829 346 104 830 830 180 105 831 831 182 105 832 832 183 105 833 833 313 106 834 834 314 391 835 835 311 107 836 836 143 109 837 837 145 109 838 838 146 109 839 839 184 110 840 840 186 110 841 841 187 110 842 842 192 111 843 843 194 111 844 844 195 111 845 845 226 112 846 846 227 392 847 847 224 113 848 848 333 115 849 849 334 393 850 850 331 116 851 851 212 118 852 852 214 119 853 853 215 119 854 854 166 120 855 855 167 394 856 856 164 120 857 857 172 121 858 858 174 121 859 859 175 121 860 860 319 123 861 861 321 123 862 862 322 123 863 863 329 124 864 864 330 395 865 865 327 125 866 866 295 135 867 867 297 135 868 868 298 135 869 869 238 136 870 870 239 396 871 871 236 137 872 872 258 139 873 873 259 139 874 874 256 139 875 875 244 140 876 876 246 140 877 877 247 140 878 878 234 141 879 879 235 397 880 880 232 142 881 881 271 144 882 882 273 144 883 883 274 144 884 884 240 149 885 885 242 149 886 886 243 149 887 887 289 150 888 888 290 398 889 889 287 151 890 890 119 164 891 891 121 164 892 892 122 164 893 893 279 166 894 894 281 166 895 895 282 166 896 896 514 167 897 897 515 167 898 898 512 167 899 899 283 168 900 900 285 169 901 901 286 169 902 902 466 170 903 903 467 170 904 904 464 170 905 905 299 171 906 906 301 172 907 907 302 172 908 908 460 173 909 909 462 173 910 910 463 173 911 911 353 174 912 912 354 399 913 913 351 175 914 914 109 177 915 915 110 400 916 916 107 177 917 917 254 178 918 918 255 401 919 919 252 179 920 920 347 181 921 921 349 181 922 922 350 181 923 923 202 182 924 924 203 402 925 925 200 183 926 926 206 185 927 927 207 403 928 928 204 186 929 929 188 188 930 930 190 188 931 931 191 188 932 932 337 189 933 933 338 404 934 934 335 190 935 935 339 192 936 936 341 192 937 937 342 192 938 938 474 193 939 939 475 405 940 940 472 193 941 941 176 194 942 942 178 194 943 943 179 194 944 944 303 196 945 945 305 196 946 946 306 196 947 947 198 197 948 948 199 406 949 949 196 198 950 950 315 200 951 951 317 200 952 952 318 200 953 953 368 206 954 954 370 206 955 955 371 206 956 956 392 207 957 957 394 208 958 958 395 208 959 959 388 209 960 960 390 209 961 961 391 209 962 962 86 210 963 963 88 211 964 964 89 211 965 965 386 212 966 966 387 212 967 967 384 212 968 968 504 213 969 969 506 214 970 970 507 214 971 971 486 215 972 972 487 215 973 973 484 215 974 974 396 216 975 975 398 216 976 976 399 216 977 977 378 218 978 978 379 218 979 979 376 218 980 980 406 219 981 981 407 407 982 982 404 219 983 983 426 221 984 984 427 221 985 985 424 221 986 986 430 234 987 987 431 234 988 988 428 234 989 989 480 235 990 990 482 235 991 991 483 235 992 992 492 213 993 993 494 214 994 994 495 214 995 995 434 236 996 996 435 236 997 997 432 236 998 998 444 237 999 999 446 237 1000 1000 447 237 1001 1001 94 238 1002 1002 96 238 1003 1003 97 238 1004 1004 456 240 1005 1005 458 240 1006 1006 459 240 1007 1007 103 241 1008 1008 105 241 1009 1009 106 241 1010 1010 454 242 1011 1011 455 242 1012 1012 452 242 1013 1013 82 243 1014 1014 84 244 1015 1015 85 244 1016 1016 470 245 1017 1017 471 245 1018 1018 468 245 1019 1019 520 246 1020 1020 522 246 1021 1021 523 246 1022 1022 478 247 1023 1023 479 247 1024 1024 476 247 1025 1025 323 248 1026 1026 325 248 1027 1027 326 248 1028 1028 502 167 1029 1029 503 167 1030 1030 500 167 1031 1031 508 246 1032 1032 510 246 1033 1033 511 246 1034 1034 112 249 1035 1035 114 249 1036 1036 111 249 1037 1037 496 246 1038 1038 498 246 1039 1039 499 246 1040 1040 490 167 1041 1041 491 167 1042 1042 488 167 1043 1043 436 250 1044 1044 438 251 1045 1045 439 251 1046 1046 516 213 1047 1047 518 214 1048 1048 519 214 1049 1049 78 252 1050 1050 80 253 1051 1051 81 253 1052 1052 277 254 1053 1053 278 254 1054 1054 275 254 1055 1055 127 255 1056 1056 129 255 1057 1057 130 255 1058 1058 66 256 1059 1059 68 256 1060 1060 69 256 1061 1061 364 258 1062 1062 366 258 1063 1063 367 258 1064 1064 402 259 1065 1065 403 259 1066 1066 400 259 1067 1067</p>
        </polylist>
      </mesh>
      <extra><technique profile="MAYA"><double_sided>1</double_sided></technique></extra>
    </geometry>
    <geometry id="tree_oak_bush_a200-mesh" name="tree_oak_bush_a200">
      <mesh>
        <source id="tree_oak_bush_a200-mesh-positions">
          <float_array id="tree_oak_bush_a200-mesh-positions-array" count="2985">4.22232 0.280665 -1.588668 4.204224 0.3250533 -1.579386 4.174963 0.2851589 -1.577663 4.61999 0.1136796 1.805601 4.604882 0.1603232 1.814842 4.57323 0.1186176 1.816605 4.694952 -0.05749148 2.424624 4.674362 -0.01644277 2.438229 4.651281 -0.05054497 2.433385 4.807921 -0.1960073 2.834884 4.786764 -0.1565199 2.850677 4.763959 -0.1888263 2.842668 4.927611 -0.3379048 3.090259 4.907289 -0.3005469 3.109781 4.882812 -0.3293057 3.095871 5.039097 -0.5345671 3.417454 5.028745 -0.5063802 3.441926 5.001842 -0.5250312 3.431033 5.234139 -0.7932767 3.764963 5.226472 -0.7775507 3.774684 5.213976 -0.7889102 3.767919 5.484188 -1.035251 4.135188 5.477995 -1.02415 4.152561 5.460877 -1.032504 4.143215 5.65086 -1.258206 4.380639 5.647705 -1.252861 4.385517 5.642574 -1.25547 4.381531 -0.9392193 0.3121031 -0.6884052 -0.9065812 0.3320591 -0.6796098 -0.9416368 0.3494662 -0.676615 -1.105428 -0.2742696 2.205344 -1.070649 -0.2564005 2.214077 -1.107423 -0.2373249 2.217131 -1.245836 -0.4823097 2.968068 -1.216235 -0.4616691 2.982195 -1.245821 -0.4471486 2.977128 -1.35105 -0.6759489 3.476541 -1.3228 -0.6555109 3.493382 -1.350863 -0.6403225 3.484395 -1.465539 -0.8297601 3.796808 -1.438956 -0.811061 3.818303 -1.464283 -0.7928059 3.801934 -1.608207 -1.015928 4.215139 -1.585163 -0.9991866 4.24216 -1.605052 -0.9768254 4.216513 -1.795544 -1.304118 4.643536 -1.776215 -1.292358 4.662249 -1.793919 -1.275585 4.648354 -1.966484 -1.61902 5.116664 -1.950208 -1.609654 5.139594 -1.962666 -1.588445 5.118757 -2.127368 -1.839074 5.423646 -2.115022 -1.830873 5.442217 -2.123589 -1.815738 5.426031 0.3387418 0.9135364 -0.8994689 0.3005843 0.9227472 -0.8994689 0.3116863 0.885096 -0.8994689 0.3430992 0.8987585 2.092583 0.3049414 0.9079696 2.092583 0.3160434 0.8703183 2.092583 0.3866716 0.7509874 2.924517 0.348767 0.7593401 2.930374 0.3593628 0.7234056 2.91866 0.4605139 0.5378581 3.471546 0.423147 0.5452569 3.481024 0.4323682 0.512277 3.461837 0.556922 0.3080506 3.798082 0.5207598 0.312194 3.812778 0.5274339 0.2862409 3.784095 0.6585666 -0.07312518 4.16984 0.6244539 -0.07642096 4.188979 0.6270289 -0.08749598 4.151407 0.8437901 -0.5678505 4.507709 0.8181755 -0.5673649 4.522369 0.819638 -0.5797591 4.49562 1.001127 -1.192174 4.780159 0.9774156 -1.199706 4.796042 0.9750729 -1.196066 4.766846 1.120079 -1.71164 4.841362 1.100992 -1.717702 4.854146 1.099107 -1.714773 4.830646 2.133152 0.4344267 -0.7787132 2.104742 0.4402319 -0.7787132 2.11392 0.4127246 -0.7787132 2.136755 0.4236303 1.822895 2.108344 0.4294356 1.822895 2.117522 0.4019284 1.822895 2.161446 0.3539754 2.576762 2.13317 0.3603639 2.577493 2.141818 0.3327073 2.578575 2.220195 0.2521814 3.087591 2.192631 0.2574056 3.094929 2.199854 0.2320778 3.082796 2.291614 0.1629099 3.586828 2.263966 0.1691049 3.592999 2.270642 0.1441422 3.57984 2.315926 5.54088e-4 4.055277 2.295056 0.005423665 4.059302 2.300164 -0.01332306 4.049407 2.354086 -0.2471939 4.506823 2.334014 -0.246484 4.515313 2.337526 -0.2569114 4.496489 2.405776 -0.5247198 4.784912 2.389618 -0.5241481 4.791744 2.392446 -0.5325422 4.776593 -4.482868 0.4598587 -1.647721 -4.560547 0.5175501 -1.659838 -4.521985 0.4142245 -1.64557 -4.678464 0.1392149 2.03549 -4.721043 0.1708368 2.028848 -4.699905 0.114202 2.036668 -4.773748 -0.04017716 3.181784 -4.816965 -0.008756995 3.183184 -4.79455 -0.06498795 3.174922 -4.842863 -0.2508727 3.956377 -4.886229 -0.2203053 3.962853 -4.863302 -0.273411 3.943953 -4.874437 -0.5318405 4.438984 -4.9185 -0.5050671 4.453072 -4.894149 -0.54971 4.420132 -4.985232 -0.9960483 5.002041 -5.031141 -0.9788488 5.023335 -5.0031 -1.004344 4.975981 -5.050495 -1.651383 5.545504 -5.083388 -1.634739 5.561515 -5.058353 -1.659441 5.528755 -5.215227 -2.464256 6.012762 -5.250191 -2.458377 6.031691 -5.221013 -2.461549 5.993099 -5.359773 -3.112983 6.244227 -5.379831 -3.109609 6.255084 -5.359244 -3.111979 6.233164 -4.599893 0.4481413 -1.683967 -4.742608 0.1327922 2.015623 -4.837893 -0.04659956 3.161917 -4.9069 -0.2565851 3.936267 -4.924626 -0.5338525 4.422057 -5.035421 -0.9980604 4.985114 -5.089171 -1.653554 5.530591 -5.253902 -2.466428 5.997851 -5.38258 -3.115401 6.233759 -4.589271 0.3682156 0.6215403 -4.558991 0.4035388 0.619876 -4.619121 0.4481958 0.6104965 -4.649576 0.3944687 0.5918195 -4.833201 -0.1596069 3.618769 -4.81258 -0.1359324 3.628411 -4.855872 -0.1049383 3.632349 -4.876671 -0.1419997 3.608424 -1.330545 -0.643936 3.3747 -1.301091 -0.6204435 3.386634 -1.332008 -0.6046867 3.359221 -1.215495 -0.8428138 4.065136 -1.192039 -0.8262659 4.071642 -1.215699 -0.8133366 4.058432 -1.011983 -0.9841213 4.695928 -0.9893805 -0.9691046 4.709611 -1.011498 -0.9531572 4.684281 -0.8938621 -1.129911 5.217323 -0.8824301 -1.119622 5.220886 -0.8971163 -1.114819 5.211771 -3.1844 -0.3846901 -0.724805 -3.192146 -0.337385 -0.7155228 -3.229563 -0.3697533 -0.7137999 -3.001702 -0.5977602 1.929539 -3.006033 -0.5489225 1.93878 -3.046185 -0.5825234 1.940543 -2.88753 -0.941546 2.958822 -2.899353 -0.8983362 2.974615 -2.928786 -0.9247463 2.966606 -2.842406 -1.129277 3.214197 -2.853889 -1.088329 3.233719 -2.884161 -1.110908 3.21981 -2.718448 -1.367791 3.63081 -2.726642 -1.342808 3.647158 -2.747594 -1.353309 3.632627 -2.302567 -2.164914 4.504577 -2.304452 -2.159 4.509455 -2.310034 -2.1604 4.505469 3.509302 0.2950814 -0.9811088 3.533221 0.3536757 -0.9875676 3.469419 0.344461 -0.98537 3.452207 0.1095821 2.172497 3.48095 0.1675761 2.16645 3.413281 0.1588401 2.168327 3.425553 0.09250795 3.580648 3.441953 0.1521337 3.583157 3.391933 0.1401649 3.572275 3.325711 0.03664171 3.965975 3.340508 0.09526181 3.97386 3.292877 0.08534348 3.9543 3.250128 -0.1166138 4.588975 3.257436 -0.07819324 4.598866 3.228596 -0.08177173 4.577738 2.955913 -0.8725768 6.051349 2.957653 -0.8630613 6.054845 2.950809 -0.8626675 6.048828 -2.894307 -0.760139 1.709428 -2.908858 -0.3268851 0.7945258 -3.930394 -0.6608044 2.986425 -4.651031 0.3584693 0.2648673 -5.518947 0.660883 1.943708 -0.7639716 -0.06615847 1.752748 -1.060209 0.2503299 0.8378464 -1.609144 -0.6736336 3.029746 -2.822663 -0.3810437 0.308188 -3.674993 -0.7249444 1.987028 0.7147709 0.6616008 3.439862 0.5433269 1.062323 2.526081 -0.153364 -0.4008395 4.351798 -0.7630707 0.08978039 1.461701 -1.810618 -0.8082785 2.788112 2.657848 -0.210971 2.761483 2.829648 0.05082273 1.798719 1.308523 -0.110123 3.70128 1.216963 0.2718753 0.7329797 -0.113542 0.6699789 2.049983 1.476892 0.9427808 2.180083 1.540384 1.125826 1.186388 0.1958791 0.57124 3.147053 0.01608043 0.4876233 0.1594462 -1.385421 0.4383801 1.461986 4.918188 -0.1546525 2.594901 5.041533 -0.00524497 1.601206 3.588026 -0.05610507 3.561871 3.390362 -0.07176584 0.5742646 2.059681 0.3708654 1.876804 3.84532 -0.02641201 3.822328 4.00303 0.1817852 2.844193 2.467656 -0.07803481 4.724247 2.412113 0.04179936 1.732982 0.9912403 0.3158905 2.985678 3.610189 0.1519141 0.9910159 3.442988 0.3222563 0.1978241 2.82353 0.1096775 2.084737 1.901553 0.207723 -0.1827971 1.185049 0.4319779 1.191451 -1.513086 -0.6386951 2.855964 -1.680286 -0.468353 2.062772 -2.299747 -0.6809317 3.949685 -3.221724 -0.5828862 1.682151 -3.938227 -0.3586313 3.056399 -3.616387 -0.5446554 3.184948 -3.734494 -0.3372333 2.391757 -4.387712 -0.3844082 4.278669 -5.254 -0.05395114 2.011136 -5.889378 0.3460007 3.385384 0.06016725 0.7979906 2.488311 0.002936065 1.257965 1.516533 -1.139766 -0.03215444 3.458128 -1.618395 0.6487092 0.3845965 -2.953277 0.03936487 1.795195 3.237736 0.6041661 2.20716 3.333474 0.6892154 1.138138 1.833346 0.5856393 3.25447 1.597619 0.2644355 0.09527343 0.1411951 0.6370308 1.467498 5.426794 0.5187072 1.747081 5.522531 0.6037566 0.6780597 4.022407 0.5001804 2.794391 3.786679 0.1789767 -0.3648054 2.330252 0.5515719 1.007419 -1.942725 0.08151835 2.423871 -1.873293 0.3733047 1.389828 -3.317089 -0.09549683 3.495925 -3.653345 0.2239077 0.3456585 -5.054663 0.3674543 1.814911 -2.34673 -0.2848695 3.405441 -2.453197 -0.4970603 2.611863 -3.186248 0.2582624 4.309358 -3.976613 -0.6540387 2.177601 -4.729208 0.2499637 3.211336 -0.5074018 0.3390185 3.298535 -0.4680302 0.1049029 2.504957 -1.505645 0.2816265 4.202453 -1.604803 -0.9213442 2.070695 -2.745985 -0.6361698 3.10443 1.651846 0.5912746 3.386037 1.575825 0.3663727 2.592459 0.7451397 1.012776 4.289954 0.08888006 -2.87412e-4 2.158197 -0.7817729 0.7906515 3.191932 4.90984 1.05338 3.372227 5.040392 0.6744137 2.647337 3.822583 1.121577 4.166006 3.985595 -0.4691252 2.310081 2.732861 -0.04715442 3.149626 -0.5643656 -0.06090956 0.4274123 -0.8687636 0.3074627 -0.5811282 -1.535601 -0.6717711 1.835108 -2.850859 -0.2672747 -1.164996 -3.812033 -0.5876533 0.6856703 1.32849 0.7238205 0.1295909 1.026318 0.7318192 -0.9447183 0.3926299 0.3734602 1.645994 -0.7934136 -0.3271685 -1.353434 -1.794143 -0.27669 0.5033003 3.403344 -0.03807353 0.008556902 3.112106 0.1512346 -1.225966 2.276064 0.1807093 1.751104 0.6933141 0.2065776 -1.695633 -0.2567982 0.8570252 0.437998 5.506969 0.3386165 -0.06585443 5.21125 0.5151598 -1.200739 4.432572 0.1026527 1.51988 3.063087 -0.05534678 -1.705413 2.023946 0.1091155 0.2745538 -2.563223 -0.9243648 -0.2911154 -2.643313 -0.4149909 -1.359153 -3.636146 -0.7422568 1.302696 -4.68144 0.5023554 -1.805563 -5.504782 0.9101682 0.2396579 -1.986745 -0.1517053 -0.1102788 -2.20697 0.3145328 -1.178317 -3.067548 -0.2789503 1.483533 -4.420899 0.6211293 -1.624726 -5.325741 0.7807124 0.4204944 0.2118493 0.7661449 0.03332453 -0.09951615 0.737298 -1.110704 -0.8332858 0.6592034 1.652219 -2.173542 -0.1273173 -1.492311 -3.227042 0.2224513 0.455748 2.66137 0.8267077 0.1222466 2.357264 0.8995104 -1.021782 1.63735 1.061503 1.741141 0.1153665 0.7477036 -1.403389 -0.7697174 1.417645 0.5446701 5.30304 0.6034542 -0.7140715 4.59336 0.7248841 -1.809827 4.76519 0.7245522 1.347011 2.111769 0.4538905 -1.467648 1.815444 1.045939 0.9209986 -5.275749 -0.5212041 2.745844 -5.275749 0.02977168 3.508856 -3.076424 -0.5212016 2.745842 -3.076424 0.02129477 3.497118 -4.168176 -0.3620274 3.389301 -4.388652 -0.8047674 1.783885 -4.347496 -0.255331 2.546897 -2.195471 -0.969047 1.783883 -2.154949 -0.428066 2.535158 -3.272282 -0.7287676 2.427342 -2.425849 -1.202844 2.631785 -2.575809 -0.6726678 3.394797 -0.3095507 -0.6042481 2.631783 -0.4572046 -0.08223176 3.383059 -1.40341 -0.7482265 3.275242 0.9763784 -0.0826267 2.326467 0.9906538 0.2349152 3.212313 3.163371 -0.3105384 2.372914 3.177425 0.002116143 3.245135 2.061148 -0.2216651 3.012059 3.340367 -0.5505197 2.191474 3.159293 -0.2892743 3.077321 5.218161 0.5934965 2.237922 5.039871 0.8507185 3.110142 4.28752 -0.003753542 2.877067 2.383789 -0.03643018 0.507808 2.396131 0.2811928 1.393655 4.572132 -0.2510184 0.5542559 4.584278 0.0617159 1.426476 3.469385 -0.1688596 1.1934 -1.176529 0.2970938 1.035515 -1.204702 0.6137057 1.921362 1.02133 0.3627099 1.081963 0.9935834 0.6744482 1.954183 -0.08290743 0.3038794 1.721107 -5.440273 0.5070644 0.9593177 -5.267465 0.7738485 1.845165 -3.668356 -0.7949318 1.005766 -3.498211 -0.5322505 1.877986 -4.574524 -0.1611648 1.64491 -3.112473 -1.297147 2.981952 -3.050068 -1.478552 2.066028 -2.731958 -0.2514814 2.213753 -2.86621 -0.3553791 3.078075 -2.769787 -0.8825412 2.848134 -4.314485 -0.07429724 2.14653 -4.244717 0.03079295 3.079188 -2.608366 -1.461873 2.175252 -2.539673 -1.358403 3.093561 -3.564907 -0.8945623 2.803334 -3.535407 -0.5045374 3.032314 -3.784733 -1.229261 2.49535 -2.517166 -1.296729 2.627401 -2.56375 -0.5705003 3.123679 -3.090181 -0.8213778 3.125195 -2.463521 -0.6191222 0.4417493 -3.818655 -0.4168062 2.467028 -2.384844 -0.4445196 2.454241 -3.839673 -0.589794 0.4851768 -3.11373 -0.6803233 2.482554 -3.125918 -0.7799516 1.341151 -0.343904 0.1951621 0.6286736 -1.662922 -0.1756667 2.653952 -0.3436966 0.3866715 2.641166 -1.611199 -0.3420742 0.6721008 -0.9119204 -0.1271384 2.669478 -0.8822078 -0.2230108 1.528076 0.6441523 -0.1343632 3.818652 0.8017212 0.06380701 4.725108 1.086939 -2.253726 4.205013 1.24208 -2.058603 5.097525 0.7310669 -1.11294 4.655864 0.2247588 1.116147 2.974967 0.3768638 1.415335 3.854234 0.6922932 -0.9417294 3.594316 0.8420552 -0.6471415 4.460057 0.3209208 0.2373543 3.915481 1.199397 -1.001554 3.803842 0.8262453 -0.8174046 4.648004 0.4347075 0.9167791 3.047344 0.06730175 1.098093 3.878521 0.78094 0.195824 4.043161 1.444819 -2.244793 4.397331 1.094047 -2.020934 5.241492 0.8945388 -0.2543304 3.640832 0.5491683 -0.03391736 4.47201 1.159837 -1.00883 4.63665 -5.051281 -3.552814 5.769779 -5.547761 -3.218103 6.495892 -4.786751 -1.506835 5.007524 -5.27559 -1.177276 5.722469 -5.034144 -2.281502 5.992407 -5.264904 -1.612037 4.818434 -4.880665 -1.289906 5.6149 -5.676377 -3.53864 5.796151 -5.298053 -3.221461 6.580363 -5.442371 -2.287661 5.903852 -4.817887 -0.04100281 3.643793 -4.377082 0.1979507 4.440258 -5.605635 -1.846706 4.62151 -5.171615 -1.611423 5.405722 -5.126638 -0.6676083 4.729211 -4.956881 -2.027236 4.697572 -5.260445 -1.599615 5.47908 -4.586124 -0.06805521 3.769569 -4.885014 0.3529846 4.539057 -4.737819 -0.7621961 4.830919 -4.894912 -1.135322 5.504289 -5.326491 -0.8054537 4.742289 -5.633454 -2.041454 4.824721 -5.139713 -2.081103 5.553087 -5.288882 -1.523639 5.469112 -4.825165 0.2481819 4.195489 -5.073094 0.3938505 3.304967 -4.826228 -0.8536931 3.411779 -4.639781 -0.7100487 4.260585 -4.976457 -0.271373 4.075432 -4.78485 -0.7852267 4.521949 -4.52704 -0.9125944 3.631427 -4.86343 0.3138435 3.738239 -5.039006 0.1570997 4.587045 -4.671505 -0.256095 4.401892 -4.851939 -0.5481207 4.119531 -5.077862 -0.5065102 3.212367 -3.880288 -0.07561904 3.306532 -3.93375 -0.2153862 4.174561 -4.336595 -0.5479959 3.915419 -5.304167 0.4700111 3.404881 -5.307965 0.6058583 2.721719 -5.15436 -0.2283179 2.778475 -5.243272 -0.1654316 3.425004 -5.522789 0.1005848 3.226219 -4.997703 -1.853378 4.73642 -5.385068 -1.806239 5.121744 -4.756703 -0.7529709 4.844073 -5.145764 -0.7135605 5.22864 -4.983921 -1.329924 5.314388 -4.757237 -1.341924 4.849657 -4.951158 0.1108781 4.068638 -4.703312 7.23492e-4 4.545278 -5.041908 -0.9975711 3.859656 -4.79342 -1.099939 4.337765 -5.066679 -0.5372744 4.486722 -5.133586 -0.4295013 3.985312 -5.491253 0.4025061 3.079416 -5.13035 0.6648313 3.398292 -4.93077 -0.5669311 3.242573 -4.573802 -0.2977942 3.560302 -5.092038 0.06936079 3.660693 -5.319157 -0.1241732 3.23824 -5.423481 0.3216338 2.339955 -5.262807 0.4838013 2.838586 -4.670912 -0.5228633 2.372104 -4.515522 -0.3547605 2.87051 -5.125535 -0.1518555 2.883349 -5.155261 -0.1877688 2.368246 -2.736743 -0.6402638 1.058524 -2.814031 -0.4254589 1.557156 -1.650656 -0.3241146 1.090673 -1.735576 -0.1115291 1.589079 -2.181137 -0.5749506 1.601918 -2.161501 -0.6172344 1.086815 -1.236706 -0.5326616 2.028875 -1.395007 -0.2306889 2.458411 -0.2123711 -0.05343508 2.069476 -0.3778717 0.2451709 2.498727 -0.756291 -0.2677729 2.583199 -0.6760783 -0.4157391 2.094142 -2.320947 -1.166946 5.051374 -2.480911 -1.032189 4.139251 -1.351003 -1.167366 4.301305 -1.473019 -1.212491 5.172478 -1.912074 -1.486791 4.857052 -2.054974 -0.8698659 5.200419 -1.988121 -0.6716778 4.288296 -1.700332 -1.77265 4.45035 -1.786989 -1.675619 5.321523 -2.20296 -1.367437 5.006097 -2.5235 -2.187281 5.48616 -2.481925 -2.246246 4.553147 -2.099876 -1.21148 4.876446 -2.289123 -1.395098 5.716886 -2.072973 -1.87285 5.412688 -1.813645 -1.936786 4.486637 -2.166985 -1.870225 4.900725 -1.672078 -0.8156271 4.427221 -2.026413 -0.7569429 4.841725 -1.798207 -1.339919 4.988387 -1.614778 -1.396208 4.508086 -2.175166 -1.142115 5.056766 -1.849843 -1.295231 5.470854 -2.593602 -2.191854 4.997351 -2.265337 -2.337594 5.411855 -2.339918 -1.716002 5.558516 -2.503346 -1.615476 5.078216 -2.455751 -2.128755 4.68762 -2.317704 -1.202386 4.753079 -2.384196 -1.244364 5.22398 -2.215602 -2.154377 5.09596 -2.226114 -2.509868 4.129805 -2.677721 -1.689338 4.195265 -2.70517 -1.763025 4.666166 -2.019564 -2.384708 4.538146 -2.238038 -2.405783 4.705681 -2.264544 -2.613256 3.793557 -2.763557 -1.59054 3.955612 -2.659486 -1.668601 4.826785 -2.190958 -1.88881 4.511359 2.797234 -0.3448094 5.762263 2.501219 -0.3074738 4.875302 3.646753 -0.4021241 4.879977 3.654832 -0.3603001 5.759779 3.184446 -0.6744117 5.541659 3.071414 -0.02863258 5.840174 2.997398 0.07644337 4.913243 3.344575 -0.9960075 5.13806 3.382579 -0.8120781 5.998637 2.91438 -0.5464189 5.719859 2.567441 -0.07117885 4.807915 2.331835 0.1515674 3.930081 2.260345 -0.9888398 4.054929 2.564926 -0.9259641 4.879034 2.192666 -0.4717818 4.728547 3.243655 -1.157856 5.206745 2.952386 -1.056509 5.660217 3.335229 -0.0460053 5.017078 3.043309 0.04752963 5.471882 3.310985 -0.512557 5.639523 3.424248 -0.6139548 5.145162 2.383005 -1.069322 4.201467 2.119377 -1.087636 4.682002 2.537613 0.04444044 4.328737 2.272898 0.01830077 4.808375 2.511064 -0.5787942 4.794109 2.595402 -0.5400853 4.285295 2.76799 -1.302535 5.599978 2.881205 -0.3716953 5.552847 2.885666 -0.3665879 6.03022 3.06591 -1.281274 5.968576 2.652685 -1.283034 6.09384 3.13368 -1.54956 5.336655 3.100835 -0.4010502 5.369504 2.585259 -0.4280134 6.083172 2.994526 -0.8754501 6.0261 2.638781 -0.4904119 5.901941 2.649478 -0.1595882 5.026636 3.341585 -1.231779 5.016065 3.172147 -1.309989 5.876905 2.762293 -0.9658857 5.645211 2.941354 0.1823713 4.980539 2.952052 0.5131954 4.105235 3.644159 -0.5589958 4.094663 3.474721 -0.6372054 4.955503 3.064866 -0.293102 4.723809 3.575167 -0.6657286 4.345868 3.385818 -0.850072 4.826403 2.973394 0.2841349 4.473138 2.788274 0.09311735 4.952777 3.355893 -0.2086334 4.938511 3.395239 -0.1245904 4.429697 2.708887 -0.4807408 4.204381 2.62896 -0.2030066 4.670453 3.817605 -0.2623123 4.264358 3.729889 0.01389014 4.730007 3.241645 -0.4027373 4.768586 3.281663 -0.5065661 4.26349 2.823538 -0.1139333 4.49135 2.55084 -0.1755318 3.598288 3.816577 -0.01348829 3.579144 3.793331 0.009705543 4.459369 3.311821 -0.2631237 4.27557 3.077719 -0.5235354 3.542286 2.844482 -0.3528727 4.008357 3.820624 0.3279702 3.602262 3.582167 0.4926521 4.067911 3.451201 -0.1356855 4.106489 3.54641 -0.1932796 3.601393 1.809082 0.2139619 3.747488 1.868628 0.3186588 4.282503 2.862234 -0.1984737 3.710985 2.914383 -0.090878 4.246256 2.278628 -0.1849064 4.225684 2.278727 -0.1183938 3.712771 2.104296 0.1617712 4.666361 1.941844 0.5246713 3.81923 2.73796 -0.2988523 3.723125 2.737121 -0.4130165 4.596529 2.185523 -0.3005585 4.371585 -0.6638526 -0.5658949 3.298909 -0.8544948 -0.2832239 3.728445 0.3013776 0.02338385 3.33951 0.1039543 0.3019148 3.768761 -0.2155859 -0.2496366 3.853233 -0.1195422 -0.3878531 3.364175 -1.864641 -2.411987 3.548049 -2.350395 -2.29207 4.345186 -2.767998 -0.5845007 2.722649 -3.246271 -0.4664294 3.507526 -2.450773 -1.279203 3.7464 -3.170822 -0.7624914 2.658154 -2.894245 -0.2435076 3.392951 -2.546498 -2.58861 3.712933 -2.274188 -2.077607 4.436425 -2.901769 -1.363049 3.768575 -2.445792 -0.9933768 3.143721 -2.349302 -1.213211 4.053737 -0.3890506 -0.214937 3.113693 -0.2940487 -0.4314007 4.009705 -1.263022 -0.9692597 3.660028 -3.814224 -0.9064881 2.757266 -3.904651 -0.691891 3.669153 -1.649098 -1.17492 3.035147 -1.738143 -0.9636338 3.933005 -2.819375 -1.140703 3.545628 -1.347234 -1.189149 5.360647 -1.503639 -1.416444 4.466447 -0.6341546 -0.6659777 4.511409 -0.734972 -0.5888513 5.38305 -0.823238 -1.154367 5.183281 -1.610157 -0.9421219 4.517073 -1.46004 -0.6154046 4.93116 -0.5566155 -1.350886 4.457657 -0.4138988 -1.021295 4.872161 -1.034781 -1.101588 5.018823 -1.133798 -1.265934 4.538522 -0.6007152 -1.420328 4.747804 -0.9424966 -1.531972 5.161892 -1.016011 -0.3693441 4.688389 -1.354876 -0.4883723 5.102893 -0.874341 -0.8896521 5.249554 -0.6864551 -0.8507485 4.769254 -3.230012 -1.371533 3.206586 -2.924736 -1.181572 3.620674 -2.575969 -2.293089 3.14717 -2.275285 -2.096652 3.561675 -2.83768 -1.821605 3.708336 -3.010858 -1.904209 3.228036 -2.534747 -2.238026 4.017772 -2.582681 -2.442057 3.105746 -2.179099 -1.372471 3.22548 -2.285231 -1.421361 4.098528 -2.09576 -1.94233 3.853179 -5.311601 -2.134779 5.975823 -5.683012 -1.728691 5.218945 -5.647774 -2.865122 5.050089 -5.237878 -2.975371 5.821903 -5.661508 -2.54204 5.838201 -5.170883 -2.061771 5.436591 -4.840462 -2.501857 4.679713 -4.765691 -1.367341 4.510857 -5.163012 -1.217988 5.28267 -4.783249 -1.690237 5.298968 -4.906623 0.04528057 3.674196 -4.681669 0.006422281 4.172827 -5.168001 -1.055273 3.706345 -4.941207 -1.0864 4.204751 -5.12418 -0.4701157 4.21759 -5.170644 -0.466311 3.702486 -5.081657 -1.188762 3.759923 -5.277211 -1.070976 4.258555 -4.438987 -0.257898 3.792072 -4.639056 -0.1466484 4.290478 -4.692015 -0.7873364 4.303317 -4.650094 -0.8077311 3.788214 -1.728084 -1.205178 3.91196 -1.853589 -1.014485 4.410592 -0.7464134 -0.6431679 3.94411 -0.8788132 -0.4564211 4.442515 -1.203286 -1.011402 4.455355 -1.174281 -1.047902 3.940251 -1.524793 -1.116544 4.492842 -1.933779 -0.9382565 3.670247 -0.9712435 -0.3148384 3.748363 -0.8377273 -0.6085878 4.567971 -1.063055 -1.032596 4.197901 -0.9435709 0.3197295 3.609229 -0.8581746 -0.1794514 4.402505 1.231386 0.2056782 3.303319 1.315468 -0.2858258 4.08439 0.1784262 -0.2733749 3.84469 0.2952381 0.3467846 3.012905 0.373662 0.1633195 3.995056 2.616758 0.134678 2.787905 2.693977 -0.04596883 3.754947 1.487541 -0.13805 3.495252 6.304179 -1.993513 4.104611 5.869582 -1.812062 4.919451 5.091719 -0.4489554 3.113994 4.663812 -0.2702962 3.916301 5.581754 -0.927424 4.192066 4.878207 -0.617281 3.155811 4.936923 -0.1040759 3.942538 6.03599 -2.221798 4.116074 6.0938 -1.716486 4.890696 5.289633 -1.192265 4.235727 4.792816 -0.1491106 3.484734 4.384987 -0.0891503 2.644616 5.305489 -0.966606 2.537527 5.494049 -0.8239011 3.386024 4.946625 -0.6458419 3.292794 5.523826 -1.775771 4.484703 5.675194 -2.320502 4.062505 6.440248 -1.737253 4.03951 6.116107 -1.336981 4.458841 5.996276 -1.763644 4.599294 5.312446 -1.083381 2.674855 5.173317 -1.212271 3.344976 4.550742 0.1328839 2.750646 4.416963 -0.004551589 3.420233 5.136365 -0.3853484 3.355063 5.085103 -0.3880553 2.70025 4.838409 -0.4798622 2.841501 4.761475 -0.5914512 1.91557 4.498294 0.6341972 2.154822 4.634187 0.4621601 3.007936 4.907395 0.05095022 2.697558 3.398836 0.01200723 1.925291 3.358124 0.08326834 2.716616 5.218159 -0.3492585 2.051421 5.178068 -0.2790948 2.830571 4.246708 -0.3278657 2.52205 6.165987 -1.725991 3.696166 5.656368 -1.840588 4.156802 5.543831 -0.4876095 3.315934 5.038581 -0.6109081 3.77924 5.646962 -1.012892 4.146767 5.989286 -1.024194 3.58632 4.858202 -1.174033 3.827638 5.131014 -0.8292754 4.108607 5.715988 -1.8237 3.791917 5.982776 -1.474376 4.073135 5.420045 -1.350891 4.278879 5.22129 -1.580024 3.891411 5.000854 0.02614289 0.3474133 5.063818 -0.1149096 -0.5755478 4.989552 1.147989 -0.4073498 4.944864 0.9962902 0.4591716 5.27622 0.5335922 0.2141687 4.639573 0.04104578 1.97841 4.63881 -0.1134197 1.055449 5.091622 1.067845 1.223646 4.988385 0.9480456 2.090168 5.099602 0.3899081 1.845165 5.303799 0.6877911 0.4917153 4.65382 0.01106059 0.524255 4.758969 -0.04221123 0.9868963 5.147762 0.8050389 0.9241226 5.061237 0.5797992 -1.060912 4.411256 -0.09693127 -1.028372 4.516406 -0.1502027 -0.5657312 4.905201 0.6970474 -0.6285048 5.005122 0.9047082 2.248758 4.853542 -0.02128422 2.281298 4.97036 -0.005530238 2.743939 4.810113 0.9127905 2.681166 4.657305 1.228465 3.266268 4.346853 0.3532268 3.128159 4.270573 0.325741 3.598645 4.310878 1.25913 3.588942 4.563346 0.1968387 -0.6564995 4.393119 -0.2131902 -1.480282 4.59846 1.021968 -1.727136 4.718248 1.140425 -0.8625642 4.807174 0.5759848 -0.9790465 2.977871 0.2043507 0.08450925 2.697295 -0.3443521 -0.6197076 3.972703 -0.3268035 -0.6614966 3.954964 0.2072759 0.03872472 3.448628 -0.08154064 0.0220912 -0.7584348 -0.4806808 -0.09036272 -0.3893195 -0.9741889 -0.7945797 0.1564832 0.1786659 -0.8363687 -0.330852 0.3978909 -0.1361473 -0.2944749 -0.1838884 -0.1527808 -1.178857 -0.2227455 -0.5385655 -0.9887385 0.1041054 -0.1413618 -0.128728 -0.5966137 -0.7335503 0.05401152 -0.2671349 -0.3349774 -0.5411847 -0.3690261 -0.1140491 -0.6937986 -0.5312293 -0.5808488 -5.17194 0.6558047 -0.1921468 -5.187257 0.2061582 -1.012696 -4.192821 -0.2609083 -0.3633359 -4.406176 0.2873222 0.2922478 -4.88118 0.2100901 -0.03710567 -4.717531 1.061089 -0.4631232 -4.66081 0.9215996 0.06420356 -4.901254 -0.02311968 -0.7301554 -4.84324 -0.1549904 -0.2009527 -5.06162 0.4456052 -0.1299237 -4.941957 0.5542663 -0.6212245 -4.483991 0.9483283 0.890214 -4.694124 1.025372 -0.01842564 -4.64489 -0.2241969 0.2362757 -4.45012 -0.01278704 1.068883 -4.712238 0.4474545 0.8248763 -4.812223 0.6954919 2.056145 -4.765542 1.020394 1.179802 -4.920418 -0.2431191 1.088859 -4.930631 -0.2715804 1.969172 -5.067811 0.2714791 1.806888 -5.268583 0.1194673 1.614846 -5.125766 0.1671938 2.142173 -4.198269 -0.1329025 1.347814 -4.062972 -0.08340162 1.877017 -4.676252 -0.2631051 1.948046 -4.777075 -0.1367675 1.456745 -2.142733 -0.635617 1.460267 -2.276406 -0.4561445 1.960935 -1.154077 -0.08927953 1.528379 -1.294692 0.08635634 2.028569 -1.627262 -0.4638898 2.019765 -1.587496 -0.4873753 1.504624 0.1597693 0.09580308 3.741792 -0.1077929 0.2859352 2.865448 0.9449304 -0.429763 2.774506 0.9655673 -0.4518643 3.654818 0.4199039 -0.3254343 3.492535 0.774256 -0.5424928 3.698938 0.2995936 -0.5009596 2.893526 1.244135 0.3522274 2.800589 1.492718 0.1155601 3.611798 1.175884 -0.3200572 3.388364 -4.995655 -0.8572631 4.588847 -4.261096 -1.42701 4.481459 -3.983837 -0.3562172 3.844866 -4.767891 -0.04337668 4.09638 -4.619253 -0.4694299 4.465777 -4.82114 0.08882987 3.606026 -5.737687 0.07893306 3.417446 -5.549315 -0.7827905 4.339763 -4.693717 -0.575184 4.312893 -4.992577 -0.1287041 4.086159 -0.04541873 0.03447276 -0.2592487 -0.01827925 0.630634 0.4684991 2.135124 -0.2218838 -0.1305685 2.16184 0.3651036 0.5859853 1.038923 0.1053997 0.4373566 1.59319 0.1852649 1.792463 1.40236 -0.4007228 1.088246 2.659152 -0.1828927 1.046457 2.557673 0.3417571 1.746678 2.103036 -0.02306622 1.730045 -2.786375 -0.4030201 0.8325784 -3.157405 -0.2064386 -0.003730118 -2.871771 -1.450188 -0.01859122 -2.573501 -1.357349 0.8049874 -2.941668 -0.9178825 0.6982539 -2.905776 -1.474951 -0.01520204 -3.188646 -1.32996 0.8706451 -1.789327 0.4193635 0.03124576 -2.067843 0.5621182 0.9034661 -2.32837 -0.5461593 0.6703906 -3.414571 -1.017197 0.2326608 -3.313492 -0.652835 0.6298646 -2.303977 -1.112731 0.03767615 -2.2107 -0.7476983 0.4362491 -2.760643 -0.9970996 0.6571773 -2.867171 -1.192684 0.1903777 3.621007 0.08481621 2.005125 3.249977 0.2813978 1.168816 3.535611 -0.9623517 1.153955 3.833882 -0.869513 1.977534 3.465713 -0.4300462 1.8708 3.501606 -0.9871149 1.157344 3.218738 -0.8421237 2.043191 4.618055 0.9072002 1.203792 4.339539 1.049954 2.076012 4.079014 -0.05832326 1.842937 2.99281 -0.5293602 1.405207 3.09389 -0.1649986 1.802411 4.103405 -0.6248951 1.210223 4.196681 -0.2598619 1.608795 3.646738 -0.5092632 1.829724 3.540211 -0.7048478 1.362924 2.677655 0.01216644 3.883869 2.306626 0.2087484 3.04756 2.59226 -1.035001 3.032699 2.89053 -0.9421624 3.856277 2.522361 -0.5026955 3.749544 2.558254 -1.059764 3.036088 2.275385 -0.9147734 3.921935 3.674703 0.8345505 3.082536 3.396187 0.9773052 3.954756 3.135662 -0.1309726 3.721681 2.049458 -0.6020095 3.283951 2.150538 -0.237648 3.681155 3.160054 -0.6975445 3.088966 3.253331 -0.3325113 3.487539 2.703386 -0.5819129 3.708468 2.596859 -0.7774972 3.241668 -3.49398 -0.7687136 0.8688436 -2.840475 -0.7685678 0.8271404 -3.18505 -1.100842 0.6732879 -3.174575 -0.7020332 1.241648 -1.957245 -0.5979493 0.6485642 -1.328297 -0.4309434 0.7216528 -1.545129 -0.8307803 0.5073553 -1.732559 -0.4725875 1.071944 -4.975928 -2.707802 5.593757 -4.751935 -2.111467 5.745481 -4.513484 -2.536463 5.621667 -5.090389 -2.443377 5.996779 -5.751676 -2.164342 5.630172 -5.638602 -2.803971 5.713225 -6.062517 -2.534292 5.732671 -5.419945 -2.367943 5.936686 -5.334256 -1.180135 4.999719 -5.481341 -1.752382 5.282047 -5.771461 -1.373068 5.124692 -5.143247 -1.359367 5.420243 -4.699562 -1.412742 4.74328 -4.764018 -0.7626603 4.78854 -4.358374 -1.055584 4.738966 -4.94453 -1.164333 5.095038 -4.740426 -0.9897212 4.183046 -4.20542 -0.6217318 4.267665 -4.289731 -1.111429 4.34445 -4.710489 -0.5674095 4.440352 -5.742806 -3.31721 6.07867 -5.110483 -3.464908 6.16329 -5.515924 -3.65625 6.250848 -5.338435 -2.918943 6.17724 -5.473971 -3.417087 6.423881 -5.504693 -3.592222 6.399085 -5.469492 -3.415092 5.954555 -4.890061 -3.124697 5.861079 -5.051312 -3.550263 5.900493 -5.337299 -2.90052 6.17724 -5.071124 -3.40672 6.161074 -5.012899 -3.541288 6.057477 5.969362 -2.176201 4.022496 6.365359 -1.76738 3.973231 6.266827 -2.19831 3.808741 6.009495 -1.755562 4.445943 6.257477 -2.170821 4.140307 6.287522 -2.237637 3.976404 0.9302369 -1.937458 4.51317 1.537934 -2.070254 4.717813 1.166087 -2.369054 4.558882 1.13824 -1.787298 4.937007 1.283254 -2.216876 4.675344 1.41969 -1.517833 4.39726 1.773093 -1.97806 4.486495 1.14417 -1.713761 4.924665 1.815569 -1.768466 4.528967 0.003589093 -0.3054298 3.783764 1.394717 0.03826642 3.725598 0.4726888 -2.070673 4.572408 0.669297 0.01643085 4.108218 0.9393823 -1.000242 4.562424 6.026109 -0.7847078 4.324089 4.312229 -0.7913622 2.580055 5.431172 0.1052251 2.609193 4.942006 -1.632232 4.269557 4.658189 -0.09495967 2.797697 5.020828 -0.5792933 3.770726 -4.510458 -1.82258 5.162483 -5.498153 -0.224427 4.09417 -4.271273 -0.5165063 3.966819 -5.685339 -1.521789 5.266315 -4.813482 -0.1529881 4.282582 -4.921361 -0.9001566 4.957661</float_array>
          <technique_common>
            <accessor source="#tree_oak_bush_a200-mesh-positions-array" count="995" stride="3">
              <param name="X" type="float"/>
              <param name="Y" type="float"/>
              <param name="Z" type="float"/>
            </accessor>
          </technique_common>
        </source>
        <source id="tree_oak_bush_a200-mesh-normals">
          <float_array id="tree_oak_bush_a200-mesh-normals-array" count="2838">-0.8859558 -0.4565281 0.08163732 0.7920358 -0.5842301 -0.1770727 -0.9421123 -0.3306701 0.0555135 0.1701453 0.9759473 0.1362993 0.1758787 0.9840114 0.02807706 0.7992653 -0.5883477 -0.1225648 0.764486 -0.5591195 -0.3208528 -0.9216758 -0.3818851 0.06839323 0.04538136 0.9564885 0.2882192 -0.9016937 -0.4023059 0.1584258 0.05435395 0.9187685 0.3910374 0.742814 -0.4578534 -0.4884645 -0.8830206 -0.4561749 0.1103585 0.1272325 0.8859279 0.446031 0.7382124 -0.4136651 -0.5328449 -0.9253831 -0.299824 0.2318875 0.2367119 0.8304451 0.50431 0.6207294 -0.4925183 -0.6100171 -0.8516421 -0.4902931 0.1852523 0.1649259 0.8424528 0.5129062 0.6268483 -0.406403 -0.664754 -0.8643303 -0.4207357 0.2755261 0.1934307 0.8138865 0.547881 0.6752384 -0.2652122 -0.68827 -0.844833 -0.5138215 0.1491473 0.480161 0.7749168 0.4110346 0.8148222 -0.02737534 -0.5790643 -0.5782591 0.8053876 0.1302586 -0.4683555 -0.84622 -0.2540766 -0.4996581 0.8545947 0.1414558 0.9933264 0.001281738 0.1153306 0.9983921 -0.01629704 0.05429291 -0.4326115 -0.8784683 -0.2028314 -0.4329439 -0.8310351 -0.3491996 -0.5422365 0.8245095 0.1617523 0.9674589 0.1043452 0.2305116 -0.5491086 0.8130726 0.1933721 0.9450473 0.09268581 0.3135203 -0.3591875 -0.8137494 -0.4569424 -0.5925871 0.7894041 0.1602551 0.9343073 0.06390666 0.3506934 -0.3625739 -0.7920471 -0.4911229 -0.5671707 0.8001857 0.1949878 0.8772476 0.1258311 0.4632529 -0.32314 -0.7685715 -0.5521581 -0.6262955 0.7377535 0.2519404 0.9200962 0.03695887 0.3899452 -0.3537439 -0.7116384 -0.6069893 -0.5702556 0.769517 0.2874931 0.8909726 0.0340287 0.4527803 -0.2838872 -0.7076426 -0.6470319 -0.5707076 0.7759182 0.2687819 0.9096404 -0.3266416 0.2566317 0.2128137 -0.8457919 -0.4892305 -0.2360361 -0.9717341 -0.004455804 0.94431 0.3289307 0.009125053 -0.2621005 -0.9615135 -0.08243286 -0.7080481 0.7016086 0.08008265 -0.7235369 0.6902715 0.004455685 0.9583673 0.2855386 0 0.9412429 0.3376645 0.006683707 -0.2777527 -0.9316207 -0.2343853 -0.6984322 0.6698662 0.2519361 -0.322834 -0.8628744 -0.3888779 -0.6653552 0.5934208 0.4529396 0.9360866 0.3517039 -0.006805777 -0.3186461 -0.7681261 -0.55538 -0.6127364 0.5075668 0.6057475 0.9495831 0.3134656 -0.005585014 -0.3973599 -0.6614425 -0.636081 -0.6210913 0.346207 0.7031262 0.9434615 0.3314658 0.003326535 -0.4242762 -0.5462306 -0.7222341 -0.4985678 0.2928658 0.8158798 0.9585956 0.2832756 -0.02914541 -0.5266699 -0.3565558 -0.771678 -0.4735355 0.1013541 0.8749237 0.9624652 0.2705169 0.02194285 -0.5607689 -0.2318276 -0.7948549 -0.4034667 0.006378531 0.9149721 0.9684271 0.2324017 0.09021395 -0.2013647 -0.9795091 -0.003784358 0.9401895 0.3406497 0.00125122 -0.2143633 -0.9757745 -0.04373329 -0.7402991 0.6708378 0.04397785 -0.7475892 0.6641507 0.003784298 0.9478315 0.3187719 0 0.9452574 0.3260013 -0.01455742 -0.2608458 -0.9577163 -0.1214045 -0.726309 0.6717091 0.1458843 0.9527665 0.2965512 -0.06552386 -0.2426249 -0.9582617 -0.1512209 -0.729108 0.6486894 0.218183 -0.2545931 -0.9451562 -0.2046023 0.9546167 0.2969844 -0.02252328 -0.2959442 -0.8841704 -0.3614689 -0.668924 0.6997181 0.2508694 -0.670235 0.6575695 0.3440749 0.9574973 0.2822685 0.05935907 -0.352616 -0.7816818 -0.5144274 -0.6575638 0.5456504 0.5194956 0.9452597 0.3174569 0.0755341 -0.372763 -0.6968783 -0.612706 -0.6045929 0.4978964 0.6217449 0.9328419 0.3264611 0.1524115 0.2697317 -0.9581917 -0.09546512 0.9894347 0.1060544 0.09885185 0.2653064 -0.9544378 -0.1366055 -0.9261924 -0.353838 -0.1302553 -0.95117 -0.3031194 -0.05826163 0.9855321 0.148782 0.08118152 -0.2270917 0.961989 0.1516793 0.9861223 0.1266834 0.1073039 0.2733271 -0.9493202 -0.1551885 -0.9338877 -0.3294243 -0.1390455 -0.2223322 0.9617204 0.1601951 0.9832778 0.1325463 0.1248859 0.3136746 -0.8704335 -0.3794127 0.2916681 -0.926276 -0.2386264 -0.9273856 -0.315446 -0.2011212 -0.9318379 -0.3207246 -0.1697469 -0.2533115 0.8825008 0.3962647 0.9795636 0.1397458 0.1446593 0.2595675 -0.806994 -0.5304577 -0.8885045 -0.3228012 -0.3261278 -0.3540214 0.78959 0.5012151 0.9778272 0.09238082 0.1879357 0.270613 -0.7161006 -0.643404 -0.86742 -0.2713472 -0.417077 0.9686943 0.09735465 0.2283715 0.5028387 -0.5458711 -0.6702075 -0.8150919 -0.2493466 -0.522926 -0.4299505 0.6584151 0.6177639 0.946734 0.07281863 0.3136757 0.5144707 -0.4634417 -0.7214859 -0.7840373 -0.1119443 -0.6105359 -0.3503874 0.5678345 0.744844 0.9271076 -0.009216725 0.3746823 0.7002552 -0.376267 -0.6066843 -0.8264346 -0.04074335 -0.5615568 -0.410609 0.4334376 0.8022045 0.790085 0.04214721 0.6115468 -0.2006047 0.9750069 0.09549552 -0.2282521 0.9418798 0.2465026 -0.4927897 0.3684859 0.7882744 0.1648355 -0.9862053 -0.01510709 -0.9663948 -0.25563 -0.02710115 0.9835371 0.1767967 0.03738582 -0.3318675 0.9431091 0.02023428 -0.843374 -0.537142 -0.01409995 -0.5247802 0.7802881 0.3402296 -0.7143641 0.6290628 0.3065354 0.8625352 0.5058261 0.01315379 0.9621477 0.14402 -0.2313659 -0.4921903 -0.8676429 -0.07031726 -0.3207599 0.8988602 0.2986028 0.9679335 0.1898573 -0.1644962 -0.4581496 -0.8790661 -0.131689 -0.6332962 0.6899697 0.3505393 0.9596941 -0.142004 -0.2425329 0.2256906 -0.924645 -0.3067501 -0.9688313 -0.2431157 0.04754883 0.62863 -0.751591 -0.1998383 -0.992164 -0.1040383 0.06918597 0.3632709 0.9194543 0.15046 0.4094188 0.9112202 0.0453214 0.6607633 -0.7431946 -0.1051374 -0.9880387 -0.12748 0.08676695 0.2620946 0.8730486 0.411209 0.6722463 -0.6083696 -0.4218668 -0.9669625 -0.2457081 0.06790465 0.2807488 0.8217374 0.4959113 0.5817901 -0.6185659 -0.5281066 -0.9498395 -0.2431135 0.1967248 0.2463243 0.7987304 0.5489574 0.6101155 -0.487305 -0.6247344 0.6342192 0.6922056 0.344409 -0.9366165 -0.2826116 0.2070755 0.1770698 -0.9826124 -0.05584931 -0.9308294 0.3654344 -0.003814816 -0.8937883 0.4483591 0.01080381 0.8208501 0.5697364 0.04007196 0.7491527 0.6604031 0.05136364 0.1058389 -0.9940255 -0.02667331 -0.9134284 0.3973551 -0.0880773 0.2600581 -0.9645742 -0.04434508 -0.9292794 0.3540533 -0.1052913 0.7187053 0.6797929 0.1460971 0.6427898 0.7094432 0.2889838 0.1813778 -0.9712852 -0.1539712 -0.936862 0.3496943 0.001922726 0.6072443 0.687144 0.3988578 0.3147132 -0.8928982 -0.3220073 0.8537507 0.3641273 0.3721845 -0.9516323 0.3067429 -0.01745665 -0.3267927 -0.8971235 -0.2972812 -0.4591571 -0.8649976 -0.2023709 -0.445975 -0.8637199 -0.2347221 -0.5720551 -0.8062912 -0.1504909 -0.2212348 -0.882742 -0.414514 0.3447748 -0.8903656 -0.297287 0.2240077 -0.9533451 -0.2023699 0.2330732 -0.9437069 -0.2347212 0.1003767 -0.9835028 -0.1504887 0.4147542 -0.8100373 -0.41451 0.6670899 -0.6812813 -0.3014082 0.5548052 -0.7930061 -0.2516598 0.5672641 -0.7748877 -0.2788558 0.4389895 -0.8659543 -0.2396069 0.7319429 -0.5627747 -0.3841151 -0.09338688 -0.9814779 -0.1672724 -0.2499794 -0.961281 -0.1159714 -0.2287695 -0.9628095 -0.1437439 -0.3802975 -0.9187141 -0.1064808 0.03680574 -0.9659536 -0.256084 0.3448651 -0.9378805 -0.0380572 0.1938551 -0.9809033 0.01577818 0.2142441 -0.9767027 -0.01229918 0.05777233 -0.9980305 0.02444565 0.4575428 -0.8792257 -0.1327277 -0.003845393 -0.9992682 -0.03805774 -0.1603783 -0.9869295 0.01577842 -0.1398082 -0.9901023 -0.01229918 -0.2938993 -0.9555237 0.02444583 0.1221678 -0.9835989 -0.1326969 0.07620602 -0.9934864 -0.08472084 -0.08313345 -0.9958009 -0.03833168 -0.06106829 -0.9959846 -0.06546306 -0.2189428 -0.9751107 -0.03497469 0.2049335 -0.9635385 -0.1720343 0.04068183 -0.9934854 -0.1064503 -0.09137338 -0.9957993 -0.00589013 -0.08050894 -0.9959857 -0.03912526 -0.2168977 -0.975109 0.04602247 0.1293995 -0.9635382 -0.2342009 -0.2146119 -0.970881 -0.1064514 -0.3428763 -0.9393621 -0.005890071 -0.3324456 -0.9423106 -0.03912556 -0.4589419 -0.8872735 0.04602235 -0.1211597 -0.9646088 -0.2342015 0.4524127 -0.8393318 -0.301405 0.3135842 -0.9156047 -0.2516608 0.3305873 -0.9016379 -0.2788568 0.1821088 -0.9536377 -0.2396073 0.5475399 -0.7434104 -0.3841111 0.145728 -0.9882651 0.04577839 -0.01034593 -0.9947406 0.1019033 0.01019316 -0.9972259 0.07373291 -0.1469512 -0.9829098 0.1108772 0.2670732 -0.9622389 -0.05261504 0.1063892 -0.9821924 -0.1548533 -0.04818946 -0.9942482 -0.09564656 -0.02853548 -0.9918146 -0.1244575 -0.1839107 -0.9797077 -0.07968646 0.2259328 -0.9413921 -0.2504702 -0.07089704 -0.9253849 0.3723391 -0.2071646 -0.8692796 0.448816 -0.1947723 -0.8860281 0.4207351 -0.3318079 -0.8165185 0.4724417 0.02694857 -0.9666087 0.2548365 0.4891863 -0.7886981 0.3723602 0.3460934 -0.8238795 0.4488228 0.3659829 -0.8300842 0.4207338 0.2143366 -0.8549049 0.4724378 0.5925334 -0.7641744 0.2548367 0.05804646 -0.9262722 0.3723583 -0.08463001 -0.8896073 0.448817 -0.07004201 -0.9044731 0.4207405 -0.2154059 -0.8546347 0.4724403 0.1606833 -0.9535408 0.254835 0.4682874 -0.6788397 0.5655828 0.3188627 -0.7056304 0.6327815 0.341819 -0.7161108 0.6085599 0.1862249 -0.7378501 0.6487661 0.5828903 -0.6722512 0.4564179 0.2891655 -0.9099482 -0.2972835 0.1647129 -0.9653572 -0.2023737 0.1743872 -0.9562917 -0.2347239 0.03946161 -0.9878235 -0.1504914 0.3639453 -0.8340985 -0.4145161 0.454765 -0.8903946 -0.01965427 0.3360494 -0.9378927 0.08618688 0.345933 -0.9367812 0.05264526 0.2135109 -0.9666588 0.141364 0.5225152 -0.8387527 -0.1532052 -0.07761049 -0.99679 -0.01965439 -0.2036255 -0.9752479 0.08618682 -0.1946526 -0.9794584 0.05264592 -0.3231327 -0.935736 0.1413629 0.007110834 -0.988169 -0.1532045 0.2186713 -0.9714012 -0.09253472 0.09064102 -0.9958306 0.01028484 0.100864 -0.9946321 -0.02310258 -0.0357685 -0.9973068 0.06402927 0.2986915 -0.9281196 -0.2222103 -0.4008778 -0.8768649 -0.2653393 -0.5226441 -0.8374817 -0.1595857 -0.5122323 -0.8368942 -0.1929416 -0.6272101 -0.772606 -0.09842598 -0.3050982 -0.8682649 -0.3911922 -0.1378561 -0.9542499 -0.2653356 -0.2657623 -0.9507381 -0.1595855 -0.2559387 -0.947242 -0.1929459 -0.3843834 -0.917912 -0.09842288 -0.0483734 -0.919034 -0.3911991 0.3215522 -0.9455209 0.05093681 0.1967576 -0.967613 0.1581507 0.2068281 -0.970386 0.1247926 0.07110899 -0.9743763 0.213388 0.3966513 -0.9140346 -0.08490294 4.57784e-4 -0.9987019 0.0509361 -0.124821 -0.9794943 0.1581473 -0.1161546 -0.9853605 0.1247913 -0.2459579 -0.9454988 0.2133934 0.08166956 -0.9930365 -0.08490461 0.04922717 -0.998735 -0.01025438 -0.0377826 -0.9906799 0.1308658 -0.03955245 -0.9945793 0.09616494 -0.1372447 -0.965291 0.2222101 0.08472204 -0.9828491 -0.163798 -0.148445 -0.8697342 0.4706661 0.00213629 -0.72451 0.689261 -0.1778995 -0.7106215 0.6807121 0.1817435 -0.7092728 0.6811033 0.1496639 -0.8703033 0.4692258 -0.2129935 -0.8562163 0.4706672 -0.05194365 -0.722634 0.6892765 -0.2304779 -0.6953402 0.6807217 0.1282728 -0.7208668 0.6811001 0.08423322 -0.8790473 0.4692341 0.09387683 -0.8773031 0.4706661 0.1992582 -0.6965646 0.6892706 0.02221763 -0.7322059 0.6807208 0.3679397 -0.6330297 0.6810975 0.3808824 -0.7967095 0.4692361 -0.2521805 -0.9452114 0.2073172 -0.09952342 -0.8819164 0.4607805 -0.2768385 -0.8476368 0.4526284 0.08090597 -0.8837094 0.4609901 0.04425293 -0.9762503 0.2120783 0.3721813 -0.9047104 0.2073168 0.455257 -0.7618544 0.460781 0.293416 -0.8420374 0.452637 0.5998832 -0.6539325 0.4609908 0.6268154 -0.7497492 0.212082 -0.246411 -0.9467322 0.2073161 -0.09415286 -0.8825039 0.4607844 -0.2716852 -0.8492987 0.4526358 0.08627814 -0.8831988 0.4609944 0.0502035 -0.9759629 0.2120756 -0.1239387 -0.970391 0.2073175 0.01889133 -0.8873142 0.4607784 -0.161386 -0.8769717 0.4526315 0.197949 -0.8650428 0.460996 0.1739916 -0.9616388 0.21208 -0.6953208 -0.6881487 0.2073175 -0.5316186 -0.7106763 0.4607829 -0.6673044 -0.591464 0.4526317 -0.3768228 -0.8034228 0.4609953 -0.4551959 -0.8647655 0.2120789 0.9173831 -0.3971492 -0.02609407 0.9955586 -0.08938997 -0.02954232 0.9035555 -0.2617949 0.3391919 0.9290703 0.008606433 0.3698031 0.772992 -0.5230087 0.3590897 -0.7391655 -0.6735196 0.002410948 -0.6093148 -0.7471088 0.2656387 -0.7387149 -0.6208807 0.2623117 -0.4590646 -0.8470202 0.267986 -0.5077824 -0.8614721 0.004791498 -0.2660971 -0.6483505 0.7133259 0.04806792 -0.6941624 0.7182117 -0.1029698 -0.3648501 0.925355 0.1699908 -0.3511517 0.9207583 -0.377128 -0.2702491 0.8858555 0.3145607 -0.9462152 0.0756874 -0.01620537 -0.9996392 0.02142411 0.1289443 -0.988278 -0.08173084 -0.3505448 -0.93267 0.08511835 -0.02163797 -0.9959591 0.08716243 -0.1745665 -0.9819673 -0.07257324 0.6747255 -0.7341776 0.07568842 0.3948894 -0.9184789 0.02142453 0.5226677 -0.84861 -0.08172976 0.06247299 -0.9944105 0.08511829 0.3884199 -0.9173508 0.08716326 0.243174 -0.9672639 -0.07257378 -0.9976891 -0.0451067 0.05081373 -0.933347 -0.1366968 0.3319299 -0.9536953 0.03970551 0.2981423 -0.8802629 -0.306473 0.3622314 -0.9375515 -0.3326599 0.1016596 -0.9972206 -0.05179136 0.0535615 -0.9326862 -0.1109054 0.3432148 -0.9551003 0.06042814 0.290055 -0.8776229 -0.2755924 0.3922079 -0.9337291 -0.3311312 0.1360232 0.9354238 0.2851135 0.2090283 0.78779 0.4723749 0.3952836 0.836083 0.3082779 0.4537951 0.7098463 0.6218289 0.3308282 0.8320426 0.5446746 0.1050468 0.9609941 0.1811019 0.2090272 0.8347277 0.3833808 0.3952833 0.8647895 0.2149766 0.4537886 0.7736108 0.540441 0.3308324 0.8866221 0.4504068 0.1050481 0.874174 -0.09516018 0.4761979 0.7625455 0.1391052 0.6318024 0.7265673 -0.02942037 0.6864653 0.7685278 0.305464 0.5621894 0.9104891 0.1815606 0.3715447 -0.9005246 0.4196059 0.113958 -0.8307852 0.3809063 0.4058402 -0.7820626 0.5335422 0.3220419 -0.8481336 0.2185493 0.482603 -0.9565669 0.1578153 0.2451006 -0.79865 0.5909076 0.1139577 -0.738017 0.5390924 0.4058452 -0.6598309 0.6789056 0.3220414 -0.7874373 0.3834488 0.4826071 -0.9058175 0.3455718 0.2451017 0.9295372 -0.1940134 0.3135589 0.8798766 0.05923831 0.4714955 0.8339715 -0.1005307 0.5425728 0.8934467 0.2203479 0.3914075 0.9799183 0.0708661 0.1863822 -0.8135875 0.3919918 0.4294391 -0.9062579 0.08868783 0.4133171 -0.655673 0.1982523 0.7285527 -0.6838318 -0.07361102 0.725917 -0.5118081 0.45315 0.7298683 -0.9945621 -0.02841341 0.1001948 -0.9363241 -0.3402873 0.08661299 -0.8792365 -0.1482638 0.4527264 -0.7849628 -0.404323 0.4694212 -0.8687847 0.1434393 0.4739602 0.9899073 0.1002237 0.1001932 0.9092844 0.407063 0.08661299 0.8662274 0.2114067 0.4527223 0.7537004 0.4599843 0.4694147 0.8768764 -0.08029586 0.4739625 0.1942537 -0.9456935 -0.2606326 0.488707 -0.827686 -0.2758648 0.3419337 -0.934397 0.09991884 0.5803126 -0.8039841 0.1297959 0.05771237 -0.9877339 0.1450898 -0.9494239 0.1099609 -0.2941142 -0.8250858 -0.4375228 -0.3575016 -0.9725505 -0.1627275 0.1663288 -0.7645007 -0.5386297 0.3541424 -0.8632459 0.3234158 0.3875679 0.4947199 -0.6499723 0.5768782 0.6345527 -0.5803202 0.5104621 0.7936885 -0.2262101 0.5647012 0.8705554 -0.2378348 0.4307761 0.7970749 0.1606235 0.5821269 0.6899285 0.2743417 0.6698771 -0.7455046 0.4500129 0.4916417 -0.8446729 0.3882315 0.3685163 -0.9564457 0.02057003 0.291185 -0.9877832 0.0586273 0.1443861 -0.9057442 -0.3579273 0.2269701 -0.8157833 -0.4811382 0.3209419 -0.7336931 0.2339028 0.6379529 -0.7986917 0.08282953 0.5960126 -0.6767413 -0.2798646 0.680953 -0.7561507 -0.3370572 0.5609176 -0.4215577 -0.5701848 0.7051089 -0.257218 -0.5753834 0.7763845 -0.9194445 -0.1737138 0.3527685 -0.9219523 -0.302353 0.2420471 -0.7271683 -0.6425095 0.2416773 -0.7485329 -0.6570988 0.08899259 -0.4151498 -0.8709508 0.26286 -0.2840082 -0.8782404 0.3847509 -0.2386578 -0.9047636 0.3527681 -0.1236024 -0.9623594 0.2420471 0.2672582 -0.932825 0.241683 0.2712238 -0.9583933 0.08899384 0.6077007 -0.7494019 0.2628629 0.6706669 -0.6341655 0.3847599 -0.1520149 -0.8340526 0.5303279 -0.01910525 -0.8955664 0.4445176 0.3620456 -0.8069195 0.4666949 0.3857626 -0.8636322 0.3245411 0.6706818 -0.5729911 0.4710277 0.7042659 -0.4260204 0.5679052 -0.2961598 -0.8954378 -0.3323863 0.2096643 -0.9241099 -0.319471 -0.07767105 -0.9867128 0.1427072 0.307937 -0.8874017 0.3430644 -0.5006074 -0.815841 0.2894752 -0.9417021 -0.05212688 -0.3323852 -0.7832437 -0.5333529 -0.3194746 -0.9466743 -0.288864 0.1427077 -0.7131039 -0.6113845 0.3430626 -0.9424617 0.1672449 0.289474 0.8398001 -0.513396 -0.1765237 0.9946542 -0.0375387 -0.09619677 0.8729193 -0.3590621 0.3302822 0.8335454 0.0257278 0.5518515 0.5694305 -0.7256591 0.3862226 0.6062021 -0.5209012 0.6009834 0.7319273 -0.4494473 0.5121325 0.8601286 -0.07910627 0.503906 0.9252231 -0.1023922 0.3653465 0.8274238 0.3053817 0.4712876 0.7181743 0.4205831 0.5543786 -0.4560502 0.6563791 0.6009865 -0.5956732 0.6187762 0.5121422 -0.8127353 0.2924687 0.5039081 -0.8699073 0.3313424 0.3653404 -0.8775887 -0.08792668 0.4712824 -0.8007491 -0.2268759 0.5543718 -0.9400037 -0.1180498 0.3200896 -0.846026 -0.2247442 0.4834565 -0.9972609 0.04513716 0.05859595 -0.9800562 0.1548228 -0.1245785 -0.6761615 -0.6635875 0.3200895 -0.5367419 -0.691505 0.4834553 -0.820629 -0.5684493 0.05859673 -0.8734238 -0.4707559 -0.1245786 0.9129809 0.2366151 -0.3323842 0.6628239 0.6771987 -0.3194788 0.8712233 0.469686 0.1427064 0.5787016 0.7398726 0.3430643 0.9569427 0.02163767 0.2894694 -0.3095865 -0.9306517 -0.195048 0.1934007 -0.9474712 -0.2547445 -0.02099686 -0.9682988 0.2489109 0.385945 -0.8411075 0.3789256 -0.4237938 -0.7920116 0.4394503 -0.9776803 -0.1051994 -0.1818634 -0.8020682 -0.5792495 -0.1454532 -0.9048864 -0.2921273 0.3095841 -0.6333046 -0.5875563 0.5036894 -0.8954662 0.1766151 0.4085921 -0.9508175 0.3017712 0.06985783 -0.9771758 -0.2042001 0.05856519 -0.8488311 0.05053979 0.5262429 -0.6822528 -0.34575 0.6441956 -0.6295266 0.4657282 0.6219272 0.7054825 -0.4440548 0.5523676 0.8142911 -0.3795101 0.4392063 0.9267101 -0.009430348 0.3756586 0.971675 -0.04541277 0.2319165 0.8759965 0.3689483 0.3106563 0.7760134 0.4898037 0.3973609 0.6992493 -0.6175807 0.3600621 0.8068467 -0.5288131 0.2633537 0.9399858 -0.1619949 0.3003072 0.9760821 -0.1575684 0.1497861 0.910948 0.2212058 0.3481978 0.8229529 0.3169735 0.4714621 -0.8784546 -0.1039167 0.4663891 -0.7579231 -0.1913883 0.623637 -0.9790053 0.03042793 0.2015509 -0.9926047 0.1211305 0.007965445 0.9071573 -0.1944082 0.3731907 0.904635 0.2622471 0.3359497 0.7111009 0.04834264 0.7014262 0.5281649 0.386678 0.7559907 0.5239279 -0.3073922 0.7943611 -0.8690972 -0.3718468 -0.3261899 -0.6862639 -0.6283683 -0.3663269 -0.8329846 -0.5530341 0.01702958 -0.6520519 -0.7576498 0.02820008 -0.9512845 -0.295182 0.0890246 0.9327254 -0.01941013 0.3600646 0.9574769 0.1178344 0.2633497 0.822031 0.4838187 0.3003076 0.8467184 0.5105214 0.1497871 0.552224 0.7574997 0.3481996 0.4231536 0.7737317 0.4714661 -0.3412701 -0.8320558 0.4372848 -0.2271555 -0.9123454 0.3406264 0.1642865 -0.9184541 0.3597945 0.1730762 -0.961945 0.2114393 0.519406 -0.765299 0.3801774 0.5873156 -0.6427388 0.4918814 -0.03149586 -0.9951429 -0.09326696 0.2796463 -0.9501504 -0.1378852 0.1391975 -0.9568648 0.2550175 0.4015118 -0.8798711 0.2541952 -0.1460643 -0.9370273 0.3172459 0.2395451 -0.8668364 0.4372789 0.3789266 -0.8604588 0.3406249 0.6922094 -0.6256161 0.3597926 0.725789 -0.654617 0.2114405 0.8792279 -0.2870942 0.3801778 0.857891 -0.1485973 0.4918758 -0.7471687 -0.6316539 0.2067669 -0.6887793 -0.7210987 0.07483214 -0.3608263 -0.9319896 0.03463906 -0.3701649 -0.9212464 -0.1195123 0.02038639 -0.9985691 0.04944014 0.1380664 -0.9735148 0.1822269 -0.8392404 -0.45107 -0.3036635 -0.4708835 -0.7846533 -0.403222 -0.6651713 -0.7389977 0.1069096 -0.2811432 -0.9334614 0.2227293 -0.8581704 -0.3745931 0.3510323 -0.05911457 -0.8457326 0.5303224 0.07974791 -0.8922125 0.4445192 0.4488429 -0.7620593 0.4666965 0.4786657 -0.8158131 0.3245429 0.7297736 -0.4955392 0.4710323 0.7469568 -0.3457517 0.5679008 0.8638901 0.3915064 0.3168858 0.6743841 0.5556031 0.4863244 0.7354888 0.397333 0.5488012 0.5865238 0.6958752 0.4144244 0.741922 0.6388282 0.2035936 -0.9747014 -0.0262162 0.2219683 -0.8642303 -0.007477045 0.5030408 -0.9001352 0.1439899 0.411125 -0.7969172 -0.1539693 0.5841374 -0.8901676 -0.2745456 0.3636295 0.1805823 -0.9108467 -0.3711445 0.3517596 -0.9280764 -0.1222277 0.1779893 -0.9773544 -0.1144478 0.5141556 -0.8495302 -0.1180785 0.4590755 -0.8046486 -0.3765505 -0.2780901 -0.9582693 0.06622642 -0.1565321 -0.9267412 0.3415386 -0.3315293 -0.8887782 0.3164834 0.02255344 -0.9315905 0.3628091 0.01556485 -0.9946255 0.1023619 0.4588599 -0.881249 -0.1133492 0.8285362 -0.5373522 -0.1574182 0.6489888 -0.6806676 0.3398607 0.8328132 -0.2953667 0.4681675 0.2252308 -0.8352769 0.5015811 -0.6521645 -0.4620605 0.6009839 -0.6132555 -0.601353 0.512145 -0.2849907 -0.8153885 0.5039069 -0.3233228 -0.8729165 0.365348 0.09598469 -0.8767417 0.4712864 0.2342338 -0.7986229 0.5543789 0.782038 -0.1649897 0.600995 0.8578833 -0.04187178 0.5121359 0.7921067 0.3444446 0.5039097 0.8603699 0.3553668 0.3653466 0.5784354 0.6658126 0.4712815 0.4272359 0.7142369 0.5543782 -0.7988206 -0.02633839 0.6009925 -0.8430992 -0.1639809 0.5121465 -0.687048 -0.5234956 0.5039023 -0.7507498 -0.5503587 0.3653492 -0.4028849 -0.7845893 0.4712785 -0.2444888 -0.7955425 0.5543802 0.8227631 -0.5410112 -0.1742638 0.981041 -0.05963456 -0.1843972 0.9033324 -0.309768 0.2967059 0.8825566 0.1051084 0.4583081 0.6094081 -0.6608635 0.4380426 -0.9525232 0.1680977 0.2538556 -0.9408362 -0.3189834 0.1143542 -0.7691679 -0.1756362 0.614437 -0.5576148 -0.5678998 0.6054383 -0.571627 0.2244086 0.7892298 0.9318134 -0.259383 0.253859 0.9672653 0.2265416 0.1143542 0.7825399 0.1004688 0.6144407 0.6098932 0.5113472 0.6054375 0.5472685 -0.2786089 0.7892239 -0.6689161 0.6542975 0.3527694 -0.775801 0.5827053 0.2420486 -0.9431421 0.2281938 0.2416834 -0.9673396 0.2373485 0.08899426 -0.9517475 -0.1583651 0.2628636 -0.8826235 -0.2700669 0.3847591 0.3861237 -0.8523287 0.3527667 0.5117155 -0.8243544 0.2420478 0.796186 -0.5546872 0.2416818 0.815416 -0.5719937 0.08899438 0.9444009 -0.1975169 0.2628575 0.9204843 -0.06836259 0.3847534 -0.01983737 -0.9355 0.3527696 0.1054729 -0.9645155 0.2420444 0.4785364 -0.8441529 0.2416792 0.4884043 -0.8680676 0.08899497 0.7664768 -0.5860198 0.2628574 0.8006727 -0.4592232 0.3847562 0.2677159 -0.76979 -0.5794407 0.6652016 -0.455594 -0.5915581 0.5946431 -0.7875878 -0.1615706 0.8643263 -0.5006933 0.04739582 0.2053609 -0.9777305 0.04324507 -0.2735733 -0.7544324 -0.5966486 -0.102056 -0.9099892 -0.401876 -0.2780917 -0.8875311 -0.3673605 0.07776337 -0.9060292 -0.4160098 0.02111929 -0.76878 -0.6391647 -0.2614014 -0.9231911 -0.281758 -0.09268546 -0.9948503 -0.04101717 -0.2693307 -0.9628461 -0.0197153 0.08731508 -0.9947693 -0.05301159 0.03399807 -0.9495354 -0.3118119 0.8221886 0.5431817 0.1701753 0.6251859 0.7065195 0.3316217 0.7125861 0.5691471 0.4102352 0.5131815 0.8213651 0.2490066 0.6582678 0.7519921 0.03451716 -0.917627 -0.3661108 0.1546723 -0.8306742 -0.3371772 0.4430486 -0.9115985 -0.1984641 0.3600005 -0.7214458 -0.4598954 0.517699 -0.7604773 -0.584229 0.2834623 -0.7788547 -0.6084345 0.1522917 -0.5571568 -0.8259386 0.08603334 -0.5682982 -0.6725824 0.4739938 -0.3446252 -0.8269236 0.4443322 -0.7216827 -0.4323321 0.5406135 0.2669482 -0.7441712 0.6123299 0.7025885 -0.4690841 0.5350977 0.2719854 -0.2486993 0.9296089 0.5126053 0.1351402 0.8479228 -0.2096671 -0.3726398 0.9039797 0.9766947 0.04104781 0.2106716 0.9829664 0.1602569 0.08997094 0.8453106 0.5272433 0.08639878 0.846208 0.5284413 -0.06842422 0.5789167 0.8050632 0.1293399 0.4696512 0.8416429 0.2665802 0.9619123 0.0939694 -0.2566992 0.8850473 0.4013842 -0.2357583 0.9728045 0.1990167 0.1185066 0.8762596 0.4477127 0.1781085 0.9871581 -0.09308201 0.1298266 -0.3342413 -0.9405269 -0.06076282 -0.202309 -0.9563062 0.2110679 -0.3753255 -0.9053224 0.1988022 -0.02325552 -0.9742603 0.2242236 -0.04232996 -0.9982182 -0.04205524 0.6684088 0.01660263 0.743609 0.7480554 0.1337045 0.6500279 0.6504321 0.5043656 0.5679379 0.7419907 0.5031449 0.4430519 0.4184815 0.7902379 0.447658 0.2507501 0.8319982 0.4948773 -0.6430652 -0.1088917 0.7580302 -0.6531792 -0.2705252 0.7072293 -0.3915332 -0.5616178 0.7288945 -0.4636237 -0.6378298 0.6150011 -0.04635798 -0.7306194 0.6812095 0.1177423 -0.675752 0.7276648 0.9788676 -0.145057 -0.1441414 0.944059 0.2983584 -0.1404811 0.9487535 0.03091603 0.3145014 0.8300371 0.3765794 0.4113715 0.8501408 -0.360553 0.3837475 0.8320863 -0.5355884 -0.144144 0.9831193 -0.1172248 -0.1404805 0.877186 -0.3628135 0.3145015 0.9114665 0.001037657 0.411373 0.6259738 -0.6788937 0.383745 0.8477199 -0.4810369 0.22355 0.8434215 -0.3572853 0.4012326 0.7836599 -0.6191334 -0.05050849 0.6951155 -0.6790011 -0.236161 0.783648 -0.6191482 -0.05050969 0.9710219 0.08450698 0.2235514 0.897302 0.1840016 0.401239 0.9965718 -0.06552457 -0.05050915 0.9575958 -0.1650469 -0.2361563 0.8002475 -0.1270214 0.5860628 0.6803954 -0.02176016 0.7325222 0.9063057 -0.2678998 0.3268634 0.9278404 -0.3495958 0.1299806 0.9141352 -0.3531657 -0.1990754 0.9530254 -0.05392754 -0.2980512 0.9854611 -0.1283937 0.1112725 0.9875856 0.1415153 0.06817877 0.8957564 -0.3805385 0.2298063 -0.1281201 -0.8561584 0.5005778 0.1857408 -0.8709617 0.4548912 0.04672509 -0.6358097 0.7704305 0.3152649 -0.59528 0.7390872 -0.2350605 -0.5604279 0.7941455 0.7122898 -0.4920015 0.5005774 0.8637845 -0.2166862 0.4548885 0.5914595 -0.2379571 0.7704233 0.6732857 0.0209667 0.7390852 0.3996794 -0.4578185 0.7941402 -0.5582652 -0.4894129 0.6699365 -0.5264236 -0.6264042 0.5748879 -0.1952598 -0.8296256 0.5230633 -0.2486736 -0.8868383 0.3894605 0.1804583 -0.8782733 0.4427989 0.3254321 -0.7966572 0.5093442 -0.672823 -0.7081946 0.2139385 -0.4151905 -0.8432603 0.3413633 -0.612428 -0.5519695 0.5659167 -0.3777421 -0.61781 0.6896533 -0.8124383 -0.374556 0.4468243 -0.7886217 0.5681495 0.2351216 -0.8496888 0.5205377 0.08408075 -0.9840771 0.173438 -0.03888088 -0.9590029 0.2135118 -0.1863498 -0.9730744 -0.2093312 -0.09647119 -0.9390073 -0.3434603 0.01733475 -0.9882517 0.1351403 0.07138508 -0.978825 -0.1813475 0.0949465 -0.8977206 0.04101771 0.4386516 -0.8444717 -0.2226695 0.4871201 -0.842524 0.3282077 0.4271218 -0.9514899 0.2830939 -0.1205194 -0.9828305 -0.02673453 -0.182564 -0.971794 0.0905506 0.2177548 -0.9620044 -0.1822317 0.2033207 -0.8848428 0.3583563 0.2977147 -0.6172226 -0.750836 0.2351207 -0.5735743 -0.8148271 0.08407986 -0.2357328 -0.9710398 -0.03888183 -0.2741225 -0.9434674 -0.1863496 0.1469799 -0.9844239 -0.09647083 0.2830012 -0.9589629 0.01733469 -0.04092603 -0.9439856 0.3274391 0.08637017 -0.9719548 0.2187333 0.461018 -0.8571834 0.2295629 0.4739013 -0.8772425 0.07657253 0.7520786 -0.6040006 0.2637448 0.785412 -0.4809218 0.3896693 -0.6869795 -0.7166132 -0.1205189 -0.4257748 -0.8862196 -0.1825665 -0.5250543 -0.8227397 0.2177553 -0.2779957 -0.9388189 0.2033161 -0.7234202 -0.6229214 0.2977119 0.4302282 -0.7625814 -0.4830873 0.6472762 -0.5378963 -0.5400937 0.6607727 -0.7309976 -0.1703585 0.8363273 -0.5214571 -0.1692309 0.4387069 -0.8955726 -0.07406896 0.4846448 0.1952313 0.8526453 0.5855177 0.44174 0.6797315 0.2089064 0.4707031 0.8572028 0.2456789 0.6825295 0.6883281 0.07254362 0.2370105 0.968795 -0.2916728 0.7720158 0.5647289 -0.2830691 0.5465446 0.7881376 0.07748752 0.7276016 0.6816096 0.1281494 0.5159243 0.8469948 0.1023914 0.8918282 0.4406343 -0.2755898 -0.8136768 0.5118403 -0.1200009 -0.6729452 0.7298937 -0.2964339 -0.6387689 0.7100009 0.06030553 -0.6793228 0.7313576 0.01995956 -0.8490771 0.5278921 0.008026599 -0.8656532 0.5005797 0.320364 -0.8309261 0.4548943 0.1461268 -0.6205505 0.7704311 0.4049336 -0.5383042 0.7390924 -0.14402 -0.5904241 0.7941397 -0.9705166 -0.065342 0.2320083 -0.9080985 -0.3737075 0.1889443 -0.8053018 -0.2046596 0.5564203 -0.7042273 -0.4582742 0.5422627 -0.7982373 0.08517986 0.5962898 0.7548347 -0.6222893 0.2073178 0.7607224 -0.4571476 0.4607794 0.6558303 -0.604161 0.4526324 0.8373623 -0.2937803 0.4609963 0.9063042 -0.3655614 0.2120793 -0.4160141 -0.614911 0.669938 -0.3504847 -0.739363 0.5748939 0.02133268 -0.8520267 0.5230635 -0.01580882 -0.9209107 0.3894529 0.3971432 -0.8038694 0.4427995 0.5166955 -0.6881847 0.5093403 -0.7982228 0.08517831 0.5963096 0.01681602 -0.8186154 0.574096 -0.4527279 -0.7259395 0.5177347 0.03836274 -0.8183147 0.5734887 0.4754001 -0.724255 0.4994493 0.1308678 -0.8169168 0.5617123 -0.3304975 -0.8427395 0.4249253 0.1513752 -0.8111698 0.5648799 0.5555377 -0.6062603 0.5690576 0.4548832 -0.3957377 0.7977927 0.2520272 -0.7747288 0.5798945 0.4616916 -0.3760553 0.8033825 0.5514739 0.06717175 0.8314834 -0.3216406 0.08600276 0.9429481 -0.3781306 0.5283146 0.7601981 -0.3172497 0.0651285 0.9461031 -0.1930924 -0.3690638 0.9091244 -0.3767968 0.5033317 0.7776126 -0.2400353 0.8489286 0.4708538 -0.3810064 0.4845899 0.7874051 -0.4260526 0.04886174 0.903378 0.5227038 -0.02758938 0.8520679 0.5178245 -0.4861452 0.7039324 0.5200132 -0.006286859 0.8541352 0.4090216 0.4302327 0.8047368 -0.03949159 -0.2030127 0.9783794 -0.406547 -0.4541876 0.7927378 -0.02237057 -0.1903178 0.9814677 0.3308584 0.09030622 0.9393496 -0.7577422 0.2441878 0.6051439 -0.3140985 -0.8626723 0.3964075 -0.2080497 -0.5740977 0.7919136 0.6209726 -0.06711155 0.7809539 -0.02676534 0.4493958 0.8929318 -0.103918 0.1492086 0.98333 -0.426389 -0.5055873 0.7500492 0.3892658 -0.9201383 -0.04263454 0.486297 -0.7643292 0.4234575 0.8276775 0.137519 0.5440942 0.1284834 0.03588986 0.9910621 0.2672537 -0.2492781 0.9308254 -0.2404951 -0.8603805 0.4493414 0.6443623 -0.7230115 -0.2491017 0.5563931 -0.8291115 0.05478167 0.9151313 -0.04504698 0.4006313 0.4729564 -0.3213675 0.8203873 0.4749052 -0.6040919 0.6399517 -0.3909227 -0.5146789 0.7630761 -0.7756358 -0.3696439 0.5116175 -0.3710219 -0.5184907 0.7703962 0.07651185 -0.5408019 0.837663 0.6099604 0.1672462 0.774582 0.463283 -0.2873392 0.8383347 0.6132971 0.18727 0.767331 0.6160631 0.5770289 0.536194 0.4110317 0.4558948 0.7894384 -0.03140437 0.3039421 0.9521728 0.217085 0.2060369 0.9541609 -0.5145554 0.2320687 0.8254556 -0.06311362 0.3930566 0.9173457 -0.2233091 0.10639 0.9689243 -0.1013832 0.8723474 0.478259 -0.5020775 0.6127415 0.6103 -0.2583126 0.6531977 0.7117636 -0.8463276 0.2784876 0.4540644 -0.5428161 0.6534791 0.5275565 -0.6138943 0.3750203 0.6946177 0.6603789 0.444393 0.6053219 0.2194923 0.5563605 0.8014276 0.4027637 0.3657132 0.8390681 -0.2614926 0.6675875 0.6971001 0.2235823 0.635467 0.7390486 -0.03332728 0.4770201 0.8782603 0.8026289 -0.1979181 -0.5626857 0.5596969 -0.7767209 -0.2888669</float_array>
          <technique_common>
            <accessor source="#tree_oak_bush_a200-mesh-normals-array" count="946" stride="3">
              <param name="X" type="float"/>
              <param name="Y" type="float"/>
              <param name="Z" type="float"/>
            </accessor>
          </technique_common>
        </source>
        <source id="tree_oak_bush_a200-mesh-map-0">
          <float_array id="tree_oak_bush_a200-mesh-map-0-array" count="5496">0.5986007 0.04721134 0.6030544 0.1155642 0.6012573 0.1157138 0.5986007 0.04721134 0.599466 0.1155993 0.5968049 0.04726266 0.60219 0.04705262 0.6030544 0.1155642 0.6003953 0.04713195 0.6012573 0.1157138 0.6042286 0.154489 0.602481 0.1545939 0.6012573 0.1157138 0.6007629 0.1545175 0.599466 0.1155993 0.6030544 0.1155642 0.6059948 0.1543859 0.6042286 0.154489 0.6042286 0.154489 0.6032087 0.1862972 0.602481 0.1545939 0.6007629 0.1545175 0.6032087 0.1862972 0.601642 0.1863495 0.6042286 0.154489 0.6065321 0.1862842 0.6048124 0.1862907 0.6048124 0.1862907 0.6033 0.2140666 0.6032087 0.1862972 0.601642 0.1863495 0.6033 0.2140666 0.601644 0.2141538 0.6048124 0.1862907 0.6067117 0.2141694 0.6049894 0.2141181 0.6049894 0.2141181 0.6030446 0.2364127 0.6033 0.2140666 0.601644 0.2141538 0.6030446 0.2364127 0.6013846 0.2367329 0.6049894 0.2141181 0.6064802 0.2368159 0.6047411 0.2366096 0.6047411 0.2366096 0.6021209 0.2813519 0.6030446 0.2364127 0.6013846 0.2367329 0.6021209 0.2813519 0.6008374 0.2814799 0.6047411 0.2366096 0.6047551 0.2815957 0.6034221 0.2814703 0.6034221 0.2814703 0.6009798 0.3133431 0.6021209 0.2813519 0.6008374 0.2814799 0.6009798 0.3133431 0.5997638 0.3138616 0.6047551 0.2815957 0.6022728 0.3136337 0.6034221 0.2814703 0.6022728 0.3136337 0.6008453 0.3368533 0.6009798 0.3133431 0.5997638 0.3138616 0.6008453 0.3368533 0.5998466 0.3371095 0.6035562 0.3139249 0.6018692 0.3369954 0.6022728 0.3136337 0.5986007 0.04721134 0.6030544 0.1155642 0.6012573 0.1157138 0.5986007 0.04721134 0.599466 0.1155993 0.5968049 0.04726266 0.60219 0.04705262 0.6030544 0.1155642 0.6003953 0.04713195 0.6012573 0.1157138 0.6042286 0.154489 0.602481 0.1545939 0.6012573 0.1157138 0.6007629 0.1545175 0.599466 0.1155993 0.6048459 0.1154155 0.6042286 0.154489 0.6030544 0.1155642 0.6042286 0.154489 0.6032087 0.1862972 0.602481 0.1545939 0.6007629 0.1545175 0.6032087 0.1862972 0.601642 0.1863495 0.6059948 0.1543859 0.6048124 0.1862907 0.6042286 0.154489 0.6048124 0.1862907 0.6033 0.2140666 0.6032087 0.1862972 0.601642 0.1863495 0.6033 0.2140666 0.601644 0.2141538 0.6048124 0.1862907 0.6067117 0.2141694 0.6049894 0.2141181 0.6049894 0.2141181 0.6030446 0.2364127 0.6033 0.2140666 0.601644 0.2141538 0.6030446 0.2364127 0.6013846 0.2367329 0.6067117 0.2141694 0.6047411 0.2366096 0.6049894 0.2141181 0.6047411 0.2366096 0.6021209 0.2813519 0.6030446 0.2364127 0.6013846 0.2367329 0.6021209 0.2813519 0.6008374 0.2814799 0.6064802 0.2368159 0.6034221 0.2814703 0.6047411 0.2366096 0.6034221 0.2814703 0.6009798 0.3133431 0.6021209 0.2813519 0.6008374 0.2814799 0.6009798 0.3133431 0.5997638 0.3138616 0.6047551 0.2815957 0.6022728 0.3136337 0.6034221 0.2814703 0.6022728 0.3136337 0.6008453 0.3368533 0.6009798 0.3133431 0.5997638 0.3138616 0.6008453 0.3368533 0.5998466 0.3371095 0.6035562 0.3139249 0.6018692 0.3369954 0.6022728 0.3136337 0.5986007 0.04721134 0.6030544 0.1155642 0.6012573 0.1157138 0.5986007 0.04721134 0.599466 0.1155993 0.5968049 0.04726266 0.6003953 0.04713195 0.6048459 0.1154155 0.6030544 0.1155642 0.6012573 0.1157138 0.6042286 0.154489 0.602481 0.1545939 0.6012573 0.1157138 0.6007629 0.1545175 0.599466 0.1155993 0.6030544 0.1155642 0.6059948 0.1543859 0.6042286 0.154489 0.6042286 0.154489 0.6032087 0.1862972 0.602481 0.1545939 0.6007629 0.1545175 0.6032087 0.1862972 0.601642 0.1863495 0.6042286 0.154489 0.6065321 0.1862842 0.6048124 0.1862907 0.6048124 0.1862907 0.6033 0.2140666 0.6032087 0.1862972 0.601642 0.1863495 0.6033 0.2140666 0.601644 0.2141538 0.6048124 0.1862907 0.6067117 0.2141694 0.6049894 0.2141181 0.6049894 0.2141181 0.6030446 0.2364127 0.6033 0.2140666 0.601644 0.2141538 0.6030446 0.2364127 0.6013846 0.2367329 0.6067117 0.2141694 0.6047411 0.2366096 0.6049894 0.2141181 0.6047411 0.2366096 0.6021209 0.2813519 0.6030446 0.2364127 0.6013846 0.2367329 0.6021209 0.2813519 0.6008374 0.2814799 0.6064802 0.2368159 0.6034221 0.2814703 0.6047411 0.2366096 0.6034221 0.2814703 0.6009798 0.3133431 0.6021209 0.2813519 0.6008374 0.2814799 0.6009798 0.3133431 0.5997638 0.3138616 0.6047551 0.2815957 0.6022728 0.3136337 0.6034221 0.2814703 0.6022728 0.3136337 0.6008453 0.3368533 0.6009798 0.3133431 0.5997638 0.3138616 0.6008453 0.3368533 0.5998466 0.3371095 0.6035562 0.3139249 0.6018692 0.3369954 0.6022728 0.3136337 0.5986007 0.04721134 0.6030544 0.1155642 0.6012573 0.1157138 0.5986007 0.04721134 0.599466 0.1155993 0.5968049 0.04726266 0.6003953 0.04713195 0.6048459 0.1154155 0.6030544 0.1155642 0.6012573 0.1157138 0.6042286 0.154489 0.602481 0.1545939 0.6012573 0.1157138 0.6007629 0.1545175 0.599466 0.1155993 0.6030544 0.1155642 0.6059948 0.1543859 0.6042286 0.154489 0.602481 0.1545939 0.6048124 0.1862907 0.6032087 0.1862972 0.602481 0.1545939 0.601642 0.1863495 0.6007629 0.1545175 0.6042286 0.154489 0.6065321 0.1862842 0.6048124 0.1862907 0.6048124 0.1862907 0.6030446 0.2364127 0.6032087 0.1862972 0.6030446 0.2364127 0.601642 0.1863495 0.6032087 0.1862972 0.6047411 0.2366096 0.6021209 0.2813519 0.6030446 0.2364127 0.6013846 0.2367329 0.6021209 0.2813519 0.6008374 0.2814799 0.6064802 0.2368159 0.6034221 0.2814703 0.6047411 0.2366096 0.6034221 0.2814703 0.6009798 0.3133431 0.6021209 0.2813519 0.6008374 0.2814799 0.6009798 0.3133431 0.5997638 0.3138616 0.6047551 0.2815957 0.6022728 0.3136337 0.6034221 0.2814703 0.6022728 0.3136337 0.6008453 0.3368533 0.6009798 0.3133431 0.5997638 0.3138616 0.6008453 0.3368533 0.5998466 0.3371095 0.6035562 0.3139249 0.6018692 0.3369954 0.6022728 0.3136337 0.599929 0.08146256 0.6030544 0.1155642 0.6012573 0.1157138 0.599929 0.08146256 0.6003617 0.1156566 0.5990322 0.08144676 0.6017249 0.08134812 0.6048459 0.1154155 0.6030544 0.1155642 0.6012573 0.1157138 0.6042286 0.154489 0.602481 0.1545939 0.6012573 0.1157138 0.601622 0.1545557 0.6003617 0.1156566 0.6030544 0.1155642 0.6059948 0.1543859 0.6042286 0.154489 0.6045205 0.1703898 0.6032087 0.1862972 0.6028448 0.1704456 0.6028448 0.1704456 0.6024253 0.1863234 0.6020237 0.1704396 0.6045205 0.1703898 0.6065321 0.1862842 0.6048124 0.1862907 0.6048124 0.1862907 0.6033 0.2140666 0.6032087 0.1862972 0.6032087 0.1862972 0.6024721 0.2141102 0.6024253 0.1863234 0.6048124 0.1862907 0.6067117 0.2141694 0.6049894 0.2141181 0.6049894 0.2141181 0.6030446 0.2364127 0.6033 0.2140666 0.6024721 0.2141102 0.6030446 0.2364127 0.6022146 0.2365728 0.6067117 0.2141694 0.6047411 0.2366096 0.6049894 0.2141181 0.6047411 0.2366096 0.6021209 0.2813519 0.6030446 0.2364127 0.6022146 0.2365728 0.6021209 0.2813519 0.6014791 0.2814159 0.6064802 0.2368159 0.6034221 0.2814703 0.6047411 0.2366096 0.6034221 0.2814703 0.6009798 0.3133431 0.6021209 0.2813519 0.6014791 0.2814159 0.6009798 0.3133431 0.6003717 0.3136023 0.6047551 0.2815957 0.6022728 0.3136337 0.6034221 0.2814703 0.6022728 0.3136337 0.6008453 0.3368533 0.6009798 0.3133431 0.6003717 0.3136023 0.6008453 0.3368533 0.600346 0.3369814 0.6035562 0.3139249 0.6018692 0.3369954 0.6022728 0.3136337 0.5981355 0.08143103 0.6003617 0.1156566 0.599466 0.1155993 0.599466 0.1155993 0.601622 0.1545557 0.6007629 0.1545175 0.6012025 0.1704335 0.6024253 0.1863234 0.601642 0.1863495 0.601642 0.1863495 0.6024721 0.2141102 0.601644 0.2141538 0.601644 0.2141538 0.6022146 0.2365728 0.6013846 0.2367329 0.6013846 0.2367329 0.6014791 0.2814159 0.6008374 0.2814799 0.6008374 0.2814799 0.6003717 0.3136023 0.5997638 0.3138616 0.5997638 0.3138616 0.600346 0.3369814 0.5998466 0.3371095 0.5986007 0.04721134 0.6017249 0.08134812 0.599929 0.08146256 0.5986007 0.04721134 0.5990322 0.08144676 0.5977028 0.04723703 0.6003953 0.04713195 0.603518 0.08123409 0.6017249 0.08134812 0.5968049 0.04726266 0.5990322 0.08144676 0.5981355 0.08143103 0.6042286 0.154489 0.6028448 0.1704456 0.602481 0.1545939 0.602481 0.1545939 0.6020237 0.1704396 0.601622 0.1545557 0.6042286 0.154489 0.6062635 0.1703351 0.6045205 0.1703898 0.6007629 0.1545175 0.6020237 0.1704396 0.6012025 0.1704335 0.6047411 0.2366096 0.6021209 0.2813519 0.6030446 0.2364127 0.6013846 0.2367329 0.6021209 0.2813519 0.6008374 0.2814799 0.6064802 0.2368159 0.6034221 0.2814703 0.6047411 0.2366096 0.6034221 0.2814703 0.6009798 0.3133431 0.6021209 0.2813519 0.6008374 0.2814799 0.6009798 0.3133431 0.5997638 0.3138616 0.6047551 0.2815957 0.6022728 0.3136337 0.6034221 0.2814703 0.6022728 0.3136337 0.6008453 0.3368533 0.6009798 0.3133431 0.5997638 0.3138616 0.6008453 0.3368533 0.5998466 0.3371095 0.6035562 0.3139249 0.6018692 0.3369954 0.6022728 0.3136337 0.6065321 0.1862842 0.6047411 0.2366096 0.6048124 0.1862907 0.5986007 0.04721134 0.6030544 0.1155642 0.6012573 0.1157138 0.5986007 0.04721134 0.599466 0.1155993 0.5968049 0.04726266 0.60219 0.04705262 0.6030544 0.1155642 0.6003953 0.04713195 0.6030544 0.1155642 0.6032087 0.1862972 0.6012573 0.1157138 0.6012573 0.1157138 0.601642 0.1863495 0.599466 0.1155993 0.6048124 0.1862907 0.6033 0.2140666 0.6032087 0.1862972 0.6032087 0.1862972 0.601644 0.2141538 0.601642 0.1863495 0.6048124 0.1862907 0.6067117 0.2141694 0.6049894 0.2141181 0.6049894 0.2141181 0.6030446 0.2364127 0.6033 0.2140666 0.601644 0.2141538 0.6030446 0.2364127 0.6013846 0.2367329 0.6049894 0.2141181 0.6064802 0.2368159 0.6047411 0.2366096 0.602888 0.3371487 0.6047411 0.2366096 0.6064802 0.2368159 0.6047411 0.2366096 0.6008453 0.3368533 0.6030446 0.2364127 0.6008453 0.3368533 0.6013846 0.2367329 0.6030446 0.2364127 0.6065321 0.1862842 0.6030544 0.1155642 0.6048459 0.1154155 0.6003953 0.04713195 0.6012573 0.1157138 0.5986007 0.04721134 0.5986007 0.04721134 0.599466 0.1155993 0.5968049 0.04726266 0.6003953 0.04713195 0.6048459 0.1154155 0.6030544 0.1155642 0.6030544 0.1155642 0.6032087 0.1862972 0.6012573 0.1157138 0.6032087 0.1862972 0.599466 0.1155993 0.6012573 0.1157138 0.6048124 0.1862907 0.6033 0.2140666 0.6032087 0.1862972 0.601642 0.1863495 0.6033 0.2140666 0.601644 0.2141538 0.6048124 0.1862907 0.6067117 0.2141694 0.6049894 0.2141181 0.6049894 0.2141181 0.6030446 0.2364127 0.6033 0.2140666 0.601644 0.2141538 0.6030446 0.2364127 0.6013846 0.2367329 0.6049894 0.2141181 0.6064802 0.2368159 0.6047411 0.2366096 0.602888 0.3371487 0.6047411 0.2366096 0.6064802 0.2368159 0.6047411 0.2366096 0.6008453 0.3368533 0.6030446 0.2364127 0.6008453 0.3368533 0.6013846 0.2367329 0.6030446 0.2364127 0.6065321 0.1862842 0.6030544 0.1155642 0.6048459 0.1154155 0.6747452 0.5627678 0.6177946 0.9999001 1.00041e-4 0.4890655 0.6177946 0.9999001 9.998e-5 0.9999001 1.00041e-4 0.4890655 0.5022166 0.3600878 0.6747452 0.5627678 1.00041e-4 0.4890655 0.6747452 0.5627678 0.6177946 0.9999001 1.00041e-4 0.4890655 0.6177946 0.9999001 9.998e-5 0.9999001 1.00041e-4 0.4890655 0.5022166 0.3600878 0.6747452 0.5627678 1.00041e-4 0.4890655 0.6747452 0.5627678 0.6177946 0.9999001 1.00041e-4 0.4890655 0.6177946 0.9999001 9.998e-5 0.9999001 1.00041e-4 0.4890655 0.5022166 0.3600878 0.6747452 0.5627678 1.00041e-4 0.4890655 0.6747452 0.5627678 0.6177946 0.9999001 1.00041e-4 0.4890655 0.6177946 0.9999001 9.998e-5 0.9999001 1.00041e-4 0.4890655 0.5022166 0.3600878 0.6747452 0.5627678 1.00041e-4 0.4890655 0.6747452 0.5627678 0.6177946 0.9999001 1.00041e-4 0.4890655 0.6177946 0.9999001 9.998e-5 0.9999001 1.00041e-4 0.4890655 0.5022166 0.3600878 0.6747452 0.5627678 1.00041e-4 0.4890655 0.6747452 0.5627678 0.6177946 0.9999001 1.00041e-4 0.4890655 0.6177946 0.9999001 9.998e-5 0.9999001 1.00041e-4 0.4890655 0.5022166 0.3600878 0.6747452 0.5627678 1.00041e-4 0.4890655 0.6747452 0.5627678 0.6177946 0.9999001 1.00041e-4 0.4890655 0.6177946 0.9999001 9.998e-5 0.9999001 1.00041e-4 0.4890655 0.5022166 0.3600878 0.6747452 0.5627678 1.00041e-4 0.4890655 0.6747452 0.5627678 0.6177946 0.9999001 1.00041e-4 0.4890655 0.6177946 0.9999001 9.998e-5 0.9999001 1.00041e-4 0.4890655 0.5022166 0.3600878 0.6747452 0.5627678 1.00041e-4 0.4890655 0.6747452 0.5627678 0.6177946 0.9999001 1.00041e-4 0.4890655 0.6177946 0.9999001 9.998e-5 0.9999001 1.00041e-4 0.4890655 0.5022166 0.3600878 0.6747452 0.5627678 1.00041e-4 0.4890655 0.6747452 0.5627678 0.6177946 0.9999001 1.00041e-4 0.4890655 0.6177946 0.9999001 9.998e-5 0.9999001 1.00041e-4 0.4890655 0.5022166 0.3600878 0.6747452 0.5627678 1.00041e-4 0.4890655 0.6747452 0.5627678 0.6177946 0.9999001 1.00041e-4 0.4890655 0.6177946 0.9999001 9.998e-5 0.9999001 1.00041e-4 0.4890655 0.5022166 0.3600878 0.6747452 0.5627678 1.00041e-4 0.4890655 0.6747452 0.5627678 0.6177946 0.9999001 1.00041e-4 0.4890655 0.6177946 0.9999001 9.998e-5 0.9999001 1.00041e-4 0.4890655 0.5022166 0.3600878 0.6747452 0.5627678 1.00041e-4 0.4890655 0.6747452 0.5627678 0.6177946 0.9999001 1.00041e-4 0.4890655 0.6177946 0.9999001 9.998e-5 0.9999001 1.00041e-4 0.4890655 0.5022166 0.3600878 0.6747452 0.5627678 1.00041e-4 0.4890655 0.6747452 0.5627678 0.6177946 0.9999001 1.00041e-4 0.4890655 0.6177946 0.9999001 9.998e-5 0.9999001 1.00041e-4 0.4890655 0.5022166 0.3600878 0.6747452 0.5627678 1.00041e-4 0.4890655 0.6747452 0.5627678 0.6177946 0.9999001 1.00041e-4 0.4890655 0.6177946 0.9999001 9.998e-5 0.9999001 1.00041e-4 0.4890655 0.5022166 0.3600878 0.6747452 0.5627678 1.00041e-4 0.4890655 0.6747452 0.5627678 0.6177946 0.9999001 1.00041e-4 0.4890655 0.6177946 0.9999001 9.998e-5 0.9999001 1.00041e-4 0.4890655 0.5022166 0.3600878 0.6747452 0.5627678 1.00041e-4 0.4890655 0.6747452 0.5627678 0.6177946 0.9999001 1.00041e-4 0.4890655 0.6177946 0.9999001 9.998e-5 0.9999001 1.00041e-4 0.4890655 0.5022166 0.3600878 0.6747452 0.5627678 1.00041e-4 0.4890655 0.6747452 0.5627678 0.6177946 0.9999001 1.00041e-4 0.4890655 0.6177946 0.9999001 9.998e-5 0.9999001 1.00041e-4 0.4890655 0.5022166 0.3600878 0.6747452 0.5627678 1.00041e-4 0.4890655 0.6747452 0.5627678 0.6177946 0.9999001 1.00041e-4 0.4890655 0.6177946 0.9999001 9.998e-5 0.9999001 1.00041e-4 0.4890655 0.5022166 0.3600878 0.6747452 0.5627678 1.00041e-4 0.4890655 0.6747452 0.5627678 0.6177946 0.9999001 1.00041e-4 0.4890655 0.6177946 0.9999001 9.998e-5 0.9999001 1.00041e-4 0.4890655 0.5022166 0.3600878 0.6747452 0.5627678 1.00041e-4 0.4890655 0.6747452 0.5627678 0.6177946 0.9999001 1.00041e-4 0.4890655 0.6177946 0.9999001 9.998e-5 0.9999001 1.00041e-4 0.4890655 0.5022166 0.3600878 0.6747452 0.5627678 1.00041e-4 0.4890655 0.6747452 0.5627678 0.6177946 0.9999001 1.00041e-4 0.4890655 0.6177946 0.9999001 9.998e-5 0.9999001 1.00041e-4 0.4890655 0.5022166 0.3600878 0.6747452 0.5627678 1.00041e-4 0.4890655 0.6747452 0.5627678 0.6177946 0.9999001 1.00041e-4 0.4890655 0.6177946 0.9999001 9.998e-5 0.9999001 1.00041e-4 0.4890655 0.5022166 0.3600878 0.6747452 0.5627678 1.00041e-4 0.4890655 0.6747452 0.5627678 0.6177946 0.9999001 1.00041e-4 0.4890655 0.6177946 0.9999001 9.998e-5 0.9999001 1.00041e-4 0.4890655 0.5022166 0.3600878 0.6747452 0.5627678 1.00041e-4 0.4890655 0.6747452 0.5627678 0.6177946 0.9999001 1.00041e-4 0.4890655 0.6177946 0.9999001 9.998e-5 0.9999001 1.00041e-4 0.4890655 0.5022166 0.3600878 0.6747452 0.5627678 1.00041e-4 0.4890655 0.6747452 0.5627678 0.6177946 0.9999001 1.00041e-4 0.4890655 0.6177946 0.9999001 9.998e-5 0.9999001 1.00041e-4 0.4890655 0.5022166 0.3600878 0.6747452 0.5627678 1.00041e-4 0.4890655 0.6747452 0.5627678 0.6177946 0.9999001 1.00041e-4 0.4890655 0.6177946 0.9999001 9.998e-5 0.9999001 1.00041e-4 0.4890655 0.5022166 0.3600878 0.6747452 0.5627678 1.00041e-4 0.4890655 1.00083e-4 0.1385725 0.2966637 0.3032056 1.00053e-4 0.3905744 0.5889905 0.386698 1.00053e-4 0.3905744 0.2966637 0.3032056 1.00083e-4 0.1385725 0.5889906 0.1385726 0.2966637 0.3032056 0.5889906 0.1385726 0.5889905 0.386698 0.2966637 0.3032056 1.00083e-4 0.1385725 0.2966637 0.3032056 1.00053e-4 0.3905744 0.5889905 0.386698 1.00053e-4 0.3905744 0.2966637 0.3032056 1.00083e-4 0.1385725 0.5889906 0.1385726 0.2966637 0.3032056 0.5889906 0.1385726 0.5889905 0.386698 0.2966637 0.3032056 1.00083e-4 0.1385725 0.2966637 0.3032056 1.00053e-4 0.3905744 0.5889905 0.386698 1.00053e-4 0.3905744 0.2966637 0.3032056 1.00083e-4 0.1385725 0.5889906 0.1385726 0.2966637 0.3032056 0.5889906 0.1385726 0.5889905 0.386698 0.2966637 0.3032056 1.00083e-4 0.1385725 0.2966637 0.3032056 1.00053e-4 0.3905744 0.5889905 0.386698 1.00053e-4 0.3905744 0.2966637 0.3032056 1.00083e-4 0.1385725 0.5889906 0.1385726 0.2966637 0.3032056 0.5889906 0.1385726 0.5889905 0.386698 0.2966637 0.3032056 1.00083e-4 0.1385725 0.2966637 0.3032056 1.00053e-4 0.3905744 0.5889905 0.386698 1.00053e-4 0.3905744 0.2966637 0.3032056 1.00083e-4 0.1385725 0.5889906 0.1385726 0.2966637 0.3032056 0.5889906 0.1385726 0.5889905 0.386698 0.2966637 0.3032056 1.00083e-4 0.1385725 0.2966637 0.3032056 1.00053e-4 0.3905744 0.5889905 0.386698 1.00053e-4 0.3905744 0.2966637 0.3032056 1.00083e-4 0.1385725 0.5889906 0.1385726 0.2966637 0.3032056 0.5889906 0.1385726 0.5889905 0.386698 0.2966637 0.3032056 1.00083e-4 0.1385725 0.2966637 0.3032056 1.00053e-4 0.3905744 0.5889905 0.386698 1.00053e-4 0.3905744 0.2966637 0.3032056 1.00083e-4 0.1385725 0.5889906 0.1385726 0.2966637 0.3032056 0.5889906 0.1385726 0.5889905 0.386698 0.2966637 0.3032056 1.00083e-4 0.1385725 0.2966637 0.3032056 1.00053e-4 0.3905744 0.5889905 0.386698 1.00053e-4 0.3905744 0.2966637 0.3032056 1.00083e-4 0.1385725 0.5889906 0.1385726 0.2966637 0.3032056 0.5889906 0.1385726 0.5889905 0.386698 0.2966637 0.3032056 0.6584262 0.5540207 0.9998999 0.5410971 0.8615881 0.7292486 0.9999001 0.7769489 0.7383894 0.7914881 0.8615881 0.7292486 0.7383894 0.7914881 0.6584262 0.5540207 0.8615881 0.7292486 0.9998999 0.5410971 0.9999001 0.7769489 0.8615881 0.7292486 1.00083e-4 0.1385725 0.2966637 0.3032056 1.00053e-4 0.3905744 0.5889905 0.386698 1.00053e-4 0.3905744 0.2966637 0.3032056 1.00083e-4 0.1385725 0.5889906 0.1385726 0.2966637 0.3032056 0.5889906 0.1385726 0.5889905 0.386698 0.2966637 0.3032056 0.6584262 0.5540207 0.9998999 0.5410971 0.8615881 0.7292486 0.9999001 0.7769489 0.7383894 0.7914881 0.8615881 0.7292486 0.7383894 0.7914881 0.6584262 0.5540207 0.8615881 0.7292486 0.9998999 0.5410971 0.9999001 0.7769489 0.8615881 0.7292486 0.6158966 1.00017e-4 0.8098884 0.306901 0.6312505 0.541181 0.9999001 1.0004e-4 0.8098884 0.306901 0.8098658 1.00028e-4 0.8098884 0.306901 0.9999 0.5328075 0.6312505 0.541181 0.6158966 1.00017e-4 0.8098884 0.306901 0.6312505 0.541181 0.9999001 1.0004e-4 0.8098884 0.306901 0.8098658 1.00028e-4 0.8098884 0.306901 0.9999 0.5328075 0.6312505 0.541181 1.00083e-4 0.1385725 0.2966637 0.3032056 1.00053e-4 0.3905744 0.5889905 0.386698 1.00053e-4 0.3905744 0.2966637 0.3032056 1.00083e-4 0.1385725 0.5889906 0.1385726 0.2966637 0.3032056 0.5889906 0.1385726 0.5889905 0.386698 0.2966637 0.3032056 1.00083e-4 0.1385725 0.2966637 0.3032056 1.00053e-4 0.3905744 0.5889905 0.386698 1.00053e-4 0.3905744 0.2966637 0.3032056 1.00083e-4 0.1385725 0.5889906 0.1385726 0.2966637 0.3032056 0.5889906 0.1385726 0.5889905 0.386698 0.2966637 0.3032056 1.00083e-4 0.1385725 0.2966637 0.3032056 1.00053e-4 0.3905744 0.5889905 0.386698 1.00053e-4 0.3905744 0.2966637 0.3032056 1.00083e-4 0.1385725 0.5889906 0.1385726 0.2966637 0.3032056 0.5889906 0.1385726 0.5889905 0.386698 0.2966637 0.3032056 1.00083e-4 0.1385725 0.2966637 0.3032056 1.00053e-4 0.3905744 0.5889905 0.386698 1.00053e-4 0.3905744 0.2966637 0.3032056 1.00083e-4 0.1385725 0.5889906 0.1385726 0.2966637 0.3032056 0.5889906 0.1385726 0.5889905 0.386698 0.2966637 0.3032056 1.00083e-4 0.1385725 0.2966637 0.3032056 1.00053e-4 0.3905744 0.5889905 0.386698 1.00053e-4 0.3905744 0.2966637 0.3032056 1.00083e-4 0.1385725 0.5889906 0.1385726 0.2966637 0.3032056 0.5889906 0.1385726 0.5889905 0.386698 0.2966637 0.3032056 1.00083e-4 0.1385725 0.2966637 0.3032056 1.00053e-4 0.3905744 0.5889905 0.386698 1.00053e-4 0.3905744 0.2966637 0.3032056 1.00083e-4 0.1385725 0.5889906 0.1385726 0.2966637 0.3032056 0.5889906 0.1385726 0.5889905 0.386698 0.2966637 0.3032056 1.00083e-4 0.1385725 0.2966637 0.3032056 1.00053e-4 0.3905744 0.5889905 0.386698 1.00053e-4 0.3905744 0.2966637 0.3032056 1.00083e-4 0.1385725 0.5889906 0.1385726 0.2966637 0.3032056 0.5889906 0.1385726 0.5889905 0.386698 0.2966637 0.3032056 1.00083e-4 0.1385725 0.2966637 0.3032056 1.00053e-4 0.3905744 0.5889905 0.386698 1.00053e-4 0.3905744 0.2966637 0.3032056 1.00083e-4 0.1385725 0.5889906 0.1385726 0.2966637 0.3032056 0.5889906 0.1385726 0.5889905 0.386698 0.2966637 0.3032056 0.6584262 0.5540207 0.9998999 0.5410971 0.8615881 0.7292486 0.9999001 0.7769489 0.7383894 0.7914881 0.8615881 0.7292486 0.7383894 0.7914881 0.6584262 0.5540207 0.8615881 0.7292486 0.9998999 0.5410971 0.9999001 0.7769489 0.8615881 0.7292486 0.6584262 0.5540207 0.9998999 0.5410971 0.8615881 0.7292486 0.9999001 0.7769489 0.7383894 0.7914881 0.8615881 0.7292486 0.7383894 0.7914881 0.6584262 0.5540207 0.8615881 0.7292486 0.9998999 0.5410971 0.9999001 0.7769489 0.8615881 0.7292486 0.6584262 0.5540207 0.9998999 0.5410971 0.8615881 0.7292486 0.9999001 0.7769489 0.7383894 0.7914881 0.8615881 0.7292486 0.7383894 0.7914881 0.6584262 0.5540207 0.8615881 0.7292486 0.9998999 0.5410971 0.9999001 0.7769489 0.8615881 0.7292486 0.6584262 0.5540207 0.9998999 0.5410971 0.8615881 0.7292486 0.9999001 0.7769489 0.7383894 0.7914881 0.8615881 0.7292486 0.7383894 0.7914881 0.6584262 0.5540207 0.8615881 0.7292486 0.9998999 0.5410971 0.9999001 0.7769489 0.8615881 0.7292486 0.6584262 0.5540207 0.9998999 0.5410971 0.8615881 0.7292486 0.9999001 0.7769489 0.7383894 0.7914881 0.8615881 0.7292486 0.7383894 0.7914881 0.6584262 0.5540207 0.8615881 0.7292486 0.9998999 0.5410971 0.9999001 0.7769489 0.8615881 0.7292486 1.00083e-4 0.1385725 1.00099e-4 9.998e-5 0.1727766 0.1385725 1.00099e-4 9.998e-5 0.1707409 9.99902e-5 0.1727766 0.1385725 0.3449976 1.00001e-4 0.342575 0.1385725 0.1727766 0.1385725 0.1707409 9.99902e-5 0.3449976 1.00001e-4 0.1727766 0.1385725 1.00083e-4 0.1385725 1.00099e-4 9.998e-5 0.1727766 0.1385725 1.00099e-4 9.998e-5 0.1707409 9.99902e-5 0.1727766 0.1385725 0.3449976 1.00001e-4 0.342575 0.1385725 0.1727766 0.1385725 0.1707409 9.99902e-5 0.3449976 1.00001e-4 0.1727766 0.1385725 1.00083e-4 0.1385725 1.00099e-4 9.998e-5 0.1727766 0.1385725 1.00099e-4 9.998e-5 0.1707409 9.99902e-5 0.1727766 0.1385725 0.3449976 1.00001e-4 0.342575 0.1385725 0.1727766 0.1385725 0.1707409 9.99902e-5 0.3449976 1.00001e-4 0.1727766 0.1385725 1.00083e-4 0.1385725 1.00099e-4 9.998e-5 0.1727766 0.1385725 1.00099e-4 9.998e-5 0.1707409 9.99902e-5 0.1727766 0.1385725 0.3449976 1.00001e-4 0.342575 0.1385725 0.1727766 0.1385725 0.1707409 9.99902e-5 0.3449976 1.00001e-4 0.1727766 0.1385725 1.00083e-4 0.1385725 1.00099e-4 9.998e-5 0.1727766 0.1385725 1.00099e-4 9.998e-5 0.1707409 9.99902e-5 0.1727766 0.1385725 0.3449976 1.00001e-4 0.342575 0.1385725 0.1727766 0.1385725 0.1707409 9.99902e-5 0.3449976 1.00001e-4 0.1727766 0.1385725 1.00083e-4 0.1385725 1.00099e-4 9.998e-5 0.1727766 0.1385725 1.00099e-4 9.998e-5 0.1707409 9.99902e-5 0.1727766 0.1385725 0.3449976 1.00001e-4 0.342575 0.1385725 0.1727766 0.1385725 0.1707409 9.99902e-5 0.3449976 1.00001e-4 0.1727766 0.1385725 0.6584262 0.5540207 0.9998999 0.5410971 0.8615881 0.7292486 0.9999001 0.7769489 0.7383894 0.7914881 0.8615881 0.7292486 0.7383894 0.7914881 0.6584262 0.5540207 0.8615881 0.7292486 0.9998999 0.5410971 0.9999001 0.7769489 0.8615881 0.7292486 0.6584262 0.5540207 0.9998999 0.5410971 0.8615881 0.7292486 0.9999001 0.7769489 0.7383894 0.7914881 0.8615881 0.7292486 0.7383894 0.7914881 0.6584262 0.5540207 0.8615881 0.7292486 0.9998999 0.5410971 0.9999001 0.7769489 0.8615881 0.7292486 0.6584262 0.5540207 0.9998999 0.5410971 0.8615881 0.7292486 0.9999001 0.7769489 0.7383894 0.7914881 0.8615881 0.7292486 0.7383894 0.7914881 0.6584262 0.5540207 0.8615881 0.7292486 0.9998999 0.5410971 0.9999001 0.7769489 0.8615881 0.7292486 1.00083e-4 0.1385725 1.00099e-4 9.998e-5 0.1727766 0.1385725 1.00099e-4 9.998e-5 0.1707409 9.99902e-5 0.1727766 0.1385725 0.3449976 1.00001e-4 0.342575 0.1385725 0.1727766 0.1385725 0.1707409 9.99902e-5 0.3449976 1.00001e-4 0.1727766 0.1385725 1.00083e-4 0.1385725 1.00099e-4 9.998e-5 0.1727766 0.1385725 1.00099e-4 9.998e-5 0.1707409 9.99902e-5 0.1727766 0.1385725 0.3449976 1.00001e-4 0.342575 0.1385725 0.1727766 0.1385725 0.1707409 9.99902e-5 0.3449976 1.00001e-4 0.1727766 0.1385725 0.5928673 1.00015e-4 0.5895118 0.1199561 0.3428852 0.120837 0.3449976 1.00001e-4 0.5928673 1.00015e-4 0.3428852 0.120837 0.5928673 1.00015e-4 0.5895118 0.1199561 0.3428852 0.120837 0.3449976 1.00001e-4 0.5928673 1.00015e-4 0.3428852 0.120837 0.6584262 0.5540207 0.9998999 0.5410971 0.8615881 0.7292486 0.9999001 0.7769489 0.7383894 0.7914881 0.8615881 0.7292486 0.7383894 0.7914881 0.6584262 0.5540207 0.8615881 0.7292486 0.9998999 0.5410971 0.9999001 0.7769489 0.8615881 0.7292486 0.6584262 0.5540207 0.9998999 0.5410971 0.8615881 0.7292486 0.9999001 0.7769489 0.7383894 0.7914881 0.8615881 0.7292486 0.7383894 0.7914881 0.6584262 0.5540207 0.8615881 0.7292486 0.9998999 0.5410971 0.9999001 0.7769489 0.8615881 0.7292486 0.6584262 0.5540207 0.9998999 0.5410971 0.8615881 0.7292486 0.9999001 0.7769489 0.7383894 0.7914881 0.8615881 0.7292486 0.7383894 0.7914881 0.6584262 0.5540207 0.8615881 0.7292486 0.9998999 0.5410971 0.9999001 0.7769489 0.8615881 0.7292486 0.6584262 0.5540207 0.9998999 0.5410971 0.8615881 0.7292486 0.9999001 0.7769489 0.7383894 0.7914881 0.8615881 0.7292486 0.7383894 0.7914881 0.6584262 0.5540207 0.8615881 0.7292486 0.9998999 0.5410971 0.9999001 0.7769489 0.8615881 0.7292486 1.00083e-4 0.1385725 1.00099e-4 9.998e-5 0.1727766 0.1385725 1.00099e-4 9.998e-5 0.1707409 9.99902e-5 0.1727766 0.1385725 0.3449976 1.00001e-4 0.342575 0.1385725 0.1727766 0.1385725 0.1707409 9.99902e-5 0.3449976 1.00001e-4 0.1727766 0.1385725 1.00083e-4 0.1385725 1.00099e-4 9.998e-5 0.1727766 0.1385725 1.00099e-4 9.998e-5 0.1707409 9.99902e-5 0.1727766 0.1385725 0.3449976 1.00001e-4 0.342575 0.1385725 0.1727766 0.1385725 0.1707409 9.99902e-5 0.3449976 1.00001e-4 0.1727766 0.1385725 0.5928673 1.00015e-4 0.5895118 0.1199561 0.3428852 0.120837 0.3449976 1.00001e-4 0.5928673 1.00015e-4 0.3428852 0.120837 0.6584262 0.5540207 0.9998999 0.5410971 0.8615881 0.7292486 0.9999001 0.7769489 0.7383894 0.7914881 0.8615881 0.7292486 0.7383894 0.7914881 0.6584262 0.5540207 0.8615881 0.7292486 0.9998999 0.5410971 0.9999001 0.7769489 0.8615881 0.7292486 0.6584262 0.5540207 0.9998999 0.5410971 0.8615881 0.7292486 0.9999001 0.7769489 0.7383894 0.7914881 0.8615881 0.7292486 0.7383894 0.7914881 0.6584262 0.5540207 0.8615881 0.7292486 0.9998999 0.5410971 0.9999001 0.7769489 0.8615881 0.7292486 0.6584262 0.5540207 0.9998999 0.5410971 0.8615881 0.7292486 0.9999001 0.7769489 0.7383894 0.7914881 0.8615881 0.7292486 0.7383894 0.7914881 0.6584262 0.5540207 0.8615881 0.7292486 0.9998999 0.5410971 0.9999001 0.7769489 0.8615881 0.7292486 1.00083e-4 0.1385725 1.00099e-4 9.998e-5 0.1727766 0.1385725 1.00099e-4 9.998e-5 0.1707409 9.99902e-5 0.1727766 0.1385725 0.3449976 1.00001e-4 0.342575 0.1385725 0.1727766 0.1385725 0.1707409 9.99902e-5 0.3449976 1.00001e-4 0.1727766 0.1385725 1.00083e-4 0.1385725 1.00099e-4 9.998e-5 0.1727766 0.1385725 1.00099e-4 9.998e-5 0.1707409 9.99902e-5 0.1727766 0.1385725 0.3449976 1.00001e-4 0.342575 0.1385725 0.1727766 0.1385725 0.1707409 9.99902e-5 0.3449976 1.00001e-4 0.1727766 0.1385725 0.6584262 0.5540207 0.9998999 0.5410971 0.8615881 0.7292486 0.9999001 0.7769489 0.7383894 0.7914881 0.8615881 0.7292486 0.7383894 0.7914881 0.6584262 0.5540207 0.8615881 0.7292486 0.9998999 0.5410971 0.9999001 0.7769489 0.8615881 0.7292486 1.00083e-4 0.1385725 1.00099e-4 9.998e-5 0.1727766 0.1385725 1.00099e-4 9.998e-5 0.1707409 9.99902e-5 0.1727766 0.1385725 0.3449976 1.00001e-4 0.342575 0.1385725 0.1727766 0.1385725 0.1707409 9.99902e-5 0.3449976 1.00001e-4 0.1727766 0.1385725 1.00083e-4 0.1385725 1.00099e-4 9.998e-5 0.1727766 0.1385725 1.00099e-4 9.998e-5 0.1707409 9.99902e-5 0.1727766 0.1385725 0.3449976 1.00001e-4 0.342575 0.1385725 0.1727766 0.1385725 0.1707409 9.99902e-5 0.3449976 1.00001e-4 0.1727766 0.1385725 0.6584262 0.5540207 0.9998999 0.5410971 0.8615881 0.7292486 0.9999001 0.7769489 0.7383894 0.7914881 0.8615881 0.7292486 0.7383894 0.7914881 0.6584262 0.5540207 0.8615881 0.7292486 0.9998999 0.5410971 0.9999001 0.7769489 0.8615881 0.7292486 1.00083e-4 0.1385725 1.00099e-4 9.998e-5 0.1727766 0.1385725 1.00099e-4 9.998e-5 0.1707409 9.99902e-5 0.1727766 0.1385725 0.3449976 1.00001e-4 0.342575 0.1385725 0.1727766 0.1385725 0.1707409 9.99902e-5 0.3449976 1.00001e-4 0.1727766 0.1385725 1.00083e-4 0.1385725 0.2966637 0.3032056 1.00053e-4 0.3905744 0.5889905 0.386698 1.00053e-4 0.3905744 0.2966637 0.3032056 1.00083e-4 0.1385725 0.5889906 0.1385726 0.2966637 0.3032056 0.5889906 0.1385726 0.5889905 0.386698 0.2966637 0.3032056 1.00083e-4 0.1385725 0.2966637 0.3032056 1.00053e-4 0.3905744 0.5889905 0.386698 1.00053e-4 0.3905744 0.2966637 0.3032056 1.00083e-4 0.1385725 0.5889906 0.1385726 0.2966637 0.3032056 0.5889906 0.1385726 0.5889905 0.386698 0.2966637 0.3032056 1.00083e-4 0.1385725 0.2966637 0.3032056 1.00053e-4 0.3905744 0.5889905 0.386698 1.00053e-4 0.3905744 0.2966637 0.3032056 1.00083e-4 0.1385725 0.5889906 0.1385726 0.2966637 0.3032056 0.5889906 0.1385726 0.5889905 0.386698 0.2966637 0.3032056 1.00083e-4 0.1385725 0.2966637 0.3032056 1.00053e-4 0.3905744 0.5889905 0.386698 1.00053e-4 0.3905744 0.2966637 0.3032056 1.00083e-4 0.1385725 0.5889906 0.1385726 0.2966637 0.3032056 0.5889906 0.1385726 0.5889905 0.386698 0.2966637 0.3032056 0.6584262 0.5540207 0.9998999 0.5410971 0.8615881 0.7292486 0.9999001 0.7769489 0.7383894 0.7914881 0.8615881 0.7292486 0.7383894 0.7914881 0.6584262 0.5540207 0.8615881 0.7292486 0.9998999 0.5410971 0.9999001 0.7769489 0.8615881 0.7292486 1.00083e-4 0.1385725 1.00099e-4 9.998e-5 0.1727766 0.1385725 1.00099e-4 9.998e-5 0.1707409 9.99902e-5 0.1727766 0.1385725 0.3449976 1.00001e-4 0.342575 0.1385725 0.1727766 0.1385725 0.1707409 9.99902e-5 0.3449976 1.00001e-4 0.1727766 0.1385725 1.00083e-4 0.1385725 1.00099e-4 9.998e-5 0.1727766 0.1385725 1.00099e-4 9.998e-5 0.1707409 9.99902e-5 0.1727766 0.1385725 0.3449976 1.00001e-4 0.342575 0.1385725 0.1727766 0.1385725 0.1707409 9.99902e-5 0.3449976 1.00001e-4 0.1727766 0.1385725 1.00083e-4 0.1385725 1.00099e-4 9.998e-5 0.1727766 0.1385725 1.00099e-4 9.998e-5 0.1707409 9.99902e-5 0.1727766 0.1385725 0.3449976 1.00001e-4 0.342575 0.1385725 0.1727766 0.1385725 0.1707409 9.99902e-5 0.3449976 1.00001e-4 0.1727766 0.1385725 0.6584262 0.5540207 0.9998999 0.5410971 0.8615881 0.7292486 0.9999001 0.7769489 0.7383894 0.7914881 0.8615881 0.7292486 0.7383894 0.7914881 0.6584262 0.5540207 0.8615881 0.7292486 0.9998999 0.5410971 0.9999001 0.7769489 0.8615881 0.7292486 0.6584262 0.5540207 0.9998999 0.5410971 0.8615881 0.7292486 0.9999001 0.7769489 0.7383894 0.7914881 0.8615881 0.7292486 0.7383894 0.7914881 0.6584262 0.5540207 0.8615881 0.7292486 0.9998999 0.5410971 0.9999001 0.7769489 0.8615881 0.7292486 0.6584262 0.5540207 0.9998999 0.5410971 0.8615881 0.7292486 0.9999001 0.7769489 0.7383894 0.7914881 0.8615881 0.7292486 0.7383894 0.7914881 0.6584262 0.5540207 0.8615881 0.7292486 0.9998999 0.5410971 0.9999001 0.7769489 0.8615881 0.7292486 1.00083e-4 0.1385725 1.00099e-4 9.998e-5 0.1727766 0.1385725 1.00099e-4 9.998e-5 0.1707409 9.99902e-5 0.1727766 0.1385725 0.3449976 1.00001e-4 0.342575 0.1385725 0.1727766 0.1385725 0.1707409 9.99902e-5 0.3449976 1.00001e-4 0.1727766 0.1385725 1.00083e-4 0.1385725 1.00099e-4 9.998e-5 0.1727766 0.1385725 1.00099e-4 9.998e-5 0.1707409 9.99902e-5 0.1727766 0.1385725 0.3449976 1.00001e-4 0.342575 0.1385725 0.1727766 0.1385725 0.1707409 9.99902e-5 0.3449976 1.00001e-4 0.1727766 0.1385725 1.00083e-4 0.1385725 1.00099e-4 9.998e-5 0.1727766 0.1385725 1.00099e-4 9.998e-5 0.1707409 9.99902e-5 0.1727766 0.1385725 0.3449976 1.00001e-4 0.342575 0.1385725 0.1727766 0.1385725 0.1707409 9.99902e-5 0.3449976 1.00001e-4 0.1727766 0.1385725 0.6584262 0.5540207 0.9998999 0.5410971 0.8615881 0.7292486 0.9999001 0.7769489 0.7383894 0.7914881 0.8615881 0.7292486 0.7383894 0.7914881 0.6584262 0.5540207 0.8615881 0.7292486 0.9998999 0.5410971 0.9999001 0.7769489 0.8615881 0.7292486 1.00083e-4 0.1385725 0.2966637 0.3032056 1.00053e-4 0.3905744 0.5889905 0.386698 1.00053e-4 0.3905744 0.2966637 0.3032056 1.00083e-4 0.1385725 0.5889906 0.1385726 0.2966637 0.3032056 0.5889906 0.1385726 0.5889905 0.386698 0.2966637 0.3032056 1.00083e-4 0.1385725 0.2966637 0.3032056 1.00053e-4 0.3905744 0.5889905 0.386698 1.00053e-4 0.3905744 0.2966637 0.3032056 1.00083e-4 0.1385725 0.5889906 0.1385726 0.2966637 0.3032056 0.5889906 0.1385726 0.5889905 0.386698 0.2966637 0.3032056 1.00083e-4 0.1385725 0.2966637 0.3032056 1.00053e-4 0.3905744 0.5889905 0.386698 1.00053e-4 0.3905744 0.2966637 0.3032056 1.00083e-4 0.1385725 0.5889906 0.1385726 0.2966637 0.3032056 0.5889906 0.1385726 0.5889905 0.386698 0.2966637 0.3032056 1.00083e-4 0.1385725 0.2966637 0.3032056 1.00053e-4 0.3905744 0.5889905 0.386698 1.00053e-4 0.3905744 0.2966637 0.3032056 1.00083e-4 0.1385725 0.5889906 0.1385726 0.2966637 0.3032056 0.5889906 0.1385726 0.5889905 0.386698 0.2966637 0.3032056 0.6584262 0.5540207 0.9998999 0.5410971 0.8615881 0.7292486 0.9999001 0.7769489 0.7383894 0.7914881 0.8615881 0.7292486 0.7383894 0.7914881 0.6584262 0.5540207 0.8615881 0.7292486 0.9998999 0.5410971 0.9999001 0.7769489 0.8615881 0.7292486 0.6584262 0.5540207 0.9998999 0.5410971 0.8615881 0.7292486 0.9999001 0.7769489 0.7383894 0.7914881 0.8615881 0.7292486 0.7383894 0.7914881 0.6584262 0.5540207 0.8615881 0.7292486 0.9998999 0.5410971 0.9999001 0.7769489 0.8615881 0.7292486 1.00083e-4 0.1385725 1.00099e-4 9.998e-5 0.1727766 0.1385725 1.00099e-4 9.998e-5 0.1707409 9.99902e-5 0.1727766 0.1385725 0.3449976 1.00001e-4 0.342575 0.1385725 0.1727766 0.1385725 0.1707409 9.99902e-5 0.3449976 1.00001e-4 0.1727766 0.1385725 0.6584262 0.5540207 0.9998999 0.5410971 0.8615881 0.7292486 0.9999001 0.7769489 0.7383894 0.7914881 0.8615881 0.7292486 0.7383894 0.7914881 0.6584262 0.5540207 0.8615881 0.7292486 0.9998999 0.5410971 0.9999001 0.7769489 0.8615881 0.7292486 1.00083e-4 0.1385725 0.2966637 0.3032056 1.00053e-4 0.3905744 0.5889905 0.386698 1.00053e-4 0.3905744 0.2966637 0.3032056 1.00083e-4 0.1385725 0.5889906 0.1385726 0.2966637 0.3032056 0.5889906 0.1385726 0.5889905 0.386698 0.2966637 0.3032056 1.00083e-4 0.1385725 1.00099e-4 9.998e-5 0.1727766 0.1385725 1.00099e-4 9.998e-5 0.1707409 9.99902e-5 0.1727766 0.1385725 0.3449976 1.00001e-4 0.342575 0.1385725 0.1727766 0.1385725 0.1707409 9.99902e-5 0.3449976 1.00001e-4 0.1727766 0.1385725 1.00083e-4 0.1385725 1.00099e-4 9.998e-5 0.1727766 0.1385725 1.00099e-4 9.998e-5 0.1707409 9.99902e-5 0.1727766 0.1385725 0.3449976 1.00001e-4 0.342575 0.1385725 0.1727766 0.1385725 0.1707409 9.99902e-5 0.3449976 1.00001e-4 0.1727766 0.1385725 0.6584262 0.5540207 0.9998999 0.5410971 0.8615881 0.7292486 0.9999001 0.7769489 0.7383894 0.7914881 0.8615881 0.7292486 0.7383894 0.7914881 0.6584262 0.5540207 0.8615881 0.7292486 0.9998999 0.5410971 0.9999001 0.7769489 0.8615881 0.7292486 0.6584262 0.5540207 0.9998999 0.5410971 0.8615881 0.7292486 0.9999001 0.7769489 0.7383894 0.7914881 0.8615881 0.7292486 0.7383894 0.7914881 0.6584262 0.5540207 0.8615881 0.7292486 0.9998999 0.5410971 0.9999001 0.7769489 0.8615881 0.7292486 0.5928673 1.00015e-4 0.5895118 0.1199561 0.3428852 0.120837 0.3449976 1.00001e-4 0.5928673 1.00015e-4 0.3428852 0.120837 0.5928673 1.00015e-4 0.5895118 0.1199561 0.3428852 0.120837 0.3449976 1.00001e-4 0.5928673 1.00015e-4 0.3428852 0.120837 0.5928673 1.00015e-4 0.5895118 0.1199561 0.3428852 0.120837 0.3449976 1.00001e-4 0.5928673 1.00015e-4 0.3428852 0.120837 0.5928673 1.00015e-4 0.5895118 0.1199561 0.3428852 0.120837 0.3449976 1.00001e-4 0.5928673 1.00015e-4 0.3428852 0.120837 0.6584262 0.5540207 0.9998999 0.5410971 0.8615881 0.7292486 0.9999001 0.7769489 0.7383894 0.7914881 0.8615881 0.7292486 0.7383894 0.7914881 0.6584262 0.5540207 0.8615881 0.7292486 0.9998999 0.5410971 0.9999001 0.7769489 0.8615881 0.7292486 0.6584262 0.5540207 0.9998999 0.5410971 0.8615881 0.7292486 0.9999001 0.7769489 0.7383894 0.7914881 0.8615881 0.7292486 0.7383894 0.7914881 0.6584262 0.5540207 0.8615881 0.7292486 0.9998999 0.5410971 0.9999001 0.7769489 0.8615881 0.7292486 0.6584262 0.5540207 0.9998999 0.5410971 0.8615881 0.7292486 0.9999001 0.7769489 0.7383894 0.7914881 0.8615881 0.7292486 0.7383894 0.7914881 0.6584262 0.5540207 0.8615881 0.7292486 0.9998999 0.5410971 0.9999001 0.7769489 0.8615881 0.7292486 1.00083e-4 0.1385725 1.00099e-4 9.998e-5 0.1727766 0.1385725 1.00099e-4 9.998e-5 0.1707409 9.99902e-5 0.1727766 0.1385725 0.3449976 1.00001e-4 0.342575 0.1385725 0.1727766 0.1385725 0.1707409 9.99902e-5 0.3449976 1.00001e-4 0.1727766 0.1385725 0.6584262 0.5540207 0.9998999 0.5410971 0.8615881 0.7292486 0.9999001 0.7769489 0.7383894 0.7914881 0.8615881 0.7292486 0.7383894 0.7914881 0.6584262 0.5540207 0.8615881 0.7292486 0.9998999 0.5410971 0.9999001 0.7769489 0.8615881 0.7292486 1.00083e-4 0.1385725 1.00099e-4 9.998e-5 0.1727766 0.1385725 1.00099e-4 9.998e-5 0.1707409 9.99902e-5 0.1727766 0.1385725 0.3449976 1.00001e-4 0.342575 0.1385725 0.1727766 0.1385725 0.1707409 9.99902e-5 0.3449976 1.00001e-4 0.1727766 0.1385725 0.6584262 0.5540207 0.9998999 0.5410971 0.8615881 0.7292486 0.9999001 0.7769489 0.7383894 0.7914881 0.8615881 0.7292486 0.7383894 0.7914881 0.6584262 0.5540207 0.8615881 0.7292486 0.9998999 0.5410971 0.9999001 0.7769489 0.8615881 0.7292486 0.6584262 0.5540207 0.9998999 0.5410971 0.8615881 0.7292486 0.9999001 0.7769489 0.7383894 0.7914881 0.8615881 0.7292486 0.7383894 0.7914881 0.6584262 0.5540207 0.8615881 0.7292486 0.9998999 0.5410971 0.9999001 0.7769489 0.8615881 0.7292486 1.00083e-4 0.1385725 1.00099e-4 9.998e-5 0.1727766 0.1385725 1.00099e-4 9.998e-5 0.1707409 9.99902e-5 0.1727766 0.1385725 0.3449976 1.00001e-4 0.342575 0.1385725 0.1727766 0.1385725 0.1707409 9.99902e-5 0.3449976 1.00001e-4 0.1727766 0.1385725 1.00083e-4 0.1385725 1.00099e-4 9.998e-5 0.1727766 0.1385725 1.00099e-4 9.998e-5 0.1707409 9.99902e-5 0.1727766 0.1385725 0.3449976 1.00001e-4 0.342575 0.1385725 0.1727766 0.1385725 0.1707409 9.99902e-5 0.3449976 1.00001e-4 0.1727766 0.1385725 0.6584262 0.5540207 0.9998999 0.5410971 0.8615881 0.7292486 0.9999001 0.7769489 0.7383894 0.7914881 0.8615881 0.7292486 0.7383894 0.7914881 0.6584262 0.5540207 0.8615881 0.7292486 0.9998999 0.5410971 0.9999001 0.7769489 0.8615881 0.7292486 0.6584262 0.5540207 0.9998999 0.5410971 0.8615881 0.7292486 0.9999001 0.7769489 0.7383894 0.7914881 0.8615881 0.7292486 0.7383894 0.7914881 0.6584262 0.5540207 0.8615881 0.7292486 0.9998999 0.5410971 0.9999001 0.7769489 0.8615881 0.7292486 0.6584262 0.5540207 0.9998999 0.5410971 0.8615881 0.7292486 0.9999001 0.7769489 0.7383894 0.7914881 0.8615881 0.7292486 0.7383894 0.7914881 0.6584262 0.5540207 0.8615881 0.7292486 0.9998999 0.5410971 0.9999001 0.7769489 0.8615881 0.7292486 0.6584262 0.5540207 0.9998999 0.5410971 0.8615881 0.7292486 0.9999001 0.7769489 0.7383894 0.7914881 0.8615881 0.7292486 0.7383894 0.7914881 0.6584262 0.5540207 0.8615881 0.7292486 0.9998999 0.5410971 0.9999001 0.7769489 0.8615881 0.7292486 1.00083e-4 0.1385725 0.2966637 0.3032056 1.00053e-4 0.3905744 0.5889905 0.386698 1.00053e-4 0.3905744 0.2966637 0.3032056 1.00083e-4 0.1385725 0.5889906 0.1385726 0.2966637 0.3032056 0.5889906 0.1385726 0.5889905 0.386698 0.2966637 0.3032056 0.6584262 0.5540207 0.9998999 0.5410971 0.8615881 0.7292486 0.9999001 0.7769489 0.7383894 0.7914881 0.8615881 0.7292486 0.7383894 0.7914881 0.6584262 0.5540207 0.8615881 0.7292486 0.9998999 0.5410971 0.9999001 0.7769489 0.8615881 0.7292486 0.6584262 0.5540207 0.9998999 0.5410971 0.8615881 0.7292486 0.9999001 0.7769489 0.7383894 0.7914881 0.8615881 0.7292486 0.7383894 0.7914881 0.6584262 0.5540207 0.8615881 0.7292486 0.9998999 0.5410971 0.9999001 0.7769489 0.8615881 0.7292486 1.00083e-4 0.1385725 0.2966637 0.3032056 1.00053e-4 0.3905744 0.5889905 0.386698 1.00053e-4 0.3905744 0.2966637 0.3032056 1.00083e-4 0.1385725 0.5889906 0.1385726 0.2966637 0.3032056 0.5889906 0.1385726 0.5889905 0.386698 0.2966637 0.3032056 1.00083e-4 0.1385725 1.00099e-4 9.998e-5 0.1727766 0.1385725 1.00099e-4 9.998e-5 0.1707409 9.99902e-5 0.1727766 0.1385725 0.3449976 1.00001e-4 0.342575 0.1385725 0.1727766 0.1385725 0.1707409 9.99902e-5 0.3449976 1.00001e-4 0.1727766 0.1385725 0.6584262 0.5540207 0.9998999 0.5410971 0.8615881 0.7292486 0.9999001 0.7769489 0.7383894 0.7914881 0.8615881 0.7292486 0.7383894 0.7914881 0.6584262 0.5540207 0.8615881 0.7292486 0.9998999 0.5410971 0.9999001 0.7769489 0.8615881 0.7292486 1.00083e-4 0.1385725 0.2966637 0.3032056 1.00053e-4 0.3905744 0.5889905 0.386698 1.00053e-4 0.3905744 0.2966637 0.3032056 1.00083e-4 0.1385725 0.5889906 0.1385726 0.2966637 0.3032056 0.5889906 0.1385726 0.5889905 0.386698 0.2966637 0.3032056 1.00083e-4 0.1385725 1.00099e-4 9.998e-5 0.1727766 0.1385725 1.00099e-4 9.998e-5 0.1707409 9.99902e-5 0.1727766 0.1385725 0.3449976 1.00001e-4 0.342575 0.1385725 0.1727766 0.1385725 0.1707409 9.99902e-5 0.3449976 1.00001e-4 0.1727766 0.1385725 0.6584262 0.5540207 0.9998999 0.5410971 0.8615881 0.7292486 0.9999001 0.7769489 0.7383894 0.7914881 0.8615881 0.7292486 0.7383894 0.7914881 0.6584262 0.5540207 0.8615881 0.7292486 0.9998999 0.5410971 0.9999001 0.7769489 0.8615881 0.7292486 1.00083e-4 0.1385725 0.2966637 0.3032056 1.00053e-4 0.3905744 0.5889905 0.386698 1.00053e-4 0.3905744 0.2966637 0.3032056 1.00083e-4 0.1385725 0.5889906 0.1385726 0.2966637 0.3032056 0.5889906 0.1385726 0.5889905 0.386698 0.2966637 0.3032056 1.00083e-4 0.1385725 1.00099e-4 9.998e-5 0.1727766 0.1385725 1.00099e-4 9.998e-5 0.1707409 9.99902e-5 0.1727766 0.1385725 0.3449976 1.00001e-4 0.342575 0.1385725 0.1727766 0.1385725 0.1707409 9.99902e-5 0.3449976 1.00001e-4 0.1727766 0.1385725 0.7729516 0.9999001 0.7931458 0.7933793 0.9999001 0.7888922 0.9999001 0.9999001 0.7729516 0.9999001 0.9999001 0.7888922 0.7729516 0.9999001 0.7931458 0.7933793 0.9999001 0.7888922 0.9999001 0.9999001 0.7729516 0.9999001 0.9999001 0.7888922 0.7729516 0.9999001 0.7931458 0.7933793 0.9999001 0.7888922 0.9999001 0.9999001 0.7729516 0.9999001 0.9999001 0.7888922 0.7729516 0.9999001 0.7931458 0.7933793 0.9999001 0.7888922 0.9999001 0.9999001 0.7729516 0.9999001 0.9999001 0.7888922 0.7729516 0.9999001 0.7931458 0.7933793 0.9999001 0.7888922 0.9999001 0.9999001 0.7729516 0.9999001 0.9999001 0.7888922 0.7729516 0.9999001 0.7931458 0.7933793 0.9999001 0.7888922 0.9999001 0.9999001 0.7729516 0.9999001 0.9999001 0.7888922 0.7729516 0.9999001 0.7931458 0.7933793 0.9999001 0.7888922 0.9999001 0.9999001 0.7729516 0.9999001 0.9999001 0.7888922 0.7931458 0.7933793 0.9999001 0.7888922 0.9529525 0.8325421 0.9999001 0.7888922 0.9999001 0.9999001 0.9529525 0.8325421 0.7729516 0.9999001 0.7931458 0.7933793 0.8942775 0.8870959 0.7931458 0.7933793 0.9529525 0.8325421 0.8942775 0.8870959 0.9999001 0.9999001 0.7729516 0.9999001 0.8942775 0.8870959 0.9529525 0.8325421 0.9999001 0.9999001 0.8942775 0.8870959 0.7931458 0.7933793 0.9999001 0.7888922 0.9529525 0.8325421 0.9999001 0.7888922 0.9999001 0.9999001 0.9529525 0.8325421 0.7729516 0.9999001 0.7931458 0.7933793 0.8942775 0.8870959 0.7931458 0.7933793 0.9529525 0.8325421 0.8942775 0.8870959 0.9999001 0.9999001 0.7729516 0.9999001 0.8942775 0.8870959 0.9529525 0.8325421 0.9999001 0.9999001 0.8942775 0.8870959 0.7931458 0.7933793 0.9999001 0.7888922 0.9529525 0.8325421 0.9999001 0.7888922 0.9999001 0.9999001 0.9529525 0.8325421 0.7729516 0.9999001 0.7931458 0.7933793 0.8942775 0.8870959 0.7931458 0.7933793 0.9529525 0.8325421 0.8942775 0.8870959 0.9999001 0.9999001 0.7729516 0.9999001 0.8942775 0.8870959 0.9529525 0.8325421 0.9999001 0.9999001 0.8942775 0.8870959 0.7729516 0.9999001 0.7931458 0.7933793 0.9999001 0.7888922 0.9999001 0.9999001 0.7729516 0.9999001 0.9999001 0.7888922 0.7729516 0.9999001 0.7931458 0.7933793 0.9999001 0.7888922 0.9999001 0.9999001 0.7729516 0.9999001 0.9999001 0.7888922 0.6158966 1.00017e-4 0.8098884 0.306901 0.6312505 0.541181 0.9999001 1.0004e-4 0.8098884 0.306901 0.8098658 1.00028e-4 0.8098884 0.306901 0.9999 0.5328075 0.6312505 0.541181 0.6158966 1.00017e-4 0.8098884 0.306901 0.6312505 0.541181 0.9999001 1.0004e-4 0.8098884 0.306901 0.8098658 1.00028e-4 0.8098884 0.306901 0.9999 0.5328075 0.6312505 0.541181 0.6158966 1.00017e-4 0.8098884 0.306901 0.6312505 0.541181 0.9999001 1.0004e-4 0.8098884 0.306901 0.8098658 1.00028e-4 0.8098884 0.306901 0.9999 0.5328075 0.6312505 0.541181 0.5986007 0.04721134 0.6003953 0.04713195 0.6030544 0.1155642 0.5986007 0.04721134 0.6012573 0.1157138 0.599466 0.1155993 0.60219 0.04705262 0.6048459 0.1154155 0.6030544 0.1155642 0.6012573 0.1157138 0.6030544 0.1155642 0.6042286 0.154489 0.6012573 0.1157138 0.602481 0.1545939 0.6007629 0.1545175 0.6030544 0.1155642 0.6048459 0.1154155 0.6059948 0.1543859 0.6042286 0.154489 0.6048124 0.1862907 0.6032087 0.1862972 0.6007629 0.1545175 0.602481 0.1545939 0.6032087 0.1862972 0.6042286 0.154489 0.6059948 0.1543859 0.6065321 0.1862842 0.6048124 0.1862907 0.6049894 0.2141181 0.6033 0.2140666 0.601642 0.1863495 0.6032087 0.1862972 0.6033 0.2140666 0.6048124 0.1862907 0.6065321 0.1862842 0.6067117 0.2141694 0.6049894 0.2141181 0.6047411 0.2366096 0.6030446 0.2364127 0.601644 0.2141538 0.6033 0.2140666 0.6030446 0.2364127 0.6049894 0.2141181 0.6067117 0.2141694 0.6064802 0.2368159 0.6047411 0.2366096 0.6034221 0.2814703 0.6021209 0.2813519 0.6013846 0.2367329 0.6030446 0.2364127 0.6021209 0.2813519 0.6047411 0.2366096 0.6064802 0.2368159 0.6047551 0.2815957 0.6034221 0.2814703 0.6022728 0.3136337 0.6009798 0.3133431 0.6008374 0.2814799 0.6021209 0.2813519 0.6009798 0.3133431 0.6047551 0.2815957 0.6035562 0.3139249 0.6022728 0.3136337 0.6022728 0.3136337 0.6018692 0.3369954 0.6008453 0.3368533 0.5997638 0.3138616 0.6009798 0.3133431 0.6008453 0.3368533 0.6035562 0.3139249 0.602888 0.3371487 0.6018692 0.3369954 0.5986007 0.04721134 0.6003953 0.04713195 0.6030544 0.1155642 0.5986007 0.04721134 0.6012573 0.1157138 0.599466 0.1155993 0.60219 0.04705262 0.6048459 0.1154155 0.6030544 0.1155642 0.6012573 0.1157138 0.6030544 0.1155642 0.6042286 0.154489 0.6012573 0.1157138 0.602481 0.1545939 0.6007629 0.1545175 0.6048459 0.1154155 0.6059948 0.1543859 0.6042286 0.154489 0.6042286 0.154489 0.6048124 0.1862907 0.6032087 0.1862972 0.6007629 0.1545175 0.602481 0.1545939 0.6032087 0.1862972 0.6059948 0.1543859 0.6065321 0.1862842 0.6048124 0.1862907 0.6048124 0.1862907 0.6049894 0.2141181 0.6033 0.2140666 0.601642 0.1863495 0.6032087 0.1862972 0.6033 0.2140666 0.6048124 0.1862907 0.6065321 0.1862842 0.6067117 0.2141694 0.6049894 0.2141181 0.6047411 0.2366096 0.6030446 0.2364127 0.601644 0.2141538 0.6033 0.2140666 0.6030446 0.2364127 0.6067117 0.2141694 0.6064802 0.2368159 0.6047411 0.2366096 0.6047411 0.2366096 0.6034221 0.2814703 0.6021209 0.2813519 0.6013846 0.2367329 0.6030446 0.2364127 0.6021209 0.2813519 0.6064802 0.2368159 0.6047551 0.2815957 0.6034221 0.2814703 0.6034221 0.2814703 0.6022728 0.3136337 0.6009798 0.3133431 0.6008374 0.2814799 0.6021209 0.2813519 0.6009798 0.3133431 0.6047551 0.2815957 0.6035562 0.3139249 0.6022728 0.3136337 0.6022728 0.3136337 0.6018692 0.3369954 0.6008453 0.3368533 0.5997638 0.3138616 0.6009798 0.3133431 0.6008453 0.3368533 0.6035562 0.3139249 0.602888 0.3371487 0.6018692 0.3369954 0.5986007 0.04721134 0.6003953 0.04713195 0.6030544 0.1155642 0.5986007 0.04721134 0.6012573 0.1157138 0.599466 0.1155993 0.6003953 0.04713195 0.60219 0.04705262 0.6048459 0.1154155 0.6012573 0.1157138 0.6030544 0.1155642 0.6042286 0.154489 0.6012573 0.1157138 0.602481 0.1545939 0.6007629 0.1545175 0.6030544 0.1155642 0.6048459 0.1154155 0.6059948 0.1543859 0.6042286 0.154489 0.6048124 0.1862907 0.6032087 0.1862972 0.6007629 0.1545175 0.602481 0.1545939 0.6032087 0.1862972 0.6042286 0.154489 0.6059948 0.1543859 0.6065321 0.1862842 0.6048124 0.1862907 0.6049894 0.2141181 0.6033 0.2140666 0.601642 0.1863495 0.6032087 0.1862972 0.6033 0.2140666 0.6048124 0.1862907 0.6065321 0.1862842 0.6067117 0.2141694 0.6049894 0.2141181 0.6047411 0.2366096 0.6030446 0.2364127 0.601644 0.2141538 0.6033 0.2140666 0.6030446 0.2364127 0.6067117 0.2141694 0.6064802 0.2368159 0.6047411 0.2366096 0.6047411 0.2366096 0.6034221 0.2814703 0.6021209 0.2813519 0.6013846 0.2367329 0.6030446 0.2364127 0.6021209 0.2813519 0.6064802 0.2368159 0.6047551 0.2815957 0.6034221 0.2814703 0.6034221 0.2814703 0.6022728 0.3136337 0.6009798 0.3133431 0.6008374 0.2814799 0.6021209 0.2813519 0.6009798 0.3133431 0.6047551 0.2815957 0.6035562 0.3139249 0.6022728 0.3136337 0.6022728 0.3136337 0.6018692 0.3369954 0.6008453 0.3368533 0.5997638 0.3138616 0.6009798 0.3133431 0.6008453 0.3368533 0.6035562 0.3139249 0.602888 0.3371487 0.6018692 0.3369954 0.5986007 0.04721134 0.6003953 0.04713195 0.6030544 0.1155642 0.5986007 0.04721134 0.6012573 0.1157138 0.599466 0.1155993 0.6003953 0.04713195 0.60219 0.04705262 0.6048459 0.1154155 0.6012573 0.1157138 0.6030544 0.1155642 0.6042286 0.154489 0.6012573 0.1157138 0.602481 0.1545939 0.6007629 0.1545175 0.6030544 0.1155642 0.6048459 0.1154155 0.6059948 0.1543859 0.602481 0.1545939 0.6042286 0.154489 0.6048124 0.1862907 0.602481 0.1545939 0.6032087 0.1862972 0.601642 0.1863495 0.6042286 0.154489 0.6059948 0.1543859 0.6065321 0.1862842 0.6048124 0.1862907 0.6047411 0.2366096 0.6030446 0.2364127 0.6030446 0.2364127 0.6013846 0.2367329 0.601642 0.1863495 0.6047411 0.2366096 0.6034221 0.2814703 0.6021209 0.2813519 0.6013846 0.2367329 0.6030446 0.2364127 0.6021209 0.2813519 0.6064802 0.2368159 0.6047551 0.2815957 0.6034221 0.2814703 0.6034221 0.2814703 0.6022728 0.3136337 0.6009798 0.3133431 0.6008374 0.2814799 0.6021209 0.2813519 0.6009798 0.3133431 0.6047551 0.2815957 0.6035562 0.3139249 0.6022728 0.3136337 0.6022728 0.3136337 0.6018692 0.3369954 0.6008453 0.3368533 0.5997638 0.3138616 0.6009798 0.3133431 0.6008453 0.3368533 0.6035562 0.3139249 0.602888 0.3371487 0.6018692 0.3369954 0.599929 0.08146256 0.6017249 0.08134812 0.6030544 0.1155642 0.599929 0.08146256 0.6012573 0.1157138 0.6003617 0.1156566 0.6017249 0.08134812 0.603518 0.08123409 0.6048459 0.1154155 0.6012573 0.1157138 0.6030544 0.1155642 0.6042286 0.154489 0.6012573 0.1157138 0.602481 0.1545939 0.601622 0.1545557 0.6030544 0.1155642 0.6048459 0.1154155 0.6059948 0.1543859 0.6045205 0.1703898 0.6048124 0.1862907 0.6032087 0.1862972 0.6028448 0.1704456 0.6032087 0.1862972 0.6024253 0.1863234 0.6045205 0.1703898 0.6062635 0.1703351 0.6065321 0.1862842 0.6048124 0.1862907 0.6049894 0.2141181 0.6033 0.2140666 0.6032087 0.1862972 0.6033 0.2140666 0.6024721 0.2141102 0.6048124 0.1862907 0.6065321 0.1862842 0.6067117 0.2141694 0.6049894 0.2141181 0.6047411 0.2366096 0.6030446 0.2364127 0.6024721 0.2141102 0.6033 0.2140666 0.6030446 0.2364127 0.6067117 0.2141694 0.6064802 0.2368159 0.6047411 0.2366096 0.6047411 0.2366096 0.6034221 0.2814703 0.6021209 0.2813519 0.6022146 0.2365728 0.6030446 0.2364127 0.6021209 0.2813519 0.6064802 0.2368159 0.6047551 0.2815957 0.6034221 0.2814703 0.6034221 0.2814703 0.6022728 0.3136337 0.6009798 0.3133431 0.6014791 0.2814159 0.6021209 0.2813519 0.6009798 0.3133431 0.6047551 0.2815957 0.6035562 0.3139249 0.6022728 0.3136337 0.6022728 0.3136337 0.6018692 0.3369954 0.6008453 0.3368533 0.6003717 0.3136023 0.6009798 0.3133431 0.6008453 0.3368533 0.6035562 0.3139249 0.602888 0.3371487 0.6018692 0.3369954 0.5981355 0.08143103 0.5990322 0.08144676 0.6003617 0.1156566 0.599466 0.1155993 0.6003617 0.1156566 0.601622 0.1545557 0.6012025 0.1704335 0.6020237 0.1704396 0.6024253 0.1863234 0.601642 0.1863495 0.6024253 0.1863234 0.6024721 0.2141102 0.601644 0.2141538 0.6024721 0.2141102 0.6022146 0.2365728 0.6013846 0.2367329 0.6022146 0.2365728 0.6014791 0.2814159 0.6008374 0.2814799 0.6014791 0.2814159 0.6003717 0.3136023 0.5997638 0.3138616 0.6003717 0.3136023 0.600346 0.3369814 0.5986007 0.04721134 0.6003953 0.04713195 0.6017249 0.08134812 0.5986007 0.04721134 0.599929 0.08146256 0.5990322 0.08144676 0.6003953 0.04713195 0.60219 0.04705262 0.603518 0.08123409 0.5968049 0.04726266 0.5977028 0.04723703 0.5990322 0.08144676 0.6042286 0.154489 0.6045205 0.1703898 0.6028448 0.1704456 0.602481 0.1545939 0.6028448 0.1704456 0.6020237 0.1704396 0.6042286 0.154489 0.6059948 0.1543859 0.6062635 0.1703351 0.6007629 0.1545175 0.601622 0.1545557 0.6020237 0.1704396 0.6047411 0.2366096 0.6034221 0.2814703 0.6021209 0.2813519 0.6013846 0.2367329 0.6030446 0.2364127 0.6021209 0.2813519 0.6064802 0.2368159 0.6047551 0.2815957 0.6034221 0.2814703 0.6034221 0.2814703 0.6022728 0.3136337 0.6009798 0.3133431 0.6008374 0.2814799 0.6021209 0.2813519 0.6009798 0.3133431 0.6047551 0.2815957 0.6035562 0.3139249 0.6022728 0.3136337 0.6022728 0.3136337 0.6018692 0.3369954 0.6008453 0.3368533 0.5997638 0.3138616 0.6009798 0.3133431 0.6008453 0.3368533 0.6035562 0.3139249 0.602888 0.3371487 0.6018692 0.3369954 0.6065321 0.1862842 0.6064802 0.2368159 0.6047411 0.2366096 0.5986007 0.04721134 0.6003953 0.04713195 0.6030544 0.1155642 0.5986007 0.04721134 0.6012573 0.1157138 0.599466 0.1155993 0.60219 0.04705262 0.6048459 0.1154155 0.6030544 0.1155642 0.6030544 0.1155642 0.6048124 0.1862907 0.6032087 0.1862972 0.6012573 0.1157138 0.6032087 0.1862972 0.601642 0.1863495 0.6048124 0.1862907 0.6049894 0.2141181 0.6033 0.2140666 0.6032087 0.1862972 0.6033 0.2140666 0.601644 0.2141538 0.6048124 0.1862907 0.6065321 0.1862842 0.6067117 0.2141694 0.6049894 0.2141181 0.6047411 0.2366096 0.6030446 0.2364127 0.601644 0.2141538 0.6033 0.2140666 0.6030446 0.2364127 0.6049894 0.2141181 0.6067117 0.2141694 0.6064802 0.2368159 0.602888 0.3371487 0.6018692 0.3369954 0.6047411 0.2366096 0.6047411 0.2366096 0.6018692 0.3369954 0.6008453 0.3368533 0.6008453 0.3368533 0.5998466 0.3371095 0.6013846 0.2367329 0.6065321 0.1862842 0.6048124 0.1862907 0.6030544 0.1155642 0.6003953 0.04713195 0.6030544 0.1155642 0.6012573 0.1157138 0.5986007 0.04721134 0.6012573 0.1157138 0.599466 0.1155993 0.6003953 0.04713195 0.60219 0.04705262 0.6048459 0.1154155 0.6030544 0.1155642 0.6048124 0.1862907 0.6032087 0.1862972 0.6032087 0.1862972 0.601642 0.1863495 0.599466 0.1155993 0.6048124 0.1862907 0.6049894 0.2141181 0.6033 0.2140666 0.601642 0.1863495 0.6032087 0.1862972 0.6033 0.2140666 0.6048124 0.1862907 0.6065321 0.1862842 0.6067117 0.2141694 0.6049894 0.2141181 0.6047411 0.2366096 0.6030446 0.2364127 0.601644 0.2141538 0.6033 0.2140666 0.6030446 0.2364127 0.6049894 0.2141181 0.6067117 0.2141694 0.6064802 0.2368159 0.602888 0.3371487 0.6018692 0.3369954 0.6047411 0.2366096 0.6047411 0.2366096 0.6018692 0.3369954 0.6008453 0.3368533 0.6008453 0.3368533 0.5998466 0.3371095 0.6013846 0.2367329 0.6065321 0.1862842 0.6048124 0.1862907 0.6030544 0.1155642 0.6158966 1.00017e-4 0.8098658 1.00028e-4 0.8098884 0.306901 0.9999001 1.0004e-4 0.9999 0.5328075 0.8098884 0.306901 0.6158966 1.00017e-4 0.8098658 1.00028e-4 0.8098884 0.306901 0.9999001 1.0004e-4 0.9999 0.5328075 0.8098884 0.306901 0.6158966 1.00017e-4 0.8098658 1.00028e-4 0.8098884 0.306901 0.9999001 1.0004e-4 0.9999 0.5328075 0.8098884 0.306901 0.6158966 1.00017e-4 0.8098658 1.00028e-4 0.8098884 0.306901 0.9999001 1.0004e-4 0.9999 0.5328075 0.8098884 0.306901 0.6158966 1.00017e-4 0.8098658 1.00028e-4 0.8098884 0.306901 0.9999001 1.0004e-4 0.9999 0.5328075 0.8098884 0.306901</float_array>
          <technique_common>
            <accessor source="#tree_oak_bush_a200-mesh-map-0-array" count="2748" stride="2">
              <param name="S" type="float"/>
              <param name="T" type="float"/>
            </accessor>
          </technique_common>
        </source>
        <source id="tree_oak_bush_a200-mesh-colors-Col" name="Col">
          <float_array id="tree_oak_bush_a200-mesh-colors-Col-array" count="8244">0 0 0 0 0 0 0 0 0 0 0 0 0 0 0 0 0 0 0 0 0 0 0 0 0 0 0 0 0 0 0 0 0 0 0 0 0 0 0 0 0 0 0 0 0 0 0 0 0 0 0 0 0 0 0 0 0 0 0 0 0 0 0 0 0 0 0 0 0 0 0 0 0 0 0 0 0 0 0 0 0 0 0 0 0 0 0 0 0 0 0 0 0 0 0 0 0 0 0 0 0 0 0 0 0 0 0 0 0 0 0 0 0 0 0 0 0 0 0 0 0 0 0 0 0 0 0 0 0 0 0 0 0 0 0 0 0 0 0 0 0 0 0 0 0 0 0 0 0 0 0 0 0 0 0 0 0 0 0 0 0 0 0 0 0 0 0 0 0 0 0 0 0 0 0 0 0 0 0 0 0 0 0 0 0 0 0 0 0 0 0 0 0 0 0 0 0 0 0 0 0 0 0 0 0 0 0 0 0 0 0 0 0 0 0 0 0 0 0 0 0 0 0 0 0 0 0 0 0 0 0 0 0 0 0 0 0 0 0 0 0 0 0 0 0 0 0 0 0 0 0 0 0 0 0 0 0 0 0 0 0 0 0 0 0 0 0 0 0 0 0 0 0 0 0 0 0 0 0 0 0 0 0 0 0 0 0 0 0 0 0 0 0 0 0 0 0 0 0 0 0 0 0 0 0 0 0 0 0 0 0 0 0 0 0 0 0 0 0 0 0 0 0 0 0 0 0 0 0 0 0 0 0 0 0 0 0 0 0 0 0 0 0 0 0 0 0 0 0 0 0 0 0 0 0 0 0 0 0 0 0 0 0 0 0 0 0 0 0 0 0 0 0 0 0 0 0 0 0 0 0 0 0 0 0 0 0 0 0 0 0 0 0 0 0 0 0 0 0 0 0 0 0 0 0 0 0 0 0 0 0 0 0 0 0 0 0 0 0 0 0 0 0 0 0 0 0 0 0 0 0 0 0 0 0 0 0 0 0 0 0 0 0 0 0 0 0 0 0 0 0 0 0 0 0 0 0 0 0 0 0 0 0 0 0 0 0 0 0 0 0 0 0 0 0 0 0 0 0 0 0 0 0 0 0 0 0 0 0 0 0 0 0 0 0 0 0 0 0 0 0 0 0 0 0 0 0 0 0 0 0 0 0 0 0 0 0 0 0 0 0 0 0 0 0 0 0 0 0 0 0 0 0 0 0 0 0 0 0 0 0 0 0 0 0 0 0 0 0 0 0 0 0 0 0 0 0 0 0 0 0 0 0 0 0 0 0 0 0 0 0 0 0 0 0 0 0 0 0 0 0 0 0 0 0 0 0 0 0 0 0 0 0 0 0 0 0 0 0 0 0 0 0 0 0 0 0 0 0 0 0 0 0 0 0 0 0 0 0 0 0 0 0 0 0 0 0 0 0 0 0 0 0 0 0 0 0 0 0 0 0 0 0 0 0 0 0 0 0 0 0 0 0 0 0 0 0 0 0 0 0 0 0 0 0 0 0 0 0 0 0 0 0 0 0 0 0 0 0 0 0 0 0 0 0 0 0 0 0 0 0 0 0 0 0 0 0 0 0 0 0 0 0 0 0 0 0 0 0 0 0 0 0 0 0 0 0 0 0 0 0 0 0 0 0 0 0 0 0 0 0 0 0 0 0 0 0 0 0 0 0 0 0 0 0 0 0 0 0 0 0 0 0 0 0 0 0 0 0 0 0 0 0 0 0 0 0 0 0 0 0 0 0 0 0 0 0 0 0 0 0 0 0 0 0 0 0 0 0 0 0 0 0 0 0 0 0 0 0 0 0 0 0 0 0 0 0 0 0 0 0 0 0 0 0 0 0 0 0 0 0 0 0 0 0 0 0 0 0 0 0 0 0 0 0 0 0 0 0 0 0 0 0 0 0 0 0 0 0 0 0 0 0 0 0 0 0 0 0 0 0 0 0 0 0 0 0 0 0 0 0 0 0 0 0 0 0 0 0 0 0 0 0 0 0 0 0 0 0 0 0 0 0 0 0 0 0 0 0 0 0 0 0 0 0 0 0 0 0 0 0 0 0 0 0 0 0 0 0 0 0 0 0 0 0 0 0 0 0 0 0 0 0 0 0 0 0 0 0 0 0 0 0 0 0 0 0 0 0 0 0 0 0 0 0 0 0 0 0 0 0 0 0 0 0 0 0 0 0 0 0 0 0 0 0 0 0 0 0 0 0 0 0 0 0 0 0 0 0 0 0 0 0 0 0 0 0 0 0 0 0 0 0 0 0 0 0 0 0 0 0 0 0 0 0 0 0 0 0 0 0 0 0 0 0 0 0 0 0 0 0 0 0 0 0 0 0 0 0 0 0 0 0 0 0 0 0 0 0 0 0 0 0 0 0 0 0 0 0 0 0 0 0 0 0 0 0 0 0 0 0 0 0 0 0 0 0 0 0 0 0 0 0 0 0 0 0 0 0 0 0 0 0 0 0 0 0 0 0 0 0 0 0 0 0 0 0 0 0 0 0 0 0 0 0 0 0 0 0 0 0 0 0 0 0 0 0 0 0 0 0 0 0 0 0 0 0 0 0 0 0 0 0 0 0 0 0 0 0 0 0 0 0 0 0 0 0 0 0 0 0 0 0 0 0 0 0 0 0 0 0 0 0 0 0 0 0 0 0 0 0 0 0 0 0 0 0 0 0 0 0 0 0 0 0 0 0 0 0 0 0 0 0 0 0 0 0 0 0 0 0 0 0 0 0 0 0 0 0 0 0 0 0 0 0 0 0 0 0 0 0 0 0 0 0 0 0 0 0 0 0 0 0 0 0 0 0 0 0 0 0 0 0 0 0 0 0 0 0 0 0 0 0 0 0 0 0 0 0 0 0 0 0 0 0 0 0 0 0 0 0 0 0 0 0 0 0 0 0 0 0 0 0 0 0 0 0 0 0 0 0 0 0 0 0 0 0 0 0 0 0 0 0 0 0 0 0 0 0 0 0 0 0 0 0 0 0 0 0 0 0 0 0 0 0 0 0 0 0 0 0 0 0 0 0 0 0 0 0 0 0 0 0 0 0 0 0 0 0 0 0 0 0 0 0 0 0 0 0 0 0 0 0 0 0 0 0 0 0 0 0 0 0 0 0 0 0 0 0 0 0 0 0 0 0 0 0 0 0 0 0 0 0 0 0 0 0 0 0 0 0 0 0 0 0 0 0 0 0 0 0 0 0 0 0 0 0 0 0 0 0 0 0 0 0 0 0 0 0 0 0 0 0 0 0 0 0 0 0 0 0 0 0 0 0 0 0 0 0 0 0 0 0 0 0 0 0 0 0 0 0 0 0 0 0 0 0 0 0 0 0 0 0 0 0 0 0 0 0 0 0 0 0 0 0 0 0 0 0 0 0 0 0 0 0 0 0 0 0 0 0 0 0 0 0 0 0 0 0 0 0 0 0 0 0 0 0 0 0 0 0 0 0 0 0 0 0 0 0 0 0 0 0 0 0 0 0 0 0 1 0.7647059 0 1 0.5568628 0 0.6705883 0.5882353 0 1 0.5568628 0 0 0.5647059 0 0.6705883 0.5882353 0 0.772549 0.5294118 0 1 0.7647059 0 0.6705883 0.5882353 0 1 0.7647059 0 1 0.5568628 0 0.6705883 0.5882353 0 1 0.5568628 0 0 0.5647059 0 0.6705883 0.5882353 0 0.772549 0.5294118 0 1 0.7647059 0 0.6705883 0.5882353 0 1 0.7647059 0 1 0.5568628 0 0.6705883 0.5882353 0 1 0.5568628 0 0 0.5647059 0 0.6705883 0.5882353 0 0.772549 0.5294118 0 1 0.7647059 0 0.6705883 0.5882353 0 1 0.7647059 0 1 0.5568628 0 0.6705883 0.5882353 0 1 0.5568628 0 0 0.5647059 0 0.6705883 0.5882353 0 0.772549 0.5294118 0 1 0.7647059 0 0.6705883 0.5882353 0 1 0.7647059 0 1 0.5568628 0 0.6705883 0.5882353 0 1 0.5568628 0 0 0.5647059 0 0.6705883 0.5882353 0 0.772549 0.5294118 0 1 0.7647059 0 0.6705883 0.5882353 0 1 0.7647059 0 1 0.5568628 0 0.6705883 0.5882353 0 1 0.5568628 0 0 0.5647059 0 0.6705883 0.5882353 0 0.772549 0.5294118 0 1 0.7647059 0 0.6705883 0.5882353 0 1 0.7647059 0 1 0.5568628 0 0.6705883 0.5882353 0 1 0.5568628 0 0 0.5647059 0 0.6705883 0.5882353 0 0.772549 0.5294118 0 1 0.7647059 0 0.6705883 0.5882353 0 1 0.7647059 0 1 0.5568628 0 0.6705883 0.5882353 0 1 0.5568628 0 0 0.5647059 0 0.6705883 0.5882353 0 0.772549 0.5294118 0 1 0.7647059 0 0.6705883 0.5882353 0 1 0.7647059 0 1 0.5568628 0 0.6705883 0.5882353 0 1 0.5568628 0 0 0.5647059 0 0.6705883 0.5882353 0 0.772549 0.5294118 0 1 0.7647059 0 0.6705883 0.5882353 0 1 0.7647059 0 1 0.5568628 0 0.6705883 0.5882353 0 1 0.5568628 0 0 0.5647059 0 0.6705883 0.5882353 0 0.772549 0.5294118 0 1 0.7647059 0 0.6705883 0.5882353 0 1 0.7647059 0 1 0.5568628 0 0.6705883 0.5882353 0 1 0.5568628 0 0 0.5647059 0 0.6705883 0.5882353 0 0.772549 0.5294118 0 1 0.7647059 0 0.6705883 0.5882353 0 1 0.7647059 0 1 0.5568628 0 0.6705883 0.5882353 0 1 0.5568628 0 0 0.5647059 0 0.6705883 0.5882353 0 0.772549 0.5294118 0 1 0.7647059 0 0.6705883 0.5882353 0 1 0.7647059 0 1 0.5568628 0 0.6705883 0.5882353 0 1 0.5568628 0 0 0.5647059 0 0.6705883 0.5882353 0 0.772549 0.5294118 0 1 0.7647059 0 0.6705883 0.5882353 0 1 0.7647059 0 1 0.5568628 0 0.6705883 0.5882353 0 1 0.5568628 0 0 0.5647059 0 0.6705883 0.5882353 0 0.772549 0.5294118 0 1 0.7647059 0 0.6705883 0.5882353 0 1 0.7647059 0 1 0.5568628 0 0.6705883 0.5882353 0 1 0.5568628 0 0 0.5647059 0 0.6705883 0.5882353 0 0.772549 0.5294118 0 1 0.7647059 0 0.6705883 0.5882353 0 1 0.7647059 0 1 0.5568628 0 0.6705883 0.5882353 0 1 0.5568628 0 0 0.5647059 0 0.6705883 0.5882353 0 0.772549 0.5294118 0 1 0.7647059 0 0.6705883 0.5882353 0 1 0.7647059 0 1 0.5568628 0 0.6705883 0.5882353 0 1 0.5568628 0 0 0.5647059 0 0.6705883 0.5882353 0 0.772549 0.5294118 0 1 0.7647059 0 0.6705883 0.5882353 0 1 0.7647059 0 1 0.5568628 0 0.6705883 0.5882353 0 1 0.5568628 0 0 0.5647059 0 0.6705883 0.5882353 0 0.772549 0.5294118 0 1 0.7647059 0 0.6705883 0.5882353 0 1 0.7647059 0 1 0.5568628 0 0.6705883 0.5882353 0 1 0.5568628 0 0 0.5647059 0 0.6705883 0.5882353 0 0.772549 0.5294118 0 1 0.7647059 0 0.6705883 0.5882353 0 1 0.7647059 0 1 0.5568628 0 0.6705883 0.5882353 0 1 0.5568628 0 0 0.5647059 0 0.6705883 0.5882353 0 0.772549 0.5294118 0 1 0.7647059 0 0.6705883 0.5882353 0 1 0.7647059 0 1 0.5568628 0 0.6705883 0.5882353 0 1 0.5568628 0 0 0.5647059 0 0.6705883 0.5882353 0 0.772549 0.5294118 0 1 0.7647059 0 0.6705883 0.5882353 0 1 0.7647059 0 1 0.5568628 0 0.6705883 0.5882353 0 1 0.5568628 0 0 0.5647059 0 0.6705883 0.5882353 0 0.772549 0.5294118 0 1 0.7647059 0 0.6705883 0.5882353 0 1 0.7647059 0 1 0.5568628 0 0.6705883 0.5882353 0 1 0.5568628 0 0 0.5647059 0 0.6705883 0.5882353 0 0.772549 0.5294118 0 1 0.7647059 0 0.6705883 0.5882353 0 1 0.7647059 0 1 0.5568628 0 0.6705883 0.5882353 0 1 0.5568628 0 0 0.5647059 0 0.6705883 0.5882353 0 0.772549 0.5294118 0 1 0.7647059 0 0.6705883 0.5882353 0 1 0.7647059 0 1 0.5568628 0 0.6705883 0.5882353 0 1 0.5568628 0 0 0.5647059 0 0.6705883 0.5882353 0 0.772549 0.5294118 0 1 0.7647059 0 0.6705883 0.5882353 0 1 0.7647059 0 1 0.5568628 0 0.6705883 0.5882353 0 1 0.5568628 0 0 0.5647059 0 0.6705883 0.5882353 0 0.772549 0.5294118 0 1 0.7647059 0 0.6705883 0.5882353 0 1 0.7647059 0 1 0.5568628 0 0.6705883 0.5882353 0 1 0.5568628 0 0 0.5647059 0 0.6705883 0.5882353 0 0.772549 0.5294118 0 1 0.7647059 0 0.6705883 0.5882353 0.1490196 0.5803922 0.8470588 0 0.1019608 0.4941176 0 1 0.8156863 0 0.6705883 0.3333333 0 1 0.8156863 0 0.1019608 0.4941176 0.1490196 0.5803922 0.8470588 0.1529412 0.1019608 0.4627451 0 0.1019608 0.4941176 0.1529412 0.1019608 0.4627451 0 0.6705883 0.3333333 0 0.1019608 0.4941176 0.1490196 0.5803922 0.8470588 0 0.1019608 0.4941176 0 1 0.8156863 0 0.6705883 0.3333333 0 1 0.8156863 0 0.1019608 0.4941176 0.1490196 0.5803922 0.8470588 0.1529412 0.1019608 0.4627451 0 0.1019608 0.4941176 0.1529412 0.1019608 0.4627451 0 0.6705883 0.3333333 0 0.1019608 0.4941176 0.1490196 0.5803922 0.8470588 0 0.1019608 0.4941176 0 1 0.8156863 0 0.6705883 0.3333333 0 1 0.8156863 0 0.1019608 0.4941176 0.1490196 0.5803922 0.8470588 0.1529412 0.1019608 0.4627451 0 0.1019608 0.4941176 0.1529412 0.1019608 0.4627451 0 0.6705883 0.3333333 0 0.1019608 0.4941176 0.1490196 0.5803922 0.8470588 0 0.1019608 0.4941176 0 1 0.8156863 0 0.6705883 0.3333333 0 1 0.8156863 0 0.1019608 0.4941176 0.1490196 0.5803922 0.8470588 0.1529412 0.1019608 0.4627451 0 0.1019608 0.4941176 0.1529412 0.1019608 0.4627451 0 0.6705883 0.3333333 0 0.1019608 0.4941176 0.1490196 0.5803922 0.8470588 0 0.1019608 0.4941176 0 1 0.8156863 0 0.6705883 0.3333333 0 1 0.8156863 0 0.1019608 0.4941176 0.1490196 0.5803922 0.8470588 0.1529412 0.1019608 0.4627451 0 0.1019608 0.4941176 0.1529412 0.1019608 0.4627451 0 0.6705883 0.3333333 0 0.1019608 0.4941176 0.1490196 0.5803922 0.8470588 0 0.1019608 0.4941176 0 1 0.8156863 0 0.6705883 0.3333333 0 1 0.8156863 0 0.1019608 0.4941176 0.1490196 0.5803922 0.8470588 0.1529412 0.1019608 0.4627451 0 0.1019608 0.4941176 0.1529412 0.1019608 0.4627451 0 0.6705883 0.3333333 0 0.1019608 0.4941176 0.1490196 0.5803922 0.8470588 0 0.1019608 0.4941176 0 1 0.8156863 0 0.6705883 0.3333333 0 1 0.8156863 0 0.1019608 0.4941176 0.1490196 0.5803922 0.8470588 0.1529412 0.1019608 0.4627451 0 0.1019608 0.4941176 0.1529412 0.1019608 0.4627451 0 0.6705883 0.3333333 0 0.1019608 0.4941176 0.1490196 0.5803922 0.8470588 0 0.1019608 0.4941176 0 1 0.8156863 0 0.6705883 0.3333333 0 1 0.8156863 0 0.1019608 0.4941176 0.1490196 0.5803922 0.8470588 0.1529412 0.1019608 0.4627451 0 0.1019608 0.4941176 0.1529412 0.1019608 0.4627451 0 0.6705883 0.3333333 0 0.1019608 0.4941176 0.2941176 0.509804 0.6117647 0.2980392 0.8039216 1 0 0 0 0.1490196 0.2784314 0.8039216 0.1529412 0.8941177 0.8784314 0 0 0 0.1529412 0.8941177 0.8784314 0.2941176 0.509804 0.6117647 0 0 0 0.2980392 0.8039216 1 0.1490196 0.2784314 0.8039216 0 0 0 0.1490196 0.5803922 0.8470588 0 0.1019608 0.4941176 0 1 0.8156863 0 0.6705883 0.3333333 0 1 0.8156863 0 0.1019608 0.4941176 0.1490196 0.5803922 0.8470588 0.1529412 0.1019608 0.4627451 0 0.1019608 0.4941176 0.1529412 0.1019608 0.4627451 0 0.6705883 0.3333333 0 0.1019608 0.4941176 0.2941176 0.509804 0.6117647 0.2980392 0.8039216 1 0 0 0 0.1490196 0.2784314 0.8039216 0.1529412 0.8941177 0.8784314 0 0 0 0.1529412 0.8941177 0.8784314 0.2941176 0.509804 0.6117647 0 0 0 0.2980392 0.8039216 1 0.1490196 0.2784314 0.8039216 0 0 0 0.1529412 0 0.4588235 0 0 0.6392157 0.3921568 0.3803921 1 0.145098 0.317647 0.6078432 0 0 0.6392157 0 0.4823529 0 0 0 0.6392157 0.4588235 0.3058823 0.9607843 0.3921568 0.3803921 1 0.1529412 0 0.4588235 0 0 0.6392157 0.3921568 0.3803921 1 0.145098 0.317647 0.6078432 0 0 0.6392157 0 0.4823529 0 0 0 0.6392157 0.4588235 0.3058823 0.9607843 0.3921568 0.3803921 1 0.1490196 0.5803922 0.8470588 0 0.1019608 0.4941176 0 1 0.8156863 0 0.6705883 0.3333333 0 1 0.8156863 0 0.1019608 0.4941176 0.1490196 0.5803922 0.8470588 0.1529412 0.1019608 0.4627451 0 0.1019608 0.4941176 0.1529412 0.1019608 0.4627451 0 0.6705883 0.3333333 0 0.1019608 0.4941176 0.1490196 0.5803922 0.8470588 0 0.1019608 0.4941176 0 1 0.8156863 0 0.6705883 0.3333333 0 1 0.8156863 0 0.1019608 0.4941176 0.1490196 0.5803922 0.8470588 0.1529412 0.1019608 0.4627451 0 0.1019608 0.4941176 0.1529412 0.1019608 0.4627451 0 0.6705883 0.3333333 0 0.1019608 0.4941176 0.1490196 0.5803922 0.8470588 0 0.1019608 0.4941176 0 1 0.8156863 0 0.6705883 0.3333333 0 1 0.8156863 0 0.1019608 0.4941176 0.1490196 0.5803922 0.8470588 0.1529412 0.1019608 0.4627451 0 0.1019608 0.4941176 0.1529412 0.1019608 0.4627451 0 0.6705883 0.3333333 0 0.1019608 0.4941176 0.1490196 0.5803922 0.8470588 0 0.1019608 0.4941176 0 1 0.8156863 0 0.6705883 0.3333333 0 1 0.8156863 0 0.1019608 0.4941176 0.1490196 0.5803922 0.8470588 0.1529412 0.1019608 0.4627451 0 0.1019608 0.4941176 0.1529412 0.1019608 0.4627451 0 0.6705883 0.3333333 0 0.1019608 0.4941176 0.1490196 0.5803922 0.8470588 0 0.1019608 0.4941176 0 1 0.8156863 0 0.6705883 0.3333333 0 1 0.8156863 0 0.1019608 0.4941176 0.1490196 0.5803922 0.8470588 0.1529412 0.1019608 0.4627451 0 0.1019608 0.4941176 0.1529412 0.1019608 0.4627451 0 0.6705883 0.3333333 0 0.1019608 0.4941176 0.1490196 0.5803922 0.8470588 0 0.1019608 0.4941176 0 1 0.8156863 0 0.6705883 0.3333333 0 1 0.8156863 0 0.1019608 0.4941176 0.1490196 0.5803922 0.8470588 0.1529412 0.1019608 0.4627451 0 0.1019608 0.4941176 0.1529412 0.1019608 0.4627451 0 0.6705883 0.3333333 0 0.1019608 0.4941176 0.1490196 0.5803922 0.8470588 0 0.1019608 0.4941176 0 1 0.8156863 0 0.6705883 0.3333333 0 1 0.8156863 0 0.1019608 0.4941176 0.1490196 0.5803922 0.8470588 0.1529412 0.1019608 0.4627451 0 0.1019608 0.4941176 0.1529412 0.1019608 0.4627451 0 0.6705883 0.3333333 0 0.1019608 0.4941176 0.1490196 0.5803922 0.8470588 0 0.1019608 0.4941176 0 1 0.8156863 0 0.6705883 0.3333333 0 1 0.8156863 0 0.1019608 0.4941176 0.1490196 0.5803922 0.8470588 0.1529412 0.1019608 0.4627451 0 0.1019608 0.4941176 0.1529412 0.1019608 0.4627451 0 0.6705883 0.3333333 0 0.1019608 0.4941176 0.2941176 0.509804 0.6117647 0.2980392 0.8039216 1 0 0 0 0.1490196 0.2784314 0.8039216 0.1529412 0.8941177 0.8784314 0 0 0 0.1529412 0.8941177 0.8784314 0.2941176 0.509804 0.6117647 0 0 0 0.2980392 0.8039216 1 0.1490196 0.2784314 0.8039216 0 0 0 0.2941176 0.509804 0.6117647 0.2980392 0.8039216 1 0 0 0 0.1490196 0.2784314 0.8039216 0.1529412 0.8941177 0.8784314 0 0 0 0.1529412 0.8941177 0.8784314 0.2941176 0.509804 0.6117647 0 0 0 0.2980392 0.8039216 1 0.1490196 0.2784314 0.8039216 0 0 0 0.2941176 0.509804 0.6117647 0.2980392 0.8039216 1 0 0 0 0.1490196 0.2784314 0.8039216 0.1529412 0.8941177 0.8784314 0 0 0 0.1529412 0.8941177 0.8784314 0.2941176 0.509804 0.6117647 0 0 0 0.2980392 0.8039216 1 0.1490196 0.2784314 0.8039216 0 0 0 0.2941176 0.509804 0.6117647 0.2980392 0.8039216 1 0 0 0 0.1490196 0.2784314 0.8039216 0.1529412 0.8941177 0.8784314 0 0 0 0.1529412 0.8941177 0.8784314 0.2941176 0.509804 0.6117647 0 0 0 0.2980392 0.8039216 1 0.1490196 0.2784314 0.8039216 0 0 0 0.2941176 0.509804 0.6117647 0.2980392 0.8039216 1 0 0 0 0.1490196 0.2784314 0.8039216 0.1529412 0.8941177 0.8784314 0 0 0 0.1529412 0.8941177 0.8784314 0.2941176 0.509804 0.6117647 0 0 0 0.2980392 0.8039216 1 0.1490196 0.2784314 0.8039216 0 0 0 0 1 1 0.1529412 0.8980392 0.8509804 0 0.5176471 0.882353 0.1529412 0.8980392 0.8509804 0 0.3686274 1 0 0.5176471 0.882353 0.1529412 0.007843136 0.882353 0 0.1647059 1 0 0.5176471 0.882353 0 0.3686274 1 0.1529412 0.007843136 0.882353 0 0.5176471 0.882353 0 1 1 0.1529412 0.8980392 0.8509804 0 0.5176471 0.882353 0.1529412 0.8980392 0.8509804 0 0.3686274 1 0 0.5176471 0.882353 0.1529412 0.007843136 0.882353 0 0.1647059 1 0 0.5176471 0.882353 0 0.3686274 1 0.1529412 0.007843136 0.882353 0 0.5176471 0.882353 0 1 1 0.1529412 0.8980392 0.8509804 0 0.5176471 0.882353 0.1529412 0.8980392 0.8509804 0 0.3686274 1 0 0.5176471 0.882353 0.1529412 0.007843136 0.882353 0 0.1647059 1 0 0.5176471 0.882353 0 0.3686274 1 0.1529412 0.007843136 0.882353 0 0.5176471 0.882353 0 1 1 0.1529412 0.8980392 0.8509804 0 0.5176471 0.882353 0.1529412 0.8980392 0.8509804 0 0.3686274 1 0 0.5176471 0.882353 0.1529412 0.007843136 0.882353 0 0.1647059 1 0 0.5176471 0.882353 0 0.3686274 1 0.1529412 0.007843136 0.882353 0 0.5176471 0.882353 0 1 1 0.1529412 0.8980392 0.8509804 0 0.5176471 0.882353 0.1529412 0.8980392 0.8509804 0 0.3686274 1 0 0.5176471 0.882353 0.1529412 0.007843136 0.882353 0 0.1647059 1 0 0.5176471 0.882353 0 0.3686274 1 0.1529412 0.007843136 0.882353 0 0.5176471 0.882353 0 1 1 0.1529412 0.8980392 0.8509804 0 0.5176471 0.882353 0.1529412 0.8980392 0.8509804 0 0.3686274 1 0 0.5176471 0.882353 0.1529412 0.007843136 0.882353 0 0.1647059 1 0 0.5176471 0.882353 0 0.3686274 1 0.1529412 0.007843136 0.882353 0 0.5176471 0.882353 0.2941176 0.509804 0.6117647 0.2980392 0.8039216 1 0 0 0 0.1490196 0.2784314 0.8039216 0.1529412 0.8941177 0.8784314 0 0 0 0.1529412 0.8941177 0.8784314 0.2941176 0.509804 0.6117647 0 0 0 0.2980392 0.8039216 1 0.1490196 0.2784314 0.8039216 0 0 0 0.2941176 0.509804 0.6117647 0.2980392 0.8039216 1 0 0 0 0.1490196 0.2784314 0.8039216 0.1529412 0.8941177 0.8784314 0 0 0 0.1529412 0.8941177 0.8784314 0.2941176 0.509804 0.6117647 0 0 0 0.2980392 0.8039216 1 0.1490196 0.2784314 0.8039216 0 0 0 0.2941176 0.509804 0.6117647 0.2980392 0.8039216 1 0 0 0 0.1490196 0.2784314 0.8039216 0.1529412 0.8941177 0.8784314 0 0 0 0.1529412 0.8941177 0.8784314 0.2941176 0.509804 0.6117647 0 0 0 0.2980392 0.8039216 1 0.1490196 0.2784314 0.8039216 0 0 0 0 1 1 0.1529412 0.8980392 0.8509804 0 0.5176471 0.882353 0.1529412 0.8980392 0.8509804 0 0.3686274 1 0 0.5176471 0.882353 0.1529412 0.007843136 0.882353 0 0.1647059 1 0 0.5176471 0.882353 0 0.3686274 1 0.1529412 0.007843136 0.882353 0 0.5176471 0.882353 0 1 1 0.1529412 0.8980392 0.8509804 0 0.5176471 0.882353 0.1529412 0.8980392 0.8509804 0 0.3686274 1 0 0.5176471 0.882353 0.1529412 0.007843136 0.882353 0 0.1647059 1 0 0.5176471 0.882353 0 0.3686274 1 0.1529412 0.007843136 0.882353 0 0.5176471 0.882353 0.1490196 0.07843136 0.4941176 0 0.3254902 0.5725491 0 0.2509804 0.7882353 0.1490196 0.4549019 0.5686275 0.1490196 0.07843136 0.4941176 0 0.2509804 0.7882353 0.1490196 0.07843136 0.4941176 0 0.3254902 0.5725491 0 0.2509804 0.7882353 0.1490196 0.4549019 0.5686275 0.1490196 0.07843136 0.4941176 0 0.2509804 0.7882353 0.2941176 0.509804 0.6117647 0.2980392 0.8039216 1 0 0 0 0.1490196 0.2784314 0.8039216 0.1529412 0.8941177 0.8784314 0 0 0 0.1529412 0.8941177 0.8784314 0.2941176 0.509804 0.6117647 0 0 0 0.2980392 0.8039216 1 0.1490196 0.2784314 0.8039216 0 0 0 0.2941176 0.509804 0.6117647 0.2980392 0.8039216 1 0 0 0 0.1490196 0.2784314 0.8039216 0.1529412 0.8941177 0.8784314 0 0 0 0.1529412 0.8941177 0.8784314 0.2941176 0.509804 0.6117647 0 0 0 0.2980392 0.8039216 1 0.1490196 0.2784314 0.8039216 0 0 0 0.2941176 0.509804 0.6117647 0.2980392 0.8039216 1 0 0 0 0.1490196 0.2784314 0.8039216 0.1529412 0.8941177 0.8784314 0 0 0 0.1529412 0.8941177 0.8784314 0.2941176 0.509804 0.6117647 0 0 0 0.2980392 0.8039216 1 0.1490196 0.2784314 0.8039216 0 0 0 0.2941176 0.509804 0.6117647 0.2980392 0.8039216 1 0 0 0 0.1490196 0.2784314 0.8039216 0.1529412 0.8941177 0.8784314 0 0 0 0.1529412 0.8941177 0.8784314 0.2941176 0.509804 0.6117647 0 0 0 0.2980392 0.8039216 1 0.1490196 0.2784314 0.8039216 0 0 0 0 1 1 0.1529412 0.8980392 0.8509804 0 0.5176471 0.882353 0.1529412 0.8980392 0.8509804 0 0.3686274 1 0 0.5176471 0.882353 0.1529412 0.007843136 0.882353 0 0.1647059 1 0 0.5176471 0.882353 0 0.3686274 1 0.1529412 0.007843136 0.882353 0 0.5176471 0.882353 0 1 1 0.1529412 0.8980392 0.8509804 0 0.5176471 0.882353 0.1529412 0.8980392 0.8509804 0 0.3686274 1 0 0.5176471 0.882353 0.1529412 0.007843136 0.882353 0 0.1647059 1 0 0.5176471 0.882353 0 0.3686274 1 0.1529412 0.007843136 0.882353 0 0.5176471 0.882353 0.1490196 0.07843136 0.4941176 0 0.3254902 0.5725491 0 0.2509804 0.7882353 0.1490196 0.4549019 0.5686275 0.1490196 0.07843136 0.4941176 0 0.2509804 0.7882353 0.2941176 0.509804 0.6117647 0.2980392 0.8039216 1 0 0 0 0.1490196 0.2784314 0.8039216 0.1529412 0.8941177 0.8784314 0 0 0 0.1529412 0.8941177 0.8784314 0.2941176 0.509804 0.6117647 0 0 0 0.2980392 0.8039216 1 0.1490196 0.2784314 0.8039216 0 0 0 0.2941176 0.509804 0.6117647 0.2980392 0.8039216 1 0 0 0 0.1490196 0.2784314 0.8039216 0.1529412 0.8941177 0.8784314 0 0 0 0.1529412 0.8941177 0.8784314 0.2941176 0.509804 0.6117647 0 0 0 0.2980392 0.8039216 1 0.1490196 0.2784314 0.8039216 0 0 0 0.2941176 0.509804 0.6117647 0.2980392 0.8039216 1 0 0 0 0.1490196 0.2784314 0.8039216 0.1529412 0.8941177 0.8784314 0 0 0 0.1529412 0.8941177 0.8784314 0.2941176 0.509804 0.6117647 0 0 0 0.2980392 0.8039216 1 0.1490196 0.2784314 0.8039216 0 0 0 0 1 1 0.1529412 0.8980392 0.8509804 0 0.5176471 0.882353 0.1529412 0.8980392 0.8509804 0 0.3686274 1 0 0.5176471 0.882353 0.1529412 0.007843136 0.882353 0 0.1647059 1 0 0.5176471 0.882353 0 0.3686274 1 0.1529412 0.007843136 0.882353 0 0.5176471 0.882353 0 1 1 0.1529412 0.8980392 0.8509804 0 0.5176471 0.882353 0.1529412 0.8980392 0.8509804 0 0.3686274 1 0 0.5176471 0.882353 0.1529412 0.007843136 0.882353 0 0.1647059 1 0 0.5176471 0.882353 0 0.3686274 1 0.1529412 0.007843136 0.882353 0 0.5176471 0.882353 0.2941176 0.509804 0.6117647 0.2980392 0.8039216 1 0 0 0 0.1490196 0.2784314 0.8039216 0.1529412 0.8941177 0.8784314 0 0 0 0.1529412 0.8941177 0.8784314 0.2941176 0.509804 0.6117647 0 0 0 0.2980392 0.8039216 1 0.1490196 0.2784314 0.8039216 0 0 0 0 1 1 0.1529412 0.8980392 0.8509804 0 0.5176471 0.882353 0.1529412 0.8980392 0.8509804 0 0.3686274 1 0 0.5176471 0.882353 0.1529412 0.007843136 0.882353 0 0.1647059 1 0 0.5176471 0.882353 0 0.3686274 1 0.1529412 0.007843136 0.882353 0 0.5176471 0.882353 0 1 1 0.1529412 0.8980392 0.8509804 0 0.5176471 0.882353 0.1529412 0.8980392 0.8509804 0 0.3686274 1 0 0.5176471 0.882353 0.1529412 0.007843136 0.882353 0 0.1647059 1 0 0.5176471 0.882353 0 0.3686274 1 0.1529412 0.007843136 0.882353 0 0.5176471 0.882353 0.2941176 0.509804 0.6117647 0.2980392 0.8039216 1 0 0 0 0.1490196 0.2784314 0.8039216 0.1529412 0.8941177 0.8784314 0 0 0 0.1529412 0.8941177 0.8784314 0.2941176 0.509804 0.6117647 0 0 0 0.2980392 0.8039216 1 0.1490196 0.2784314 0.8039216 0 0 0 0 1 1 0.1529412 0.8980392 0.8509804 0 0.5176471 0.882353 0.1529412 0.8980392 0.8509804 0 0.3686274 1 0 0.5176471 0.882353 0.1529412 0.007843136 0.882353 0 0.1647059 1 0 0.5176471 0.882353 0 0.3686274 1 0.1529412 0.007843136 0.882353 0 0.5176471 0.882353 0.1490196 0.5803922 0.8470588 0 0.1019608 0.4941176 0 1 0.8156863 0 0.6705883 0.3333333 0 1 0.8156863 0 0.1019608 0.4941176 0.1490196 0.5803922 0.8470588 0.1529412 0.1019608 0.4627451 0 0.1019608 0.4941176 0.1529412 0.1019608 0.4627451 0 0.6705883 0.3333333 0 0.1019608 0.4941176 0.1490196 0.5803922 0.8470588 0 0.1019608 0.4941176 0 1 0.8156863 0 0.6705883 0.3333333 0 1 0.8156863 0 0.1019608 0.4941176 0.1490196 0.5803922 0.8470588 0.1529412 0.1019608 0.4627451 0 0.1019608 0.4941176 0.1529412 0.1019608 0.4627451 0 0.6705883 0.3333333 0 0.1019608 0.4941176 0.1490196 0.5803922 0.8470588 0 0.1019608 0.4941176 0 1 0.8156863 0 0.6705883 0.3333333 0 1 0.8156863 0 0.1019608 0.4941176 0.1490196 0.5803922 0.8470588 0.1529412 0.1019608 0.4627451 0 0.1019608 0.4941176 0.1529412 0.1019608 0.4627451 0 0.6705883 0.3333333 0 0.1019608 0.4941176 0.1490196 0.5803922 0.8470588 0 0.1019608 0.4941176 0 1 0.8156863 0 0.6705883 0.3333333 0 1 0.8156863 0 0.1019608 0.4941176 0.1490196 0.5803922 0.8470588 0.1529412 0.1019608 0.4627451 0 0.1019608 0.4941176 0.1529412 0.1019608 0.4627451 0 0.6705883 0.3333333 0 0.1019608 0.4941176 0.2941176 0.509804 0.6117647 0.2980392 0.8039216 1 0 0 0 0.1490196 0.2784314 0.8039216 0.1529412 0.8941177 0.8784314 0 0 0 0.1529412 0.8941177 0.8784314 0.2941176 0.509804 0.6117647 0 0 0 0.2980392 0.8039216 1 0.1490196 0.2784314 0.8039216 0 0 0 0 1 1 0.1529412 0.8980392 0.8509804 0 0.5176471 0.882353 0.1529412 0.8980392 0.8509804 0 0.3686274 1 0 0.5176471 0.882353 0.1529412 0.007843136 0.882353 0 0.1647059 1 0 0.5176471 0.882353 0 0.3686274 1 0.1529412 0.007843136 0.882353 0 0.5176471 0.882353 0 1 1 0.1529412 0.8980392 0.8509804 0 0.5176471 0.882353 0.1529412 0.8980392 0.8509804 0 0.3686274 1 0 0.5176471 0.882353 0.1529412 0.007843136 0.882353 0 0.1647059 1 0 0.5176471 0.882353 0 0.3686274 1 0.1529412 0.007843136 0.882353 0 0.5176471 0.882353 0 1 1 0.1529412 0.8980392 0.8509804 0 0.5176471 0.882353 0.1529412 0.8980392 0.8509804 0 0.3686274 1 0 0.5176471 0.882353 0.1529412 0.007843136 0.882353 0 0.1647059 1 0 0.5176471 0.882353 0 0.3686274 1 0.1529412 0.007843136 0.882353 0 0.5176471 0.882353 0.2941176 0.509804 0.6117647 0.2980392 0.8039216 1 0 0 0 0.1490196 0.2784314 0.8039216 0.1529412 0.8941177 0.8784314 0 0 0 0.1529412 0.8941177 0.8784314 0.2941176 0.509804 0.6117647 0 0 0 0.2980392 0.8039216 1 0.1490196 0.2784314 0.8039216 0 0 0 0.2941176 0.509804 0.6117647 0.2980392 0.8039216 1 0 0 0 0.1490196 0.2784314 0.8039216 0.1529412 0.8941177 0.8784314 0 0 0 0.1529412 0.8941177 0.8784314 0.2941176 0.509804 0.6117647 0 0 0 0.2980392 0.8039216 1 0.1490196 0.2784314 0.8039216 0 0 0 0.2941176 0.509804 0.6117647 0.2980392 0.8039216 1 0 0 0 0.1490196 0.2784314 0.8039216 0.1529412 0.8941177 0.8784314 0 0 0 0.1529412 0.8941177 0.8784314 0.2941176 0.509804 0.6117647 0 0 0 0.2980392 0.8039216 1 0.1490196 0.2784314 0.8039216 0 0 0 0 1 1 0.1529412 0.8980392 0.8509804 0 0.5176471 0.882353 0.1529412 0.8980392 0.8509804 0 0.3686274 1 0 0.5176471 0.882353 0.1529412 0.007843136 0.882353 0 0.1647059 1 0 0.5176471 0.882353 0 0.3686274 1 0.1529412 0.007843136 0.882353 0 0.5176471 0.882353 0 1 1 0.1529412 0.8980392 0.8509804 0 0.5176471 0.882353 0.1529412 0.8980392 0.8509804 0 0.3686274 1 0 0.5176471 0.882353 0.1529412 0.007843136 0.882353 0 0.1647059 1 0 0.5176471 0.882353 0 0.3686274 1 0.1529412 0.007843136 0.882353 0 0.5176471 0.882353 0 1 1 0.1529412 0.8980392 0.8509804 0 0.5176471 0.882353 0.1529412 0.8980392 0.8509804 0 0.3686274 1 0 0.5176471 0.882353 0.1529412 0.007843136 0.882353 0 0.1647059 1 0 0.5176471 0.882353 0 0.3686274 1 0.1529412 0.007843136 0.882353 0 0.5176471 0.882353 0.2941176 0.509804 0.6117647 0.2980392 0.8039216 1 0 0 0 0.1490196 0.2784314 0.8039216 0.1529412 0.8941177 0.8784314 0 0 0 0.1529412 0.8941177 0.8784314 0.2941176 0.509804 0.6117647 0 0 0 0.2980392 0.8039216 1 0.1490196 0.2784314 0.8039216 0 0 0 0.1490196 0.5803922 0.8470588 0 0.1019608 0.4941176 0 1 0.8156863 0 0.6705883 0.3333333 0 1 0.8156863 0 0.1019608 0.4941176 0.1490196 0.5803922 0.8470588 0.1529412 0.1019608 0.4627451 0 0.1019608 0.4941176 0.1529412 0.1019608 0.4627451 0 0.6705883 0.3333333 0 0.1019608 0.4941176 0.1490196 0.5803922 0.8470588 0 0.1019608 0.4941176 0 1 0.8156863 0 0.6705883 0.3333333 0 1 0.8156863 0 0.1019608 0.4941176 0.1490196 0.5803922 0.8470588 0.1529412 0.1019608 0.4627451 0 0.1019608 0.4941176 0.1529412 0.1019608 0.4627451 0 0.6705883 0.3333333 0 0.1019608 0.4941176 0.1490196 0.5803922 0.8470588 0 0.1019608 0.4941176 0 1 0.8156863 0 0.6705883 0.3333333 0 1 0.8156863 0 0.1019608 0.4941176 0.1490196 0.5803922 0.8470588 0.1529412 0.1019608 0.4627451 0 0.1019608 0.4941176 0.1529412 0.1019608 0.4627451 0 0.6705883 0.3333333 0 0.1019608 0.4941176 0.1490196 0.5803922 0.8470588 0 0.1019608 0.4941176 0 1 0.8156863 0 0.6705883 0.3333333 0 1 0.8156863 0 0.1019608 0.4941176 0.1490196 0.5803922 0.8470588 0.1529412 0.1019608 0.4627451 0 0.1019608 0.4941176 0.1529412 0.1019608 0.4627451 0 0.6705883 0.3333333 0 0.1019608 0.4941176 0.2941176 0.509804 0.6117647 0.2980392 0.8039216 1 0 0 0 0.1490196 0.2784314 0.8039216 0.1529412 0.8941177 0.8784314 0 0 0 0.1529412 0.8941177 0.8784314 0.2941176 0.509804 0.6117647 0 0 0 0.2980392 0.8039216 1 0.1490196 0.2784314 0.8039216 0 0 0 0.2941176 0.509804 0.6117647 0.2980392 0.8039216 1 0 0 0 0.1490196 0.2784314 0.8039216 0.1529412 0.8941177 0.8784314 0 0 0 0.1529412 0.8941177 0.8784314 0.2941176 0.509804 0.6117647 0 0 0 0.2980392 0.8039216 1 0.1490196 0.2784314 0.8039216 0 0 0 0 1 1 0.1529412 0.8980392 0.8509804 0 0.5176471 0.882353 0.1529412 0.8980392 0.8509804 0 0.3686274 1 0 0.5176471 0.882353 0.1529412 0.007843136 0.882353 0 0.1647059 1 0 0.5176471 0.882353 0 0.3686274 1 0.1529412 0.007843136 0.882353 0 0.5176471 0.882353 0.2941176 0.509804 0.6117647 0.2980392 0.8039216 1 0 0 0 0.1490196 0.2784314 0.8039216 0.1529412 0.8941177 0.8784314 0 0 0 0.1529412 0.8941177 0.8784314 0.2941176 0.509804 0.6117647 0 0 0 0.2980392 0.8039216 1 0.1490196 0.2784314 0.8039216 0 0 0 0.1490196 0.5803922 0.8470588 0 0.1019608 0.4941176 0 1 0.8156863 0 0.6705883 0.3333333 0 1 0.8156863 0 0.1019608 0.4941176 0.1490196 0.5803922 0.8470588 0.1529412 0.1019608 0.4627451 0 0.1019608 0.4941176 0.1529412 0.1019608 0.4627451 0 0.6705883 0.3333333 0 0.1019608 0.4941176 0 1 1 0.1529412 0.8980392 0.8509804 0 0.5176471 0.882353 0.1529412 0.8980392 0.8509804 0 0.3686274 1 0 0.5176471 0.882353 0.1529412 0.007843136 0.882353 0 0.1647059 1 0 0.5176471 0.882353 0 0.3686274 1 0.1529412 0.007843136 0.882353 0 0.5176471 0.882353 0 1 1 0.1529412 0.8980392 0.8509804 0 0.5176471 0.882353 0.1529412 0.8980392 0.8509804 0 0.3686274 1 0 0.5176471 0.882353 0.1529412 0.007843136 0.882353 0 0.1647059 1 0 0.5176471 0.882353 0 0.3686274 1 0.1529412 0.007843136 0.882353 0 0.5176471 0.882353 0.2941176 0.509804 0.6117647 0.2980392 0.8039216 1 0 0 0 0.1490196 0.2784314 0.8039216 0.1529412 0.8941177 0.8784314 0 0 0 0.1529412 0.8941177 0.8784314 0.2941176 0.509804 0.6117647 0 0 0 0.2980392 0.8039216 1 0.1490196 0.2784314 0.8039216 0 0 0 0.2941176 0.509804 0.6117647 0.2980392 0.8039216 1 0 0 0 0.1490196 0.2784314 0.8039216 0.1529412 0.8941177 0.8784314 0 0 0 0.1529412 0.8941177 0.8784314 0.2941176 0.509804 0.6117647 0 0 0 0.2980392 0.8039216 1 0.1490196 0.2784314 0.8039216 0 0 0 0.1490196 0.07843136 0.4941176 0 0.3254902 0.5725491 0 0.2509804 0.7882353 0.1490196 0.4549019 0.5686275 0.1490196 0.07843136 0.4941176 0 0.2509804 0.7882353 0.1490196 0.07843136 0.4941176 0 0.3254902 0.5725491 0 0.2509804 0.7882353 0.1490196 0.4549019 0.5686275 0.1490196 0.07843136 0.4941176 0 0.2509804 0.7882353 0.1490196 0.07843136 0.4941176 0 0.3254902 0.5725491 0 0.2509804 0.7882353 0.1490196 0.4549019 0.5686275 0.1490196 0.07843136 0.4941176 0 0.2509804 0.7882353 0.1490196 0.07843136 0.4941176 0 0.3254902 0.5725491 0 0.2509804 0.7882353 0.1490196 0.4549019 0.5686275 0.1490196 0.07843136 0.4941176 0 0.2509804 0.7882353 0.2941176 0.509804 0.6117647 0.2980392 0.8039216 1 0 0 0 0.1490196 0.2784314 0.8039216 0.1529412 0.8941177 0.8784314 0 0 0 0.1529412 0.8941177 0.8784314 0.2941176 0.509804 0.6117647 0 0 0 0.2980392 0.8039216 1 0.1490196 0.2784314 0.8039216 0 0 0 0.2941176 0.509804 0.6117647 0.2980392 0.8039216 1 0 0 0 0.1490196 0.2784314 0.8039216 0.1529412 0.8941177 0.8784314 0 0 0 0.1529412 0.8941177 0.8784314 0.2941176 0.509804 0.6117647 0 0 0 0.2980392 0.8039216 1 0.1490196 0.2784314 0.8039216 0 0 0 0.2941176 0.509804 0.6117647 0.2980392 0.8039216 1 0 0 0 0.1490196 0.2784314 0.8039216 0.1529412 0.8941177 0.8784314 0 0 0 0.1529412 0.8941177 0.8784314 0.2941176 0.509804 0.6117647 0 0 0 0.2980392 0.8039216 1 0.1490196 0.2784314 0.8039216 0 0 0 0 1 1 0.1529412 0.8980392 0.8509804 0 0.5176471 0.882353 0.1529412 0.8980392 0.8509804 0 0.3686274 1 0 0.5176471 0.882353 0.1529412 0.007843136 0.882353 0 0.1647059 1 0 0.5176471 0.882353 0 0.3686274 1 0.1529412 0.007843136 0.882353 0 0.5176471 0.882353 0.2941176 0.509804 0.6117647 0.2980392 0.8039216 1 0 0 0 0.1490196 0.2784314 0.8039216 0.1529412 0.8941177 0.8784314 0 0 0 0.1529412 0.8941177 0.8784314 0.2941176 0.509804 0.6117647 0 0 0 0.2980392 0.8039216 1 0.1490196 0.2784314 0.8039216 0 0 0 0 1 1 0.1529412 0.8980392 0.8509804 0 0.5176471 0.882353 0.1529412 0.8980392 0.8509804 0 0.3686274 1 0 0.5176471 0.882353 0.1529412 0.007843136 0.882353 0 0.1647059 1 0 0.5176471 0.882353 0 0.3686274 1 0.1529412 0.007843136 0.882353 0 0.5176471 0.882353 0.2941176 0.509804 0.6117647 0.2980392 0.8039216 1 0 0 0 0.1490196 0.2784314 0.8039216 0.1529412 0.8941177 0.8784314 0 0 0 0.1529412 0.8941177 0.8784314 0.2941176 0.509804 0.6117647 0 0 0 0.2980392 0.8039216 1 0.1490196 0.2784314 0.8039216 0 0 0 0.2941176 0.509804 0.6117647 0.2980392 0.8039216 1 0 0 0 0.1490196 0.2784314 0.8039216 0.1529412 0.8941177 0.8784314 0 0 0 0.1529412 0.8941177 0.8784314 0.2941176 0.509804 0.6117647 0 0 0 0.2980392 0.8039216 1 0.1490196 0.2784314 0.8039216 0 0 0 0 1 1 0.1529412 0.8980392 0.8509804 0 0.5176471 0.882353 0.1529412 0.8980392 0.8509804 0 0.3686274 1 0 0.5176471 0.882353 0.1529412 0.007843136 0.882353 0 0.1647059 1 0 0.5176471 0.882353 0 0.3686274 1 0.1529412 0.007843136 0.882353 0 0.5176471 0.882353 0 1 1 0.1529412 0.8980392 0.8509804 0 0.5176471 0.882353 0.1529412 0.8980392 0.8509804 0 0.3686274 1 0 0.5176471 0.882353 0.1529412 0.007843136 0.882353 0 0.1647059 1 0 0.5176471 0.882353 0 0.3686274 1 0.1529412 0.007843136 0.882353 0 0.5176471 0.882353 0.2941176 0.509804 0.6117647 0.2980392 0.8039216 1 0 0 0 0.1490196 0.2784314 0.8039216 0.1529412 0.8941177 0.8784314 0 0 0 0.1529412 0.8941177 0.8784314 0.2941176 0.509804 0.6117647 0 0 0 0.2980392 0.8039216 1 0.1490196 0.2784314 0.8039216 0 0 0 0.2941176 0.509804 0.6117647 0.2980392 0.8039216 1 0 0 0 0.1490196 0.2784314 0.8039216 0.1529412 0.8941177 0.8784314 0 0 0 0.1529412 0.8941177 0.8784314 0.2941176 0.509804 0.6117647 0 0 0 0.2980392 0.8039216 1 0.1490196 0.2784314 0.8039216 0 0 0 0.2941176 0.509804 0.6117647 0.2980392 0.8039216 1 0 0 0 0.1490196 0.2784314 0.8039216 0.1529412 0.8941177 0.8784314 0 0 0 0.1529412 0.8941177 0.8784314 0.2941176 0.509804 0.6117647 0 0 0 0.2980392 0.8039216 1 0.1490196 0.2784314 0.8039216 0 0 0 0.2941176 0.509804 0.6117647 0.2980392 0.8039216 1 0 0 0 0.1490196 0.2784314 0.8039216 0.1529412 0.8941177 0.8784314 0 0 0 0.1529412 0.8941177 0.8784314 0.2941176 0.509804 0.6117647 0 0 0 0.2980392 0.8039216 1 0.1490196 0.2784314 0.8039216 0 0 0 0.1490196 0.5803922 0.8470588 0 0.1019608 0.4941176 0 1 0.8156863 0 0.6705883 0.3333333 0 1 0.8156863 0 0.1019608 0.4941176 0.1490196 0.5803922 0.8470588 0.1529412 0.1019608 0.4627451 0 0.1019608 0.4941176 0.1529412 0.1019608 0.4627451 0 0.6705883 0.3333333 0 0.1019608 0.4941176 0.2941176 0.509804 0.6117647 0.2980392 0.8039216 1 0 0 0 0.1490196 0.2784314 0.8039216 0.1529412 0.8941177 0.8784314 0 0 0 0.1529412 0.8941177 0.8784314 0.2941176 0.509804 0.6117647 0 0 0 0.2980392 0.8039216 1 0.1490196 0.2784314 0.8039216 0 0 0 0.2941176 0.509804 0.6117647 0.2980392 0.8039216 1 0 0 0 0.1490196 0.2784314 0.8039216 0.1529412 0.8941177 0.8784314 0 0 0 0.1529412 0.8941177 0.8784314 0.2941176 0.509804 0.6117647 0 0 0 0.2980392 0.8039216 1 0.1490196 0.2784314 0.8039216 0 0 0 0.1490196 0.5803922 0.8470588 0 0.1019608 0.4941176 0 1 0.8156863 0 0.6705883 0.3333333 0 1 0.8156863 0 0.1019608 0.4941176 0.1490196 0.5803922 0.8470588 0.1529412 0.1019608 0.4627451 0 0.1019608 0.4941176 0.1529412 0.1019608 0.4627451 0 0.6705883 0.3333333 0 0.1019608 0.4941176 0 1 1 0.1529412 0.8980392 0.8509804 0 0.5176471 0.882353 0.1529412 0.8980392 0.8509804 0 0.3686274 1 0 0.5176471 0.882353 0.1529412 0.007843136 0.882353 0 0.1647059 1 0 0.5176471 0.882353 0 0.3686274 1 0.1529412 0.007843136 0.882353 0 0.5176471 0.882353 0.2941176 0.509804 0.6117647 0.2980392 0.8039216 1 0 0 0 0.1490196 0.2784314 0.8039216 0.1529412 0.8941177 0.8784314 0 0 0 0.1529412 0.8941177 0.8784314 0.2941176 0.509804 0.6117647 0 0 0 0.2980392 0.8039216 1 0.1490196 0.2784314 0.8039216 0 0 0 0.1490196 0.5803922 0.8470588 0 0.1019608 0.4941176 0 1 0.8156863 0 0.6705883 0.3333333 0 1 0.8156863 0 0.1019608 0.4941176 0.1490196 0.5803922 0.8470588 0.1529412 0.1019608 0.4627451 0 0.1019608 0.4941176 0.1529412 0.1019608 0.4627451 0 0.6705883 0.3333333 0 0.1019608 0.4941176 0 1 1 0.1529412 0.8980392 0.8509804 0 0.5176471 0.882353 0.1529412 0.8980392 0.8509804 0 0.3686274 1 0 0.5176471 0.882353 0.1529412 0.007843136 0.882353 0 0.1647059 1 0 0.5176471 0.882353 0 0.3686274 1 0.1529412 0.007843136 0.882353 0 0.5176471 0.882353 0.2941176 0.509804 0.6117647 0.2980392 0.8039216 1 0 0 0 0.1490196 0.2784314 0.8039216 0.1529412 0.8941177 0.8784314 0 0 0 0.1529412 0.8941177 0.8784314 0.2941176 0.509804 0.6117647 0 0 0 0.2980392 0.8039216 1 0.1490196 0.2784314 0.8039216 0 0 0 0.1490196 0.5803922 0.8470588 0 0.1019608 0.4941176 0 1 0.8156863 0 0.6705883 0.3333333 0 1 0.8156863 0 0.1019608 0.4941176 0.1490196 0.5803922 0.8470588 0.1529412 0.1019608 0.4627451 0 0.1019608 0.4941176 0.1529412 0.1019608 0.4627451 0 0.6705883 0.3333333 0 0.1019608 0.4941176 0 1 1 0.1529412 0.8980392 0.8509804 0 0.5176471 0.882353 0.1529412 0.8980392 0.8509804 0 0.3686274 1 0 0.5176471 0.882353 0.1529412 0.007843136 0.882353 0 0.1647059 1 0 0.5176471 0.882353 0 0.3686274 1 0.1529412 0.007843136 0.882353 0 0.5176471 0.882353 0 0.4823529 0 0.4549019 0.6901961 0.8392157 0.6117647 0.06274509 0.8235294 0.4470588 0.2156863 0.6117647 0 0.4823529 0 0.6117647 0.06274509 0.8235294 0 0.4823529 0 0.4549019 0.6901961 0.8392157 0.6117647 0.06274509 0.8235294 0.4470588 0.2156863 0.6117647 0 0.4823529 0 0.6117647 0.06274509 0.8235294 0 0.4823529 0 0.4549019 0.6901961 0.8392157 0.6117647 0.06274509 0.8235294 0.4470588 0.2156863 0.6117647 0 0.4823529 0 0.6117647 0.06274509 0.8235294 0 0.4823529 0 0.4549019 0.6901961 0.8392157 0.6117647 0.06274509 0.8235294 0.4470588 0.2156863 0.6117647 0 0.4823529 0 0.6117647 0.06274509 0.8235294 0 0.4823529 0 0.4549019 0.6901961 0.8392157 0.6117647 0.06274509 0.8235294 0.4470588 0.2156863 0.6117647 0 0.4823529 0 0.6117647 0.06274509 0.8235294 0 0.4823529 0 0.4549019 0.6901961 0.8392157 0.6117647 0.06274509 0.8235294 0.4470588 0.2156863 0.6117647 0 0.4823529 0 0.6117647 0.06274509 0.8235294 0 0.4823529 0 0.4549019 0.6901961 0.8392157 0.6117647 0.06274509 0.8235294 0.4470588 0.2156863 0.6117647 0 0.4823529 0 0.6117647 0.06274509 0.8235294 0.4549019 0.6901961 0.8392157 0.6117647 0.06274509 0.8235294 0.4823529 0.145098 0.6509804 0.6117647 0.06274509 0.8235294 0.4470588 0.2156863 0.6117647 0.4823529 0.145098 0.6509804 0 0.4823529 0 0.4549019 0.6901961 0.8392157 0.3254902 0.254902 0.4392157 0.4549019 0.6901961 0.8392157 0.4823529 0.145098 0.6509804 0.3254902 0.254902 0.4392157 0.4470588 0.2156863 0.6117647 0 0.4823529 0 0.3254902 0.254902 0.4392157 0.4823529 0.145098 0.6509804 0.4470588 0.2156863 0.6117647 0.3254902 0.254902 0.4392157 0.4549019 0.6901961 0.8392157 0.6117647 0.06274509 0.8235294 0.4823529 0.145098 0.6509804 0.6117647 0.06274509 0.8235294 0.4470588 0.2156863 0.6117647 0.4823529 0.145098 0.6509804 0 0.4823529 0 0.4549019 0.6901961 0.8392157 0.3254902 0.254902 0.4392157 0.4549019 0.6901961 0.8392157 0.4823529 0.145098 0.6509804 0.3254902 0.254902 0.4392157 0.4470588 0.2156863 0.6117647 0 0.4823529 0 0.3254902 0.254902 0.4392157 0.4823529 0.145098 0.6509804 0.4470588 0.2156863 0.6117647 0.3254902 0.254902 0.4392157 0.4549019 0.6901961 0.8392157 0.6117647 0.06274509 0.8235294 0.4823529 0.145098 0.6509804 0.6117647 0.06274509 0.8235294 0.4470588 0.2156863 0.6117647 0.4823529 0.145098 0.6509804 0 0.4823529 0 0.4549019 0.6901961 0.8392157 0.3254902 0.254902 0.4392157 0.4549019 0.6901961 0.8392157 0.4823529 0.145098 0.6509804 0.3254902 0.254902 0.4392157 0.4470588 0.2156863 0.6117647 0 0.4823529 0 0.3254902 0.254902 0.4392157 0.4823529 0.145098 0.6509804 0.4470588 0.2156863 0.6117647 0.3254902 0.254902 0.4392157 0 0.4823529 0 0.4549019 0.6901961 0.8392157 0.6117647 0.06274509 0.8235294 0.4470588 0.2156863 0.6117647 0 0.4823529 0 0.6117647 0.06274509 0.8235294 0 0.4823529 0 0.4549019 0.6901961 0.8392157 0.6117647 0.06274509 0.8235294 0.4470588 0.2156863 0.6117647 0 0.4823529 0 0.6117647 0.06274509 0.8235294 0.1529412 0 0.4588235 0 0 0.6392157 0.3921568 0.3803921 1 0.145098 0.317647 0.6078432 0 0 0.6392157 0 0.4823529 0 0 0 0.6392157 0.4588235 0.3058823 0.9607843 0.3921568 0.3803921 1 0.1529412 0 0.4588235 0 0 0.6392157 0.3921568 0.3803921 1 0.145098 0.317647 0.6078432 0 0 0.6392157 0 0.4823529 0 0 0 0.6392157 0.4588235 0.3058823 0.9607843 0.3921568 0.3803921 1 0.1529412 0 0.4588235 0 0 0.6392157 0.3921568 0.3803921 1 0.145098 0.317647 0.6078432 0 0 0.6392157 0 0.4823529 0 0 0 0.6392157 0.4588235 0.3058823 0.9607843 0.3921568 0.3803921 1 0 0 0 0 0 0 0 0 0 0 0 0 0 0 0 0 0 0 0 0 0 0 0 0 0 0 0 0 0 0 0 0 0 0 0 0 0 0 0 0 0 0 0 0 0 0 0 0 0 0 0 0 0 0 0 0 0 0 0 0 0 0 0 0 0 0 0 0 0 0 0 0 0 0 0 0 0 0 0 0 0 0 0 0 0 0 0 0 0 0 0 0 0 0 0 0 0 0 0 0 0 0 0 0 0 0 0 0 0 0 0 0 0 0 0 0 0 0 0 0 0 0 0 0 0 0 0 0 0 0 0 0 0 0 0 0 0 0 0 0 0 0 0 0 0 0 0 0 0 0 0 0 0 0 0 0 0 0 0 0 0 0 0 0 0 0 0 0 0 0 0 0 0 0 0 0 0 0 0 0 0 0 0 0 0 0 0 0 0 0 0 0 0 0 0 0 0 0 0 0 0 0 0 0 0 0 0 0 0 0 0 0 0 0 0 0 0 0 0 0 0 0 0 0 0 0 0 0 0 0 0 0 0 0 0 0 0 0 0 0 0 0 0 0 0 0 0 0 0 0 0 0 0 0 0 0 0 0 0 0 0 0 0 0 0 0 0 0 0 0 0 0 0 0 0 0 0 0 0 0 0 0 0 0 0 0 0 0 0 0 0 0 0 0 0 0 0 0 0 0 0 0 0 0 0 0 0 0 0 0 0 0 0 0 0 0 0 0 0 0 0 0 0 0 0 0 0 0 0 0 0 0 0 0 0 0 0 0 0 0 0 0 0 0 0 0 0 0 0 0 0 0 0 0 0 0 0 0 0 0 0 0 0 0 0 0 0 0 0 0 0 0 0 0 0 0 0 0 0 0 0 0 0 0 0 0 0 0 0 0 0 0 0 0 0 0 0 0 0 0 0 0 0 0 0 0 0 0 0 0 0 0 0 0 0 0 0 0 0 0 0 0 0 0 0 0 0 0 0 0 0 0 0 0 0 0 0 0 0 0 0 0 0 0 0 0 0 0 0 0 0 0 0 0 0 0 0 0 0 0 0 0 0 0 0 0 0 0 0 0 0 0 0 0 0 0 0 0 0 0 0 0 0 0 0 0 0 0 0 0 0 0 0 0 0 0 0 0 0 0 0 0 0 0 0 0 0 0 0 0 0 0 0 0 0 0 0 0 0 0 0 0 0 0 0 0 0 0 0 0 0 0 0 0 0 0 0 0 0 0 0 0 0 0 0 0 0 0 0 0 0 0 0 0 0 0 0 0 0 0 0 0 0 0 0 0 0 0 0 0 0 0 0 0 0 0 0 0 0 0 0 0 0 0 0 0 0 0 0 0 0 0 0 0 0 0 0 0 0 0 0 0 0 0 0 0 0 0 0 0 0 0 0 0 0 0 0 0 0 0 0 0 0 0 0 0 0 0 0 0 0 0 0 0 0 0 0 0 0 0 0 0 0 0 0 0 0 0 0 0 0 0 0 0 0 0 0 0 0 0 0 0 0 0 0 0 0 0 0 0 0 0 0 0 0 0 0 0 0 0 0 0 0 0 0 0 0 0 0 0 0 0 0 0 0 0 0 0 0 0 0 0 0 0 0 0 0 0 0 0 0 0 0 0 0 0 0 0 0 0 0 0 0 0 0 0 0 0 0 0 0 0 0 0 0 0 0 0 0 0 0 0 0 0 0 0 0 0 0 0 0 0 0 0 0 0 0 0 0 0 0 0 0 0 0 0 0 0 0 0 0 0 0 0 0 0 0 0 0 0 0 0 0 0 0 0 0 0 0 0 0 0 0 0 0 0 0 0 0 0 0 0 0 0 0 0 0 0 0 0 0 0 0 0 0 0 0 0 0 0 0 0 0 0 0 0 0 0 0 0 0 0 0 0 0 0 0 0 0 0 0 0 0 0 0 0 0 0 0 0 0 0 0 0 0 0 0 0 0 0 0 0 0 0 0 0 0 0 0 0 0 0 0 0 0 0 0 0 0 0 0 0 0 0 0 0 0 0 0 0 0 0 0 0 0 0 0 0 0 0 0 0 0 0 0 0 0 0 0 0 0 0 0 0 0 0 0 0 0 0 0 0 0 0 0 0 0 0 0 0 0 0 0 0 0 0 0 0 0 0 0 0 0 0 0 0 0 0 0 0 0 0 0 0 0 0 0 0 0 0 0 0 0 0 0 0 0 0 0 0 0 0 0 0 0 0 0 0 0 0 0 0 0 0 0 0 0 0 0 0 0 0 0 0 0 0 0 0 0 0 0 0 0 0 0 0 0 0 0 0 0 0 0 0 0 0 0 0 0 0 0 0 0 0 0 0 0 0 0 0 0 0 0 0 0 0 0 0 0 0 0 0 0 0 0 0 0 0 0 0 0 0 0 0 0 0 0 0 0 0 0 0 0 0 0 0 0 0 0 0 0 0 0 0 0 0 0 0 0 0 0 0 0 0 0 0 0 0 0 0 0 0 0 0 0 0 0 0 0 0 0 0 0 0 0 0 0 0 0 0 0 0 0 0 0 0 0 0 0 0 0 0 0 0 0 0 0 0 0 0 0 0 0 0 0 0 0 0 0 0 0 0 0 0 0 0 0 0 0 0 0 0 0 0 0 0 0 0 0 0 0 0 0 0 0 0 0 0 0 0 0 0 0 0 0 0 0 0 0 0 0 0 0 0 0 0 0 0 0 0 0 0 0 0 0 0 0 0 0 0 0 0 0 0 0 0 0 0 0 0 0 0 0 0 0 0 0 0 0 0 0 0 0 0 0 0 0 0 0 0 0 0 0 0 0 0 0 0 0 0 0 0 0 0 0 0 0 0 0 0 0 0 0 0 0 0 0 0 0 0 0 0 0 0 0 0 0 0 0 0 0 0 0 0 0 0 0 0 0 0 0 0 0 0 0 0 0 0 0 0 0 0 0 0 0 0 0 0 0 0 0 0 0 0 0 0 0 0 0 0 0 0 0 0 0 0 0 0 0 0 0 0 0 0 0 0 0 0 0 0 0 0 0 0 0 0 0 0 0 0 0 0 0 0 0 0 0 0 0 0 0 0 0 0 0 0 0 0 0 0 0 0 0 0 0 0 0 0 0 0 0 0 0 0 0 0 0 0 0 0 0 0 0 0 0 0 0 0 0 0 0 0 0 0 0 0 0 0 0 0 0 0 0 0 0 0 0 0 0 0 0 0 0 0 0 0 0 0 0 0 0 0 0 0 0 0 0 0 0 0 0 0 0 0 0 0 0 0 0 0 0 0 0 0 0 0 0 0 0 0 0 0 0 0 0 0 0 0 0 0 0 0 0 0 0 0 0 0 0 0 0 0 0 0 0 0 0 0 0 0 0 0 0 0 0 0 0 0 0 0 0 0 0 0 0 0 0 0 0 0 0 0 0 0 0 0 0 0 0 0 0 0 0 0 0 0 0 0 0 0 0 0 0 0 0 0 0 0 0 0 0 0 0 0 0 0 0 0 0 0 0 0 0 0 0 0 0 0 0.1529412 0 0.4588235 0 0.4823529 0 0 0 0.6392157 0.145098 0.317647 0.6078432 0.4588235 0.3058823 0.9607843 0 0 0.6392157 0.1529412 0 0.4588235 0 0.4823529 0 0 0 0.6392157 0.145098 0.317647 0.6078432 0.4588235 0.3058823 0.9607843 0 0 0.6392157 0.1529412 0 0.4588235 0 0.4823529 0 0 0 0.6392157 0.145098 0.317647 0.6078432 0.4588235 0.3058823 0.9607843 0 0 0.6392157 0.1529412 0 0.4588235 0 0.4823529 0 0 0 0.6392157 0.145098 0.317647 0.6078432 0.4588235 0.3058823 0.9607843 0 0 0.6392157 0.1529412 0 0.4588235 0 0.4823529 0 0 0 0.6392157 0.145098 0.317647 0.6078432 0.4588235 0.3058823 0.9607843 0 0 0.6392157</float_array>
          <technique_common>
            <accessor source="#tree_oak_bush_a200-mesh-colors-Col-array" count="2748" stride="3">
              <param name="R" type="float"/>
              <param name="G" type="float"/>
              <param name="B" type="float"/>
            </accessor>
          </technique_common>
        </source>
        <vertices id="tree_oak_bush_a200-mesh-vertices">
          <input semantic="POSITION" source="#tree_oak_bush_a200-mesh-positions"/>
        </vertices>
        <polylist material="tro_bush_2_leaves-material" count="916">
          <input semantic="VERTEX" source="#tree_oak_bush_a200-mesh-vertices" offset="0"/>
          <input semantic="NORMAL" source="#tree_oak_bush_a200-mesh-normals" offset="1"/>
          <input semantic="TEXCOORD" source="#tree_oak_bush_a200-mesh-map-0" offset="2" set="0"/>
          <input semantic="COLOR" source="#tree_oak_bush_a200-mesh-colors-Col" offset="3" set="0"/>
          <vcount>3 3 3 3 3 3 3 3 3 3 3 3 3 3 3 3 3 3 3 3 3 3 3 3 3 3 3 3 3 3 3 3 3 3 3 3 3 3 3 3 3 3 3 3 3 3 3 3 3 3 3 3 3 3 3 3 3 3 3 3 3 3 3 3 3 3 3 3 3 3 3 3 3 3 3 3 3 3 3 3 3 3 3 3 3 3 3 3 3 3 3 3 3 3 3 3 3 3 3 3 3 3 3 3 3 3 3 3 3 3 3 3 3 3 3 3 3 3 3 3 3 3 3 3 3 3 3 3 3 3 3 3 3 3 3 3 3 3 3 3 3 3 3 3 3 3 3 3 3 3 3 3 3 3 3 3 3 3 3 3 3 3 3 3 3 3 3 3 3 3 3 3 3 3 3 3 3 3 3 3 3 3 3 3 3 3 3 3 3 3 3 3 3 3 3 3 3 3 3 3 3 3 3 3 3 3 3 3 3 3 3 3 3 3 3 3 3 3 3 3 3 3 3 3 3 3 3 3 3 3 3 3 3 3 3 3 3 3 3 3 3 3 3 3 3 3 3 3 3 3 3 3 3 3 3 3 3 3 3 3 3 3 3 3 3 3 3 3 3 3 3 3 3 3 3 3 3 3 3 3 3 3 3 3 3 3 3 3 3 3 3 3 3 3 3 3 3 3 3 3 3 3 3 3 3 3 3 3 3 3 3 3 3 3 3 3 3 3 3 3 3 3 3 3 3 3 3 3 3 3 3 3 3 3 3 3 3 3 3 3 3 3 3 3 3 3 3 3 3 3 3 3 3 3 3 3 3 3 3 3 3 3 3 3 3 3 3 3 3 3 3 3 3 3 3 3 3 3 3 3 3 3 3 3 3 3 3 3 3 3 3 3 3 3 3 3 3 3 3 3 3 3 3 3 3 3 3 3 3 3 3 3 3 3 3 3 3 3 3 3 3 3 3 3 3 3 3 3 3 3 3 3 3 3 3 3 3 3 3 3 3 3 3 3 3 3 3 3 3 3 3 3 3 3 3 3 3 3 3 3 3 3 3 3 3 3 3 3 3 3 3 3 3 3 3 3 3 3 3 3 3 3 3 3 3 3 3 3 3 3 3 3 3 3 3 3 3 3 3 3 3 3 3 3 3 3 3 3 3 3 3 3 3 3 3 3 3 3 3 3 3 3 3 3 3 3 3 3 3 3 3 3 3 3 3 3 3 3 3 3 3 3 3 3 3 3 3 3 3 3 3 3 3 3 3 3 3 3 3 3 3 3 3 3 3 3 3 3 3 3 3 3 3 3 3 3 3 3 3 3 3 3 3 3 3 3 3 3 3 3 3 3 3 3 3 3 3 3 3 3 3 3 3 3 3 3 3 3 3 3 3 3 3 3 3 3 3 3 3 3 3 3 3 3 3 3 3 3 3 3 3 3 3 3 3 3 3 3 3 3 3 3 3 3 3 3 3 3 3 3 3 3 3 3 3 3 3 3 3 3 3 3 3 3 3 3 3 3 3 3 3 3 3 3 3 3 3 3 3 3 3 3 3 3 3 3 3 3 3 3 3 3 3 3 3 3 3 3 3 3 3 3 3 3 3 3 3 3 3 3 3 3 3 3 3 3 3 3 3 3 3 3 3 3 3 3 3 3 3 3 3 3 3 3 3 3 3 3 3 3 3 3 3 3 3 3 3 3 3 3 3 3 3 3 3 3 3 3 3 3 3 3 3 3 3 3 3 3 3 3 3 3 3 3 3 3 3 3 3 3 3 3 3 3 3 3 3 3 3 3 3 3 3 3 3 3 3 3 3 3 3 3 3 3 3 3 3 3 3 3 3 3 3 3 3 3 3 3 3 3 3 3 3 3 3 3 3 3 3 3 3 3 3 3 3 3 3 3 3 3 3 3 3 3 3 3 3 3 3 3 3 3 3 3 3 3 3 3 3 3 3 3 3 3 3 3 3 3 3 3 3 3 3 3 3 3 3 3 3 3 3 3 3 3 3 3 3 3 3 3 3 3 3 3 3 3 3 3 3 3 3 3 3 3 3 3 3 3 3 3 3 3 3 3 3 3 </vcount>
          <p>2 0 0 0 3 1 1 1 5 2 2 2 2 0 3 3 4 3 4 4 1 4 5 5 1 4 6 6 3 1 7 7 0 5 8 8 5 2 9 9 6 6 10 10 8 7 11 11 5 2 12 12 7 8 13 13 4 3 14 14 3 1 15 15 7 8 16 16 6 6 17 17 6 6 18 18 11 9 19 19 8 7 20 20 7 8 21 21 11 9 22 22 10 10 23 23 6 6 24 24 10 10 25 25 9 11 26 26 9 11 27 27 14 12 28 28 11 9 29 29 10 10 30 30 14 12 31 31 13 13 32 32 9 11 33 33 13 13 34 34 12 14 35 35 12 14 36 36 17 15 37 37 14 12 38 38 13 13 39 39 17 15 40 40 16 16 41 41 12 14 42 42 16 16 43 43 15 17 44 44 15 17 45 45 20 18 46 46 17 15 47 47 16 16 48 48 20 18 49 49 19 19 50 50 15 17 51 51 19 19 52 52 18 20 53 53 18 20 54 54 23 21 55 55 20 18 56 56 19 19 57 57 23 21 58 58 22 22 59 59 19 19 60 60 21 23 61 61 18 20 62 62 21 23 63 63 26 24 64 64 23 21 65 65 22 22 66 66 26 24 67 67 25 25 68 68 22 22 69 69 24 26 70 70 21 23 71 71 29 27 72 72 30 28 73 73 32 29 74 74 29 27 75 75 31 30 76 76 28 31 77 77 28 31 78 78 30 28 79 79 27 32 80 80 32 29 81 81 33 33 82 82 35 34 83 83 32 29 84 84 34 35 85 85 31 30 86 86 31 30 87 87 33 33 88 88 30 28 89 89 33 33 90 90 38 36 91 91 35 34 92 92 34 35 93 93 38 36 94 94 37 37 95 95 34 35 96 96 36 38 97 97 33 33 98 98 36 38 99 99 41 39 100 100 38 36 101 101 37 37 102 102 41 39 103 103 40 40 104 104 36 38 105 105 40 40 106 106 39 41 107 107 39 41 108 108 44 42 109 109 41 39 110 110 40 40 111 111 44 42 112 112 43 43 113 113 40 40 114 114 42 44 115 115 39 41 116 116 42 44 117 117 47 45 118 118 44 42 119 119 43 43 120 120 47 45 121 121 46 46 122 122 43 43 123 123 45 47 124 124 42 44 125 125 45 47 126 126 50 48 127 127 47 45 128 128 46 46 129 129 50 48 130 130 49 49 131 131 46 46 132 132 48 50 133 133 45 47 134 134 48 50 135 135 53 51 136 136 50 48 137 137 49 49 138 138 53 51 139 139 52 52 140 140 49 49 141 141 51 53 142 142 48 50 143 143 56 54 144 144 57 55 145 145 59 56 146 146 56 54 147 147 58 57 148 148 55 58 149 149 54 59 150 150 58 57 151 151 57 55 152 152 59 56 153 153 60 60 154 154 62 61 155 155 59 56 156 156 61 62 157 157 58 57 158 158 57 55 159 159 61 62 160 160 60 60 161 161 60 60 162 162 65 63 163 163 62 61 164 164 61 62 165 165 65 63 166 166 64 64 167 167 60 60 168 168 64 64 169 169 63 65 170 170 63 65 171 171 68 66 172 172 65 63 173 173 64 64 174 174 68 66 175 175 67 67 176 176 63 65 177 177 67 67 178 178 66 68 179 179 66 68 180 180 71 69 181 181 68 66 182 182 67 67 183 183 71 69 184 184 70 70 185 185 67 67 186 186 69 71 187 187 66 68 188 188 69 71 189 189 74 72 190 190 71 69 191 191 70 70 192 192 74 72 193 193 73 73 194 194 70 70 195 195 72 74 196 196 69 71 197 197 72 74 198 198 77 75 199 199 74 72 200 200 73 73 201 201 77 75 202 202 76 76 203 203 73 73 204 204 75 77 205 205 72 74 206 206 75 77 207 207 80 78 208 208 77 75 209 209 76 76 210 210 80 78 211 211 79 79 212 212 76 76 213 213 78 80 214 214 75 77 215 215 83 81 216 216 84 82 217 217 86 83 218 218 83 81 219 219 85 84 220 220 82 85 221 221 81 86 222 222 85 84 223 223 84 82 224 224 86 83 225 225 87 87 226 226 89 88 227 227 86 83 228 228 88 89 229 229 85 84 230 230 84 82 231 231 88 89 232 232 87 87 233 233 89 88 234 234 90 90 235 235 92 91 236 236 89 88 237 237 91 92 238 238 88 89 239 239 87 87 240 240 91 92 241 241 90 90 242 242 90 90 243 243 95 93 244 244 92 91 245 245 95 93 246 246 91 92 247 247 92 91 248 248 93 94 249 249 98 95 250 250 95 93 251 251 94 96 252 252 98 95 253 253 97 97 254 254 94 96 255 255 96 98 256 256 93 94 257 257 96 98 258 258 101 99 259 259 98 95 260 260 97 97 261 261 101 99 262 262 100 100 263 263 97 97 264 264 99 101 265 265 96 98 266 266 99 101 267 267 104 102 268 268 101 99 269 269 100 100 270 270 104 102 271 271 103 103 272 272 100 100 273 273 102 104 274 274 99 101 275 275 141 105 276 276 108 106 277 277 110 107 278 278 141 105 279 279 133 108 280 280 144 109 281 281 142 110 282 282 109 111 283 283 108 106 284 284 110 107 285 285 111 112 286 286 113 113 287 287 110 107 288 288 134 114 289 289 133 108 290 290 108 106 291 291 112 115 292 292 111 112 293 293 146 116 294 294 116 117 295 295 145 118 296 296 145 118 297 297 135 119 298 298 148 120 299 299 146 116 300 300 115 121 301 301 114 122 302 302 114 122 303 303 119 123 304 304 116 117 305 305 116 117 306 306 136 124 307 307 135 119 308 308 114 122 309 309 118 125 310 310 117 126 311 311 117 126 312 312 122 127 313 313 119 123 314 314 136 124 315 315 122 127 316 316 137 128 317 317 118 125 318 318 120 129 319 319 117 126 320 320 120 129 321 321 125 130 322 322 122 127 323 323 137 128 324 324 125 130 325 325 138 131 326 326 121 132 327 327 123 133 328 328 120 129 329 329 123 133 330 330 128 134 331 331 125 130 332 332 138 131 333 333 128 134 334 334 139 135 335 335 124 136 336 336 126 137 337 337 123 133 338 338 126 137 339 339 131 138 340 340 128 134 341 341 139 135 342 342 131 138 343 343 140 139 344 344 127 140 345 345 129 141 346 346 126 137 347 347 143 142 348 348 133 108 349 349 109 111 350 350 109 111 351 351 134 114 352 352 112 115 353 353 147 143 354 354 135 119 355 355 115 121 356 356 115 121 357 357 136 124 358 358 118 125 359 359 118 125 360 360 137 128 361 361 121 132 362 362 121 132 363 363 138 131 364 364 124 136 365 365 124 136 366 366 139 135 367 367 127 140 368 368 127 140 369 369 140 139 370 370 130 144 371 371 107 145 372 372 142 110 373 373 141 105 374 374 107 145 375 375 144 109 376 376 132 146 377 377 105 147 378 378 143 142 379 379 142 110 380 380 106 148 381 381 144 109 382 382 143 142 383 383 111 112 384 384 145 118 385 385 113 113 386 386 113 113 387 387 148 120 388 388 134 114 389 389 111 112 390 390 147 143 391 391 146 116 392 392 112 115 393 393 148 120 394 394 147 143 395 395 149 149 396 396 154 150 397 397 151 151 398 398 150 152 399 399 154 150 400 400 153 153 401 401 150 152 402 402 152 154 403 403 149 149 404 404 152 154 405 405 157 155 406 406 154 150 407 407 153 153 408 408 157 155 409 409 156 156 410 410 153 153 411 411 155 157 412 412 152 154 413 413 155 157 414 414 160 158 415 415 157 155 416 416 156 156 417 417 160 158 418 418 159 159 419 419 156 156 420 420 158 160 421 421 155 157 422 422 91 92 423 423 93 94 424 424 90 90 425 425 163 161 426 426 164 162 427 427 166 163 428 428 163 161 429 429 165 164 430 430 162 165 431 431 162 165 432 432 164 162 433 433 161 166 434 434 164 162 435 435 169 167 436 436 166 163 437 437 166 163 438 438 168 168 439 439 165 164 440 440 167 169 441 441 172 170 442 442 169 167 443 443 169 167 444 444 171 171 445 445 168 168 446 446 167 169 447 447 171 171 448 448 170 172 449 449 170 172 450 450 175 173 451 451 172 170 452 452 171 171 453 453 175 173 454 454 174 174 455 455 170 172 456 456 174 174 457 457 173 175 458 458 177 176 459 459 173 175 460 460 174 174 461 461 173 175 462 462 178 177 463 463 175 173 464 464 178 177 465 465 174 174 466 466 175 173 467 467 168 168 468 468 164 162 469 469 165 164 470 470 179 178 471 471 184 179 472 472 181 180 473 473 181 180 474 474 183 181 475 475 180 182 476 476 179 178 477 477 183 181 478 478 182 183 479 479 182 183 480 480 187 184 481 481 184 179 482 482 187 184 483 483 183 181 484 484 184 179 485 485 185 185 486 486 190 186 487 487 187 184 488 488 186 187 489 489 190 186 490 490 189 188 491 491 185 185 492 492 189 188 493 493 188 189 494 494 188 189 495 495 193 190 496 496 190 186 497 497 189 188 498 498 193 190 499 499 192 191 500 500 188 189 501 501 192 191 502 502 191 192 503 503 195 193 504 504 191 192 505 505 192 191 506 506 191 192 507 507 196 194 508 508 193 190 509 509 196 194 510 510 192 191 511 511 193 190 512 512 186 187 513 513 182 183 514 514 183 181 515 515 197 195 516 516 199 196 517 517 200 197 518 518 199 196 519 519 201 198 520 520 200 197 521 521 198 199 522 522 197 195 523 523 200 197 524 524 202 200 525 525 204 201 526 526 205 202 527 527 204 201 528 528 206 203 529 529 205 202 530 530 203 204 531 531 202 200 532 532 205 202 533 533 207 205 534 534 209 206 535 535 210 207 536 536 209 206 537 537 211 208 538 538 210 207 539 539 208 209 540 540 207 205 541 541 210 207 542 542 212 210 543 543 214 211 544 544 215 212 545 545 214 211 546 546 216 213 547 547 215 212 548 548 213 214 549 549 212 210 550 550 215 212 551 551 217 215 552 552 219 216 553 553 220 217 554 554 219 216 555 555 221 218 556 556 220 217 557 557 218 219 558 558 217 215 559 559 220 217 560 560 222 220 561 561 224 221 562 562 225 222 563 563 224 221 564 564 226 223 565 565 225 222 566 566 223 224 567 567 222 220 568 568 225 222 569 569 227 225 570 570 229 226 571 571 230 227 572 572 229 226 573 573 231 228 574 574 230 227 575 575 228 229 576 576 227 225 577 577 230 227 578 578 232 230 579 579 234 231 580 580 235 232 581 581 234 231 582 582 236 233 583 583 235 232 584 584 233 234 585 585 232 230 586 586 235 232 587 587 237 230 588 588 239 231 589 589 240 232 590 590 239 231 591 591 241 233 592 592 240 232 593 593 238 234 594 594 237 230 595 595 240 232 596 596 242 235 597 597 244 236 598 598 245 237 599 599 244 236 600 600 246 238 601 601 245 237 602 602 243 239 603 603 242 235 604 604 245 237 605 605 247 240 606 606 249 241 607 607 250 242 608 608 249 241 609 609 251 243 610 610 250 242 611 611 248 244 612 612 247 240 613 613 250 242 614 614 252 245 615 615 254 246 616 616 255 247 617 617 254 246 618 618 256 248 619 619 255 247 620 620 253 249 621 621 252 245 622 622 255 247 623 623 257 245 624 624 259 246 625 625 260 247 626 626 259 246 627 627 261 248 628 628 260 247 629 629 258 249 630 630 257 245 631 631 260 247 632 632 262 250 633 633 264 251 634 634 265 252 635 635 264 251 636 636 266 253 637 637 265 252 638 638 263 254 639 639 262 250 640 640 265 252 641 641 267 255 642 642 269 256 643 643 270 257 644 644 269 256 645 645 271 258 646 646 270 257 647 647 268 259 648 648 267 255 649 649 270 257 650 650 272 260 651 651 274 261 652 652 275 262 653 653 274 261 654 654 276 263 655 655 275 262 656 656 273 264 657 657 272 260 658 658 275 262 659 659 277 265 660 660 279 266 661 661 280 267 662 662 279 266 663 663 281 268 664 664 280 267 665 665 278 269 666 666 277 265 667 667 280 267 668 668 282 270 669 669 284 271 670 670 285 272 671 671 284 271 672 672 286 273 673 673 285 272 674 674 283 274 675 675 282 270 676 676 285 272 677 677 287 275 678 678 289 276 679 679 290 277 680 680 289 276 681 681 291 278 682 682 290 277 683 683 288 279 684 684 287 275 685 685 290 277 686 686 292 280 687 687 294 281 688 688 295 282 689 689 294 281 690 690 296 283 691 691 295 282 692 692 293 284 693 693 292 280 694 694 295 282 695 695 297 285 696 696 299 286 697 697 300 287 698 698 299 286 699 699 301 288 700 700 300 287 701 701 298 289 702 702 297 285 703 703 300 287 704 704 302 290 705 705 304 291 706 706 305 292 707 707 304 291 708 708 306 293 709 709 305 292 710 710 303 294 711 711 302 290 712 712 305 292 713 713 307 295 714 714 309 296 715 715 310 297 716 716 309 296 717 717 311 298 718 718 310 297 719 719 308 299 720 720 307 295 721 721 310 297 722 722 312 300 723 723 314 301 724 724 315 302 725 725 314 301 726 726 316 303 727 727 315 302 728 728 313 304 729 729 312 300 730 730 315 302 731 731 317 305 732 732 319 306 733 733 320 307 734 734 319 306 735 735 321 308 736 736 320 307 737 737 318 309 738 738 317 305 739 739 320 307 740 740 322 310 741 741 324 311 742 742 325 312 743 743 324 311 744 744 326 313 745 745 325 312 746 746 323 314 747 747 322 310 748 748 325 312 749 749 327 315 750 750 329 316 751 751 330 317 752 752 329 316 753 753 331 318 754 754 330 317 755 755 328 319 756 756 327 315 757 757 330 317 758 758 332 320 759 759 336 321 760 760 333 322 761 761 335 323 762 762 333 322 763 763 336 321 764 764 332 320 765 765 334 324 766 766 336 321 767 767 334 324 768 768 335 323 769 769 336 321 770 770 337 325 771 771 341 326 772 772 338 327 773 773 340 328 774 774 338 327 775 775 341 326 776 776 337 325 777 777 339 329 778 778 341 326 779 779 339 329 780 780 340 328 781 781 341 326 782 782 342 330 783 783 346 331 784 784 343 332 785 785 345 333 786 786 343 332 787 787 346 331 788 788 342 330 789 789 344 334 790 790 346 331 791 791 344 334 792 792 345 333 793 793 346 331 794 794 347 335 795 795 351 336 796 796 348 337 797 797 350 338 798 798 348 337 799 799 351 336 800 800 347 335 801 801 349 339 802 802 351 336 803 803 349 339 804 804 350 338 805 805 351 336 806 806 352 340 807 807 356 341 808 808 353 342 809 809 355 343 810 810 353 342 811 811 356 341 812 812 352 340 813 813 354 344 814 814 356 341 815 815 354 344 816 816 355 343 817 817 356 341 818 818 357 345 819 819 361 346 820 820 358 347 821 821 360 348 822 822 358 347 823 823 361 346 824 824 357 345 825 825 359 349 826 826 361 346 827 827 359 349 828 828 360 348 829 829 361 346 830 830 362 350 831 831 366 351 832 832 363 352 833 833 365 353 834 834 363 352 835 835 366 351 836 836 362 350 837 837 364 354 838 838 366 351 839 839 364 354 840 840 365 353 841 841 366 351 842 842 367 355 843 843 371 356 844 844 368 357 845 845 370 358 846 846 368 357 847 847 371 356 848 848 367 355 849 849 369 359 850 850 371 356 851 851 369 359 852 852 370 358 853 853 371 356 854 854 373 360 855 855 374 361 856 856 376 362 857 857 375 363 858 858 372 364 859 859 376 362 860 860 372 364 861 861 373 360 862 862 376 362 863 863 374 361 864 864 375 363 865 865 376 362 866 866 377 365 867 867 381 366 868 868 378 367 869 869 380 368 870 870 378 367 871 871 381 366 872 872 377 365 873 873 379 369 874 874 381 366 875 875 379 369 876 876 380 368 877 877 381 366 878 878 383 370 879 879 384 371 880 880 386 372 881 881 385 373 882 882 382 374 883 883 386 372 884 884 382 374 885 885 383 370 886 886 386 372 887 887 384 371 888 888 385 373 889 889 386 372 890 890 389 375 891 891 392 376 892 892 387 377 893 893 388 378 894 894 392 376 895 895 391 379 896 896 392 376 897 897 390 380 898 898 387 377 899 899 395 381 900 900 398 382 901 901 393 383 902 902 394 384 903 903 398 382 904 904 397 385 905 905 398 382 906 906 396 386 907 907 393 383 908 908 399 387 909 909 403 388 910 910 400 389 911 911 402 390 912 912 400 389 913 913 403 388 914 914 399 387 915 915 401 391 916 916 403 388 917 917 401 391 918 918 402 390 919 919 403 388 920 920 404 392 921 921 408 393 922 922 405 394 923 923 407 395 924 924 405 394 925 925 408 393 926 926 404 392 927 927 406 396 928 928 408 393 929 929 406 396 930 930 407 395 931 931 408 393 932 932 409 397 933 933 413 398 934 934 410 399 935 935 412 400 936 936 410 399 937 937 413 398 938 938 409 397 939 939 411 401 940 940 413 398 941 941 411 401 942 942 412 400 943 943 413 398 944 944 414 402 945 945 418 403 946 946 415 404 947 947 417 405 948 948 415 404 949 949 418 403 950 950 414 402 951 951 416 406 952 952 418 403 953 953 416 406 954 954 417 405 955 955 418 403 956 956 419 407 957 957 423 408 958 958 420 409 959 959 422 410 960 960 420 409 961 961 423 408 962 962 419 407 963 963 421 411 964 964 423 408 965 965 421 411 966 966 422 410 967 967 423 408 968 968 424 412 969 969 428 413 970 970 425 414 971 971 427 415 972 972 425 414 973 973 428 413 974 974 424 412 975 975 426 416 976 976 428 413 977 977 426 416 978 978 427 415 979 979 428 413 980 980 429 417 981 981 433 418 982 982 430 419 983 983 432 420 984 984 430 419 985 985 433 418 986 986 429 417 987 987 431 421 988 988 433 418 989 989 431 421 990 990 432 420 991 991 433 418 992 992 434 422 993 993 438 423 994 994 435 424 995 995 437 425 996 996 435 424 997 997 438 423 998 998 434 422 999 999 436 426 1000 1000 438 423 1001 1001 436 426 1002 1002 437 425 1003 1003 438 423 1004 1004 440 427 1005 1005 441 428 1006 1006 443 429 1007 1007 442 430 1008 1008 439 431 1009 1009 443 429 1010 1010 439 431 1011 1011 440 427 1012 1012 443 429 1013 1013 441 428 1014 1014 442 430 1015 1015 443 429 1016 1016 445 432 1017 1017 446 433 1018 1018 448 434 1019 1019 447 435 1020 1020 444 436 1021 1021 448 434 1022 1022 444 436 1023 1023 445 432 1024 1024 448 434 1025 1025 446 433 1026 1026 447 435 1027 1027 448 434 1028 1028 450 437 1029 1029 451 438 1030 1030 453 439 1031 1031 452 440 1032 1032 449 441 1033 1033 453 439 1034 1034 449 441 1035 1035 450 437 1036 1036 453 439 1037 1037 451 438 1038 1038 452 440 1039 1039 453 439 1040 1040 455 442 1041 1041 456 443 1042 1042 458 444 1043 1043 457 445 1044 1044 454 446 1045 1045 458 444 1046 1046 454 446 1047 1047 455 442 1048 1048 458 444 1049 1049 456 443 1050 1050 457 445 1051 1051 458 444 1052 1052 460 447 1053 1053 461 448 1054 1054 463 449 1055 1055 462 450 1056 1056 459 451 1057 1057 463 449 1058 1058 459 451 1059 1059 460 447 1060 1060 463 449 1061 1061 461 448 1062 1062 462 450 1063 1063 463 449 1064 1064 465 452 1065 1065 464 453 1066 1066 468 454 1067 1067 464 453 1068 1068 469 455 1069 1069 468 454 1070 1070 466 456 1071 1071 467 457 1072 1072 468 454 1073 1073 469 455 1074 1074 466 456 1075 1075 468 454 1076 1076 471 458 1077 1077 470 459 1078 1078 474 460 1079 1079 470 459 1080 1080 475 461 1081 1081 474 460 1082 1082 472 462 1083 1083 473 463 1084 1084 474 460 1085 1085 475 461 1086 1086 472 462 1087 1087 474 460 1088 1088 477 464 1089 1089 476 465 1090 1090 480 466 1091 1091 476 465 1092 1092 481 467 1093 1093 480 466 1094 1094 478 468 1095 1095 479 469 1096 1096 480 466 1097 1097 481 467 1098 1098 478 468 1099 1099 480 466 1100 1100 483 470 1101 1101 482 471 1102 1102 486 472 1103 1103 482 471 1104 1104 487 473 1105 1105 486 472 1106 1106 484 474 1107 1107 485 475 1108 1108 486 472 1109 1109 487 473 1110 1110 484 474 1111 1111 486 472 1112 1112 489 476 1113 1113 488 477 1114 1114 492 478 1115 1115 488 477 1116 1116 493 479 1117 1117 492 478 1118 1118 490 480 1119 1119 491 481 1120 1120 492 478 1121 1121 493 479 1122 1122 490 480 1123 1123 492 478 1124 1124 495 482 1125 1125 494 483 1126 1126 498 484 1127 1127 494 483 1128 1128 499 485 1129 1129 498 484 1130 1130 496 486 1131 1131 497 487 1132 1132 498 484 1133 1133 499 485 1134 1134 496 486 1135 1135 498 484 1136 1136 501 488 1137 1137 502 489 1138 1138 504 490 1139 1139 503 491 1140 1140 500 492 1141 1141 504 490 1142 1142 500 492 1143 1143 501 488 1144 1144 504 490 1145 1145 502 489 1146 1146 503 491 1147 1147 504 490 1148 1148 506 493 1149 1149 507 494 1150 1150 509 495 1151 1151 508 496 1152 1152 505 497 1153 1153 509 495 1154 1154 505 497 1155 1155 506 493 1156 1156 509 495 1157 1157 507 494 1158 1158 508 496 1159 1159 509 495 1160 1160 511 498 1161 1161 512 499 1162 1162 514 500 1163 1163 513 501 1164 1164 510 502 1165 1165 514 500 1166 1166 510 502 1167 1167 511 498 1168 1168 514 500 1169 1169 512 499 1170 1170 513 501 1171 1171 514 500 1172 1172 516 503 1173 1173 515 504 1174 1174 519 505 1175 1175 515 504 1176 1176 520 506 1177 1177 519 505 1178 1178 517 507 1179 1179 518 508 1180 1180 519 505 1181 1181 520 506 1182 1182 517 507 1183 1183 519 505 1184 1184 522 509 1185 1185 521 510 1186 1186 525 511 1187 1187 521 510 1188 1188 526 512 1189 1189 525 511 1190 1190 523 513 1191 1191 524 514 1192 1192 525 511 1193 1193 526 512 1194 1194 523 513 1195 1195 525 511 1196 1196 527 515 1197 1197 530 516 1198 1198 529 517 1199 1199 528 518 1200 1200 527 515 1201 1201 529 517 1202 1202 531 519 1203 1203 534 520 1204 1204 533 521 1205 1205 532 522 1206 1206 531 519 1207 1207 533 521 1208 1208 536 523 1209 1209 537 524 1210 1210 539 525 1211 1211 538 526 1212 1212 535 527 1213 1213 539 525 1214 1214 535 527 1215 1215 536 523 1216 1216 539 525 1217 1217 537 524 1218 1218 538 526 1219 1219 539 525 1220 1220 541 528 1221 1221 542 529 1222 1222 544 530 1223 1223 543 531 1224 1224 540 532 1225 1225 544 530 1226 1226 540 532 1227 1227 541 528 1228 1228 544 530 1229 1229 542 529 1230 1230 543 531 1231 1231 544 530 1232 1232 546 533 1233 1233 547 534 1234 1234 549 535 1235 1235 548 536 1236 1236 545 537 1237 1237 549 535 1238 1238 545 537 1239 1239 546 533 1240 1240 549 535 1241 1241 547 534 1242 1242 548 536 1243 1243 549 535 1244 1244 551 538 1245 1245 552 539 1246 1246 554 540 1247 1247 553 541 1248 1248 550 542 1249 1249 554 540 1250 1250 550 542 1251 1251 551 538 1252 1252 554 540 1253 1253 552 539 1254 1254 553 541 1255 1255 554 540 1256 1256 556 543 1257 1257 555 544 1258 1258 559 545 1259 1259 555 544 1260 1260 560 546 1261 1261 559 545 1262 1262 557 547 1263 1263 558 548 1264 1264 559 545 1265 1265 560 546 1266 1266 557 547 1267 1267 559 545 1268 1268 562 549 1269 1269 561 550 1270 1270 565 551 1271 1271 561 550 1272 1272 566 552 1273 1273 565 551 1274 1274 563 553 1275 1275 564 554 1276 1276 565 551 1277 1277 566 552 1278 1278 563 553 1279 1279 565 551 1280 1280 567 555 1281 1281 570 556 1282 1282 569 557 1283 1283 568 558 1284 1284 567 555 1285 1285 569 557 1286 1286 572 559 1287 1287 573 560 1288 1288 575 561 1289 1289 574 562 1290 1290 571 563 1291 1291 575 561 1292 1292 571 563 1293 1293 572 559 1294 1294 575 561 1295 1295 573 560 1296 1296 574 562 1297 1297 575 561 1298 1298 577 564 1299 1299 578 565 1300 1300 580 566 1301 1301 579 567 1302 1302 576 568 1303 1303 580 566 1304 1304 576 568 1305 1305 577 564 1306 1306 580 566 1307 1307 578 565 1308 1308 579 567 1309 1309 580 566 1310 1310 582 564 1311 1311 583 565 1312 1312 585 566 1313 1313 584 567 1314 1314 581 568 1315 1315 585 566 1316 1316 581 568 1317 1317 582 564 1318 1318 585 566 1319 1319 583 565 1320 1320 584 567 1321 1321 585 566 1322 1322 587 569 1323 1323 586 570 1324 1324 590 571 1325 1325 586 570 1326 1326 591 572 1327 1327 590 571 1328 1328 588 573 1329 1329 589 574 1330 1330 590 571 1331 1331 591 572 1332 1332 588 573 1333 1333 590 571 1334 1334 593 575 1335 1335 592 576 1336 1336 596 577 1337 1337 592 576 1338 1338 597 578 1339 1339 596 577 1340 1340 594 579 1341 1341 595 580 1342 1342 596 577 1343 1343 597 578 1344 1344 594 579 1345 1345 596 577 1346 1346 599 581 1347 1347 600 582 1348 1348 602 583 1349 1349 601 584 1350 1350 598 585 1351 1351 602 583 1352 1352 598 585 1353 1353 599 581 1354 1354 602 583 1355 1355 600 582 1356 1356 601 584 1357 1357 602 583 1358 1358 604 586 1359 1359 603 587 1360 1360 607 588 1361 1361 603 587 1362 1362 608 589 1363 1363 607 588 1364 1364 605 590 1365 1365 606 591 1366 1366 607 588 1367 1367 608 589 1368 1368 605 590 1369 1369 607 588 1370 1370 610 592 1371 1371 609 593 1372 1372 613 594 1373 1373 609 593 1374 1374 614 595 1375 1375 613 594 1376 1376 611 596 1377 1377 612 597 1378 1378 613 594 1379 1379 614 595 1380 1380 611 596 1381 1381 613 594 1382 1382 616 598 1383 1383 617 599 1384 1384 619 600 1385 1385 618 601 1386 1386 615 602 1387 1387 619 600 1388 1388 615 602 1389 1389 616 598 1390 1390 619 600 1391 1391 617 599 1392 1392 618 601 1393 1393 619 600 1394 1394 621 603 1395 1395 620 604 1396 1396 624 605 1397 1397 620 604 1398 1398 625 606 1399 1399 624 605 1400 1400 622 607 1401 1401 623 608 1402 1402 624 605 1403 1403 625 606 1404 1404 622 607 1405 1405 624 605 1406 1406 626 609 1407 1407 630 610 1408 1408 627 611 1409 1409 629 612 1410 1410 627 611 1411 1411 630 610 1412 1412 626 609 1413 1413 628 613 1414 1414 630 610 1415 1415 628 613 1416 1416 629 612 1417 1417 630 610 1418 1418 631 614 1419 1419 635 615 1420 1420 632 616 1421 1421 634 617 1422 1422 632 616 1423 1423 635 615 1424 1424 631 614 1425 1425 633 618 1426 1426 635 615 1427 1427 633 618 1428 1428 634 617 1429 1429 635 615 1430 1430 636 619 1431 1431 640 620 1432 1432 637 621 1433 1433 639 622 1434 1434 637 621 1435 1435 640 620 1436 1436 636 619 1437 1437 638 623 1438 1438 640 620 1439 1439 638 623 1440 1440 639 622 1441 1441 640 620 1442 1442 641 624 1443 1443 645 625 1444 1444 642 626 1445 1445 644 627 1446 1446 642 626 1447 1447 645 625 1448 1448 641 624 1449 1449 643 628 1450 1450 645 625 1451 1451 643 628 1452 1452 644 627 1453 1453 645 625 1454 1454 647 629 1455 1455 648 630 1456 1456 650 631 1457 1457 649 632 1458 1458 646 633 1459 1459 650 631 1460 1460 646 633 1461 1461 647 629 1462 1462 650 631 1463 1463 648 630 1464 1464 649 632 1465 1465 650 631 1466 1466 652 634 1467 1467 651 635 1468 1468 655 636 1469 1469 651 635 1470 1470 656 637 1471 1471 655 636 1472 1472 653 638 1473 1473 654 639 1474 1474 655 636 1475 1475 656 637 1476 1476 653 638 1477 1477 655 636 1478 1478 658 640 1479 1479 657 641 1480 1480 661 642 1481 1481 657 641 1482 1482 662 643 1483 1483 661 642 1484 1484 659 644 1485 1485 660 645 1486 1486 661 642 1487 1487 662 643 1488 1488 659 644 1489 1489 661 642 1490 1490 664 646 1491 1491 663 647 1492 1492 667 648 1493 1493 663 647 1494 1494 668 649 1495 1495 667 648 1496 1496 665 650 1497 1497 666 651 1498 1498 667 648 1499 1499 668 649 1500 1500 665 650 1501 1501 667 648 1502 1502 670 652 1503 1503 671 653 1504 1504 673 654 1505 1505 672 655 1506 1506 669 656 1507 1507 673 654 1508 1508 669 656 1509 1509 670 652 1510 1510 673 654 1511 1511 671 653 1512 1512 672 655 1513 1513 673 654 1514 1514 675 657 1515 1515 676 658 1516 1516 678 659 1517 1517 677 660 1518 1518 674 661 1519 1519 678 659 1520 1520 674 661 1521 1521 675 657 1522 1522 678 659 1523 1523 676 658 1524 1524 677 660 1525 1525 678 659 1526 1526 680 662 1527 1527 681 663 1528 1528 683 664 1529 1529 682 665 1530 1530 679 666 1531 1531 683 664 1532 1532 679 666 1533 1533 680 662 1534 1534 683 664 1535 1535 681 663 1536 1536 682 665 1537 1537 683 664 1538 1538 685 667 1539 1539 684 668 1540 1540 688 669 1541 1541 684 668 1542 1542 689 670 1543 1543 688 669 1544 1544 686 671 1545 1545 687 672 1546 1546 688 669 1547 1547 689 670 1548 1548 686 671 1549 1549 688 669 1550 1550 691 673 1551 1551 690 674 1552 1552 694 675 1553 1553 690 674 1554 1554 695 676 1555 1555 694 675 1556 1556 692 677 1557 1557 693 678 1558 1558 694 675 1559 1559 695 676 1560 1560 692 677 1561 1561 694 675 1562 1562 697 679 1563 1563 696 680 1564 1564 700 681 1565 1565 696 680 1566 1566 701 682 1567 1567 700 681 1568 1568 698 683 1569 1569 699 684 1570 1570 700 681 1571 1571 701 682 1572 1572 698 683 1573 1573 700 681 1574 1574 703 685 1575 1575 704 686 1576 1576 706 687 1577 1577 705 688 1578 1578 702 689 1579 1579 706 687 1580 1580 702 689 1581 1581 703 685 1582 1582 706 687 1583 1583 704 686 1584 1584 705 688 1585 1585 706 687 1586 1586 707 690 1587 1587 711 691 1588 1588 708 692 1589 1589 710 693 1590 1590 708 692 1591 1591 711 691 1592 1592 707 690 1593 1593 709 694 1594 1594 711 691 1595 1595 709 694 1596 1596 710 693 1597 1597 711 691 1598 1598 712 695 1599 1599 716 696 1600 1600 713 697 1601 1601 715 698 1602 1602 713 697 1603 1603 716 696 1604 1604 712 695 1605 1605 714 699 1606 1606 716 696 1607 1607 714 699 1608 1608 715 698 1609 1609 716 696 1610 1610 717 700 1611 1611 721 701 1612 1612 718 702 1613 1613 720 703 1614 1614 718 702 1615 1615 721 701 1616 1616 717 700 1617 1617 719 704 1618 1618 721 701 1619 1619 719 704 1620 1620 720 703 1621 1621 721 701 1622 1622 722 705 1623 1623 726 706 1624 1624 723 707 1625 1625 725 708 1626 1626 723 707 1627 1627 726 706 1628 1628 722 705 1629 1629 724 709 1630 1630 726 706 1631 1631 724 709 1632 1632 725 708 1633 1633 726 706 1634 1634 728 710 1635 1635 729 711 1636 1636 731 712 1637 1637 730 713 1638 1638 727 714 1639 1639 731 712 1640 1640 727 714 1641 1641 728 710 1642 1642 731 712 1643 1643 729 711 1644 1644 730 713 1645 1645 731 712 1646 1646 733 715 1647 1647 734 716 1648 1648 736 717 1649 1649 735 718 1650 1650 732 719 1651 1651 736 717 1652 1652 732 719 1653 1653 733 715 1654 1654 736 717 1655 1655 734 716 1656 1656 735 718 1657 1657 736 717 1658 1658 738 720 1659 1659 737 721 1660 1660 741 722 1661 1661 737 721 1662 1662 742 723 1663 1663 741 722 1664 1664 739 724 1665 1665 740 725 1666 1666 741 722 1667 1667 742 723 1668 1668 739 724 1669 1669 741 722 1670 1670 744 726 1671 1671 745 727 1672 1672 747 728 1673 1673 746 729 1674 1674 743 730 1675 1675 747 728 1676 1676 743 730 1677 1677 744 726 1678 1678 747 728 1679 1679 745 727 1680 1680 746 729 1681 1681 747 728 1682 1682 748 731 1683 1683 752 732 1684 1684 749 733 1685 1685 751 734 1686 1686 749 733 1687 1687 752 732 1688 1688 748 731 1689 1689 750 735 1690 1690 752 732 1691 1691 750 735 1692 1692 751 734 1693 1693 752 732 1694 1694 754 736 1695 1695 753 737 1696 1696 757 738 1697 1697 753 737 1698 1698 758 739 1699 1699 757 738 1700 1700 755 740 1701 1701 756 741 1702 1702 757 738 1703 1703 758 739 1704 1704 755 740 1705 1705 757 738 1706 1706 760 742 1707 1707 759 743 1708 1708 763 744 1709 1709 759 743 1710 1710 764 745 1711 1711 763 744 1712 1712 761 746 1713 1713 762 747 1714 1714 763 744 1715 1715 764 745 1716 1716 761 746 1717 1717 763 744 1718 1718 766 748 1719 1719 767 749 1720 1720 769 750 1721 1721 768 751 1722 1722 765 752 1723 1723 769 750 1724 1724 765 752 1725 1725 766 748 1726 1726 769 750 1727 1727 767 749 1728 1728 768 751 1729 1729 769 750 1730 1730 771 753 1731 1731 772 754 1732 1732 774 755 1733 1733 773 756 1734 1734 770 757 1735 1735 774 755 1736 1736 770 757 1737 1737 771 753 1738 1738 774 755 1739 1739 772 754 1740 1740 773 756 1741 1741 774 755 1742 1742 775 758 1743 1743 778 759 1744 1744 777 760 1745 1745 776 761 1746 1746 775 758 1747 1747 777 760 1748 1748 779 758 1749 1749 782 759 1750 1750 781 762 1751 1751 780 761 1752 1752 779 758 1753 1753 781 762 1754 1754 783 763 1755 1755 786 764 1756 1756 785 765 1757 1757 784 766 1758 1758 783 763 1759 1759 785 765 1760 1760 787 767 1761 1761 790 768 1762 1762 789 769 1763 1763 788 770 1764 1764 787 767 1765 1765 789 769 1766 1766 792 771 1767 1767 793 772 1768 1768 795 773 1769 1769 794 774 1770 1770 791 775 1771 1771 795 773 1772 1772 791 775 1773 1773 792 771 1774 1774 795 773 1775 1775 793 772 1776 1776 794 774 1777 1777 795 773 1778 1778 797 776 1779 1779 798 777 1780 1780 800 778 1781 1781 799 779 1782 1782 796 780 1783 1783 800 778 1784 1784 796 780 1785 1785 797 776 1786 1786 800 778 1787 1787 798 777 1788 1788 799 779 1789 1789 800 778 1790 1790 802 781 1791 1791 803 782 1792 1792 805 783 1793 1793 804 784 1794 1794 801 785 1795 1795 805 783 1796 1796 801 785 1797 1797 802 781 1798 1798 805 783 1799 1799 803 782 1800 1800 804 784 1801 1801 805 783 1802 1802 807 786 1803 1803 806 787 1804 1804 810 788 1805 1805 806 787 1806 1806 811 789 1807 1807 810 788 1808 1808 808 790 1809 1809 809 791 1810 1810 810 788 1811 1811 811 789 1812 1812 808 790 1813 1813 810 788 1814 1814 813 792 1815 1815 814 793 1816 1816 816 794 1817 1817 815 795 1818 1818 812 796 1819 1819 816 794 1820 1820 812 796 1821 1821 813 792 1822 1822 816 794 1823 1823 814 793 1824 1824 815 795 1825 1825 816 794 1826 1826 818 797 1827 1827 817 798 1828 1828 821 799 1829 1829 817 798 1830 1830 822 800 1831 1831 821 799 1832 1832 819 801 1833 1833 820 802 1834 1834 821 799 1835 1835 822 800 1836 1836 819 801 1837 1837 821 799 1838 1838 824 803 1839 1839 825 804 1840 1840 827 805 1841 1841 826 806 1842 1842 823 807 1843 1843 827 805 1844 1844 823 807 1845 1845 824 803 1846 1846 827 805 1847 1847 825 804 1848 1848 826 806 1849 1849 827 805 1850 1850 829 808 1851 1851 830 809 1852 1852 832 810 1853 1853 831 811 1854 1854 828 812 1855 1855 832 810 1856 1856 828 812 1857 1857 829 808 1858 1858 832 810 1859 1859 830 809 1860 1860 831 811 1861 1861 832 810 1862 1862 834 813 1863 1863 833 814 1864 1864 837 815 1865 1865 833 814 1866 1866 838 816 1867 1867 837 815 1868 1868 835 817 1869 1869 836 818 1870 1870 837 815 1871 1871 838 816 1872 1872 835 817 1873 1873 837 815 1874 1874 840 819 1875 1875 839 820 1876 1876 843 821 1877 1877 839 820 1878 1878 844 822 1879 1879 843 821 1880 1880 841 823 1881 1881 842 824 1882 1882 843 821 1883 1883 844 822 1884 1884 841 823 1885 1885 843 821 1886 1886 846 825 1887 1887 847 826 1888 1888 849 827 1889 1889 848 828 1890 1890 845 829 1891 1891 849 827 1892 1892 845 829 1893 1893 846 825 1894 1894 849 827 1895 1895 847 826 1896 1896 848 828 1897 1897 849 827 1898 1898 851 830 1899 1899 852 831 1900 1900 854 832 1901 1901 853 833 1902 1902 850 834 1903 1903 854 832 1904 1904 850 834 1905 1905 851 830 1906 1906 854 832 1907 1907 852 831 1908 1908 853 833 1909 1909 854 832 1910 1910 856 835 1911 1911 857 836 1912 1912 859 837 1913 1913 858 838 1914 1914 855 839 1915 1915 859 837 1916 1916 855 839 1917 1917 856 835 1918 1918 859 837 1919 1919 857 836 1920 1920 858 838 1921 1921 859 837 1922 1922 861 840 1923 1923 862 841 1924 1924 864 842 1925 1925 863 843 1926 1926 860 844 1927 1927 864 842 1928 1928 860 844 1929 1929 861 840 1930 1930 864 842 1931 1931 862 841 1932 1932 863 843 1933 1933 864 842 1934 1934 865 845 1935 1935 869 846 1936 1936 866 847 1937 1937 868 848 1938 1938 866 847 1939 1939 869 846 1940 1940 865 845 1941 1941 867 849 1942 1942 869 846 1943 1943 867 849 1944 1944 868 848 1945 1945 869 846 1946 1946 871 850 1947 1947 872 851 1948 1948 874 852 1949 1949 873 853 1950 1950 870 854 1951 1951 874 852 1952 1952 870 854 1953 1953 871 850 1954 1954 874 852 1955 1955 872 851 1956 1956 873 853 1957 1957 874 852 1958 1958 876 855 1959 1959 877 856 1960 1960 879 857 1961 1961 878 858 1962 1962 875 859 1963 1963 879 857 1964 1964 875 859 1965 1965 876 855 1966 1966 879 857 1967 1967 877 856 1968 1968 878 858 1969 1969 879 857 1970 1970 880 860 1971 1971 884 861 1972 1972 881 862 1973 1973 883 863 1974 1974 881 862 1975 1975 884 861 1976 1976 880 860 1977 1977 882 864 1978 1978 884 861 1979 1979 882 864 1980 1980 883 863 1981 1981 884 861 1982 1982 886 865 1983 1983 885 866 1984 1984 889 867 1985 1985 885 866 1986 1986 890 868 1987 1987 889 867 1988 1988 887 869 1989 1989 888 870 1990 1990 889 867 1991 1991 890 868 1992 1992 887 869 1993 1993 889 867 1994 1994 892 855 1995 1995 893 856 1996 1996 895 857 1997 1997 894 858 1998 1998 891 871 1999 1999 895 857 2000 2000 891 871 2001 2001 892 855 2002 2002 895 857 2003 2003 893 856 2004 2004 894 858 2005 2005 895 857 2006 2006 896 860 2007 2007 900 861 2008 2008 897 862 2009 2009 899 863 2010 2010 897 862 2011 2011 900 861 2012 2012 896 860 2013 2013 898 864 2014 2014 900 861 2015 2015 898 864 2016 2016 899 863 2017 2017 900 861 2018 2018 902 865 2019 2019 901 866 2020 2020 905 867 2021 2021 901 866 2022 2022 906 868 2023 2023 905 867 2024 2024 903 869 2025 2025 904 870 2026 2026 905 867 2027 2027 906 868 2028 2028 903 869 2029 2029 905 867 2030 2030 908 855 2031 2031 909 856 2032 2032 911 857 2033 2033 910 858 2034 2034 907 859 2035 2035 911 857 2036 2036 907 859 2037 2037 908 855 2038 2038 911 857 2039 2039 909 856 2040 2040 910 858 2041 2041 911 857 2042 2042 912 860 2043 2043 916 861 2044 2044 913 862 2045 2045 915 863 2046 2046 913 862 2047 2047 916 861 2048 2048 912 860 2049 2049 914 864 2050 2050 916 861 2051 2051 914 864 2052 2052 915 863 2053 2053 916 861 2054 2054 918 865 2055 2055 917 866 2056 2056 921 867 2057 2057 917 866 2058 2058 922 868 2059 2059 921 867 2060 2060 919 869 2061 2061 920 870 2062 2062 921 867 2063 2063 922 868 2064 2064 919 869 2065 2065 921 867 2066 2066 926 872 2067 2067 923 873 2068 2068 925 874 2069 2069 924 875 2070 2070 926 872 2071 2071 925 874 2072 2072 930 876 2073 2073 927 877 2074 2074 929 878 2075 2075 928 879 2076 2076 930 876 2077 2077 929 878 2078 2078 934 880 2079 2079 931 881 2080 2080 933 882 2081 2081 932 883 2082 2082 934 880 2083 2083 933 882 2084 2084 938 884 2085 2085 935 885 2086 2086 937 886 2087 2087 936 887 2088 2088 938 884 2089 2089 937 886 2090 2090 942 888 2091 2091 939 889 2092 2092 941 890 2093 2093 940 891 2094 2094 942 888 2095 2095 941 890 2096 2096 946 892 2097 2097 943 893 2098 2098 945 894 2099 2099 944 895 2100 2100 946 892 2101 2101 945 894 2102 2102 950 896 2103 2103 947 897 2104 2104 949 898 2105 2105 948 899 2106 2106 950 896 2107 2107 949 898 2108 2108 951 900 2109 2109 953 901 2110 2110 956 902 2111 2111 953 901 2112 2112 952 903 2113 2113 956 902 2114 2114 954 904 2115 2115 951 900 2116 2116 955 905 2117 2117 951 900 2118 2118 956 902 2119 2119 955 905 2120 2120 952 903 2121 2121 954 904 2122 2122 955 905 2123 2123 956 902 2124 2124 952 903 2125 2125 955 905 2126 2126 957 906 2127 2127 959 907 2128 2128 962 908 2129 2129 959 907 2130 2130 958 909 2131 2131 962 908 2132 2132 960 910 2133 2133 957 906 2134 2134 961 911 2135 2135 957 906 2136 2136 962 908 2137 2137 961 911 2138 2138 958 909 2139 2139 960 910 2140 2140 961 911 2141 2141 962 908 2142 2142 958 909 2143 2143 961 911 2144 2144 963 912 2145 2145 965 913 2146 2146 968 914 2147 2147 965 913 2148 2148 964 915 2149 2149 968 914 2150 2150 966 916 2151 2151 963 912 2152 2152 967 917 2153 2153 963 912 2154 2154 968 914 2155 2155 967 917 2156 2156 964 915 2157 2157 966 916 2158 2158 967 917 2159 2159 968 914 2160 2160 964 915 2161 2161 967 917 2162 2162 972 918 2163 2163 969 919 2164 2164 971 920 2165 2165 970 921 2166 2166 972 918 2167 2167 971 920 2168 2168 976 922 2169 2169 973 923 2170 2170 975 924 2171 2171 974 925 2172 2172 976 922 2173 2173 975 924 2174 2174 979 926 2175 2175 982 927 2176 2176 977 928 2177 2177 978 929 2178 2178 982 927 2179 2179 981 930 2180 2180 982 927 2181 2181 980 931 2182 2182 977 928 2183 2183 985 932 2184 2184 988 933 2185 2185 983 934 2186 2186 984 935 2187 2187 988 933 2188 2188 987 936 2189 2189 988 933 2190 2190 986 937 2191 2191 983 934 2192 2192 991 938 2193 2193 994 939 2194 2194 989 940 2195 2195 990 941 2196 2196 994 939 2197 2197 993 942 2198 2198 994 939 2199 2199 992 943 2200 2200 989 940 2201 2201 2 0 2202 2202 0 5 2203 2203 3 1 2204 2204 2 0 2205 2205 5 2 2206 2206 4 3 2207 2207 1 4 2208 2208 4 3 2209 2209 3 1 2210 2210 5 2 2211 2211 3 1 2212 2212 6 6 2213 2213 5 2 2214 2214 8 7 2215 2215 7 8 2216 2216 3 1 2217 2217 4 3 2218 2218 7 8 2219 2219 6 6 2220 2220 9 11 2221 2221 11 9 2222 2222 7 8 2223 2223 8 7 2224 2224 11 9 2225 2225 6 6 2226 2226 7 8 2227 2227 10 10 2228 2228 9 11 2229 2229 12 14 2230 2230 14 12 2231 2231 10 10 2232 2232 11 9 2233 2233 14 12 2234 2234 9 11 2235 2235 10 10 2236 2236 13 13 2237 2237 12 14 2238 2238 15 17 2239 2239 17 15 2240 2240 13 13 2241 2241 14 12 2242 2242 17 15 2243 2243 12 14 2244 2244 13 13 2245 2245 16 16 2246 2246 15 17 2247 2247 18 20 2248 2248 20 18 2249 2249 16 16 2250 2250 17 15 2251 2251 20 18 2252 2252 15 17 2253 2253 16 16 2254 2254 19 19 2255 2255 18 20 2256 2256 21 23 2257 2257 23 21 2258 2258 19 19 2259 2259 20 18 2260 2260 23 21 2261 2261 19 19 2262 2262 22 22 2263 2263 21 23 2264 2264 21 23 2265 2265 24 26 2266 2266 26 24 2267 2267 22 22 2268 2268 23 21 2269 2269 26 24 2270 2270 22 22 2271 2271 25 25 2272 2272 24 26 2273 2273 29 27 2274 2274 27 32 2275 2275 30 28 2276 2276 29 27 2277 2277 32 29 2278 2278 31 30 2279 2279 28 31 2280 2280 31 30 2281 2281 30 28 2282 2282 32 29 2283 2283 30 28 2284 2284 33 33 2285 2285 32 29 2286 2286 35 34 2287 2287 34 35 2288 2288 31 30 2289 2289 34 35 2290 2290 33 33 2291 2291 33 33 2292 2292 36 38 2293 2293 38 36 2294 2294 34 35 2295 2295 35 34 2296 2296 38 36 2297 2297 34 35 2298 2298 37 37 2299 2299 36 38 2300 2300 36 38 2301 2301 39 41 2302 2302 41 39 2303 2303 37 37 2304 2304 38 36 2305 2305 41 39 2306 2306 36 38 2307 2307 37 37 2308 2308 40 40 2309 2309 39 41 2310 2310 42 44 2311 2311 44 42 2312 2312 40 40 2313 2313 41 39 2314 2314 44 42 2315 2315 40 40 2316 2316 43 43 2317 2317 42 44 2318 2318 42 44 2319 2319 45 47 2320 2320 47 45 2321 2321 43 43 2322 2322 44 42 2323 2323 47 45 2324 2324 43 43 2325 2325 46 46 2326 2326 45 47 2327 2327 45 47 2328 2328 48 50 2329 2329 50 48 2330 2330 46 46 2331 2331 47 45 2332 2332 50 48 2333 2333 46 46 2334 2334 49 49 2335 2335 48 50 2336 2336 48 50 2337 2337 51 53 2338 2338 53 51 2339 2339 49 49 2340 2340 50 48 2341 2341 53 51 2342 2342 49 49 2343 2343 52 52 2344 2344 51 53 2345 2345 56 54 2346 2346 54 59 2347 2347 57 55 2348 2348 56 54 2349 2349 59 56 2350 2350 58 57 2351 2351 54 59 2352 2352 55 58 2353 2353 58 57 2354 2354 59 56 2355 2355 57 55 2356 2356 60 60 2357 2357 59 56 2358 2358 62 61 2359 2359 61 62 2360 2360 57 55 2361 2361 58 57 2362 2362 61 62 2363 2363 60 60 2364 2364 63 65 2365 2365 65 63 2366 2366 61 62 2367 2367 62 61 2368 2368 65 63 2369 2369 60 60 2370 2370 61 62 2371 2371 64 64 2372 2372 63 65 2373 2373 66 68 2374 2374 68 66 2375 2375 64 64 2376 2376 65 63 2377 2377 68 66 2378 2378 63 65 2379 2379 64 64 2380 2380 67 67 2381 2381 66 68 2382 2382 69 71 2383 2383 71 69 2384 2384 67 67 2385 2385 68 66 2386 2386 71 69 2387 2387 67 67 2388 2388 70 70 2389 2389 69 71 2390 2390 69 71 2391 2391 72 74 2392 2392 74 72 2393 2393 70 70 2394 2394 71 69 2395 2395 74 72 2396 2396 70 70 2397 2397 73 73 2398 2398 72 74 2399 2399 72 74 2400 2400 75 77 2401 2401 77 75 2402 2402 73 73 2403 2403 74 72 2404 2404 77 75 2405 2405 73 73 2406 2406 76 76 2407 2407 75 77 2408 2408 75 77 2409 2409 78 80 2410 2410 80 78 2411 2411 76 76 2412 2412 77 75 2413 2413 80 78 2414 2414 76 76 2415 2415 79 79 2416 2416 78 80 2417 2417 83 81 2418 2418 81 86 2419 2419 84 82 2420 2420 83 81 2421 2421 86 83 2422 2422 85 84 2423 2423 81 86 2424 2424 82 85 2425 2425 85 84 2426 2426 86 83 2427 2427 84 82 2428 2428 87 87 2429 2429 86 83 2430 2430 89 88 2431 2431 88 89 2432 2432 84 82 2433 2433 85 84 2434 2434 88 89 2435 2435 89 88 2436 2436 87 87 2437 2437 90 90 2438 2438 89 88 2439 2439 92 91 2440 2440 91 92 2441 2441 87 87 2442 2442 88 89 2443 2443 91 92 2444 2444 90 90 2445 2445 93 94 2446 2446 95 93 2447 2447 95 93 2448 2448 94 96 2449 2449 91 92 2450 2450 93 94 2451 2451 96 98 2452 2452 98 95 2453 2453 94 96 2454 2454 95 93 2455 2455 98 95 2456 2456 94 96 2457 2457 97 97 2458 2458 96 98 2459 2459 96 98 2460 2460 99 101 2461 2461 101 99 2462 2462 97 97 2463 2463 98 95 2464 2464 101 99 2465 2465 97 97 2466 2466 100 100 2467 2467 99 101 2468 2468 99 101 2469 2469 102 104 2470 2470 104 102 2471 2471 100 100 2472 2472 101 99 2473 2473 104 102 2474 2474 100 100 2475 2475 103 103 2476 2476 102 104 2477 2477 141 105 2478 2478 142 110 2479 2479 108 106 2480 2480 141 105 2481 2481 110 107 2482 2482 133 108 2483 2483 142 110 2484 2484 143 142 2485 2485 109 111 2486 2486 110 107 2487 2487 108 106 2488 2488 111 112 2489 2489 110 107 2490 2490 113 113 2491 2491 134 114 2492 2492 108 106 2493 2493 109 111 2494 2494 112 115 2495 2495 146 116 2496 2496 114 122 2497 2497 116 117 2498 2498 145 118 2499 2499 116 117 2500 2500 135 119 2501 2501 146 116 2502 2502 147 143 2503 2503 115 121 2504 2504 114 122 2505 2505 117 126 2506 2506 119 123 2507 2507 116 117 2508 2508 119 123 2509 2509 136 124 2510 2510 114 122 2511 2511 115 121 2512 2512 118 125 2513 2513 117 126 2514 2514 120 129 2515 2515 122 127 2516 2516 136 124 2517 2517 119 123 2518 2518 122 127 2519 2519 118 125 2520 2520 121 132 2521 2521 120 129 2522 2522 120 129 2523 2523 123 133 2524 2524 125 130 2525 2525 137 128 2526 2526 122 127 2527 2527 125 130 2528 2528 121 132 2529 2529 124 136 2530 2530 123 133 2531 2531 123 133 2532 2532 126 137 2533 2533 128 134 2534 2534 138 131 2535 2535 125 130 2536 2536 128 134 2537 2537 124 136 2538 2538 127 140 2539 2539 126 137 2540 2540 126 137 2541 2541 129 141 2542 2542 131 138 2543 2543 139 135 2544 2544 128 134 2545 2545 131 138 2546 2546 127 140 2547 2547 130 144 2548 2548 129 141 2549 2549 143 142 2550 2550 144 109 2551 2551 133 108 2552 2552 109 111 2553 2553 133 108 2554 2554 134 114 2555 2555 147 143 2556 2556 148 120 2557 2557 135 119 2558 2558 115 121 2559 2559 135 119 2560 2560 136 124 2561 2561 118 125 2562 2562 136 124 2563 2563 137 128 2564 2564 121 132 2565 2565 137 128 2566 2566 138 131 2567 2567 124 136 2568 2568 138 131 2569 2569 139 135 2570 2570 127 140 2571 2571 139 135 2572 2572 140 139 2573 2573 107 145 2574 2574 105 147 2575 2575 142 110 2576 2576 107 145 2577 2577 141 105 2578 2578 144 109 2579 2579 105 147 2580 2580 106 148 2581 2581 143 142 2582 2582 106 148 2583 2583 132 146 2584 2584 144 109 2585 2585 111 112 2586 2586 146 116 2587 2587 145 118 2588 2588 113 113 2589 2589 145 118 2590 2590 148 120 2591 2591 111 112 2592 2592 112 115 2593 2593 147 143 2594 2594 112 115 2595 2595 134 114 2596 2596 148 120 2597 2597 149 149 2598 2598 152 154 2599 2599 154 150 2600 2600 150 152 2601 2601 151 151 2602 2602 154 150 2603 2603 150 152 2604 2604 153 153 2605 2605 152 154 2606 2606 152 154 2607 2607 155 157 2608 2608 157 155 2609 2609 153 153 2610 2610 154 150 2611 2611 157 155 2612 2612 153 153 2613 2613 156 156 2614 2614 155 157 2615 2615 155 157 2616 2616 158 160 2617 2617 160 158 2618 2618 156 156 2619 2619 157 155 2620 2620 160 158 2621 2621 156 156 2622 2622 159 159 2623 2623 158 160 2624 2624 91 92 2625 2625 94 96 2626 2626 93 94 2627 2627 163 161 2628 2628 161 166 2629 2629 164 162 2630 2630 163 161 2631 2631 166 163 2632 2632 165 164 2633 2633 162 165 2634 2634 165 164 2635 2635 164 162 2636 2636 164 162 2637 2637 167 169 2638 2638 169 167 2639 2639 166 163 2640 2640 169 167 2641 2641 168 168 2642 2642 167 169 2643 2643 170 172 2644 2644 172 170 2645 2645 169 167 2646 2646 172 170 2647 2647 171 171 2648 2648 167 169 2649 2649 168 168 2650 2650 171 171 2651 2651 170 172 2652 2652 173 175 2653 2653 175 173 2654 2654 171 171 2655 2655 172 170 2656 2656 175 173 2657 2657 170 172 2658 2658 171 171 2659 2659 174 174 2660 2660 177 176 2661 2661 176 944 2662 2662 173 175 2663 2663 173 175 2664 2664 176 944 2665 2665 178 177 2666 2666 178 177 2667 2667 177 176 2668 2668 174 174 2669 2669 168 168 2670 2670 167 169 2671 2671 164 162 2672 2672 179 178 2673 2673 182 183 2674 2674 184 179 2675 2675 181 180 2676 2676 184 179 2677 2677 183 181 2678 2678 179 178 2679 2679 180 182 2680 2680 183 181 2681 2681 182 183 2682 2682 185 185 2683 2683 187 184 2684 2684 187 184 2685 2685 186 187 2686 2686 183 181 2687 2687 185 185 2688 2688 188 189 2689 2689 190 186 2690 2690 186 187 2691 2691 187 184 2692 2692 190 186 2693 2693 185 185 2694 2694 186 187 2695 2695 189 188 2696 2696 188 189 2697 2697 191 192 2698 2698 193 190 2699 2699 189 188 2700 2700 190 186 2701 2701 193 190 2702 2702 188 189 2703 2703 189 188 2704 2704 192 191 2705 2705 195 193 2706 2706 194 945 2707 2707 191 192 2708 2708 191 192 2709 2709 194 945 2710 2710 196 194 2711 2711 196 194 2712 2712 195 193 2713 2713 192 191 2714 2714 186 187 2715 2715 185 185 2716 2716 182 183 2717 2717 389 375 2718 2718 391 379 2719 2719 392 376 2720 2720 388 378 2721 2721 390 380 2722 2722 392 376 2723 2723 395 381 2724 2724 397 385 2725 2725 398 382 2726 2726 394 384 2727 2727 396 386 2728 2728 398 382 2729 2729 979 926 2730 2730 981 930 2731 2731 982 927 2732 2732 978 929 2733 2733 980 931 2734 2734 982 927 2735 2735 985 932 2736 2736 987 936 2737 2737 988 933 2738 2738 984 935 2739 2739 986 937 2740 2740 988 933 2741 2741 991 938 2742 2742 993 942 2743 2743 994 939 2744 2744 990 941 2745 2745 992 943 2746 2746 994 939 2747 2747</p>
        </polylist>
      </mesh>
      <extra><technique profile="MAYA"><double_sided>1</double_sided></technique></extra>
    </geometry>
    <geometry id="Colmesh-1-mesh" name="Colmesh-1">
      <mesh>
        <source id="Colmesh-1-mesh-positions">
          <float_array id="Colmesh-1-mesh-positions-array" count="150">6.217436 -1.71976 4.656464 6.410869 -2.293193 3.87839 5.787768 -1.9784 4.656995 5.260328 -0.4157577 1.341787 2.587579 -1.613965 5.962567 3.133342 -0.5971136 6.234474 3.460682 -1.622305 5.803749 2.666203 -0.6779063 1.781132 1.31347 -2.2771 5.183542 3.242166 1.071543 3.868668 -4.763796 -3.500668 6.818302 -5.156383 -3.868827 6.165391 -5.600043 -3.506236 6.788006 4.020532 -0.5654661 3.914287 0.7192305 -0.6259695 3.023849 -2.215048 0.9774971 3.64041 -3.488875 -0.9720781 3.418376 -0.1628691 -0.5823818 4.269439 -2.932392 0.9395705 -1.361352 -2.224588 -2.166052 5.619124 -2.720904 -0.7615388 -1.361352 -3.782356 1.009787 3.83929 0.800667 1.238769 3.640093 -0.01953381 0.9395705 -1.361352 1.783991 -0.5506608 3.74546 -0.01953381 -0.5772848 -1.361352 5.168966 0.9395705 4.049056 5.168966 0.9395705 -1.361352 5.351216 -0.2550678 4.030916 5.168965 -0.5772848 -1.361352 -5.731548 1.204938 3.506411 -5.58568 0.9395706 -1.361352 -4.721055 -1.128257 3.422951 -4.54783 -0.06329232 -1.361352 5.300424 0.829977 3.514804 5.300424 0.829977 -1.4374 5.300423 -0.1306763 3.514804 5.300423 -0.1306763 -1.4374 -5.674783 0.829977 3.514804 -5.674783 0.829977 -1.4374 -5.674783 -0.1306763 3.514804 -5.674783 -0.1306763 -1.4374 5.300424 0.8299769 3.514804 5.300424 0.8299769 -1.4374 -5.674783 0.8299771 3.514804 -5.674783 0.8299771 -1.4374 5.300424 1.329977 -1.4374 -5.674783 1.329977 -1.4374 5.300424 1.329977 3.514804 -5.674783 1.329977 3.514804</float_array>
          <technique_common>
            <accessor source="#Colmesh-1-mesh-positions-array" count="50" stride="3">
              <param name="X" type="float"/>
              <param name="Y" type="float"/>
              <param name="Z" type="float"/>
            </accessor>
          </technique_common>
        </source>
        <source id="Colmesh-1-mesh-normals">
          <float_array id="Colmesh-1-mesh-normals-array" count="210">-0.5813165 -0.8013263 -0.1412353 0.8840038 0.4639177 -0.05759948 0.1097031 -0.9924085 0.05559396 0.411249 -0.6819506 0.6048287 0 -0.9994878 -0.03200334 0.9234177 0.1456598 0.3550818 -0.6992717 0.5989236 0.3902687 0.02050632 -0.9970625 0.07379758 -0.01111161 -0.9981565 0.05966836 -0.09268802 0.007693886 0.9956656 -0.5817221 -0.7154634 -0.3869259 0.4621943 -0.6385343 -0.6153458 0.02729523 -0.8974377 -0.440296 0.1654029 -0.3366531 0.926988 0.0680322 -0.9974287 -0.02253472 -0.1770925 0.2961241 0.9385887 0.6321566 0.3869109 0.6713256 0.1437006 0.5268646 0.8377135 -0.08296424 0.5680333 0.8188134 0.02942579 -0.2034874 0.9786354 0.1256233 -0.9917996 -0.02350294 -0.01221561 -0.8678382 0.4966969 0.8627729 -0.4194799 -0.2822406 0.5086062 -0.8363742 -0.2044455 -0.822847 -0.3400851 -0.4552637 -0.5567694 -0.8211127 -0.1256262 0.1080922 0.9928378 -0.05088579 -0.08091753 -0.02747339 0.9963421 -0.02938687 0.3403359 0.9398447 -0.03046923 -0.999518 -0.005963563 0 0.9999713 -0.007582366 -0.6946974 0.3846853 0.6077934 -0.1266395 0.3831869 0.9149482 -0.3486102 -0.9121203 -0.2156562 0.9875766 0.1513051 -0.04241991 0 0.9996818 -0.02522563 0 0 1 -0.9125573 -0.3909284 -0.1200599 0 -1 0 1 -8.01853e-7 0 -1 0 0 0 -1 0 0 1 0 0 0 1 0 0 -1 1 1.54061e-6 0 -0.5592312 -0.7671778 -0.3141636 0.8764536 0.4650238 -0.1248274 0.09881275 -0.9950529 -0.01028573 0.8488491 0.4128135 0.3302126 -0.8293722 0.3232962 0.4556549 -0.1006166 -0.8553266 -0.5082251 -0.002730786 -0.9994503 0.03304052 -0.1531077 0.3029416 0.9406298 -0.03379046 0.5559083 0.8305566 0.11977 -0.1892513 0.9745969 0.90607 -0.352118 -0.2346275 -0.8508431 -0.2979292 -0.4327866 0 0.9999089 -0.01350021 -0.09436178 -0.01712852 0.9953907 0.01928418 0.9997605 -0.01034653 -0.0862292 0.9952406 -0.04539668 0.9977357 0.06725668 0 0.9994294 -4.64911e-7 -0.03377932 0.07484346 0.9946091 -0.0717737 0.06833297 0.9976627 0 -0.6947639 -0.7190031 0.0183773 -1 -1.54061e-6 0 0 0 -1 1 0 0</float_array>
          <technique_common>
            <accessor source="#Colmesh-1-mesh-normals-array" count="70" stride="3">
              <param name="X" type="float"/>
              <param name="Y" type="float"/>
              <param name="Z" type="float"/>
            </accessor>
          </technique_common>
        </source>
        <vertices id="Colmesh-1-mesh-vertices">
          <input semantic="POSITION" source="#Colmesh-1-mesh-positions"/>
        </vertices>
        <polylist material="leaves_strong-material" count="8">
          <input semantic="VERTEX" source="#Colmesh-1-mesh-vertices" offset="0"/>
          <input semantic="NORMAL" source="#Colmesh-1-mesh-normals" offset="1"/>
          <vcount>3 3 3 3 3 3 3 3 </vcount>
          <p>34 36 40 36 36 36 40 38 37 38 36 38 36 39 35 39 34 39 38 40 41 40 40 40 34 36 38 36 40 36 40 38 41 38 37 38 36 39 37 39 35 39 38 40 39 40 41 40</p>
        </polylist>
        <polylist material="leaves_thin-material" count="58">
          <input semantic="VERTEX" source="#Colmesh-1-mesh-vertices" offset="0"/>
          <input semantic="NORMAL" source="#Colmesh-1-mesh-normals" offset="1"/>
          <vcount>3 3 3 3 3 3 3 3 3 3 3 3 3 3 3 3 3 3 3 3 3 3 3 3 3 3 3 3 3 3 3 3 3 3 3 3 3 3 3 3 3 3 3 3 3 3 3 3 3 3 3 3 3 3 3 3 3 3 </vcount>
          <p>13 0 1 0 2 0 28 1 1 1 3 1 3 2 7 2 29 2 0 3 2 3 1 3 29 4 7 4 25 4 13 5 5 5 6 5 24 6 5 6 9 6 24 7 14 7 7 7 7 8 13 8 24 8 24 9 9 9 22 9 17 10 14 10 8 10 14 11 24 11 8 11 13 12 4 12 24 12 6 13 5 13 4 13 14 14 20 14 25 14 28 15 2 15 0 15 24 16 22 16 8 16 17 17 15 17 19 17 12 18 21 18 30 18 16 19 21 19 32 19 16 20 32 20 20 20 11 21 10 21 12 21 32 22 10 22 11 22 20 23 17 23 19 23 32 24 12 24 30 24 16 25 20 25 19 25 21 26 31 26 30 26 26 27 13 27 28 27 22 28 15 28 17 28 7 29 14 29 25 29 15 30 23 30 18 30 15 31 16 31 19 31 22 32 17 32 8 32 32 33 33 33 20 33 28 34 3 34 26 34 9 35 27 35 23 35 30 37 33 37 32 37 13 46 3 46 1 46 28 47 0 47 1 47 3 48 13 48 7 48 13 49 9 49 5 49 24 50 4 50 5 50 13 51 6 51 4 51 14 52 17 52 20 52 28 53 13 53 2 53 12 54 10 54 21 54 16 55 15 55 21 55 32 56 21 56 10 56 32 57 11 57 12 57 21 58 18 58 31 58 26 59 9 59 13 59 18 60 21 60 15 60 15 61 22 61 23 61 27 62 26 62 3 62 3 63 29 63 27 63 23 64 22 64 9 64 9 65 26 65 27 65 30 66 31 66 33 66</p>
        </polylist>
        <polylist material="ColorEffectR27G177B88-material-material" count="12">
          <input semantic="VERTEX" source="#Colmesh-1-mesh-vertices" offset="0"/>
          <input semantic="NORMAL" source="#Colmesh-1-mesh-normals" offset="1"/>
          <vcount>3 3 3 3 3 3 3 3 3 3 3 3 </vcount>
          <p>42 41 45 41 43 41 44 40 47 40 45 40 48 42 47 42 49 42 44 43 48 43 49 43 45 44 46 44 43 44 43 45 48 45 42 45 42 41 44 41 45 41 44 67 49 67 47 67 48 42 46 42 47 42 44 36 42 36 48 36 45 68 47 68 46 68 43 69 46 69 48 69</p>
        </polylist>
      </mesh>
      <extra><technique profile="MAYA"><double_sided>1</double_sided></technique></extra>
    </geometry>
  </library_geometries>
  <library_controllers/>
  <library_visual_scenes>
    <visual_scene id="Scene" name="Scene">
      <node id="base00" name="base00" type="NODE">
        <matrix sid="transform">1 0 0 0 0 1 0 0 0 0 1 0 0 0 0 1</matrix>
        <node id="bb__autobillboard25" name="bb__autobillboard25" type="NODE">
          <matrix sid="transform">1 0 0 0 0 1 0 0 0 0 1 0 0 0 0 1</matrix>
        </node>
        <node id="collision-1" name="collision-1" type="NODE">
          <matrix sid="transform">1 0 0 0 0 1 0 0 0 0 1 0 0 0 0 1</matrix>
        </node>
        <node id="detail350" name="detail350" type="NODE">
          <matrix sid="transform">1 0 0 0 0 1 0 0 0 0 1 0 0 0 0 1</matrix>
        </node>
        <node id="detail900" name="detail900" type="NODE">
          <matrix sid="transform">1 0 0 0 0 1 0 0 0 0 1 0 0 0 0 1</matrix>
        </node>
        <node id="start01" name="start01" type="NODE">
          <matrix sid="transform">1 0 0 0 0 1 0 0 0 0 1 0 0 0 0 1</matrix>
          <node id="tree_oak_bush_a250" name="tree_oak_bush_a250" type="NODE">
            <matrix sid="transform">1 0 0 0 0 1 0 0 0 0 1 0 0 0 0 1</matrix>
            <instance_geometry url="#tree_oak_bush_a200_001-mesh" name="tree_oak_bush_a250">
              <bind_material>
                <technique_common>
                  <instance_material symbol="tro_bush_2_leaves-material" target="#tro_bush_2_leaves-material"/>
                </technique_common>
              </bind_material>
            </instance_geometry>
          </node>
          <node id="tree_oak_bush_a550" name="tree_oak_bush_a550" type="NODE">
            <matrix sid="transform">1 0 0 0 0 1 0 0 0 0 1 0 0 0 0 1</matrix>
            <instance_geometry url="#tree_oak_bush_a200-mesh" name="tree_oak_bush_a550">
              <bind_material>
                <technique_common>
                  <instance_material symbol="tro_bush_2_leaves-material" target="#tro_bush_2_leaves-material"/>
                </technique_common>
              </bind_material>
            </instance_geometry>
          </node>
          <node id="Colmesh-1" name="Colmesh-1" type="NODE">
            <matrix sid="transform">1 0 0 0 0 1 0 0 0 0 1 0 0 0 0 1</matrix>
            <instance_geometry url="#Colmesh-1-mesh" name="Colmesh-1">
              <bind_material>
                <technique_common>
                  <instance_material symbol="leaves_strong-material" target="#leaves_strong-material"/>
                  <instance_material symbol="leaves_thin-material" target="#leaves_thin-material"/>
                  <instance_material symbol="ColorEffectR27G177B88-material-material" target="#ColorEffectR27G177B88-material-material"/>
                </technique_common>
              </bind_material>
            </instance_geometry>
          </node>
        </node>
      </node>
    </visual_scene>
  </library_visual_scenes>
  <scene>
    <instance_visual_scene url="#Scene"/>
  </scene>
</COLLADA>